stamp_sec,elapsed_sec,latitude_deg,longitude_deg,altitude_m,local_east_m,local_north_m,utm_easting_m,utm_northing_m,map_x_m,map_y_m,navsat_status,valid_fix,covariance_xx_m2,covariance_yy_m2,last_reached_wp,active_target_wp,segment_start_wp,segment_end_wp,segment_label,rmse_used,cross_track_error_m,signed_cross_track_error_m,along_track_m,projection_unclamped,metric_frame,noise_active,noise_east_m,noise_north_m,outage_active,outage_distance_m
14.0,0.0039999999999995595,49.900000000004404,8.900000002859453,0.2878751997432762,-0.000513007928215583,4.896093599318355e-07,492818.4389368835,5527517.135815475,0.00020019366638734937,-6.51925802230835e-09,0,1,0.0,0.0,0,1,,,approach_to_wp1,0,,,,,,0,0.0,0.0,0,0.0
14.05,0.05400000000000027,49.90000000000441,8.900000002869708,0.28787519974194387,-0.0005122711709459908,4.910244158853957e-07,492818.43893761997,5527517.135815476,0.00020093010971322656,-5.587935447692871e-09,0,1,0.0,0.0,0,1,,,approach_to_wp1,0,,,,,,0,0.0,0.0,0,0.0
14.1,0.1039999999999992,49.90000000000442,8.900000002879962,0.28787519974061193,-0.0005115345412976129,4.917319438621758e-07,492818.43893835635,5527517.135815475,0.00020166649483144283,-6.51925802230835e-09,0,1,0.0,0.0,0,1,,,approach_to_wp1,0,,,,,,0,0.0,0.0,0,0.0
14.15,0.15399999999999991,49.900000000004425,8.900000002890215,0.28787519973928055,-0.0005107979116492348,4.924394718389559e-07,492818.4389390926,5527517.135815475,0.00020240276353433728,-5.587935447692871e-09,0,1,0.0,0.0,0,1,,,approach_to_wp1,0,,,,,,0,0.0,0.0,0,0.0
14.2,0.20399999999999885,49.900000000004425,8.900000002900466,0.2878751997379495,-0.0005100614096220711,4.924394718389559e-07,492818.43893982895,5527517.135815474,0.00020313909044489264,-6.51925802230835e-09,0,1,0.0,0.0,0,1,,,approach_to_wp1,0,,,,,,0,0.0,0.0,0,0.0
14.25,0.25399999999999956,49.90000000000443,8.900000002910716,0.28787519973661896,-0.0005093250352161215,4.93146999815736e-07,492818.438940565,5527517.135815473,0.00020387512631714344,-7.450580596923828e-09,0,1,0.0,0.0,0,1,,,approach_to_wp1,0,,,,,,0,0.0,0.0,0,0.0
14.3,0.30400000000000027,49.90000000000444,8.900000002920965,0.28787519973528886,-0.0005085886608101719,4.938545277925161e-07,492818.4389413011,5527517.135815473,0.00020461122039705515,-7.450580596923828e-09,0,1,0.0,0.0,0,1,,,approach_to_wp1,0,,,,,,0,0.0,0.0,0,0.0
14.35,0.3539999999999992,49.90000000000445,8.900000002931215,0.2878751997339591,-0.0005078522864042224,4.945620557692962e-07,492818.4389420371,5527517.135815473,0.00020534725626930594,-7.450580596923828e-09,0,1,0.0,0.0,0,1,,,approach_to_wp1,0,,,,,,0,0.0,0.0,0,0.0
14.4,0.4039999999999999,49.90000000000445,8.90000000294146,0.2878751997326296,-0.0005071161672407012,4.945620557692962e-07,492818.438942773,5527517.135815472,0.000206083117518574,-7.450580596923828e-09,0,1,0.0,0.0,0,1,,,approach_to_wp1,0,,,,,,0,0.0,0.0,0,0.0
14.45,0.45399999999999885,49.900000000004454,8.900000002951707,0.2878751997313007,-0.0005063800480771801,4.952695837460763e-07,492818.4389435088,5527517.135815471,0.00020681892056018114,-8.381903171539307e-09,0,1,0.0,0.0,0,1,,,approach_to_wp1,0,,,,,,0,0.0,0.0,0,0.0
14.5,0.5039999999999996,49.90000000000446,8.900000002961953,0.2878751997299721,-0.0005056439289136588,4.959771117228564e-07,492818.43894424464,5527517.1358154705,0.0002075547818094492,-9.313225746154785e-09,0,1,0.0,0.0,0,1,,,approach_to_wp1,0,,,,,,0,0.0,0.0,0,0.0
14.55,0.5540000000000003,49.90000000000447,8.900000002972195,0.28787519972864395,-0.0005049080649925661,4.966846396996365e-07,492818.4389449801,5527517.1358154705,0.00020829023560509086,-9.313225746154785e-09,0,1,0.0,0.0,0,1,,,approach_to_wp1,0,,,,,,0,0.0,0.0,0,0.0
14.6,0.6039999999999992,49.90000000000447,8.90000000298244,0.2878751997273162,-0.0005041720734502591,4.966846396996365e-07,492818.43894571584,5527517.1358154705,0.00020902598043903708,-9.313225746154785e-09,0,1,0.0,0.0,0,1,,,approach_to_wp1,0,,,,,,0,0.0,0.0,0,0.0
14.65,0.6539999999999999,49.900000000004475,8.90000000299268,0.28787519972598874,-0.0005034363371503806,4.980996956531968e-07,492818.43894645135,5527517.1358154705,0.00020976149244233966,-9.313225746154785e-09,0,1,0.0,0.0,0,1,,,approach_to_wp1,0,,,,,,0,0.0,0.0,0,0.0
14.7,0.7039999999999988,49.90000000000448,8.900000003002921,0.28787519972466186,-0.000502700600850502,4.988072236299769e-07,492818.4389471867,5527517.1358154705,0.0002104968298226595,-8.381903171539307e-09,0,1,0.0,0.0,1,2,1,2,WP1->WP2,1,0.0005025001237048603,4.992346145756621e-07,-0.0005024998757096358,-6.699616035380626e-05,utm,0,0.0,0.0,0,0.0
14.75,0.7539999999999996,49.90000000000433,8.900000003424406,0.287875177319662,-0.0004724192772505567,4.818265521872543e-07,492818.43897745595,5527517.135815413,0.00024076609406620264,-5.960464477539063e-08,0,1,0.0,0.0,1,2,1,2,WP1->WP2,1,0.0004722308072307789,4.81882234678035e-07,-0.00047223056136525617,-6.29604820668177e-05,utm,0,0.0,0.0,0,0.0
14.8,0.8040000000000003,49.90000000000423,8.90000008419044,0.28787375887134387,0.005330164459888892,4.712136325355526e-07,492818.4447777171,5527517.135807659,0.006041028827894479,-6.527639925479889e-06,0,1,0.0,0.0,1,2,1,2,WP1->WP2,1,4.675243708984337e-07,4.672328596828367e-07,0.0053280357840062645,0.0007103642349204598,utm,0,0.0,0.0,0,0.0
14.85,0.8539999999999992,49.90000000001089,8.900000304103624,0.28786958915823996,0.02112968570986508,1.2112878962475467e-06,492818.4605709155,5527517.135787314,0.021834231331013143,-2.3370608687400818e-05,0,1,0.0,0.0,1,2,1,2,WP1->WP2,1,1.1958192185498124e-06,1.1960464822558869e-06,0.021121247241570888,0.00281600560611151,utm,0,0.0,0.0,0,0.0
14.9,0.9039999999999999,49.9000000000244,8.900000653252476,0.2878719795455921,0.046214060340048844,2.714077318928498e-06,492818.48564525193,5527517.135755341,0.04690857423702255,-4.978291690349579e-05,0,1,0.0,0.0,1,2,1,2,WP1->WP2,1,2.6803487215350775e-06,2.680594568977941e-06,0.04619560402771586,0.00615906240914209,utm,0,0.0,0.0,0,0.0
14.95,0.9539999999999988,49.90000000003386,8.900001028649461,0.2878715306903922,0.07318421516545916,3.7668789483773004e-06,492818.5126046131,5527517.135720402,0.07386794249759987,-7.874332368373871e-05,0,1,0.0,0.0,1,2,1,2,WP1->WP2,1,3.71504904474947e-06,3.7150829697432796e-06,0.07315498780679616,0.009753441803072024,utm,0,0.0,0.0,0,0.0
15.0,1.0039999999999996,49.90000000005317,8.900001404009885,0.28786789807211716,0.10015174329103874,5.913518829928151e-06,492818.53956135013,5527517.13568656,0.10082468634936959,-0.00010660756379365921,0,1,0.0,0.0,1,2,1,2,WP1->WP2,1,5.8421917172836324e-06,5.8422355928945575e-06,0.10011174600778139,0.013347471139898297,utm,0,0.0,0.0,0,0.0
15.05,1.0540000000000003,49.900000000057375,8.90000177942851,0.28786275720507204,0.12712345292570168,6.381902350556584e-06,492818.5665222648,5527517.135651034,0.12778560823062435,-0.00013615470379590988,0,1,0.0,0.0,1,2,1,2,WP1->WP2,1,6.292020897072501e-06,6.292064200877247e-06,0.12707268407264394,0.016942057760107355,utm,0,0.0,0.0,0,0.0
15.1,1.1039999999999992,49.90000000007149,8.900002154710377,0.287855687814138,0.1540853371307044,7.951906931031645e-06,492818.5934733595,5527517.135616624,0.1547367098974064,-0.00016458798199892044,0,1,0.0,0.0,1,2,1,2,WP1->WP2,1,7.843605721182919e-06,7.843581718548307e-06,0.15402380067709062,0.020535334926983707,utm,0,0.0,0.0,0,0.0
15.15,1.154,49.90000000003993,8.900002529984434,0.2878466427536217,0.18104666031284944,4.441153110248744e-06,492818.6204238865,5527517.135577136,0.18168724502902478,-0.0001980997622013092,0,1,0.0,0.0,1,2,1,2,WP1->WP2,1,4.316683979708913e-06,4.316775651943737e-06,0.18097435641615214,0.024128537316075834,utm,0,0.0,0.0,0,0.0
15.2,1.2039999999999988,49.90000000004849,8.900002904444856,0.2878349838231286,0.20794952838452596,5.393485766994771e-06,492818.6473159878,5527517.135542186,0.20857935340609401,-0.00022708624601364136,0,1,0.0,0.0,1,2,1,2,WP1->WP2,1,5.250801321555751e-06,5.250340464874177e-06,0.20786648038651395,0.027713949247229967,utm,0,0.0,0.0,0,0.0
15.25,1.2539999999999996,49.89999999998559,8.90000327807687,0.2878223928449631,0.23479288004771662,-1.602550867406947e-06,492818.67414858576,5527517.135499371,0.23541196022415534,-0.00026395078748464584,0,1,0.0,0.0,1,2,1,2,WP1->WP2,1,1.7602012059077903e-06,-1.760504657285773e-06,0.23469911159923992,0.031291429263326745,utm,0,0.0,0.0,0,0.0
15.3,1.3040000000000003,49.899999999970134,8.900003649199057,0.2878141860147306,0.26145591480401176,-3.3218438509826117e-06,492818.7008009462,5527517.135462071,0.262064328242559,-0.00029534008353948593,0,1,0.0,0.0,1,2,1,2,WP1->WP2,1,3.4971193679546294e-06,-3.4974923215279243e-06,0.26135149809528396,0.03484487802185416,utm,0,0.0,0.0,0,0.0
15.35,1.3539999999999992,49.899999999957,8.900004016599105,0.28780772858734266,0.28785153487573334,-4.7828891230335374e-06,492818.7271859992,5527517.135425386,0.28844938875408843,-0.0003261743113398552,0,1,0.0,0.0,1,2,1,2,WP1->WP2,1,4.975129618825345e-06,-4.975556024270721e-06,0.2877365765592011,0.03836268774314014,utm,0,0.0,0.0,0,0.0
15.4,1.404,49.89999999996009,8.900004379143228,0.2878019643356143,0.31389828410859816,-4.439030526318404e-06,492818.7532223236,5527517.135390973,0.3144857201259583,-0.0003548134118318558,0,1,0.0,0.0,1,2,1,2,WP1->WP2,1,4.647303820798238e-06,-4.6474494326700415e-06,0.31377292368682463,0.04183400260610654,utm,0,0.0,0.0,0,0.0
15.45,1.4539999999999988,49.89999999996041,8.90000473553455,0.28779796830870286,0.339502989317026,-4.403654127479399e-06,492818.7788167804,5527517.135356841,0.3400801838724874,-0.0003832699730992317,0,1,0.0,0.0,1,2,1,2,WP1->WP2,1,4.6277459863969064e-06,-4.627686386084169e-06,0.3393674032653848,0.04524640515764125,utm,0,0.0,0.0,0,0.0
15.5,1.5039999999999996,49.899999999955824,8.900005084012971,0.2877972064330833,0.3645391972761666,-4.913781798737857e-06,492818.8038429667,5527517.135322921,0.3651063770521432,-0.0004116399213671684,0,1,0.0,0.0,1,2,1,2,WP1->WP2,1,5.153943704647249e-06,-5.153849599222641e-06,0.3643936124996299,0.048583042653397045,utm,0,0.0,0.0,0,0.0
15.55,1.5540000000000003,49.89999999995111,8.900005422249347,0.2878030652658709,0.38883957207092706,-5.437352501555138e-06,492818.82813361444,5527517.135289971,0.3893970315111801,-0.00043920334428548813,0,1,0.0,0.0,1,2,1,2,WP1->WP2,1,5.692248605648518e-06,-5.691967203113076e-06,0.3886842826072351,0.051821613861663146,utm,0,0.0,0.0,0,0.0
15.6,1.6039999999999992,49.8999999999518,8.900005747301192,0.2878210360731598,0.4121927127333746,-5.360939480062886e-06,492818.85147740785,5527517.135258883,0.41274083126336336,-0.00046511460095643997,0,1,0.0,0.0,1,2,1,2,WP1->WP2,1,5.630781292706263e-06,-5.630869407983085e-06,0.41202809671474905,0.05493394480703469,utm,0,0.0,0.0,0,0.0
15.65,1.654,49.89999999995389,8.900006057562676,0.28784171390950036,0.4344832494306276,-5.128162775702231e-06,492818.8737590229,5527517.1352293715,0.4350224523223005,-0.0004896847531199455,0,1,0.0,0.0,1,2,1,2,WP1->WP2,1,5.410988972417587e-06,-5.411285017673723e-06,0.43430973132119766,0.057904659900108936,utm,0,0.0,0.0,0,0.0
15.7,1.7039999999999988,49.899999999939105,8.900006359047248,0.2878600074963613,0.45614321455811113,-6.773165321715984e-06,492818.89541031636,5527517.135198824,0.45667375199263915,-0.0005154311656951904,0,1,0.0,0.0,1,2,1,2,WP1->WP2,1,7.068744630862004e-06,-7.0683953906793394e-06,0.45596104624923794,0.06079133716493663,utm,0,0.0,0.0,0,0.0
15.75,1.7539999999999996,49.89999999994168,8.900006663204504,0.2879317695370589,0.4779951969054083,-6.48732401909682e-06,492818.9172535526,5527517.135169949,0.47851699410239235,-0.0005394620820879936,0,1,0.0,0.0,1,2,1,2,WP1->WP2,1,6.796798215165354e-06,-6.796734471762942e-06,0.4778043015631692,0.06370360502091295,utm,0,0.0,0.0,0,0.0
15.8,1.8040000000000003,49.89999999994261,8.900006980773036,0.28793135917754764,0.5008107037225266,-6.3833174065101436e-06,492818.94005992747,5527517.135139608,0.501323375152424,-0.0005647456273436546,0,1,0.0,0.0,1,2,1,2,WP1->WP2,1,6.7064598505203255e-06,-6.7067483862148165e-06,0.5006106966261783,0.06674428418242684,utm,0,0.0,0.0,0,0.0
15.85,1.8539999999999992,49.899999999942864,8.900007321906301,0.2879306907956431,0.5253192037038935,-6.355016287438939e-06,492818.96455861785,5527517.135106932,0.5258220721734688,-0.0005919886752963066,0,1,0.0,0.0,1,2,1,2,WP1->WP2,1,6.692489946695331e-06,-6.692525947337616e-06,0.5251094088021945,0.07001059275034088,utm,0,0.0,0.0,0,0.0
15.9,1.904,49.899999999920865,8.900007695372015,0.28786624542947276,0.5521506075966317,-8.801648031144556e-06,492818.99137927894,5527517.135068682,0.552642741065938,-0.0006242915987968445,0,1,0.0,0.0,1,2,1,2,WP1->WP2,1,9.154909068937798e-06,-9.154891079172117e-06,0.5519300970572038,0.07358648046293877,utm,0,0.0,0.0,0,0.0
15.95,1.9539999999999988,49.899999999925356,8.900008090850283,0.28779411878909095,0.5805634893642697,-8.3021332795378e-06,492819.01978078904,5527517.135031268,0.5810442587826401,-0.0006554070860147476,0,1,0.0,0.0,1,2,1,2,WP1->WP2,1,8.671552228660492e-06,-8.671535142451935e-06,0.5803316317877932,0.07737313567836071,utm,0,0.0,0.0,0,0.0
16.0,2.0039999999999996,49.89999999992992,8.90000848398821,0.28779513597091644,0.6088082306926805,-7.794835720186461e-06,492819.04801422585,5527517.134994085,0.6092777031590231,-0.0006863288581371307,0,1,0.0,0.0,1,2,1,2,WP1->WP2,1,8.1816761361908e-06,-8.181478750719195e-06,0.6085650930777056,0.08113738238041354,utm,0,0.0,0.0,0,0.0
16.05,2.0540000000000003,49.89999999992051,8.900008870969405,0.287804504143118,0.6366106456985287,-8.841269597844243e-06,492819.0758055113,5527517.13495594,0.6370689963805489,-0.0007183114066720009,0,1,0.0,0.0,1,2,1,2,WP1->WP2,1,9.243384790098759e-06,-9.243459070452934e-06,0.6363564047154694,0.08484267915943625,utm,0,0.0,0.0,0,0.0
16.1,2.104000000000001,49.89999999991303,8.90000925319714,0.2878133908273307,0.6640715514400187,-9.673322498537651e-06,492819.10325542453,5527517.134918464,0.6645189172122627,-0.0007496997714042664,0,1,0.0,0.0,1,2,1,2,WP1->WP2,1,1.0090889054246709e-05,-1.0091326617203395e-05,0.6638063434902344,0.08850246215392796,utm,0,0.0,0.0,0,0.0
16.15,2.153999999999998,49.899999999913085,8.90000963177708,0.2878221839344716,0.6912703835723708,-9.66695474674663e-06,492819.1304433701,5527517.134882177,0.6917068701586686,-0.0007799575105309486,0,1,0.0,0.0,1,2,1,2,WP1->WP2,1,1.0100202349389687e-05,-1.0100382211504901e-05,0.6909943132600456,0.09212731794084805,utm,0,0.0,0.0,0,0.0
16.2,2.203999999999999,49.899999999902384,8.900010008015752,0.28783359800945807,0.7183010089024643,-1.0857724331667553e-05,492819.1574631746,5527517.134844918,0.7187266823020764,-0.0008112257346510887,0,1,0.0,0.0,1,2,1,2,WP1->WP2,1,1.1306266106867654e-05,-1.1306095452674896e-05,0.7180141434410954,0.09572975639515774,utm,0,0.0,0.0,0,0.0
16.25,2.2539999999999996,49.899999999867106,8.900010383763007,0.28784639507545057,0.7452963287169974,-1.4781674490890038e-05,492819.1844476841,5527517.134804973,0.7457111999974586,-0.0008451854810118675,0,1,0.0,0.0,1,2,1,2,WP1->WP2,1,1.5243901437146204e-05,-1.5243904947913008e-05,0.7449986822061777,0.09932748959583938,utm,0,0.0,0.0,0,0.0
16.3,2.3040000000000003,49.89999999988382,8.900010759547932,0.2878565495355379,0.7722943548669986,-1.292229096791191e-05,492819.21143490664,5527517.134770807,0.7726984294131398,-0.0008733673021197319,0,1,0.0,0.0,1,2,1,2,WP1->WP2,1,1.3399881118903624e-05,-1.3400174183688473e-05,0.7719859263181882,0.1029255834888622,utm,0,0.0,0.0,0,0.0
16.35,2.354000000000001,49.89999999989215,8.900011135377374,0.2878636081667069,0.799295579332249,-1.1995429318329969e-05,492819.2384253249,5527517.134735704,0.7996888548368588,-0.0009024851024150848,0,1,0.0,0.0,1,2,1,2,WP1->WP2,1,1.2488115498998604e-05,-1.248815759242569e-05,0.7989763673932703,0.10652410361930506,utm,0,0.0,0.0,0,0.0
16.4,2.403999999999998,49.89999999987884,8.90001151112175,0.28786868478806776,0.8262906922727935,-1.3476285373730737e-05,492819.26540963084,5527517.134698203,0.8266731683979742,-0.0009340019896626472,0,1,0.0,0.0,1,2,1,2,WP1->WP2,1,1.3983820940728763e-05,-1.3983381757523244e-05,0.8259606993467327,0.1101218092466775,utm,0,0.0,0.0,0,0.0
16.45,2.453999999999999,49.899999999896785,8.900011886961039,0.28787210646670913,0.8532926241424342,-1.148034895123405e-05,492819.29240075767,5527517.134664169,0.8536643020925112,-0.0009620515629649162,0,1,0.0,0.0,1,2,1,2,WP1->WP2,1,1.2001964693471198e-05,-1.2002193659890509e-05,0.8529518475576593,0.11372042365651966,utm,0,0.0,0.0,0,0.0
16.5,2.5039999999999996,49.89999999990464,8.900012262772002,0.2878741848436046,0.8802925209641933,-1.0607259427887394e-05,492819.3193898487,5527517.134629014,0.880653400265146,-0.000991220586001873,0,1,0.0,0.0,1,2,1,2,WP1->WP2,1,1.1144215812499785e-05,-1.1144102094020363e-05,0.8799409614524302,0.11731876683968502,utm,0,0.0,0.0,0,0.0
16.55,2.5540000000000003,49.899999999909284,8.900012638428603,0.2878750567425455,0.9072813277576806,-1.0090056476861135e-05,492819.34636785375,5527517.134593518,0.9076314125559293,-0.001020733267068863,0,1,0.0,0.0,1,2,1,2,WP1->WP2,1,1.064130121552818e-05,-1.0641666728936538e-05,0.90691898987184,0.12091563204380844,utm,0,0.0,0.0,0,0.0
16.6,2.604000000000001,49.89999999992423,8.900013014018024,0.28787486283673713,0.934265308044468,-8.427365731427879e-06,492819.3733410357,5527517.134559174,0.9346046014106832,-0.0010490966960787773,0,1,0.0,0.0,1,2,1,2,WP1->WP2,1,8.994721418036377e-06,-8.9945534141504e-06,0.9338921936145715,0.12451185399441472,utm,0,0.0,0.0,0,0.0
16.65,2.653999999999998,49.89999999995006,8.90001338947216,0.28787348248996325,0.9612395689548239,-5.554094617723856e-06,492819.4003045038,5527517.134526053,0.961568076221738,-0.0010762382298707962,0,1,0.0,0.0,1,2,1,2,WP1->WP2,1,6.136489932578504e-06,-6.136644877265919e-06,0.9608556819221697,0.12810678062758601,utm,0,0.0,0.0,0,0.0
16.7,2.703999999999999,49.899999999949976,8.900013765023767,0.28787110229094554,0.9882208324412033,-5.564000009398777e-06,492819.4272749679,5527517.134490043,0.9885385476518422,-0.0011062677949666977,0,1,0.0,0.0,1,2,1,2,WP1->WP2,1,6.158841654450575e-06,-6.159292684330531e-06,0.9878261700584138,0.13170264051798794,utm,0,0.0,0.0,0,0.0
16.75,2.7539999999999996,49.89999999992424,8.900014140606249,0.2878674453294964,1.015204314239528,-8.426658203451099e-06,492819.45424764545,5527517.134451177,1.0155112331267446,-0.0011391518637537956,0,1,0.0,0.0,1,2,1,2,WP1->WP2,1,9.034768330757942e-06,-9.03441944558486e-06,1.0147988754655373,0.1352987960276379,utm,0,0.0,0.0,0,0.0
16.8,2.8040000000000003,49.899999999921704,8.90001451609458,0.28786210852767835,1.0421810317306364,-8.708254338209582e-06,492819.48121356504,5527517.134414899,1.0424771601101384,-0.0011694496497511864,0,1,0.0,0.0,1,2,1,2,WP1->WP2,1,9.329997867770534e-06,-9.330420520057517e-06,1.0417648194575646,0.1388940500667166,utm,0,0.0,0.0,0,0.0
16.85,2.854000000000001,49.89999999992944,8.900014891438394,0.2878549490182599,1.069147366597863,-7.847900318444969e-06,492819.50816910755,5527517.134379777,1.0694327097735368,-0.0011985944584012032,0,1,0.0,0.0,1,2,1,2,WP1->WP2,1,8.484356169506052e-06,-8.484497897662746e-06,1.0687203848294702,0.14248792036874078,utm,0,0.0,0.0,0,0.0
16.9,2.903999999999998,49.89999999991389,8.900015266617295,0.28784512217908714,1.0961018533668057,-9.577806221672335e-06,492819.5351128033,5527517.134342083,1.096376413188409,-0.0012303134426474571,0,1,0.0,0.0,1,2,1,2,WP1->WP2,1,1.0226862262113896e-05,-1.0226693589304033e-05,1.0956641068718742,0.14608021165027008,utm,0,0.0,0.0,0,0.0
16.95,2.953999999999999,49.89999999989197,8.90001564133025,0.2878331959480314,1.1230228644531568,-1.2015947629656591e-05,492819.5620230357,5527517.134303725,1.1232866534846835,-0.0012627039104700089,0,1,0.0,0.0,1,2,1,2,WP1->WP2,1,1.267624287995065e-05,-1.2676641860964652e-05,1.1225743665356522,0.14966804153590135,utm,0,0.0,0.0,0,0.0
17.0,3.0039999999999996,49.899999999846784,8.900016014993614,0.28782120753417156,1.149868468503157,-1.7041518848725707e-05,492819.58885788795,5527517.134262882,1.1501215141033754,-0.0012975959107279778,0,1,0.0,0.0,1,2,1,2,WP1->WP2,1,1.7712839811625927e-05,-1.77128708843473e-05,1.14940924938186,0.15324582175266505,utm,0,0.0,0.0,0,0.0
17.05,3.0540000000000003,49.89999999984574,8.90001638578531,0.28781371889620044,1.17650775933255,-1.7157553436917644e-05,492819.6154865161,5527517.134227221,1.1767501495196484,-0.001327352598309517,0,1,0.0,0.0,1,2,1,2,WP1->WP2,1,1.7842293767259775e-05,-1.784239930982867e-05,1.1760379014007811,0.15679610609481723,utm,0,0.0,0.0,0,0.0
17.1,3.104000000000001,49.89999999983613,8.900016752724316,0.28780721576794177,1.2028702560838522,-1.8226628209832388e-05,492819.64183845965,5527517.134190978,1.2031021004077047,-0.0013577518984675407,0,1,0.0,0.0,1,2,1,2,WP1->WP2,1,1.8923560255535007e-05,-1.8923195852792302e-05,1.202389869856282,0.16030950140021896,utm,0,0.0,0.0,0,0.0
17.15,3.153999999999998,49.899999999832154,8.90001711473462,0.2878014692141861,1.2288786534827734,-1.8668833195319957e-05,492819.6678364464,5527517.134155832,1.2291000942932442,-0.0013871323317289352,0,1,0.0,0.0,1,2,1,2,WP1->WP2,1,1.9378046044038563e-05,-1.9378263726824345e-05,1.2283878803338464,0.1637757050015136,utm,0,0.0,0.0,0,0.0
17.2,3.203999999999999,49.89999999983046,8.900017470555353,0.287798089002437,1.2544423650981236,-1.8857035637143467e-05,492819.69338992564,5527517.134121535,1.254653580544982,-0.0014157621189951897,0,1,0.0,0.0,1,2,1,2,WP1->WP2,1,1.9578280607668928e-05,-1.9578022723228448e-05,1.253941382615846,0.16718264422526666,utm,0,0.0,0.0,0,0.0
17.25,3.2539999999999996,49.89999999983253,8.900017818120778,0.2877974043411258,1.279412979454179,-1.862708904468993e-05,492819.7183505456,5527517.134088448,1.2796142072766088,-0.001443314366042614,0,1,0.0,0.0,1,2,1,2,WP1->WP2,1,1.935941960912777e-05,-1.9359072166678597e-05,1.2789020245240779,0.17051053990973072,utm,0,0.0,0.0,0,0.0
17.3,3.3040000000000003,49.89999999982031,8.900018155224764,0.2878039717645699,1.303631998404931,-1.998625028808452e-05,492819.7425598689,5527517.134054774,1.3038235374260694,-0.0014716191217303276,0,1,0.0,0.0,1,2,1,2,WP1->WP2,1,2.0729396304523538e-05,-2.0729341489382254e-05,1.3031113711854618,0.17373826861055172,utm,0,0.0,0.0,0,0.0
17.35,3.354000000000001,49.89999999981463,8.900018478950347,0.2878232507211217,1.3268898546440517,-2.0618072771349156e-05,492819.76580841525,5527517.134023111,1.32707209023647,-0.0014981264248490334,0,1,0.0,0.0,1,2,1,2,WP1->WP2,1,2.1371078152218115e-05,-2.1370892738919675e-05,1.3263599390875611,0.17683790078651154,utm,0,0.0,0.0,0,0.0
17.4,3.403999999999998,49.89999999982289,8.900018788069977,0.2878417926984116,1.3490983555314668,-1.9699701457488576e-05,492819.7880080282,5527517.133994397,1.3492717089829966,-0.001521918922662735,0,1,0.0,0.0,1,2,1,2,WP1->WP2,1,2.0463969141034704e-05,-2.0463515879032442e-05,1.3485595705654692,0.1797976827530025,utm,0,0.0,0.0,0,0.0
17.45,3.453999999999999,49.899999999793245,8.900019089247728,0.28787284069963365,1.3707362772847271,-2.2996781829283885e-05,492819.8096372848,5527517.13396223,1.370900972164236,-0.0015492886304855347,0,1,0.0,0.0,1,2,1,2,WP1->WP2,1,2.3769235918722928e-05,-2.3769599459358613e-05,1.3701888508358435,0.18268142223111683,utm,0,0.0,0.0,0,0.0
17.5,3.5039999999999996,49.89999999977506,8.900019394079685,0.2879317262957203,1.3926367331044665,-2.5018896786921436e-05,492819.83152897214,5527517.133930989,1.39279266592348,-0.001575675792992115,0,1,0.0,0.0,1,2,1,2,WP1->WP2,1,2.5799520896737553e-05,-2.579977669555358e-05,1.392080560389973,0.18560015028380775,utm,0,0.0,0.0,0,0.0
17.55,3.5540000000000003,49.89999999977554,8.900019713135466,0.28793129443631504,1.415559090400312,-2.496653971663971e-05,492819.8544421547,5527517.133900457,1.4157058546552435,-0.0016011260449886322,0,1,0.0,0.0,1,2,1,2,WP1->WP2,1,2.5757611340522545e-05,-2.575726220785331e-05,1.4149937632931413,0.18865506967807044,utm,0,0.0,0.0,0,0.0
17.6,3.604000000000001,49.89999999977513,8.90002005659359,0.287930604311948,1.4402346183467825,-2.5011113979176854e-05,492819.879107806,5527517.133867489,1.440371512726415,-0.0016286242753267288,0,1,0.0,0.0,1,2,1,2,WP1->WP2,1,2.5812559478837028e-05,-2.5812691713033632e-05,1.4396594366444433,0.19194363846576365,utm,0,0.0,0.0,0,0.0
17.65,3.653999999999998,49.89999999974414,8.900020432595884,0.2878554305505842,1.467248261249523,-2.8458897810026326e-05,492819.90611063194,5527517.133828,1.4673743467428721,-0.0016621248796582222,0,1,0.0,0.0,1,2,1,2,WP1->WP2,1,2.927056325579228e-05,-2.927064447214709e-05,1.4666622912230276,0.19554381363556353,utm,0,0.0,0.0,0,0.0
17.7,3.703999999999999,49.899999999760034,8.90002082862422,0.28779287213700905,1.495700662202351,-2.6690785396052834e-05,492819.9345516469,5527517.133791805,1.495815369009506,-0.0016920128837227821,0,1,0.0,0.0,1,2,1,2,WP1->WP2,1,2.751501865873422e-05,-2.751547537888614e-05,1.4951033291327203,0.19933573564098803,utm,0,0.0,0.0,0,0.0
17.75,3.7539999999999996,49.89999999975511,8.9000212212158,0.287795708939046,1.5239061517120156,-2.7238412050080636e-05,492819.96274584625,5527517.133753626,1.5240095761255361,-0.00172394048422575,0,1,0.0,0.0,1,2,1,2,WP1->WP2,1,2.8074744037494433e-05,-2.8074289435309235e-05,1.52329755435228,0.20309475116550615,utm,0,0.0,0.0,0,0.0
17.8,3.8040000000000003,49.89999999973666,8.900021607645535,0.2878053226866343,1.5516689473500205,-2.9290950710719733e-05,492819.99049752695,5527517.1337145325,1.5517612647963688,-0.0017568795010447502,0,1,0.0,0.0,1,2,1,2,WP1->WP2,1,3.0137625354250726e-05,-3.0137201641243317e-05,1.5510492625068495,0.20679476778141062,utm,0,0.0,0.0,0,0.0
17.85,3.854000000000001,49.89999999973791,8.900021989536226,0.28781396242296686,1.579105638369949,-2.9151567699294054e-05,492820.01792323636,5527517.133678066,1.579186981660314,-0.0017872639000415802,0,1,0.0,0.0,1,2,1,2,WP1->WP2,1,3.000910272036158e-05,-3.0008743889531674e-05,1.5784749961641682,0.21045132361106467,utm,0,0.0,0.0,0,0.0
17.9,3.903999999999998,49.89999999973044,8.900022367813202,0.2878229469548853,1.6062827043213552,-2.99822055440339e-05,492820.04508942337,5527517.133640975,1.6063531762338243,-0.0018183309584856033,0,1,0.0,0.0,1,2,1,2,WP1->WP2,1,3.0851019054023516e-05,-3.085056350677781e-05,1.605641208478284,0.21407327856942518,utm,0,0.0,0.0,0,0.0
17.95,3.953999999999999,49.89999999971755,8.90002274398802,0.28783486314911283,1.6333087420516619,-3.14156572249904e-05,492820.0721046418,5527517.133603484,1.633368402312044,-0.001849830150604248,0,1,0.0,0.0,1,2,1,2,WP1->WP2,1,3.2293639000910085e-05,-3.229336392291855e-05,1.632656452906419,0.21767510562490178,utm,0,0.0,0.0,0,0.0
18.0,4.004,49.89999999967415,8.90002311980865,0.2878471992045174,1.6603093333880683,-3.624312061056109e-05,492820.09909441957,5527517.133562634,1.6603581884410232,-0.0018846960738301277,0,1,0.0,0.0,1,2,1,2,WP1->WP2,1,3.7130001446642047e-05,-3.71303198142441e-05,1.6596462611349359,0.22127354138061736,utm,0,0.0,0.0,0,0.0
18.05,4.054,49.899999999689534,8.90002349557256,0.28785677700534223,1.6873058497791058,-3.453231796270678e-05,492820.1260801327,5527517.133528326,1.6873439084738493,-0.0019130194559693336,0,1,0.0,0.0,1,2,1,2,WP1->WP2,1,3.543033623198093e-05,-3.543016406682948e-05,1.6866319959961178,0.22487143405167895,utm,0,0.0,0.0,0,0.0
18.1,4.104000000000001,49.89999999965343,8.90002387131799,0.28786373378708663,1.7143010383990305,-3.85475392309339e-05,492820.15306451096,5527517.133488295,1.7143282950273715,-0.0019470667466521263,0,1,0.0,0.0,1,2,1,2,WP1->WP2,1,3.945458463992013e-05,-3.945476155023862e-05,1.7136164036768209,0.22846914977544067,utm,0,0.0,0.0,0,0.0
18.15,4.153999999999998,49.899999999670406,8.90002424706952,0.287868609048028,1.741296665397826,-3.665985458888457e-05,492820.1800493353,5527517.133454165,1.7413131262292154,-0.0019752122461795807,0,1,0.0,0.0,1,2,1,2,WP1->WP2,1,3.757703666118719e-05,-3.757697795504645e-05,1.740601249527421,0.23206692391852166,utm,0,0.0,0.0,0,0.0
18.2,4.203999999999999,49.899999999677384,8.900024622766127,0.2878719506242208,1.7682883463486785,-3.588369639835679e-05,492820.20703021355,5527517.133418929,1.7682940116501413,-0.002004465088248253,0,1,0.0,0.0,1,2,1,2,WP1->WP2,1,3.68114888659915e-05,-3.6811801327135164e-05,1.767582150787152,0.23566417214616436,utm,0,0.0,0.0,0,0.0
18.25,4.254,49.89999999969059,8.900024998488073,0.2878740083413535,1.7952818478161512,-3.44141607905845e-05,492820.23401291267,5527517.133384384,1.795276717748493,-0.0020330259576439857,0,1,0.0,0.0,1,2,1,2,WP1->WP2,1,3.53521050500254e-05,-3.5352223001872044e-05,1.7945648719739822,0.23926166301690738,utm,0,0.0,0.0,0,0.0
18.3,4.304,49.89999999969904,8.90002537419396,0.2878749187318936,1.8222741955878474,-3.347456363742052e-05,492820.26099445776,5527517.133349312,1.8222582699381746,-0.0020621158182621002,0,1,0.0,0.0,1,2,1,2,WP1->WP2,1,3.4422644316941757e-05,-3.442224397113443e-05,1.821546439841367,0.24285900012049894,utm,0,0.0,0.0,0,0.0
18.35,4.354000000000001,49.8999999997032,8.900025749885598,0.2878747372388414,1.849265519582164,-3.301254786858311e-05,492820.287974979,5527517.133313762,1.8492387984297238,-0.002091681584715843,0,1,0.0,0.0,1,2,1,2,WP1->WP2,1,3.397002117193321e-05,-3.397046787112293e-05,1.8485269844731724,0.2464562008004648,utm,0,0.0,0.0,0,0.0
18.4,4.403999999999998,49.899999999723136,8.900026125431298,0.2878732263707729,1.876246358728006,-3.079444766137747e-05,492820.31494502176,5527517.133279982,1.8762088480289094,-0.0021194815635681152,0,1,0.0,0.0,1,2,1,2,WP1->WP2,1,3.176278467393297e-05,-3.1763162265607324e-05,1.8754970483264672,0.2500520041230348,utm,0,0.0,0.0,0,0.0
18.45,4.453999999999999,49.899999999713124,8.90002650105256,0.28787089097541413,1.9032326266250579,-3.1908096696829356e-05,492820.34192048677,5527517.133242865,1.9031843206030317,-0.0021506156772375107,0,1,0.0,0.0,1,2,1,2,WP1->WP2,1,3.2885960718421986e-05,-3.288554737758276e-05,1.902472538845778,0.25364853095978696,utm,0,0.0,0.0,0,0.0
18.5,4.504,49.89999999974228,8.900026876502466,0.287866732411823,1.9302065835416815,-2.8665495979246118e-05,492820.36888365156,5527517.133210119,1.93014749197755,-0.002177382819354534,0,1,0.0,0.0,1,2,1,2,WP1->WP2,1,2.9653337192224347e-05,-2.9653652231954127e-05,1.9294357233339583,0.257243417086014,utm,0,0.0,0.0,0,0.0
18.55,4.554,49.89999999970544,8.900027252048469,0.2878615296985069,1.9571874445107516,-3.276279049277973e-05,492820.3958537077,5527517.133170027,1.9571175563614815,-0.0022114934399724007,0,1,0.0,0.0,1,2,1,2,WP1->WP2,1,3.375767942560728e-05,-3.375789630962923e-05,1.9564058089385963,0.26083922330859766,utm,0,0.0,0.0,0,0.0
18.6,4.604000000000001,49.89999999971666,8.900027627401663,0.28785409904415893,1.9841544532179893,-3.1514711141739615e-05,492820.42280992435,5527517.133135297,1.9840737800113857,-0.0022402461618185043,0,1,0.0,0.0,1,2,1,2,WP1->WP2,1,3.251901925167702e-05,-3.2518987670467096e-05,1.9833620479478529,0.26443318342381017,utm,0,0.0,0.0,0,0.0
18.65,4.653999999999998,49.8999999997101,8.900028002514242,0.28784409709988007,2.0111041751212784,-3.224488001377669e-05,492820.44974885846,5527517.133098612,2.0110127216321416,-0.0022709574550390244,0,1,0.0,0.0,1,2,1,2,WP1->WP2,1,3.3258490037989115e-05,-3.325891554337903e-05,2.0103010070291543,0.26802483968009627,utm,0,0.0,0.0,0,0.0
18.7,4.703999999999999,49.89999999969835,8.900028377032175,0.2878331891515818,2.0380111750573864,-3.355168418688955e-05,492820.4766450869,5527517.133061408,2.0379089576308616,-0.0023021968081593513,0,1,0.0,0.0,1,2,1,2,WP1->WP2,1,3.4573518750400806e-05,-3.45736423146097e-05,2.0371972611591738,0.27161080226778206,utm,0,0.0,0.0,0,0.0
18.75,4.754,49.899999999660196,8.900028749947401,0.28782080907097674,2.0648030295187065,-3.7795436991616646e-05,492820.50342621206,5527517.133021423,2.0646900910069235,-0.0023362431675195694,0,1,0.0,0.0,1,2,1,2,WP1->WP2,1,3.8824078730829554e-05,-3.8823814325227845e-05,2.063978415840675,0.27518141913802124,utm,0,0.0,0.0,0,0.0
18.8,4.804,49.89999999961815,8.900029120631025,0.28781355092833566,2.0914345560010483,-4.2471489390156384e-05,492820.53004707285,5527517.132981219,2.091310960066039,-0.0023705437779426575,0,1,0.0,0.0,1,2,1,2,WP1->WP2,1,4.350584145613684e-05,-4.350576320507042e-05,2.090599306580487,0.2787306687020076,utm,0,0.0,0.0,0,0.0
18.85,4.854000000000001,49.89999999963155,8.900029487152855,0.28780677038838565,2.1177670810378166,-4.098214299903425e-05,492820.5563690602,5527517.132947577,2.1176329542067833,-0.0023983484134078026,0,1,0.0,0.0,1,2,1,2,WP1->WP2,1,4.202503724001848e-05,-4.2025349977452616e-05,2.1169213153683426,0.282240069612993,utm,0,0.0,0.0,0,0.0
18.9,4.903999999999998,49.89999999962744,8.900029848585604,0.28780100481127036,2.1437339843132577,-4.143849854405743e-05,492820.5823255693,5527517.132912478,2.143589470477309,-0.0024276915937662125,0,1,0.0,0.0,1,2,1,2,WP1->WP2,1,4.2488836323639896e-05,-4.24891971122841e-05,2.1428778482056825,0.2857007431778242,utm,0,0.0,0.0,0,0.0
18.95,4.953999999999999,49.89999999961375,8.900030203719384,0.2877975537336426,2.169248342252651,-4.2961806278065e-05,492820.6078297129,5527517.132876917,2.1690936213708483,-0.00245759729295969,0,1,0.0,0.0,1,2,1,2,WP1->WP2,1,4.401993199168734e-05,-4.401952169688378e-05,2.1683820165699568,0.2891011049212184,utm,0,0.0,0.0,0,0.0
19.0,5.004,49.89999999960852,8.900030550657176,0.2877979987141807,2.194173864715578,-4.354339427497825e-05,492820.632745258,5527517.132843083,2.1940091733122244,-0.002485905773937702,0,1,0.0,0.0,1,2,1,2,WP1->WP2,1,4.4607597100481704e-05,-4.460763654776068e-05,2.193297584608298,0.29242299109929065,utm,0,0.0,0.0,0,0.0
19.05,5.054,49.899999999599665,8.90003088674459,0.2878048678041292,2.218319848725487,-4.452827321865616e-05,492820.6568815761,5527517.132809885,2.2181454981910065,-0.0025137513875961304,0,1,0.0,0.0,1,2,1,2,WP1->WP2,1,4.559945646817355e-05,-4.559941434482906e-05,2.2174339255453894,0.29564098625897484,utm,0,0.0,0.0,0,0.0
19.1,5.104000000000001,49.89999999958572,8.900031209356277,0.2878254783908599,2.24149767778506,-4.607917454375816e-05,492820.680050126,5527517.132777412,2.2413140546996146,-0.0025410857051610947,0,1,0.0,0.0,1,2,1,2,WP1->WP2,1,4.7156629222760396e-05,-4.715702689642731e-05,2.2406024981221977,0.29872995300017574,utm,0,0.0,0.0,0,0.0
19.15,5.153999999999998,49.89999999960588,8.900031517637483,0.2878417968223941,2.2636459427355833,-4.383631085736522e-05,492820.7021895289,5527517.132750108,2.263453463150654,-0.002563481219112873,0,1,0.0,0.0,1,2,1,2,WP1->WP2,1,4.49195904289093e-05,-4.491996968685853e-05,2.2627419177678054,0.3016817071804582,utm,0,0.0,0.0,0,0.0
19.2,5.203999999999999,49.89999999955417,8.900031818827419,0.28788941409219904,2.285284739842752,-4.95885133085875e-05,492820.72381965735,5527517.132715489,2.285083598748315,-0.0025933030992746353,0,1,0.0,0.0,1,2,1,2,WP1->WP2,1,5.0677031712011167e-05,-5.067706009744183e-05,2.284372073143786,0.30456556333266216,utm,0,0.0,0.0,0,0.0
19.25,5.254,49.899999999528085,8.900032124572212,0.28793168735346014,2.3072507777796667,-5.249008554136273e-05,492820.7457768993,5527517.132683284,2.3070408472558483,-0.002620639279484749,0,1,0.0,0.0,1,2,1,2,WP1->WP2,1,5.3583692005928626e-05,-5.358368308090489e-05,2.3063293384994212,0.3074930316601314,utm,0,0.0,0.0,0,0.0
19.3,5.304,49.89999999952571,8.900032445331364,0.2879312352135846,2.3302955127168876,-5.275399347670171e-05,492820.76881241007,5527517.132652277,2.3300763643928804,-0.002646537497639656,0,1,0.0,0.0,1,2,1,2,WP1->WP2,1,5.385284453407008e-05,-5.385291491580889e-05,2.3293648701581127,0.31056426062444,utm,0,0.0,0.0,0,0.0
19.35,5.354000000000001,49.89999999952229,8.900032791291993,0.2879305249614236,2.355150831515608,-5.313464352820941e-05,492820.79365777987,5527517.132618739,2.3549217410036363,-0.002674565650522709,0,1,0.0,0.0,1,2,1,2,WP1->WP2,1,5.42384123580631e-05,-5.423850730606898e-05,2.354210262591334,0.31387679058906665,utm,0,0.0,0.0,0,0.0
19.4,5.403999999999998,49.89999999949635,8.900033169883605,0.2878464926296454,2.382350502246959,-5.601923508954191e-05,492820.8208465598,5527517.132579569,2.3821105289971456,-0.0027077067643404007,0,1,0.0,0.0,1,2,1,2,WP1->WP2,1,5.7130171581720176e-05,-5.7129821639944776e-05,2.381399070614631,0.31750175813674064,utm,0,0.0,0.0,0,0.0
19.45,5.453999999999999,49.89999999948857,8.90003356610282,0.28779198961817537,2.41081661686498,-5.688454180514398e-05,492820.8493012795,5527517.132540728,2.41056525654858,-0.0027402378618717194,0,1,0.0,0.0,1,2,1,2,WP1->WP2,1,5.8001890288905575e-05,-5.800225077956276e-05,2.409853816803575,0.3212955078084379,utm,0,0.0,0.0,0,0.0
19.5,5.504,49.89999999949663,8.900033958090736,0.2877969242595247,2.4389787364745583,-5.598881138654037e-05,492820.8774521283,5527517.132504054,2.438716112752445,-0.00277066882699728,0,1,0.0,0.0,1,2,1,2,WP1->WP2,1,5.7113407712630056e-05,-5.7112962153376745e-05,2.4380046894311493,0.32504874331718925,utm,0,0.0,0.0,0,0.0
19.55,5.554,49.89999999949495,8.90003434431647,0.2878057763602417,2.466726875837082,-5.6174891244433534e-05,492820.905189161,5527517.13246685,2.466453153057955,-0.0028017228469252586,0,1,0.0,0.0,1,2,1,2,WP1->WP2,1,5.7307123024043534e-05,-5.730669925337899e-05,2.4657417471206875,0.32874680664921857,utm,0,0.0,0.0,0,0.0
19.6,5.604000000000001,49.899999999466246,8.900034725845677,0.287814765204167,2.4941375961951624,-5.936796500364217e-05,492820.93258890574,5527517.132427091,2.4938529059290886,-0.002835405059158802,0,1,0.0,0.0,1,2,1,2,WP1->WP2,1,6.050528756798756e-05,-6.0505109665414564e-05,2.4931415205027734,0.33239990130635017,utm,0,0.0,0.0,0,0.0
19.65,5.653999999999998,49.89999999948264,8.90003510401646,0.28782367490803445,2.521307032822763,-5.7544665407479825e-05,492820.95974747004,5527517.132392668,2.521011477219872,-0.002863805741071701,0,1,0.0,0.0,1,2,1,2,WP1->WP2,1,5.8689206902133176e-05,-5.8688863775845234e-05,2.5203001065626798,0.33602083948883743,utm,0,0.0,0.0,0,0.0
19.7,5.703999999999999,49.89999999946504,8.900035480058348,0.28783555541766603,2.5483235202747467,-5.950239531923039e-05,492820.9867531414,5527517.13235467,2.5480171563103795,-0.0028958143666386604,0,1,0.0,0.0,1,2,1,2,WP1->WP2,1,6.065243663679063e-05,-6.06519736509039e-05,2.5473058045724595,0.33962139376116357,utm,0,0.0,0.0,0,0.0
19.75,5.754,49.89999999940553,8.900035855753512,0.2878477624555407,2.575315097597173,-6.61213195420083e-05,492821.0137339062,5527517.132312047,2.574997929914389,-0.0029324544593691826,0,1,0.0,0.0,1,2,1,2,WP1->WP2,1,6.72732147313644e-05,-6.727326116350893e-05,2.5742866022414415,0.3432186281774945,utm,0,0.0,0.0,0,0.0
19.8,5.804,49.899999999344146,8.900036231590027,0.2878573465688058,2.6023168302500985,-7.294896451793637e-05,492821.04072482215,5527517.132269201,2.6019888547016308,-0.0029693152755498886,0,1,0.0,0.0,1,2,1,2,WP1->WP2,1,7.410447192877447e-05,-7.410452081662309e-05,2.6012775513246593,0.3468172160384905,utm,0,0.0,0.0,0,0.0
19.85,5.854000000000001,49.899999999383866,8.900036607427289,0.2878638512431545,2.6293186165039337,-6.853045230294458e-05,492821.06771580665,5527517.132237596,2.628979845554568,-0.002994934096932411,0,1,0.0,0.0,1,2,1,2,WP1->WP2,1,6.96937242974327e-05,-6.969370418553979e-05,2.6282685539757686,0.35041581104146446,utm,0,0.0,0.0,0,0.0
19.9,5.903999999999998,49.89999999937664,8.900036983132136,0.28786855543645634,2.6563108894895993,-6.933420408456679e-05,492821.09469727473,5527517.132200785,2.655961321142968,-0.0030257627367973328,0,1,0.0,0.0,1,2,1,2,WP1->WP2,1,7.050304429232801e-05,-7.050260560972183e-05,2.6552500471546145,0.35401313818715235,utm,0,0.0,0.0,0,0.0
19.95,5.953999999999999,49.899999999384306,8.900037358831046,0.2878718113367449,2.683302735965166,-6.848163287254675e-05,492821.1216783186,5527517.13216563,2.6829423721064813,-0.0030549336224794388,0,1,0.0,0.0,1,2,1,2,WP1->WP2,1,6.965554002819569e-05,-6.965525170001146e-05,2.682231113905635,0.35761040847904124,utm,0,0.0,0.0,0,0.0
20.0,6.004,49.899999999386665,8.900037734491296,0.2878736507651529,2.7102918048926274,-6.821913999316133e-05,492821.1486565853,5527517.132129888,2.709920646098908,-0.0030846931040287018,0,1,0.0,0.0,1,2,1,2,WP1->WP2,1,6.939942608216314e-05,-6.939926747551123e-05,2.7092094042975647,0.3612073086108408,utm,0,0.0,0.0,0,0.0
20.05,6.054,49.8999999993964,8.90003811025978,0.28787476134774775,2.737288649908291,-6.713662218868777e-05,492821.1756426261,5527517.132094957,2.736906694015488,-0.0031136404722929,0,1,0.0,0.0,1,2,1,2,WP1->WP2,1,6.832188488087428e-05,-6.832172869959962e-05,2.7361954676989546,0.3648052450847639,utm,0,0.0,0.0,0,0.0
20.1,6.104000000000001,49.899999999411484,8.900038485783977,0.2878741341824074,2.7642679441993354,-6.545907335574213e-05,492821.202611124,5527517.132060644,2.7638751988415606,-0.0031419722363352776,0,1,0.0,0.0,1,2,1,2,WP1->WP2,1,6.664922807450102e-05,-6.664920054440911e-05,2.7631639873749227,0.368400842528772,utm,0,0.0,0.0,0,0.0
20.15,6.153999999999998,49.89999999940227,8.900038861433247,0.2878729825754917,2.7912562243000716,-6.648357386611972e-05,492821.22958860046,5527517.132023617,2.7908526828396134,-0.0031730178743600845,0,1,0.0,0.0,1,2,1,2,WP1->WP2,1,6.76792717114362e-05,-6.767949484020592e-05,2.790141489197074,0.371997637523934,utm,0,0.0,0.0,0,0.0
20.2,6.203999999999999,49.89999999941999,8.900039236937008,0.28787020630198706,2.818234050436667,-6.451310845078713e-05,492821.2565556311,5527517.131989599,2.8178197203669697,-0.0032010553404688835,0,1,0.0,0.0,1,2,1,2,WP1->WP2,1,6.571324801154079e-05,-6.571369549318046e-05,2.8171085412399024,0.37559303929468935,utm,0,0.0,0.0,0,0.0
20.25,6.254,49.89999999943591,8.900039612283159,0.2878660482048934,2.8452005531257907,-6.274145839692972e-05,492821.28351134266,5527517.131955397,2.8447754388325848,-0.0032292790710926056,0,1,0.0,0.0,1,2,1,2,WP1->WP2,1,6.39474588752742e-05,-6.394740143555071e-05,2.8440642744189137,0.3791869319697176,utm,0,0.0,0.0,0,0.0
20.3,6.304,49.89999999939946,8.900039987783057,0.28786099844680685,2.872178101686246,-6.679630123185653e-05,492821.3104780879,5527517.131915357,2.871742192306556,-0.003263339400291443,0,1,0.0,0.0,1,2,1,2,WP1->WP2,1,6.800523494371417e-05,-6.800484062771195e-05,2.8710310491063975,0.3827822967618705,utm,0,0.0,0.0,0,0.0
20.35,6.354000000000001,49.89999999945242,8.900040362547273,0.28785262850462495,2.899102795665597,-6.090613082516213e-05,492821.33739201294,5527517.131885327,2.898656123317778,-0.0032874010503292084,0,1,0.0,0.0,1,2,1,2,WP1->WP2,1,6.212206499196042e-05,-6.212198268740653e-05,2.897944990232228,0.3863706174810998,utm,0,0.0,0.0,0,0.0
20.4,6.403999999999998,49.89999999940361,8.900040737349867,0.28784320827187515,2.92603024690128,-6.633428546301913e-05,492821.364308679,5527517.131843981,2.92557279788889,-0.003322778269648552,0,1,0.0,0.0,1,2,1,2,WP1->WP2,1,6.75516804769619e-05,-6.755195776787111e-05,2.924861687512667,0.3899593056666411,utm,0,0.0,0.0,0,0.0
20.45,6.453999999999999,49.89999999935095,8.900041111424228,0.28783259566044483,2.952905378671611,-7.219120205480487e-05,492821.3911730461,5527517.131802276,2.952437173575163,-0.0033585261553525925,0,1,0.0,0.0,1,2,1,2,WP1->WP2,1,7.341156730740391e-05,-7.341120782668081e-05,2.951726086318094,0.39354102112007333,utm,0,0.0,0.0,0,0.0
20.5,6.504,49.899999999293016,8.9000414843503,0.2878199942808567,2.979698012388065,-7.863607439529488e-05,492821.41795494716,5527517.131760093,2.979219083325006,-0.0033947695046663284,0,1,0.0,0.0,1,2,1,2,WP1->WP2,1,7.985725660315023e-05,-7.985733250773138e-05,2.978508019838561,0.39711174182958253,utm,0,0.0,0.0,0,0.0
20.55,6.554,49.89999999927814,8.900041854492414,0.28781269998119574,3.0062906344366054,-8.029098233298356e-05,492821.44453692314,5527517.131722966,3.0058010669308715,-0.0034260014072060585,0,1,0.0,0.0,1,2,1,2,WP1->WP2,1,8.151501226159465e-05,-8.151501132401014e-05,3.0050900216953753,0.40065580650504,utm,0,0.0,0.0,0,0.0
20.6,6.604000000000001,49.89999999926574,8.900042220538593,0.28780596451381224,3.032588986596089,-8.166995435972798e-05,492821.4708247474,5527517.131686507,3.032088898587972,-0.003456631675362587,0,1,0.0,0.0,1,2,1,2,WP1->WP2,1,8.28970961396821e-05,-8.289743161004447e-05,3.0313778712071007,0.4041606531057623,utm,0,0.0,0.0,0,0.0
20.65,6.653999999999998,49.89999999924869,8.900042581625273,0.2878009883834843,3.058531026834201,-8.356612933749867e-05,492821.49675640155,5527517.131650007,3.0580205601872876,-0.0034873802214860916,0,1,0.0,0.0,1,2,1,2,WP1->WP2,1,8.479513327448279e-05,-8.47951516847352e-05,3.0573095509733457,0.40761801311686563,utm,0,0.0,0.0,0,0.0
20.7,6.703999999999999,49.899999999242695,8.900042936132301,0.2877975068788456,3.0840003561805873,-8.423262069162554e-05,492821.5222155358,5527517.131615367,3.083479701541364,-0.0035163750872015953,0,1,0.0,0.0,1,2,1,2,WP1->WP2,1,8.54647547745455e-05,-8.546445697528784e-05,3.0827687087838154,0.4110123737955311,utm,0,0.0,0.0,0,0.0
20.75,6.754,49.89999999923072,8.900043282236195,0.2877982510157754,3.1088659677578545,-8.556418834392571e-05,492821.54707119294,5527517.131580866,3.1083353657159023,-0.0035453643649816513,0,1,0.0,0.0,1,2,1,2,WP1->WP2,1,8.67993412436125e-05,-8.679930922663012e-05,3.107624389823785,0.4143262754961141,utm,0,0.0,0.0,0,0.0
20.8,6.804,49.89999999921551,8.900043617343991,0.2878061587610429,3.13294157173104,-8.725659526438373e-05,492821.57113715826,5527517.13154706,3.1324013379053213,-0.003573833964765072,0,1,0.0,0.0,1,2,1,2,WP1->WP2,1,8.849341852780315e-05,-8.849311486831231e-05,3.131690378829214,0.4175348909334885,utm,0,0.0,0.0,0,0.0
20.85,6.854000000000001,49.89999999919619,8.900043938808563,0.2878275887126529,3.15603698709436,-8.940535772986491e-05,492821.59422332654,5527517.131514105,3.1554875129368156,-0.0036016693338751793,0,1,0.0,0.0,1,2,1,2,WP1->WP2,1,9.064291292223759e-05,-9.064307735263053e-05,3.1547765705295534,0.4206128741845896,utm,0,0.0,0.0,0,0.0
20.9,6.903999999999998,49.89999999922434,8.90004424637378,0.28784176578764614,3.1781338121449383,-8.627383890463615e-05,492821.6163113114,5527517.13148776,3.1775755030685104,-0.0036231158301234245,0,1,0.0,0.0,1,2,1,2,WP1->WP2,1,8.751552890861975e-05,-8.751536808769949e-05,3.1768645708544363,0.4235577728466459,utm,0,0.0,0.0,0,0.0
20.95,6.953999999999999,49.899999999141485,8.900044547705392,0.28789885383316377,3.1997827879372878,-9.549009833017386e-05,492821.63795160974,5527517.131449668,3.1992158093489707,-0.0036564087495207787,0,1,0.0,0.0,1,2,1,2,WP1->WP2,1,9.673190529043053e-05,-9.673178712183343e-05,3.1985049007815043,0.4264429855282524,utm,0,0.0,0.0,0,0.0
21.0,7.004,49.8999999991403,8.900044854423477,0.2879316607200442,3.2218187514517824,-9.562240606183173e-05,492821.659978753,5527517.131420142,3.2212429586215876,-0.0036810506135225296,0,1,0.0,0.0,1,2,1,2,WP1->WP2,1,9.6866015932461e-05,-9.686572509910836e-05,3.2205320638468127,0.42937977301855534,utm,0,0.0,0.0,0,0.0
21.05,7.054,49.89999999913115,8.90004517692147,0.2879311901850454,3.244988412243162,-9.663983129244153e-05,492821.6831391387,5527517.131388218,3.2444033508072607,-0.0037078382447361946,0,1,0.0,0.0,1,2,1,2,WP1->WP2,1,9.788581503018692e-05,-9.788568299103569e-05,3.2436924714924174,0.4324676511643821,utm,0,0.0,0.0,0,0.0
21.1,7.104000000000001,49.89999999912028,8.900045525388345,0.2879304604496676,3.2700237906644105,-9.784828907678196e-05,492821.7081644949,5527517.131353617,3.2694287140620872,-0.00373688992112875,0,1,0.0,0.0,1,2,1,2,WP1->WP2,1,9.909467283060386e-05,-9.909468128127338e-05,3.2687178515958157,0.43580417811566646,utm,0,0.0,0.0,0,0.0
21.15,7.153999999999998,49.89999999909311,8.900045906419331,0.2878385979911821,3.29739871671768,-0.00010087084859358658,492821.73552845995,5527517.131314079,3.296792687207926,-0.0037703588604927063,0,1,0.0,0.0,1,2,1,2,WP1->WP2,1,0.00010211961121920581,-0.00010211917945137987,3.296081845046904,0.43945250238754935,utm,0,0.0,0.0,0,0.0
21.2,7.203999999999999,49.89999999908282,8.900046302837593,0.287791587440385,3.3258791316756167,-0.00010201492133204001,492821.7639974738,5527517.131274947,3.3252617090474814,-0.0038031786680221558,0,1,0.0,0.0,1,2,1,2,WP1->WP2,1,0.00010326420766384251,-0.00010326403897530753,3.324550885783794,0.4432481578902183,utm,0,0.0,0.0,0,0.0
21.25,7.254,49.89999999906697,8.900046694336917,0.2877974390821446,3.3540061486873647,-0.00010377808105017605,492821.79211323045,5527517.131235666,3.353377473715227,-0.003836224786937237,0,1,0.0,0.0,1,2,1,2,WP1->WP2,1,0.0001050290655560296,-0.00010502927614431419,3.3526666698039818,0.4469967151849427,utm,0,0.0,0.0,0,0.0
21.3,7.304,49.89999999905049,8.90004708003996,0.2878067933998835,3.38171673563523,-0.00010561057851003653,492821.81981272355,5527517.1311968705,3.381076974736061,-0.0038688769564032555,0,1,0.0,0.0,1,2,1,2,WP1->WP2,1,0.00010686377265679798,-0.00010686380151786628,3.380366190015555,0.45068977380549924,utm,0,0.0,0.0,0,0.0
21.35,7.354000000000001,49.899999999034684,8.900047461379271,0.28781523753559834,3.4091138131578917,-0.00010736949306031188,492821.8471988329,5527517.13115857,3.4084630919387564,-0.003901105374097824,0,1,0.0,0.0,1,2,1,2,WP1->WP2,1,0.00010862211121909531,-0.000108621956341157,3.407752326086306,0.45434105025820704,utm,0,0.0,0.0,0,0.0
21.4,7.403999999999998,49.89999999900621,8.900047839232174,0.2878245372223231,3.4362604118415883,-0.00011053638828437965,492821.8743345617,5527517.131119193,3.4355988287716173,-0.003934464417397976,0,1,0.0,0.0,1,2,1,2,WP1->WP2,1,0.00011179047346718706,-0.00011179081252542429,3.4348880832720634,0.4579589447644924,utm,0,0.0,0.0,0,0.0
21.45,7.453999999999999,49.89999999897195,8.900048215342302,0.28783684796821957,3.4632818019901372,-0.00011434713396731732,492821.9013451312,5527517.131079341,3.4626094065024517,-0.00396832637488842,0,1,0.0,0.0,1,2,1,2,WP1->WP2,1,0.00011560051748530357,-0.000115600716831016,3.4618986819251276,0.46156015241863846,utm,0,0.0,0.0,0,0.0
21.5,7.504,49.89999999893795,8.900048591145392,0.28784819181543103,3.4902811331946757,-0.00011812887100320701,492821.92833365075,5527517.131039548,3.489597934181802,-0.004002135246992111,0,1,0.0,0.0,1,2,1,2,WP1->WP2,1,0.00011938262185105743,-0.00011938230143343343,3.488887230527498,0.46515842023378456,utm,0,0.0,0.0,0,0.0
21.55,7.554,49.899999998903375,8.90004896693512,0.2878570494022751,3.51727950443244,-0.0001219742855570069,492821.95532121055,5527517.130999691,3.516585502133239,-0.004036007449030876,0,1,0.0,0.0,1,2,1,2,WP1->WP2,1,0.00012322805617317337,-0.0001232284965203718,3.5158748194873133,0.46875656010389105,utm,0,0.0,0.0,0,0.0
21.6,7.604000000000001,49.89999999888456,8.900049342725843,0.28786361971228347,3.544277947138084,-0.00012406715331232245,492821.9823088442,5527517.130961588,3.543573143600952,-0.00406812597066164,0,1,0.0,0.0,1,2,1,2,WP1->WP2,1,0.000125320739863465,-0.000125320914198586,3.542862479972574,0.47235470951017944,utm,0,0.0,0.0,0,0.0
21.65,7.653999999999998,49.89999999886831,8.900049718561194,0.2878682512111439,3.571279596071493,-0.00012587488729299564,492822.00929968315,5527517.130923765,3.570563990273513,-0.00409996323287487,0,1,0.0,0.0,1,2,1,2,WP1->WP2,1,0.00012712843855594555,-0.00012712872711240458,3.569853345343983,0.4759532862102378,utm,0,0.0,0.0,0,0.0
21.7,7.703999999999999,49.89999999887318,8.90005009434935,0.2878714924537655,3.5982778543644827,-0.00012533292086278208,492822.03628713585,5527517.1308882935,3.5975514501333237,-0.004129449836909771,0,1,0.0,0.0,1,2,1,2,WP1->WP2,1,0.00012658920233326159,-0.00012658947101058216,3.596840821349908,0.47955141102068494,utm,0,0.0,0.0,0,0.0
21.75,7.754,49.899999998878435,8.900050470019462,0.2878734137490172,3.6252676318449253,-0.0001247485027539617,492822.06326611136,5527517.130852879,3.6245304328622296,-0.004158881492912769,0,1,0.0,0.0,1,2,1,2,WP1->WP2,1,0.00012600433126738235,-0.0001260047157567235,3.6238198200984613,0.4831484055946451,utm,0,0.0,0.0,0,0.0
21.8,7.804,49.89999999888058,8.900050845605353,0.28787389414152087,3.6522513585483596,-0.00012450935829781004,492822.09023903793,5527517.1308171265,3.651503366709221,-0.004188652150332928,0,1,0.0,0.0,1,2,1,2,WP1->WP2,1,0.00012576591243451237,-0.0001257661016548939,3.650792770363379,0.486744593750138,utm,0,0.0,0.0,0,0.0
21.85,7.854000000000001,49.899999998883295,8.900051221034127,0.2878734417829707,3.67922379728302,-0.0001242079513797017,492822.1172006811,5527517.13078145,3.67846501711756,-0.0042183492332696915,0,1,0.0,0.0,1,2,1,2,WP1->WP2,1,0.0001254660262887728,-0.00012546617506497166,3.6777544371559947,0.49033927752850326,utm,0,0.0,0.0,0,0.0
21.9,7.903999999999998,49.899999998877654,8.900051596600102,0.2878723121658798,3.706206093097401,-0.00012483552869510566,492822.14417217625,5527517.1307448335,3.705436519696377,-0.004248985089361668,0,1,0.0,0.0,1,2,1,2,WP1->WP2,1,0.00012609373831028945,-0.00012609373757806704,3.7047259571326183,0.49393527498977213,utm,0,0.0,0.0,0,0.0
21.95,7.953999999999999,49.8999999989051,8.900051971578078,0.28786915063176416,3.7331461445031837,-0.00012178254547529949,492822.1711014488,5527517.130711952,3.732365798903629,-0.004275894723832607,0,1,0.0,0.0,1,2,1,2,WP1->WP2,1,0.00012304179151339576,-0.00012304210792532058,3.7316552496056894,0.49752564243850544,utm,0,0.0,0.0,0,0.0
22.0,8.004,49.89999999889206,8.90005234667135,0.2878649387293061,3.760094479291496,-0.00012323227029972192,492822.1980389953,5527517.130674561,3.759303353028372,-0.0043073128908872604,0,1,0.0,0.0,1,2,1,2,WP1->WP2,1,0.00012448999939075194,-0.00012448982923169167,3.7585928220177673,0.5011171138161117,utm,0,0.0,0.0,0,0.0
22.05,8.054,49.89999999888177,8.90005272169004,0.2878590876903195,3.787037455775508,-0.00012437775809412893,492822.2249711862,5527517.130637478,3.786235551466234,-0.004338422790169716,0,1,0.0,0.0,1,2,1,2,WP1->WP2,1,0.00012563552715713283,-0.0001256354979619642,3.785525038393362,0.5047078710962695,utm,0,0.0,0.0,0,0.0
22.1,8.104000000000001,49.89999999888108,8.900053096427179,0.28785148350257334,3.813960204424691,-0.00012445417111562118,492822.2518831587,5527517.130601492,3.813147531298455,-0.004368441179394722,0,1,0.0,0.0,1,2,1,2,WP1->WP2,1,0.00012571189569560384,-0.00012571197923361954,3.8124370349514836,0.5082959325545987,utm,0,0.0,0.0,0,0.0
22.15,8.153999999999998,49.899999998830296,8.900053470788219,0.28784274869970244,3.840855932472296,-0.00013010307448223357,492822.27876811405,5527517.130559972,3.840032495209016,-0.004404000006616116,0,1,0.0,0.0,1,2,1,2,WP1->WP2,1,0.00013135850945798221,-0.00013135842444296543,3.839322021773779,0.5118803929203108,utm,0,0.0,0.0,0,0.0
22.2,8.203999999999999,49.89999999876033,8.900053844463972,0.28783216335237205,3.8677024265526443,-0.000137885174698838,492822.30560385226,5527517.130516386,3.866868242446799,-0.004441634751856327,0,1,0.0,0.0,1,2,1,2,WP1->WP2,1,0.0001391359912575581,-0.00013913621380765072,3.8661577942577665,0.5154582917486767,utm,0,0.0,0.0,0,0.0
22.25,8.254,49.8999999986952,8.900054216959422,0.28781960186096917,3.8944641224619727,-0.00014512884612511275,492822.33235482697,5527517.13047345,3.8936192260007374,-0.004478638060390949,0,1,0.0,0.0,1,2,1,2,WP1->WP2,1,0.00014637703072201648,-0.00014637704415404836,3.892908802440585,0.5190248893151161,utm,0,0.0,0.0,0,0.0
22.3,8.304,49.899999998660896,8.900054586673603,0.28781180850479104,3.9210259999219064,-0.00014894454450388786,492822.35890606773,5527517.1304342095,3.9201704747974873,-0.004511990584433079,0,1,0.0,0.0,1,2,1,2,WP1->WP2,1,0.0001501889373836232,-0.00015018890331926628,3.919460071927885,0.5225648565751203,utm,0,0.0,0.0,0,0.0
22.35,8.354000000000001,49.899999998624125,8.900054952495442,0.2878059338321998,3.947308234543005,-0.00015303476373765368,492822.3851777772,5527517.130395065,3.946442192303948,-0.0045453086495399475,0,1,0.0,0.0,1,2,1,2,WP1->WP2,1,0.00015427744714733573,-0.00015427782684942365,3.9457318102457473,0.5260675551392365,utm,0,0.0,0.0,0,0.0
22.4,8.403999999999998,49.89999999861324,8.900055313140204,0.28780104137353024,3.9732185254306907,-0.00015424534410592446,492822.4110776957,5527517.130359297,3.9723421180970035,-0.004575333558022976,0,1,0.0,0.0,1,2,1,2,WP1->WP2,1,0.00015548723619182692,-0.00015548680555866777,3.9716317534330847,0.5295206838479409,utm,0,0.0,0.0,0,0.0
22.45,8.453999999999999,49.899999998603654,8.900055666887003,0.28779738896003254,3.998633236598413,-0.00015531158876693206,492822.436482233,5527517.130324334,3.9977466625277884,-0.004604662768542767,0,1,0.0,0.0,1,2,1,2,WP1->WP2,1,0.000156550807566933,-0.0001565511992506461,3.997036314740635,0.53290776540826,utm,0,0.0,0.0,0,0.0
22.5,8.504,49.89999999857208,8.900056012116217,0.28779853392688726,4.023436007362186,-0.00015882375764366853,492822.46127507166,5527517.130287742,4.02253950870363,-0.0046357568353414536,0,1,0.0,0.0,1,2,1,2,WP1->WP2,1,0.00016006096543931108,-0.00016006069017285418,4.021829180162039,0.5362132921709424,utm,0,0.0,0.0,0,0.0
22.55,8.554,49.89999999854173,8.900056346346327,0.28780756859266154,4.047448554586782,-0.00016219937362088642,492822.4852780032,5527517.130252341,4.046542447526008,-0.00466583576053381,0,1,0.0,0.0,1,2,1,2,WP1->WP2,1,0.00016343421885976195,-0.00016343395861426928,4.04583213757784,0.5394135038759175,utm,0,0.0,0.0,0,0.0
22.6,8.604000000000001,49.89999999851599,8.90005666698362,0.2878285363972509,4.070484534581087,-0.00016506273934291553,492822.5083047591,5527517.130218754,4.069569210289046,-0.004694316536188126,0,1,0.0,0.0,1,2,1,2,WP1->WP2,1,0.000166295244310477,-0.00016629556503906036,4.068858917789993,0.5424835660472697,utm,0,0.0,0.0,0,0.0
22.65,8.653999999999998,49.899999998552985,8.900056974364654,0.287841715150823,4.0925681272260706,-0.00016094704910198565,492822.53037951805,5527517.130193415,4.091643974301405,-0.004714759066700935,0,1,0.0,0.0,1,2,1,2,WP1->WP2,1,0.0001621787948944007,-0.00016217874483082277,4.090933690896783,0.545426701180881,utm,0,0.0,0.0,0,0.0
22.7,8.703999999999999,49.89999999847842,8.900057276369497,0.2878993906827947,4.114265470820498,-0.0001692406920458021,492822.55206816614,5527517.1301561855,4.113332630135119,-0.004747179336845875,0,1,0.0,0.0,1,2,1,2,WP1->WP2,1,0.00017046850450836858,-0.00017046824482768298,4.112622369357942,0.5483183599658586,utm,0,0.0,0.0,0,0.0
22.75,8.754,49.899999998500455,8.900057584513847,0.2879316324467817,4.136403903449815,-0.00016678981513423578,492822.574197741,5527517.130129109,4.135462210455444,-0.004769348539412022,0,1,0.0,0.0,1,2,1,2,WP1->WP2,1,0.00016801633000295636,-0.00016801612780614498,4.134751960635329,0.5512688037718204,utm,0,0.0,0.0,0,0.0
22.8,8.804,49.89999999847586,8.900057909173139,0.28793114421012267,4.159728841355378,-0.0001695251182924677,492822.5975133392,5527517.130095264,4.158777815580834,-0.004798023030161858,0,1,0.0,0.0,1,2,1,2,WP1->WP2,1,0.00017075069546327486,-0.0001707502957674112,4.158067583238718,0.5543773760644592,utm,0,0.0,0.0,0,0.0
22.85,8.854000000000001,49.899999998448,8.90005826053054,0.2879303956076343,4.184971887824044,-0.00017262409083076456,492822.62274627783,5527517.130058499,4.18401076173177,-0.0048291925340890884,0,1,0.0,0.0,1,2,1,2,WP1->WP2,1,0.00017384548313813077,-0.000173845768395456,4.183300548474567,0.5577415794540733,utm,0,0.0,0.0,0,0.0
22.9,8.903999999999998,49.89999999841075,8.900058644068894,0.2878303908084976,4.212526954028828,-0.00017676808219076567,492822.6502903094,5527517.130017607,4.211554801673628,-0.004863976500928402,0,1,0.0,0.0,1,2,1,2,WP1->WP2,1,0.0001779852156755141,-0.00017798506929939795,4.210844610078469,0.5614139114430198,utm,0,0.0,0.0,0,0.0
22.95,8.953999999999999,49.89999999838873,8.900059040552188,0.2877916397635893,4.241012041199416,-0.0001792168365184016,492822.6787639919,5527517.129977168,4.240028492466081,-0.004898102022707462,0,1,0.0,0.0,1,2,1,2,WP1->WP2,1,0.0001804299396069636,-0.0001804303436379513,4.239318321216574,0.5652101896303178,utm,0,0.0,0.0,0,0.0
23.0,9.004,49.89999999833768,8.900059431569549,0.28779815138102915,4.269104431895705,-0.00018489545606003877,492822.7068451309,5527517.129934023,4.268109640339389,-0.004935018718242645,0,1,0.0,0.0,1,2,1,2,WP1->WP2,1,0.00018610449309937663,-0.00018610489523541047,4.267399492754762,0.5689541321907777,utm,0,0.0,0.0,0,0.0
23.05,9.054,49.89999999829388,8.900059816858917,0.2878073367895685,4.29678529867045,-0.00018976678618016983,492822.7345149118,5527517.129892236,4.295779429783579,-0.0049706706777215,0,1,0.0,0.0,1,2,1,2,WP1->WP2,1,0.0001909715892403829,-0.00019097140365368463,4.2950693047686626,0.5726432299443345,utm,0,0.0,0.0,0,0.0
23.1,9.104000000000001,49.8999999982585,8.900060197855426,0.28781574475001004,4.324157747723573,-0.0001937020567870208,492822.76187639945,5527517.129851797,4.323140925785992,-0.005005042068660259,0,1,0.0,0.0,1,2,1,2,WP1->WP2,1,0.0001949008426749342,-0.0001949007269420926,4.322430822048637,0.5762912240789079,utm,0,0.0,0.0,0,0.0
23.15,9.153999999999998,49.89999999820752,8.90006057554312,0.2878256494075113,4.351292477123864,-0.0001993721859929366,492822.7890002604,5527517.129809937,4.350264795357361,-0.005040885880589485,0,1,0.0,0.0,1,2,1,2,WP1->WP2,1,0.0002005670142716376,-0.00020056739134724342,4.349554714713195,0.5799075367392998,utm,0,0.0,0.0,0,0.0
23.2,9.203999999999999,49.899999998158684,8.900060951747124,0.2878377609147904,4.378320611670721,-0.00020480458579865427,492822.81601756957,5527517.129768461,4.377282113011461,-0.005076371133327484,0,1,0.0,0.0,1,2,1,2,WP1->WP2,1,0.00020599383571372825,-0.00020599345912047316,4.376572055161004,0.5835096432481197,utm,0,0.0,0.0,0,0.0
23.25,9.254,49.89999999808839,8.900061327699786,0.2878487209912376,4.405330688836736,-0.00021262276994207446,492822.8430168254,5527517.129724623,4.404281377908774,-0.005114221945405006,0,1,0.0,0.0,1,2,1,2,WP1->WP2,1,0.00021380577641788665,-0.0002138054481792019,4.403571345437516,0.5871093432047608,utm,0,0.0,0.0,0,0.0
23.3,9.304,49.89999999804569,8.900061703569177,0.2878570632472796,4.432334783375473,-0.00021737169772222256,492822.87001010496,5527517.129683861,4.431274665868841,-0.005148998461663723,0,1,0.0,0.0,1,2,1,2,WP1->WP2,1,0.00021854900653373166,-0.00021854925586235342,4.430564655375948,0.5907082458284904,utm,0,0.0,0.0,0,0.0
23.35,9.354000000000001,49.8999999980054,8.900062079447794,0.2878634226639279,4.459339540778797,-0.00022185388745512454,492822.8970040475,5527517.129643365,4.458268616755959,-0.005183507688343525,0,1,0.0,0.0,1,2,1,2,WP1->WP2,1,0.00022302587816434602,-0.00022302582087682315,4.457558627943634,0.5943072367977457,utm,0,0.0,0.0,0,0.0
23.4,9.403999999999998,49.89999999794872,8.900062455399222,0.2878676021464004,4.486349529248069,-0.00022815796172823532,492822.9240032166,5527517.129601041,4.485267794574611,-0.005219845101237297,0,1,0.0,0.0,1,2,1,2,WP1->WP2,1,0.00022932348699187535,-0.00022932359650408945,4.484557829470173,0.5979069249217324,utm,0,0.0,0.0,0,0.0
23.45,9.453999999999999,49.899999997888045,8.900062831357877,0.2878702228712963,4.51336003688044,-0.000234906363570764,492822.9510029042,5527517.129558272,4.512267490965314,-0.005256626754999161,0,1,0.0,0.0,1,2,1,2,WP1->WP2,1,0.00023606626846812398,-0.0002360658520506114,4.511557550104106,0.6015066822560888,utm,0,0.0,0.0,0,0.0
23.5,9.504,49.89999999787066,8.900063207242827,0.287872299195946,4.540365249253392,-0.0002368407450592808,492822.97799730493,5527517.129520321,4.539261899422854,-0.005288590677082539,0,1,0.0,0.0,1,2,1,2,WP1->WP2,1,0.00023799690186401815,-0.00023799650340218593,4.538551977427574,0.6051057338559886,utm,0,0.0,0.0,0,0.0
23.55,9.554,49.89999999785277,8.900063582875909,0.28787313880077026,4.5673523663420035,-0.00023883031372998648,492823.00497361756,5527517.129482341,4.566238219849765,-0.005320589058101177,0,1,0.0,0.0,1,2,1,2,WP1->WP2,1,0.0002399815519988229,-0.00023998109275685098,4.565528316718075,0.6087023738557753,utm,0,0.0,0.0,0,0.0
23.6,9.604000000000001,49.89999999783312,8.900063958216085,0.2878724576246225,4.5943184398409835,-0.00024101586765026023,492823.03192889487,5527517.129444194,4.593193504959345,-0.0053527578711509705,0,1,0.0,0.0,1,2,1,2,WP1->WP2,1,0.00024216084876678542,-0.00024216045702368718,4.5924836209324145,0.6122962093387775,utm,0,0.0,0.0,0,0.0
23.65,9.653999999999998,49.899999997810866,8.900064333502565,0.2878710346617616,4.621280655478279,-0.00024349080051303706,492823.05888031534,5527517.129405761,4.62014493328752,-0.00538521446287632,0,1,0.0,0.0,1,2,1,2,WP1->WP2,1,0.0002446307184630325,-0.0002446308834117404,4.619435068692086,0.6158895306571643,utm,0,0.0,0.0,0,0.0
23.7,9.703999999999999,49.89999999781108,8.900064708324653,0.287867960912471,4.648209507229168,-0.00024346745208980332,492823.08579838864,5527517.129369872,4.647063013864681,-0.005415135063230991,0,1,0.0,0.0,1,2,1,2,WP1->WP2,1,0.00024460277873299824,-0.00024460236666041206,4.646353165918683,0.6194784054915424,utm,0,0.0,0.0,0,0.0
23.75,9.754,49.89999999778803,8.900065083156033,0.2878636346698554,4.675139026566627,-0.00024603082594967763,492823.1127171258,5527517.129331394,4.673981758882292,-0.005447642877697945,0,1,0.0,0.0,1,2,1,2,WP1->WP2,1,0.0002471611241504076,-0.0002471611072253856,4.673271930456533,0.6230673692956774,utm,0,0.0,0.0,0,0.0
23.8,9.804,49.89999999770032,8.900065458638762,0.2878587973553175,4.702115341668047,-0.00025578692922149855,492823.1396826305,5527517.129285665,4.700947273056954,-0.005487391725182533,0,1,0.0,0.0,1,2,1,2,WP1->WP2,1,0.00025690835485918926,-0.0002569087149977379,4.700237472155677,0.6266625696987657,utm,0,0.0,0.0,0,0.0
23.85,9.854000000000001,49.8999999977296,8.900065832842058,0.28785141037045425,4.728999736696589,-0.0002525301779443797,492823.1665562692,5527517.129253067,4.727820918371435,-0.00551403034478426,0,1,0.0,0.0,1,2,1,2,WP1->WP2,1,0.00025364779168062434,-0.0002536481981290297,4.7271111304659295,0.630245519682394,utm,0,0.0,0.0,0,0.0
23.9,9.903999999999998,49.899999997651065,8.900066206787173,0.2878426828596375,4.7558655828749945,-0.00026126531834570695,492823.1934113505,5527517.129208507,4.754676008829847,-0.005552635528147221,0,1,0.0,0.0,1,2,1,2,WP1->WP2,1,0.0002623742919699301,-0.0002623743397895,4.753966247278571,0.6338259976074067,utm,0,0.0,0.0,0,0.0
23.95,9.953999999999999,49.89999999757301,8.900066579770394,0.28783171095343096,4.782662322421153,-0.0002699466866207989,492823.2201973529,5527517.129164091,4.781462020415347,-0.00559111125767231,0,1,0.0,0.0,1,2,1,2,WP1->WP2,1,0.0002710486380861497,-0.00027104830146132793,4.780752285087178,0.6373972655241086,utm,0,0.0,0.0,0,0.0
24.0,10.004,49.89999999746499,8.90006695195622,0.2878183131008868,4.809401773569982,-0.0002819619267224787,492823.2469260853,5527517.129116421,4.808190762763843,-0.00563285406678915,0,1,0.0,0.0,1,2,1,2,WP1->WP2,1,0.00028305339682252326,-0.00028305365034757095,4.807481057354521,0.6409608984709912,utm,0,0.0,0.0,0,0.0
24.05,10.054,49.899999997412245,8.900067321544178,0.2878114060913077,4.835954582649298,-0.0002878287487059394,492823.2734682586,5527517.129075145,4.83473294461146,-0.005668244324624538,0,1,0.0,0.0,1,2,1,2,WP1->WP2,1,0.00028891235233122393,-0.0002889125466421208,4.834023262092198,0.6444996571666779,utm,0,0.0,0.0,0,0.0
24.1,10.104000000000001,49.89999999737891,8.900067686933092,0.2878051049594963,4.862205714066177,-0.0002915361953042671,492823.2997088779,5527517.129036431,4.86097357183462,-0.005701138637959957,0,1,0.0,0.0,1,2,1,2,WP1->WP2,1,0.0002926125002280332,-0.00029261268445952815,4.860263909696724,0.6479982105388908,utm,0,0.0,0.0,0,0.0
24.15,10.153999999999998,49.8999999973441,8.900068047052931,0.2878001541743384,4.888078292246959,-0.0002954077883932079,492823.3255710953,5527517.128998058,4.886835797049571,-0.005733776837587357,0,1,0.0,0.0,1,2,1,2,WP1->WP2,1,0.0002964765609850611,-0.0002964768763545555,4.886126155233285,0.6514463131809662,utm,0,0.0,0.0,0,0.0
24.2,10.203999999999999,49.899999997308214,8.90006840041348,0.28779661921074556,4.913465253457866,-0.0002993996612382013,492823.3509478898,5527517.128960212,4.912212599359918,-0.005765995942056179,0,1,0.0,0.0,1,2,1,2,WP1->WP2,1,0.0003004616938796812,-0.00030046166051774344,4.911502977652219,0.6548296964338437,utm,0,0.0,0.0,0,0.0
24.25,10.254,49.89999999726503,8.900068745588168,0.287798863497477,4.938264106888469,-0.0003042030686725614,492823.3757368109,5527517.128922338,4.937001528218389,-0.0057983724400401115,0,1,0.0,0.0,1,2,1,2,WP1->WP2,1,0.00030525894073443586,-0.0003052588088375983,4.936291927238113,0.6581347011149167,utm,0,0.0,0.0,0,0.0
24.3,10.304,49.899999997228555,8.900069079756047,0.28780841749591113,4.962272183159068,-0.0003082600340914186,492823.3997352724,5527517.128886266,4.960999997158069,-0.005829122848808765,0,1,0.0,0.0,1,2,1,2,WP1->WP2,1,0.00030930833490716694,-0.00030930859352363194,4.960290415495318,0.661334316966081,utm,0,0.0,0.0,0,0.0
24.35,10.354000000000001,49.899999997201526,8.900069400458689,0.2878296141399366,4.9853128580826,-0.00031126632046475725,492823.4227667211,5527517.128852534,4.984031452797353,-0.005857747048139572,0,1,0.0,0.0,1,2,1,2,WP1->WP2,1,0.00031230812753097256,-0.00031230829299202205,4.9833218887139505,0.6644050048359255,utm,0,0.0,0.0,0,0.0
24.4,10.403999999999998,49.89999999724318,8.900069708480729,0.2878420315225489,5.007442503353214,-0.00030663342727280113,492823.444887515,5527517.128827653,5.006152251618914,-0.0058777229860424995,0,1,0.0,0.0,1,2,1,2,WP1->WP2,1,0.00030767293097061374,-0.00030767276744504284,5.005442696095208,0.6673542775225654,utm,0,0.0,0.0,0,0.0
24.45,10.453999999999999,49.89999999716434,8.900070011974748,0.2878975007018102,5.029246835895386,-0.000315401821489037,492823.4666831086,5527517.1287898095,5.027947853086516,-0.0059107327833771706,0,1,0.0,0.0,1,2,1,2,WP1->WP2,1,0.0003164329589204275,-0.0003164333065138638,5.027238320797575,0.670260194992712,utm,0,0.0,0.0,0,0.0
24.5,10.504,49.899999997159384,8.900070322282678,0.28793158526204643,5.051540709504526,-0.0003159536933109255,492823.4889680581,5527517.1287595285,5.050232808745932,-0.0059360722079873085,0,1,0.0,0.0,1,2,1,2,WP1->WP2,1,0.0003169787143953299,-0.0003169785446189345,5.049523290853384,0.6732313547869913,utm,0,0.0,0.0,0,0.0
24.55,10.554,49.89999999710986,8.900070649806777,0.287931079951699,5.0750714676299475,-0.0003214617986101586,492823.51248939056,5527517.1287226435,5.073754148790613,-0.005967740900814533,0,1,0.0,0.0,1,2,1,2,WP1->WP2,1,0.00032247817908890946,-0.00032247802674771316,5.073044651608811,0.6763673572679568,utm,0,0.0,0.0,0,0.0
24.6,10.604000000000001,49.89999999705534,8.900071004711316,0.28793031408136815,5.100569355924026,-0.00032752602089914095,492823.5379770651,5527517.128682578,5.099241831572726,-0.00600215420126915,0,1,0.0,0.0,1,2,1,2,WP1->WP2,1,0.00032853457519600504,-0.0003285341987163999,5.098532356896505,0.6797655240597266,utm,0,0.0,0.0,0,0.0
24.65,10.653999999999998,49.89999999700078,8.900071390922136,0.28782207869662946,5.128316423778836,-0.00033359448835598395,492823.5657130188,5527517.12863951,5.126977794221602,-0.006039071828126907,0,1,0.0,0.0,1,2,1,2,WP1->WP2,1,0.000334592833946592,-0.0003345929772757165,5.126268343415654,0.6834634445771868,utm,0,0.0,0.0,0,0.0
24.7,10.703999999999999,49.899999996938895,8.900071787298657,0.2877918844248298,5.1567938398934805,-0.00034047802804207763,492823.59417902754,5527517.128594653,5.155443812196609,-0.006077616475522518,0,1,0.0,0.0,1,2,1,2,WP1->WP2,1,0.0003414669320219645,-0.0003414666814624589,5.154734386648998,0.6872587004355216,utm,0,0.0,0.0,0,0.0
24.75,10.754,49.899999996864366,8.900072177855737,0.28779921044418416,5.184853162018852,-0.0003487674258180334,492823.6222271076,5527517.128548949,5.183491901669186,-0.006117100827395916,0,1,0.0,0.0,1,2,1,2,WP1->WP2,1,0.0003497445343755725,-0.0003497446171475437,5.1827825027069645,0.6909982358501086,utm,0,0.0,0.0,0,0.0
24.8,10.804,49.89999999680278,8.900072562868411,0.28780843232900605,5.212514149875166,-0.0003556177116892184,492823.6498770149,5527517.128505213,5.211141818028409,-0.006154704838991165,0,1,0.0,0.0,1,2,1,2,WP1->WP2,1,0.00035658603611218203,-0.00035658596878238014,5.210432443787666,0.6946846842970856,utm,0,0.0,0.0,0,0.0
24.85,10.854000000000001,49.89999999674094,8.900072943707691,0.28781660906579165,5.239875302919378,-0.0003624962986794746,492823.6772272072,5527517.128461851,5.238492019241676,-0.006192001514136791,0,1,0.0,0.0,1,2,1,2,WP1->WP2,1,0.00036345361493533547,-0.0003634537829248185,5.237782669607318,0.6983311729895227,utm,0,0.0,0.0,0,0.0
24.9,10.903999999999998,49.89999999663932,8.900073321289792,0.2878265329346721,5.267002446004212,-0.0003737983505805601,492823.70434347744,5527517.1284143785,5.265608299348969,-0.0062334612011909485,0,1,0.0,0.0,1,2,1,2,WP1->WP2,1,0.0003747440485725248,-0.00037474365214405124,5.264898979023763,0.7019464746078604,utm,0,0.0,0.0,0,0.0
24.95,10.953999999999999,49.8999999965516,8.900073697659622,0.28783876890257226,5.294042494246657,-0.00038355586890833455,492823.7313726897,5527517.128368566,5.292637521110009,-0.006273279897868633,0,1,0.0,0.0,1,2,1,2,WP1->WP2,1,0.00038449034795955947,-0.0003844900711279513,5.291928228364413,0.7055501688784548,utm,0,0.0,0.0,0,0.0
25.0,11.004,49.899999996458575,8.900074073705337,0.2878488195962011,5.321059256722358,-0.0003939027580407669,492823.75837862474,5527517.128322195,5.319643465743866,-0.00631366204470396,0,1,0.0,0.0,1,2,1,2,WP1->WP2,1,0.0003948252437771287,-0.0003948254116548344,5.318934201226566,0.7091507597956729,utm,0,0.0,0.0,0,0.0
25.05,11.054,49.89999999636998,8.900074449718856,0.28785690603213854,5.348073706063551,-0.0004037572077013602,492823.7853822482,5527517.128276321,5.346647098776884,-0.0063535477966070175,0,1,0.0,0.0,1,2,1,2,WP1->WP2,1,0.00040466746953696047,-0.000404667442081126,5.3459378618857825,0.7127510424367577,utm,0,0.0,0.0,0,0.0
25.1,11.104000000000001,49.8999999962893,8.900074825569849,0.2878619840301249,5.375076478829372,-0.0004127300775028856,492823.8123742009,5527517.128231344,5.373639060766436,-0.006392539478838444,0,1,0.0,0.0,1,2,1,2,WP1->WP2,1,0.00041362773197273575,-0.0004136281825261275,5.372929850548033,0.716349768900382,utm,0,0.0,0.0,0,0.0
25.15,11.153999999999998,49.89999999625365,8.900075199784027,0.28786591788785726,5.401961655665472,-0.0004166957718127381,492823.83924861153,5527517.128191528,5.4005134795443155,-0.00642639584839344,0,1,0.0,0.0,1,2,1,2,WP1->WP2,1,0.0004175839938155768,-0.00041758437921710236,5.399804290380341,0.7199328230810053,utm,0,0.0,0.0,0,0.0
25.2,11.203999999999999,49.899999996197536,8.900075570604516,0.2878682315406754,5.428603015107125,-0.00042293687609591544,492823.86587929924,5527517.128149764,5.427144175861031,-0.00646225456148386,0,1,0.0,0.0,1,2,1,2,WP1->WP2,1,0.0004238145473220922,-0.00042381411088013044,5.426435010102529,0.7234833831011951,utm,0,0.0,0.0,0,0.0
25.25,11.254,49.899999996185365,8.900075936438233,0.28787083790935414,5.454886103131284,-0.00042429108464347255,492823.8921518655,5527517.128113361,5.453416749543976,-0.006492830812931061,0,1,0.0,0.0,1,2,1,2,WP1->WP2,1,0.0004251603096521047,-0.00042516007990437777,5.452707601577878,0.726986195413152,utm,0,0.0,0.0,0,0.0
25.3,11.304,49.89999999611125,8.900076298919998,0.2878724345981472,5.480928372349045,-0.0004325344931009376,492823.91818370007,5527517.1280703945,5.479448592988774,-0.0065300241112709045,0,1,0.0,0.0,1,2,1,2,WP1->WP2,1,0.00043339134591843564,-0.0004333912232189143,5.4787394702745615,0.7304569131860654,utm,0,0.0,0.0,0,0.0
25.35,11.354000000000001,49.899999996061,8.900076656607894,0.28787317400767654,5.5066262290474475,-0.00043812396411750047,492823.9438712636,5527517.128030539,5.50513616472017,-0.006564184091985226,0,1,0.0,0.0,1,2,1,2,WP1->WP2,1,0.0004389709044374675,-0.00043897112737970875,5.504427064112189,0.733881730263719,utm,0,0.0,0.0,0,0.0
25.4,11.403999999999998,49.899999996035085,8.90007701055552,0.2878717364716933,5.532055368559163,-0.00044100643309490263,492823.9692902211,5527517.1279937485,5.5305551297497,-0.0065953368321061134,0,1,0.0,0.0,1,2,1,2,WP1->WP2,1,0.0004418431058268001,-0.00044184353278338976,5.529846048094585,0.7372707347376215,utm,0,0.0,0.0,0,0.0
25.45,11.453999999999999,49.89999999600911,8.900077359692245,0.2878688585981754,5.557138871919317,-0.0004438952698240958,492823.9943636807,5527517.127957413,5.555628596805036,-0.006626112386584282,0,1,0.0,0.0,1,2,1,2,WP1->WP2,1,0.0004447227577900965,-0.00044472246575790483,5.554919533862129,0.7406136754114654,utm,0,0.0,0.0,0,0.0
25.5,11.504,49.899999995974554,8.900077705720687,0.28786684112016275,5.581999062657891,-0.0004477385617939654,492824.0192139159,5527517.127920421,5.580478839634452,-0.006657593883574009,0,1,0.0,0.0,1,2,1,2,WP1->WP2,1,0.00044855608492952193,-0.00044855583838687,5.5797697963039585,0.7439268546735216,utm,0,0.0,0.0,0,0.0
25.55,11.554,49.899999995917305,8.900078047272029,0.2878615619104705,5.606537599057749,-0.00045410631358498634,492824.04374262213,5527517.127881334,5.605007553880569,-0.006691240705549717,0,1,0.0,0.0,1,2,1,2,WP1->WP2,1,0.00045491236710468896,-0.0004549127834464771,5.604298532836112,0.747197166260492,utm,0,0.0,0.0,0,0.0
25.6,11.604000000000001,49.89999999587085,8.90007838534241,0.28785727914025255,5.630826048032905,-0.0004592733903994115,492824.06802134257,5527517.127843781,5.629286282055546,-0.00672340951859951,0,1,0.0,0.0,1,2,1,2,WP1->WP2,1,0.0004600691048522348,-0.00046006940826347697,5.628577281763977,0.7504341480688238,utm,0,0.0,0.0,0,0.0
25.65,11.653999999999998,49.8999999957939,8.900078718780222,0.2878498843997496,5.654781673133057,-0.0004678323563345205,492824.09196736786,5527517.127803282,5.653232315729838,-0.006758599542081356,0,1,0.0,0.0,1,2,1,2,WP1->WP2,1,0.00046861679097805653,-0.00046861666437802264,5.6525233397789645,0.7536267736199208,utm,0,0.0,0.0,0,0.0
25.7,11.703999999999999,49.89999999572755,8.900079048084534,0.2878443714538156,5.678440329538337,-0.0004752125806603138,492824.1156165449,5527517.127764357,5.676881500869058,-0.00679227989166975,0,1,0.0,0.0,1,2,1,2,WP1->WP2,1,0.00047598542175465773,-0.0004759851526744643,5.676172547712771,0.7567798214186616,utm,0,0.0,0.0,0,0.0
25.75,11.754,49.899999995602414,8.900079372591362,0.28783304734730863,5.701754313842706,-0.0004891310710195321,492824.138921179,5527517.127719356,5.700186144327745,-0.006832113489508629,0,1,0.0,0.0,1,2,1,2,WP1->WP2,1,0.0004898900801916558,-0.0004898902537060944,5.699477221100839,0.7598869338992272,utm,0,0.0,0.0,0,0.0
25.8,11.804,49.89999999548818,8.900079693312028,0.2878230820070811,5.7247962837387,-0.0005018368584265493,492824.16195390926,5527517.12767593,5.723218883678783,-0.0068704308941960335,0,1,0.0,0.0,1,2,1,2,WP1->WP2,1,0.0005025821555412574,-0.0005025823711860835,5.722509988811702,0.7629577943581871,utm,0,0.0,0.0,0,0.0
25.85,11.854000000000001,49.89999999540123,8.900080007876623,0.28781545982645285,5.747395974659601,-0.0005115080583411566,492824.1845445416,5527517.127636126,5.745809524261858,-0.006905225105583668,0,1,0.0,0.0,1,2,1,2,WP1->WP2,1,0.0005122427732500369,-0.0005122424885236564,5.745100654130207,0.7659697111950626,utm,0,0.0,0.0,0,0.0
25.9,11.903999999999998,49.89999999534842,8.900080316040935,0.2878113516683627,5.769535841368503,-0.0005173812480764083,492824.20667553885,5527517.127600735,5.76794052880723,-0.006935709156095982,0,1,0.0,0.0,1,2,1,2,WP1->WP2,1,0.0005181035914022287,-0.0005181033140497186,5.767231678921793,0.7689203461253445,utm,0,0.0,0.0,0,0.0
25.95,11.953999999999999,49.89999999528603,8.900080616099489,0.28780526548008295,5.791093355120513,-0.0005243213900006444,492824.2282244148,5527517.127565052,5.789489412156399,-0.006966613233089447,0,1,0.0,0.0,1,2,1,2,WP1->WP2,1,0.0005250326375382557,-0.0005250323925397259,5.788780583307953,0.7717933694304054,utm,0,0.0,0.0,0,0.0
26.0,12.004,49.89999999522552,8.90008090851507,0.28779845880630767,5.81210176443246,-0.0005310513961157767,492824.24922440643,5527517.127530312,5.810489411000162,-0.006996695883572102,0,1,0.0,0.0,1,2,1,2,WP1->WP2,1,0.0005317512045714504,-0.0005317513731605746,5.80978060259435,0.774593212231476,utm,0,0.0,0.0,0,0.0
26.05,12.054,49.899999995173374,8.900081191491049,0.2878009897888054,5.832431991549225,-0.0005368517104694201,492824.2695464885,5527517.127497404,5.8308114998508245,-0.007025097496807575,0,1,0.0,0.0,1,2,1,2,WP1->WP2,1,0.0005375431048368059,-0.000537543007537517,5.830102710454201,0.777302671999965,utm,0,0.0,0.0,0,0.0
26.1,12.104000000000001,49.8999999951209,8.90008146412397,0.2878032533354148,5.852019128321264,-0.0005426881087498793,492824.28912577755,5527517.127465452,5.85039079550188,-0.007052707485854626,0,1,0.0,0.0,1,2,1,2,WP1->WP2,1,0.0005433694640067445,-0.0005433693147699,5.849682024732281,0.7799130982754726,utm,0,0.0,0.0,0,0.0
26.15,12.153999999999998,49.89999999506904,8.900081724680646,0.2878093663129478,5.870738655112745,-0.0005484565843445674,492824.307837804,5527517.127434725,5.869102828321047,-0.007079285569489002,0,1,0.0,0.0,1,2,1,2,WP1->WP2,1,0.0005491278366115919,-0.0005491281593260236,5.868394075549215,0.7824078960210632,utm,0,0.0,0.0,0,0.0
26.2,12.203999999999999,49.89999999501722,8.900081972244058,0.2878231213895081,5.888524689130909,-0.000554220814771395,492824.3256167114,5527517.127405248,5.886881741811521,-0.007104819640517235,0,1,0.0,0.0,1,2,1,2,WP1->WP2,1,0.0005548824839294571,-0.0005548822706470025,5.886173006433276,0.7847782848748825,utm,0,0.0,0.0,0,0.0
26.25,12.254,49.899999995031486,8.900082206569351,0.28783687198559277,5.905359639067591,-0.0005526338295194773,492824.34244492516,5527517.127384385,5.903709959762637,-0.007121950387954712,0,1,0.0,0.0,1,2,1,2,WP1->WP2,1,0.0005532899209485376,-0.0005532902068032621,5.903001233050165,0.787021920392808,utm,0,0.0,0.0,0,0.0
26.3,12.304,49.899999995010404,8.900082431182911,0.2878597917377121,5.9214968557495595,-0.0005549785772345265,492824.35857567965,5527517.127360525,5.919840719143394,-0.007142234593629837,0,1,0.0,0.0,1,2,1,2,WP1->WP2,1,0.0005556266113244992,-0.0005556267172627172,5.91913200501937,0.7891725672640205,utm,0,0.0,0.0,0,0.0
26.35,12.354000000000001,49.89999999505925,8.900082653700544,0.2878907070509913,5.937483491905649,-0.000549545469900832,492824.3745559243,5527517.127344638,5.935820966959,-0.007154577411711216,0,1,0.0,0.0,1,2,1,2,WP1->WP2,1,0.0005501904765872849,-0.0005501900825980248,5.935112256663615,0.7913031459037466,utm,0,0.0,0.0,0,0.0
26.4,12.403999999999998,49.89999999518404,8.900082882414527,0.28793171359350983,5.953915300847861,-0.0005356651860523599,492824.39098117483,5527517.127336604,5.952246218861546,-0.007158968597650528,0,1,0.0,0.0,1,2,1,2,WP1->WP2,1,0.0005363072386281017,-0.0005363076840626794,5.95153750326764,0.7934930538192064,utm,0,0.0,0.0,0,0.0
26.45,12.453999999999999,49.89999999509832,8.900083125385226,0.2879314250046263,5.9713713744282035,-0.0005451998330674486,492824.4084302488,5527517.127303797,5.969695299630985,-0.00718790665268898,0,1,0.0,0.0,1,2,1,2,WP1->WP2,1,0.0005458309518072829,-0.0005458313814018234,5.968986605468466,0.795819468024634,utm,0,0.0,0.0,0,0.0
26.5,12.504,49.899999995004706,8.900083390153124,0.2879274021453037,5.990393453725542,-0.0005556125223017214,492824.4274447005,5527517.127268024,5.988709758850746,-0.007219462655484676,0,1,0.0,0.0,1,2,1,2,WP1->WP2,1,0.0005562329028681977,-0.0005562325883031293,5.988001087985579,0.7983545876959814,utm,0,0.0,0.0,0,0.0
26.55,12.554,49.89999999492247,8.900083679512885,0.2878300594241758,6.011182319580849,-0.0005647594439855347,492824.4482252333,5527517.127231161,6.00949029927142,-0.007251717150211334,0,1,0.0,0.0,1,2,1,2,WP1->WP2,1,0.0005653673227810622,-0.0005653668844454653,6.008781651468924,0.8011251713929556,utm,0,0.0,0.0,0,0.0
26.6,12.604000000000001,49.8999999948353,8.900083982217252,0.28778476830675415,6.0329299200265645,-0.0005744546998513526,492824.4699641162,5527517.127192471,6.0312291902373545,-0.007285586558282375,0,1,0.0,0.0,1,2,1,2,WP1->WP2,1,0.0005750493608899878,-0.0005750496665290816,6.030520566616896,0.8040235280206354,utm,0,0.0,0.0,0,0.0
26.65,12.653999999999998,49.89999999471115,8.90008427862353,0.287782893780996,6.054225038308734,-0.00058826352337417,492824.4912506925,5527517.127150274,6.05251577537274,-0.007323062978684902,0,1,0.0,0.0,1,2,1,2,WP1->WP2,1,0.000588843191883932,-0.0005888433381699102,6.051807180318507,0.8068615812299594,utm,0,0.0,0.0,0,0.0
26.7,12.703999999999999,49.899999994593244,8.900084566159684,0.2877888286876324,6.074882888353161,-0.0006013775544237893,492824.5119002566,5527517.127109621,6.073165348032489,-0.007359136827290058,0,1,0.0,0.0,1,2,1,2,WP1->WP2,1,0.0006019431868570912,-0.0006019428709199949,6.072456780284001,0.8096147041209382,utm,0,0.0,0.0,0,0.0
26.75,12.754,49.89999999450053,8.900084845051387,0.28779636045903995,6.09491968328652,-0.0006116897746853594,492824.5319290179,5527517.127072595,6.093194117012899,-0.00739172101020813,0,1,0.0,0.0,1,2,1,2,WP1->WP2,1,0.000612243623692407,-0.0006122432690930862,6.092485573155601,0.8122850574558995,utm,0,0.0,0.0,0,0.0
26.8,12.804,49.899999994376365,8.900085117413223,0.2878003886830053,6.114487344167923,-0.0006255007207921071,492824.5514888283,5527517.127032699,6.112753935798537,-0.0074272798374295235,0,1,0.0,0.0,1,2,1,2,WP1->WP2,1,0.0006260393172521732,-0.0006260397420334517,6.112045419381425,0.8148928881392216,utm,0,0.0,0.0,0,0.0
26.85,12.854000000000001,49.899999994274204,8.900085383134654,0.2878075264871492,6.1335779293844555,-0.0006368636200991956,492824.5705717572,5527517.126995886,6.131836872373242,-0.007459861226379871,0,1,0.0,0.0,1,2,1,2,WP1->WP2,1,0.0006373902868804901,-0.0006373898633066393,6.131128380405998,0.8174371377572384,utm,0,0.0,0.0,0,0.0
26.9,12.903999999999998,49.89999999417031,8.900085643783575,0.2878117900253142,6.152304083417967,-0.0006484196745439451,492824.58929040056,5527517.126959366,6.150555523345247,-0.007492230273783207,0,1,0.0,0.0,1,2,1,2,WP1->WP2,1,0.0006489331091767279,-0.000648932699945435,6.149847055818927,0.8199328187318942,utm,0,0.0,0.0,0,0.0
26.95,12.953999999999999,49.89999999407788,8.900085898946456,0.2878196826590032,6.170636096432657,-0.0006587000560465601,492824.6076150624,5527517.126924646,6.168880192446522,-0.007522886618971825,0,1,0.0,0.0,1,2,1,2,WP1->WP2,1,0.000659200949673282,-0.0006592009979723249,6.1681717476589615,0.8223759715609676,utm,0,0.0,0.0,0,0.0
27.0,13.004,49.899999993979456,8.900086150484187,0.2878264502500721,6.188707662881069,-0.0006696476364312788,492824.62567938096,5527517.126889607,6.186944518354721,-0.007553919218480587,0,1,0.0,0.0,1,2,1,2,WP1->WP2,1,0.000670136549104076,-0.0006701361264450717,6.186236096905728,0.8247844140249869,utm,0,0.0,0.0,0,0.0
27.05,13.054,49.899999993826576,8.900086398737901,0.2878360966014602,6.206543291268799,-0.0006866523638252119,492824.6435078478,5527517.126848828,6.204772993805818,-0.007590744644403458,0,1,0.0,0.0,1,2,1,2,WP1->WP2,1,0.0006871257506767304,-0.0006871256978529892,6.204064602283567,0.8271614124341419,utm,0,0.0,0.0,0,0.0
27.1,13.104000000000001,49.89999999372132,8.900086644646116,0.2878418830706884,6.224210408732919,-0.0006983591217290156,492824.66116787837,5527517.126813569,6.222433031711262,-0.007622087374329567,0,1,0.0,0.0,1,2,1,2,WP1->WP2,1,0.0006988203786504949,-0.0006988200769567308,6.221724664180767,0.8295159529940817,utm,0,0.0,0.0,0,0.0
27.15,13.153999999999998,49.8999999936294,8.900086887128468,0.28784820460753635,6.241631397327159,-0.0007085836085214649,492824.67858188035,5527517.126780121,6.2398470406769775,-0.007651674561202526,0,1,0.0,0.0,1,2,1,2,WP1->WP2,1,0.0007090323397646486,-0.0007090322530128168,6.239138695290693,0.8318376913208806,utm,0,0.0,0.0,0,0.0
27.2,13.203999999999999,49.89999999354029,8.900087127221516,0.2878524602181222,6.258880727858644,-0.0007184946604202007,492824.6958242936,5527517.126747213,6.257089460850693,-0.007680757902562618,0,1,0.0,0.0,1,2,1,2,WP1->WP2,1,0.0007189323075503706,-0.0007189322892895192,6.256381137097571,0.83413655237941,utm,0,0.0,0.0,0,0.0
27.25,13.254,49.899999993291814,8.900087364553924,0.28785649515479195,6.275931722005896,-0.0007461321182491853,492824.7128684261,5527517.126696852,6.274133604078088,-0.007727339863777161,0,1,0.0,0.0,1,2,1,2,WP1->WP2,1,0.0007465507030781915,-0.0007465508008207587,6.273425321640649,0.8364089806444625,utm,0,0.0,0.0,0,0.0
27.3,13.304,49.89999999320854,8.900087599363834,0.28785908558384105,6.29280148892413,-0.0007553950745211905,492824.7297314285,5527517.126665101,6.290996613097377,-0.00775535125285387,0,1,0.0,0.0,1,2,1,2,WP1->WP2,1,0.0007558006071205067,-0.0007558003995621034,6.290288351378465,0.8386572563137256,utm,0,0.0,0.0,0,0.0
27.35,13.354000000000001,49.89999999308705,8.900087830928921,0.28786229901223037,6.309438133616154,-0.0007689074438217371,492824.74636139616,5527517.126629411,6.307626588270068,-0.0077873533591628075,0,1,0.0,0.0,1,2,1,2,WP1->WP2,1,0.000769300139821515,-0.0007693004374375065,6.30691835186066,0.8408744631884847,utm,0,0.0,0.0,0,0.0
27.4,13.403999999999998,49.89999999299737,8.900088060108247,0.28786419881148695,6.325903374849744,-0.000778882173238383,492824.7628200338,5527517.126597486,6.324085232627112,-0.007815628312528133,0,1,0.0,0.0,1,2,1,2,WP1->WP2,1,0.0007792634376412703,-0.0007792637544120077,6.323377017470389,0.8430688267171162,utm,0,0.0,0.0,0,0.0
27.45,13.453999999999999,49.89999999291768,8.90008828635504,0.2878665767924494,6.342157930049447,-0.0007877460837314842,492824.77906807116,5527517.126566954,6.340333276311867,-0.00784255750477314,0,1,0.0,0.0,1,2,1,2,WP1->WP2,1,0.0007881156665992285,-0.0007881157583566013,6.339625081086718,0.845235111582244,utm,0,0.0,0.0,0,0.0
27.5,13.504,49.89999999283856,8.900088510539764,0.2878678424293759,6.358264337311231,-0.0007965463167066752,492824.79516801995,5527517.126536682,6.35643323144177,-0.00786925945430994,0,1,0.0,0.0,1,2,1,2,WP1->WP2,1,0.000796904565523153,-0.0007969045930776773,6.355725055932069,0.8473816524045839,utm,0,0.0,0.0,0,0.0
27.55,13.554,49.8999999927621,8.90008873173993,0.2878690583232179,6.374156320896623,-0.0008050508029875721,492824.81105363136,5527517.126506993,6.37231884902576,-0.007895425893366337,0,1,0.0,0.0,1,2,1,2,WP1->WP2,1,0.000805397303665989,-0.0008053973511900696,6.371610692820254,0.8494996164633415,utm,0,0.0,0.0,0,0.0
27.6,13.604000000000001,49.89999999268321,8.900088950967262,0.28786991117565913,6.389906567595796,-0.0008138248574276223,492824.8267975622,5527517.126477222,6.3880627860780805,-0.007921705022454262,0,1,0.0,0.0,1,2,1,2,WP1->WP2,1,0.0008141601255810394,-0.0008141601847389908,6.387354649352805,0.8515986908859342,utm,0,0.0,0.0,0,0.0
27.65,13.653999999999998,49.899999992608485,8.90008916715371,0.2878700168153666,6.405438343877496,-0.000822136896098835,492824.84232311073,5527517.126448203,6.403588340675924,-0.007947281002998352,0,1,0.0,0.0,1,2,1,2,WP1->WP2,1,0.0008224628736994444,-0.0008224628384152983,6.4028802227970525,0.8536686492249023,utm,0,0.0,0.0,0,0.0
27.7,13.703999999999999,49.8999999925284,8.900089381283669,0.2878702645784844,6.420822372951893,-0.0008310446733264965,492824.8577009704,5527517.126418788,6.418966206430923,-0.00797328632324934,0,1,0.0,0.0,1,2,1,2,WP1->WP2,1,0.0008313579435353653,-0.0008313583714235941,6.418258107999875,0.8557189169219753,utm,0,0.0,0.0,0,0.0
27.75,13.754,49.899999992452514,8.900089592586147,0.2878697188762563,6.436003263511006,-0.0008394854820894833,492824.87287577335,5527517.12639011,6.43414101540111,-0.007998599670827389,0,1,0.0,0.0,1,2,1,2,WP1->WP2,1,0.0008397882829659137,-0.0008397881760911793,6.43343293573209,0.8577421118345177,utm,0,0.0,0.0,0,0.0
27.8,13.804,49.89999999238922,8.900089801711655,0.28786821949135016,6.451027751081583,-0.0008465253854584453,492824.8878942379,5527517.12636304,6.449159485579003,-0.008022339083254337,0,1,0.0,0.0,1,2,1,2,WP1->WP2,1,0.0008468179120057946,-0.0008468181971466278,6.448451423014286,0.8597444625431794,utm,0,0.0,0.0,0,0.0
27.85,13.854000000000001,49.899999992329555,8.90009000794728,0.28786633815424023,6.465844616931246,-0.000853161290352666,492824.90270516434,5527517.126336652,6.4639704175060615,-0.008045442402362823,0,1,0.0,0.0,1,2,1,2,WP1->WP2,1,0.0008534433467090993,-0.000853443417577645,6.46326237149537,0.8617191429906708,utm,0,0.0,0.0,0,0.0
27.9,13.903999999999998,49.899999992249526,8.90009021258555,0.2878660241202911,6.4805467217012165,-0.0008620626998285365,492824.9174013727,5527517.1263081515,6.478666631854139,-0.008070684038102627,0,1,0.0,0.0,1,2,1,2,WP1->WP2,1,0.0008623337599362925,-0.0008623339489775076,6.47795860479418,0.8636785289532913,utm,0,0.0,0.0,0,0.0
27.95,13.953999999999999,49.89999999220464,8.900090413726565,0.28786294478942087,6.494997568504712,-0.000867055017232697,492824.9318464288,5527517.126283893,6.493111692951061,-0.008091738447546959,0,1,0.0,0.0,1,2,1,2,WP1->WP2,1,0.0008673172714508267,-0.0008673174329847681,6.492403680394437,0.8656044291336068,utm,0,0.0,0.0,0,0.0
28.0,14.004,49.899999992140415,8.900090613027684,0.28786144937345465,6.509316229210793,-0.0008741989272142458,492824.9461593488,5527517.126257662,6.507424618466757,-0.008114796131849289,0,1,0.0,0.0,1,2,1,2,WP1->WP2,1,0.0008744502774374672,-0.0008744507025252782,6.506716622698727,0.8675127125464112,utm,0,0.0,0.0,0,0.0
28.05,14.054,49.89999999207719,8.90009080971776,0.28785865381125253,6.523447301153193,-0.0008812310477754633,492824.96028475533,5527517.126231791,6.521550030331127,-0.008137534372508526,0,1,0.0,0.0,1,2,1,2,WP1->WP2,1,0.0008814724559033838,-0.0008814728265235969,6.520842051152869,0.8693959955391551,utm,0,0.0,0.0,0,0.0
28.1,14.104000000000001,49.89999999201483,8.90009100413187,0.28785680977450995,6.537414857776791,-0.0008881676520598155,492824.9742467121,5527517.126206235,6.535511992464308,-0.008159994147717953,0,1,0.0,0.0,1,2,1,2,WP1->WP2,1,0.0008883996393959199,-0.0008883991930306558,6.534804029602539,0.8712574864415151,utm,0,0.0,0.0,0,0.0
28.15,14.153999999999998,49.89999999192526,8.900091195741426,0.2878525943711661,6.551180923092116,-0.0008981296459728794,492824.9880072542,5527517.126177923,6.549272540491074,-0.008185255341231823,0,1,0.0,0.0,1,2,1,2,WP1->WP2,1,0.0008983498986335688,-0.0008983500967789908,6.548564597220184,0.8730921240986274,utm,0,0.0,0.0,0,0.0
28.2,14.203999999999999,49.89999999183851,8.900091385277495,0.28785004785485835,6.56479801999274,-0.0009077789125202065,492825.0016188879,5527517.126150121,6.56288417999167,-0.008210038766264915,0,1,0.0,0.0,1,2,1,2,WP1->WP2,1,0.0009079890958645319,-0.0009079893310433169,6.562176255879636,0.8749069083608962,utm,0,0.0,0.0,0,0.0
28.25,14.254,49.89999999174144,8.900091572001827,0.28784500733449236,6.578213109484902,-0.000918575789445871,492825.0150285935,5527517.126121443,6.576293891645037,-0.008235743269324303,0,1,0.0,0.0,1,2,1,2,WP1->WP2,1,0.0009187747521836214,-0.0009187743803066953,6.575585987808176,0.8766947705953242,utm,0,0.0,0.0,0,0.0
28.3,14.304,49.89999999162139,8.900091757279814,0.2878410659618228,6.591524287232036,-0.0009319282574236652,492825.02833442553,5527517.126090348,6.589599730272312,-0.008263886906206608,0,1,0.0,0.0,1,2,1,2,WP1->WP2,1,0.0009321150286331391,-0.0009321148124009566,6.588891849504041,0.8784687842556517,utm,0,0.0,0.0,0,0.0
28.35,14.354000000000001,49.89999999153063,8.900091939675287,0.287835244942008,6.6046283726310495,-0.0009420239741243406,492825.0414332525,5527517.126062786,6.60269856301602,-0.008288543671369553,0,1,0.0,0.0,1,2,1,2,WP1->WP2,1,0.0009421984671134042,-0.0009421980254713317,6.601990701600713,0.8802151982110386,utm,0,0.0,0.0,0,0.0
28.4,14.403999999999998,49.89999999144219,8.900092119613026,0.2878309246634003,6.617555883742896,-0.0009518600280575376,492825.05435557617,5527517.126035716,6.615620892378502,-0.008312747813761234,0,1,0.0,0.0,1,2,1,2,WP1->WP2,1,0.0009520248603258921,-0.0009520250165605345,6.6149130498753514,0.8819380796663479,utm,0,0.0,0.0,0,0.0
28.45,14.453999999999999,49.8999999913108,8.900092297040512,0.28782404164366404,6.630303047318755,-0.0009664747259459076,492825.0670976181,5527517.126004113,6.62836294103181,-0.008341525681316853,0,1,0.0,0.0,1,2,1,2,WP1->WP2,1,0.0009666261486712426,-0.0009666262394549657,6.627655122661257,0.8836369257613819,utm,0,0.0,0.0,0,0.0
28.5,14.504,49.8999999912155,8.900092472177151,0.287818997558703,6.6428856264929,-0.0009770742025660504,492825.07967514684,5527517.125976741,6.640940475510433,-0.008366108871996403,0,1,0.0,0.0,1,2,1,2,WP1->WP2,1,0.0009772152957913524,-0.0009772150533643212,6.640232676703412,0.8853138372755924,utm,0,0.0,0.0,0,0.0
28.55,14.554,49.899999991132304,8.90009264366813,0.2878143397291498,6.655206285458607,-0.0009863286685023343,492825.09199086204,5527517.125951064,6.653256196063012,-0.008389054797589779,0,1,0.0,0.0,1,2,1,2,WP1->WP2,1,0.00098645868050378,-0.0009864591419460062,6.652548415199573,0.8869558420422586,utm,0,0.0,0.0,0,0.0
28.6,14.604000000000001,49.89999999105972,8.900092811717817,0.28781216957613504,6.667279707164189,-0.0009944015627173953,492825.1040594405,5527517.125926897,6.665324779576622,-0.008410545065999031,0,1,0.0,0.0,1,2,1,2,WP1->WP2,1,0.000994522078545242,-0.0009945223917437653,6.66461701515215,0.8885648968833707,utm,0,0.0,0.0,0,0.0
28.65,14.653999999999998,49.899999990988704,8.900092975471605,0.2878080878416596,6.6790444926606325,-0.0010023004050501683,492825.11581950664,5527517.125903315,6.6770848506712355,-0.008431519381701946,0,1,0.0,0.0,1,2,1,2,WP1->WP2,1,0.0010024122504313612,-0.0010024124325889517,6.676377102296377,0.8901328190305686,utm,0,0.0,0.0,0,0.0
28.7,14.703999999999999,49.899999990920435,8.900093135475291,0.2878065756108291,6.690539854586968,-0.0010098943028249493,492825.12731025723,5527517.125880399,6.688575606094673,-0.008451887406408787,0,1,0.0,0.0,1,2,1,2,WP1->WP2,1,0.0010099960169195224,-0.001009995937599861,6.687867873237065,0.8916648343996152,utm,0,0.0,0.0,0,0.0
28.75,14.754,49.89999999085019,8.9000932907062,0.2878021438493618,6.701692319368242,-0.0010177068267445554,492825.13845824776,5527517.12585772,6.699723601341248,-0.008472094312310219,0,1,0.0,0.0,1,2,1,2,WP1->WP2,1,0.001017799575727971,-0.0010177993149110677,6.6990158841055525,0.893151151033458,utm,0,0.0,0.0,0,0.0
28.8,14.804,49.899999990769665,8.90009344224142,0.287802548987246,6.712579269744823,-0.0010266634234026148,492825.14934082865,5527517.125834252,6.710606187174562,-0.008493148721754551,0,1,0.0,0.0,1,2,1,2,WP1->WP2,1,0.00102674679965931,-0.0010267466004559688,6.709898486618038,0.8946020819057564,utm,0,0.0,0.0,0,0.0
28.85,14.854000000000001,49.899999990711315,8.900093588406271,0.28779837933325175,6.723080389413185,-0.0010331535775336186,492825.1598377365,5527517.125813763,6.7211030993494205,-0.008511310443282127,0,1,0.0,0.0,1,2,1,2,WP1->WP2,1,0.0010332288105807984,-0.0010332292076693415,6.7203954124802845,0.8960015921589598,utm,0,0.0,0.0,0,0.0
28.9,14.903999999999998,49.899999990639344,8.900093730175081,0.28779867455446273,6.733265678354078,-0.0010411585490629088,492825.170018938,5527517.125792182,6.731284305395093,-0.00853063352406025,0,1,0.0,0.0,1,2,1,2,WP1->WP2,1,0.0010412242219794993,-0.001041224584411945,6.730576633718015,0.8973590108641433,utm,0,0.0,0.0,0,0.0
28.95,14.953999999999999,49.89999999057885,8.900093866381383,0.2877972587293942,6.743051332438122,-0.0010478878476500645,492825.1798006664,5527517.125772409,6.741066037910059,-0.008548237383365631,0,1,0.0,0.0,1,2,1,2,WP1->WP2,1,0.0010479455829779305,-0.00104794529964678,6.740358379776031,0.8986631692512822,utm,0,0.0,0.0,0,0.0
29.0,15.004,49.89999999051598,8.90009399709007,0.2877981929979585,6.75244201392351,-0.0010548803466445822,492825.18918757996,5527517.1257529,6.750452955544461,-0.00856566522270441,0,1,0.0,0.0,1,2,1,2,WP1->WP2,1,0.0010549295771746117,-0.0010549292690586582,6.749745311011483,0.8999146886658739,utm,0,0.0,0.0,0,0.0
29.05,15.054,49.89999999045265,8.900094121442477,0.2877985700589418,6.761376032629616,-0.001061924495181405,492825.1981180133,5527517.125733946,6.759383392869495,-0.008582637645304203,0,1,0.0,0.0,1,2,1,2,WP1->WP2,1,0.001061966656788457,-0.0010619663404272135,6.758675761660257,0.9011053474751961,utm,0,0.0,0.0,0,0.0
29.1,15.104000000000001,49.899999990383826,8.900094239414038,0.28780154531842017,6.769851623555049,-0.001069579240362189,492825.2065902016,5527517.125714993,6.767855585145298,-0.008599712513387203,0,1,0.0,0.0,1,2,1,2,WP1->WP2,1,0.0010696146846323968,-0.0010696148676020722,6.767147967725952,0.9022349104931496,utm,0,0.0,0.0,0,0.0
29.15,15.153999999999998,49.89999999032289,8.900094350653323,0.2878083501209131,6.777843538374032,-0.0010763573583797423,492825.2145789086,5527517.125697564,6.775844295800198,-0.008615369908511639,0,1,0.0,0.0,1,2,1,2,WP1->WP2,1,0.0010763835431175184,-0.0010763839508074545,6.775136690857892,0.9033000127983267,utm,0,0.0,0.0,0,0.0
29.2,15.203999999999999,49.89999999042015,8.900094444997398,0.2878433780083949,6.784621627788204,-0.0010655392556147745,492825.22135429946,5527517.12569934,6.782619686156977,-0.008612090721726418,0,1,0.0,0.0,1,2,1,2,WP1->WP2,1,0.0010655671531031572,-0.0010655672276504628,6.7819120733370095,0.9042033455810231,utm,0,0.0,0.0,0,0.0
29.25,15.254,49.89999999037837,8.900094517273326,0.2878393318863704,6.789814245293955,-0.0010701862993662662,492825.22654483235,5527517.125687772,6.787810221489053,-0.008622507564723492,0,1,0.0,0.0,1,2,1,2,WP1->WP2,1,0.0010702088689157345,-0.0010702092259763517,6.787102617039186,0.9048953785844212,utm,0,0.0,0.0,0,0.0
29.3,15.304,49.89999999031269,8.900094572789277,0.2878289738244765,6.79380275307031,-0.001077491525726521,492825.230531734,5527517.125675152,6.791797125828452,-0.008634244091808796,0,1,0.0,0.0,1,2,1,2,WP1->WP2,1,0.0010775095131272442,-0.0010775096742766128,6.7910895319916245,0.9054269369118602,utm,0,0.0,0.0,0,0.0
29.35,15.354000000000001,49.89999999027193,8.900094617289534,0.2878243306738515,6.796999845452969,-0.0010820253650017278,492825.23372754065,5527517.125666358,6.7949929343303666,-0.008642329834401608,0,1,0.0,0.0,1,2,1,2,WP1->WP2,1,0.0010820394700973525,-0.001082039844624415,6.794285347520722,0.9058530213349583,utm,0,0.0,0.0,0,0.0
29.4,15.403999999999998,49.89999999024754,8.900094653997352,0.28782344938155385,6.799637094963741,-0.0010847387347926796,492825.2363637309,5527517.12566013,6.797629125940148,-0.008647972717881203,0,1,0.0,0.0,1,2,1,2,WP1->WP2,1,0.0010847496212699572,-0.0010847500121935162,6.796921543754855,0.9062044941097059,utm,0,0.0,0.0,0,0.0
29.45,15.453999999999999,49.89999999021763,8.900094684848408,0.2878329459203631,6.801853569291148,-0.0010880648238115228,492825.23857931374,5527517.12565385,6.799844710098114,-0.008653761819005013,0,1,0.0,0.0,1,2,1,2,WP1->WP2,1,0.0010880735144825555,-0.001088073568215278,6.799137132981202,0.9064998891501066,utm,0,0.0,0.0,0,0.0
29.5,15.504,49.89999999011771,8.900094711036747,0.28786356664850926,6.803735053628683,-0.0010991786732707847,492825.2404600302,5527517.125640231,6.801725429540966,-0.008666963316500187,0,1,0.0,0.0,1,2,1,2,WP1->WP2,1,0.0010991823399910238,-0.00109918276601636,6.801017865953234,0.906750639237555,utm,0,0.0,0.0,0,0.0
29.55,15.554,49.89999999003472,8.900094733552045,0.28788276594717543,6.805352650732005,-0.001108409083255858,492825.2420769675,5527517.125628849,6.803342369268648,-0.00867798738181591,0,1,0.0,0.0,1,2,1,2,WP1->WP2,1,0.0011084080296679553,-0.0011084078321146828,6.802634816985061,0.9069662204065244,utm,0,0.0,0.0,0,0.0
29.6,15.604000000000001,49.899999989784575,8.900094753578909,0.28788605369020864,6.806791467870715,-0.0011362326209427359,492825.24351517163,5527517.125599118,6.804780579986982,-0.008707399480044842,0,1,0.0,0.0,1,2,1,2,WP1->WP2,1,0.0011362192091854439,-0.0011362193591644846,6.8040730595164085,0.9071579751350639,utm,0,0.0,0.0,0,0.0
29.65,15.653999999999998,49.89999998917675,8.900094773002124,0.2878883282584592,6.808186916257929,-0.0012038390417080057,492825.24490997137,5527517.125529679,6.806175395089667,-0.008776528760790825,0,1,0.0,0.0,1,2,1,2,WP1->WP2,1,0.0012037978979930204,-0.0012037975678240006,6.805467950666535,0.9073439500092626,utm,0,0.0,0.0,0,0.0
29.7,15.703999999999999,49.899999988536955,8.900094794191913,0.2878882195911415,6.80970928304932,-0.0012750014980845723,492825.246431634,5527517.125456515,6.807697073905729,-0.008849355392158031,0,1,0.0,0.0,1,2,1,2,WP1->WP2,1,0.0012749305168726836,-0.0012749308535758461,6.806989709571763,0.9075468396189178,utm,0,0.0,0.0,0,0.0
29.75,15.754,49.89999998780838,8.900094819788261,0.2878881230054672,6.811548236213388,-0.001356038922433059,492825.248269743,5527517.125373057,6.809535201347899,-0.008932405151426792,0,1,0.0,0.0,1,2,1,2,WP1->WP2,1,0.0013559360952074488,-0.0013559357907319339,6.808827928286888,0.9077919214622316,utm,0,0.0,0.0,0,0.0
29.8,15.804,49.899999986913045,8.900094852439487,0.2878894487114914,6.813894042517376,-0.0014556241926928358,492825.2506144776,5527517.125270384,6.811879958724603,-0.009034558199346066,0,1,0.0,0.0,1,2,1,2,WP1->WP2,1,0.0014554796658960802,-0.0014554797459921218,6.811172797817622,0.9081045528929717,utm,0,0.0,0.0,0,0.0
29.85,15.854000000000001,49.89999998606647,8.900094894873408,0.2879117825599669,6.816942680288341,-0.0015497869685385704,492825.2536617697,5527517.125172196,6.8149272724404,-0.009132071398198605,0,1,0.0,0.0,1,2,1,2,WP1->WP2,1,0.001549602003073094,-0.0015496019347296685,6.814220218184336,0.9085108524234252,utm,0,0.0,0.0,0,0.0
29.9,15.903999999999998,49.899999985526414,8.900094949749686,0.2879312120655869,6.820885231154977,-0.0016098553862392247,492825.2576026624,5527517.125106894,6.8188681795145385,-0.009196498431265354,0,1,0.0,0.0,1,2,1,2,WP1->WP2,1,0.001609645354200945,-0.0016096449206082974,6.818161194507492,0.9090362859497995,utm,0,0.0,0.0,0,0.0
29.95,15.953999999999999,49.899999985230416,8.90009501987417,0.2879314115571746,6.825923279589041,-0.0016427787855827335,492825.26263865037,5527517.125067266,6.823904176184442,-0.009235010482370853,0,1,0.0,0.0,1,2,1,2,WP1->WP2,1,0.0016425536667189278,-0.0016425538589553627,6.82319723089951,0.9097077191540182,utm,0,0.0,0.0,0,0.0
30.0,16.003999999999998,49.89999998497885,8.90009510781166,0.2879292445957656,6.832241091991144,-0.0016707593944804565,492825.2689538967,5527517.125030874,6.8302194304415025,-0.009270001202821732,0,1,0.0,0.0,1,2,1,2,WP1->WP2,1,0.0016705185145574337,-0.001670518554028405,6.829512520176907,0.9105497096769246,utm,0,0.0,0.0,0,0.0
30.05,16.054000000000002,49.899999984568566,8.900095214160174,0.28785763457671937,6.839881632553532,-0.001716394241454797,492825.2765913183,5527517.124975071,6.837856864265632,-0.009324111044406891,0,1,0.0,0.0,1,2,1,2,WP1->WP2,1,0.0017161310095300407,-0.0017161305534882363,6.837150009438624,0.9115679834716314,utm,0,0.0,0.0,0,0.0
30.1,16.104,49.89999998404063,8.900095338738526,0.28782334544192506,6.8488318840399804,-0.0017751148183596853,492825.28553790913,5527517.124904442,6.846803470514715,-0.009392756968736649,0,1,0.0,0.0,1,2,1,2,WP1->WP2,1,0.0017748220791533298,-0.0017748223148895982,6.846096686542243,0.9127608056848135,utm,0,0.0,0.0,0,0.0
30.15,16.153999999999996,49.899999983516494,8.900095473626456,0.2878079970701509,6.858522820594128,-0.0018334130010624358,492825.29522488907,5527517.124833247,6.856490465987008,-0.009461803361773491,0,1,0.0,0.0,1,2,1,2,WP1->WP2,1,0.00183309125917154,-0.0018330914558751458,6.855783752847858,0.9140523408252996,utm,0,0.0,0.0,0,0.0
30.2,16.204,49.899999982928826,8.90009561168291,0.2877980450389254,6.8684413977880965,-0.0018987779731972662,492825.3051394091,5527517.124754684,6.866405003180262,-0.009538167156279087,0,1,0.0,0.0,1,2,1,2,WP1->WP2,1,0.0018984245272895529,-0.0018984246667558733,6.865698368873079,0.9153742141971768,utm,0,0.0,0.0,0,0.0
30.25,16.253999999999998,49.899999982319805,8.900095748586045,0.2877935021878708,6.878277115377289,-0.0019665174092221706,492825.31497109955,5527517.124673858,6.876236711337697,-0.009616812691092491,0,1,0.0,0.0,1,2,1,2,WP1->WP2,1,0.0019661317387310185,-0.0019661315124870765,6.87553015843212,0.9166850446703828,utm,0,0.0,0.0,0,0.0
30.3,16.304000000000002,49.89999998171774,8.90009588268283,0.2877921034108886,6.8879112126331625,-0.0020334835171684543,492825.32460125146,5527517.124594075,6.885866880707908,-0.009694460779428482,0,1,0.0,0.0,1,2,1,2,WP1->WP2,1,0.002033065020481585,-0.0020330651306608755,6.885160408225602,0.9179690047081841,utm,0,0.0,0.0,0,0.0
30.35,16.354,49.89999998114038,8.900096013149646,0.28779354747926117,6.897284517086403,-0.0020977008789249472,492825.33397071855,5527517.124517386,6.89523636456579,-0.009769071824848652,0,1,0.0,0.0,1,2,1,2,WP1->WP2,1,0.002097251829433802,-0.0020972518095229205,6.89452996930781,0.9192182082344973,utm,0,0.0,0.0,0,0.0
30.4,16.403999999999996,49.89999998056021,8.900096140506516,0.28779499627186533,6.906434389464607,-0.002162232383103131,492825.34311684256,5527517.124440681,6.904382505337708,-0.009843748062849045,0,1,0.0,0.0,1,2,1,2,WP1->WP2,1,0.0021617524944356112,-0.0021617523370455116,6.903676187524011,0.9204376344112265,utm,0,0.0,0.0,0,0.0
30.45,16.454,49.89999997999025,8.90009626553323,0.2877951615956559,6.915416853311245,-0.002225627597350605,492825.3520956267,5527517.124365336,6.913361306011211,-0.009917102754116058,0,1,0.0,0.0,1,2,1,2,WP1->WP2,1,0.0022251160134890793,-0.0022251164235286124,6.912655064209253,0.9216347496569806,utm,0,0.0,0.0,0,0.0
30.5,16.503999999999998,49.899999979445774,8.900096388019486,0.28779656554155975,6.924216799550772,-0.002286187746995122,492825.36089196993,5527517.1242930675,6.92215766501613,-0.00998742040246725,0,1,0.0,0.0,1,2,1,2,WP1->WP2,1,0.00228564737814361,-0.0022856477929644086,6.9214514960403735,0.9228075403102456,utm,0,0.0,0.0,0,0.0
30.55,16.554000000000002,49.899999978909534,8.900096508111798,0.2877981280623654,6.932844754380932,-0.0023458323554376853,492825.36951639183,5527517.124221945,6.930782102514058,-0.010056629776954651,0,1,0.0,0.0,1,2,1,2,WP1->WP2,1,0.0023452623204918335,-0.002345262107286674,6.9300760051624115,0.9239574092436397,utm,0,0.0,0.0,0,0.0
30.6,16.604,49.89999997837786,8.900096626067644,0.2877998183090691,6.941319216241483,-0.0024049682512649437,492825.37798738293,5527517.124151534,6.939253108983394,-0.010125162079930305,0,1,0.0,0.0,1,2,1,2,WP1->WP2,1,0.00240436969163439,-0.0024043696210401403,6.938547082675852,0.9250868217965452,utm,0,0.0,0.0,0,0.0
30.65,16.653999999999996,49.89999997785338,8.900096742316395,0.2878006210924867,6.949671032966593,-0.00246330464047844,492825.386335779,5527517.124082086,6.947601520223543,-0.01019276026636362,0,1,0.0,0.0,1,2,1,2,WP1->WP2,1,0.0024626789186429957,-0.0024626786632326145,6.946895563960153,0.9261998891182912,utm,0,0.0,0.0,0,0.0
30.7,16.704,49.899999977352344,8.900096856582993,0.2878028325973659,6.957880443176973,-0.0025190337890975026,492825.394541829,5527517.124015435,6.955807584861759,-0.010257591493427753,0,1,0.0,0.0,1,2,1,2,WP1->WP2,1,0.0025183795087822644,-0.0025183799532577777,6.955101695618239,0.9272939775728868,utm,0,0.0,0.0,0,0.0
30.75,16.753999999999998,49.89999997684718,8.900096969135333,0.2878046152116155,6.9659666936831774,-0.002575222123373495,492825.402624768,5527517.123948487,6.963890538434498,-0.010322745889425278,0,1,0.0,0.0,1,2,1,2,WP1->WP2,1,0.0025745420352840005,-0.0025745416759354782,6.9631847167156256,0.9283716522226942,utm,0,0.0,0.0,0,0.0
30.8,16.804000000000002,49.89999997634446,8.900097080278389,0.2878058509790716,6.973951695005745,-0.0026311380593784265,492825.41060649883,5527517.123881947,6.971872283902485,-0.010387515649199486,0,1,0.0,0.0,1,2,1,2,WP1->WP2,1,0.0026304316841259546,-0.0026304314572946,6.971166529255297,0.9294358331681455,utm,0,0.0,0.0,0,0.0
30.85,16.854,49.89999997585565,8.900097189967864,0.28780767785479167,6.98183226478208,-0.0026855066316981407,492825.4184838418,5527517.123817095,6.979749641031958,-0.01045062206685543,0,1,0.0,0.0,1,2,1,2,WP1->WP2,1,0.002684772542031359,-0.00268477297283504,6.979043951763269,0.9304860962369144,utm,0,0.0,0.0,0,0.0
30.9,16.903999999999996,49.89999997537114,8.900097298343642,0.2878093455111867,6.9896184527999345,-0.002739397622633528,492825.4262668415,5527517.123752844,6.987532654777169,-0.010513147339224815,0,1,0.0,0.0,1,2,1,2,WP1->WP2,1,0.0027386384250698585,-0.0027386387408455276,6.986827030226386,0.9315237808174824,utm,0,0.0,0.0,0,0.0
30.95,16.954,49.89999997489095,8.900097405426347,0.28781137069592805,6.997311740869229,-0.0027928074945447047,492825.433956979,5527517.1236892,6.99522280623205,-0.010575085878372192,0,1,0.0,0.0,1,2,1,2,WP1->WP2,1,0.0027920209512680757,-0.0027920211969535433,6.994517245846223,0.9325490843921238,utm,0,0.0,0.0,0,0.0
31.0,17.003999999999998,49.89999997440682,8.900097511592385,0.28781224456173365,7.004939171542389,-0.0028466560338014854,492825.441581285,5527517.123625205,7.002847126219422,-0.010637389495968819,0,1,0.0,0.0,1,2,1,2,WP1->WP2,1,0.0028458430621068668,-0.002845842603245549,7.00214163040924,0.9335656109933725,utm,0,0.0,0.0,0,0.0
31.05,17.054000000000002,49.89999997394652,8.900097616512351,0.28781463918501116,7.012477078996696,-0.002897853465729271,492825.4491161071,5527517.123563977,7.010381961707026,-0.010696946643292904,0,1,0.0,0.0,1,2,1,2,WP1->WP2,1,0.0028970164891635956,-0.0028970164547560758,7.009676527500365,0.9345702066125327,utm,0,0.0,0.0,0,0.0
31.1,17.104,49.89999997348416,8.900097720383005,0.2878165417132236,7.01993959932356,-0.0029492815517774868,492825.45657557197,5527517.123502621,7.0178414399852045,-0.010756648145616055,0,1,0.0,0.0,1,2,1,2,WP1->WP2,1,0.002948418090436321,-0.002948418449679432,7.017136067619399,0.9355647552087382,utm,0,0.0,0.0,0,0.0
31.15,17.153999999999996,49.8999999730317,8.900097823263557,0.2878185849522142,7.027330986393293,-0.002999607309237879,492825.46396393346,5527517.123442461,7.025229814636987,-0.010815170593559742,0,1,0.0,0.0,1,2,1,2,WP1->WP2,1,0.0029987207301076105,-0.0029987204350893264,7.024524502813779,0.9365498236892971,utm,0,0.0,0.0,0,0.0
31.2,17.204,49.89999997258353,8.900097925093375,0.2878210692267622,7.0346468841109955,-0.003049455485313945,492825.4712768366,5527517.123382879,7.0325427307980135,-0.010873129591345787,0,1,0.0,0.0,1,2,1,2,WP1->WP2,1,0.003048543738225598,-0.0030485438256958536,7.031837478928032,0.9375248315332735,utm,0,0.0,0.0,0,0.0
31.25,17.253999999999998,49.89999997212136,8.900098026276432,0.2878221114701765,7.04191631571033,-0.0031008616379948803,492825.47854328994,5527517.123321802,7.03980919753667,-0.01093259546905756,0,1,0.0,0.0,1,2,1,2,WP1->WP2,1,0.0030999248504199224,-0.003099924898934059,7.0391040073078015,0.9384936466993649,utm,0,0.0,0.0,0,0.0
31.3,17.304000000000002,49.8999999716839,8.900098126475486,0.28782466138913465,7.049115052303787,-0.0031495190444860255,492825.48573908035,5527517.123263567,7.047005000698846,-0.01098923571407795,0,1,0.0,0.0,1,2,1,2,WP1->WP2,1,0.0031485585585718213,-0.0031485587980916974,7.0462998690227945,0.9394530401811257,utm,0,0.0,0.0,0,0.0
31.35,17.354,49.899999971224595,8.900098226060953,0.2878260463912456,7.056269706105053,-0.003200606102049433,492825.4928908023,5527517.123202962,7.05415673594689,-0.011048254556953907,0,1,0.0,0.0,1,2,1,2,WP1->WP2,1,0.0031996211581854952,-0.0031996207821634545,7.053451665500455,0.9404065586331621,utm,0,0.0,0.0,0,0.0
31.4,17.403999999999996,49.899999970779746,8.900098325036884,0.28782782336315205,7.063380568218122,-0.0032500849485216196,492825.4999987524,5527517.123144022,7.061264698859304,-0.011105617508292198,0,1,0.0,0.0,1,2,1,2,WP1->WP2,1,0.0032490762935149828,-0.0032490759697020575,7.060559687866951,0.9413542408700816,utm,0,0.0,0.0,0,0.0
31.45,17.454,49.89999997034776,8.900098423354054,0.28783115505930057,7.070444102003903,-0.0032981338809527335,492825.50705939485,5527517.123086575,7.068325353902765,-0.011161498725414276,0,1,0.0,0.0,1,2,1,2,WP1->WP2,1,0.003297100916157946,-0.003297101372998444,7.067620400705595,0.94229561552989,utm,0,0.0,0.0,0,0.0
31.5,17.503999999999998,49.89999996991296,8.900098521459086,0.2878351298592295,7.07749239488142,-0.003346494833221608,492825.51410480216,5527517.123028837,7.0753707738476805,-0.011217675171792507,0,1,0.0,0.0,1,2,1,2,WP1->WP2,1,0.003345438463451086,-0.0033454386089196357,7.074665878790015,0.9432349590050431,utm,0,0.0,0.0,0,0.0
31.55,17.554000000000002,49.899999969480746,8.900098619445439,0.2878390259016819,7.084532161385617,-0.0033945692366598858,492825.5211416869,5527517.122971397,7.082407671143301,-0.011273554526269436,0,1,0.0,0.0,1,2,1,2,WP1->WP2,1,0.0033934891631805936,-0.003393489193938491,7.08170283389327,0.9441731661475511,utm,0,0.0,0.0,0,0.0
31.6,17.604,49.89999996903133,8.900098717313492,0.28784143528032324,7.091563428699812,-0.0034445567957473774,492825.52817007323,5527517.122912055,7.089436070469674,-0.011331337504088879,0,1,0.0,0.0,1,2,1,2,WP1->WP2,1,0.0034434528011151612,-0.0034434528777076384,7.088731293164989,0.9451102405771583,utm,0,0.0,0.0,0,0.0
31.65,17.653999999999996,49.899999968631214,8.900098815197184,0.2878470413976251,7.098595819591175,-0.003489060305486846,492825.53519958997,5527517.122858194,7.096465598966461,-0.011383640579879284,0,1,0.0,0.0,1,2,1,2,WP1->WP2,1,0.003487934669546985,-0.003487934224673191,7.095760875515168,0.9460474647420156,utm,0,0.0,0.0,0,0.0
31.7,17.704,49.89999996818117,8.900098913040768,0.2878492363089001,7.105625328923145,-0.003539117202316062,492825.5422262189,5527517.122798786,7.103492240945343,-0.011441490612924099,0,1,0.0,0.0,1,2,1,2,WP1->WP2,1,0.0035379662941243135,-0.0035379663772675345,7.102787577470985,0.9469843048762057,utm,0,0.0,0.0,0,0.0
31.75,17.753999999999998,49.899999967738175,8.900099010837964,0.2878515023108967,7.112651505554726,-0.0035883901581470054,492825.5492495176,5527517.122740164,7.110515552456491,-0.011498553678393364,0,1,0.0,0.0,1,2,1,2,WP1->WP2,1,0.0035872156070373656,-0.0035872160066611693,7.109810948144778,0.9479207008648041,utm,0,0.0,0.0,0,0.0
31.8,17.804000000000002,49.89999996729657,8.90009910825996,0.28784773285146736,7.119650726161064,-0.0036375081653510343,492825.5562458713,5527517.122681735,7.11751191894291,-0.01155543141067028,0,1,0.0,0.0,1,2,1,2,WP1->WP2,1,0.0036363093889082406,-0.003636309737669201,7.1168073735618345,0.9488535043575066,utm,0,0.0,0.0,0,0.0
31.85,17.854,49.899999967090615,8.900099139194717,0.28783796538476963,7.1218732138724645,-0.003660416506183221,492825.5584674389,5527517.122655873,7.1197334922035225,-0.011580800637602806,0,1,0.0,0.0,1,2,1,2,WP1->WP2,1,0.0036592069061197772,-0.0036592072789450375,7.119028973707216,0.9491497008080467,utm,0,0.0,0.0,0,0.0
31.9,17.903999999999996,49.89999996709694,8.900099139149788,0.28785073032734243,7.121869985949092,-0.0036597132233743015,492825.55846421316,5527517.122656581,7.119730266276747,-0.011580093763768673,0,1,0.0,0.0,1,2,1,2,WP1->WP2,1,0.0036585037569592067,-0.0036585037786769138,7.11902574701348,0.9491492706067642,utm,0,0.0,0.0,0,0.0
31.95,17.954,49.89999996709522,8.900099139434976,0.28785120446567725,7.121890475152169,-0.003659904255928032,492825.55848469393,5527517.122656363,7.119750747107901,-0.01158030703663826,0,1,0.0,0.0,1,2,1,2,WP1->WP2,1,0.0036586946782277137,-0.0036586943795978307,7.119046228058986,0.9491520012570097,utm,0,0.0,0.0,0,0.0
32.0,18.003999999999998,49.89999996709456,8.90009913969655,0.2878512697682628,7.1219092677588245,-0.003659977838837617,492825.5585034789,5527517.122656264,7.119769532117061,-0.01158040203154087,0,1,0.0,0.0,1,2,1,2,WP1->WP2,1,0.003658768252800948,-0.0036587680341428233,7.119065013124942,0.9491545057895516,utm,0,0.0,0.0,0,0.0
32.05,18.053999999999995,49.899999967093855,8.900099139944517,0.2878512955408299,7.1219270827869785,-0.0036600563744430396,492825.5585212867,5527517.122656162,7.1197873399360105,-0.011580499820411205,0,1,0.0,0.0,2,3,2,3,WP2->WP3,1,0.38136271166827307,0.36711992324960185,-0.10324959953522739,-0.00992730559389065,utm,0,0.0,0.0,0,0.0
32.1,18.104,49.89999996709301,8.900099140191307,0.2878513171113972,7.121944813202267,-0.0036601504756639514,492825.5585390099,5527517.122656043,7.119805063121021,-0.011580615304410458,0,1,0.0,0.0,2,3,2,3,WP2->WP3,1,0.38134499007259937,0.3671027915968111,-0.10324505729234326,-0.009926868863545976,utm,1,-0.47580461896107673,0.5605125132118718,0,0.0
32.15,18.153999999999996,49.89999996721629,8.900099145180778,0.28788409945722676,7.122303278604008,-0.003646438583473953,492825.55889735016,5527517.122669272,7.120163400482852,-0.011567306704819202,0,1,0.0,0.0,2,3,2,3,WP2->WP3,1,0.38098655288258176,0.36676052112223234,-0.10313812885398324,-0.009916587842708552,utm,1,-0.3460389966312456,0.3103222204730663,0,0.0
32.2,18.204,49.899999967038774,8.900099201562323,0.2878826753985053,7.126353974411347,-0.0036661828591939786,492825.56294639834,5527517.122644136,7.124212454131339,-0.011591545306146145,0,1,0.0,0.0,2,3,2,3,WP2->WP3,1,0.3769378534529027,0.3628471660737145,-0.10209838117206477,-0.009816617547178035,utm,1,-0.6465417646695772,0.6999963267779918,0,0.0
32.25,18.253999999999998,49.899999961931265,8.900099266636468,0.28786078597170583,7.131029184502766,-0.004234276175006101,492825.56761897966,5527517.122070037,7.12888516264502,-0.012164607644081116,0,1,0.0,0.0,2,3,2,3,WP2->WP3,1,0.37227075763733175,0.35818793585990844,-0.10142445265462906,-0.0097518202562332,utm,1,-1.0788830978323363,0.7222363379195288,0,0.0
32.3,18.303999999999995,49.89999994332418,8.900099292480139,0.287857690620243,7.132885906368488,-0.006303888900780855,492825.5694721992,5527517.119998776,7.130738841427956,-0.014235456474125385,0,1,0.0,0.0,2,3,2,3,WP2->WP3,1,0.3704443131173721,0.35585556363445425,-0.10293593615160117,-0.009897147295196146,utm,1,-0.8295329775446776,1.0377598263553907,0,0.0
32.35,18.354,49.89999991067558,8.900099281228952,0.28785222639343067,7.132077572102804,-0.009935298882500021,492825.56865934725,5527517.116369898,7.129926794266794,-0.01786451507359743,0,1,0.0,0.0,2,3,2,3,WP2->WP3,1,0.371331557948698,0.3556862597698552,-0.10665088156943822,-0.010254334137503554,utm,1,-0.7886269618319326,0.712260354204455,0,0.0
32.4,18.403999999999996,49.89999986489501,8.900099239827297,0.28785140732000974,7.1291030968061095,-0.015027340939931674,492825.56567927386,5527517.11128386,7.126947848824784,-0.022951213642954826,0,1,0.0,0.0,2,3,2,3,WP2->WP3,1,0.37447341267362444,0.35722510358839266,-0.1123412754320191,-0.010801457604109993,utm,1,-0.5095980742566428,0.8397959923135063,0,0.0
32.45,18.454,49.89999981913561,8.900099201136854,0.28784546475890616,7.1263234068333645,-0.0201170283442566,492825.5628939109,5527517.106199915,7.124163613363635,-0.028035776689648628,0,1,0.0,0.0,2,3,2,3,WP2->WP3,1,0.37748658544285335,0.35857662971111687,-0.11797848453985675,-0.011343467430415173,utm,1,-0.6246276615508387,0.46302826376669176,0,0.0
32.5,18.503999999999998,49.89999977995609,8.900099178766737,0.2878347875814481,7.124716240211878,-0.024474853762096023,492825.56128157786,5527517.101845977,7.122552245855331,-0.032390072010457516,0,1,0.0,0.0,2,3,2,3,WP2->WP3,1,0.3793468499063857,0.35898818052098597,-0.12260309449654941,-0.011788117254717624,utm,1,-0.05266629817752899,0.26509277536335746,0,0.0
32.55,18.553999999999995,49.899999749679914,8.900099176479468,0.2878229881851637,7.124551912839289,-0.02784238623217921,492825.56111282663,5527517.098480012,7.122384241025429,-0.03575607389211655,0,1,0.0,0.0,2,3,2,3,WP2->WP3,1,0.3797426284252467,0.358266499830698,-0.1258951108755834,-0.012104640057342282,utm,1,0.11685911144783348,0.14365218886802295,0,0.0
32.6,18.604,49.89999973081864,8.900099197952072,0.28780885867905226,7.126094598204192,-0.029940271775906097,492825.5626520977,5527517.096380909,7.123923977604136,-0.03785483632236719,0,1,0.0,0.0,2,3,2,3,WP2->WP3,1,0.3783648203360817,0.35622972625719007,-0.12751595742762095,-0.012260482202157488,utm,1,0.4047466162312564,0.5664070399524159,0,0.0
32.65,18.653999999999996,49.899999725342816,8.900099245405212,0.28779312595383805,7.129503838521752,-0.030549331669101763,492825.56605916144,5527517.095767547,7.127331177238375,-0.038467442616820335,0,1,0.0,0.0,2,3,2,3,WP2->WP3,1,0.3750168004305234,0.3527812213463773,-0.1272124619308397,-0.012231301531661144,utm,1,0.5069977425558588,0.2823066880234303,0,0.0
32.7,18.704,49.89999973499232,8.900099320387913,0.2877748114278211,7.134890922426037,-0.029476044982141247,492825.57144552004,5527517.096833223,7.1327172993915156,-0.037400572560727596,0,1,0.0,0.0,2,3,2,3,WP2->WP3,1,0.3695629272833119,0.3478641951379955,-0.12476882207989756,-0.011996348953918356,utm,1,0.03411138161834698,0.599419301261534,0,0.0
32.75,18.753999999999998,49.89999976041528,8.90009942248757,0.2877550384390344,7.1422262065719035,-0.026648322396998398,492825.5787816381,5527517.099650035,7.1400527926161885,-0.034582133404910564,0,1,0.0,0.0,2,3,2,3,WP2->WP3,1,0.3620354432191691,0.34152609137703804,-0.12012323278876266,-0.011549681995747085,utm,1,0.41729978506386434,0.6901034056673625,0,0.0
32.8,18.803999999999995,49.899999801380176,8.900099549900665,0.28773319948456444,7.151380118416778,-0.022091914394388127,492825.5879379606,5527517.104192414,7.149208107555751,-0.03003772348165512,0,1,0.0,0.0,2,3,2,3,WP2->WP3,1,0.3525961009905764,0.33388519304879355,-0.11333440914623717,-0.010896946031387375,utm,1,0.2745595931681314,0.7646127268657686,0,0.0
32.85,18.854,49.89999985595349,8.900099698211092,0.2877120056567484,7.162035385623958,-0.016021881178132517,492825.5985970555,5527517.110245813,7.159865859837737,-0.02398196142166853,0,1,0.0,0.0,2,3,2,3,WP2->WP3,1,0.3416284854142161,0.3251913976629178,-0.10469277402213269,-0.010066064816408768,utm,1,0.10967950109296434,-0.11606689139984372,0,0.0
32.9,18.903999999999996,49.8999999211183,8.900099861123959,0.287699611200071,7.173739755748083,-0.008773785579418955,492825.61030640383,5527517.1174754035,7.171573604689911,-0.016749774105846882,0,1,0.0,0.0,2,3,2,3,WP2->WP3,1,0.32966986097339657,0.3157933360500962,-0.09464029871344243,-0.009099533277171562,utm,1,0.18927303438569837,-0.07589031521011555,0,0.0
32.95,18.954,49.89999998817384,8.900100023416117,0.2876948478950549,7.18539953144657,-0.001315390025111088,492825.621971456,5527517.124915269,7.183237006713171,-0.009307322092354298,0,1,0.0,0.0,2,3,2,3,WP2->WP3,1,0.3179007812344846,0.3064932695347312,-0.08439657836314371,-0.008114613792800334,utm,1,-0.5921263501546941,-0.18503796429229138,0,0.0
33.0,19.003999999999998,49.90000005240202,8.900100173644436,0.2877095584322779,7.196192588343438,0.00582852703171744,492825.63276971696,5527517.132041939,7.194033687002957,-0.0021782582625746727,0,1,0.0,0.0,2,3,2,3,WP2->WP3,1,0.30716457502863054,0.297947230871422,-0.0746828211074724,-0.007180649523921785,utm,1,-0.33614792092390244,-0.23913180978163673,0,0.0
33.05,19.053999999999995,49.90000011115954,8.900100300282777,0.2877621004181213,7.20529083845098,0.012363957293011494,492825.64187303814,5527517.138562623,7.203135561954696,0.0043444447219371796,0,1,0.0,0.0,2,3,2,3,WP2->WP3,1,0.29827086013146803,0.29087732619251333,-0.06599914477218591,-0.006345726104878272,utm,1,-0.45838942503423463,0.18401602081280613,0,0.0
33.1,19.104,49.900000163360154,8.900100401196806,0.28784957701651814,7.212540941945047,0.018170081866400147,492825.64912798034,5527517.144356757,7.210389219108038,0.010140188038349152,0,1,0.0,0.0,2,3,2,3,WP2->WP3,1,0.29133420958219985,0.2853999201103536,-0.05850219888080198,-0.0056249051697884606,utm,1,-0.35173347833020174,0.17583461777432252,0,0.0
33.15,19.153999999999996,49.900000209883444,8.900100484780948,0.2878465389190515,7.218545990867943,0.023344734182872667,492825.65513752436,5527517.149521333,7.216397617652547,0.015306096524000168,0,1,0.0,0.0,2,3,2,3,WP2->WP3,1,0.2857193645010792,0.2809587103156369,-0.051939949448132974,-0.004993954001021806,utm,1,-0.2938063468399777,-0.14239758967871685,0,0.0
33.2,19.204,49.90000025215728,8.90010055771323,0.2878403866174507,7.223785763774236,0.028046731632320934,492825.6603814685,5527517.154214464,7.2216405209037475,0.020000389777123928,0,1,0.0,0.0,2,3,2,3,WP2->WP3,1,0.28092957079826847,0.2771323091106839,-0.046033759306401016,-0.004426082021890373,utm,1,-0.03219816461052824,-0.7220525835957898,0,0.0
33.25,19.253999999999998,49.900000292018845,8.90010062515342,0.2878348676168327,7.22863096085623,0.03248041961488667,492825.66523063707,5527517.158639916,7.2264887079945765,0.024426917545497417,0,1,0.0,0.0,2,3,2,3,WP2->WP3,1,0.2765960563351366,0.2736164694635335,-0.04048957913415856,-0.0038930167985365364,utm,1,-0.6723872769114398,-0.5057401006535354,0,0.0
33.3,19.303999999999995,49.900000331949784,8.900100692467555,0.2878276200507914,7.233467101554001,0.03692182389756717,492825.6700707632,5527517.163073096,7.231327850953676,0.028861170634627342,0,1,0.0,0.0,2,3,2,3,WP2->WP3,1,0.2723618664705961,0.27011138525377903,-0.03494031859659276,-0.0033594631051128837,utm,1,0.02693752029535279,-0.05428655037029373,0,0.0
33.35,19.354,49.90000037483091,8.900100764467984,0.28782042282583237,7.2386399260304,0.04169136833543066,492825.67524787574,5527517.167833835,7.236503907653969,0.03362305648624897,0,1,0.0,0.0,2,3,2,3,WP2->WP3,1,0.2679397645878558,0.2663672326949138,-0.028986458801468547,-0.0027870077550152684,utm,1,-0.20443998397383403,-0.6147068702435668,0,0.0
33.4,19.403999999999996,49.900000424145674,8.900100846049556,0.2878111892189518,7.244501101560327,0.04717650869159348,492825.6811140178,5527517.173308967,7.242368835373782,0.039099489338696,0,1,0.0,0.0,2,3,2,3,WP2->WP3,1,0.2630811409267398,0.262145992479746,-0.022162250294680733,-0.0021308695851021075,utm,1,-0.20443998397383403,-0.6147068702435668,0,0.0
33.45,19.454,49.90000048375653,8.900100941526228,0.28780188219053326,7.251360561622568,0.05380685312344461,492825.6879795715,5527517.179927513,7.2492329212254845,0.045719558373093605,0,1,0.0,0.0,2,3,2,3,WP2->WP3,1,0.2576400725169765,0.25726092773377074,-0.013972187663801875,-0.0013434064381666253,utm,1,-0.11788460232325441,-0.34092318574385494,0,0.0
33.5,19.503999999999998,49.90000055811805,8.90010105526716,0.287790455463434,7.259532205780377,0.062077872860203505,492825.69615897146,5527517.188184327,7.257410489954054,0.05397818610072136,0,1,0.0,0.0,2,3,2,3,WP2->WP3,1,0.2515682475580432,0.2515386909427721,-0.0038561818190422387,-0.000370766526122712,utm,1,0.6038390109935696,0.2187208900305348,0,0.0
33.55,19.553999999999995,49.900000651906176,8.900101191599463,0.2877794708659752,7.269326912292386,0.0725096568595137,492825.70596366463,5527517.1985988775,7.2672128733829595,0.06439490988850594,0,1,0.0,0.0,2,3,2,3,WP2->WP3,1,0.24481528497319885,0.244815285105989,0.008768820178673442,0.0008431098813304889,utm,1,0.7504124680653923,-0.2921849643473386,0,0.0
33.6,19.604,49.90000077005184,8.900101355065818,0.2877658782721647,7.281071047400158,0.08565066099819181,492825.7177206179,5527517.211718966,7.2789669168996625,0.0775176053866744,0,1,0.0,0.0,2,3,2,3,WP2->WP3,1,0.23691918483570082,0.2369191847393605,0.024517289219531824,0.0023573033068573944,utm,1,0.6189208686985512,-0.4697749159418353,0,0.0
33.65,19.653999999999996,49.900000917441076,8.900101549342276,0.2877513201152029,7.295028714528246,0.10204434317542645,492825.73169455345,5527517.228087478,7.2929372222861275,0.09388921689242125,0,1,0.0,0.0,2,3,2,3,WP2->WP3,1,0.22773762896792749,0.22773762908165934,0.043982594202712215,0.004228865345995221,utm,1,0.39849930955879115,-0.5467223670626742,0,0.0
33.7,19.704,49.90000109699155,8.900101774940376,0.2877388033311683,7.311236664885322,0.12201522878596721,492825.74792264035,5527517.248028764,7.309160886623431,0.11383409984409809,0,1,0.0,0.0,2,3,2,3,WP2->WP3,1,0.2173199872726139,0.21731998736104993,0.0674874533354021,0.006488824906147816,utm,1,-0.18416453075778594,-0.767593769857545,0,0.0
33.75,19.753999999999998,49.9000012940201,8.90010201526316,0.2877259798771372,7.328502500668441,0.14393015010426796,492825.76521078066,5527517.269911895,7.3264441738137975,0.13572106417268515,0,1,0.0,0.0,2,3,2,3,WP2->WP3,1,0.20638982056782665,0.20638982069498227,0.09314447332382153,0.008955711743483185,utm,1,0.2924903281975537,-0.610618584872929,0,0.0
33.8,19.803999999999995,49.90000150538717,8.900102269150743,0.2877108196804819,7.34674289071244,0.16743990386727695,492825.78347521124,5527517.2933879215,7.344703397946432,0.15920114051550627,0,1,0.0,0.0,2,3,2,3,WP2->WP3,1,0.1949362522293055,0.19493625216691857,0.12059495662864067,0.01159503758778301,utm,1,0.33426075908647224,-0.3544525958020814,0,0.0
33.85,19.854,49.900001728707664,8.90010253790946,0.2876966668637667,7.366051687785864,0.1922792024601005,492825.8028093935,5527517.318191537,7.364032079349272,0.1840090425685048,0,1,0.0,0.0,2,3,2,3,WP2->WP3,1,0.1827993878704823,0.18279938790520164,0.1496074790163945,0.014384551320420385,utm,1,0.32395788829066136,-0.40648632780983807,0,0.0
33.9,19.903999999999996,49.9000019610657,8.900102822583705,0.2876795186989275,7.3865039257606355,0.2181237214259344,492825.8232878988,5527517.343998445,7.384504861256573,0.20982049219310284,0,1,0.0,0.0,2,3,2,3,WP2->WP3,1,0.16982205968241523,0.16982205971426265,0.17988873820627685,0.0172960523344578,utm,1,0.6490206971473329,-0.4778981044200509,0,0.0
33.95,19.954,49.900002196487776,8.900103122310345,0.2876660168842099,7.40803759336115,0.24430904459020766,492825.844847855,5527517.3701445805,7.406059018860105,0.23597140796482563,0,1,0.0,0.0,2,3,2,3,WP2->WP3,1,0.15589042817793441,0.15589042811007897,0.2107814839991832,0.020266346936093766,utm,1,0.5546938540970873,-0.05991870762456497,0,0.0
34.0,20.003999999999998,49.90000243320851,8.900103433313355,0.287656905698112,7.430381404513302,0.2706388145436364,492825.86721782276,5527517.396434026,7.428423156205099,0.26226581260561943,0,1,0.0,0.0,2,3,2,3,WP2->WP3,1,0.14121491052848612,0.14121491043244558,0.2420253566111583,0.023270401893709772,utm,1,0.6766714421928886,0.3156413237488211,0,0.0
34.05,20.053999999999995,49.90000266826174,8.9001037504231,0.2876701463675963,7.453163950088943,0.29678311169817606,492825.89002610184,5527517.422537486,7.451225646072999,0.28837433084845543,0,1,0.0,0.0,2,3,2,3,WP2->WP3,1,0.1260676124589745,0.12606761251848464,0.27320495886520707,0.02626827734567505,utm,1,0.16161157874558757,0.18802357198575417,0,0.0
34.1,20.104,49.90000289880656,8.900104068570336,0.2877111085674794,7.476021033600467,0.3224259519368127,492825.9129082204,5527517.44813959,7.474102086562198,0.31398150883615017,0,1,0.0,0.0,2,3,2,3,WP2->WP3,1,0.11071732484345682,0.1107173248100723,0.30392022790535017,0.029221507804026943,utm,1,0.2261597533159539,0.4034917872857543,0,0.0
34.15,20.153999999999996,49.90000312378235,8.900104382891072,0.287774867454845,7.498603204681082,0.34744936416728195,492825.9355147105,5527517.473122883,7.496703035954852,0.3389698127284646,0,1,0.0,0.0,2,3,2,3,WP2->WP3,1,0.0954703687650409,0.09547036882931265,0.3339660034879871,0.032110367396286456,utm,1,0.45789730086771036,0.133327340150564,0,0.0
34.2,20.204,49.90000334674735,8.900104695754289,0.28785536864096567,7.521080661151611,0.3722491225591232,492825.9580162295,5527517.49788275,7.519199063710403,0.363734669983387,0,1,0.0,0.0,2,3,2,3,WP2->WP3,1,0.08026598358191159,0.08026598366505226,0.36376862173913793,0.03497584774884021,utm,1,0.22091796737866573,0.2354837339270049,0,0.0
34.25,20.253999999999998,49.90000357271391,8.900105016161055,0.28787460357706235,7.544100079102842,0.3973827365171438,492825.98105993797,5527517.522975617,7.54223720706068,0.38883264642208815,0,1,0.0,0.0,2,3,2,3,WP2->WP3,1,0.06462596867817091,0.06462596862892103,0.39403501257307844,0.03788591919110419,utm,1,0.0185861044335624,0.516939731774043,0,0.0
34.3,20.303999999999995,49.90000380643031,8.900105349855515,0.287908459220195,7.568074142916024,0.42337834242219524,492826.005059059,5527517.548928858,7.566230572236236,0.414791208691895,0,1,0.0,0.0,2,3,2,3,WP2->WP3,1,0.048290204991511494,0.048290204932718815,0.42538260159693037,0.04089994633767239,utm,1,0.24617060223252013,-0.018582866783419527,0,0.0
34.35,20.354,49.900004052740584,8.900105700843616,0.28792148894000175,7.593290657189499,0.45077472848881944,492826.0303020002,5527517.576280664,7.591467447287869,0.44214861188083887,0,1,0.0,0.0,2,3,2,3,WP2->WP3,1,0.03112184557892237,0.03112184566760703,0.4584064536874675,0.044075143849972215,utm,1,-0.27973154204924033,0.06137732251538339,0,0.0
34.4,20.403999999999996,49.900004315306504,8.90010607154559,0.287911526874318,7.619923501998984,0.4799791839043778,492826.05696311506,5527517.605437925,7.618122095707804,0.4713117852807045,0,1,0.0,0.0,2,3,2,3,WP2->WP3,1,0.013059586503331692,0.013059586439294965,0.4935449756920186,0.047453663937479316,utm,1,-0.054152282106117944,0.18919329315069855,0,0.0
34.45,20.454,49.90000459000369,8.900106459222066,0.2879090388777411,7.647775868969039,0.5105329652169255,492826.0848450623,5527517.635942346,7.645997277635615,0.5018223877996206,0,1,0.0,0.0,2,3,2,3,WP2->WP3,1,0.005826596486438818,-0.005826596631666602,0.5303041213712056,0.050988004740449004,utm,1,-0.3035724289476006,0.42509997366845914,0,0.0
34.5,20.503999999999998,49.900004873320306,8.900106866239627,0.28790865985462694,7.677017783759472,0.5420454610885699,492826.1141172787,5527517.667403248,7.6752625166554935,0.5332897799089551,0,1,0.0,0.0,2,3,2,3,WP2->WP3,1,0.025802847846734853,-0.025802847755769003,0.5683514653383728,0.05464620401965368,utm,1,-0.7100238751870374,0.09892013812538153,0,0.0
34.55,20.553999999999995,49.90000516012471,8.900107298563801,0.28790936178033394,7.708077835928209,0.5739458931348268,492826.14520742133,5527517.699249507,7.706345596408937,0.5651429323479533,0,1,0.0,0.0,2,3,2,3,WP2->WP3,1,0.04743187321436795,-0.047431873110459474,0.6072483344767264,0.05838608396417845,utm,1,-0.6068273087060456,0.3565875714320017,0,0.0
34.6,20.604,49.90000545002318,8.90010775380801,0.2879019948425851,7.74078456318344,0.6061904696191014,492826.17794403824,5527517.731437576,7.739075074554421,0.5973382601514459,0,1,0.0,0.0,2,3,2,3,WP2->WP3,1,0.07055968943469519,-0.07055968939205345,0.6469076586187457,0.06219927289834629,utm,1,-0.5744292412132634,0.6490113227095163,0,0.0
34.65,20.653999999999996,49.90000573967373,8.900108210280443,0.2879037097374965,7.773579531447186,0.638407470908009,492826.2107688237,5527517.763597964,7.771892727410886,0.6295059276744723,0,1,0.0,0.0,2,3,2,3,WP2->WP3,1,0.09377984964306588,-0.09377984954501498,0.6865634435460032,0.06601212154193034,utm,1,-1.1247494269604166,0.5467242411223793,0,0.0
34.7,20.704,49.900006029054936,8.900108666348359,0.28790314112749943,7.806345437425169,0.6705945140473238,492826.24356451817,5527517.795728445,7.8046812959364615,0.6616436801850796,0,1,0.0,0.0,2,3,2,3,WP2->WP3,1,0.1169798001509482,-0.11697980014341941,0.7261827275075841,0.06982146066836008,utm,1,-1.3753645357817317,0.5325555287496527,0,0.0
34.75,20.753999999999998,49.9000063182949,8.900109122190669,0.28790060206984114,7.839095134870843,0.7027658465279142,492826.2763439893,5527517.827843244,7.837453644548077,0.6937657473608851,0,1,0.0,0.0,2,3,2,3,WP2->WP3,1,0.14016821844654379,-0.1401682183232757,0.7657826178303495,0.07362893512335318,utm,1,-1.6787111401092074,0.5661136582490883,0,0.0
34.8,20.803999999999995,49.900006607334966,8.900109577746989,0.2878954493120328,7.871824285556274,0.7349149456493623,492826.30910289177,5527517.859935846,7.87020542944083,0.725865613669157,0,1,0.0,0.0,2,3,2,3,WP2->WP3,1,0.16334262357062146,-0.1633426236152385,0.805355686107354,0.077433830675899,utm,1,-1.3636516391603977,-0.12859535689347346,0,0.0
34.85,20.854,49.90000689619713,8.900110033043648,0.2878872313554867,7.904534781083095,0.7670442566283557,492826.34184311994,5527517.892008692,7.902938544400968,0.7579457182437181,0,1,0.0,0.0,2,3,2,3,WP2->WP3,1,0.18650420242386917,-0.1865042023724572,0.8449047853477646,0.08123642163886645,utm,1,-1.1734346588072593,0.08590085589922218,0,0.0
34.9,20.903999999999996,49.900007184251905,8.90011048706027,0.2878779955643738,7.937153313145827,0.7990837646188964,492826.3744913012,5527517.923991894,7.935579632350709,0.7899361597374082,0,1,0.0,0.0,2,3,2,3,WP2->WP3,1,0.20960052541864535,-0.20960052542265104,0.8843432035647805,0.08502837077515729,utm,1,-1.0244268326467167,-0.07547550768188159,0,0.0
34.95,20.954,49.90000747024485,8.90011093779597,0.28787156154394905,7.9695361295916545,0.8308939408587953,492826.4069035552,5527517.955746172,7.967984843824524,0.8216976244002581,0,1,0.0,0.0,2,3,2,3,WP2->WP3,1,0.23252936892202775,-0.2325293689527484,0.9234987458774504,0.08879312178612628,utm,1,-1.1835009499938596,-0.1761577998750704,0,0.0
35.0,21.003999999999998,49.90000775296709,8.900111383378857,0.2878654311691067,8.00154874535461,0.8623403260238173,492826.43894527137,5527517.987137295,8.00001959799556,0.8530958527699113,0,1,0.0,0.0,2,3,2,3,WP2->WP3,1,0.25519612566435146,-0.2551961256439911,0.9622065272398875,0.09251482120361712,utm,1,-0.9279777893492164,-0.07952379262211527,0,0.0
35.05,21.053999999999995,49.9000080310087,8.900111821549785,0.2878619750823909,8.03302885381641,0.893266097952965,492826.4704539993,5527518.018008727,8.031521479191724,0.8839742708951235,0,1,0.0,0.0,2,3,2,3,WP2->WP3,1,0.2774851888271398,-0.27748518887658624,1.0002728229513462,0.09617484266671371,utm,1,-0.07892590563652202,0.21545077549633246,0,0.0
35.1,21.104,49.90000830253311,8.900112249368378,0.2878648295287751,8.063765205367881,0.9234669798763102,492826.5012183013,5527518.048156548,8.062279094941914,0.9141289135441184,0,1,0.0,0.0,2,3,2,3,WP2->WP3,1,0.2992461368121534,-0.2992461367390536,1.0374453205245295,0.0997489266801945,utm,1,0.47884777799483547,0.11161713284343333,0,0.0
35.15,21.153999999999996,49.90000856502627,8.900112663012333,0.28788390591152374,8.09348318914705,0.9526633425868702,492826.53096330405,5527518.077301611,8.092017633840442,0.9432805720716715,0,1,0.0,0.0,2,3,2,3,WP2->WP3,1,0.3202871102910499,-0.32028711017158307,1.0733824505809495,0.10320423182271712,utm,1,0.4113794092655429,0.39273966222623385,0,0.0
35.2,21.204,49.90000881821052,8.900113061878688,0.28792235411772915,8.122139485791823,0.9808243017809304,492826.5596456642,5527518.1054131,8.120693759352434,0.9713984206318855,0,1,0.0,0.0,2,3,2,3,WP2->WP3,1,0.3405743866707007,-0.3405743867347135,1.1080430908160288,0.1065368042418105,utm,1,0.6771290538946673,0.7953837737967394,0,0.0
35.25,21.253999999999998,49.90000906534059,8.900113452424728,0.28793089138825867,8.15019801475135,1.008311871930618,492826.5877295982,5527518.132852267,8.1487716078409,0.9988438142463565,0,1,0.0,0.0,2,3,2,3,WP2->WP3,1,0.36046093950591035,-0.3604609394490862,1.1418977839411193,0.10979188596564317,utm,1,0.6348676692264135,1.0299313541680963,0,0.0
35.3,21.303999999999995,49.90000931021989,8.900113840044002,0.2879301542570773,8.178046272063066,1.0355490953336977,492826.61560301075,5527518.160041465,8.176638990291394,1.0260391933843493,0,1,0.0,0.0,2,3,2,3,WP2->WP3,1,0.3802100551309613,-0.38021005521447493,1.1754559735293393,0.11301845928621393,utm,1,0.20259344505967708,0.5299949301750557,0,0.0
35.35,21.354,49.900009556925156,8.90011422948479,0.28792901079783007,8.206025394975493,1.062989414642512,492826.6436075069,5527518.187433506,8.204637411341537,1.0534374434500933,0,1,0.0,0.0,2,3,2,3,WP2->WP3,1,0.4000323454726278,-0.4000323453896984,1.209244322441491,0.11626716210611678,utm,1,-0.14026184513947457,0.34908840922827866,0,0.0
35.4,21.403999999999996,49.90000980990986,8.900114625061644,0.28792740181004656,8.234445359465276,1.0911281793914687,492826.6720535988,5527518.215523126,8.233077273471281,1.0815333714708686,0,1,0.0,0.0,2,3,2,3,WP2->WP3,1,0.4200974037593823,-0.42009740384669586,1.243821775844544,0.11959173622684743,utm,1,-0.029552237616620944,-0.22467735041852765,0,0.0
35.45,21.454,49.90001007401044,8.900115030637982,0.28792525613881564,8.263583730570263,1.120503330176593,492826.7012194574,5527518.244847679,8.26223662844859,1.1108643906190991,0,1,0.0,0.0,2,3,2,3,WP2->WP3,1,0.4405324203585216,-0.4405324203273967,1.2797799017024503,0.1230490600865223,utm,1,-0.039144547432764,-0.056512109444831454,0,0.0
35.5,21.503999999999998,49.900010349993686,8.900115446747606,0.28790944396982937,8.29347885872056,1.1512001559578464,492826.73114353145,5527518.275492368,8.292153906077147,1.1415157159790397,0,1,0.0,0.0,2,3,2,3,WP2->WP3,1,0.4613521029420543,-0.46135210297002555,1.3172110121546154,0.12664800936913465,utm,1,0.04353564923353718,0.16834606751703604,0,0.0
35.55,21.553999999999995,49.9000106339453,8.900115871613407,0.2879099682887172,8.324003068845816,1.1827832808097727,492826.7616976166,5527518.307022164,8.322700998513028,1.173052285797894,0,1,0.0,0.0,2,3,2,3,WP2->WP3,1,0.482547069576522,-0.4825470695094624,1.3556616754734576,0.13034498724384022,utm,1,-0.09270333499982325,0.3566128638985887,0,0.0
35.6,21.604,49.90001092703274,8.900116306887353,0.287908248283537,8.355275045484708,1.2153825573419508,492826.7930005228,5527518.339566708,8.353996686986648,1.205603769980371,0,1,0.0,0.0,2,3,2,3,WP2->WP3,1,0.5041978873178784,-0.5041978872134251,1.395288199075571,0.13415502245165217,utm,1,0.22023502662052438,-0.09391457426443778,0,0.0
35.65,21.653999999999996,49.90001122266898,8.900116753924252,0.2879035636579566,8.387392123805851,1.2482653297215047,492826.8251485699,5527518.372393508,8.38613745366456,1.2384376991540194,0,1,0.0,0.0,2,3,2,3,WP2->WP3,1,0.5265899734012205,-0.5265899735130357,1.4354091443991082,0.138012595621286,utm,1,-0.3927060214204666,0.436300415951794,0,0.0
35.7,21.704,49.9000115179956,8.900117200906223,0.28790258436159916,8.41950525595143,1.281113664591845,492826.85729262605,5527518.40518589,8.41827423707582,1.2712372094392776,0,1,0.0,0.0,2,3,2,3,WP2->WP3,1,0.5489872537188419,-0.5489872537012819,1.4754958317218776,0.1418668749317263,utm,1,-0.10366725596273463,0.7693907783848601,0,0.0
35.75,21.753999999999998,49.900011813016754,8.900117647479654,0.2878993769083396,8.451589036749198,1.3139280218461564,492826.88940729696,5527518.437944348,8.45038164278958,1.3040027879178524,0,1,0.0,0.0,2,3,2,3,WP2->WP3,1,0.5713650959997101,-0.5713650959048225,1.5155420651145883,0.14571726465297719,utm,1,-0.13469507397568153,0.7099297842199466,0,0.0
35.8,21.803999999999995,49.900012107898036,8.900118093812006,0.28789342498266957,8.48365549743388,1.3467268226828424,492826.92150463356,5527518.470687278,8.482471717637964,1.3367528347298503,0,1,0.0,0.0,2,3,2,3,WP2->WP3,1,0.593730293462498,-0.5937302934006852,1.5555687612026767,0.1495657758895236,utm,1,0.16471914565638485,0.9427108112249319,0,0.0
35.85,21.854,49.90001240225964,8.90011853956068,0.2878837438422181,8.515680024084755,1.3794678206064093,492826.95355997543,5527518.503372486,8.514519810501952,1.3694451497867703,0,1,0.0,0.0,2,3,2,3,WP2->WP3,1,0.6160701399557502,-0.6160701399555715,1.5955287290353215,0.15340787129698674,utm,1,0.7604405567097934,0.7105209521882412,0,0.0
35.9,21.903999999999996,49.90001269529879,8.900118983267966,0.2878725580893356,8.547557888563892,1.4120617262937156,492826.9854685175,5527518.535910854,8.546421136241406,1.4019905934110284,0,1,0.0,0.0,2,3,2,3,WP2->WP3,1,0.6383069321216136,-0.6383069320719179,1.6353084418397488,0.15723263543383958,utm,1,0.7992729629769963,0.3855819806501399,0,0.0
35.95,21.954,49.90001298574657,8.9001194232371,0.2878638663720948,8.579167187980831,1.4443674013564252,492827.01710821746,5527518.568161467,8.578053683566395,1.4342482220381498,0,1,0.0,0.0,2,3,2,3,WP2->WP3,1,0.6603599457937132,-0.6603599459169454,1.6747398662356519,0.161023912123944,utm,1,0.37316880002323,0.5403737828103526,0,0.0
36.0,22.003999999999998,49.900013272425205,8.900119857850923,0.28785412040998737,8.610391738406962,1.476253844867053,492827.0483627633,5527518.599993527,8.609301169635728,1.4660872118547559,0,1,0.0,0.0,2,3,2,3,WP2->WP3,1,0.6821513279052535,-0.6821513279391335,1.7136662369816542,0.16476662860706998,utm,1,0.6221082256404044,0.732764858934082,0,0.0
36.05,22.053999999999995,49.90001355401577,8.900120285107679,0.28784617808488355,8.64108772515508,1.507574356559838,492827.07908820256,5527518.631260589,8.64001967443619,1.4973610872402787,0,1,0.0,0.0,2,3,2,3,WP2->WP3,1,0.7035806670604244,-0.7035806671558306,1.7519084282567927,0.16844356218431633,utm,1,-0.14897718603393206,0.7819512150751331,0,0.0
36.1,22.104,49.900013827915785,8.90012070089739,0.2878426131528661,8.670959869362807,1.5380394711738636,492827.1089889887,5527518.661673694,8.6699137155083,1.5277808215469122,0,1,0.0,0.0,2,3,2,3,WP2->WP3,1,0.7244387354395139,-0.7244387355844577,1.7891099733443303,0.17202043907595874,utm,1,-0.8272412892481746,0.8124322351734061,0,0.0
36.15,22.153999999999996,49.90001409020275,8.900121098893658,0.2878516975820998,8.699553655222546,1.5672128993650563,492827.13761020656,5527518.690797332,8.698528474313207,1.5569108054041862,0,1,0.0,0.0,2,3,2,3,WP2->WP3,1,0.7444010481478344,-0.7444010481148616,1.8247311253657366,0.17544536336927075,utm,1,-1.058054754439837,1.082963642364218,0,0.0
36.2,22.204,49.90001433635114,8.900121471954686,0.2878834615017438,8.726355984705506,1.5945912795521995,492827.1644382927,5527518.718129029,8.725350498745684,1.5842484505847096,0,1,0.0,0.0,2,3,2,3,WP2->WP3,1,0.7631041288154273,-0.7631041287561764,1.8581521162341743,0.17865874522348715,utm,1,-1.0608109463317446,0.7536490783368236,0,0.0
36.25,22.253999999999998,49.90001456482198,8.900121822412276,0.28792863013777625,8.751534384775741,1.6200034366617586,492827.1896404788,5527518.7434974555,8.750547058647498,1.609622466377914,0,1,0.0,0.0,2,3,2,3,WP2->WP3,1,0.7807543534944241,-0.7807543536043517,1.8892515830087067,0.18164891576039557,utm,1,-0.9063577057584475,0.94269862394048,0,0.0
36.3,22.303999999999995,49.900014778450846,8.90012215748083,0.2879279947205449,8.775607169468683,1.6437647633173595,492827.2137352919,5527518.767217185,8.7746366111096,1.6333475392311811,0,1,0.0,0.0,2,3,2,3,WP2->WP3,1,0.7977693639344899,-0.797769363847804,1.9184693007321276,0.18445815873956542,utm,1,-0.915281213390963,1.4062159946462691,0,0.0
36.35,22.354,49.900014981085626,8.900122482107177,0.28792710601837,8.798929740511205,1.666303249559908,492827.2370785617,5527518.789715564,8.797974891145714,1.655851093120873,0,1,0.0,0.0,2,3,2,3,WP2->WP3,1,0.8143801869561793,-0.81438018699048,1.9463111008648455,0.18713510915337514,utm,1,-0.906016721548149,1.2982752615100288,0,0.0
36.4,22.403999999999996,49.90001517697115,8.90012280083212,0.2879256761209712,8.821828328994014,1.688091035883589,492827.259997018,5527518.8114641085,8.82088852400193,1.6776047199964523,0,1,0.0,0.0,2,3,2,3,WP2->WP3,1,0.8307781658795017,-0.8307781659907616,1.9733177874043772,0.18973176455507354,utm,1,-0.5879827497988634,1.1696404305989998,0,0.0
36.45,22.454,49.90001537072098,8.900123117735939,0.2879237509387561,8.844596079952776,1.709641273934234,492827.28278437245,5527518.8329753755,8.843671107606497,1.6991210393607616,0,1,0.0,0.0,2,3,2,3,WP2->WP3,1,0.8471120020756876,-0.84711200193355,2.0000610843754854,0.1923030954155848,utm,1,-0.34892029877461395,1.2901614277437872,0,0.0
36.5,22.503999999999998,49.900015567349016,8.900123436424597,0.2879212280192213,8.86749206151704,1.7315116478760606,492827.3057003326,5527518.854806478,8.866582226008177,1.7209572233259678,0,1,0.0,0.0,2,3,2,3,WP2->WP3,1,0.8634858781110473,-0.8634858781076834,2.027146771618846,0.19490734662523376,utm,1,0.0713265030827106,1.3617003708566862,0,0.0
36.55,22.553999999999995,49.90001577227577,8.9001237599796,0.28791796283598536,8.890737662546206,1.7543050635239228,492827.3289670023,5527518.877559788,8.889843849407043,1.7437156913802028,0,1,0.0,0.0,2,3,2,3,WP2->WP3,1,0.8799558028448345,-0.8799558029082436,2.0552144146470366,0.19760601151977428,utm,1,-0.11653399744836,0.9559961860024205,0,0.0
36.6,22.604,49.90001599131205,8.900124090888914,0.2879137583225766,8.914511629312878,1.7786678420243849,492827.3527639176,5527518.901881128,8.913635370670818,1.7680423092097044,0,1,0.0,0.0,2,3,2,3,WP2->WP3,1,0.8965252946645845,-0.896525294683601,2.084934318771041,0.200463539023883,utm,1,-0.1766557335244388,1.1709594776674321,0,0.0
36.65,22.653999999999996,49.90001622951785,8.900124430332436,0.28790568545554174,8.938898730762826,1.8051627907517447,492827.37717656355,5527518.928332968,8.938042150170077,1.7944995621219277,0,1,0.0,0.0,2,3,2,3,WP2->WP3,1,0.9131290297111655,-0.9131290295790534,2.116871649796919,0.20353426904486446,utm,1,-0.6287635099367836,0.9398628713206791,0,0.0
36.7,22.704,49.90001647973516,8.90012477249184,0.2879010095988592,8.963480952925275,1.8329937447468752,492827.40178603254,5527518.956120018,8.962645456544124,1.822292068041861,0,1,0.0,0.0,2,3,2,3,WP2->WP3,1,0.9295718066107052,-0.9295718065978191,2.1501489875611757,0.2067338388526309,utm,1,-0.8043691147776246,0.6190490570825754,0,0.0
36.75,22.753999999999998,49.90001674151125,8.900125114534022,0.2878947883319529,8.98805475349142,1.8621103506587247,492827.4263887966,5527518.985192217,8.98724177305121,1.85136972181499,0,1,0.0,0.0,2,3,2,3,WP2->WP3,1,0.9456704053927807,-0.9456704055132682,2.184664547352281,0.2100524619885357,utm,1,-0.49871978007129525,0.456220647479783,0,0.0
36.8,22.803999999999995,49.90001701622179,8.900125455629572,0.28788666636671423,9.012560543819166,1.8926656163649676,492827.45092549495,5527519.01570259,9.011771704885177,1.8818855369463563,0,1,0.0,0.0,2,3,2,3,WP2->WP3,1,0.9613273400341157,-0.961327339964627,2.2205503782015024,0.21350283478353468,utm,1,-0.6045597178208877,0.5878005504179908,0,0.0
36.85,22.854,49.900017303029614,8.90012579595597,0.2878772289899007,9.037011074926891,1.9245664297688039,492827.47540874925,5527519.047558046,9.03624789440073,1.913746421225369,0,1,0.0,0.0,2,3,2,3,WP2->WP3,1,0.9765792504770258,-0.9765792505970244,2.2577199761874764,0.21707664000573246,utm,1,-0.06244718794909565,0.6796183793655618,0,0.0
36.9,22.903999999999996,49.900017597701535,8.900126137352038,0.2878676184323166,9.061538455701173,1.9573419437371902,492827.499969988,5527519.080287751,9.060801874555182,1.946481571532786,0,1,0.0,0.0,2,3,2,3,WP2->WP3,1,0.991676671645564,-0.9916766715851466,2.2957535917103598,0.22073351931408644,utm,1,-0.40479188396441046,1.2111645645550175,0,0.0
36.95,22.954,49.90001789650083,8.900126481501758,0.2878566464687906,9.086263670925455,1.9905765329881422,492827.5247295935,5527519.113476085,9.085554119665176,1.9796753944829106,0,1,0.0,0.0,2,3,2,3,WP2->WP3,1,1.0068449704232074,-1.0068449703742572,2.3342818446023332,0.22443795731848593,utm,1,-0.06314248163221786,1.6135788435477485,0,0.0
37.0,23.003999999999998,49.900018195589276,8.900126828733045,0.28784478970855276,9.111210279348253,2.023843284338335,492827.54971054604,5527519.146696271,9.110527704760898,2.0129011208191514,0,1,0.0,0.0,2,3,2,3,WP2->WP3,1,1.0222184671016616,-1.0222184670092516,2.3728989962942855,0.22815094281903348,utm,1,-0.07522211487782582,1.1722506981409584,0,0.0
37.05,23.053999999999995,49.90001849082482,8.90012717734953,0.28783486759092286,9.136256406411027,2.0566814888231035,492827.57479040587,5527519.17948795,9.135600292182062,2.04569835960865,0,1,0.0,0.0,2,3,2,3,WP2->WP3,1,1.0377999973419143,-1.0377999974271028,2.4111286899491704,0.23182667476745014,utm,1,-0.5102639994357284,1.062214820169945,0,0.0
37.1,23.104,49.90001877684577,8.90012752308389,0.2878257132787855,9.161095469074723,2.0884947796011564,492827.59966191795,5527519.211255401,9.160464758984745,2.0774713261052966,0,1,0.0,0.0,2,3,2,3,WP2->WP3,1,1.0534496466332803,-1.0534496466599144,2.448315401933734,0.23540212547684303,utm,1,-0.5424872099564528,1.1774731149677145,0,0.0
37.15,23.153999999999996,49.90001904742594,8.900127859561895,0.2878270369441655,9.185269514820076,2.1185906374866845,492827.6238663904,5527519.241306995,9.184662566694897,2.107528286986053,0,1,0.0,0.0,2,3,2,3,WP2->WP3,1,1.0689065879619801,-1.0689065880349466,2.483671274585006,0.23880154352715816,utm,1,-0.3836167702478109,0.650810533049255,0,0.0
37.2,23.204,49.900019295955005,8.900128173365005,0.28785528057610027,9.207814497334114,2.146233813556777,492827.6464391829,5527519.2689090585,9.207229237712454,2.1351353554055095,0,1,0.0,0.0,2,3,2,3,WP2->WP3,1,1.0834328752543496,-1.083432875332771,2.5162349330024343,0.24193249405694284,utm,1,-0.34784418249142157,0.6589758832318439,0,0.0
37.25,23.253999999999998,49.900019516700105,8.900128459216226,0.28792478857612963,9.228351294445371,2.1707866588352815,492827.6670004757,5527519.293424705,9.227785093418788,2.1596555607393384,0,1,0.0,0.0,2,3,2,3,WP2->WP3,1,1.0968293967192082,-1.096829396757177,2.5452920646191655,0.24472629690498948,utm,1,-0.4558689917082896,0.4019622489352109,0,0.0
37.3,23.303999999999995,49.900019711436855,8.900128724305583,0.2879249547115186,9.247396468715738,2.1924466698515244,492827.6860668876,5527519.315050663,9.246846709167585,2.181285746395588,0,1,0.0,0.0,2,3,2,3,WP2->WP3,1,1.1095429192830928,-1.1095429193055715,2.5711682405843903,0.2472142552851131,utm,1,-0.4558689917082896,0.4019622489352109,0,0.0
37.35,23.354,49.90001988426336,8.90012897389831,0.2879242276693489,9.26532829759187,2.2116696665518494,492827.7040171519,5527519.334242067,9.264792717178352,2.2004811307415366,0,1,0.0,0.0,2,3,2,3,WP2->WP3,1,1.1218192672263583,-1.1218192671328946,2.5944021222263003,0.24944816073588272,utm,1,-0.6423839024460152,1.0340043051701149,0,0.0
37.4,23.403999999999996,49.90002003939328,8.900129213023158,0.2879231470156286,9.282508068435797,2.2289243239584122,492827.7212130361,5527519.351466921,9.281984781264327,2.217709797434509,0,1,0.0,0.0,2,3,2,3,WP2->WP3,1,1.1338845126881771,-1.1338845125515906,2.615540331155382,0.2514805701659542,utm,1,-0.474267552814832,0.9168150750593403,0,0.0
37.45,23.454,49.90002018147425,8.900129446065376,0.2879216839683556,9.29925083667611,2.2447275825293596,492827.7379701583,5527519.36724154,9.298738404875621,2.233488131314516,0,1,0.0,0.0,2,3,2,3,WP2->WP3,1,1.1459075055913748,-1.145907505491976,2.635163974649118,0.2533673562329686,utm,1,-0.9787607936269745,1.0716014667111007,0,0.0
37.5,23.503999999999998,49.90002031604156,8.900129676123505,0.28791998548175307,9.315779214932038,2.259695119667054,492827.75451186247,5527519.382181058,9.315276795707177,2.2484313175082207,0,1,0.0,0.0,2,3,2,3,WP2->WP3,1,1.1579420971349825,-1.1579420971990173,2.6539252584367277,0.25517122761195404,utm,1,-1.1294980098957241,1.1166641755996558,0,0.0
37.55,23.553999999999995,49.90002044902379,8.900129905523666,0.2879175512312684,9.332260321907356,2.2744863521533825,492827.77100607916,5527519.3969444055,9.331767738098279,2.263198321685195,0,1,0.0,0.0,2,3,2,3,WP2->WP3,1,1.1699771638809457,-1.169977163865916,2.6725040849036126,0.2569575559729634,utm,1,-1.2954847379460206,0.8506718098951539,0,0.0
37.6,23.604,49.90002058668137,8.900130135846002,0.2879145078619,9.348807681904574,2.2897976106273643,492827.7875672154,5527519.412227481,9.348325484781526,2.2784850699827075,0,1,0.0,0.0,2,3,2,3,WP2->WP3,1,1.1819402253364166,-1.1819402253737323,2.691601958581913,0.2587937900024554,utm,1,-1.7304679976573276,1.1491455842971317,0,0.0
37.65,23.653999999999996,49.90002073556706,8.900130367914448,0.287910671902626,9.365480490109583,2.3063577394686643,492827.8042554138,5527519.428758759,9.365010016888846,2.295020048506558,0,1,0.0,0.0,2,3,2,3,WP2->WP3,1,1.1936978832403145,-1.193697883332943,2.7119375581824814,0.2607490296603193,utm,1,-2.0755475431632915,1.2887463225848652,0,0.0
37.7,23.704,49.900020902056056,8.900130601606893,0.28790429266320533,9.382269973457252,2.3248758338285316,492827.8210628501,5527519.447247066,9.381813352869358,2.3135120812803507,0,1,0.0,0.0,2,3,2,3,WP2->WP3,1,1.2050563246863852,-1.2050563247988715,2.7341927418865946,0.26288883466366486,utm,1,-2.0048334646783976,0.8225279262778998,0,0.0
37.75,23.753999999999998,49.90002107963057,8.900130833522244,0.2878997646791408,9.398931782627912,2.344626937901061,492827.83774430666,5527519.466968059,9.398490435734857,2.3332367734983563,0,1,0.0,0.0,2,3,2,3,WP2->WP3,1,1.2159692910179813,-1.2159692910311362,2.757604186205555,0.2651398125192195,utm,1,-1.7519811713466846,1.0106869844283697,0,0.0
37.8,23.803999999999995,49.90002126214026,8.900131060400465,0.28789561628695554,9.415231702447276,2.3649269676489837,492827.8540647502,5527519.4872382395,9.414806383778341,2.3535105725750327,0,1,0.0,0.0,2,3,2,3,WP2->WP3,1,1.226389617205127,-1.2263896171104862,2.7814506516651134,0.2674326170532499,utm,1,-1.3534870300212005,0.5943651623840198,0,0.0
37.85,23.854,49.90002145352744,8.900131281662565,0.287891177295854,9.431128135673925,2.3862144156584932,492827.8699831848,5527519.50849598,9.430720103962813,2.3747718427330256,0,1,0.0,0.0,2,3,2,3,WP2->WP3,1,1.2361625533155407,-1.2361625534164682,2.8061443311163665,0.2698068800359022,utm,1,-1.4900735386485282,0.37326198584950987,0,0.0
37.9,23.903999999999996,49.90002165376795,8.90013149730459,0.2878830964160475,9.446620798223032,2.408486594738333,492827.8854993228,5527519.530738598,9.446231309091672,2.3970179008319974,0,1,0.0,0.0,2,3,2,3,WP2->WP3,1,1.2452885272468015,-1.245288527221792,2.8316825610216654,0.27226234537173083,utm,1,-1.116297104944807,0.09066935880443042,0,0.0
37.95,23.954,49.90002186431969,8.900131709148319,0.2878765676766397,9.46184057458325,2.4319056618104464,492827.9007442122,5527519.554128008,9.461471011396497,2.420410690829158,0,1,0.0,0.0,2,3,2,3,WP2->WP3,1,1.2538514333978503,-1.2538514333278579,2.85825600271275,0.27481734488297666,utm,1,-1.4571029806081903,0.31971579628246277,0,0.0
38.0,24.003999999999998,49.900022083036525,8.900131920406919,0.28786902107350243,9.47701831277075,2.4562329089634427,492827.91594829055,5527519.578425288,9.476669701223727,2.444711343385279,0,1,0.0,0.0,2,3,2,3,WP2->WP3,1,1.2621363944158344,-1.262136394360566,2.885694684274967,0.2774555360061165,utm,1,-1.7325325606252746,0.14479770269916184,0,0.0
38.05,24.053999999999995,49.90002230917056,8.900132132963414,0.28786230001409346,9.49228929739841,2.481385150010508,492827.93124667753,5527519.60354711,9.49196251691319,2.469836556352675,0,1,0.0,0.0,2,3,2,3,WP2->WP3,1,1.2702956782067258,-1.2702956782528514,2.9139537124284463,0.2801726023146423,utm,1,-1.419588099305753,0.2690985061810008,0,0.0
38.1,24.104,49.90002254167565,8.900132340049929,0.28785380124832244,9.507167294830644,2.5072460256081093,492827.9461531789,5527519.629377807,9.506863289803732,2.4956705579534173,0,1,0.0,0.0,2,3,2,3,WP2->WP3,1,1.2778905723304006,-1.2778905723040872,2.9427937235503987,0.2829455293286705,utm,1,-1.1975130725020857,-0.1609301213236839,0,0.0
38.15,24.153999999999996,49.900022779369,8.90013253794756,0.28784933670133495,9.52138512278111,2.5336839758816594,492827.9604005443,5527519.655786226,9.521104798535816,2.5220821360126138,0,1,0.0,0.0,2,3,2,3,WP2->WP3,1,1.284697682038934,-1.2846976819759492,2.9720179476156448,0.2857553978835703,utm,1,-0.9897859329173917,-0.0884436797046182,0,0.0
38.2,24.204,49.90002301922897,8.900132725863852,0.2878412192440003,9.534885847894701,2.560362913014213,492827.97393141524,5527519.682436491,9.534629759262316,2.5487354015931487,0,1,0.0,0.0,2,3,2,3,WP2->WP3,1,1.2907499255430745,-1.2907499254881354,3.0012872401258917,0.2885695997068622,utm,1,-0.9817174521873434,-0.22891442065180134,0,0.0
38.25,24.253999999999998,49.90002325903824,8.900132904392185,0.2878403023484099,9.547712101144667,2.58703621185632,492827.986788077,5527519.709082021,9.547480511886533,2.575383781455457,0,1,0.0,0.0,2,3,2,3,WP2->WP3,1,1.2961528983555723,-1.2961528984366228,3.0303747959608613,0.29136632780123684,utm,1,-0.5034820526590202,-0.18784221507261545,0,0.0
38.3,24.303999999999995,49.900023494631114,8.900133072075244,0.2878425274014939,9.559759182597366,2.61324053214677,492827.99886525405,5527519.735259797,9.559551883488894,2.601564235985279,0,1,0.0,0.0,2,3,2,3,WP2->WP3,1,1.3009266961632069,-1.3009266960916726,3.0588062050079508,0.2940999682932667,utm,1,-0.4285354382997935,0.428075525517126,0,0.0
38.35,24.354,49.90002372187193,8.900133227742694,0.28785652941338047,9.570943010419652,2.638515877401571,492828.0100782853,5527519.760510121,9.570759315043688,2.62681704480201,0,1,0.0,0.0,2,3,2,3,WP2->WP3,1,1.3051104312866426,-1.3051104313972808,3.0861156767378697,0.2967257360704882,utm,1,-0.9119978065174024,0.6526133579575268,0,0.0
38.4,24.403999999999996,49.90002393727843,8.900133371598944,0.2878856863692363,9.581278270112264,2.662474926287923,492828.02044133405,5527519.784445806,9.581117055611685,2.65075502730906,0,1,0.0,0.0,2,3,2,3,WP2->WP3,1,1.3088195133982305,-1.3088195134364664,3.1119333557162587,0.2992080700465729,utm,1,-0.8102628584557012,0.33268585436901943,0,0.0
38.45,24.454,49.90002414187656,8.900133508246574,0.28793135099586314,9.59109563117649,2.6852317889179207,492828.0302850894,5527519.807180476,9.590955769177526,2.673491880297661,0,1,0.0,0.0,2,3,2,3,WP2->WP3,1,1.3123431524459688,-1.3123431524634916,3.136455768031394,0.30156586593195717,utm,1,-0.687758599359222,0.036012718106226305,0,0.0
38.5,24.503999999999998,49.900024341306136,8.900133642365965,0.28793128058640466,9.600731352539935,2.7074137702086967,492828.0399465117,5527519.829340737,9.600612276990432,2.6956542832776904,0,1,0.0,0.0,2,3,2,3,WP2->WP3,1,1.3158418083960992,-1.3158418083339594,3.1603760450475162,0.3038657673446357,utm,1,-1.2958814281920241,0.14343561777687985,0,0.0
38.55,24.553999999999995,49.90002454136299,8.900133776672888,0.2879309468960947,9.610380547002585,2.7296655208332634,492828.0496214945,5527519.851570723,9.610282329900656,2.7178864125162363,0,1,0.0,0.0,2,3,2,3,WP2->WP3,1,1.3193352260084092,-1.3193352261244615,3.184367159494875,0.3061724796779429,utm,1,-0.8747416396930938,0.3412911983766771,0,0.0
38.6,24.604,49.900024748000924,8.90013391339528,0.2879303520873619,9.620203279260855,2.752649266459575,492828.0594709211,5527519.874532177,9.620126664405689,2.7408500518649817,0,1,0.0,0.0,2,3,2,3,WP2->WP3,1,1.3228047430137968,-1.322804743158688,3.2091098765573904,0.3085514575588107,utm,1,-0.4988823616986705,0.3359124144857734,0,0.0
38.65,24.653999999999996,49.9000249672865,8.900134054403198,0.28792947596408003,9.63033390242037,2.777039772981447,492828.0696299899,5527519.898899421,9.630280329380184,2.7652195477858186,0,1,0.0,0.0,2,3,2,3,WP2->WP3,1,1.3262036098598822,-1.3262036098747831,3.235290345675248,0.3110686733029329,utm,1,-0.1443010155310166,0.372316403395408,0,0.0
38.7,24.704,49.90002520538677,8.900134201204398,0.2879247038410574,9.64088074021916,2.8035229845272003,492828.08020789543,5527519.925357976,9.6408523672726,2.7916804468259215,0,1,0.0,0.0,2,3,2,3,WP2->WP3,1,1.3294570434063486,-1.3294570433927952,3.2635986904326044,0.3137904813344266,utm,1,0.19004075964571426,0.4823404664899462,0,0.0
38.75,24.753999999999998,49.900025465474485,8.900134355514716,0.28786036510558577,9.651967065689037,2.8324517962408686,492828.0913283316,5527519.954260434,9.651966393808834,2.8205853709951043,0,1,0.0,0.0,2,3,2,3,WP2->WP3,1,1.3325917372056204,-1.3325917371425426,3.294407615700079,0.31675271670895905,utm,1,-0.4599435537838818,0.8666107146709101,0,0.0
38.8,24.803999999999995,49.90002574120447,8.900134517705519,0.2878028943013554,9.663619559576286,2.8631204532107826,492828.1030170278,5527519.984901286,9.663648294867016,2.8512288136407733,0,1,0.0,0.0,2,3,2,3,WP2->WP3,1,1.3358179084708295,-1.3358179085473514,3.3270431673167895,0.31989057967000367,utm,1,-0.3394165099020105,0.9335452942780565,0,0.0
38.85,24.854,49.900026028797285,8.900134674618696,0.2877420443864697,9.67489288585891,2.8951085776895376,492828.1143284667,5527520.016861584,9.674952646077145,2.8831916199997067,0,1,0.0,0.0,2,3,2,3,WP2->WP3,1,1.3383333593858862,-1.338333359408601,3.360852660442058,0.3231413154766309,utm,1,-0.31335736277327303,1.182157995623541,0,0.0
38.9,24.903999999999996,49.900026318576835,8.900134831787202,0.2877373008673386,9.686184556032,2.9273399269382865,492828.12565856625,5527520.049064984,9.686275604006369,2.915397531352937,0,1,0.0,0.0,2,3,2,3,WP2->WP3,1,1.340802933524738,-1.3408029334266287,3.3949016149649767,0.32641507516405877,utm,1,-0.10320155077265394,0.12824603888357466,0,0.0
38.95,24.954,49.900026608431745,8.900134989112479,0.2877442794632266,9.697487489287727,2.959579658978504,492828.1369999354,5527520.081276747,9.697609829658177,2.9476118087768555,0,1,0.0,0.0,2,3,2,3,WP2->WP3,1,1.3432811830697096,-1.343281183045605,3.428961601145777,0.3296898955300703,utm,1,0.011545136721648322,0.5872314838816631,0,0.0
39.0,25.003999999999998,49.90002689794899,8.900135146291532,0.2877503380421418,9.70877991727559,2.991781832603602,492828.14833075326,5527520.113450983,9.708933512447402,2.9797885566949844,0,1,0.0,0.0,2,3,2,3,WP2->WP3,1,1.3457591138848815,-1.3457591139124847,3.4629826050093184,0.33296096780041917,utm,1,-0.18518223086363367,0.23628162168883182,0,0.0
39.05,25.053999999999995,49.90002718658186,8.900135302124408,0.28775470972754685,9.719975629951069,3.0238856400291447,492828.1595647633,5527520.145527021,9.720160409109667,3.0118670854717493,0,1,0.0,0.0,2,3,2,3,WP2->WP3,1,1.3481694429891649,-1.3481694430776658,3.4968834241109366,0.3362204844728315,utm,1,-0.29604287989016187,0.09724518971706322,0,0.0
39.1,25.104,49.90002747377766,8.900135454884285,0.2877559821179372,9.730950565072765,3.0558296069793407,492828.17057787126,5527520.177443576,9.731166439072695,3.0437860814854503,0,1,0.0,0.0,2,3,2,3,WP2->WP3,1,1.3504085421955092,-1.350408542190027,3.53057231643752,0.33945962468016533,utm,1,-0.8258804188387721,0.06076542385112371,0,0.0
39.15,25.153999999999996,49.90002776003155,8.900135606032105,0.2877565313310894,9.741809682921602,3.087668806724375,492828.1814750685,5527520.209255559,9.742056581482757,3.075600480660796,0,1,0.0,0.0,2,3,2,3,WP2->WP3,1,1.3525632831854528,-1.3525632832490049,3.5641298533201597,0.34268613524400104,utm,1,-0.7615074194053174,0.317173574762119,0,0.0
39.2,25.204,49.900028044590854,8.90013575460781,0.2877568005400575,9.75248400882567,3.1193195238465075,492828.1921872966,5527520.240879382,9.752761796466075,3.1072266781702638,0,1,0.0,0.0,2,3,2,3,WP2->WP3,1,1.3545890001290013,-1.3545890001268945,3.597457236350254,0.3458905168345709,utm,1,-0.7255345044737403,0.46819775775926475,0,0.0
39.25,25.253999999999998,49.90002832397893,8.900135901674073,0.28775630136860086,9.76304988987918,3.150395058930028,492828.2027903566,5527520.271928398,9.763357970921788,3.1382780438289046,0,1,0.0,0.0,2,3,2,3,WP2->WP3,1,1.3566604319645612,-1.3566604320544136,3.6302013265311395,0.34903881562781375,utm,1,-0.6827335184365094,0.14002193225082538,0,0.0
39.3,25.303999999999995,49.900028595148136,8.900136050901041,0.2877546537160606,9.77377100542139,3.180556433198678,492828.2135473705,5527520.302063413,9.77410830190638,3.1684154449030757,0,1,0.0,0.0,2,3,2,3,WP2->WP3,1,1.3591205866935332,-1.3591205866943663,3.662103992850412,0.35210621268540027,utm,1,-0.8924898247115713,0.33392509899157663,0,0.0
39.35,25.354,49.90002885434324,8.900136203609177,0.2877518937812962,9.784742223192358,3.2093859624640606,492828.22455261135,5527520.330866782,9.785107155097649,3.197221253067255,0,1,0.0,0.0,2,3,2,3,WP2->WP3,1,1.3621701719263348,-1.3621701718903105,3.6927870406719188,0.35505634511833173,utm,1,-0.8642183035888,0.9504113680497192,0,0.0
39.4,25.403999999999996,49.90002909817694,8.90013635887996,0.28774849823500254,9.795897552687029,3.236506885955957,492828.23573961284,5527520.357961983,9.796288147743326,3.2243189346045256,0,1,0.0,0.0,2,3,2,3,WP2->WP3,1,1.3658439988122788,-1.3658439988184128,3.7218697148630437,0.3578526038494307,utm,1,-1.1209532808457117,1.01717444083642,0,0.0
39.45,25.454,49.900029322357256,8.900136516954547,0.2877454377640419,9.807254319633815,3.261441821105402,492828.2471250578,5527520.382871804,9.807668068504427,3.249231278896332,0,1,0.0,0.0,2,3,2,3,WP2->WP3,1,1.3702835652133165,-1.3702835651975653,3.7488959569255926,0.3604511394875069,utm,1,-1.495038170842959,0.9146386575032447,0,0.0
39.5,25.503999999999998,49.900029527192366,8.900136675705127,0.28775390709186927,9.81865965296129,3.2842250433977025,492828.258556182,5527520.405630707,9.819094145437703,3.271992716938257,0,1,0.0,0.0,2,3,2,3,WP2->WP3,1,1.3753324191908238,-1.375332419191937,3.773858876190964,0.3628512895043446,utm,1,-1.3375018556540055,0.7396119888215019,0,0.0
39.55,25.553999999999995,49.90002972698818,8.900136827930638,0.2877536636482424,9.829596196814087,3.306447759904214,492828.2695179575,5527520.427829954,9.830050997901708,3.2941943937912583,0,1,0.0,0.0,2,3,2,3,WP2->WP3,1,1.380075484460877,-1.380075484452934,3.7981584733888227,0.3651876620256665,utm,1,-0.7358719565702416,0.5897255465260114,0,0.0
39.6,25.604,49.90002992440762,8.900136969087663,0.28774654377521003,9.839737532498324,3.328406158816688,492828.27968449134,5527520.449766049,9.840212666953448,3.3161327438429,0,1,0.0,0.0,2,3,2,3,WP2->WP3,1,1.3841204062342771,-1.3841204061670829,3.821995194975833,0.36747952969988446,utm,1,-0.6029840517179125,0.37296270769426043,0,0.0
39.65,25.653999999999996,49.90003011698287,8.900137097323086,0.2877459421938359,9.84895052390427,3.3498257518264203,492828.28892233496,5527520.471164791,9.84944576502312,3.337533532641828,0,1,0.0,0.0,2,3,2,3,WP2->WP3,1,1.3874104800440348,-1.387410479957108,3.845069408241723,0.3696980832580602,utm,1,-0.31538183653157836,0.031111960288387364,0,0.0
39.7,25.704,49.90003030176164,8.900137208177718,0.2877516280553807,9.85691480362553,3.3703781652939964,492828.2969108116,5527520.491698364,9.857429688039701,3.358068876899779,0,1,0.0,0.0,2,3,2,3,WP2->WP3,1,1.3897224414711802,-1.3897224414519898,3.866980551724266,0.37180480927193277,utm,1,-0.8135872598436136,-0.10385863782201869,0,0.0
39.75,25.753999999999998,49.90003047469636,8.90013729687837,0.2877830135989359,9.86328744490892,3.3896131991677905,492828.3033065323,5527520.510917207,9.863821146660484,3.377289137803018,0,1,0.0,0.0,2,3,2,3,WP2->WP3,1,1.390843104183561,-1.3908431042284957,3.887204628984766,0.3737493262116904,utm,1,-0.6703230894428566,-0.1154431237112838,0,0.0
39.8,25.803999999999995,49.900030639847316,8.900137370569363,0.2878524328587601,9.868581726877741,3.407982467140326,492828.30862317205,5527520.529272066,9.869133715925273,3.3956451760604978,0,1,0.0,0.0,2,3,2,3,WP2->WP3,1,1.3911496448337046,-1.3911496449252163,3.9063115268792035,0.3755864279070304,utm,1,-0.5684525011774583,-0.32732439717631656,0,0.0
39.85,25.854,49.900030804117414,8.900137443947292,0.2878994557547919,9.873853517011389,3.4262537594687483,492828.31391719845,5527520.54752902,9.8744236935745,3.4139033034443855,0,1,0.0,0.0,2,3,2,3,WP2->WP3,1,1.391460094461027,-1.3914600943632631,3.9253180179548504,0.3774138756261969,utm,1,-0.4329321601223084,-0.34330468531880937,0,0.0
39.9,25.903999999999996,49.900030968285826,8.900137517610718,0.287900106382546,9.879145818426585,3.4445137419624623,492828.31923171284,5527520.565774642,9.87973416177556,3.4321501031517982,0,1,0.0,0.0,2,3,2,3,WP2->WP3,1,1.3917932895584746,-1.3917932896563627,3.9443189587499727,0.3792407896935996,utm,1,-0.4764270698436489,-0.6076448168599198,0,0.0
39.95,25.954,49.900031132320464,8.900137591198591,0.28790027160721404,9.884432691856299,3.462758845142824,492828.3245407815,5527520.584005396,9.885039187502116,3.4503820333629847,0,1,0.0,0.0,2,3,2,3,WP2->WP3,1,1.3921251374115853,-1.3921251374851134,3.9633041233957425,0.38106618690615324,utm,1,-0.3051016666273401,-0.9788687229149886,0,0.0
40.0,26.003999999999998,49.900031295889136,8.900137664577693,0.28790064970638996,9.88970456621995,3.4809521197763034,492828.329834788,5527520.602184364,9.890329162531998,3.4685621755197644,0,1,0.0,0.0,2,3,2,3,WP2->WP3,1,1.392456060706779,-1.3924560607607743,3.9822353638017822,0.3828863993779512,utm,1,0.04414146919695111,-1.2186954494957023,0,0.0
40.05,26.053999999999995,49.90003145916016,8.90013773783125,0.2879009030457916,9.894967420826664,3.4991122884682206,492828.33511973417,5527520.620330251,9.895610084582586,3.4867092333734035,0,1,0.0,0.0,2,3,2,3,WP2->WP3,1,1.3927869349160076,-1.392786934983017,4.001132305352087,0.3847033140624073,utm,1,-0.0353450979293835,-1.2324078602947603,0,0.0
40.1,26.104,49.90003162210649,8.900137810944143,0.28790115249848963,9.900220169619912,3.5172363421020916,492828.3403945305,5527520.638440049,9.900880864821374,3.5048202015459538,0,1,0.0,0.0,2,3,2,3,WP2->WP3,1,1.3931174994416096,-1.393117499392299,4.019991759288197,0.38651662436482437,utm,1,0.5974394207823338,-1.0987515054067492,0,0.0
40.15,26.153999999999996,49.90003178492933,8.900137884002906,0.2879011989460768,9.905469029411899,3.5353466604953487,492828.34566542105,5527520.656536125,9.906147742294706,3.522917444817722,0,1,0.0,0.0,2,3,2,3,WP2->WP3,1,1.393447901465236,-1.3934479013854204,4.038836946107924,0.3883285629038166,utm,1,0.14855882832378903,-0.4363978528551875,0,0.0
40.2,26.204,49.90003194771157,8.900137957040577,0.2879011359308199,9.910716373957209,3.5534524620300028,492828.35093479074,5527520.674627685,9.911413099907804,3.5410101739689708,0,1,0.0,0.0,2,3,2,3,WP2->WP3,1,1.3937780224199654,-1.3937780224332166,4.057677376905484,0.390140044157883,utm,1,0.4431694080823808,-0.5677751717683351,0,0.0
40.25,26.253999999999998,49.90003211024196,8.900138030031309,0.2879012666622918,9.915960346111934,3.571530252532056,492828.3562007522,5527520.692691252,9.916675055515952,3.5590749075636268,0,1,0.0,0.0,2,3,2,3,WP2->WP3,1,1.3941122110508275,-1.3941122111519642,4.076489902201665,0.3919488423367492,utm,1,0.09169843602537991,-0.5158338936106048,0,0.0
40.3,26.303999999999995,49.90003227283173,8.900138103688588,0.2879009941249242,9.921252205957728,3.5896146471002437,492828.36151459086,5527520.710761355,9.921984886866994,3.577146189287305,0,1,0.0,0.0,2,3,2,3,WP2->WP3,1,1.3944908766816255,-1.3944908767209339,4.095321315791769,0.3937594565988426,utm,1,-0.27977012341550017,-0.7279279910438154,0,0.0
40.35,26.354,49.90003243797256,8.900138178985138,0.2878997494894365,9.926661838105762,3.60798278868824,492828.3669465326,5527520.729114937,9.927412758464925,3.5955009749159217,0,1,0.0,0.0,2,3,2,3,WP2->WP3,1,1.3949090031250286,-1.3949090030936628,4.114457279654813,0.39559935294669496,utm,1,-0.17765637018871233,-0.31590698455992855,0,0.0
40.4,26.403999999999996,49.900032610452556,8.900138252537154,0.2878996648624949,9.931946135373645,3.627167244217086,492828.3722542778,5527520.748284671,9.932716252515092,3.614671886898577,0,1,0.0,0.0,2,3,2,3,WP2->WP3,1,1.3949928304419854,-1.3949928304797412,4.1343480781282125,0.3975118255939574,utm,1,-0.4515516182950266,-0.27298374800122116,0,0.0
40.45,26.454,49.90003279560381,8.900138321798451,0.28789673325623194,9.936922168703472,3.6477610884003986,492828.37725576066,5527520.768863642,9.937713171704672,3.635251964442432,0,1,0.0,0.0,2,3,2,3,WP2->WP3,1,1.3944108426953519,-1.3944108426736925,4.155518107305971,0.3995472944967447,utm,1,-0.6950049964217855,0.12262467746708536,0,0.0
40.5,26.503999999999998,49.90003299841577,8.90013838425512,0.2878955594900811,9.941409327914792,3.670319281419684,492828.38177118317,5527520.791406825,9.942223594989628,3.657796150073409,0,1,0.0,0.0,2,3,2,3,WP2->WP3,1,1.3928437245573289,-1.3928437244694414,4.178455594189514,0.40175270200315444,utm,1,-0.16067903788070398,0.1724814874309516,0,0.0
40.55,26.553999999999995,49.90003322217834,8.900138437671268,0.28789111004001094,9.945246976695778,3.6952077510843098,492828.38564046123,5527520.816280219,9.946087357064243,3.682670400477946,0,1,0.0,0.0,2,3,2,3,WP2->WP3,1,1.39004084171645,-1.3900408418226773,4.203471606465411,0.4041579568392143,utm,1,0.07278305862428922,-0.02795275759543986,0,0.0
40.6,26.604,49.90003345539153,8.9001384835351,0.2878907631534401,9.948542034185367,3.721147386573702,492828.3889687663,5527520.842205081,9.949409913038835,3.7085959995165467,0,1,0.0,0.0,2,3,2,3,WP2->WP3,1,1.386439695073016,-1.3864396951357356,4.229359979257136,0.40664708792726595,utm,1,0.5228424763194385,0.0011138493425472788,0,0.0
40.65,26.653999999999996,49.9000336903314,8.900138530634814,0.28788713405969113,9.951925882858529,3.7472790755796956,492828.39238608285,5527520.8683218025,9.952821437967941,3.7347134789451957,0,1,0.0,0.0,2,3,2,3,WP2->WP3,1,1.382874015279246,-1.3828740153937524,4.255456858637679,0.40915626663424154,utm,1,0.6706210200313505,-0.5125513083204727,0,0.0
40.7,26.704,49.90003392743093,8.900138581889935,0.2878818533041803,9.955608274051375,3.7736509774090856,492828.3961021423,5527520.894678241,9.956531652540434,3.7610707404091954,0,1,0.0,0.0,2,3,2,3,WP2->WP3,1,1.3795335874205714,-1.3795335873253984,4.281863533387077,0.4116952317356637,utm,1,1.111857315505575,-0.02711114248601809,0,0.0
40.75,26.753999999999998,49.90003416799472,8.900138638925931,0.2878770896487237,9.959705988449315,3.8004081982671023,492828.4002338718,5527520.921419291,9.960657451942097,3.7878127060830593,0,1,0.0,0.0,2,3,2,3,WP2->WP3,1,1.3764931536948375,-1.3764931536207499,4.308750532416534,0.4142803793495001,utm,1,0.9909463387519005,-0.513236643639491,0,0.0
40.8,26.803999999999995,49.90003441229814,8.900138704014253,0.28787167540342373,9.964382217085644,3.8275813684549163,492828.404944438,5527520.948575353,9.965361995971762,3.8149698115885258,0,1,0.0,0.0,2,3,2,3,WP2->WP3,1,1.373902158165226,-1.3739021580476667,4.33619006415811,0.4169186522162045,utm,1,0.4604151871444032,-0.3248415689010057,0,0.0
40.85,26.854,49.900034661442405,8.900138778217642,0.28786637722086406,9.969713311776562,3.855292971678227,492828.41031032515,5527520.976268761,9.97072174178902,3.842664409428835,0,1,0.0,0.0,2,3,2,3,WP2->WP3,1,1.3718022505949896,-1.3718022505478746,4.364320260713993,0.4196233315455532,utm,1,0.11265962435673338,-0.01097108568147337,0,0.0
40.9,26.903999999999996,49.900034915300644,8.900138862263333,0.28786166151176096,9.975751520391924,3.8835288962915393,492828.41638374125,5527521.004485336,9.97678890050156,3.8708823304623365,0,1,0.0,0.0,2,3,2,3,WP2->WP3,1,1.3702475298033048,-1.3702475299034174,4.393141161929501,0.4223944211686182,utm,1,0.126479557134557,0.6146997903891891,0,0.0
40.95,26.954,49.90003517152976,8.900138954232915,0.2878593471084066,9.982359015849026,3.9120285271947166,492828.4230265674,5527521.032964756,9.983425410930067,3.8993632225319743,0,1,0.0,0.0,2,3,2,3,WP2->WP3,1,1.3691731384643597,-1.3691731384257566,4.4223652986238084,0.4252042813229236,utm,1,-0.14954746117559062,0.4312363634588812,0,0.0
41.0,27.003999999999998,49.90003542651189,8.900139046481192,0.28785666441938373,9.988986533926044,3.9403894592660222,492828.4296892232,5527521.061305504,9.990081781812478,3.92770544718951,0,1,0.0,0.0,2,3,2,3,WP2->WP3,1,1.3681543193778885,-1.3681543194441104,4.4514608483921485,0.42800177802288913,utm,1,0.2932418232805441,0.732893059606279,0,0.0
41.05,27.053999999999995,49.90003567875688,8.90013913767545,0.2878560410210662,9.995538326807022,3.968445947001615,492828.43627577845,5527521.089342031,9.996662119636312,3.9557434348389506,0,1,0.0,0.0,2,3,2,3,WP2->WP3,1,1.3671420171989697,-1.3671420172630813,4.480242869994303,0.43076912942512935,utm,1,0.10573055365538875,0.582197540695973,0,0.0
41.1,27.104,49.90003592730859,8.90013922694775,0.2878559324907595,10.001952037745735,3.996091642578833,492828.44272375945,5527521.116968113,10.003103974158876,3.98337094578892,0,1,0.0,0.0,2,3,2,3,WP2->WP3,1,1.3661038664514191,-1.366103866482739,4.508592457737024,0.4334949029123843,utm,1,-0.09641520689031988,0.5586318632312443,0,0.0
41.15,27.153999999999996,49.90003617177736,8.900139314768358,0.2878600306602589,10.008261452799566,4.023283202833819,492828.4490668812,5527521.144140382,10.009441070142202,4.010544620454311,0,1,0.0,0.0,2,3,2,3,WP2->WP3,1,1.3650837937032514,-1.3650837936655067,4.536476626434702,0.43617592700486996,utm,1,-0.31744263448486454,0.9929064999002692,0,0.0
41.2,27.204,49.90003641102401,8.90013940063349,0.28787122229129536,10.01443037795406,4.049893922948964,492828.45526879537,5527521.17073223,10.015637087228242,4.037137843668461,0,1,0.0,0.0,2,3,2,3,WP2->WP3,1,1.3640799978374363,-1.3640799978345068,4.563763665385192,0.43879953790150583,utm,1,-0.16058753601254205,0.6940130850330944,0,0.0
41.25,27.253999999999998,49.90003664442218,8.900139484363287,0.2878708058770767,10.020445891306036,4.075854132644393,492828.46131649223,5527521.196674034,10.021679031138774,4.063080987893045,0,1,0.0,0.0,2,3,2,3,WP2->WP3,1,1.3630982215143375,-1.3630982216105771,4.590382980745558,0.44135894810233994,utm,1,-0.7057385853331307,1.1547077464496034,0,0.0
41.3,27.303999999999995,49.90003687460594,8.900139567358792,0.28784365030637704,10.026408650004317,4.101456812887539,492828.467310979,5527521.22225852,10.02766784420237,4.088666802272201,0,1,0.0,0.0,2,3,2,3,WP2->WP3,1,1.362159000561635,-1.3621590004928414,4.616643553375713,0.4438838656879154,utm,1,-0.9795547617266538,1.0937143610565359,0,0.0
41.35,27.354,49.90003710696377,8.900139650513449,0.2878661291822374,10.032382842797666,4.127301309212478,492828.4733172176,5527521.24808471,10.033668355550617,4.114494324661791,0,1,0.0,0.0,2,3,2,3,WP2->WP3,1,1.3611676040479948,-1.361167603945708,4.643140423155294,0.4464315029162193,utm,1,-0.627906819669341,1.4709552928126604,0,0.0
41.4,27.403999999999996,49.90003734265745,8.90013973466395,0.28784125308334635,10.038428581447528,4.153516841698776,492828.47939546773,5527521.274281693,10.039740796142723,4.140692654065788,0,1,0.0,0.0,2,3,2,3,WP2->WP3,1,1.3601482520041672,-1.3601482518951256,4.670013977984489,0.449015357888873,utm,1,-0.3543822415783413,1.829729909457141,0,0.0
41.45,27.454,49.90003757885339,8.900139817763726,0.28782124421222716,10.044398831383463,4.179788240594121,492828.48539833375,5527521.30053462,10.045737840235233,4.166946911253035,0,1,0.0,0.0,2,3,2,3,WP2->WP3,1,1.3590414640429302,-1.3590414640223303,4.6969217019822125,0.4516024981796237,utm,1,-0.9604104872402688,1.2287044891001133,0,0.0
41.5,27.503999999999998,49.900037810673645,8.900139898673821,0.28781545988214363,10.050211765073453,4.205572943022213,492828.49124329793,5527521.326301256,10.051577090343926,4.192714843899012,0,1,0.0,0.0,2,3,2,3,WP2->WP3,1,1.3579101101104636,-1.3579101101267503,4.723318731891083,0.45414053594302467,utm,1,-0.6774813673240094,0.8265356678584461,0,0.0
41.55,27.553999999999995,49.90003803560092,8.900139976888322,0.2878187435073359,10.05583103561283,4.230590959644331,492828.496893655,5527521.351301771,10.05722190317465,4.217716610059142,0,1,0.0,0.0,2,3,2,3,WP2->WP3,1,1.3567923082679987,-1.356792308245167,4.7489254258824065,0.45660258400563614,utm,1,-0.7785766237846602,1.3775242731516903,0,0.0
41.6,27.604,49.90003825317297,8.900140053630876,0.28782599944953424,10.061344555002618,4.254790875817458,492828.5024372129,5527521.375484654,10.06276009825524,4.241900721564889,0,1,0.0,0.0,2,3,2,3,WP2->WP3,1,1.3557863159778991,-1.355786316070313,4.773715158612719,0.45898608237766336,utm,1,-0.18043999676245026,1.5396981179654754,0,0.0
41.65,27.653999999999996,49.90003846543183,8.90014012934935,0.2878294906221807,10.066784499996693,4.278399820757644,492828.5079064385,5527521.3990768995,10.068224091955926,4.265494180843234,0,1,0.0,0.0,2,3,2,3,WP2->WP3,1,1.3548638102713488,-1.3548638103422717,4.797915478277196,0.4613129095020353,utm,1,-0.2875939136260467,1.3205861471697504,0,0.0
41.7,27.704,49.90003867352896,8.900140204033915,0.2878348125467537,10.072150164594493,4.301545869056662,492828.5133007964,5527521.422206533,10.073613320535515,4.288625009357929,0,1,0.0,0.0,2,3,2,3,WP2->WP3,1,1.3539906323456603,-1.3539906323385373,4.821649770115191,0.4635949286981482,utm,1,-0.2775190584093006,1.3678186733154454,0,0.0
41.75,27.753999999999998,49.900038879328434,8.900140277103084,0.2878376236482219,10.077399771991553,4.324436354712826,492828.51857880305,5527521.445080861,10.078886254515965,4.31150050740689,0,1,0.0,0.0,2,3,2,3,WP2->WP3,1,1.3530722807251392,-1.3530722807250026,4.845107154457185,0.4658503236231123,utm,1,-0.3518115168998145,1.0386473228825712,0,0.0
41.8,27.803999999999995,49.90003908391077,8.900140347979521,0.2878411459189755,10.082491844017044,4.347191461965913,492828.5236991571,5527521.467820075,10.084001565875951,4.334240856580436,0,1,0.0,0.0,2,3,2,3,WP2->WP3,1,1.3520373219932,-1.3520373220983528,4.868392745168615,0.46808920082909844,utm,1,-0.0958050797969752,0.7077976375233167,0,0.0
41.85,27.854,49.90003928865694,8.90014041720847,0.28784403944526654,10.087465553364558,4.36996479230957,492828.52870122023,5527521.490577662,10.088998582214117,4.356999551877379,0,1,0.0,0.0,2,3,2,3,WP2->WP3,1,1.3508834016083078,-1.3508834016482236,4.891664979056537,0.47032679379505543,utm,1,0.3039120179540276,0.9873928102166334,0,0.0
41.9,27.903999999999996,49.900039494971814,8.900140485250407,0.28784660382547245,10.092353982515727,4.392912604712525,492828.5336182697,5527521.5135097755,10.093910546216648,4.379932755604386,0,1,0.0,0.0,2,3,2,3,WP2->WP3,1,1.3496015936959296,-1.3496015936392758,4.915083265871653,0.472578429547112,utm,1,0.5039162104686212,0.3182874950625747,0,0.0
41.95,27.954,49.900039704489295,8.900140552174108,0.28784980280389416,10.097162072708722,4.416216634103366,492828.53845548717,5527521.536798069,10.09874259919161,4.403222121298313,0,1,0.0,0.0,2,3,2,3,WP2->WP3,1,1.348149162760725,-1.3481491627654074,4.938824237684306,0.4748610910135106,utm,1,-0.11871453434837165,-0.04489913594161543,0,0.0
42.0,28.003999999999998,49.900039919302465,8.900140617563066,0.2878514928802348,10.101859900342205,4.440109687610156,492828.5431832713,5527521.5606753,10.103465088293888,4.42710039857775,0,1,0.0,0.0,2,3,2,3,WP2->WP3,1,1.3464363848841963,-1.3464363848636347,4.963104692164347,0.47719562298910123,utm,1,-0.37467397941164227,-0.3260089673978013,0,0.0
42.05,28.053999999999995,49.900040141408596,8.900140680684405,0.2878530686093531,10.106394812348974,4.464813916989628,492828.547749286,5527521.585363598,10.108025628025644,4.451789709739387,0,1,0.0,0.0,2,3,2,3,WP2->WP3,1,1.3443543920812608,-1.3443543920296757,4.988125200718272,0.47960131013604873,utm,1,0.08425913524299083,-0.23600111957972728,0,0.0
42.1,28.104,49.90004037250562,8.900140740520582,0.28785263914121484,10.110693703979377,4.490518177024401,492828.5520807077,5527521.611051842,10.112351353105623,4.4774789130315185,0,1,0.0,0.0,2,3,2,3,WP2->WP3,1,1.3417832868844721,-1.3417832868312687,5.014048867766867,0.4820938347178789,utm,1,-0.2907177153116822,0.06734698795809299,0,0.0
42.15,28.153999999999996,49.9000406059216,8.900140798900297,0.28785130654249175,10.114887957061935,4.516480368505693,492828.5563078765,5527521.636998051,10.116572768019978,4.503426059149206,0,1,0.0,0.0,2,3,2,3,WP2->WP3,1,1.3390438049052138,-1.3390438050051934,5.040194038785806,0.484607656598815,utm,1,-0.3896233663185409,-0.1381545077130832,0,0.0
42.2,28.204,49.90004083885428,8.90014085715518,0.2878498205025678,10.119073241563665,4.542388802718837,492828.5605260086,5527521.662890539,10.120785158185754,4.529319481924176,0,1,0.0,0.0,2,3,2,3,WP2->WP3,1,1.3363097208814045,-1.3363097209020358,5.066285001653934,0.48711626644133915,utm,1,-0.16093753135316088,-0.47951658416397525,0,0.0
42.25,28.253999999999998,49.90004107088443,8.900140915929564,0.28784787072058765,10.123295849399975,4.56819685144758,492828.5647813153,5527521.68868263,10.125034745200537,4.555112515576184,0,1,0.0,0.0,2,3,2,3,WP2->WP3,1,1.3336378869470604,-1.3336378869125765,5.092288864907259,0.4896165017768711,utm,1,-0.500282872057408,-0.41352730481209155,0,0.0
42.3,28.303999999999995,49.90004130174441,8.900140976295832,0.2878450511125369,10.127632825115015,4.593874746159826,492828.5691507704,5527521.714344469,10.129398509452585,4.5807753233239055,0,1,0.0,0.0,2,3,2,3,WP2->WP3,1,1.3311104171562207,-1.3311104171051211,5.118197049404316,0.49210753773287436,utm,1,-0.7441190420262851,-0.232389733074901,0,0.0
42.35,28.354,49.900041531653,8.900141038658651,0.2878412791831078,10.132113241714725,4.619446820157753,492828.5736634678,5527521.739900336,10.133905539580155,4.606332190334797,0,1,0.0,0.0,2,3,2,3,WP2->WP3,1,1.3287490027140072,-1.3287490027521434,5.144040626681211,0.4945923617943908,utm,1,-0.94795427594622,0.0530356849130498,0,0.0
42.4,28.403999999999996,49.90004176035965,8.90014110300543,0.28783652334317167,10.136736194619944,4.64488520603694,492828.57831846626,5527521.765322379,10.138554900418967,4.631755264475942,0,1,0.0,0.0,2,3,2,3,WP2->WP3,1,1.326560054417113,-1.3265600543960592,5.169792476998506,0.49706836643613944,utm,1,-1.2741333083633997,-0.04021760574705585,0,0.0
42.45,28.454,49.9000419876721,8.900141169758264,0.287830805073054,10.141532009055966,4.67016851805676,492828.58314605016,5527521.790589181,10.143376881082077,4.6570231365039945,0,1,0.0,0.0,2,3,2,3,WP2->WP3,1,1.3245784202333246,-1.3245784201542494,5.195439893482579,0.49953432990987007,utm,1,-1.1039607070282833,0.19687362347360543,0,0.0
42.5,28.503999999999998,49.90004221304363,8.900141239473252,0.2878234292618773,10.146540637482005,4.695235949140304,492828.58818607486,5527521.815639905,10.148411350499373,4.682074978016317,0,1,0.0,0.0,2,3,2,3,WP2->WP3,1,1.322858541307844,-1.3228585412974998,5.220934650489762,0.5019856153869235,utm,1,-0.7963919315342943,0.4116978185458655,0,0.0
42.55,28.553999999999995,49.900042435956735,8.900141312351147,0.2878151304616566,10.151776503009582,4.720029934811383,492828.59345288115,5527521.840416988,10.153672662156168,4.706853228621185,0,1,0.0,0.0,2,3,2,3,WP2->WP3,1,1.3214293807127888,-1.3214293807264392,5.246224977160041,0.5044172451710132,utm,1,-0.7534279770162409,0.7585121046502004,0,0.0
42.6,28.604,49.90004265675357,8.900141383977148,0.2878059769500054,10.156922426975967,4.744588534414922,492828.5986294682,5527521.864958901,10.158843806711957,4.731396288610995,0,1,0.0,0.0,2,3,2,3,WP2->WP3,1,1.3199749694182066,-1.319974969311117,5.271264689914038,0.5068247787751252,utm,1,-0.7981195894330435,0.6876891458759647,0,0.0
42.65,28.653999999999996,49.900042874825324,8.900141450655097,0.2877986533171781,10.161712861284462,4.768844031155793,492828.6034503042,5527521.889198305,10.163659267360345,4.755636761896312,0,1,0.0,0.0,2,3,2,3,WP2->WP3,1,1.318256801846134,-1.318256801837025,5.295919041919175,0.5091952604784546,utm,1,-0.14821342689348105,0.14306124859657687,0,0.0
42.7,28.704,49.900043088622425,8.900141510314986,0.2877908938205898,10.165999087657944,4.792624070511324,492828.607766501,5527521.912963115,10.167970194015652,4.779402527026832,0,1,0.0,0.0,2,3,2,3,WP2->WP3,1,1.3161764431251246,-1.31617644305397,5.319982870323472,0.5115089641577304,utm,1,-0.018059809076614627,-0.21483374796896712,0,0.0
42.75,28.753999999999998,49.90004329965022,8.900141566517382,0.2877923785866414,10.17003691261059,4.816096087562164,492828.61183398543,5527521.936420357,10.172032476519234,4.802860670723021,0,1,0.0,0.0,2,3,2,3,WP2->WP3,1,1.3139369345468486,-1.313936934453683,5.34368458420921,0.5137878510289807,utm,1,-0.5168494614842936,0.057813711099397896,0,0.0
42.8,28.803999999999995,49.90004350927158,8.900141622320728,0.28781316584522154,10.174046068095569,4.839411671592393,492828.6158726034,5527521.959721266,10.176065927254967,4.826162475161254,0,1,0.0,0.0,2,3,2,3,WP2->WP3,1,1.3117106546271593,-1.3117106546681374,5.367227873992805,0.5160515056428422,utm,1,-0.6323312338335272,-0.22441513918288125,0,0.0
42.85,28.854,49.90004371592116,8.900141677424156,0.28782905967446476,10.178004938397349,4.8623967119949025,492828.6198605158,5527521.982691831,10.180048745707609,4.849133923649788,0,1,0.0,0.0,2,3,2,3,WP2->WP3,1,1.3095222587840196,-1.3095222586837256,5.3904391042398965,0.5182832331934601,utm,1,-0.04469977773166667,-0.23457619837470256,0,0.0
42.9,28.903999999999996,49.90004392073001,8.900141731987967,0.2878691310758946,10.181925040309544,4.885177014319242,492828.6238094026,5527522.00545779,10.183992583828513,4.871900757774711,0,1,0.0,0.0,2,3,2,3,WP2->WP3,1,1.3073499743807484,-1.3073499744755055,5.4134426640226305,0.5204949935173596,utm,1,-0.276806704912699,-0.4440511107552567,0,0.0
42.95,28.954,49.90004412475493,8.900141786572894,0.28787768420467563,10.18584665925511,4.9078701208957245,492828.6277596894,5527522.02813659,10.187937841401435,4.894580433145165,0,1,0.0,0.0,2,3,2,3,WP2->WP3,1,1.305201944411733,-1.3052019445338603,5.436362496036813,0.522698703532601,utm,1,0.07373723055307443,-0.3182421227664544,0,0.0
43.0,29.003999999999998,49.9000443268381,8.900141840679344,0.2878793479867881,10.189733902405663,4.930347253849766,492828.6316753265,5527522.050599546,10.191848497081082,4.917044256813824,0,1,0.0,0.0,2,3,2,3,WP2->WP3,1,1.3030772014510805,-1.3030772014425043,5.459064965069269,0.5248815143990404,utm,1,0.5768019172578357,-0.42746144533249486,0,0.0
43.05,29.053999999999995,49.90004452773232,8.9001418944826,0.2878831376874894,10.19359936265689,4.952692142749669,492828.6355690132,5527522.07293034,10.195737231639214,4.9393759137019515,0,1,0.0,0.0,2,3,2,3,WP2->WP3,1,1.3009660089316477,-1.3009660089092576,5.481634147659786,0.5270515099592067,utm,1,0.4186615286804155,-0.24747630740620122,0,0.0
43.1,29.104,49.90004472925477,8.900141947824912,0.2878842708612202,10.197431706734486,4.975106907820085,492828.63942969,5527522.095331026,10.199592940858565,4.961777456104755,0,1,0.0,0.0,2,3,2,3,WP2->WP3,1,1.2988046002179654,-1.2988046002759055,5.50426209265704,0.5292271554431666,utm,1,0.023172417125035483,0.1515924307018408,0,0.0
43.15,29.153999999999996,49.900044935719876,8.900141998916556,0.2878886757660697,10.201102353074612,4.998071429911268,492828.64312946657,5527522.118281465,10.203287627897225,4.984728715382516,0,1,0.0,0.0,2,3,2,3,WP2->WP3,1,1.2963434831578486,-1.2963434831871292,5.527378188552498,0.5314497359580053,utm,1,-0.10678374967659371,0.07581751760208917,0,0.0
43.2,29.204,49.9000451526966,8.900142048805822,0.2878959301816502,10.20468661529489,5.022205129248576,492828.6467444517,5527522.1424007295,10.20689726434648,5.008848779834807,0,1,0.0,0.0,2,3,2,3,WP2->WP3,1,1.293493412814008,-1.2934934129438853,5.55159975197598,0.5337786056403004,utm,1,-0.5899473119111657,-0.4679838460388675,0,0.0
43.25,29.253999999999998,49.90004538593378,8.900142097431257,0.2879158496497367,10.208180078339412,5.048147432825969,492828.65027108416,5527522.168327995,10.210418147151358,5.034776826389134,0,1,0.0,0.0,2,3,2,3,WP2->WP3,1,1.290082992293567,-1.2900829922535322,5.5775425591974175,0.536272970523166,utm,1,-0.8585789824328729,-0.8397857294587452,0,0.0
43.3,29.303999999999995,49.90004563458441,8.90014214867346,0.28790213169634504,10.21186154147079,5.075804130463226,492828.65398792597,5527522.1959687155,10.214128859282937,5.06241837143898,0,1,0.0,0.0,2,3,2,3,WP2->WP3,1,1.2864058379322287,-1.28640583785983,5.605188587782745,0.5389310977745976,utm,1,-0.48802409215429277,-0.19093216214758357,0,0.0
43.35,29.354,49.90004589148586,8.900142213088483,0.2878499144724251,10.216489397327814,5.104378542828381,492828.6586520036,5527522.224525524,10.218786604178604,5.0909762140363455,0,1,0.0,0.0,2,3,2,3,WP2->WP3,1,1.2834019021943148,-1.2834019022186507,5.633967422393647,0.5416981427520552,utm,1,-0.35650555089661773,-0.0909739540024123,0,0.0
43.4,29.403999999999996,49.9000461489559,8.900142278533098,0.28783525902494095,10.221191223589184,5.133016198289269,492828.6633901063,5527522.253145452,10.223518360056914,5.119597190991044,0,1,0.0,0.0,2,3,2,3,WP2->WP3,1,1.2804528038476164,-1.280452803919151,5.662826609455317,0.5444729135060542,utm,1,-0.526926921474492,0.3028361505367961,0,0.0
43.45,29.454,49.900046406297626,8.900142343859471,0.2878178458569079,10.22588455487205,5.161639581495809,492828.66811969836,5527522.281751123,10.228241608478129,5.148203910328448,0,1,0.0,0.0,2,3,2,3,WP2->WP3,1,1.2774992401386431,-1.2774992402114667,5.691669805363557,0.5472461467328606,utm,1,-0.46886404715207114,0.11416959677960622,0,0.0
43.5,29.503999999999998,49.90004666351209,8.900142409142363,0.28779994540942017,10.230574762242833,5.190248809897646,492828.67284614884,5527522.310342651,10.232961718458682,5.176796485669911,0,1,0.0,0.0,2,3,2,3,WP2->WP3,1,1.2745463620766424,-1.2745463620573552,5.720498528808748,0.5500179884524454,utm,1,-0.2708171747992103,0.0727744652961855,0,0.0
43.55,29.553999999999995,49.90004692053141,8.900142474308943,0.28778042550222793,10.235256613231755,5.218836332756211,492828.6775642172,5527522.338912494,10.23767345113447,5.2053673742339015,0,1,0.0,0.0,2,3,2,3,WP2->WP3,1,1.2715910945801387,-1.2715910946643492,5.749304126785891,0.552787606690396,utm,1,-0.13562913731201887,0.48859780489781857,0,0.0
43.6,29.604,49.900047177528506,8.900142539394905,0.28777553224064284,10.23993267225949,5.247421383512025,492828.68227649265,5527522.367479871,10.242379391449504,5.233935795724392,0,1,0.0,0.0,2,3,2,3,WP2->WP3,1,1.2686308858852258,-1.2686308857730813,5.778105823946229,0.5555568498702285,utm,1,-0.22999791799096841,0.9725838596368457,0,0.0
43.65,29.653999999999996,49.90004743234755,8.900142602022232,0.2877772592774816,10.244432092296101,5.275764175981062,492828.6868118771,5527522.395805323,10.246908494445961,5.262262252159417,0,1,0.0,0.0,2,3,2,3,WP2->WP3,1,1.2655635752046441,-1.2655635753038412,5.806627614276812,0.5582991803971374,utm,1,-0.25097179123133584,0.6820796036982784,0,0.0
43.7,29.704,49.900047684770655,8.900142661883253,0.2877826108441443,10.248732768836806,5.303840475207532,492828.6911482426,5527522.423864654,10.251238637487404,5.2903225449845195,0,1,0.0,0.0,2,3,2,3,WP2->WP3,1,1.2623741706163352,-1.2623741705475142,5.834840339393327,0.5610117947329685,utm,1,-0.2019592246889259,0.28600415218666947,0,0.0
43.75,29.753999999999998,49.90004793407737,8.900142719619046,0.2877897045647084,10.252880759739702,5.331570147280314,492828.69533152186,5527522.4515777,10.255415771040134,5.318036517128348,0,1,0.0,0.0,2,3,2,3,WP2->WP3,1,1.25912805596083,-1.2591280559333264,5.8626787203577315,0.5636884163984938,utm,1,-0.8713358230621928,0.18313411331361784,0,0.0
43.8,29.803999999999995,49.90004818010331,8.900142776115603,0.2877940807915087,10.256939718510175,5.358934907553905,492828.69942531834,5527522.4789261,10.259503502689768,5.345385824330151,0,1,0.0,0.0,2,3,2,3,WP2->WP3,1,1.255891424146657,-1.2558914240948913,5.890141756818513,0.5663289492113045,utm,1,-0.8713358230621928,0.18313411331361784,0,0.0
43.85,29.854,49.9000484227828,8.9001428327285,0.28779755463783,10.261007035704452,5.385927452924526,492828.7035269739,5527522.505902421,10.263599175959826,5.372363054193556,0,1,0.0,0.0,2,3,2,3,WP2->WP3,1,1.2527601494397487,-1.2527601493615435,5.917247855501208,0.5689351629524965,utm,1,-0.7886542474980289,0.5899815792912793,0,0.0
43.9,29.903999999999996,49.900048662706965,8.900142889686812,0.2877990507930514,10.265099168971453,5.412613529721893,492828.707653027,5527522.532572363,10.26771931478288,5.399033910594881,0,1,0.0,0.0,2,3,2,3,WP2->WP3,1,1.249732924446991,-1.2497329244418576,5.9440647535618165,0.57151357045554,utm,1,-0.6859369487623356,0.43000897727457044,0,0.0
43.95,29.954,49.90004889994818,8.900142947607312,0.28780043921135595,10.269260430055823,5.439001191029439,492828.7118477825,5527522.558943917,10.271908221999183,5.425406394526362,0,1,0.0,0.0,2,3,2,3,WP2->WP3,1,1.2468503969538351,-1.246850397027706,5.970611804137951,0.5740660324977375,utm,1,-0.6965938579244775,0.5695309583452666,0,0.0
44.0,30.003999999999998,49.90004913470136,8.90014300702314,0.2877984503273531,10.273529121912581,5.465112114796842,492828.7161495569,5527522.585038702,10.276204209658317,5.451502132229507,0,1,0.0,0.0,2,3,2,3,WP2->WP3,1,1.2441438565970695,-1.244143856481944,5.996919934129535,0.5765955226575626,utm,1,-0.574574143561074,0.2859932715413962,0,0.0
44.05,30.053999999999995,49.900049366636686,8.900143067866164,0.2877970686496012,10.277900349885298,5.490909617113562,492828.72055340855,5527522.610820054,10.280602343962528,5.477284461259842,0,1,0.0,0.0,2,3,2,3,WP2->WP3,1,1.2416181689122372,-1.241618169032147,6.022952470057508,0.5790985148309391,utm,1,-0.635797587209288,0.5228236276079086,0,0.0
44.1,30.104,49.900049595935684,8.900143129686313,0.28779467502037026,10.282341778714557,5.516413887997946,492828.72502704203,5527522.636308197,10.285070325189736,5.502773595042527,0,1,0.0,0.0,2,3,2,3,WP2->WP3,1,1.2392368598488035,-1.2392368599641819,6.048720438349085,0.5815760691935291,utm,1,-0.4549859608517237,0.1436358359506048,0,0.0
44.15,30.153999999999996,49.90004982294927,8.900143190201982,0.28779185244329425,10.286689488011817,5.541663958938361,492828.7294066549,5527522.661542368,10.28944434208097,5.528008736670017,0,1,0.0,0.0,2,3,2,3,WP2->WP3,1,1.2368315726823171,-1.236831572664233,6.074218653922272,0.5840276872069003,utm,1,-0.16005650842963792,0.5907786205628771,0,0.0
44.2,30.204,49.900050047805,8.900143248281081,0.2877867940401107,10.290862143501053,5.566674017993325,492828.7336109642,5527522.686536857,10.293643108569086,5.553004157729447,0,1,0.0,0.0,2,3,2,3,WP2->WP3,1,1.2343201258996161,-1.2343201258800631,6.099439544519085,0.5864526408089646,utm,1,-0.3236714017576922,0.7853355198963468,0,0.0
44.25,30.253999999999998,49.90005027017478,8.900143303361356,0.28778391964278544,10.294819350387929,5.591407571577323,492828.73759954295,5527522.7112552365,10.297626205720007,5.577723421156406,0,1,0.0,0.0,2,3,2,3,WP2->WP3,1,1.2316730854424665,-1.2316730855068925,6.124337340159989,0.5888465292797588,utm,1,-0.4924349664571354,0.7877822662573337,0,0.0
44.3,30.303999999999995,49.90005048949188,8.90014335509469,0.28779248015936254,10.298536098487851,5.615801584607848,492828.7413473069,5527522.735634534,10.301368563261349,5.602103548124433,0,1,0.0,0.0,2,3,2,3,WP2->WP3,1,1.2288827967050038,-1.228882796835162,6.148844689130825,0.5912028768455099,utm,1,-0.889948426143524,0.6238678856292857,0,0.0
44.35,30.354,49.90005070628691,8.900143404830493,0.287806557136454,10.30210933525619,5.639915074823556,492828.74495124316,5527522.759733612,10.304967155330814,5.626203425228596,0,1,0.0,0.0,2,3,2,3,WP2->WP3,1,1.2260273706399119,-1.2260273705735019,6.173043872164748,0.5935295946844327,utm,1,-0.7251637357196671,0.3697837651815453,0,0.0
44.4,30.403999999999996,49.90005092242628,8.900143454260169,0.28783246945441926,10.305660578550201,5.663955638008112,492828.7485330976,5527522.78375982,10.308543681690935,5.650230427272618,0,1,0.0,0.0,2,3,2,3,WP2->WP3,1,1.2231697869908411,-1.223169787008227,6.1971669440078845,0.5958489945380707,utm,1,-0.5250202108256768,0.5551417280989548,0,0.0
44.45,30.454,49.900051138403846,8.90014350365098,0.2878520344196187,10.309209029619666,5.687978203803524,492828.752112137,5527522.807768041,10.31211739697028,5.674239440821111,0,1,0.0,0.0,2,3,2,3,WP2->WP3,1,1.2203142140048253,-1.2203142140144478,6.221271920690338,0.5981666545671411,utm,1,-0.4756693553842145,0.853466124545027,0,0.0
44.5,30.503999999999998,49.90005135389241,8.900143553057069,0.2878560865719517,10.312758578231573,5.711946379800776,492828.75569220085,5527522.831721894,10.31569214881165,5.698194088414311,0,1,0.0,0.0,2,3,2,3,WP2->WP3,1,1.2174739162603323,-1.2174739161938266,6.245324709459064,0.6004792968007895,utm,1,-0.4333888810022507,0.8092397977674524,0,0.0
44.55,30.553999999999995,49.900051569746,8.900143602340394,0.2878995190671701,10.316299307068991,5.73595515587592,492828.75926350267,5527522.855716343,10.319258129631635,5.722189327701926,0,1,0.0,0.0,2,3,2,3,WP2->WP3,1,1.2146144966053503,-1.2146144966643617,6.2694143644996645,0.6027954836752757,utm,1,-0.5161860146560326,0.7524923049353196,0,0.0
44.6,30.604,49.900051784399565,8.900143651601635,0.2878963792520739,10.31983844919185,5.759830457505772,492828.76283304044,5527522.879577372,10.322822375921533,5.746051147580147,0,1,0.0,0.0,2,3,2,3,WP2->WP3,1,1.2117884348367258,-1.2117884347710484,6.293374825427568,0.6050992487152613,utm,1,-0.1553210599125519,0.6774217242242372,0,0.0
44.65,30.653999999999996,49.90005199917436,8.90014370090432,0.28789436513298644,10.323380568845257,5.783719243203806,492828.7664055725,5527522.903451877,10.326389613561332,5.769926444627345,0,1,0.0,0.0,2,3,2,3,WP2->WP3,1,1.2089617208497971,-1.2089617208949681,6.317349074915725,0.6074043395061647,utm,1,0.06424164365011081,0.29345244895633904,0,0.0
44.7,30.704,49.9000522137606,8.900143750162869,0.28789188153808,10.326919517621977,5.807587056357552,492828.769974907,5527522.927305421,10.3299536582781,5.793780779466033,0,1,0.0,0.0,2,3,2,3,WP2->WP3,1,1.206137429669878,-1.2061374297874001,6.341302260443315,0.6097074050265148,utm,1,0.21391810457612376,0.4217276467581329,0,0.0
44.75,30.753999999999998,49.90005242802455,8.900143799355856,0.2878898227565113,10.330453756154922,5.831419021898826,492828.7735394853,5527522.951123138,10.333512954763137,5.8175992872565985,0,1,0.0,0.0,2,3,2,3,WP2->WP3,1,1.2033179641582827,-1.2033179641834646,6.365219628190553,0.6120070267170308,utm,1,0.45842050462123096,0.40411048566103236,0,0.0
44.8,30.803999999999995,49.90005264170373,8.900143848415418,0.2878876623033473,10.33397840880323,5.8551859451007235,492828.7770943949,5527522.9748758515,10.337062596925534,5.841352787800133,0,1,0.0,0.0,2,3,2,3,WP2->WP3,1,1.2005062511436726,-1.2005062511672226,6.389071736157062,0.6143003737702677,utm,1,0.7039436855114275,0.6586349390016302,0,0.0
44.85,30.854,49.90005285599553,8.900143897431427,0.2878904899856236,10.337499932434604,5.87902100819948,492828.7806462675,5527522.998696682,10.34060918702744,5.865174405276775,0,1,0.0,0.0,2,3,2,3,WP2->WP3,1,1.1976737082750524,-1.1976737082671136,6.412988769124842,0.6165999632722038,utm,1,0.5630887090617934,0.35337827868243166,0,0.0
44.9,30.903999999999996,49.90005307355599,8.900143943366128,0.28790056512721385,10.340800081500154,5.903219634549106,492828.78397733887,5527523.022881226,10.3439348951797,5.8893596874549985,0,1,0.0,0.0,2,3,2,3,WP2->WP3,1,1.1945325481344893,-1.1945325480596742,6.437198711295845,0.6189277155872136,utm,1,0.5541082965095651,0.5291742007792393,0,0.0
44.95,30.954,49.90005329851671,8.900143984306455,0.28791194621104527,10.343741412929417,5.928241371353326,492828.78695083334,5527523.047889027,10.346902843913995,5.914368147030473,0,1,0.0,0.0,2,3,2,3,WP2->WP3,1,1.190830043589884,-1.190830043599035,6.462109015337658,0.6213228067233825,utm,1,0.2703198621252056,1.0694135725318692,0,0.0
45.0,31.003999999999998,49.900053534938465,8.900144021720024,0.2879075386483926,10.346429366731453,5.95453788607679,492828.7896727507,5527523.074171434,10.349618932872545,5.940651156939566,0,1,0.0,0.0,2,3,2,3,WP2->WP3,1,1.1865498648899793,-1.1865498649192954,6.488183022323403,0.6238297862813653,utm,1,0.16289404435254817,0.9404320154054282,0,0.0
45.05,31.053999999999995,49.90005377823313,8.900144060985175,0.28790937714468073,10.349250346250873,5.98159885506299,492828.79252865905,5527523.101217814,10.352468843455426,5.967698169872165,0,1,0.0,0.0,2,3,2,3,WP2->WP3,1,1.1821982132592388,-1.18219821321855,6.515029362693984,0.6264110246216209,utm,1,-0.3359381783153541,1.0365451306261821,0,0.0
45.1,31.104,49.900054029216385,8.900144110371409,0.28790873796118743,10.352798468440469,6.00951500391686,492828.7961125578,5527523.129118061,10.356046555039939,5.995599210262299,0,1,0.0,0.0,2,3,2,3,WP2->WP3,1,1.1783245901346266,-1.1783245901564718,6.54289086215141,0.6290898690981412,utm,1,0.3296725511202097,1.1301961997681158,0,0.0
45.15,31.153999999999996,49.900054284709135,8.900144165581635,0.2879012644419874,10.35676501158489,6.037932730673918,492828.8001153778,5527523.157519128,10.36004307679832,6.024001165293157,0,1,0.0,0.0,2,3,2,3,WP2->WP3,1,1.1747235612517624,-1.1747235612795344,6.571345664786888,0.6318257588512037,utm,1,0.12787611629971077,1.1545687958265656,0,0.0
45.2,31.204,49.900054540246536,8.90014422062306,0.2879024705376879,10.36071942739581,6.066355423569845,492828.804106082,5527523.185925175,10.364027481642552,6.052408096380532,0,1,0.0,0.0,2,3,2,3,WP2->WP3,1,1.1711095338759743,-1.1711095338113848,6.599802088428772,0.6345618044617809,utm,1,0.16224768835515654,0.4898466069786279,0,0.0
45.25,31.253999999999998,49.90005479620964,8.900144275743564,0.2879033705155059,10.364679524520323,6.094825466360561,492828.8081025284,5527523.214378546,10.368017618195154,6.080862352624536,0,1,0.0,0.0,2,3,2,3,WP2->WP3,1,1.1674886112704825,-1.1674886112079859,6.628305681170294,0.6373023853157758,utm,1,-0.2402795180622124,0.3940281956871347,0,0.0
45.3,31.303999999999995,49.9000550524242,8.900144330755454,0.287874139523452,10.368631818373315,6.123323478439728,492828.81209121173,5527523.242859884,10.371999985480215,6.10934457462281,0,1,0.0,0.0,2,3,2,3,WP2->WP3,1,1.1638528491837308,-1.163852849113148,6.656834218688208,0.6400453645753755,utm,1,-0.7345750060074981,0.27880785091170945,0,0.0
45.35,31.354,49.90005530869621,8.900144385784154,0.2878533408151348,10.372585319905857,6.151827880204053,492828.81608111074,5527523.271347609,10.375983567035291,6.137833183631301,0,1,0.0,0.0,2,3,2,3,WP2->WP3,1,1.16021658157495,-1.1602165815966756,6.685369238203863,0.6427889670700554,utm,1,-0.17038766422710394,0.6777280782610123,0,0.0
45.4,31.403999999999996,49.900055565145294,8.900144440876101,0.28783546028479473,10.376543365391731,6.180351977424667,492828.8200755782,5527523.299855015,10.37997171265306,6.166341474279761,0,1,0.0,0.0,2,3,2,3,WP2->WP3,1,1.156579550337691,-1.156579550300302,6.7139244472581465,0.6455345107608335,utm,1,0.16076759642479585,1.0165601157297877,0,0.0
45.45,31.454,49.9000558212616,8.90014449586465,0.28780572260488957,10.380493982301967,6.208839061026705,492828.8240625705,5527523.328325433,10.383952391392086,6.194812776520848,0,1,0.0,0.0,2,3,2,3,WP2->WP3,1,1.1529450262754217,-1.152945026358777,6.74244200352551,0.6482764341884444,utm,1,0.5547824889292787,1.4733367376871678,0,0.0
45.5,31.503999999999998,49.90005607750896,8.900144550854375,0.2877789793018211,10.384444683697447,6.2373407204125915,492828.8280496667,5527523.35681042,10.38793317071395,6.223298646509647,0,1,0.0,0.0,2,3,2,3,WP2->WP3,1,1.1493067741311902,-1.149306774037562,6.770973644661141,0.651019711856577,utm,1,0.13895009147000975,1.9950862454309033,0,0.0
45.55,31.553999999999995,49.9000563317204,8.900144604249272,0.2877617961874169,10.388280805745849,6.2656159312243425,492828.83192192786,5527523.385069202,10.391799165168777,6.251558286137879,0,1,0.0,0.0,2,3,2,3,WP2->WP3,1,1.1456171641028057,-1.1456171641483073,6.799256854143567,0.6537391031662961,utm,1,-0.2753272154165317,2.1565307134209375,0,0.0
45.6,31.604,49.900056581984046,8.900144654710363,0.2877553918452833,10.391906150383567,6.293452039560783,492828.83558291104,5527523.412889338,10.395453978970181,6.279379233717918,0,1,0.0,0.0,2,3,2,3,WP2->WP3,1,1.1418389676295875,-1.1418389677391245,6.827061314557241,0.6564124634179802,utm,1,-0.41510483223914546,1.9976594563366172,0,0.0
45.65,31.653999999999996,49.90005682907624,8.900144704604722,0.2877539651936029,10.395490778493867,6.320935397088897,492828.8392027238,5527523.440356919,10.399067700491287,6.306847617030144,0,1,0.0,0.0,2,3,2,3,WP2->WP3,1,1.1381136918443073,-1.1381136917366548,6.8545147905201675,0.6590520770022006,utm,1,-0.335172141077289,1.8116753616272656,0,0.0
45.7,31.704,49.90005707211239,8.900144753855555,0.28775333910106626,10.399029172884033,6.347967611430593,492828.84277572035,5527523.467373598,10.402634705824312,6.333865087479353,0,1,0.0,0.0,2,3,2,3,WP2->WP3,1,1.1344617315306527,-1.1344617315708658,6.881520909756665,0.6616486778585001,utm,1,0.030859542895315506,1.0993508017261857,0,0.0
45.75,31.753999999999998,49.90005731052443,8.900144802621856,0.2877551899168424,10.402532756418463,6.374485500337544,492828.8463132345,5527523.493876204,10.406166342727374,6.3603684771806,0,1,0.0,0.0,2,3,2,3,WP2->WP3,1,1.1309106234477373,-1.1309106233727344,6.908021697226904,0.6641966917673198,utm,1,0.006588820759242425,1.6468512279856713,0,0.0
45.8,31.803999999999995,49.90005754434021,8.900144853265529,0.28775294725721656,10.406171218475064,6.400492159244648,492828.8499848917,5527523.5198676055,10.409832236065995,6.386360692791641,0,1,0.0,0.0,2,3,2,3,WP2->WP3,1,1.127623277090029,-1.1276232771238408,6.934064496240356,0.6667006707221107,utm,1,-0.8154461446199734,1.0803218116998625,0,0.0
45.85,31.854,49.9000577735483,8.900144904812878,0.2877525177690111,10.40987460463386,6.425986318846717,492828.85372076405,5527523.545346627,10.41356245818315,6.411840542219579,0,1,0.0,0.0,2,3,2,3,WP2->WP3,1,1.1245325315094101,-1.1245325314401435,6.959629796334613,0.6691587388190104,utm,1,-0.9347071022128103,1.1342107113232947,0,0.0
45.9,31.903999999999996,49.900057997829194,8.900144954900421,0.28775808807886794,10.413473111934064,6.450932440721003,492828.85735106916,5527523.570277969,10.417187234503217,6.436772688291967,0,1,0.0,0.0,2,3,2,3,WP2->WP3,1,1.121483846600434,-1.1214838465751704,6.984638924003479,0.6715633317096662,utm,1,-0.41124911169262146,0.3332768787615966,0,0.0
45.95,31.954,49.90005821676353,8.900145003304388,0.2877735617654262,10.416950663803707,6.475283880378109,492828.8608596751,5527523.594615028,10.420690443424974,6.461110524833202,0,1,0.0,0.0,2,3,2,3,WP2->WP3,1,1.1184739039900427,-1.1184739040902467,7.009042673656265,0.6739097183448739,utm,1,-0.2117411839885481,0.41690918150450784,0,0.0
46.0,32.004,49.900058431127746,8.900145048722539,0.2877949972710797,10.42021370164114,6.499126997975353,492828.8641531756,5527523.618444255,10.423978659557179,6.484940481372178,0,1,0.0,0.0,2,3,2,3,WP2->WP3,1,1.1153898630639596,-1.1153898629770567,7.032899912935375,0.6762035587666907,utm,1,0.1388157801120611,-0.03465353205248223,0,0.0
46.05,32.053999999999995,49.90005864330899,8.900145092991501,0.287829119336477,10.423394176720741,6.5227273096591665,492828.867363823,5527523.642030882,10.427184076339472,6.50852781906724,0,1,0.0,0.0,2,3,2,3,WP2->WP3,1,1.1122896301650422,-1.1122896302432967,7.056501306779042,0.6784728000052285,utm,1,0.22104032252272054,0.1382436451095591,0,0.0
46.1,32.104,49.90005885511778,8.900145137064458,0.28785534996204964,10.426560569947947,6.5462861941648836,492828.87056033884,5527523.665576117,10.430375370779075,6.532073763199151,0,1,0.0,0.0,2,3,2,3,WP2->WP3,1,1.1091866394944017,-1.109186639431587,7.080059050121161,0.6807378443086678,utm,1,-0.11580107236024315,0.7740898734563914,0,0.0
46.15,32.153999999999996,49.90005906695975,8.900145181166458,0.2878829642528843,10.429729049782,6.569848770551583,492828.8737589454,5527523.689125041,10.433568755106535,6.555623395368457,0,1,0.0,0.0,2,3,2,3,WP2->WP3,1,1.1060846967223716,-1.1060846967126607,7.103620901280145,0.6830032835729934,utm,1,0.23223198805365744,0.8299658241803402,0,0.0
46.2,32.204,49.9000592780183,8.90014522509183,0.2879028964901343,10.432884839855866,6.5933242085001895,492828.87694475113,5527523.712586876,10.43674935796298,6.579085936769843,0,1,0.0,0.0,2,3,2,3,WP2->WP3,1,1.1029932877992792,-1.1029932878664548,7.127095361289062,0.685260320299616,utm,1,0.2778220549972805,0.9630079183201133,0,0.0
46.25,32.254,49.900059488103444,8.900145268977534,0.2879033115232896,10.436037780020394,6.616691377687678,492828.88012756384,5527523.735940492,10.439926991704851,6.6024402575567365,0,1,0.0,0.0,2,3,2,3,WP2->WP3,1,1.0999274290177679,-1.099927428918195,7.150464618347373,0.6875072419086522,utm,1,0.12302872421045308,0.7891014622694976,0,0.0
46.3,32.303999999999995,49.90005969788284,8.900145312797232,0.2879033246925497,10.439185978035848,6.640024538835434,492828.883305591,5527523.759260119,10.443099847529083,6.625760588794947,0,1,0.0,0.0,2,3,2,3,WP2->WP3,1,1.0968658839759937,-1.0968658840687866,7.173799823737863,0.6897508894971212,utm,1,0.7270661168333817,0.945421539357058,0,0.0
46.35,32.354,49.90005990785823,8.900145356676259,0.2879040821116704,10.442338438472234,6.663379499627684,492828.8864879078,5527523.782601531,10.446276988077443,6.649102706462145,0,1,0.0,0.0,2,3,2,3,WP2->WP3,1,1.093802753677531,-1.0938027535758819,7.197157175321027,0.6919966664112573,utm,1,0.9473323696099845,1.2894828276933343,0,0.0
46.4,32.403999999999996,49.90006011618908,8.90014540019437,0.28790326513333603,10.445464969213182,6.686551543919624,492828.88964406156,5527523.805760134,10.449428006191738,6.672262008301914,0,1,0.0,0.0,2,3,2,3,WP2->WP3,1,1.0907624174858628,-1.0907624175578623,7.22033126802342,0.6942248232385322,utm,1,1.1793971995178036,0.8932449385461301,0,0.0
46.45,32.454,49.90006032451655,8.900145443723764,0.2879030380709768,10.44859231047646,6.70972321180668,492828.892801025,5527523.828918361,10.452579834091011,6.695420934818685,0,1,0.0,0.0,2,3,2,3,WP2->WP3,1,1.0877229617124917,-1.0877229616250288,7.243505210457521,0.6964529656177193,utm,1,0.6985736039654571,0.259627464714537,0,0.0
46.5,32.504,49.900060532267105,8.900145487145455,0.2879039208121167,10.451711913937903,6.7328307111514105,492828.89595016825,5527523.8520124545,10.455723855935503,6.718515726737678,0,1,0.0,0.0,2,3,2,3,WP2->WP3,1,1.0846928132607956,-1.0846928132386628,7.26661521814154,0.698674960759484,utm,1,0.046862388641299435,0.21796993652988017,0,0.0
46.55,32.553999999999995,49.90006073882297,8.900145530302312,0.2879036009814063,10.454812490607761,6.755805328959294,492828.8990801152,5527523.874973744,10.458848710986786,6.741477709263563,0,1,0.0,0.0,2,3,2,3,WP2->WP3,1,1.0816790411190305,-1.0816790410918269,7.289592044867634,0.7008841507371166,utm,1,-0.08595300975733661,0.892386885287796,0,0.0
46.6,32.604,49.90006094553511,8.900145573022966,0.2879028526432164,10.457881728484638,6.778797327899454,492828.90217875905,5527523.89795245,10.461942259047646,6.764457102864981,0,1,0.0,0.0,2,3,2,3,WP2->WP3,1,1.078630489347111,-1.078630489244408,7.312577450408862,0.7030941655559095,utm,1,-0.0526919243968052,0.7616545981758903,0,0.0
46.65,32.653999999999996,49.90006115569139,8.90014561296245,0.28790766525284545,10.460751155058906,6.802172408664779,492828.90507818235,5527523.921314353,10.464836501632817,6.787819647230208,0,1,0.0,0.0,2,3,2,3,WP2->WP3,1,1.0752890226519956,-1.0752890226130851,7.335880234646776,0.7053346958955874,utm,1,-0.18029504442810582,0.9566626420080788,0,0.0
46.7,32.704,49.900061373586006,8.900145646995524,0.28790666747098326,10.463196239309257,6.826408202874081,492828.9075545805,5527523.945537188,10.467307528131641,6.812043030746281,0,1,0.0,0.0,2,3,2,3,WP2->WP3,1,1.0713131633260757,-1.0713131634294843,7.359902533148699,0.70764440653243,utm,1,-0.10671714921855352,0.5524305803512236,0,0.0
46.75,32.754,49.90006160432314,8.900145673982303,0.2879040131215215,10.465135087085393,6.85207243380604,492828.909526849,5527523.971188564,10.469274108181708,6.8376948442310095,0,1,0.0,0.0,2,3,2,3,WP2->WP3,1,1.066475502604554,-1.0664755025255042,7.385170694114525,0.7100739051148219,utm,1,-0.027442674928906077,0.5913794788734902,0,0.0
46.8,32.803999999999995,49.90006184248709,8.900145696169288,0.28790541255003504,10.466729096725421,6.87856272770684,492828.9111555186,5527523.997666131,10.470896906161215,6.864172770641744,0,1,0.0,0.0,2,3,2,3,WP2->WP3,1,1.061089213350563,-1.0610892132153567,7.411145720624816,0.712571367837562,utm,1,-0.08281661552785433,0.5611761940081609,0,0.0
46.85,32.854,49.90006208438263,8.90014572086064,0.28790465869200244,10.468503031092354,6.9054680759145475,492828.91296459385,5527524.024558346,10.47270001785364,6.891065386123955,0,1,0.0,0.0,2,3,2,3,WP2->WP3,1,1.0557680290064495,-1.0557680290244886,7.437568229596719,0.7151118553774861,utm,1,0.4599184680497289,0.7448774702786,0,0.0
46.9,32.903999999999996,49.900062331364154,8.900145751962606,0.2879032781543033,10.470737531788647,6.9329391231633934,492828.91523480415,5527524.052015422,10.474964139284566,6.918522966094315,0,1,0.0,0.0,2,3,2,3,WP2->WP3,1,1.0507433409552234,-1.0507433408533557,7.464656924525077,0.7177163957718702,utm,1,0.2222733325051997,0.29712151827465466,0,0.0
46.95,32.954,49.90006258512322,8.900145791601188,0.28790154960363284,10.473585340222579,6.961164018123076,492828.9181190805,5527524.080225224,10.477842159802094,6.946733405813575,0,1,0.0,0.0,2,3,2,3,WP2->WP3,1,1.0461133384700185,-1.046113338452275,7.492633254577907,0.7204062810506526,utm,1,0.10757539246988038,0.4415894640387201,0,0.0
47.0,33.004,49.90006284510949,8.900145838574076,0.28790044365697626,10.476960077123909,6.990081545473042,492828.9215309967,5527524.10912668,10.481247666815761,6.97563561797142,0,1,0.0,0.0,2,3,2,3,WP2->WP3,1,1.0418106813202042,-1.041810681240201,7.521415583663649,0.7231736620170127,utm,1,-0.3849227770641839,0.39686246167068256,0,0.0
47.05,33.053999999999995,49.90006310573406,8.900145885983802,0.2878984966858834,10.480366198378993,7.019070070425367,492828.92497437913,5527524.138099064,10.484684624359943,7.004608765244484,0,1,0.0,0.0,2,3,2,3,WP2->WP3,1,1.03751974600309,-1.0375197459622376,7.550274617290716,0.7259484180184878,utm,1,-1.1934750067911106,0.3104188686270153,0,0.0
47.1,33.104,49.90006336722752,8.900145933563937,0.28789665546824716,10.483784562592398,7.048155238746624,492828.92843012844,5527524.167168037,10.488133927283343,7.033678503707051,0,1,0.0,0.0,2,3,2,3,WP2->WP3,1,1.0332153615617603,-1.033215361622046,7.579230094580354,0.7287324469441702,utm,1,-1.0123290801168439,0.6747319624841293,0,0.0
47.15,33.153999999999996,49.90006362912288,8.900145981216907,0.2878931882911895,10.487208159530827,7.07728511010051,492828.9318911678,5527524.196281686,10.491588510456495,7.062792920507491,0,1,0.0,0.0,2,3,2,3,WP2->WP3,1,1.0289043413852301,-1.0289043414617995,7.608230068368168,0.7315207541463518,utm,1,-1.1120843783734635,0.8216821731974508,0,0.0
47.2,33.204,49.90006389167342,8.90014602897353,0.28789028181040077,10.490639203422347,7.106487854005893,492828.93535974843,5527524.225468169,10.495050618657842,7.091980171389878,0,1,0.0,0.0,2,3,2,3,WP2->WP3,1,1.0245814585045792,-1.024581458537616,7.637302297346166,0.7343160085847158,utm,1,-1.431446887275622,0.26340947372985823,0,0.0
47.25,33.254,49.90006415401812,8.900146076706918,0.28788512069931727,10.494068577900766,7.135667703721003,492828.93882662954,5527524.25463177,10.49851103243418,7.121144539676607,0,1,0.0,0.0,2,3,2,3,WP2->WP3,1,1.0202629486391275,-1.0202629486481318,7.666352002217228,0.7371090973614812,utm,1,-1.7272819716486423,0.38646749050750184,0,0.0
47.3,33.303999999999995,49.900064416255226,8.900146124188,0.287841397401526,10.497479825700024,7.164835586307913,492828.94227537536,5527524.283783433,10.501953313592821,7.150296966545284,0,1,0.0,0.0,2,3,2,3,WP2->WP3,1,1.015930077808332,-1.0159300777670268,7.695385423373665,0.7399006204817016,utm,1,-1.3305558987919985,-0.12156434770964064,0,0.0
47.35,33.354,49.90006467700357,8.90014617142459,0.28781795643687386,10.500873508098223,7.193837877632082,492828.9457063421,5527524.312769594,10.505377852357924,7.179283888079226,0,1,0.0,0.0,2,3,2,3,WP2->WP3,1,1.01162354297585,-1.0116235430661822,7.724254486409708,0.7426763407969199,utm,1,-1.3636358375200959,0.22219662020322928,0,0.0
47.4,33.403999999999996,49.90006493517711,8.900146218173928,0.2877894492391055,10.504232184252608,7.222553781442034,492828.94910193497,5527524.341469529,10.508767080726102,7.207984576001763,0,1,0.0,0.0,2,3,2,3,WP2->WP3,1,1.007358091372194,-1.0073580913197093,7.752838087739441,0.745424614365549,utm,1,-1.3806618024692163,-0.16544044376641062,0,0.0
47.45,33.454,49.90006518849688,8.900146264141796,0.28776104004909464,10.507534716133849,7.250729813812112,492828.95244068676,5527524.369629882,10.512099587649573,7.2361456686630845,0,1,0.0,0.0,2,3,2,3,WP2->WP3,1,1.0031795864750763,-1.0031795864408588,7.780886133167768,0.7481213949780813,utm,1,-1.421154044832763,0.23260233923355317,0,0.0
47.5,33.504,49.90006543502741,8.900146308956145,0.2877433616267821,10.510754374244362,7.27815069874246,492828.9556955917,5527524.397035501,10.515348415123299,7.2635520081967115,0,1,0.0,0.0,2,3,2,3,WP2->WP3,1,0.9991185090820219,-0.9991185089995724,7.808183935129369,0.750746040723287,utm,1,-1.3958232942709046,-0.5086514599290233,0,0.0
47.55,33.553999999999995,49.90006567260336,8.900146352178233,0.2877403426453132,10.513859637292828,7.304575591587199,492828.95883482025,5527524.42344568,10.518481786944903,7.289962883107364,0,1,0.0,0.0,2,3,2,3,WP2->WP3,1,0.9952074000363824,-0.995207400048383,7.834490883807817,0.7532754173014948,utm,1,-1.1587786524280836,-0.1785572007746608,0,0.0
47.6,33.604,49.90006589998908,8.900146393624697,0.28775867811683137,10.516837331834651,7.329867053621784,492828.9618450211,5527524.448723052,10.521486382291187,7.3152409214526415,0,1,0.0,0.0,2,3,2,3,WP2->WP3,1,0.9914694747875697,-0.9914694748201638,7.859670930175593,0.755696443787665,utm,1,-0.9645462904904858,-0.539125294310565,0,0.0
47.65,33.653999999999996,49.900066118013555,8.900146433290109,0.28779160862479364,10.519687067859403,7.354117291307203,492828.96472592745,5527524.472959787,10.524361913907342,7.339478294365108,0,1,0.0,0.0,2,3,2,3,WP2->WP3,1,0.9878802552344638,-0.9878802553243199,7.883812936017789,0.7580176641190156,utm,1,-1.1604191534711967,-0.23525376047854765,0,0.0
47.7,33.704,49.90006632968293,8.900146471650443,0.28782209622442695,10.522443041343807,7.377660669629781,492828.9675121668,5527524.496490069,10.527142935199663,7.3630091939121485,0,1,0.0,0.0,2,3,2,3,WP2->WP3,1,0.9843853360955805,-0.9843853360708383,7.907248439939109,0.7602709552719211,utm,1,-0.9723239628821922,-0.2539895657971679,0,0.0
47.75,33.754,49.90006653843451,8.90014650942229,0.2878530995740715,10.5251567354514,7.4008795105296326,492828.97025571135,5527524.519696,10.529881333583035,7.386215733364224,0,1,0.0,0.0,2,3,2,3,WP2->WP3,1,0.9809344546741581,-0.9809344546602597,7.930359772688772,0.762493077816907,utm,1,-0.5470858826521152,0.02599049408528828,0,0.0
47.8,33.803999999999995,49.90006674525377,8.900146546865725,0.2878740356040316,10.527846834948912,7.423883424240922,492828.9729753844,5527524.542687122,10.532595908094663,7.40920745767653,0,1,0.0,0.0,2,3,2,3,WP2->WP3,1,0.977516987827016,-0.977516987915421,7.953257572182247,0.7646946694358828,utm,1,-0.5175913685168048,-0.03977714521035779,0,0.0
47.85,33.854,49.900066950868926,8.900146584257701,0.28787595529467447,10.530533237387468,7.44675340927396,492828.9756911833,5527524.565544374,10.535306638164911,7.432065311819315,0,1,0.0,0.0,2,3,2,3,WP2->WP3,1,0.9741309611881177,-0.9741309610820879,7.976025189058747,0.7668837441770446,utm,1,-0.18540620825051646,-0.29829461960614806,0,0.0
47.9,33.903999999999996,49.900067155768866,8.900146621516269,0.28787714232179645,10.533210055217598,7.469543842691399,492828.9783972954,5527524.588322118,10.538007699069567,7.454843654297292,0,1,0.0,0.0,2,3,2,3,WP2->WP3,1,0.9707564811069934,-0.9707564810563645,7.998713545819686,0.7690651981681781,utm,1,0.0018183620363305952,-0.6343810899195628,0,0.0
47.95,33.954,49.90006735981674,8.900146658618887,0.2878798417624422,10.535875668926087,7.492239503443877,492828.9810920816,5527524.611005142,10.540697455056943,7.477527276612818,0,1,0.0,0.0,2,3,2,3,WP2->WP3,1,0.9673959631617468,-0.9673959632632078,8.021307535926006,0.7712375789365341,utm,1,0.08000025439328652,0.33395142832698455,0,0.0
48.0,34.004,49.90006756358198,8.900146695256026,0.287880448240649,10.538507840643991,7.514903727313292,492828.98375339736,5527524.633656789,10.543353747634683,7.500179512426257,0,1,0.0,0.0,2,3,2,3,WP2->WP3,1,0.9640113968663063,-0.9640113968270307,8.043862455371892,0.7734062031151538,utm,1,0.5242907680703054,0.0003756367139010064,0,0.0
48.05,34.053999999999995,49.900067767038486,8.900146731716102,0.2878825891240456,10.541127291334499,7.53753361201988,492828.9864019514,5527524.656274125,10.545997286040802,7.5227974355220795,0,1,0.0,0.0,2,3,2,3,WP2->WP3,1,0.9606235331343351,-0.9606235330389519,8.066380917166953,0.775571321941282,utm,1,0.29755858107353766,0.04816255725144773,0,0.0
48.1,34.104,49.90006796985456,8.900146768023376,0.28788538287948534,10.543735764048165,7.560092263517295,492828.9890394369,5527524.678820271,10.548629771685228,7.5453441655263305,0,1,0.0,0.0,2,3,2,3,WP2->WP3,1,0.9572436970310662,-0.9572436969463598,8.088827781985357,0.7777295568175443,utm,1,0.3124040589039405,0.11410739009043117,0,0.0
48.15,34.153999999999996,49.900068171966296,8.900146804307257,0.28788772525151657,10.546342556118057,7.582572572564424,492828.99167513807,5527524.70128811,10.5512604903779,7.567812588065863,0,1,0.0,0.0,2,3,2,3,WP2->WP3,1,0.9538827167326596,-0.9538827166839833,8.11119862246145,0.7798804820588823,utm,1,-0.014574227987268706,0.005175631419514784,0,0.0
48.2,34.204,49.90006837328393,8.90014684077553,0.2878898437381476,10.548962595780475,7.604964556649045,492828.9943239637,5527524.723667639,10.553904353175312,7.5901927053928375,0,1,0.0,0.0,2,3,2,3,WP2->WP3,1,0.9505576053908638,-0.9505576053117728,8.133487706326637,0.7820235465156318,utm,1,0.013879530108587506,0.3945961121655488,0,0.0
48.25,34.254,49.90006857479694,8.900146877612553,0.2878906707675331,10.55160912794788,7.627378271747944,492828.9969993002,5527524.746068858,10.556574721937068,7.612594516016543,0,1,0.0,0.0,2,3,2,3,WP2->WP3,1,0.9472523738755048,-0.9472523738076095,8.155804683082046,0.7841692928350363,utm,1,0.26971868968189494,0.20185633238800135,0,0.0
48.3,34.303999999999995,49.900068775669816,8.90014691537865,0.2878914561419894,10.554322408945604,7.649720786183956,492828.99974126386,5527524.768398814,10.559311733697541,7.634925079531968,0,1,0.0,0.0,2,3,2,3,WP2->WP3,1,0.9440301540221502,-0.9440301540331761,8.178070410388706,0.786310111591123,utm,1,-0.34428653844957713,-0.33470169253408555,0,0.0
48.35,34.354,49.90006897795156,8.900146954500013,0.2878911682006509,10.557133058038218,7.6722200053313205,492829.00258076517,5527524.790885283,10.562146248412319,7.657412177883089,0,1,0.0,0.0,2,3,2,3,WP2->WP3,1,0.9408609159453777,-0.9408609160397289,8.200512780501382,0.7884679143076722,utm,1,0.2540172171288491,-0.46584869851168076,0,0.0
48.4,34.403999999999996,49.90006918349266,8.900146994493857,0.2878910819733092,10.560006390076884,7.695081753323652,492829.0054834074,5527524.813734052,10.565043823677115,7.680261589586735,0,1,0.0,0.0,2,3,2,3,WP2->WP3,1,0.9376573954644959,-0.9376573954328363,8.223321310411954,0.7906609227802366,utm,1,0.06022600995878255,-0.7309981204581528,0,0.0
48.45,34.454,49.90006939687898,8.900147031196912,0.2878903765491794,10.562643297435178,7.718816102645026,492829.0081508826,5527524.837455387,10.5677060384769,7.703983516432345,0,1,0.0,0.0,2,3,2,3,WP2->WP3,1,0.9339976813059679,-0.933997681193244,8.246909944781846,0.7929289372130923,utm,1,0.06704489357778609,-0.6719611118952699,0,0.0
48.5,34.504,49.90006962260962,8.900147060317988,0.28788840861622034,10.564735482355424,7.743923475097916,492829.0102756839,5527524.862549922,10.569825274811592,7.729078521952033,0,1,0.0,0.0,2,3,2,3,WP2->WP3,1,0.9294535179240155,-0.9294535179325119,8.271680916860573,0.795310631774526,utm,1,0.7771938682913111,-0.5886858728697233,0,0.0
48.55,34.553999999999995,49.900069857955614,8.900147080675508,0.2878854443533871,10.566198055289808,7.770100336227587,492829.0117725512,5527524.888714357,10.57131633994868,7.755243287421763,0,1,0.0,0.0,2,3,2,3,WP2->WP3,1,0.9240223425789666,-0.9240223425666265,8.297319181173792,0.7977757152797403,utm,1,0.2205685875999543,-0.4037215068502228,0,0.0
48.6,34.604,49.90007009433062,8.900147094303895,0.2878837912792133,10.567177178007293,7.79639165132795,492829.012786315,5527524.914993845,10.572324276028667,7.781523000448942,0,1,0.0,0.0,2,3,2,3,WP2->WP3,1,0.9180948082381606,-0.9180948083302437,8.322941505928943,0.8002392662185845,utm,1,-0.10007030569169761,-0.3013381021537894,0,0.0
48.65,34.653999999999996,49.90007033168547,8.900147102336105,0.28788058842626635,10.567754246935431,7.822791951207744,492829.01339833165,5527524.9413828105,10.572930440714117,7.807912100106478,0,1,0.0,0.0,2,3,2,3,WP2->WP3,1,0.911750877461327,-0.9117508774596864,8.3485638908323,0.8027028229405951,utm,1,0.10549213942177747,-0.27686645064890647,0,0.0
48.7,34.704,49.900070569386415,8.90014711042348,0.28787648870702187,10.568335279268,7.849230746269699,492829.0140143615,5527524.967810249,10.57354061002843,7.834339674562216,0,1,0.0,0.0,2,3,2,3,WP2->WP3,1,0.9054007089724077,-0.9054007088962336,8.374224451167741,0.8051700501773794,utm,1,0.11332055949076698,-0.30540113603056007,0,0.0
48.75,34.754,49.900070808601434,8.90014712079067,0.2878719933963969,10.569080103346923,7.875837947848215,492829.01479434164,5527524.994405809,10.574314692406915,7.860935407690704,0,1,0.0,0.0,2,3,2,3,WP2->WP3,1,0.8991645502430771,-0.8991645502269624,8.400090307051862,0.8076570162960383,utm,1,0.22548005463421822,0.0018985617510158814,0,0.0
48.8,34.803999999999995,49.90007105033023,8.900147134965795,0.28786786625339655,10.57009850608744,7.902724749625067,492829.0158481631,5527525.021280491,10.575362554227468,7.887810322456062,0,1,0.0,0.0,2,3,2,3,WP2->WP3,1,0.8931192618778816,-0.89311926196191,8.42629743506268,0.8101767952556925,utm,1,-0.12459334085240772,-0.40275217951094033,0,0.0
48.85,34.854,49.90007129433167,8.900147154575354,0.2878634041197616,10.571507342195266,7.9298643306297105,492829.017292598,5527525.048407333,10.576800973445643,7.914937484078109,0,1,0.0,0.0,2,3,2,3,WP2->WP3,1,0.8873845973277732,-0.8873845973424098,8.452850506078077,0.8127298361547636,utm,1,0.5645267702638925,-0.5508939179556036,0,0.0
48.9,34.903999999999996,49.90007153994597,8.900147180495233,0.2878597730568978,10.57336953926632,7.957183306060395,492829.01919045066,5527525.075712893,10.578692770912312,7.942243465222418,0,1,0.0,0.0,2,3,2,3,WP2->WP3,1,0.8820404525718682,-0.8820404526284529,8.479695162515073,0.8153109125871436,utm,1,0.49454043055834107,-0.29397264953701363,0,0.0
48.95,34.954,49.900071785203345,8.900147211320068,0.2878562276188243,10.575584129649366,7.984462581388775,492829.02144050214,5527525.102978298,10.580936776008457,7.969509367831051,0,1,0.0,0.0,2,3,2,3,WP2->WP3,1,0.8770466809460231,-0.8770466809625567,8.50659362532249,0.817897162427309,utm,1,0.5578287661847581,-0.5629947948104608,0,0.0
49.0,35.004,49.9000720270637,8.90014724211063,0.2878534306596379,10.577796257836324,8.011364016259243,492829.023687589,5527525.129866018,10.583177900291048,7.9963975846767426,0,1,0.0,0.0,2,3,2,3,WP2->WP3,1,0.8721492963370452,-0.8721492963532711,8.533126896591268,0.8204482996082421,utm,1,0.20180144932293637,-0.597612721028848,0,0.0
49.05,35.053999999999995,49.90007226410388,8.900147272290983,0.28785165890428843,10.57996454583902,8.037729316852609,492829.02589013876,5527525.156217877,10.585374606249388,8.022749931551516,0,1,0.0,0.0,2,3,2,3,WP2->WP3,1,0.8673497521964588,-0.8673497522523408,8.55913143595274,0.8229485999506333,utm,1,-0.37279932867521914,-0.7919152684409883,0,0.0
49.1,35.104,49.90007249531137,8.900147301718928,0.2878512425467857,10.582078777579262,8.063445863818227,492829.02803778957,5527525.181921314,10.587516557134222,8.048453845083714,0,1,0.0,0.0,2,3,2,3,WP2->WP3,1,0.8626676294743535,-0.8626676293608483,8.5844959157434,0.8253873594542577,utm,1,-0.41788225406428164,-0.6933908519122928,0,0.0
49.15,35.153999999999996,49.90007271960784,8.900147330212075,0.2878524843755997,10.584125849421255,8.088393717721,492829.030117283,5527525.206856455,10.58959052094724,8.07338944543153,0,1,0.0,0.0,2,3,2,3,WP2->WP3,1,0.8581216361359927,-0.8581216360074404,8.60910118871161,0.8277531222763516,utm,1,-0.5137248741794224,-0.6378947471327017,0,0.0
49.2,35.204,49.90007293616174,8.900147357598259,0.2878573732833776,10.5860933921893,8.112480387673692,492829.03211613174,5527525.230930863,10.591584030946251,8.097464296035469,0,1,0.0,0.0,2,3,2,3,WP2->WP3,1,0.8537240134884592,-0.8537240135545646,8.632854787270471,0.830036997786861,utm,1,-0.36646515426495474,-1.029556526061617,0,0.0
49.25,35.254,49.900073144362544,8.900147383792325,0.28786813577024434,10.587975287977631,8.135637966556146,492829.0340281299,5527525.254076665,10.593490896280855,8.120610523037612,0,1,0.0,0.0,2,3,2,3,WP2->WP3,1,0.849486609986714,-0.8494866099302141,8.655689592117916,0.832232532558113,utm,1,-0.11746581739074424,-1.1517864238132793,0,0.0
49.3,35.303999999999995,49.90007334382194,8.900147408374512,0.2878853938918145,10.589741379382842,8.15782326403055,492829.03582307464,5527525.276250729,10.595280923764221,8.142784983851016,0,1,0.0,0.0,2,3,2,3,WP2->WP3,1,0.845391617908988,-0.8453916180099927,8.67755605011205,0.834334962124338,utm,1,-0.1267473428779453,-1.3080318011162364,0,0.0
49.35,35.354,49.90007353707793,8.900147432039454,0.2878944731725373,10.591441571915027,8.179318574561774,492829.0375512275,5527525.297735171,10.597004312265199,8.164269808679819,0,1,0.0,0.0,2,3,2,3,WP2->WP3,1,0.8414133989467845,-0.8414133989869036,8.698739570502278,0.8363717281884664,utm,1,0.34157637850437306,-1.047909385040956,0,0.0
49.4,35.403999999999996,49.90007372982725,8.900147455618969,0.2879137089408996,10.5931356270154,8.200757529074592,492829.0392731702,5527525.319163288,10.598721503047273,8.185698306187987,0,1,0.0,0.0,2,3,2,3,WP2->WP3,1,0.8374439892217844,-0.8374439891267977,8.719867113020598,0.8384031120579576,utm,1,-0.27323661227609847,-1.149298791667238,0,0.0
49.45,35.454,49.9000739277018,8.900147479796965,0.28788800282668947,10.594872679617156,8.22276654878369,492829.0410388527,5527525.341161184,10.60048230731627,8.207696594297886,0,1,0.0,0.0,2,3,2,3,WP2->WP3,1,0.8333670565095566,-0.8333670564578577,8.74155590469455,0.8404884592542543,utm,1,0.08248250206175242,-1.0669944596938377,0,0.0
49.5,35.504,49.900074135589485,8.900147505051207,0.28786837696073814,10.5966870543392,8.245889300309017,492829.04288331047,5527525.364272263,10.602321640006267,8.230808081105351,0,1,0.0,0.0,2,3,2,3,WP2->WP3,1,0.8290736104952409,-0.8290736106173966,8.764339458293847,0.8426790662891789,utm,1,0.3201522289879341,-1.171519356989281,0,0.0
49.55,35.553999999999995,49.90007435384474,8.90014753062583,0.28783515932764137,10.598524446695823,8.270165207109434,492829.04475231323,5527525.388536005,10.60418526205467,8.255072236992419,0,1,0.0,0.0,2,3,2,3,WP2->WP3,1,0.8245009525963242,-0.8245009526000351,8.788241616444644,0.8449772255981214,utm,1,0.3201522289879341,-1.171519356989281,0,0.0
49.6,35.604,49.900074577339055,8.900147555750605,0.28781001532254974,10.600329520000914,8.29502384031928,492829.0465897863,5527525.4133822825,10.606017225247342,8.279918922111392,0,1,0.0,0.0,2,3,2,3,WP2->WP3,1,0.8197447956237587,-0.8197447956368195,8.81269755169386,0.8473286298059464,utm,1,0.4036101599508335,-1.1478253344306368,0,0.0
49.65,35.653999999999996,49.90007479928718,8.900147581016837,0.28779875101714864,10.602144756166156,8.31971049470381,492829.0484371891,5527525.438056638,10.607859156269114,8.304593686014414,0,1,0.0,0.0,2,3,2,3,WP2->WP3,1,0.8150433966367696,-0.8150433965199719,8.836990216977199,0.8496643358333146,utm,1,0.21280084362138982,-0.8078566518745414,0,0.0
49.7,35.704,49.9000750147781,8.900147609260667,0.28780329352116074,10.604173915987873,8.343678932486412,492829.0504974724,5527525.462012778,10.609914127097,8.32855028193444,0,1,0.0,0.0,2,3,2,3,WP2->WP3,1,0.8107361279900248,-0.8107361280054007,8.860645846931034,0.8519387917985175,utm,1,-0.3044507710812,-1.0356073491988116,0,0.0
49.75,35.754,49.90007522415768,8.900147640064382,0.28780940225184015,10.606386989082301,8.366967623378244,492829.0527406893,5527525.485289198,10.612152182206046,8.351827199570835,0,1,0.0,0.0,2,3,2,3,WP2->WP3,1,0.80678397940997,-0.8067839793678846,8.883693716370301,0.8541548124343519,utm,1,0.05093288173062405,-0.7457512881894591,0,0.0
49.8,35.803999999999995,49.900075429118495,8.90014767219644,0.2878160017678828,10.608695496044497,8.389764827838421,492829.05507864687,5527525.508074203,10.614485086989589,8.37461272161454,0,1,0.0,0.0,2,3,2,3,WP2->WP3,1,0.8030523750618209,-0.8030523751719114,8.906292335650084,0.8563276382913071,utm,1,-0.31451007464100444,-0.9109734516238754,0,0.0
49.85,35.854,49.9000756316435,8.900147704221883,0.2878197509813947,10.61099634343666,8.412291104270675,492829.0574085868,5527525.530588398,10.616810034145601,8.397127433679998,0,1,0.0,0.0,2,3,2,3,WP2->WP3,1,0.7993841976828135,-0.7993841977593911,8.92862755624805,0.8584751387308348,utm,1,-0.3637876669369956,-0.9138503544805318,0,0.0
49.9,35.903999999999996,49.90007583177787,8.900147736223836,0.2878212332838519,10.613295503165888,8.434551476831166,492829.0597364855,5527525.552836797,10.61913299903972,8.419376348145306,0,1,0.0,0.0,2,3,2,3,WP2->WP3,1,0.7957838962478196,-0.7957838961232772,8.950705785757345,0.8605979298341169,utm,1,-0.59606549194563,-1.2832064993084158,0,0.0
49.95,35.954,49.90007602891939,8.900147769150879,0.2878239716745571,10.615661125343426,8.456478963846335,492829.0621303763,5527525.574752355,10.621522029861808,8.441292435862124,0,1,0.0,0.0,2,3,2,3,WP2->WP3,1,0.7923347308613369,-0.7923347308580982,8.972480212170684,0.8626915106916693,utm,1,-0.7887465875237689,-1.196518470523496,0,0.0
50.0,36.004,49.90007622283312,8.90014780364265,0.28782730950123053,10.61813916445419,8.478047432770358,492829.06463616044,5527525.59630889,10.624023033655249,8.462849526666105,0,1,0.0,0.0,2,3,2,3,WP2->WP3,1,0.7890878700318353,-0.7890878699286202,8.993937636086743,0.8647546121993871,utm,1,-0.5775400789084414,-0.6625880685154742,0,0.0
50.05,36.053999999999995,49.90007641381822,8.900147839685781,0.28783008376014074,10.620728660020925,8.499290157936455,492829.06725292205,5527525.617539661,10.626635087130126,8.484080877155066,0,1,0.0,0.0,2,3,2,3,WP2->WP3,1,0.7860336897456691,-0.7860336897895771,9.015109907362463,0.8667902966767792,utm,1,-0.0009949065843867233,-0.7438276971175157,0,0.0
50.1,36.104,49.90007660209372,8.900147877067218,0.2878333116018661,10.623414305282816,8.520231503070507,492829.0699653933,5527525.638469046,10.629342917003669,8.505010863766074,0,1,0.0,0.0,2,3,2,3,WP2->WP3,1,0.7831510533696311,-0.78315105336109,9.036016534611427,0.8688004398499468,utm,1,-0.3475283082615161,0.562185380495463,0,0.0
50.15,36.153999999999996,49.900076788064126,8.900147913284881,0.28783551384036526,10.626016340016712,8.540916458461501,492829.0725939458,5527525.659142256,10.631966885004658,8.525684654712677,0,1,0.0,0.0,2,3,2,3,WP2->WP3,1,0.7802547647098281,-0.7802547645984559,9.056653937624146,0.8707846974867199,utm,1,-0.210000783687301,0.13093939664662763,0,0.0
50.2,36.204,49.90007697194571,8.90014794774417,0.287837620512753,10.628492045445952,8.561369080060647,492829.0750959102,5527525.679583392,10.634464316361118,8.546126346103847,0,1,0.0,0.0,2,3,2,3,WP2->WP3,1,0.7772973203415994,-0.7772973203057635,9.077034158507612,0.8727442274189608,utm,1,-0.5210300999932309,-0.12697790317931057,0,0.0
50.25,36.254,49.900077153957575,8.90014797991015,0.28783867246097594,10.630802989590476,8.581613738669107,492829.07743290236,5527525.699816868,10.636796821607277,8.566360339522362,0,1,0.0,0.0,2,3,2,3,WP2->WP3,1,0.7742352702471751,-0.7742352701955737,9.097170665567505,0.8746803246055547,utm,1,-0.8924481791537651,-0.2976268926589861,0,0.0
50.3,36.303999999999995,49.90007733409254,8.900148010153242,0.2878397879261088,10.63297578504684,8.601649635487794,492829.0796315232,5527525.719841851,10.638991001644172,8.58638580981642,0,1,0.0,0.0,2,3,2,3,WP2->WP3,1,0.7710944987465813,-0.771094498804268,9.117069646476438,0.8765935839826292,utm,1,-1.014306788135152,-0.4582769071840662,0,0.0
50.35,36.354,49.900077512279765,8.900148038002774,0.28784016018473463,10.63497661678764,8.621468890070103,492829.0816579607,5527525.739650508,10.641013046435546,8.606194916181266,0,1,0.0,0.0,2,3,2,3,WP2->WP3,1,0.7678444409752057,-0.7678444409401906,9.13671465815063,0.8784824245705167,utm,1,-1.1086091744873194,-0.8114163074829992,0,0.0
50.4,36.403999999999996,49.90007768822934,8.900148063604208,0.2878399907246891,10.636815935331246,8.641039256828494,492829.08352261817,5527525.759210591,10.642873366246931,8.625755411572754,0,1,0.0,0.0,2,3,2,3,WP2->WP3,1,0.7645036084622095,-0.7645036084646721,9.156077318750743,0.8803441174947834,utm,1,-0.9541118547187053,-0.655735520286006,0,0.0
50.45,36.454,49.900077862020254,8.900148087465473,0.2878398851080459,10.638530232560024,8.660369523260433,492829.0852619847,5527525.778530834,10.644608448375948,8.645076040178537,0,1,0.0,0.0,2,3,2,3,WP2->WP3,1,0.7611049129957875,-0.7611049128984299,9.17517564473869,0.8821803950132198,utm,1,-0.7088717311460894,-0.816779225283583,0,0.0
50.5,36.504,49.900078033678625,8.90014810894623,0.2878385258654061,10.640073503706299,8.679462591645688,492829.08683007787,5527525.797614205,10.646172309585381,8.664159757085145,0,1,0.0,0.0,2,3,2,3,WP2->WP3,1,0.7576032080917855,-0.7576032079848203,9.194000415831566,0.8839903706084302,utm,1,-0.59374096100953,-0.8123277050424913,0,0.0
50.55,36.553999999999995,49.900078203196635,8.900148128485634,0.28783733346441526,10.641477299669514,8.698317594554954,492829.0882584345,5527525.816459791,10.647596487076953,8.683005659841001,0,1,0.0,0.0,2,3,2,3,WP2->WP3,1,0.7540291618814947,-0.754029161903401,9.212559039512952,0.885774756499673,utm,1,0.00792410139101718,-1.000001323200354,0,0.0
50.6,36.604,49.90007837058478,8.900148145729169,0.2878350940088574,10.642716150318218,8.716935698701866,492829.0895215965,5527525.835068793,10.648855522333179,8.701614941470325,0,1,0.0,0.0,2,3,2,3,WP2->WP3,1,0.750357895657227,-0.7503578957772626,9.230845984237876,0.8875330208365818,utm,1,0.05005183236146357,-0.8956306222068086,0,0.0
50.65,36.653999999999996,49.90007853533277,8.90014816218438,0.28783251861403475,10.643898364331138,8.7352601454846,492829.09072775336,5527525.85338433,10.65005761757493,8.719930745661259,0,1,0.0,0.0,2,3,2,3,WP2->WP3,1,0.7467087439824496,-0.7467087440988716,9.248834797383108,0.8892626202361725,utm,1,-0.017423369312569326,-0.5596259551211158,0,0.0
50.7,36.704,49.90007869776124,8.900148178958123,0.28782982030392457,10.645103463124945,8.75332659926588,492829.09195644193,5527525.871441946,10.651282301696483,8.737988634966314,0,1,0.0,0.0,2,3,2,3,WP2->WP3,1,0.7431491081243612,-0.7431491081135977,9.266580675166773,0.890968861738157,utm,1,0.05361996249874171,-0.5983585895162888,0,0.0
50.75,36.754,49.90007885801457,8.900148193979044,0.287826125053697,10.646182631558014,8.77115111810067,492829.0930589284,5527525.889257893,10.65238083730219,8.755804824642837,0,1,0.0,0.0,2,3,2,3,WP2->WP3,1,0.7395312106317837,-0.7395312107175607,9.284060213150003,0.892649495038244,utm,1,-0.09223907646547107,-0.9737046796626427,0,0.0
50.8,36.803999999999995,49.900079015880564,8.900148207045717,0.28782214349922913,10.647121398278008,8.788710100978246,492829.09402071574,5527525.906808597,10.653338732663542,8.773355741985142,0,1,0.0,0.0,2,3,2,3,WP2->WP3,1,0.7358472587072135,-0.7358472588081557,9.301246857574814,0.8943019670294833,utm,1,-0.11114635695737701,-0.8762472046823192,0,0.0
50.85,36.854,49.9000791711692,8.900148218088912,0.2878170561113108,10.647914789503343,8.805982411207829,492829.0948368039,5527525.924072938,10.654150992340874,8.790620263665915,0,1,0.0,0.0,2,3,2,3,WP2->WP3,1,0.7320979779050082,-0.7320979780218946,9.318118916245757,0.8959241920374104,utm,1,-0.29613393286747747,-0.40939415241199306,0,0.0
50.9,36.903999999999996,49.90007932360727,8.900148227170805,0.28781160910844666,10.648567272231757,8.822937661170347,492829.09551161784,5527525.941020532,10.654822047974449,8.80756800621748,0,1,0.0,0.0,2,3,2,3,WP2->WP3,1,0.7282956221367148,-0.7282956221472282,9.334648235361641,0.8975134631131431,utm,1,-0.36048982219143844,-0.7916531475688255,0,0.0
50.95,36.954,49.90007947286344,8.900148234387654,0.28780540710493546,10.649085762129229,8.839538997148543,492829.0960520211,5527525.957614532,10.65535877138609,8.824162125587463,0,1,0.0,0.0,2,3,2,3,WP2->WP3,1,0.7244564959085823,-0.7244564958249715,9.350801067499646,0.8990665354888483,utm,1,-0.4693660066682166,-1.317459552447802,0,0.0
51.0,37.004,49.900079618495326,8.900148239764532,0.28779875465893423,10.649472060441573,8.855737214816799,492829.0964597488,5527525.973805753,10.655762908572797,8.840353436768055,0,1,0.0,0.0,2,3,2,3,WP2->WP3,1,0.7205951983667925,-0.7205951982268709,9.366530411259697,0.9005788900451883,utm,1,-0.3614845174655056,-0.9709036572897705,0,0.0
51.05,37.053999999999995,49.90007976029403,8.900148242802768,0.2877913505576674,10.649690340575818,8.871509078248833,492829.09669895767,5527525.989571013,10.65599862136878,8.856118748895824,0,1,0.0,0.0,2,3,2,3,WP2->WP3,1,0.7166832371646172,-0.7166832372743447,9.381804480934322,0.9020474706305363,utm,1,0.04810596370476611,-0.8867762481603356,0,0.0
51.1,37.104,49.90007989794796,8.900148243495106,0.2877889992979253,10.649740081199294,8.886819931309285,492829.0967690805,5527526.004875671,10.656065350282006,8.871423423290253,0,1,0.0,0.0,2,3,2,3,WP2->WP3,1,0.7127291684152359,-0.7127291684964623,9.396589704335016,0.903469049325595,utm,1,0.04810596370476611,-0.8867762481603356,0,0.0
51.15,37.153999999999996,49.90008003184621,8.900148242309093,0.2877920182052902,10.649654872853692,8.901713049946853,492829.0967037519,5527526.019762943,10.655996720306575,8.886310679838061,0,1,0.0,0.0,2,3,2,3,WP2->WP3,1,0.7087540887321465,-0.7087540886822506,9.410936615483184,0.9048484849063371,utm,1,0.01910295410754726,-0.9343578310136104,0,0.0
51.2,37.204,49.90008016298792,8.900148240821059,0.28779831368711745,10.649547965966388,8.91629956628838,492829.0966163249,5527526.034343762,10.655906059895642,8.900891479104757,0,1,0.0,0.0,2,3,2,3,WP2->WP3,1,0.7048382158770984,-0.7048382158781422,9.424982037812503,0.906198932755879,utm,1,0.18115731199809004,-0.4442434263024598,0,0.0
51.25,37.254,49.900080292001675,8.900148239284409,0.2878135711403875,10.649437566341692,8.930649396833473,492829.0965250912,5527526.048687997,10.655811645265203,8.915235694497824,0,1,0.0,0.0,2,3,2,3,WP2->WP3,1,0.7009808393713272,-0.7009808394101154,9.438798189472664,0.9075273365490109,utm,1,-0.3440493100435579,-1.0107323689354553,0,0.0
51.3,37.303999999999995,49.90008041942622,8.900148237782545,0.2878285645429248,10.649329665923236,8.944822464249073,492829.0964361203,5527526.062855535,10.65571953257313,8.929403210990131,0,1,0.0,0.0,2,3,2,3,WP2->WP3,1,0.6971720783704691,-0.6971720782752446,9.452444448482115,0.908839405399738,utm,1,0.15255970895109106,-1.4115615929314718,0,0.0
51.35,37.354,49.900080544489725,8.90014823631335,0.28783974724963246,10.64922411258653,8.958732919920587,492829.0963491454,5527526.076760564,10.655629474204034,8.943308221176267,0,1,0.0,0.0,2,3,2,3,WP2->WP3,1,0.6934342246806072,-0.6934342246592591,9.465837948444914,0.9101271718191816,utm,1,0.41593128927905226,-1.2587411840671447,0,0.0
51.4,37.403999999999996,49.90008066739566,8.900148234951878,0.2878396533615678,10.649126298455496,8.97240339554541,492829.096269587,5527526.090425698,10.65554688544944,8.956973337568343,0,1,0.0,0.0,2,3,2,3,WP2->WP3,1,0.6897665659134689,-0.6897665659230423,9.47900193334903,0.911392870684502,utm,1,0.7173405634532521,-0.9405883430164229,0,0.0
51.45,37.454,49.900080788840945,8.90014823349383,0.2878711140280545,10.649021545941908,8.985911406473619,492829.0961828764,5527526.103928442,10.65545718051726,8.970476061105728,0,1,0.0,0.0,2,3,2,3,WP2->WP3,1,0.6861346787734414,-0.6861346788653635,9.492007355732618,0.9126433239836981,utm,1,0.7011869824598107,0.03612894487650764,0,0.0
51.5,37.504,49.900080907953594,8.900148232165332,0.28788572870134777,10.648926100843473,8.99915996477016,492829.0961051237,5527526.117171826,10.655376491020434,8.98371942806989,0,1,0.0,0.0,2,3,2,3,WP2->WP3,1,0.6825795889749939,-0.6825795890942806,9.504764886636604,0.9138699428614222,utm,1,0.7011869824598107,0.03612894487650764,0,0.0
51.55,37.553999999999995,49.90008102389108,8.900148230948291,0.28788427409425754,10.648838663338124,9.012055359769562,492829.09603490494,5527526.130062176,10.65530341368867,8.996609762310982,0,1,0.0,0.0,2,3,2,3,WP2->WP3,1,0.6791245379426527,-0.6791245379569454,9.517183770536981,0.9150640013000899,utm,1,0.9272005232883571,-0.5460059521785635,0,0.0
51.6,37.604,49.90008113752248,8.900148229776645,0.28788596625231566,10.6487544871929,9.024694254651543,492829.0959676043,5527526.142696124,10.655233311408665,9.009243694134057,0,1,0.0,0.0,2,3,2,3,WP2->WP3,1,0.6757396793418227,-0.6757396792996325,9.529356029760647,0.9162343471186241,utm,1,1.0237729246050138,-0.33034566890662165,0,0.0
51.65,37.653999999999996,49.900081248281765,8.90014822861316,0.28788482980664354,10.648670897339539,9.037013692869198,492829.0959004641,5527526.155010742,10.655163440329488,9.021558297798038,0,1,0.0,0.0,2,3,2,3,WP2->WP3,1,0.6724388881122169,-0.6724388880775845,9.541220224445537,0.9173750729596201,utm,1,1.1270067489180806,-0.18224410427761312,0,0.0
51.7,37.704,49.90008135711736,8.90014822748849,0.2878860887964474,10.648590096137328,9.049119164013758,492829.0958358262,5527526.167111476,10.655096119036898,9.033659017644823,0,1,0.0,0.0,2,3,2,3,WP2->WP3,1,0.6691967153370172,-0.6691967154067942,9.552878708623775,0.9184960200211087,utm,1,1.279837460595718,-0.14253357319489585,0,0.0
51.75,37.754,49.90008146383821,8.900148226385994,0.28788763148528607,10.648510888030733,9.060989418897492,492829.0957724675,5527526.178977085,10.65503012901172,9.045524611137807,0,1,0.0,0.0,2,3,2,3,WP2->WP3,1,0.6660175625178327,-0.6660175625473106,9.564310667602191,0.9195951869992514,utm,1,0.8812391206282841,0.08070931919652063,0,0.0
51.8,37.803999999999995,49.900081568360854,8.90014822525538,0.2878870919798438,10.648429659807936,9.07261517333829,492829.09570676356,5527526.190598295,10.654961847991217,9.057145806960762,0,1,0.0,0.0,2,3,2,3,WP2->WP3,1,0.6629003695808018,-0.6629003696785091,9.575506199866172,0.9206716218771696,utm,1,0.9834417952431157,0.40159816867299497,0,0.0
51.85,37.854,49.90008167249131,8.900148223245585,0.2878879078230369,10.64828526737949,9.084197305849207,492829.09557786264,5527526.202175984,10.654830379644409,9.068723467178643,0,1,0.0,0.0,2,3,2,3,WP2->WP3,1,0.6597336371265652,-0.6597336370777341,9.58664313412664,0.9217424226384355,utm,1,0.9057535483346473,0.40700915770833407,0,0.0
51.9,37.903999999999996,49.900081778190525,8.900148217411923,0.2878963636369984,10.647866151654776,9.095953926787175,492829.09517458145,5527526.213928458,10.654424492269754,9.080475850962102,0,1,0.0,0.0,2,3,2,3,WP2->WP3,1,0.6562562373714832,-0.6562562372877192,9.59787660974182,0.9228225057168727,utm,1,0.727139331864486,0.49053948880422676,0,0.0
51.95,37.954,49.90008188744461,8.90014820710879,0.2879103444871755,10.64712592972446,9.108105945489797,492829.09445085004,5527526.2260766,10.653698066947982,9.092623832635581,0,1,0.0,0.0,2,3,2,3,WP2->WP3,1,0.6523656764009335,-0.6523656762986593,9.609407640616059,0.9239311983201994,utm,1,1.0837725009210901,0.7898259319276766,0,0.0
52.0,38.004,49.90008200309096,8.900148193711017,0.2879143317085015,10.64616337530349,9.120968957641232,492829.0935058228,5527526.238935747,10.652750188135542,9.105482770130038,0,1,0.0,0.0,2,3,2,3,WP2->WP3,1,0.6480747601108381,-0.6480747601467828,9.621566537674228,0.9251002593850797,utm,1,1.572812727943695,0.8308933494735125,0,0.0
52.05,38.053999999999995,49.9000821292085,8.900148174864569,0.2879066619469731,10.644809364375934,9.134996650698497,492829.0921710485,5527526.2529596295,10.651412303966936,9.119506355375051,0,1,0.0,0.0,2,3,2,3,WP2->WP3,1,0.6431017273598988,-0.6431017272641214,9.634746820000515,0.9263675252249066,utm,1,0.9691805769643149,0.3340429794805047,0,0.0
52.1,38.104,49.90008226289,8.90014815322424,0.28790995397839775,10.643254628888364,9.149865661027786,492829.0906367514,5527526.26782476,10.649874710419681,9.134371145628393,0,1,0.0,0.0,2,3,2,3,WP2->WP3,1,0.6377151220718852,-0.6377151221141182,9.64868635543371,0.9277077921964504,utm,1,0.14282862801350749,0.6676003392235057,0,0.0
52.15,38.153999999999996,49.90008240297751,8.900148131088214,0.287908721700735,10.64166428031811,9.165447193773842,492829.08906780486,5527526.283402176,10.648302309564315,9.149948213249445,0,1,0.0,0.0,2,3,2,3,WP2->WP3,1,0.6321079122856698,-0.6321079122711266,9.66330403918314,0.9291132621867328,utm,1,0.013110647811601664,0.5878483479330479,0,0.0
52.2,38.204,49.90008255057782,8.900148112782633,0.2879077642990587,10.640349127625477,9.181864353144402,492829.08777505724,5527526.299814517,10.647005922393873,9.166360266506672,0,1,0.0,0.0,2,3,2,3,WP2->WP3,1,0.626547794770994,-0.6265477947566597,9.678799884688088,0.9306031662101459,utm,1,0.26913683722333276,0.32977103620186843,0,0.0
52.25,38.254,49.90008270616582,8.900148103733066,0.28790444140411753,10.639698967347918,9.199169961055627,492829.08714821865,5527526.317114064,10.64637524751015,9.183659674599767,0,1,0.0,0.0,2,3,2,3,WP2->WP3,1,0.6213970457027234,-0.6213970456299117,9.69532674257517,0.9321922006421478,utm,1,0.21400568976253606,-0.02241038375593596,0,0.0
52.3,38.303999999999995,49.900082864869226,8.900148096875546,0.2878956300376131,10.639206293180141,9.216822086453707,492829.08667926455,5527526.33475978,10.64590238040546,9.201305286027491,0,1,0.0,0.0,2,3,2,3,WP2->WP3,1,0.6163076664380275,-0.6163076665570254,9.712229093160031,0.9338173381755263,utm,1,0.5245625036777504,0.2492427124994555,0,0.0
52.35,38.354,49.90008302274588,8.90014808988672,0.28789857035937383,10.638704185507452,9.234382254440643,492829.08620075806,5527526.35231359,10.645419981214218,9.21885898988694,0,1,0.0,0.0,2,3,2,3,WP2->WP3,1,0.611233221849934,-0.6112332218297878,9.729040256883993,0.9354337082188768,utm,1,0.3669306175306227,0.2122519477024593,0,0.0
52.4,38.403999999999996,49.900083181159125,8.900148082887885,0.28789939656263475,10.638201358689221,9.25200210595006,492829.08572161244,5527526.369927059,10.64493692968972,9.23647235147655,0,1,0.0,0.0,2,3,2,3,WP2->WP3,1,0.6061424834665433,-0.6061424834610224,9.74590881469833,0.9370555966243036,utm,1,-0.14204489056071753,0.12783734736121122,0,0.0
52.45,38.454,49.900083339748235,8.90014807586456,0.28790197477383916,10.637696772484931,9.269641518485452,492829.08524073416,5527526.387560084,10.644452141190413,9.254105270840228,0,1,0.0,0.0,2,3,2,3,WP2->WP3,1,0.6010449341291877,-0.6010449342095175,9.762795786749304,0.9386792555330079,utm,1,-0.14204489056071753,0.12783734736121122,0,0.0
52.5,38.504,49.90008349925238,8.90014806882462,0.2879015732677861,10.637190992511801,9.287382708212776,492829.0847587982,5527526.405294847,10.643966272415128,9.271839925087988,0,1,0.0,0.0,2,3,2,3,WP2->WP3,1,0.5959196303632821,-0.5959196302611678,9.779780642206171,0.9403123257952402,utm,1,-0.2474801097031064,-0.4860435407615124,0,0.0
52.55,38.553999999999995,49.90008365836367,8.900148061776255,0.28790326199367394,10.636684607231256,9.305080201012254,492829.084276199,5527526.422985932,10.643479750084225,9.289530903100967,0,1,0.0,0.0,2,3,2,3,WP2->WP3,1,0.5908051638557895,-0.5908051638000436,9.796723181193812,0.941941327387729,utm,1,-1.2595671272825268,-0.4824945914591558,0,0.0
52.6,38.604,49.90008381818768,8.900148054721706,0.2879032288532664,10.636177777701262,9.322856968076362,492829.08379326126,5527526.440756259,10.64299287169706,9.307301121763885,0,1,0.0,0.0,2,3,2,3,WP2->WP3,1,0.5856695476773254,-0.5856695477580525,9.813742087962854,0.9435776716363338,utm,1,-1.5069229324228286,-0.8298739392283982,0,0.0
52.65,38.653999999999996,49.90008397782711,8.900148047667184,0.2879038784373617,10.635670950085585,9.340613204093641,492829.0833102982,5527526.458506064,10.642505972471554,9.325050819665194,0,1,0.0,0.0,2,3,2,3,WP2->WP3,1,0.5805392999770672,-0.5805392999345526,9.830741187592983,0.9452121114560417,utm,1,-1.0426688597632168,-0.9087628150376365,0,0.0
52.7,38.704,49.90008413805771,8.900148040469533,0.2878819475217465,10.635153839518196,9.358435194930967,492829.0828171439,5527526.476321611,10.642008867464028,9.342866257764399,0,1,0.0,0.0,2,3,2,3,WP2->WP3,1,0.5753819433951917,-0.5753819434162906,9.847801040820121,0.9468523926497227,utm,1,-0.8356132804288946,-0.8233079502238326,0,0.0
52.75,38.754,49.900084298122394,8.900148033373283,0.2878801268541987,10.63464401395258,9.376238731316077,492829.0823312471,5527526.4941187,10.641519024036825,9.360663237981498,0,1,0.0,0.0,2,3,2,3,WP2->WP3,1,0.5702364397612396,-0.5702364397295149,9.864844991970893,0.9484911448808471,utm,1,-1.0689940207432698,-1.0246868076908455,0,0.0
52.8,38.803999999999995,49.9000844582916,8.900148026094227,0.2878513207767675,10.634121054887807,9.394053893800901,492829.08183223754,5527526.51192743,10.641016065259464,9.378471856936812,0,1,0.0,0.0,2,3,2,3,WP2->WP3,1,0.5650752252378255,-0.5650752251917136,9.881896728876887,0.9501306457015226,utm,1,-0.7868033743773317,-1.0934375352592012,0,0.0
52.85,38.854,49.90008461861971,8.900148018914644,0.2878431281373412,10.633605242355788,9.411886729627058,492829.0813403952,5527526.529753814,10.640520269807894,9.396298131905496,0,1,0.0,0.0,2,3,2,3,WP2->WP3,1,0.5599162866566595,-0.5599162866302271,9.898967383789596,0.9517719654622689,utm,1,-0.9650740331089205,-0.97724552973493,0,0.0
52.9,38.903999999999996,49.90008477880483,8.900148011731574,0.287828115805478,10.633089179303326,9.42970366234688,492829.0808482813,5527526.5475643035,10.640024206310045,9.414108511991799,0,1,0.0,0.0,2,3,2,3,WP2->WP3,1,0.5547612631944159,-0.5547612630864927,9.916022630156167,0.9534118037127047,utm,1,-0.8461429875213488,-0.9868134948076251,0,0.0
52.95,38.954,49.90008493892979,8.90014800453002,0.2878078093506784,10.632571788352129,9.44751390255957,492829.08035483107,5527526.565368106,10.639526807994116,9.43191220331937,0,1,0.0,0.0,2,3,2,3,WP2->WP3,1,0.5496067073284844,-0.5496067074000686,9.933071073485543,0.9550509878605629,utm,1,-1.1251552975108,-0.883541552064243,0,0.0
53.0,39.004,49.90008509916712,8.90014799731731,0.2877902649073448,10.632053595812087,9.465336642669024,492829.07986059616,5527526.583184402,10.639028622186743,9.449728391133249,0,1,0.0,0.0,2,3,2,3,WP2->WP3,1,0.5444481113180755,-0.5444481112813763,9.950131366130412,0.9566913113036483,utm,1,-1.0654361368733762,-1.1023994740921823,0,0.0
53.05,39.053999999999995,49.90008525920392,8.900147990072295,0.2877730419059898,10.631533082352643,9.483137077251484,492829.07936401165,5527526.600978406,10.63852809171658,9.46752228308469,0,1,0.0,0.0,2,3,2,3,WP2->WP3,1,0.5392931062650684,-0.539293106253638,9.96716953174121,0.9583295072631397,utm,1,-0.6744161167789534,-1.3059767086974363,0,0.0
53.1,39.104,49.90008541878673,8.90014798283297,0.2877538264499608,10.631012977663948,9.500887016269768,492829.0788677685,5527526.618721935,10.638027913868427,9.485265702009201,0,1,0.0,0.0,2,3,2,3,WP2->WP3,1,0.5341516942966094,-0.5341516943056307,9.98415908604461,0.9599630293129401,utm,1,-0.24098024905935872,-1.2731503413033647,0,0.0
53.15,39.153999999999996,49.90008557743034,8.900147975408816,0.28773552935905483,10.630479594115538,9.518532490197337,492829.07835811254,5527526.636361057,10.637514346279204,9.502904710359871,0,1,0.0,0.0,2,3,2,3,WP2->WP3,1,0.5290247767113608,-0.529024776705447,10.001044378137998,0.9615865266960555,utm,1,-0.0753061113307707,-1.3589942791220604,0,0.0
53.2,39.204,49.90008573357527,8.900147965933296,0.2877225205136002,10.629798831547024,9.535900043597987,492829.0777007665,5527526.653722566,10.636853150266688,9.520266072824597,0,1,0.0,0.0,2,3,2,3,WP2->WP3,1,0.5238283099589734,-0.5238283100701573,10.017623003595329,0.9631805385080378,utm,1,0.023088756258375906,-1.1182935013135824,0,0.0
53.25,39.254,49.90008588679315,8.900147955097374,0.2877087699901981,10.629020331675449,9.552942030122706,492829.07694528863,5527526.670758768,10.636093894485384,9.537302107550204,0,1,0.0,0.0,2,3,2,3,WP2->WP3,1,0.5186226437007143,-0.5186226436544809,10.033861968308592,0.9647418924112262,utm,1,-0.07874486812011415,-0.883608237111721,0,0.0
53.3,39.303999999999995,49.90008603768561,8.90014794416067,0.2877018622335545,10.628234591214284,9.56972536635248,492829.07618222845,5527526.687536435,10.635327113734093,9.554079605266452,0,1,0.0,0.0,2,3,2,3,WP2->WP3,1,0.5134775986931455,-0.5134775987473984,10.049849491286807,0.9662790705408124,utm,1,-0.2534519368051484,-0.794765225382332,0,0.0
53.35,39.354,49.90008618632525,8.900147933303936,0.2876970013244147,10.627454596132564,9.586258127304111,492829.07542457746,5527526.704063619,10.634565797750838,9.570606620050967,0,1,0.0,0.0,2,3,2,3,WP2->WP3,1,0.5084035946030088,-0.5084035945646682,10.065596754737927,0.9677931480505604,utm,1,0.140756269484717,-1.3125599937162677,0,0.0
53.4,39.403999999999996,49.90008633254009,8.900147922572184,0.2876925424088709,10.626683580351852,9.602521185666271,492829.07467554265,5527526.720321194,10.633813157735858,9.586864029057324,0,1,0.0,0.0,2,3,2,3,WP2->WP3,1,0.5034087506558926,-0.5034087507171418,10.081086149695386,0.9692824318627916,utm,1,0.2755095475576904,-1.3984880577008287,0,0.0
53.45,39.454,49.90008647572578,8.900147912035264,0.28768622920394255,10.625926562065912,9.61844731920589,492829.07394005085,5527526.736241963,10.633074135403149,9.602784634567797,0,1,0.0,0.0,2,3,2,3,WP2->WP3,1,0.49851547947536956,-0.4985154794412177,10.09625413287672,0.970740812379151,utm,1,0.3933287890847257,-1.0148788840226022,0,0.0
53.5,39.504,49.90008661523901,8.900147901434794,0.2876824927976572,10.625164978131037,9.633964977033731,492829.07319945097,5527526.751754424,10.632330095570069,9.61829693056643,0,1,0.0,0.0,2,3,2,3,WP2->WP3,1,0.49372457375394385,-0.4937245738686655,10.111026815550138,0.9721611853007,utm,1,0.2524225863820735,-0.6561831407144014,0,0.0
53.55,39.553999999999995,49.90008674951,8.900147892909871,0.28767354651835325,10.62455251052385,9.648899554688155,492829.07260713045,5527526.76668384,10.63173446431756,9.633226215839386,0,1,0.0,0.0,2,3,2,3,WP2->WP3,1,0.4892299477751227,-0.4892299477645344,10.125275908836384,0.9735312158298756,utm,1,0.12754056880873543,-0.6458241296646525,0,0.0
53.6,39.604,49.90008687786094,8.900147889291663,0.2876654817252224,10.624292562701278,9.663175662233124,492829.0723663105,5527526.780954581,10.631490479747299,9.647496901452541,0,1,0.0,0.0,2,3,2,3,WP2->WP3,1,0.485247554725034,-0.4852475547752899,10.138981841000435,0.9748490221715383,utm,1,-0.26120556136641343,-0.5259427856536341,0,0.0
53.65,39.653999999999996,49.9000869982088,8.90014788992798,0.28766439663690047,10.624338278534523,9.676561609727253,492829.07242984517,5527526.79433511,10.631551047204994,9.660877444781363,0,1,0.0,0.0,2,3,2,3,WP2->WP3,1,0.48179274820384366,-0.48179274813565626,10.15190882493565,0.976091933722865,utm,1,0.00788359639880265,-0.6578589509819096,0,0.0
53.7,39.704,49.90008710799406,8.900147892767663,0.28771389890080085,10.624542293679928,9.688772709846049,492829.07265005,5527526.806541051,10.631768545252271,9.673083434812725,0,1,0.0,0.0,2,3,2,3,WP2->WP3,1,0.47879776165587856,-0.47879776173995536,10.163743669012474,0.9772298375436599,utm,1,0.025027655686652578,0.0490875497441563,0,0.0
53.75,39.754,49.9000871890608,8.900147894382393,0.2876859367074134,10.624658302895092,9.697789530577964,492829.0727780279,5527526.815554108,10.631894524442032,9.682096519507468,0,1,0.0,0.0,2,3,2,3,WP2->WP3,1,0.4765528092214275,-0.4765528092201184,10.172473603640112,0.9780692086332659,utm,1,0.011359230727654842,-0.1963524227695848,0,0.0
53.8,39.803999999999995,49.900087255657446,8.900147896002029,0.28768166992769867,10.62477466460005,9.705196885064026,492829.07290421333,5527526.822958343,10.632019067939837,9.689500781707466,0,1,0.0,0.0,2,3,2,3,WP2->WP3,1,0.47472889007726626,-0.47472889006803876,10.179650785570365,0.978759284707607,utm,1,0.048744291987819155,-0.13960207233523145,0,0.0
53.85,39.854,49.900087315320846,8.900147896743968,0.28768634647999314,10.624827968790692,9.711833074384494,492829.072966339,5527526.829591804,10.632079722592607,9.696134257130325,0,1,0.0,0.0,2,3,2,3,WP2->WP3,1,0.47304570492184633,-0.4730457048323656,10.186067448091555,0.9793762378970379,utm,1,-0.009547907072890757,0.6321108252518929,0,0.0
53.9,39.903999999999996,49.90008736784932,8.900147894707866,0.2876985076235095,10.624681686292066,9.717675666364862,492829.0728279008,5527526.835432254,10.63193998922361,9.701974675990641,0,1,0.0,0.0,2,3,2,3,WP2->WP3,1,0.47137739029746595,-0.47137739033317166,10.191666264334648,0.979914556302721,utm,1,0.505449353233892,0.7961636149161484,0,0.0
53.95,39.954,49.90008741306836,8.900147891620971,0.2877243467952442,10.624459910357523,9.722705250682615,492829.0726129162,5527526.84046012,10.631723889615387,9.707002494484186,0,1,0.0,0.0,2,3,2,3,WP2->WP3,1,0.46984874854096936,-0.46984874858332565,10.196460939424755,0.9803755576534009,utm,1,0.3736859653017056,0.5965597904354777,0,0.0
54.0,40.004,49.90008745173699,8.900147889033653,0.2877534612472818,10.624274026102778,9.727006250991,492829.07243283786,5527526.844759647,10.631542857852764,9.711301981471479,0,1,0.0,0.0,2,3,2,3,WP2->WP3,1,0.468545177788273,-0.4685451778550026,10.200562044675232,0.9807698732272866,utm,1,0.33891151944715847,0.5277155448453427,0,0.0
54.05,40.053999999999995,49.900087484074255,8.900147886794242,0.2877854771290149,10.624113137100943,9.730603033138479,492829.07227680634,5527526.848355204,10.631386029010173,9.714897504076362,0,1,0.0,0.0,2,3,2,3,WP2->WP3,1,0.46744979662063396,-0.4674497966460813,10.203990239016237,0.9810994893518197,utm,1,-0.17373643025609592,0.6183601067789837,0,0.0
54.1,40.104,49.90008751233849,8.900147884755356,0.28780881268259495,10.623966654619872,9.733746782292314,492829.0721345719,5527526.8514978895,10.631243097654078,9.718040158040822,0,1,0.0,0.0,2,3,2,3,WP2->WP3,1,0.4664867322543893,-0.4664867322752954,10.206985103056198,0.9813874413697518,utm,1,-0.15978063347687604,-0.08345602181246381,0,0.0
54.15,40.153999999999996,49.90008753916985,8.90014788282626,0.2878280154404788,10.623828060023188,9.736731158646796,492829.0720000099,5527526.854481257,10.631107874040026,9.721023495309055,0,1,0.0,0.0,2,3,2,3,WP2->WP3,1,0.46557293602049266,-0.4655729360866097,10.209828263716801,0.9816608073184565,utm,1,0.0840783720505085,0.7137094984144011,0,0.0
54.2,40.204,49.90008756610292,8.900147880761224,0.2878605933495637,10.623679698830223,9.739726846251042,492829.07185570017,5527526.857475942,10.630962900293525,9.72401814814657,0,1,0.0,0.0,2,3,2,3,WP2->WP3,1,0.46464676068100824,-0.4646467605631249,10.212679783494139,0.9819349769846256,utm,1,-0.1021344640367531,0.28392069955825655,0,0.0
54.25,40.254,49.90008759413632,8.900147878781366,0.28785984019033833,10.623537457202099,9.742844921337184,492829.0717176707,5527526.860592959,10.630824179563206,9.727135134860873,0,1,0.0,0.0,2,3,2,3,WP2->WP3,1,0.4636944983272403,-0.46369449842637617,10.21565098640281,0.9822206540176467,utm,1,-0.07977575448412111,0.3625687871224002,0,0.0
54.3,40.303999999999995,49.90008762378661,8.900147876696215,0.28785610330299743,10.623387650826505,9.746142838007048,492829.0715723191,5527526.863889755,10.630678096902557,9.730431897565722,0,1,0.0,0.0,2,3,2,3,WP2->WP3,1,0.46268792970634953,-0.46268792978246914,10.21879372500461,0.9825228239693193,utm,1,0.25066192968952494,0.9184745439893598,0,0.0
54.35,40.354,49.900087654987,8.900147874506388,0.2878524205042953,10.62323032411562,9.749613167924405,492829.07141968,5527526.867358906,10.630524688516743,9.733901015482843,0,1,0.0,0.0,2,3,2,3,WP2->WP3,1,0.4616290383990322,-0.4616290384219762,10.222100847547596,0.9828407992086273,utm,1,0.5569583003880734,0.6873137634778556,0,0.0
54.4,40.403999999999996,49.90008768781643,8.900147872238621,0.28785015601741276,10.623067397896342,9.753264691511449,492829.07126168505,5527526.871009184,10.630365884047933,9.737551257945597,0,1,0.0,0.0,2,3,2,3,WP2->WP3,1,0.4605173832694661,-0.46051738333711817,10.22558132363408,0.9831754421503751,utm,1,-0.12172690308030432,-0.06403695494902473,0,0.0
54.45,40.454,49.90008772249138,8.90014786953329,0.28784730375863793,10.622873035126233,9.757121486652755,492829.0710725398,5527526.874864696,10.63017588382354,9.741406727582216,0,1,0.0,0.0,2,3,2,3,WP2->WP3,1,0.4593217417669346,-0.4593217417977104,10.229251635136512,0.9835283375037076,utm,1,0.46305259142627025,0.17423501048565446,0,0.0
54.5,40.504,49.90008775939513,8.900147865903946,0.28784296262497544,10.622612287246268,9.761226184739037,492829.0708173664,5527526.878968097,10.62991980049992,9.74551007244736,0,1,0.0,0.0,2,3,2,3,WP2->WP3,1,0.4579972525960918,-0.45799725256788193,10.233143774270525,0.9839025612757243,utm,1,0.22490618547151522,-0.46599168472030805,0,0.0
54.55,40.553999999999995,49.90008779808956,8.900147861974753,0.2878388787044752,10.622329996905345,9.765530055488425,492829.07054092456,5527526.883270623,10.629642404557671,9.749812537804246,0,1,0.0,0.0,2,3,2,3,WP2->WP3,1,0.4565999168978243,-0.4565999168347846,10.237222450772762,0.9842947203566176,utm,1,-0.07155977084100826,-0.42088877190930374,0,0.0
54.6,40.604,49.90008783826754,8.900147857780041,0.28783519222491244,10.622028630511052,9.76999893732761,492829.07024563436,5527526.887738117,10.629346123663709,9.754279965534806,0,1,0.0,0.0,2,3,2,3,WP2->WP3,1,0.4551410453156326,-0.45514104521503934,10.241455344728289,0.9847017072314548,utm,1,-0.13300413466120647,-0.4606511199408797,0,0.0
54.65,40.653999999999996,49.9000878797857,8.900147853329587,0.28783161177407973,10.621708890490549,9.77461688328353,492829.06993217644,5527526.892354641,10.629031641990878,9.758896420709789,0,1,0.0,0.0,2,3,2,3,WP2->WP3,1,0.45362548248869805,-0.45362548249394435,10.245827257376517,0.985122060560515,utm,1,0.24435731083116036,-0.16525692069403736,0,0.0
54.7,40.704,49.9000879225618,8.900147848627903,0.2878280708412703,10.621371101001722,9.779374747142024,492829.06960086274,5527526.897111051,10.628699273511302,9.763652755878866,0,1,0.0,0.0,2,3,2,3,WP2->WP3,1,0.45205593274222294,-0.45205593265812677,10.250329447407497,0.9855549398789868,utm,1,-0.023162372081041854,-0.07938572063432692,0,0.0
54.75,40.754,49.90008796654035,8.900147843682065,0.2878245357327764,10.621015770487487,9.784266354306443,492829.0692521934,5527526.902001173,10.628349519742187,9.76854280102998,0,1,0.0,0.0,2,3,2,3,WP2->WP3,1,0.450434500281737,-0.45043450032923477,10.254956090370854,0.9859997851740564,utm,1,0.15325738319712684,-0.1335339418548609,0,0.0
54.8,40.803999999999995,49.90008801175828,8.900147838480823,0.28782201059396423,10.620642090595071,9.789295815514327,492829.0688853656,5527526.90702912,10.62798157701036,9.773570666089654,0,1,0.0,0.0,2,3,2,3,WP2->WP3,1,0.4487593303752029,-0.44875933048906913,10.259710942609507,0.9864569576128783,utm,1,0.4760055818535709,-0.3757756683072736,0,0.0
54.85,40.854,49.90008805848186,8.9001478329732,0.28781986400997905,10.620246398978498,9.794492745764204,492829.0684967583,5527526.912224497,10.62759181758156,9.778765956871212,0,1,0.0,0.0,2,3,2,3,WP2->WP3,1,0.4470191498354585,-0.44701914973054885,10.26462161702094,0.9869291121371945,utm,1,0.6885677745653019,-0.42212152665673963,0,0.0
54.9,40.903999999999996,49.900088106961555,8.90014782784116,0.2878169384520345,10.619877690825726,9.799885003262633,492829.0681353837,5527526.917615088,10.627229247591458,9.78415646776557,0,1,0.0,0.0,2,3,2,3,WP2->WP3,1,0.4452539464551207,-0.44525394658043993,10.269727801567784,0.9874200646894903,utm,1,0.7647985195922463,-0.37909570864027664,0,0.0
54.95,40.954,49.90008815736679,8.90014782367506,0.2878144956053934,10.619578380026331,9.80549143301727,492829.06784366403,5527526.923219673,10.626936285058036,9.789760988205671,0,1,0.0,0.0,2,3,2,3,WP2->WP3,1,0.443499717405681,-0.44349971731744425,10.275058763974387,0.987932629320812,utm,1,0.5005723235596372,-0.07630085260219616,0,0.0
55.0,41.004,49.90008821018866,8.900147820311146,0.2878128623754117,10.619336701818675,9.81136665901804,492829.0676099119,5527526.929092869,10.62670123053249,9.795634132809937,0,1,0.0,0.0,2,3,2,3,WP2->WP3,1,0.44173083360521215,-0.441730833572316,10.280664129223547,0.9884715774043326,utm,1,0.023454541561003406,0.15175414294940215,0,0.0
55.05,41.053999999999995,49.90008826641233,8.900147816393964,0.2878115357547788,10.619055274452405,9.81762025683023,492829.0673369309,5527526.935344339,10.626426863193046,9.801885541528463,0,1,0.0,0.0,2,3,2,3,WP2->WP3,1,0.4398246974973877,-0.43982469742440927,10.286624166396274,0.9890446267007071,utm,1,-0.22660223843955477,-0.3839728504412616,0,0.0
55.1,41.104,49.90008832686257,8.900147810687754,0.2878094433161413,10.618645315422187,9.824343963823786,492829.0669360963,5527526.942065901,10.626024538069032,9.808607013896108,0,1,0.0,0.0,2,3,2,3,WP2->WP3,1,0.43767167117441186,-0.43767167121113926,10.293004177304713,0.9896580558884767,utm,1,-0.192709327959999,-0.5134071600773208,0,0.0
55.15,41.153999999999996,49.900088392364445,8.900147802168933,0.28780872593191553,10.618033286193873,9.831629549207404,492829.0663340214,5527526.949349387,10.625420848024078,9.815890366211534,0,1,0.0,0.0,2,3,2,3,WP2->WP3,1,0.4351768157154662,-0.435176815843567,10.29987348235166,0.9903185300280924,utm,1,-0.07006013670680576,-0.48896071834904964,0,0.0
55.2,41.204,49.9000884640861,8.900147789703711,0.2878072433858911,10.617137730357934,9.839606944126272,492829.0654494558,5527526.957324782,10.624534513859544,9.823865565471351,0,1,0.0,0.0,2,3,2,3,WP2->WP3,1,0.43222757865158734,-0.43222757876879825,10.3073361490746,0.9910360550687459,utm,1,0.08690951799435566,-0.7363074479313236,0,0.0
55.25,41.254,49.90008854298235,8.900147772155462,0.28780606014176574,10.615876987693763,9.848382347822174,492829.0642009136,5527526.966098353,10.623284026049078,9.83263885974884,0,1,0.0,0.0,2,3,2,3,WP2->WP3,1,0.42871741363610044,-0.428717413691109,10.315473295060295,0.9918184303537421,utm,1,0.04110070761061342,-0.6114400986098258,0,0.0
55.3,41.303999999999995,49.900088626127506,8.900147751882168,0.2877970940403328,10.61442046591925,9.857630344830167,492829.06275730085,5527526.975344589,10.62183836294571,9.841884774155915,0,1,0.0,0.0,2,3,2,3,WP2->WP3,1,0.4248948277362491,-0.42489482767946435,10.324015234464754,0.9926397259637422,utm,1,0.3908517125121871,-0.8339636876743806,0,0.0
55.35,41.354,49.90008871008862,8.900147731990423,0.2877948685924562,10.6129913562882,9.866969099281851,492829.06134121004,5527526.984681509,10.620420201623347,9.851221380755305,0,1,0.0,0.0,2,3,2,3,WP2->WP3,1,0.4210749663479387,-0.42107496641425135,10.33265190377087,0.9934701297222182,utm,1,0.5350057065942233,-0.5326740787330506,0,0.0
55.4,41.403999999999996,49.90008879450186,8.900147713001525,0.2877935607473394,10.611627111160239,9.876358142699543,492829.0599900247,5527526.994068614,10.61906693468336,9.860608185641468,0,1,0.0,0.0,2,3,2,3,WP2->WP3,1,0.4173045423936442,-0.4173045422981597,10.341354049468825,0.9943068289448305,utm,1,0.19055691985210216,-0.4586759103229551,0,0.0
55.45,41.454,49.900088879217876,8.900147695108759,0.2877922855745286,10.61034161687206,9.885780862326344,492829.05871760345,5527527.0034892745,10.617792424338404,9.870028563775122,0,1,0.0,0.0,2,3,2,3,WP2->WP3,1,0.41360129663738404,-0.41360129650971567,10.350109268910476,0.9951486311341861,utm,1,0.2625070960802391,-0.43822008731035283,0,0.0
55.5,41.504,49.900088964047995,8.900147678452242,0.28779113028929093,10.609144940185042,9.895216273589995,492829.057533981,5527527.012922504,10.616606710013002,9.879461529664695,0,1,0.0,0.0,2,3,2,3,WP2->WP3,1,0.40998042586979666,-0.4099804259280165,10.358899950128903,0.9959938429241264,utm,1,0.35312845764279,-0.1351299241979081,0,0.0
55.55,41.553999999999995,49.900089048937325,8.900147662998206,0.28779007049253263,10.60803465489228,9.90465827052405,492829.0564367239,5527527.022362202,10.615507359674666,9.888900985009968,0,1,0.0,0.0,2,3,2,3,WP2->WP3,1,0.4064411855095056,-0.4064411856316992,10.36771956789169,0.9968418369226176,utm,1,0.316384777041206,-0.5926933141868845,0,0.0
55.6,41.604,49.90008913365509,8.90014764875808,0.2877893438125874,10.607011582236291,9.914081184721047,492829.055426619,5527527.031782708,10.614495165704284,9.898321267217398,0,1,0.0,0.0,2,3,2,3,WP2->WP3,1,0.40299107807454465,-0.4029910780826354,10.376543569133506,0.9976902523865294,utm,1,0.09893206038921107,-0.9139244857991816,0,0.0
55.65,41.653999999999996,49.900089218160254,8.90014763550797,0.2877886360153738,10.606059636583995,9.923480451918003,492829.0544875811,5527527.041179481,10.613554043986369,9.90771783143282,0,1,0.0,0.0,2,3,2,3,WP2->WP3,1,0.3996157763451274,-0.39961577641706614,10.385363346374051,0.9985382617185855,utm,1,-0.08814677411185229,-0.8961173053219895,0,0.0
55.7,41.704,49.900089302482115,8.90014762295456,0.28778723732392103,10.605157744865252,9.93285933098878,492829.05359854974,5527527.0505558085,10.612662933417596,9.917093960568309,0,1,0.0,0.0,2,3,2,3,WP2->WP3,1,0.3962940964554285,-0.3962940965256215,10.394176537449473,0.9993856378000124,utm,1,-0.3398587486723154,-0.8324411495312802,0,0.0
55.75,41.754,49.90008938648495,8.900147610939639,0.2877866357302006,10.604294540624249,9.942202726116465,492829.05274814303,5527527.059896614,10.611810455331579,9.926434578374028,0,1,0.0,0.0,2,3,2,3,WP2->WP3,1,0.3930263420050027,-0.3930190181352434,10.402965605009912,1.0002306944389785,utm,1,-0.09232997117053873,-1.3315339401811797,0,0.0
55.8,41.803999999999995,49.90008947001512,8.90014759914889,0.2877858286301011,10.603447441797616,9.951493547670308,492829.05191376514,5527527.069184845,10.61097401776351,9.935722623951733,0,1,0.0,0.0,2,3,2,3,WP2->WP3,1,0.38993243736323463,-0.38977322080952154,10.411708157248118,1.0010712786943161,utm,1,0.065822691244231,-1.4937415591131584,0,0.0
55.85,41.854,49.90008955289566,8.900147587376692,0.28778521830300025,10.602601675846943,9.960712112221994,492829.0510806234,5527527.078400848,10.610138832300436,9.944938442669809,0,1,0.0,0.0,2,3,2,3,WP2->WP3,1,0.38705514067719105,-0.3865475960696952,10.420381344879745,1.0019051936390704,utm,1,0.21650609089724873,-1.2744755985938532,0,0.0
55.9,41.903999999999996,49.90008963506962,8.9001475751592,0.2877841886830367,10.601723918065534,9.969852086688602,492829.0502153979,5527527.087538335,10.609271580528002,9.954075735993683,0,1,0.0,0.0,2,3,2,3,WP2->WP3,1,0.38436260438023273,-0.38331164764148357,10.428970343966535,1.0027310139721664,utm,1,0.2611564798718784,-0.7520373436328189,0,0.0
55.95,41.954,49.90008971672113,8.900147561935556,0.28778384417482816,10.600773873841707,9.978933951174952,492829.0492778377,5527527.09661783,10.608332006901037,9.963155023753643,0,1,0.0,0.0,2,3,2,3,WP2->WP3,1,0.38181018738605993,-0.3800211452715486,10.437484382424334,1.0035496269448962,utm,1,0.574085974130638,-0.5698153957962918,0,0.0
56.0,42.004,49.900089797657714,8.900147547312717,0.2877837947680355,10.599723305322739,9.987936295176933,492829.04823968763,5527527.10561797,10.607291861029807,9.972154933027923,0,1,0.0,0.0,2,3,2,3,WP2->WP3,1,0.37937224663100144,-0.3766544409740411,10.445895421722412,1.0043583366914726,utm,1,0.6884779072374387,-1.2741483671587206,0,0.0
56.05,42.053999999999995,49.90008987793327,8.900147530687741,0.28778318909029305,10.598528894678,9.996865114994153,492829.0470576553,5527527.114544809,10.606107849103864,9.981081509962678,0,1,0.0,0.0,2,3,2,3,WP2->WP3,1,0.37700244270168165,-0.3731681729817906,10.454197926403717,1.005156610985388,utm,1,0.06655384154475208,-0.6463129317302366,0,0.0
56.1,42.104,49.900089957662644,8.900147511559577,0.2877828478700715,10.597154644046844,10.005733185044228,492829.04569577426,5527527.123411159,10.604744001931977,9.98994755744934,0,1,0.0,0.0,2,3,2,3,WP2->WP3,1,0.37466112399591217,-0.36952427187882547,10.462394808126438,1.005944729778533,utm,1,-0.14219001568492817,-0.25911311600974074,0,0.0
56.15,42.153999999999996,49.900090036762336,8.900147489469731,0.28778222621196314,10.595567613245292,10.014531217607413,492829.0441211054,5527527.132207785,10.603167382418178,9.998743833974004,0,1,0.0,0.0,2,3,2,3,WP2->WP3,1,0.37231434929903745,-0.365693383131949,10.470468499870117,1.0067210040262897,utm,1,-0.35765643636168,-0.09844860871114874,0,0.0
56.2,42.204,49.90009011499075,8.90014746508739,0.2877805934456496,10.59381587960954,10.023232340063617,492829.04238167073,5527527.140907761,10.601426018518396,10.00744342431426,0,1,0.0,0.0,2,3,2,3,WP2->WP3,1,0.3700091614711024,-0.361728916509609,10.478405641556567,1.0074841491756954,utm,1,-0.4470543883040367,-0.757684160831568,0,0.0
56.25,42.254,49.900090191996654,8.900147440429265,0.28778069064344103,10.592044332525042,10.031797486255602,492829.04062224936,5527527.149471838,10.599664698005654,10.016007111407816,0,1,0.0,0.0,2,3,2,3,WP2->WP3,1,0.3678877439424833,-0.3577808767439165,10.486206408562087,1.008234182088938,utm,1,-0.3098229201889676,-0.9050731885559258,0,0.0
56.3,42.303999999999995,49.90009026812561,8.90014741597641,0.28778005066001927,10.590287532837568,10.04026509193318,492829.0388774396,5527527.157938397,10.597918010840658,10.024473282508552,0,1,0.0,0.0,2,3,2,3,WP2->WP3,1,0.36597832886398624,-0.3538725608975773,10.493916923565285,1.0089755373975067,utm,1,-0.3378972850835187,-0.9788351696424753,0,0.0
56.35,42.354,49.90009034358487,8.900147391638415,0.2877799907198152,10.588538985265428,10.048658209065366,492829.03714077943,5527527.166330485,10.596179489628412,10.032864985056221,0,1,0.0,0.0,2,3,2,3,WP2->WP3,1,0.3642711245414436,-0.3499916773699973,10.501557726835781,1.0097101900197973,utm,1,-0.49433481153925257,-0.7483694065570436,0,0.0
56.4,42.403999999999996,49.90009041840471,8.900147367748309,0.28777939862596863,10.586822615978619,10.056980205485322,492829.0354361897,5527527.1746514365,10.594473054690752,10.041185558773577,0,1,0.0,0.0,2,3,2,3,WP2->WP3,1,0.3627877308373854,-0.3461604302594908,10.509138321221416,1.0104390536414316,utm,1,-0.6674746194117354,-0.9065592096362751,0,0.0
56.45,42.454,49.9000904924599,8.900147344361304,0.28777973005921803,10.585142391699714,10.065217152797304,492829.0337676171,5527527.182887327,10.592802655766718,10.049421078525484,0,1,0.0,0.0,2,3,2,3,WP2->WP3,1,0.36152862784930767,-0.3423862867951935,10.516646308076496,1.0111609361498461,utm,1,-1.227740287662202,-0.28713692952749903,0,0.0
56.5,42.504,49.900090565449844,8.90014732172253,0.2877792196763094,10.583515923518172,10.073335614644181,492829.03215262125,5527527.191004707,10.591185859928373,10.057538100518286,0,1,0.0,0.0,2,3,2,3,WP2->WP3,1,0.3605045349189858,-0.33869497924987724,10.524054027835339,1.0118731781162167,utm,1,-1.0179751877487568,-0.6911360822728516,0,0.0
56.55,42.553999999999995,49.90009063766052,8.900147298984184,0.2877795680006891,10.581882301657087,10.081367401483792,492829.03053035896,5527527.199035455,10.589561816770583,10.06556848809123,0,1,0.0,0.0,2,3,2,3,WP2->WP3,1,0.3596515970371235,-0.3350194254887097,10.53137625105348,1.0125771997089432,utm,1,-0.9078300209993689,-0.5995078274947505,0,0.0
56.6,42.604,49.900090708945726,8.900147276469944,0.2877796413368841,10.58026478061601,10.089296250785589,492829.0289240538,5527527.206963288,10.587953753652982,10.07349596451968,0,1,0.0,0.0,2,3,2,3,WP2->WP3,1,0.3589862579673559,-0.33138631186016004,10.538603369399677,1.0132720771003216,utm,1,-0.7499421486405363,-0.604437407056946,0,0.0
56.65,42.653999999999996,49.90009077934675,8.900147254179327,0.2877797143722414,10.578663325554343,10.09712675440614,492829.0273336773,5527527.214792791,10.586361640889663,10.081325115635991,0,1,0.0,0.0,2,3,2,3,WP2->WP3,1,0.35850318173752277,-0.3277944059776478,10.545739799134521,1.0139582349076743,utm,1,-0.4018969994603872,-0.8703933509612898,0,0.0
56.7,42.704,49.90009084885186,8.900147232208752,0.2877800934165327,10.5770848637516,10.104857609078914,492829.025766152,5527527.222522655,10.584792401466984,10.089054631069303,0,1,0.0,0.0,2,3,2,3,WP2->WP3,1,0.35820303963971156,-0.32425073133943627,10.552786095968866,1.0146357265618278,utm,1,-0.17717636052317273,-0.9383359944660358,0,0.0
56.75,42.754,49.90009091742616,8.900147210742658,0.2877799141511611,10.575542645990824,10.112484932597901,492829.0242347182,5527527.23014898,10.583259276521858,10.096680617891252,0,1,0.0,0.0,2,3,2,3,WP2->WP3,1,0.3580917743804841,-0.32076908722974484,10.55974197761375,1.0153045249210906,utm,1,0.06924489884482474,-0.8225766040511133,0,0.0
56.8,42.803999999999995,49.90009098507571,8.900147189747123,0.28777928202231684,10.574034235344936,10.12000939782221,492829.02273694077,5527527.2376724435,10.581759830762167,10.104203747585416,0,1,0.0,0.0,2,3,2,3,WP2->WP3,1,0.3581602516869321,-0.3173469467923519,10.56660745568406,1.015964631102218,utm,1,0.5601278197637517,-0.6409744760834657,0,0.0
56.85,42.854,49.90009104768934,8.900147171481787,0.2878186723335701,10.572721974038531,10.126973732250557,492829.0214344875,5527527.244635739,10.580455833347514,10.111166754737496,0,1,0.0,0.0,2,3,2,3,WP2->WP3,1,0.3584514529061612,-0.3142604656939097,10.572983779722495,1.0165777058025571,utm,1,-0.000383476750424272,-0.6748835534037799,0,0.0
56.9,42.903999999999996,49.90009105801797,8.900147169930491,0.28786928614968177,10.572610522176925,10.128122556746902,492829.02132461127,5527527.245784253,10.580345702415798,10.112315244041383,0,1,0.0,0.0,2,3,2,3,WP2->WP3,1,0.35861487042871915,-0.3138526468724562,10.574063057209125,1.0166814768339085,utm,1,0.5994118254414215,-0.7031647743307758,0,0.0
56.95,42.954,49.90009105779592,8.900147170159629,0.28787402727248873,10.57262698442021,10.128097858360288,492829.02134103404,5527527.245759541,10.580362130654976,10.112290536053479,0,1,0.0,0.0,2,3,2,3,WP2->WP3,1,0.35862497498389617,-0.3138749861777863,10.574043529497947,1.0166795992716005,utm,1,0.3992143831920587,-1.214140647809911,0,0.0
57.0,43.004,49.90009105780809,8.900147170176133,0.28787635226240055,10.572628170148912,10.128099212568836,492829.02134222107,5527527.245760894,10.580363317392766,10.11229188926518,0,1,0.0,0.0,2,3,2,3,WP2->WP3,1,0.35862644863093507,-0.3138757758958295,10.574045147077856,1.016679754799662,utm,1,-0.30326414236517335,-1.1580913702834184,0,0.0
57.05,43.053999999999995,49.90009105782667,8.900147170183875,0.2878781217731864,10.572628726322163,10.128101279258056,492829.02134277974,5527527.245762959,10.580363875604235,10.112293954007328,0,1,0.0,0.0,2,3,2,3,WP2->WP3,1,0.3586274802457422,-0.3138757723702264,10.574047286065431,1.0166799604603465,utm,1,-0.7541291127935366,-0.6908964597653767,0,0.0
57.1,43.104,49.90009105784179,8.900147170189795,0.2878793249575388,10.57262915168367,10.128102961052056,492829.0213432072,5527527.245764639,10.58036430273205,10.112295634113252,0,1,0.0,0.0,3,4,3,4,WP3->WP4,1,0.3586282933363746,0.35823161363976813,-0.016863088993676174,-0.0008860865177489308,utm,1,-0.9638228818904024,-0.5315727650845778,0,0.0
57.15,43.153999999999996,49.90009105785764,8.900147170193604,0.2878801050297047,10.572629425303552,10.128104723504247,492829.02134348307,5527527.245766401,10.580364578170702,10.112297396175563,0,1,0.0,0.0,3,4,3,4,WP3->WP4,1,0.35862897851740316,0.35823222063144516,-0.01686476604935986,-0.0008861746401819789,utm,1,-0.9988638626590174,-0.7608350837758913,0,0.0
57.2,43.204,49.90009105508926,8.900147169650415,0.2879170581509362,10.572590400267705,10.127796805206168,492829.0213040633,5527527.245458659,10.580325226706918,10.111989645287395,0,1,0.0,0.0,3,4,3,4,WP3->WP4,1,0.358517936216112,0.3581348057527606,-0.01657019906617405,-0.0008706963471792672,utm,1,-0.26003549057786324,-0.40039635016802566,0,0.0
57.25,43.254,49.90009104201025,8.900147164572436,0.2879163222886532,10.572225576138965,10.12634206400839,492829.0209374475,5527527.244004985,10.579958933230955,10.110535889863968,0,1,0.0,0.0,3,4,3,4,WP3->WP4,1,0.3578211042479461,0.3574975547062627,-0.0152131858682602,-0.0007993908408435213,utm,1,-0.2638707836451664,-0.2767105600333684,0,0.0
57.3,43.303999999999995,49.90009101834368,8.900147154114348,0.2879148704344301,10.571474221554892,10.1237096990955,492829.02018288727,5527527.241374676,10.57920495630242,10.10790541395545,0,1,0.0,0.0,3,4,3,4,WP3->WP4,1,0.3564839596609093,0.3562549765944146,-0.012775176994231578,-0.000671283422668883,utm,1,-0.07717584531264954,-0.35532077712036225,0,0.0
57.35,43.354,49.90009098405906,8.900147137912215,0.28791256791954545,10.570310189736363,10.119896319285905,492829.019014242,5527527.237564374,10.578037156024948,10.104094852693379,0,1,0.0,0.0,3,4,3,4,WP3->WP4,1,0.3545016762916521,0.35438077041231303,-0.009257864525190231,-0.00048646300461282495,utm,1,-0.1968358375739324,-0.18757797967508527,0,0.0
57.4,43.403999999999996,49.90009093913086,8.900147115440548,0.28790920025768624,10.568695727265304,10.114899084562305,492829.01739376975,5527527.23257129,10.576417791075073,10.099101410247386,0,1,0.0,0.0,3,4,3,4,WP3->WP4,1,0.35186829025377603,0.35183735562173196,-0.004665712723960603,-0.00024516416547060296,utm,1,-0.12150923400955016,-0.3928645093456318,0,0.0
57.45,43.454,49.90009088358354,8.900147086128955,0.28790476235095164,10.566589854714595,10.108720714662246,492829.0152805111,5527527.226398199,10.574305901420303,10.092927850782871,0,1,0.0,0.0,3,4,3,4,WP3->WP4,1,0.3485850546384631,0.34858505467186274,0.0009907396291288593,5.2059324854412634e-05,utm,1,0.1115998850802873,-0.17772686495088424,0,0.0
57.5,43.504,49.900090817512705,8.900147049378766,0.28789969423765954,10.563949561055,10.101371845146272,492829.0126314865,5527527.219055789,10.571658505126834,10.085584852844477,0,1,0.0,0.0,3,4,3,4,WP3->WP4,1,0.34458371700136425,0.3445837169689643,0.007692800246548297,0.00040422526292533637,utm,1,0.31497552648844074,0.07842334829654454,0,0.0
57.55,43.553999999999995,49.90009074107679,8.900147004487039,0.2878939211117912,10.560724343764399,10.092870096998645,492829.0093962372,5527527.210561741,10.5684251395287,10.077090087346733,0,1,0.0,0.0,3,4,3,4,WP3->WP4,1,0.33978718456445905,0.3397871846590429,0.015413484023009702,0.0008099156915704598,utm,1,0.1091159859547208,0.1961048743589166,0,0.0
57.6,43.604,49.90009065616631,8.900146951667946,0.28788748554974763,10.556929590004959,10.083425747534065,492829.0055904244,5527527.201126229,10.564621419180185,10.067653731442988,0,1,0.0,0.0,3,4,3,4,WP3->WP4,1,0.3342509335325489,0.33425093359256736,0.023949468105055646,0.0012584468244878529,utm,1,0.2310197515853904,0.6049107203560304,0,0.0
57.65,43.653999999999996,49.90009057459142,8.900146897001918,0.2878807461421627,10.553002144385237,10.074352405929725,492829.0016524675,5527527.192061752,10.560685472446494,10.058588382788002,0,1,0.0,0.0,3,4,3,4,WP3->WP4,1,0.32865576226093085,0.3286557622412727,0.032096019799854485,0.0016865148745119605,utm,1,-0.14420748655845986,0.6304062832737533,0,0.0
57.7,43.704,49.90009049961446,8.900146842490441,0.2878727956211487,10.549085802449255,10.066012932861211,492828.9977265875,5527527.183730835,10.556761440064292,10.050256595015526,0,1,0.0,0.0,3,4,3,4,WP3->WP4,1,0.3232124142847849,0.3232124142402367,0.03952479316826303,0.002076866602337606,utm,1,-0.09081463524087677,0.1897374928155513,0,0.0
57.75,43.754,49.90009043296585,8.900146791137354,0.2878640374096686,10.545396372946444,10.058599799286634,492828.9940287633,5527527.176325586,10.553065258136485,10.04285052511841,0,1,0.0,0.0,3,4,3,4,WP3->WP4,1,0.3181695558550991,0.31816955575976774,0.04608842027951663,0.002421758424529508,utm,1,-0.41536943522687886,0.3556742401350994,0,0.0
57.8,43.803999999999995,49.90009037613853,8.90014674657179,0.2878541537920064,10.542194588697466,10.052279059192031,492828.99081984395,5527527.170011641,10.549857739009894,10.03653586935252,0,1,0.0,0.0,3,4,3,4,WP3->WP4,1,0.3138148482578929,0.31381484823547434,0.05167407849586346,0.002715261971840118,utm,1,-0.4501150742830622,0.7592286117744443,0,0.0
57.85,43.854,49.9000903303495,8.900146711700378,0.28784305557321727,10.539689274508422,10.047186076829918,492828.98830875056,5527527.164924035,10.547347773856018,10.031447705812752,0,1,0.0,0.0,3,4,3,4,WP3->WP4,1,0.31037913948609286,0.3103791395495589,0.05618907980929929,0.0029525068676569226,utm,1,-0.7559483759287638,0.6335949677003857,0,0.0
57.9,43.903999999999996,49.900090296832964,8.900146689729254,0.28783059173047887,10.538110773270724,10.043458128193407,492828.9867259164,5527527.161199682,10.545765765651595,10.027723002247512,0,1,0.0,0.0,3,4,3,4,WP3->WP4,1,0.30811475392615906,0.3081147539443379,0.0595429914159713,0.0031287412371433314,utm,1,-0.915099442342612,0.14919854876818173,0,0.0
57.95,43.954,49.900090276707516,8.900146684027524,0.28781664218973224,10.53770113610121,10.041219632784744,492828.986313461,5527527.158962629,10.545353806344792,10.02548585832119,0,1,0.0,0.0,3,4,3,4,WP3->WP4,1,0.3072830311885088,0.30728303122164125,0.06166024566005559,0.0032399943083352904,utm,1,-0.9555591787330869,-0.5870259144117073,0,0.0
58.0,44.004,49.90009027079579,8.900146697864194,0.28780225383879265,10.538695222788924,10.040562088829411,492828.98730627174,5527527.158304023,10.546346763090696,10.024827472865582,0,1,0.0,0.0,3,4,3,4,WP3->WP4,1,0.30813193507526926,0.30813193511246445,0.06249618674085987,0.003283919601121856,utm,1,-0.7675255427094044,-0.2058958958739746,0,0.0
58.05,44.053999999999995,49.9000902712868,8.900146722356299,0.28778814264080155,10.540454842267122,10.040616701498882,492828.98906525644,5527527.15835627,10.548105736204889,10.024880109354854,0,1,0.0,0.0,3,4,3,4,WP3->WP4,1,0.3098685722610944,0.30986857216879615,0.0627805257466431,0.003298860455646738,utm,1,-1.2057677621506524,-0.49909844583036456,0,0.0
58.1,44.104,49.900090272289894,8.900146748974867,0.2877715195216094,10.542367236207495,10.040728273000596,492828.99097702996,5527527.158465248,10.55001748551149,10.024989511817694,0,1,0.0,0.0,3,4,3,4,WP3->WP4,1,0.31176601558837297,0.3117660155346774,0.06303832959708017,0.0033124069960333608,utm,1,-1.6415928775630597,-0.2747987398275602,0,0.0
58.15,44.153999999999996,49.9000902739307,8.900146777462046,0.28775410183837413,10.54441387924221,10.04091077559704,492828.9930230932,5527527.158644951,10.552063508832362,10.025169668719172,0,1,0.0,0.0,3,4,3,4,WP3->WP4,1,0.31380877635353455,0.3138087763282509,0.06325233067589647,0.0033236518795060135,utm,1,-1.9441458904384976,-0.1641178135410346,0,0.0
58.2,44.204,49.90009027660149,8.900146807753963,0.2877362088211775,10.546590182495265,10.041207839708425,492828.9951989172,5527527.1589389965,10.554239267599769,10.025464196689427,0,1,0.0,0.0,3,4,3,4,WP3->WP4,1,0.3160007311859745,0.31600073114493205,0.06337884953778164,0.00333029992944511,utm,1,-1.549105521430518,-0.36707674840966614,0,0.0
58.25,44.254,49.90009028092126,8.900146839703629,0.2877183995677437,10.548885585694052,10.041688315589706,492828.9974940376,5527527.15941622,10.55653428210644,10.025941928848624,0,1,0.0,0.0,3,4,3,4,WP3->WP4,1,0.3183447421620853,0.31834474220477965,0.06334831827051768,0.0033286956359314755,utm,1,-1.3697319151157221,0.2930667204810112,0,0.0
58.3,44.303999999999995,49.900090287792395,8.90014687316049,0.2877015587202263,10.551289272302558,10.042452571744608,492828.99989777606,5527527.160176967,10.55893785180524,10.026703208684921,0,1,0.0,0.0,3,4,3,4,WP3->WP4,1,0.3208494739859161,0.32084947396055524,0.06306019761297234,0.003313556071037308,utm,1,-1.585067653280331,-0.23299473862274028,0,0.0
58.35,44.354,49.900090298205136,8.900146908317293,0.2876924249559433,10.553815090243495,10.043610751175862,492829.00242412166,5527527.161331318,10.561463941354305,10.02785811945796,0,1,0.0,0.0,3,4,3,4,WP3->WP4,1,0.3235496625971743,0.32354966260905116,0.062409098758225125,0.003279343482991925,utm,1,-0.8704725984974016,0.08421450181405979,0,0.0
58.4,44.403999999999996,49.90009031366113,8.900146946504904,0.2876939039332067,10.556558654606759,10.045329877182835,492829.0051688736,5527527.163046099,10.564208312949631,10.029573509469628,0,1,0.0,0.0,3,4,3,4,WP3->WP4,1,0.3265711787558713,0.3265711787789666,0.06124953988225697,0.0032184133955733747,utm,1,-0.6671127026861293,0.12304988822288937,0,0.0
58.45,44.454,49.9000903363428,8.90014698956338,0.287712423753229,10.559652163103289,10.047852694124025,492829.00826449995,5527527.165563785,10.567303380928934,10.032091881148517,0,1,0.0,0.0,3,4,3,4,WP3->WP4,1,0.3300903226906016,0.3300903226239714,0.059368777155948974,0.0031195869886504676,utm,1,-0.8204110688025735,-0.02077288157136946,0,0.0
58.5,44.504,49.90009036724931,8.900147039323036,0.2877577604042877,10.563227113569292,10.051290336956383,492829.0118425936,5527527.168995288,10.570880713523366,10.035524178296328,0,1,0.0,0.0,3,4,3,4,WP3->WP4,1,0.33425743247012213,0.33425743246981654,0.056683043151097345,0.0029784626256792873,utm,1,-0.6972977314949554,-0.3825214333172394,0,0.0
58.55,44.553999999999995,49.900090404140904,8.900147096199433,0.287826987937144,10.567313361711621,10.05539368366423,492829.0159326664,5527527.173091547,10.574969877838157,10.039621343836188,0,1,0.0,0.0,3,4,3,4,WP3->WP4,1,0.3390539548889702,0.3390539549434604,0.05344245663451079,0.00280818302726033,utm,1,-1.1091215519143658,-0.5491418525678942,0,0.0
58.6,44.604,49.9000904406504,8.900147157389142,0.2878585125972379,10.57170949700623,10.05945452987404,492829.0203324453,5527527.177144909,10.579368757724296,10.043675681576133,0,1,0.0,0.0,3,4,3,4,WP3->WP4,1,0.3441463086392331,0.3441463085916177,0.05030307183126977,0.002643221165929886,utm,1,-1.2891189232352973,-1.074930079349176,0,0.0
58.65,44.653999999999996,49.9000904718446,8.900147217445422,0.28787242302532606,10.576024201798422,10.062924171366676,492829.02465003845,5527527.180607412,10.583685582969338,10.047139142639935,0,1,0.0,0.0,3,4,3,4,WP3->WP4,1,0.3490452464596887,0.34904524641334966,0.047728009841566145,0.0025079121657639145,utm,1,-1.3148945806362433,-1.073996875861638,0,0.0
58.7,44.704,49.900090494873766,8.90014727227056,0.28790884150687956,10.579963078577922,10.065485639853708,492829.0285907445,5527527.183162608,10.587625722284429,10.049695212393999,0,1,0.0,0.0,3,4,3,4,WP3->WP4,1,0.3534011012135527,0.353401101111821,0.045971672372477235,0.002415623798397735,utm,1,-0.5934002762272416,-1.1867337745544806,0,0.0
58.75,44.754,49.90009051006989,8.900147318404846,0.28793079709985503,10.583277566652617,10.067175860512718,492829.031906152,5527527.184847736,10.590940756024793,10.05138107482344,0,1,0.0,0.0,3,4,3,4,WP3->WP4,1,0.35697713058702496,0.3569771305422005,0.04495010699651119,0.002361944706329723,utm,1,-0.22881146895315496,-0.7851718358077342,0,0.0
58.8,44.803999999999995,49.90009051811618,8.900147354820788,0.287930070042346,10.585893846594061,10.068070826801108,492829.0345225725,5527527.185738857,10.593556978798006,10.052272776141763,0,1,0.0,0.0,3,4,3,4,WP3->WP4,1,0.35971551303808064,0.35971551307048644,0.04457458881598245,0.002342212758223364,utm,1,-0.0066174891943341085,-0.5220127248933039,0,0.0
58.85,44.854,49.90009051931089,8.900147380676124,0.28792910404475,10.587751406548296,10.068203711168067,492829.0363795626,5527527.185869213,10.595413939969148,10.052403544075787,0,1,0.0,0.0,3,4,3,4,WP3->WP4,1,0.3615632586889968,0.3615632586841099,0.044800953880274996,0.0023541073186822583,utm,1,-0.026386501013021677,-0.5831894804627219,0,0.0
58.9,44.903999999999996,49.900090513988836,8.90014739519745,0.28792788510448025,10.588794681897737,10.067611754348654,492829.03742162953,5527527.185276103,10.596456138417125,10.051810665987432,0,1,0.0,0.0,3,4,3,4,WP3->WP4,1,0.362473010978692,0.3624730109371109,0.04558200051027968,0.0023951481320729677,utm,1,-0.21697299398158648,-0.4691992266274596,0,0.0
58.95,44.954,49.90009050250824,8.900147397607597,0.28792639539006315,10.588967837340196,10.066334800780881,492829.03759301384,5527527.18399943,10.596627805847675,10.050534030422568,0,1,0.0,0.0,3,4,3,4,WP3->WP4,1,0.3623976486512284,0.3623976486105603,0.04686791908645657,0.0024627179061339683,utm,1,0.16574603253032602,-0.3209121142992848,0,0.0
59.0,45.004,49.90009048525363,8.900147387127385,0.2879246128592227,10.5882148932339,10.06441561911589,492829.0368378151,5527527.18208202,10.595873032289091,10.048616453073919,0,1,0.0,0.0,3,4,3,4,WP3->WP4,1,0.361290469649655,0.36129046960723243,0.0486060052177449,0.0025540472401722656,utm,1,0.053040981819612254,-0.13413526597195793,0,0.0
59.05,45.053999999999995,49.90009046264001,8.90014736298036,0.2879225108261124,10.586480065708015,10.061900371308996,492829.0351003335,5527527.17957009,10.5941361078294,10.046104137785733,0,1,0.0,0.0,3,4,3,4,WP3->WP4,1,0.35910561636536126,0.3591056163912486,0.05074026141968069,0.0026661936948738055,utm,1,-0.4782221413174256,-0.1300969146388775,0,0.0
59.1,45.104,49.90009043511793,8.900147324400614,0.2879200574953485,10.583708328706475,10.05883916944421,492829.0323256318,5527527.176513807,10.591362083912827,10.04304723907262,0,1,0.0,0.0,3,4,3,4,WP3->WP4,1,0.3557987329482692,0.355798732927567,0.053210961249446256,0.002796018889378848,utm,1,-0.4782221413174256,-0.1300969146388775,0,0.0
59.15,45.153999999999996,49.90009040392949,8.900147273035131,0.2879090286678797,10.580018008662831,10.055370168264394,492829.0286321732,5527527.173051111,10.587669393280521,10.039583724923432,0,1,0.0,0.0,3,4,3,4,WP3->WP4,1,0.3515124260157449,0.351512426028798,0.055905301617537276,0.002937595481620486,utm,1,-0.4369951950295808,-0.052071457106579705,0,0.0
59.2,45.204,49.90009037205958,8.900147220642692,0.2879075503076487,10.576253907604729,10.051825369612423,492829.02486486215,5527527.169512748,10.583902866987046,10.036044525913894,0,1,0.0,0.0,3,4,3,4,WP3->WP4,1,0.3471391855223057,0.3471391855613254,0.05865982833077039,0.0030823346207124068,utm,1,-0.9616605088604335,-0.03749834499953315,0,0.0
59.25,45.254,49.90009034020373,8.900147169242798,0.28790556510271953,10.572561115282923,10.048282134597283,492829.0211688333,5527527.165975851,10.580207622551825,10.032506809569895,0,1,0.0,0.0,3,4,3,4,WP3->WP4,1,0.3428361975908849,0.3428361975581861,0.06142651629231121,0.003227712783779621,utm,1,-0.47035163249548434,0.65270541866826,0,0.0
59.3,45.303999999999995,49.90009030899569,8.900147119470455,0.2879026922584488,10.568985253346208,10.044810954231298,492829.0175897838,5527527.162510825,10.576629341579974,10.029040989466012,0,1,0.0,0.0,3,4,3,4,WP3->WP4,1,0.3386617531801786,0.3386617532138776,0.06414497406349319,0.0033705566471440066,utm,1,-0.5307641049413182,1.0633192261962074,0,0.0
59.35,45.354,49.90009027906177,8.900147072095685,0.28789899550186887,10.565581643421377,10.041481489596476,492829.0141831059,5527527.159187229,10.57322340074461,10.025716639123857,0,1,0.0,0.0,3,4,3,4,WP3->WP4,1,0.3346834992472591,0.3346834993152118,0.0667574901953007,0.0035078337096480553,utm,1,-0.3834443492134246,1.135267455555023,0,0.0
59.4,45.403999999999996,49.90009025106868,8.900147027978175,0.2878944733075713,10.562412049326499,10.038367898822653,492829.0110106373,5527527.156079108,10.570051621471066,10.022607814520597,0,1,0.0,0.0,3,4,3,4,WP3->WP4,1,0.330976265648539,0.3309762657324254,0.06920317932689737,0.0036363446940190437,utm,1,-0.22972517589043168,1.3281668806011662,0,0.0
59.45,45.454,49.90009022562668,8.90014698835992,0.2878889726234927,10.559565701262121,10.035538057191218,492829.00816166296,5527527.153254191,10.567203273647465,10.019782265648246,0,1,0.0,0.0,3,4,3,4,WP3->WP4,1,0.3276406204656372,0.3276406205373859,0.0714325915865257,0.0037534912112734842,utm,1,-0.49741524404835763,1.6767042923049333,0,0.0
59.5,45.504,49.900090203232374,8.900146954530282,0.2878824591261102,10.557135232703708,10.03304720282638,492829.0057288526,5527527.150767573,10.564771014789585,10.017295108176768,0,1,0.0,0.0,3,4,3,4,WP3->WP4,1,0.32477804288260176,0.3247780429715326,0.07340932784930967,0.003857360635923685,utm,1,-0.1789978144798396,1.342071577971949,0,0.0
59.55,45.553999999999995,49.900090184202114,8.900146928062806,0.28787478321432214,10.555233693968573,10.03093052180195,492829.0038252579,5527527.148654273,10.562867888773326,10.015181385912001,0,1,0.0,0.0,3,4,3,4,WP3->WP4,1,0.32250618967528333,0.32250618971486095,0.07512058296069489,0.003947280109348514,utm,1,-0.3937619015245306,1.2717406138321241,0,0.0
59.6,45.604,49.90009016805777,8.900146912288431,0.28786616435413864,10.554100394104148,10.029134832777554,492829.0026900209,5527527.146860813,10.56173304951517,10.013387674465775,0,1,0.0,0.0,3,4,3,4,WP3->WP4,1,0.3210496052776665,0.32104960532996274,0.07666448182015842,0.004028405694622457,utm,1,-0.6869500407466034,1.7404624759662195,0,0.0
59.65,45.653999999999996,49.90009015350472,8.900146911315177,0.287856539496562,10.554030471334238,10.0275161382443,492829.0026179693,5527527.145242861,10.561661356710829,10.011769705452025,0,1,0.0,0.0,3,4,3,4,WP3->WP4,1,0.32067016120612485,0.32067016115240754,0.07823896047411258,0.004111138123317784,utm,1,-0.6454661416462215,1.6074955654877843,0,0.0
59.7,45.704,49.90009013943664,8.900146923463668,0.28784565578055477,10.5549032717972,10.025951386351526,492829.0034883336,5527527.14367757,10.562532068113796,10.010204608552158,0,1,0.0,0.0,3,4,3,4,WP3->WP4,1,0.32122586660194985,0.32122586664348357,0.07994156440626855,0.004200603012574758,utm,1,-0.14447092815816445,1.8257813810318393,0,0.0
59.75,45.754,49.90009012508691,8.900146936533709,0.287834043954499,10.555842280487013,10.024355307242521,492829.0044248378,5527527.142080879,10.56346892635338,10.008608125150204,0,1,0.0,0.0,3,4,3,4,WP3->WP4,1,0.32184050551870796,0.3218405054713149,0.08168761185506643,0.0042923506813624815,utm,1,-0.14447092815816445,1.8257813810318393,0,0.0
59.8,45.803999999999995,49.900090110248016,8.900146949763736,0.28782118224599396,10.556792783253865,10.022704819232104,492829.00537275913,5527527.1404297855,10.5644172137836,10.006957241334021,0,1,0.0,0.0,3,4,3,4,WP3->WP4,1,0.322455971374351,0.32245597129735837,0.08348924053808338,0.004387018917212375,utm,1,0.22615604939121864,1.8453476801277802,0,0.0
59.85,45.854,49.90009009470523,8.900146963467122,0.2878071246056862,10.557777294266634,10.020976039005888,492829.0063545705,5527527.138700384,10.565399408631492,10.0052280575037,0,1,0.0,0.0,3,4,3,4,WP3->WP4,1,0.3230897627297,0.32308976277648266,0.08537420536149397,0.004486066127191607,utm,1,0.6560629334519901,1.5866097944430044,0,0.0
59.9,45.903999999999996,49.90009007832732,8.900146977945123,0.28779188637352393,10.55881745693466,10.01915437096924,492829.0073918875,5527527.13687806,10.566437129746191,10.003405964002013,0,1,0.0,0.0,3,4,3,4,WP3->WP4,1,0.32376030996349037,0.323760309977676,0.08736097561599662,0.004590462797163497,utm,1,0.3316462833499544,1.5580839654509282,0,0.0
59.95,45.954,49.90009006109103,8.900146993508695,0.2877755541512984,10.559935611734351,10.01723722769235,492829.00850703794,5527527.134960194,10.567552705470007,10.00148834567517,0,1,0.0,0.0,3,4,3,4,WP3->WP4,1,0.3244890304779801,0.32448903050557626,0.08945638420540007,0.00470056796834192,utm,1,0.1934544464104439,1.573203114713372,0,0.0
60.0,46.004,49.90009004309187,8.900147010527045,0.2877583148586809,10.561158284096974,10.015235233415316,492829.00972655095,5527527.132957372,10.568772662605625,9.99948579352349,0,1,0.0,0.0,3,4,3,4,WP3->WP4,1,0.3253039859390744,0.32530398597703547,0.09165510121080517,0.004816101575237155,utm,1,0.1944973531941064,1.5051640618682671,0,0.0
60.05,46.053999999999995,49.900090024561266,8.900147029491336,0.28774048654765333,10.562520761415879,10.013174127298406,492829.01108573383,5527527.130895275,10.570132302702405,9.997423998080194,0,1,0.0,0.0,3,4,3,4,WP3->WP4,1,0.32624473514520425,0.3262447351762664,0.09393865411405772,0.004936092962396253,utm,1,0.4546534289599754,1.8484622599094902,0,0.0
60.1,46.104,49.900090005877026,8.900147051101387,0.2877225784933373,10.564073321599851,10.0110959329658,492829.01263490046,5527527.128815845,10.571681930450723,9.995344911701977,0,1,0.0,0.0,3,4,3,4,WP3->WP4,1,0.32736867044021434,0.3273686704453105,0.09627547161347053,0.005058883186740438,utm,1,0.5733143453942966,2.1034935463066295,0,0.0
60.15,46.153999999999996,49.900089984027936,8.900147092782221,0.28773352694664667,10.567067854357056,10.008665720823853,492829.0156249906,5527527.1263826145,10.57467256009113,9.992912344634533,0,1,0.0,0.0,3,4,3,4,WP3->WP4,1,0.32983954857878695,0.3298395485589844,0.0992345271450218,0.005214369480666851,utm,1,0.2080180822596852,2.0822166152781905,0,0.0
60.2,46.204,49.900089948081146,8.900147216425028,0.28770493360470095,10.575950892216724,10.004667462538869,492829.0244991287,5527527.122374118,10.583547586866189,9.988905816338956,0,1,0.0,0.0,3,4,3,4,WP3->WP4,1,0.33778579896819805,0.33778579898861755,0.10486262380843399,0.005510102995203093,utm,1,-0.10159806016306763,1.9396061249338563,0,0.0
60.25,46.254,49.90008990802766,8.90014737773684,0.28768674912571235,10.587540235553792,10.000212427729714,492829.0360778752,5527527.117905424,10.595127324049827,9.984439690597355,0,1,0.0,0.0,3,4,3,4,WP3->WP4,1,0.3482991586801414,0.3482991587598222,0.1114585214419552,0.00585669050166214,utm,1,-0.05062726983839049,1.6094406513512889,0,0.0
60.3,46.303999999999995,49.90008986863516,8.900147545014665,0.2876888955384167,10.599558203289378,9.995830913567685,492829.04808517185,5527527.113509649,10.607135595171712,9.980046578682959,0,1,0.0,0.0,3,4,3,4,WP3->WP4,1,0.3592471088451415,0.3592471088047137,0.11806460932407126,0.0062038134641041204,utm,1,0.26832179510627097,1.2710539896764899,0,0.0
60.35,46.354,49.90008982977968,8.90014770820446,0.28770974306995983,10.611282469177935,9.991509129624983,492829.05979896436,5527527.109173971,10.618850348866545,9.975713497959077,0,1,0.0,0.0,3,4,3,4,WP3->WP4,1,0.3699184139363254,0.36991841386885044,0.12455570233977446,0.006544893915546071,utm,1,0.18865746140215142,1.2013172772077803,0,0.0
60.4,46.403999999999996,49.90008979166037,8.900147862618876,0.2877574100086733,10.622376273506205,9.987269227895034,492829.07088265783,5527527.104920985,10.629934985248838,9.97146296966821,0,1,0.0,0.0,3,4,3,4,WP3->WP4,1,0.37998697459030223,0.37998697455010716,0.130845395276454,0.006875391614636815,utm,1,0.010909159831477971,0.9150904472605385,0,0.0
60.45,46.454,49.90008975521114,8.900148009342422,0.28784461088573593,10.632917532215997,9.983215084097747,492829.08141427545,5527527.100854416,10.640467504388653,9.96739873662591,0,1,0.0,0.0,3,4,3,4,WP3->WP4,1,0.38954917206586787,0.38954917201579653,0.13684675604809812,0.007190738634977832,utm,1,0.3065361504026299,0.7991377957780886,0,0.0
60.5,46.504,49.9000897212612,8.900148158360745,0.2878596044831801,10.643623657753247,9.979438930165122,492829.0921110641,5527527.097065507,10.651165132992901,9.963612199760973,0,1,0.0,0.0,3,4,3,4,WP3->WP4,1,0.399326485329725,0.39932648533894255,0.14260707400502412,0.00749341983896681,utm,1,0.2831484909541717,1.082450844870816,0,0.0
60.55,46.553999999999995,49.900089688860355,8.900148319354958,0.28787361887885793,10.655190183438185,9.975835076275516,492829.1036681366,5527527.093447684,10.662723007437307,9.959996939636767,0,1,0.0,0.0,3,4,3,4,WP3->WP4,1,0.40998092136336456,0.40998092132235386,0.1483635974228434,0.00779590165540913,utm,1,0.5930788752656544,1.3252544666951431,0,0.0
60.6,46.604,49.90008965662463,8.900148499626775,0.2879078581002168,10.668141696144165,9.972249589104656,492829.1166096636,5527527.089846373,10.675665332761128,9.956398497335613,0,1,0.0,0.0,3,4,3,4,WP3->WP4,1,0.4219975265685872,0.4219975265966177,0.15436807616182888,0.008111412512211248,utm,1,0.27592066271467847,1.2551313724677766,0,0.0
60.65,46.653999999999996,49.90008962177809,8.90014870438077,0.28792903557209426,10.682852115180998,9.968373708396177,492829.1313090028,5527527.085952442,10.690365535148885,9.952507826499641,0,1,0.0,0.0,3,4,3,4,WP3->WP4,1,0.43568381524587785,0.4356838152114114,0.160995200131555,0.008459640835220586,utm,1,0.2683269275676408,1.182808667848454,0,0.0
60.7,46.704,49.900089581895145,8.900148937743143,0.2879281005300475,10.69961788472037,9.96393764241208,492829.14806211955,5527527.08149581,10.707119639730081,9.948054910637438,0,1,0.0,0.0,3,4,3,4,WP3->WP4,1,0.45127878127091414,0.45127878125929805,0.1685665620820946,0.008857485011212677,utm,1,0.19065553212892358,0.908246983435852,0,0.0
60.75,46.754,49.90008953464922,8.900149204244507,0.28792630532648766,10.718764503690073,9.95868261350239,492829.16719403706,5527527.076217371,10.726252727326937,9.942780714482069,0,1,0.0,0.0,3,4,3,4,WP3->WP4,1,0.4690520372803999,0.4690520373353956,0.17739852431930936,0.009321568588462281,utm,1,-0.15014998592258438,0.9494919158769741,0,0.0
60.8,46.803999999999995,49.900089479273824,8.900149503260323,0.2879098555106869,10.740247102640755,9.952523366668487,492829.1886597905,5527527.070031965,10.747719851904549,9.936600068584085,0,1,0.0,0.0,3,4,3,4,WP3->WP4,1,0.4889431956601964,0.488943195757467,0.1875661018716132,0.009855833300618027,utm,1,-0.19108507059064603,1.1789666417030973,0,0.0
60.85,46.854,49.90008941945952,8.900149824933699,0.2879091704472434,10.76335751936732,9.945870392661826,492829.21175204916,5527527.063350858,10.770813591545448,9.929924082010984,0,1,0.0,0.0,3,4,3,4,WP3->WP4,1,0.510336393512191,0.5103363934516337,0.19853062161188137,0.010431974072874346,utm,1,0.15997739927678056,1.0685870954400123,0,0.0
60.9,46.903999999999996,49.900089353612024,8.90015016966809,0.28790949157492657,10.788124739838043,9.938546364453117,492829.2364995514,5527527.055996759,10.795562724000774,9.922575470991433,0,1,0.0,0.0,3,4,3,4,WP3->WP4,1,0.5332260123185475,0.5332260123939759,0.2104716009699742,0.01105942381365981,utm,1,0.2729590396366546,0.7285663354018169,0,0.0
60.95,46.954,49.90008927949231,8.900150538677009,0.2879083892585435,10.814635948230167,9.930302241392395,492829.2629891143,5527527.047720609,10.82205412152689,9.914305195212364,0,1,0.0,0.0,3,4,3,4,WP3->WP4,1,0.5576497527140178,0.557649752653016,0.2236500874528268,0.01175189950427446,utm,1,0.035063427186690005,1.0314274569383612,0,0.0
61.0,47.004,49.900089194644885,8.900150931840955,0.287905833530758,10.842882558954122,9.920864904945121,492829.2912117918,5527527.038249412,10.850278898666147,9.904840257950127,0,1,0.0,0.0,3,4,3,4,WP3->WP4,1,0.5835467427106933,0.5835467427770402,0.23833235613773604,0.012523392813510045,utm,1,0.33385397901789465,1.1566571607924094,0,0.0
61.05,47.053999999999995,49.90008909652027,8.900151349011306,0.2879018288378805,10.872853894453407,9.90995078497348,492829.32115653285,5527527.027299724,10.880226067150943,9.893897210247815,0,1,0.0,0.0,3,4,3,4,WP3->WP4,1,0.6108520519681337,0.6108520519166193,0.25479453331423,0.013388413051163759,utm,1,0.3092894679479122,1.2344697776757032,0,0.0
61.1,47.104,49.900088985787185,8.900151789145854,0.28789850924695704,10.904475077830188,9.89763426106356,492829.3527485899,5527527.014945994,10.911820862966124,9.881550486199558,0,1,0.0,0.0,3,4,3,4,WP3->WP4,1,0.6395065111271546,0.6395065111976752,0.2729492754517361,0.014342370671104282,utm,1,0.5040880916363211,1.4210791802445213,0,0.0
61.15,47.153999999999996,49.90008887504316,8.900152249000783,0.28789273530781107,10.93751305934711,9.885316520205519,492829.38575687393,5527527.0025891615,10.944831886386964,9.869200974702835,0,1,0.0,0.0,3,4,3,4,WP3->WP4,1,0.6695505858666744,0.669550585913386,0.29137728953390524,0.015310687616666329,utm,1,0.1546556176967233,1.521958461978053,0,0.0
61.2,47.204,49.90008876649726,8.900152726348285,0.287884774158715,10.971807783496484,9.87324327130008,492829.4200217211,5527526.990475047,10.979099419142585,9.857094458304346,0,1,0.0,0.0,3,4,3,4,WP3->WP4,1,0.700874449951435,0.7008744500196762,0.3098068052676435,0.01627908346789093,utm,1,-0.027732988649149942,1.1458021995063514,0,0.0
61.25,47.254,49.90008866027444,8.900153219298662,0.2878752802709423,11.007223486192535,9.861428410904232,492829.4554074406,5527526.978617727,11.014487767184619,9.845244985073805,0,1,0.0,0.0,3,4,3,4,WP3->WP4,1,0.7333475913075896,0.7333475913137358,0.32819811543838145,0.01724547177267548,utm,1,-0.4021609175198915,0.939647633574722,0,0.0
61.3,47.303999999999995,49.900088557256794,8.90015372501032,0.2878666022304684,11.04355601484181,9.849970053337572,492829.49171009264,5527526.967115542,11.050792969064787,9.83375085145235,0,1,0.0,0.0,3,4,3,4,WP3->WP4,1,0.7667885812254512,0.7667885812030543,0.34641577164370435,0.018202735270162525,utm,1,0.25685762901209624,1.0352189266429523,0,0.0
61.35,47.354,49.900088457890675,8.900154237524065,0.2878579309688812,11.080377235111253,9.838917844423175,492829.52850178105,5527526.956018695,11.087587117333896,9.82266216352582,0,1,0.0,0.0,3,4,3,4,WP3->WP4,1,0.800786963893086,0.8007869638951401,0.36432884869305954,0.01914399437582127,utm,1,0.16478981112730456,1.324533242347607,0,0.0
61.4,47.403999999999996,49.90008836100282,8.900154747944507,0.28785039873537854,11.11704806335135,9.82814128557842,492829.5651435054,5527526.945197589,11.124231240479276,9.811849182471633,0,1,0.0,0.0,3,4,3,4,WP3->WP4,1,0.8346907510022783,0.8346907510520962,0.3819426362722212,0.020069527041054882,utm,1,-0.1340736229829444,1.0696316684473082,0,0.0
61.45,47.454,49.90008826619157,8.900155248142896,0.28784103564998237,11.152984494803833,9.817595701364269,492829.6010514361,5527526.934608342,11.160141518514138,9.801267898641527,0,1,0.0,0.0,3,4,3,4,WP3->WP4,1,0.8679184663826073,0.867918466434981,0.3991888115455798,0.020975743179639503,utm,1,-0.01612006669116743,1.411747732169866,0,0.0
61.5,47.504,49.900088174390625,8.900155733197927,0.28783381003884595,11.187832961403435,9.807384945567264,492829.6358722857,5527526.924355239,11.194964640948456,9.791022518649697,0,1,0.0,0.0,3,4,3,4,WP3->WP4,1,0.90014321141186,0.9001432114238535,0.41589759688766853,0.021853721670124726,utm,1,0.15793395028618104,1.0677868800014627,0,0.0
61.55,47.553999999999995,49.90008808700065,8.900156194911268,0.2878355508777565,11.221004459341305,9.797664808772614,492829.6690174948,5527526.914594794,11.228112013661303,9.781269423663616,0,1,0.0,0.0,3,4,3,4,WP3->WP4,1,0.9308171040862365,0.9308171040205651,0.4318030514216311,0.02268948840458827,utm,1,0.3618555915351346,1.058467193304087,0,0.0
61.6,47.604,49.900088006167884,8.900156621352467,0.2878577877578022,11.251641852892801,9.788674011627213,492829.6996305903,5527526.905566774,11.258727110456675,9.772248192690313,0,1,0.0,0.0,3,4,3,4,WP3->WP4,1,0.9591451559105427,0.959145155841739,0.446506392200949,0.023462088966401555,utm,1,-0.045649462668467033,1.1154656968490955,0,0.0
61.65,47.653999999999996,49.90008793509554,8.900157004412378,0.2879069783300909,11.279162545727372,9.780768839041633,492829.7271296847,5527526.897628096,11.28622796467971,9.764315612614155,0,1,0.0,0.0,3,4,3,4,WP3->WP4,1,0.984624272055927,0.9846242719600353,0.45954623310140635,0.024147279397396693,utm,1,0.18489283853471633,0.9783519584481145,0,0.0
61.7,47.704,49.90008787627566,8.900157347961134,0.2879255390935897,11.303844585035813,9.774226472176053,492829.7517930829,5527526.891055461,11.3108928197762,9.75774844828993,0,1,0.0,0.0,3,4,3,4,WP3->WP4,1,1.00758044083582,1.0075804408221785,0.47070405782131797,0.024733577557563377,utm,1,0.2383005807727191,0.89500109668831,0,0.0
61.75,47.754,49.900087829491056,8.90015765764599,0.28792446878766065,11.326093694227858,9.769022754610296,492829.7740263129,5527526.885824182,11.333127209334634,9.752522099763155,0,1,0.0,0.0,3,4,3,4,WP3->WP4,1,1.02840702943135,1.0284070293643528,0.48008147780368937,0.025226322713611877,utm,1,0.23362126987598003,0.9805520192157718,0,0.0
61.8,47.803999999999995,49.900087794094766,8.900157938607444,0.2879230841207199,11.346279189188508,9.76508572650395,492829.7941984462,5527526.881861834,11.353300220798701,9.748564224690199,0,1,0.0,0.0,3,4,3,4,WP3->WP4,1,1.0474525091922549,1.0474525091248628,0.4878200090171988,0.02563295095224843,utm,1,0.5799356466805539,1.1408065037797646,0,0.0
61.85,47.854,49.90008776936042,8.900158196058642,0.28792135162793914,11.364775604872301,9.762334595944878,492829.81268375943,5527526.879087161,11.371786148869433,9.745793650858104,0,1,0.0,0.0,3,4,3,4,WP3->WP4,1,1.0650687762921505,1.065068776373202,0.49407082825444104,0.02596140599705565,utm,1,-0.2811544434715145,0.9537177459064746,0,0.0
61.9,47.903999999999996,49.90008775389476,8.90015843512946,0.2879194986300414,11.381951493989378,9.76061439449538,492829.8298504507,5527526.877344763,11.3889532260946,9.744055059738457,0,1,0.0,0.0,3,4,3,4,WP3->WP4,1,1.0815876129173974,1.0815876128654098,0.49905673654574456,0.02622339513305045,utm,1,-0.6506040034270117,0.6631276637186432,0,0.0
61.95,47.954,49.9000877457104,8.900158660943333,0.2879170616694876,11.398174946367725,9.759704072019783,492829.84606616717,5527526.876413189,11.405169148754794,9.743127081543207,0,1,0.0,0.0,3,4,3,4,WP3->WP4,1,1.0973276571200585,1.0973276571027262,0.5030652648073966,0.026434026936630294,utm,1,-0.17034881746553654,0.25279344824739836,0,0.0
62.0,48.004,49.90008774246767,8.90015887847147,0.2879140239741386,11.413803115335373,9.75934339194542,492829.8616875719,5527526.87603183,11.420790637668688,9.742749187164009,0,1,0.0,0.0,3,4,3,4,WP3->WP4,1,1.1125892932741748,1.1125892933334536,0.5064202879663745,0.026610319713654754,utm,1,-0.04234210190814773,0.20234077438067583,0,0.0
62.05,48.053999999999995,49.90008774142655,8.900159092547426,0.287910362551942,11.429183264724859,9.759227591548989,492829.87706138316,5527526.875895583,11.436164478771389,9.742616348899901,0,1,0.0,0.0,3,4,3,4,WP3->WP4,1,1.127654653936174,1.1276546539895116,0.5094874598937111,0.026771487083016927,utm,1,0.0030715353816328575,-0.5066752538777954,0,0.0
62.1,48.104,49.90008773944555,8.900159307830213,0.28790593625604205,11.444650118052953,9.759007251063876,492829.8925217242,5527526.875654723,11.45162487286143,9.742378916591406,0,1,0.0,0.0,3,4,3,4,WP3->WP4,1,1.1427849937021437,1.1427849937162262,0.5126738339015781,0.026938918035313703,utm,1,0.1584744194874699,-0.06463872632662576,0,0.0
62.15,48.153999999999996,49.90008773297564,8.900159528690772,0.28790056297502464,11.460517702759375,9.75828762152858,492829.9083819702,5527526.874914239,11.467485282628331,9.741641950793564,0,1,0.0,0.0,3,4,3,4,WP3->WP4,1,1.1582125596791921,1.1582125596777744,0.5164269561242942,0.02713612929371718,utm,1,0.30982403567766226,-0.17047424197573496,0,0.0
62.2,48.204,49.90008771815939,8.90015975908201,0.28789401456848673,11.477070013055872,9.75663965231776,492829.92492542963,5527526.873244876,11.484029111859854,9.739976256154478,0,1,0.0,0.0,3,4,3,4,WP3->WP4,1,1.1741335502364731,1.1741335502437829,0.5212222541133977,0.02738810263610579,utm,1,0.7423899038398722,-0.04563143346404151,0,0.0
62.25,48.254,49.90008769091538,8.900160002330129,0.28788601315889245,11.494546017624101,9.753609378623425,492829.94239037024,5527526.8701925315,11.501494728960097,9.736927784979343,0,1,0.0,0.0,3,4,3,4,WP3->WP4,1,1.1906952098894692,1.1906952098619434,0.5275509497497055,0.027720649767913715,utm,1,0.8586009746149409,0.17069985774114976,0,0.0
62.3,48.303999999999995,49.90008764760555,8.900160260456957,0.287877486141071,11.513090973526232,9.748792150337566,492829.9609214514,5527526.865352523,11.520026882935781,9.732091885060072,0,1,0.0,0.0,3,4,3,4,WP3->WP4,1,1.2079623238999642,1.2079623238903237,0.5358378929751385,0.028156094820013047,utm,1,0.434881471586191,0.028653926765531246,0,0.0
62.35,48.354,49.900087595940214,8.900160522427173,0.28786901995021186,11.531912055154155,9.743045562828367,492829.9797273092,5527526.859583158,11.538834019680507,9.726326690986753,0,1,0.0,0.0,3,4,3,4,WP3->WP4,1,1.225321838816171,1.2253218388678782,0.5450895465954724,0.028642231466918914,utm,1,0.3120611663916156,-0.048231418606910895,0,0.0
62.4,48.403999999999996,49.90008754341688,8.900160781285521,0.28785828792341495,11.55050956662089,9.737203543238133,492829.9983095594,5527526.853718698,11.557417569914833,9.72046635299921,0,1,0.0,0.0,3,4,3,4,WP3->WP4,1,1.24244370953427,1.242443709602635,0.5543918827153074,0.029131031272366527,utm,1,0.5943631560975073,-0.14938340328155839,0,0.0
62.45,48.454,49.900087491965834,8.900161036591664,0.28784568557898316,11.568851872158882,9.731480790223888,492830.0166368654,5527526.847973797,11.575746149406768,9.714725515805185,0,1,0.0,0.0,3,4,3,4,WP3->WP4,1,1.2593381326601394,1.2593381326016062,0.5635282117704172,0.029611108083945153,utm,1,-0.0746798977690315,-0.10123937363070787,0,0.0
62.5,48.504,49.90008744469561,8.900161287142256,0.28783195442132603,11.586852518222349,9.726223058557327,492830.034623269,5527526.842694187,11.593733723391779,9.709449893794954,0,1,0.0,0.0,3,4,3,4,WP3->WP4,1,1.2759866972037728,1.2759866972373979,0.5721427512942878,0.03006376698478945,utm,1,0.07314479101943543,-0.6040507951849085,0,0.0
62.55,48.553999999999995,49.90008740294487,8.900161533585347,0.2878134513800578,11.604558063582656,9.721579243255993,492830.05231550836,5527526.83802864,11.611426996940281,9.704788270406425,0,1,0.0,0.0,3,4,3,4,WP3->WP4,1,1.2924636694358864,1.2924636695370786,0.5800983811969125,0.03048180287368024,utm,1,0.14586229824924163,-0.44733625612894445,0,0.0
62.6,48.604,49.90008736267155,8.900161780650064,0.28779593648706786,11.622308269221143,9.717099757695017,492830.070052609,5527526.833527298,11.629165095335338,9.700290861539543,0,1,0.0,0.0,3,4,3,4,WP3->WP4,1,1.309016010407523,1.3090160103874957,0.5879013825737502,0.03089181875633289,utm,1,-0.08959686803248357,-0.36490939699151864,0,0.0
62.65,48.653999999999996,49.90008732593204,8.900162027244777,0.28777805846294635,11.640024707690188,9.713013327273568,492830.08775647986,5527526.829418899,11.646869876829442,9.696186388842762,0,1,0.0,0.0,3,4,3,4,WP3->WP4,1,1.3256107080122765,1.3256107080764206,0.5953123200827783,0.03128123328252629,utm,1,0.2981217760011171,-0.3436422678200239,0,0.0
62.7,48.704,49.90008729758209,8.900162268824104,0.2877777605172437,11.65738081901922,9.709860043472718,492830.1051014117,5527526.826243753,11.664215512340888,9.693015089258552,0,1,0.0,0.0,3,4,3,4,WP3->WP4,1,1.342031132412312,1.3420311324253458,0.601738662470418,0.03161891135267473,utm,1,0.1560432180627827,-0.7739530042572498,0,0.0
62.75,48.754,49.90008728497314,8.900162494706032,0.28782006462124315,11.673609160821522,9.70845758576231,492830.1213213603,5527526.824820234,11.680435776244849,9.691595167852938,0,1,0.0,0.0,3,4,3,4,WP3->WP4,1,1.3576814647920927,1.3576814647104254,0.6062309041956748,0.03185496032500193,utm,1,-0.8399145316276189,-0.33301310280012697,0,0.0
62.8,48.803999999999995,49.90008728736459,8.900162694869314,0.28790702464220713,11.6879897629944,9.708723580197654,492830.13569653494,5527526.825066961,11.694810895831324,9.6918450826779,0,1,0.0,0.0,3,4,3,4,WP3->WP4,1,1.3718396101725536,1.371839610141559,0.6087315917736053,0.031986361253309746,utm,1,-0.692829441232585,-0.5202952661463675,0,0.0
62.85,48.854,49.90008729034858,8.900162866605053,0.28790624125959396,11.70032800663197,9.709055480864034,492830.14803026005,5527526.825382292,11.7071445506881,9.692163148894906,0,1,0.0,0.0,3,4,3,4,WP3->WP4,1,1.384006902563136,1.3840069024688837,0.6107754132397882,0.03209375573166123,utm,1,-0.15660919872958112,-0.563915586876421,0,0.0
62.9,48.903999999999996,49.900087293813776,8.900163015152037,0.287904871854635,11.711000269156248,9.7094409046068,492830.1586987452,5527526.825753343,11.71781295328401,9.692536565475166,0,1,0.0,0.0,3,4,3,4,WP3->WP4,1,1.3945501810950396,1.3945501810406402,0.6124467991559752,0.03218158024156236,utm,1,-0.13086139967659766,-0.10318017243732702,0,0.0
62.95,48.954,49.90008729761343,8.900163145703083,0.28790306542341665,11.7203796250246,9.709863529463059,492830.168074893,5527526.826163301,11.727189009950962,9.69294860213995,0,1,0.0,0.0,3,4,3,4,WP3->WP4,1,1.4038322893984563,1.4038322893392678,0.613833406166231,0.03225444078198082,utm,1,-0.37462057164703,-0.10653705143035995,0,0.0
63.0,49.004,49.90008730156804,8.900163263067377,0.2879005834710881,11.728811587234125,9.710303389700831,492830.1765040512,5527526.826591752,11.735618072911166,9.693378921598196,0,1,0.0,0.0,3,4,3,4,WP3->WP4,1,1.412188335032729,1.412188334939073,0.6150211684932713,0.032316852845670645,utm,1,-0.3736086532594594,0.17293491476589254,0,0.0
63.05,49.053999999999995,49.90008730520633,8.900163371750027,0.28789764290314085,11.736619822327219,9.710708065279846,492830.184309686,5527526.826985862,11.743423620122485,9.69377476349473,0,1,0.0,0.0,3,4,3,4,WP3->WP4,1,1.4199257604829478,1.419925760528752,0.6161236671241324,0.03237478465003988,utm,1,-0.6795787780271071,0.06834858864905895,0,0.0
63.1,49.104,49.90008730796621,8.900163475855244,0.28789442958381045,11.744099194652556,9.711015039028077,492830.19178646023,5527526.827282749,11.750900328333955,9.694073308259249,0,1,0.0,0.0,3,4,3,4,WP3->WP4,1,1.4273218165315429,1.427321816561653,0.6172588542348627,0.03243443410064278,utm,1,-0.812170414650943,0.1616999400989278,0,0.0
63.15,49.153999999999996,49.9000873088569,8.900163579269835,0.2878902258986015,11.751528949381264,9.711114107802914,492830.19921335974,5527526.827371879,11.758327207935508,9.694164085201919,0,1,0.0,0.0,3,4,3,4,WP3->WP4,1,1.4346292726664522,1.4346292726371352,0.6185884654830014,0.03250429974632992,utm,1,-0.8536634787497415,1.0896817942841057,0,0.0
63.2,49.204,49.90008730718367,8.900163685573817,0.28788499055603056,11.759166290607432,9.7109279996439,492830.20684738236,5527526.827175668,11.765961273864377,9.693969568237662,0,1,0.0,0.0,3,4,3,4,WP3->WP4,1,1.4420856017303667,1.4420856017448367,0.6202376944068448,0.03259095999669374,utm,1,-0.5089428683809833,1.0691337903795635,0,0.0
63.25,49.254,49.900087301043534,8.900163797393143,0.28787847026906077,11.767199878091976,9.710245049773977,492830.21487682994,5527526.826482289,11.773990874993615,9.693277968093753,0,1,0.0,0.0,3,4,3,4,WP3->WP4,1,1.4498352274602073,1.4498352275111486,0.6224504087057044,0.03270722910424485,utm,1,-0.6327905874073424,1.063100225202151,0,0.0
63.3,49.303999999999995,49.90008728632339,8.90016391498632,0.28787106261075496,11.775648284294949,9.70860777060336,492830.22331965796,5527526.824834409,11.782434068270959,9.691631961613894,0,1,0.0,0.0,3,4,3,4,WP3->WP4,1,1.4578085139919774,1.4578085139163028,0.6256789618437867,0.03287687639772492,utm,1,-0.5568923918142439,0.6972273078561959,0,0.0
63.35,49.354,49.90008725777448,8.900164037922027,0.2878607043402955,11.784480520998851,9.70543235674245,492830.2321441129,5527526.821648499,11.791259229416028,9.688448008149862,0,1,0.0,0.0,3,4,3,4,WP3->WP4,1,1.4658629489727493,1.465862949024806,0.6304901054913243,0.03312968236480694,utm,1,-0.04025418250869023,1.153755052848583,0,0.0
63.4,49.403999999999996,49.90008720985425,8.900164165119682,0.28784814073953496,11.793618954687625,9.70010232703711,492830.24127177114,5527526.816308428,11.80038807168603,9.6831099614501,0,1,0.0,0.0,3,4,3,4,WP3->WP4,1,1.4738039882728327,1.4738039882412224,0.6374736865300409,0.033496641052289076,utm,1,0.2321229663496295,1.0539425936168973,0,0.0
63.45,49.454,49.90008713752214,8.900164295768464,0.2878332135539443,11.803005332402806,9.692057033488423,492830.25064365607,5527526.808253849,11.809761742537376,9.675057461485267,0,1,0.0,0.0,3,4,3,4,WP3->WP4,1,1.481466820555676,1.4814668205523915,0.6471685029624801,0.034006064096670605,utm,1,-0.04697199181420711,1.5408126742598336,0,0.0
63.5,49.504,49.90008703945756,8.900164428631037,0.2878164440839143,11.812550758439052,9.681149591165827,492830.2601707122,5527526.7973380545,11.81929121905705,9.664143779315054,0,1,0.0,0.0,3,4,3,4,WP3->WP4,1,1.488736033763292,1.4887360336945479,0.6597015754656977,0.034664625916230214,utm,1,-0.12214638358712589,1.3932338570344154,0,0.0
63.55,49.553999999999995,49.90008691686778,8.900164562866443,0.2877983055754847,11.822194814871619,9.667514281096507,492830.26979272463,5527526.783695352,11.828916256665252,9.6505032107234,0,1,0.0,0.0,3,4,3,4,WP3->WP4,1,1.4955781459663477,1.4955781459287616,0.6749295742932192,0.03546479511763948,utm,1,-0.6940664340364333,1.3391820173628617,0,0.0
63.6,49.604,49.900086773165924,8.900164698450551,0.28778083277748057,11.831935767838688,9.651530735199213,492830.27950846625,5527526.767705226,11.838635543943383,9.63451524078846,0,1,0.0,0.0,3,4,3,4,WP3->WP4,1,1.5020643608763675,1.5020643608340158,0.6924797531856456,0.03638698540593676,utm,1,-0.48527690782123734,1.2783676248560463,0,0.0
63.65,49.653999999999996,49.90008661520524,8.900164835975984,0.2877726824306711,11.841816194074504,9.633961220767702,492830.289361512,5527526.75012958,11.848492486984469,9.61694177892059,0,1,0.0,0.0,3,4,3,4,WP3->WP4,1,1.5083828289707524,1.5083828290637054,0.7116125216321804,0.03739233431763641,utm,1,-0.19633684642673047,1.2182573890455721,0,0.0
63.7,49.704,49.90008645694983,8.900164977684792,0.2877682950877485,11.851997172226024,9.616358924442444,492830.29951494536,5527526.732520765,11.858649824978784,9.599335216917098,0,1,0.0,0.0,3,4,3,4,WP3->WP4,1,1.5149898373041635,1.5149898373679263,0.730835164832705,0.03840240578092944,utm,1,-0.031067567968505183,1.1527509520635677,0,0.0
63.75,49.754,49.90008630904706,8.900165122062857,0.287778230570148,11.862369921416036,9.599908123531645,492830.3098616067,5527526.716062728,11.869000135746319,9.582879474386573,0,1,0.0,0.0,3,4,3,4,WP3->WP4,1,1.5220060999423488,1.5220060999651197,0.748965041310389,0.039355056811909206,utm,1,0.03554005741552253,0.9734267049993027,0,0.0
63.8,49.803999999999995,49.90008618069499,8.900165261825261,0.28781680700787193,11.87241106142976,9.585631890046695,492830.31987968954,5527526.701778831,11.87902138591744,9.56859780009836,0,1,0.0,0.0,3,4,3,4,WP3->WP4,1,1.5291146614767046,1.529114661450799,0.7648980278928595,0.040192270243178896,utm,1,0.16608212710685738,0.6933333055267139,0,0.0
63.85,49.854,49.900086076110576,8.900165391862172,0.287905316095385,11.881753479634845,9.573999264801714,492830.32920285355,5527526.6901384145,11.888347131025512,9.556959451176226,0,1,0.0,0.0,3,4,3,4,WP3->WP4,1,1.536045465591219,1.5360454656200064,0.7781035053915317,0.04088616420153957,utm,1,0.39915898691981777,0.4298114529742781,0,0.0
63.9,49.903999999999996,49.90008598221427,8.900165498548885,0.2879058881287442,11.889418317872586,9.563555447874103,492830.33685069595,5527526.679688565,11.895997290557716,9.546511298045516,0,1,0.0,0.0,3,4,3,4,WP3->WP4,1,1.5415588963229883,1.5415588962474902,0.7898206262701256,0.04150185109266907,utm,1,0.1714634074303258,0.4660358501129367,0,0.0
63.95,49.954,49.900085896147196,8.90016558296959,0.2879057188211435,11.895483469112962,9.5539824535502,492830.3429006548,5527526.670111323,11.902049373136833,9.536935396492481,0,1,0.0,0.0,3,4,3,4,WP3->WP4,1,1.5456702996270173,1.5456702995588425,0.8003762855149624,0.04205650791422231,utm,1,0.4135211031417426,0.40345758828119044,0,0.0
64.0,50.004,49.900085816630316,8.900165649340138,0.28790542020044557,11.900251818442719,9.545138019179715,492830.34765530366,5527526.661264075,11.90680598380277,9.528089203871787,0,1,0.0,0.0,3,4,3,4,WP3->WP4,1,1.5486494788270182,1.548649478785008,0.8099682076622071,0.0425605242837711,utm,1,0.6585575521773447,0.5757936329290071,0,0.0
64.05,50.053999999999995,49.900085742683764,8.900165702268316,0.2879040363687383,11.9040544092933,9.53691315573805,492830.3514454077,5527526.653037437,11.91059791209409,9.51986340712756,0,1,0.0,0.0,3,4,3,4,WP3->WP4,1,1.550800250834574,1.550800250880661,0.8187668800915477,0.04302285861745407,utm,1,0.7997322271220051,0.4373454493696154,0,0.0
64.1,50.10399999999999,49.90008567058942,8.900165751963922,0.2879024522181939,11.907624758121182,9.528894308170079,492830.3550036378,5527526.645017044,11.914157920633443,9.511843802407384,0,1,0.0,0.0,3,4,3,4,WP3->WP4,1,1.5527627618290119,1.5527627618545519,0.8273188543991643,0.043472229971478,utm,1,0.2322242435174794,0.5261786854634443,0,0.0
64.15,50.154,49.900085598783754,8.900165801490116,0.28790182438207335,11.91118293571387,9.520907569636751,492830.35854974407,5527526.63702876,11.917705798288807,9.503856305032969,0,1,0.0,0.0,3,4,3,4,WP3->WP4,1,1.5547194986500938,1.5547194986227306,0.8358369952067027,0.04391982351312849,utm,1,0.07044877719200979,0.4855658383853548,0,0.0
64.2,50.204,49.900085526952466,8.900165851080557,0.2879009082619904,11.914745728983007,9.512917981180731,492830.36210046057,5527526.629037623,11.921258286805823,9.495865956880152,0,1,0.0,0.0,3,4,3,4,WP3->WP4,1,1.556680216509918,1.5566802164303635,0.8443588168213783,0.0443676104661747,utm,1,-0.19768206019915288,-0.0034897980826253394,0,0.0
64.25,50.254,49.900085454722905,8.900165901648702,0.2878998492993496,11.91837876484082,9.504884093690558,492830.36572133243,5527526.621002111,11.924880940525327,9.48783124703914,0,1,0.0,0.0,3,4,3,4,WP3->WP4,1,1.5587013334178186,1.558701333502558,0.8529375849298867,0.04481838972510493,utm,1,-0.44271275890589096,0.21060380003777232,0,0.0
64.3,50.303999999999995,49.900085380040785,8.900165953844226,0.28789789792184023,11.922128718704467,9.496577415958827,492830.3694587117,5527526.612693762,11.928620162128936,9.479523727670312,0,1,0.0,0.0,3,4,3,4,WP3->WP4,1,1.560784758554548,1.560784758563744,0.861806406408507,0.04528441010508837,utm,1,-0.22499979400777806,0.26730121137718493,0,0.0
64.35,50.35399999999999,49.90008529715912,8.900166006017978,0.2878954352331899,11.925877108314891,9.48735872546716,492830.37319331244,5527526.603473768,11.932356807345059,9.47030456084758,0,1,0.0,0.0,3,4,3,4,WP3->WP4,1,1.5626915078087813,1.5626915077466876,0.8715695951139879,0.0457974258334291,utm,1,-0.10144323040816236,-0.05212611824636881,0,0.0
64.4,50.404,49.900085201338065,8.9001660566476,0.2878915874434147,11.92951456101531,9.476700824016806,492830.37681510334,5527526.592815286,11.935980961774476,9.459646882489324,0,1,0.0,0.0,3,4,3,4,WP3->WP4,1,1.564213046474641,1.5642130464861703,0.8827233177972867,0.04638350844830991,utm,1,-0.1639413121229351,0.15947419747334524,0,0.0
64.45,50.454,49.900085087386074,8.900166104017668,0.2878864457363408,11.932917832999165,9.464026270432324,492830.38020012097,5527526.5801412705,11.939368789840955,9.446973619051278,0,1,0.0,0.0,3,4,3,4,WP3->WP4,1,1.565117584697532,1.5651175845862624,0.8958103652780365,0.04707117939247566,utm,1,-0.04038590040966626,0.23052448253234348,0,0.0
64.5,50.504,49.90008495071745,8.900166146081464,0.2878800799263232,11.935939879358695,9.448825010625365,492830.38320069993,5527526.564942068,11.942372739315033,9.431775081902742,0,1,0.0,0.0,3,4,3,4,WP3->WP4,1,1.5651629241956555,1.5651629241312581,0.9113028525956062,0.04788524638480683,utm,1,0.22247539040544567,0.20264060194072228,0,0.0
64.55,50.553999999999995,49.90008478642695,8.900166180747034,0.2878715399503889,11.938430404929058,9.43055144925472,492830.38566587854,5527526.5466725025,11.944841969234403,9.413506063632667,0,1,0.0,0.0,3,4,3,4,WP3->WP4,1,1.5640968535243618,1.5640968535298072,0.9297071357049448,0.04885231636457951,utm,1,0.550118191728803,-0.6520247004068327,0,0.0
64.6,50.60399999999999,49.90008459073012,8.900166206824045,0.2878613217661317,11.940303890989856,9.408784650333414,492830.38750961184,5527526.524911921,11.946690528071485,9.39174589049071,0,1,0.0,0.0,3,4,3,4,WP3->WP4,1,1.5617546454089424,1.561754645344875,0.9514197205804438,0.049993224102828054,utm,1,0.500024804659261,-0.4077289580540482,0,0.0
64.65,50.654,49.90008436682924,8.900166226346386,0.2878609629017762,11.941706461023688,9.383880797595518,492830.3888784388,5527526.500016166,11.948064875788987,9.366850440390408,0,1,0.0,0.0,3,4,3,4,WP3->WP4,1,1.5583480435581523,1.5583480436172887,0.9761192620970893,0.051291084224463365,utm,1,0.6654792250576477,-0.5955341535143753,0,0.0
64.7,50.704,49.90008413947671,8.900166246525746,0.28785407684146236,11.943156234188393,9.358593026734388,492830.3902939386,5527526.474736584,11.949485981487669,9.341571173630655,0,1,0.0,0.0,3,4,3,4,WP3->WP4,1,1.5549140204261527,1.5549140204262557,1.001204484191438,0.052609210286709465,utm,1,0.733128502862131,-0.20292453032284274,0,0.0
64.75,50.754,49.90008391365125,8.900166269858738,0.2878453132571122,11.944832578016658,9.333475107161949,492830.3919361441,5527526.449626486,11.951133755326737,9.31646143924445,0,1,0.0,0.0,3,4,3,4,WP3->WP4,1,1.5517348764204906,1.5517348763668295,1.0261665940856695,0.05392086730519169,utm,1,0.7479623562637868,0.11962373286353051,0,0.0
64.8,50.803999999999995,49.90008369036555,8.90016629675357,0.2878368349072787,11.946764819863509,9.30863967803963,492830.39383452135,5527526.424798422,11.953037638333626,9.291633796878159,0,1,0.0,0.0,3,4,3,4,WP3->WP4,1,1.5488610116029629,1.54886101162665,1.0509007306655063,0.05522054525623453,utm,1,0.6442094766217262,0.022346126267795127,0,0.0
64.85,50.85399999999999,49.90008346978376,8.900166326179079,0.28782692742886334,11.948878876635064,9.284104997126873,492830.395915041,5527526.400270744,11.955123597057536,9.267106581479311,0,1,0.0,0.0,3,4,3,4,WP3->WP4,1,1.546223258796023,1.5462232587360458,1.0753747531596176,0.05650655527345312,utm,1,0.9245841616594466,0.25686317408449105,0,0.0
64.9,50.904,49.90008325351034,8.90016635844413,0.2878181403369029,11.951196938469947,9.260049524205263,492830.3982001222,5527526.3762218105,11.957414011238143,9.243058155290782,0,1,0.0,0.0,3,4,3,4,WP3->WP4,1,1.5438776566919665,1.5438776566731176,1.09941785948949,0.05776992240456967,utm,1,0.4049841808516434,0.6093395777356553,0,0.0
64.95,50.954,49.90008304340643,8.90016639290955,0.28781493386274093,11.953673084447619,9.23668026851777,492830.4006441383,5527526.3528586095,11.95986320823431,9.219695496372879,0,1,0.0,0.0,3,4,3,4,WP3->WP4,1,1.5418189119931982,1.541818912012009,1.1228181574292815,0.058999512577730305,utm,1,0.5566233298467744,0.8515941013858013,0,0.0
65.0,51.004,49.90008284225358,8.900166430102315,0.28781925556096105,11.95634517467749,9.214306612945387,492830.4032853462,5527526.330490349,11.962509376462549,9.1973278215155,0,1,0.0,0.0,3,4,3,4,WP3->WP4,1,1.5401435777013208,1.5401435777070112,1.1452794200674745,0.06017976027747169,utm,1,0.7157101625754453,0.39894591795030765,0,0.0
65.05,51.053999999999995,49.900082653502466,8.900166471563768,0.2878356839736782,11.959323946087117,9.19331236665204,492830.4062349499,5527526.309500538,11.965463634696789,9.176338666118681,0,1,0.0,0.0,3,4,3,4,WP3->WP4,1,1.5390339907652506,1.5390339907486787,1.1664464025248769,0.061291998834948666,utm,1,0.8113227770107146,0.07378458687251344,0,0.0
65.1,51.10399999999999,49.900082478027585,8.90016651974037,0.28785658276694603,11.962785163079449,9.17379479846139,492830.40966877254,5527526.28998617,11.968901784683112,9.156825059093535,0,1,0.0,0.0,3,4,3,4,WP3->WP4,1,1.5386812512289203,1.5386812511513224,1.1862574415674352,0.06233298809882504,utm,1,0.7011367075030902,0.03579219086098434,0,0.0
65.15,51.154,49.900082312491534,8.900166575058739,0.28787714125311303,11.96675947567577,9.15538269745267,492830.41361695743,5527526.271576143,11.972854052088223,9.138415908440948,0,1,0.0,0.0,3,4,3,4,WP3->WP4,1,1.5390441394772485,1.5390441395128587,1.2050825729384795,0.06332217193750313,utm,1,0.6040578016175678,-0.43169138529992174,0,0.0
65.2,51.204,49.900082154333255,8.900166633861136,0.28787883096648126,11.970984096098626,9.137791205079617,492830.41781644296,5527526.253986062,11.977057438227348,9.12082675844431,0,1,0.0,0.0,3,4,3,4,WP3->WP4,1,1.5398101627589325,1.5398101627548222,1.223150772846155,0.06427158211639666,utm,1,0.2595216778271402,-0.14189414237900677,0,0.0
65.25,51.254,49.90008200005403,8.90016669327432,0.2878817537018229,11.975252598055018,9.1206311682195,492830.42206036707,5527526.236827207,11.981305167311803,9.103668846189976,0,1,0.0,0.0,3,4,3,4,WP3->WP4,1,1.5407020890580387,1.5407020891087266,1.2408041480373053,0.0651991949491053,utm,1,0.32740194725508465,0.034558550712097735,0,0.0
65.3,51.303999999999995,49.900081845421106,8.900166751459325,0.2878833453978722,11.979432862321046,9.10343179138882,492830.42621603666,5527526.219629144,11.985464650613721,9.086471704766154,0,1,0.0,0.0,3,4,3,4,WP3->WP4,1,1.5414999013029842,1.5414999012894552,1.258479171073154,0.06612794528772004,utm,1,0.10604659481590956,0.3858850521917572,0,0.0
65.35,51.35399999999999,49.90008168564594,8.900166807789274,0.28788846448110406,11.983479851242597,9.085660456724517,492830.4302377224,5527526.201859532,11.989490276784636,9.068702985532582,0,1,0.0,0.0,3,4,3,4,WP3->WP4,1,1.5420571356928754,1.5420571356059047,1.2766896782049517,0.06708483313056472,utm,1,-0.06623261474722497,0.29283544633741493,0,0.0
65.4,51.404,49.90008151550453,8.900166863759724,0.28789534929374716,11.987501012182818,9.066736116073526,492830.43423205457,5527526.182937408,11.993488804961089,9.049781747162342,0,1,0.0,0.0,3,4,3,4,WP3->WP4,1,1.5423676117874765,1.542367611786332,1.2960263033711705,0.0681008938810581,utm,1,-0.13062561971861458,0.6041633714484693,0,0.0
65.45,51.454,49.900081329432304,8.900166920445841,0.2879202451694096,11.991573589795923,9.04603983457468,492830.43827542197,5527526.162243984,11.997536761162337,9.029089220799506,0,1,0.0,0.0,3,4,3,4,WP3->WP4,1,1.5423882461959026,1.5423882461525031,1.3171110418692238,0.06920881085406305,utm,1,-0.0936162002418639,0.9177372357029043,0,0.0
65.5,51.504,49.9000811201829,8.900166977862549,0.28792536901314536,11.995698656227733,9.022765622535365,492830.4423678227,5527526.138973591,12.001634322165046,9.005819735117257,0,1,0.0,0.0,3,4,3,4,WP3->WP4,1,1.5419653098256616,1.5419653097592045,1.340734759804233,0.07045014083631987,utm,1,-0.12226432610136029,0.5378004100112377,0,0.0
65.55,51.553999999999995,49.900080881545534,8.900167035525847,0.28791146972039927,11.999841438781255,8.996222672279949,492830.44647357747,5527526.112435746,12.005745961796492,8.97928280197084,0,1,0.0,0.0,3,4,3,4,WP3->WP4,1,1.5409320298973628,1.5409320298947506,1.3675684469820424,0.07186014160419021,utm,1,-0.08013261035775746,0.3131321914965284,0,0.0
65.6,51.60399999999999,49.90008062341132,8.90016710358569,0.28788424485909836,12.004731154481886,8.967511143115477,492830.45132307615,5527526.0837291945,12.010601826244965,8.950577327050269,0,1,0.0,0.0,3,4,3,4,WP3->WP4,1,1.5402150255298543,1.540215025540822,1.3966729078593205,0.07338946226420562,utm,1,-0.06556733576283774,-0.003877119516217109,0,0.0
65.65,51.654,49.90008035205999,8.900167195450926,0.28782777810345767,12.011331153213622,8.937329510905796,492830.4578802119,5527526.053550848,12.017165654106066,8.920400435104966,0,1,0.0,0.0,3,4,3,4,WP3->WP4,1,1.540893456283422,1.5408934562784655,1.4275479522879952,0.07501181986508215,utm,1,-0.0957630249870969,0.10662654590147033,0,0.0
65.7,51.704,49.90008007467888,8.900167297616154,0.28777755539475425,12.018671148241367,8.906477205144117,492830.46517615305,5527526.022701113,12.02446843625512,8.889552318491042,0,1,0.0,0.0,3,4,3,4,WP3->WP4,1,1.5421690133751926,1.5421690133132306,1.4592230194081535,0.07667621539394937,utm,1,-0.12871738898662982,0.2580232144465868,0,0.0
65.75,51.754,49.90007979755604,8.900167399477745,0.2877422676246141,12.025989328719726,8.875653625018296,492830.4724503268,5527525.991880118,12.031749444606248,8.858732936903834,0,1,0.0,0.0,3,4,3,4,WP3->WP4,1,1.5434286866510476,1.5434286867205789,1.4908657205688258,0.07833891022371305,utm,1,0.17259067714475063,0.9228945571464345,0,0.0
65.8,51.803999999999995,49.900079520997,8.900167500688035,0.2877441697277077,12.033260716879896,8.844892754512113,492830.47967781074,5527525.961121872,12.038983749225736,8.827976294793189,0,1,0.0,0.0,3,4,3,4,WP3->WP4,1,1.544654501099202,1.544654501066644,1.522437917059823,0.07999790032077557,utm,1,0.6380316968396047,1.219155502780478,0,0.0
65.85,51.85399999999999,49.90007924608329,8.900167599573635,0.287747118379939,12.040365089198978,8.814314890362292,492830.48673858977,5527525.930546781,12.046051308338065,8.797402770258486,0,1,0.0,0.0,3,4,3,4,WP3->WP4,1,1.5457516205233495,1.545751620437862,1.5537985152743496,0.08164577179182421,utm,1,0.529326018688341,1.6804185564725151,0,0.0
65.9,51.904,49.90007897207894,8.900167697483829,0.28774972152211103,12.04739938407124,8.78383817087439,492830.49372945435,5527525.900072889,12.053048930538353,8.766930430196226,0,1,0.0,0.0,3,4,3,4,WP3->WP4,1,1.546799419410631,1.5467994193928192,1.585046433236742,0.0832877223754085,utm,1,0.7855377184504806,1.1436194354871185,0,0.0
65.95,51.954,49.900078699898636,8.900167793433795,0.2877524752850265,12.054292847657413,8.753564335741359,492830.5005798146,5527525.869801987,12.059906003414653,8.736661047674716,0,1,0.0,0.0,3,4,3,4,WP3->WP4,1,1.5477480271356845,1.5477480271465571,1.6160682822056012,0.0849177939558442,utm,1,0.8403296462373406,1.0619820926379797,0,0.0
66.0,52.004,49.90007843201087,8.900167887979029,0.28775374371024787,12.061085389153122,8.723767946854812,492830.5073299295,5527525.840008475,12.066662725061178,8.706869032233953,0,1,0.0,0.0,3,4,3,4,WP3->WP4,1,1.5486893207164847,1.5486893206400139,1.6466023841178186,0.08652223641867732,utm,1,0.9006311849421484,1.8506917057226586,0,0.0
66.05,52.053999999999995,49.90007817228366,8.900167986425446,0.28775317729557415,12.06815820865845,8.694879233581698,492830.5143614192,5527525.8111219015,12.073700620385353,8.677984019741416,0,1,0.0,0.0,3,4,3,4,WP3->WP4,1,1.5500798694165014,1.550079869486492,1.6762998982107373,0.08808271960525496,utm,1,0.13906574062792132,1.0409089593492271,0,0.0
66.1,52.10399999999999,49.90007792418125,8.900168090078347,0.28775314237808347,12.07560508466639,8.667283512120536,492830.5217685377,5527525.7835273035,12.08111385803204,8.650391064584255,0,1,0.0,0.0,3,4,3,4,WP3->WP4,1,1.5520856636561022,1.5520856636800953,1.7048008461526902,0.08958032812311899,utm,1,0.3708439698261996,1.0961197203164488,0,0.0
66.15,52.154,49.900077691027434,8.900168198714935,0.28775657055089254,12.083410010413779,8.641350481404807,492830.5295357773,5527525.757594254,12.088886848243419,8.624459738843143,0,1,0.0,0.0,3,4,3,4,WP3->WP4,1,1.5547619974603928,1.5547619974472633,1.7317394858900144,0.09099584371973891,utm,1,0.7501738479726563,0.8904528617719925,0,0.0
66.2,52.204,49.900077467251734,8.900168307553527,0.287761125333983,12.091229448990406,8.61646055069491,492830.5373189137,5527525.732703867,12.09667550411541,8.59957107808441,0,1,0.0,0.0,3,4,3,4,WP3->WP4,1,1.557652883232437,1.5576528832010588,1.7576576519458362,0.09235773758838031,utm,1,0.8177972050218348,1.002768128422963,0,0.0
66.25,52.254,49.90007724699251,8.900168411985133,0.28775934723685354,12.098732270565261,8.591961748525856,492830.54478608136,5527525.708204876,12.104148104437627,8.575073743239045,0,1,0.0,0.0,3,4,3,4,WP3->WP4,1,1.5603082862177664,1.5603082861604658,1.783131325044075,0.09369627516582876,utm,1,0.7170035667860064,1.037316343534407,0,0.0
66.3,52.303999999999995,49.90007703026817,8.900168511254758,0.28775387827907195,12.105864232931777,8.567856121068553,492830.55188306276,5527525.684099394,12.11125043121865,8.550969835370779,0,1,0.0,0.0,3,4,3,4,WP3->WP4,1,1.562675388395743,1.5626753884112865,1.8081480839240134,0.09501080376551783,utm,1,0.9801033013077247,1.0891193785871085,0,0.0
66.35,52.35399999999999,49.90007681744288,8.900168604218461,0.2877493077556407,12.112543150325196,8.54418417288462,492830.5585277591,5527525.660428022,12.117900376673788,8.527299937792122,0,1,0.0,0.0,3,4,3,4,WP3->WP4,1,1.5646813462582327,1.5646813463138836,1.832652409425298,0.0962984060821137,utm,1,0.7203191114791331,1.0899249009051606,0,0.0
66.4,52.404,49.90007660975247,8.900168688970764,0.2877441534064046,12.118632125000492,8.52108336321691,492830.5645835107,5527525.637328346,12.123961250646971,8.504201605916023,0,1,0.0,0.0,3,4,3,4,WP3->WP4,1,1.5662182633902144,1.5662182632977801,1.8564831675816242,0.09755061518318496,utm,1,0.7884317610660765,1.2229457649511055,0,0.0
66.45,52.454,49.900076409322324,8.900168762989132,0.2877491620857419,12.123949927048601,8.498790092728083,492830.5698694755,5527525.615036915,12.129252158629242,8.48191134724766,0,1,0.0,0.0,3,4,3,4,WP3->WP4,1,1.5671537549907422,1.5671537549247518,1.8793736499819738,0.09875341663002102,utm,1,0.4072962325329698,1.44504976121215,0,0.0
66.5,52.504,49.90007621714308,8.900168824919097,0.28777836147798713,12.128399245548941,8.477414545457489,492830.5742885284,5527525.593663995,12.133675951045007,8.460539408028126,0,1,0.0,0.0,3,4,3,4,WP3->WP4,1,1.5674135201890218,1.5674135201330879,1.90119708362221,0.09990014901854448,utm,1,0.18752290798984125,1.469000874353626,0,0.0
66.55,52.553999999999995,49.90007602768562,8.900168883788938,0.28783979072948457,12.13262871136644,8.456341735257599,492830.5784882204,5527525.572593984,12.137880315305665,8.439470328390598,0,1,0.0,0.0,3,4,3,4,WP3->WP4,1,1.567515751588797,1.5675157516972682,1.9226813179203264,0.10102905786572301,utm,1,0.2820756416844875,1.2863170522871465,0,0.0
66.6,52.60399999999999,49.900075838662545,8.9001689424457,0.28787862711512846,12.13684286863643,8.43531723931313,492830.5826726743,5527525.551572288,12.142069430847187,8.418449561111629,0,1,0.0,0.0,3,4,3,4,WP3->WP4,1,1.567612244068968,1.5676122440152616,1.9441152172037228,0.10215532181326716,utm,1,0.44716788375217936,1.2514419220091684,0,0.0
66.65,52.654,49.90007565001277,8.900169001179066,0.2879027737835382,12.141062529571284,8.41433426535551,492830.58686268504,5527525.530592091,12.146264093986247,8.397470294497907,0,1,0.0,0.0,3,4,3,4,WP3->WP4,1,1.5677221092022486,1.567722109290996,1.9655094403912667,0.1032795009438703,utm,1,0.1303008801264734,0.9438646688483381,0,0.0
66.7,52.704,49.90007546107609,8.900169060165764,0.2879030454599791,12.145300390950357,8.39331937976355,492830.5910708465,5527525.509579971,12.150476914888714,8.376459107734263,0,1,0.0,0.0,3,4,3,4,WP3->WP4,1,1.5678437007354091,1.5678437006990302,1.9869384633031568,0.10440550865798955,utm,1,0.7241337430845346,0.9170471645347926,0,0.0
66.75,52.754,49.90007527207339,8.900169119170707,0.28790320830673843,12.14953956312692,8.372297150031194,492830.5952803084,5527525.488560508,12.154691037954763,8.35544057842344,0,1,0.0,0.0,3,4,3,4,WP3->WP4,1,1.5679651676008428,1.567965167503911,2.0083749429158746,0.10553190819131064,utm,1,0.6335359751779223,0.6157815994534916,0,0.0
66.8,52.803999999999995,49.900075083521216,8.90016917804077,0.2879033563675793,12.153769044897068,8.351325032382848,492830.5994801507,5527525.46759115,12.158895530214068,8.334472151473165,0,1,0.0,0.0,3,4,3,4,WP3->WP4,1,1.5680867517443051,1.568086751819338,2.029760402434528,0.10665562682687323,utm,1,0.22527833335876124,1.2090015104157517,0,0.0
66.85,52.85399999999999,49.900074895414065,8.900169236771259,0.2879033407158061,12.157988499085555,8.33040241268423,492830.6036700352,5527525.446671283,12.163090053771157,8.313553215004504,0,1,0.0,0.0,3,4,3,4,WP3->WP4,1,1.5682080045788869,1.5682080046231512,2.0510953798076006,0.10777669283167506,utm,1,0.3087906255188033,1.476129180993964,0,0.0
66.9,52.904,49.900074707306715,8.900169295502474,0.2879031695822397,12.162208005471117,8.309479771052244,492830.60785997205,5527525.425751393,12.167284629656933,8.292634254321456,0,1,0.0,0.0,3,4,3,4,WP3->WP4,1,1.5683293043868494,1.568329304351681,2.0724303900206436,0.10889776056208332,utm,1,0.7829764374749111,0.7381352398271396,0,0.0
66.95,52.954,49.90007451958914,8.900169354118326,0.28790282937683637,12.166419223624544,8.288600482489507,492830.6120416817,5527525.404874851,12.171470968751237,8.271758640184999,0,1,0.0,0.0,3,4,3,4,WP3->WP4,1,1.568450799167187,1.56845079921874,2.0937212784350647,0.11001650987201049,utm,1,0.8182933448956695,0.5663288214064442,0,0.0
67.0,53.004,49.90007433211709,8.900169412665802,0.287903425226266,12.170625529382194,8.267748503799146,492830.61621851736,5527525.384025615,12.175652427773457,8.250910330563784,0,1,0.0,0.0,3,4,3,4,WP3->WP4,1,1.5685727196665598,1.5685727196804398,2.1149844330733725,0.11113380188516896,utm,1,0.7954202581184018,0.38413494290934935,0,0.0
67.05,53.053999999999995,49.90007414389556,8.900169471081261,0.28790379535615135,12.174822350458827,8.24681316133245,492830.62038576126,5527525.3630930595,12.179824313498102,8.22997870016843,0,1,0.0,0.0,3,4,3,4,WP3->WP4,1,1.5686693268535385,1.5686693267986824,2.1363275456838404,0.11225529536350054,utm,1,1.0256517957629154,0.7750754950890126,0,0.0
67.1,53.10399999999999,49.90007395262945,8.900169527171467,0.2879065881450347,12.178852115238444,8.225539179702922,492830.62438556476,5527525.341822224,12.183828833862208,8.208708751946688,0,1,0.0,0.0,3,4,3,4,WP3->WP4,1,1.568537023587778,1.5685370235636005,2.1579707750729376,0.11339255875393976,utm,1,0.6373906889423027,0.35273018271623885,0,0.0
67.15,53.154,49.90007375364008,8.90016957927783,0.28790599412886486,12.182595663282864,8.20340616217825,492830.628098122,5527525.319693078,12.187546298315283,8.186580430716276,0,1,0.0,0.0,3,4,3,4,WP3->WP4,1,1.5679589801263145,1.5679589801303713,2.1804017363888657,0.11457121424283895,utm,1,0.3026671991988639,0.3125758753356882,0,0.0
67.2,53.204,49.90007354193964,8.90016962563299,0.28790504195170086,12.185926020034577,8.179859328289036,492830.6313957705,5527525.296151232,12.190849167353008,8.163039316423237,0,1,0.0,0.0,3,4,3,4,WP3->WP4,1,1.5667040978328763,1.5667040978430238,2.204140276443791,0.11581857765897229,utm,1,-0.36928824719273184,0.05909400222608649,0,0.0
67.25,53.254,49.90007331338033,8.900169664043414,0.28790369621400314,12.188685592181978,8.154437331587902,492830.63412036566,5527525.270735735,12.193579398503061,8.13762442395091,0,1,0.0,0.0,3,4,3,4,WP3->WP4,1,1.5645291852418204,1.5645291852138976,2.2296087011381873,0.11715683945421461,utm,1,-0.44061235464901266,0.35343515575461343,0,0.0
67.3,53.303999999999995,49.90007307671134,8.900169697760715,0.28790273392315524,12.191107989974805,8.128113316667037,492830.6365067203,5527525.244419028,12.195971588953398,8.111308246850967,0,1,0.0,0.0,3,4,3,4,WP3->WP4,1,1.561850289314243,1.5618502892995285,2.25589723996226,0.11853819490054271,utm,1,-0.1741692061987347,0.08463961583619112,0,0.0
67.35,53.35399999999999,49.90007283709642,8.900169735689088,0.28790115925890053,12.19383292955331,8.101461635634733,492830.6391950585,5527525.217774385,12.198665835720021,8.084664200432599,0,1,0.0,0.0,3,4,3,4,WP3->WP4,1,1.5594052562734566,1.559405256337311,2.28256531071971,0.11993949320131148,utm,1,-0.19272137319325877,0.2791248914851258,0,0.0
67.4,53.404,49.90007259302544,8.90016978048569,0.2878988531707439,12.197051312600271,8.074314319934247,492830.64237598167,5527525.190633646,12.201852777507156,8.057524167001247,0,1,0.0,0.0,3,4,3,4,WP3->WP4,1,1.5573491001335729,1.557349100035511,2.3098143506422977,0.12137131906109684,utm,1,-0.06444436571332753,-0.24367135801437312,0,0.0
67.45,53.454,49.90007234295687,8.90016983405254,0.2878959718942264,12.200899788509828,8.046499908650741,492830.64618585596,5527525.162825241,12.205668818438426,8.029716607183218,0,1,0.0,0.0,3,4,3,4,WP3->WP4,1,1.5557829441500088,1.555782944089164,2.3378387991090466,0.12284388947586772,utm,1,0.03794743414362257,-0.2660776717445528,0,0.0
67.5,53.504,49.900072085809974,8.900169898129322,0.28789297379347306,12.205503343628592,8.017898196318601,492830.6507494572,5527525.134228843,12.210238760977518,8.00112122297287,0,1,0.0,0.0,3,4,3,4,WP3->WP4,1,1.554806312977703,1.5548063130377545,2.36678057855103,0.12436466189027068,utm,1,0.08819936683437207,-0.35201448016121106,0,0.0
67.55,53.553999999999995,49.90007182367428,8.9001699682083,0.28789119627695925,12.21053812266239,7.988741593850225,492830.65574336995,5527525.105077202,12.215239138226025,7.9719706904143095,0,1,0.0,0.0,3,4,3,4,WP3->WP4,1,1.554146143539273,1.5541461434515822,2.3963495065673364,0.12591838840321046,utm,1,-0.43814896587266927,-0.3774593698106313,0,0.0
67.6,53.60399999999999,49.90007156112315,8.900170038371131,0.2878890469352739,12.215578926183229,7.959538783437212,492830.6607432433,5527525.075879365,12.220245486241765,7.942773963324726,0,1,0.0,0.0,3,4,3,4,WP3->WP4,1,1.5534830104023005,1.553483010348668,2.4259649195584325,0.12747455751189615,utm,1,0.29939138400040943,-0.4732600620353701,0,0.0
67.65,53.654,49.90007129860653,8.90017010862315,0.2878841415262019,12.220626137309987,7.930339811363474,492830.66574952676,5527525.046685356,12.225258243561257,7.913581063970923,0,1,0.0,0.0,3,4,3,4,WP3->WP4,1,1.552826900033501,1.552826899953309,2.455577798232851,0.12903059345258158,utm,1,0.3649886789398183,-0.1996597713591592,0,0.0
67.7,53.704,49.90007103678133,8.900170178688084,0.28787992511781313,12.225659907370463,7.901217744043172,492830.6707424772,5527525.017568238,12.230257650837302,7.8844650546088815,0,1,0.0,0.0,3,4,3,4,WP3->WP4,1,1.5521723730029817,1.5521723729622299,2.4851126537040416,0.1305825295923066,utm,1,0.3526106325022069,-0.6711885658071393,0,0.0
67.75,53.754,49.90007077601859,8.900170248458702,0.28787747037832606,12.230672532510068,7.872213851583192,492830.67571444856,5527524.988569276,12.23523605283117,7.855467195622623,0,1,0.0,0.0,3,4,3,4,WP3->WP4,1,1.5515197973589692,1.5515197973406907,2.5145275210773184,0.1321281608470908,utm,1,0.6334625442521491,-0.34518748230180096,0,0.0
67.8,53.803999999999995,49.900070516936815,8.900170317699134,0.28786128947459183,12.23564706680111,7.843396927636243,492830.6806485936,5527524.959757258,12.240176586958114,7.826656272634864,0,1,0.0,0.0,3,4,3,4,WP3->WP4,1,1.5508657604668943,1.5508657604023497,2.543751662071754,0.13366377020891498,utm,1,0.5325446155148347,-0.5078598877203788,0,0.0
67.85,53.85399999999999,49.90007026001219,8.900170386192407,0.2878248295696706,12.240567921950387,7.814819937746669,492830.6855294007,5527524.9311851505,12.245063730049878,7.798085248097777,0,1,0.0,0.0,3,4,3,4,WP3->WP4,1,1.5502051420798608,1.5502051420905691,2.5727301230059934,0.13518647008605925,utm,1,0.27838749743891145,-0.684113182116408,0,0.0
67.9,53.904,49.900070006137945,8.900170453964849,0.2878084147291611,12.245436989431905,7.786582232285439,492830.69035889296,5527524.90295226,12.249899483053014,7.769853428937495,0,1,0.0,0.0,3,4,3,4,WP3->WP4,1,1.5495588766862534,1.549558876684993,2.601365807463667,0.13669115845803978,utm,1,0.19062146142881112,-1.1939647222635847,0,0.0
67.95,53.954,49.900069757233744,8.90017052038004,0.2877848117819266,12.250208546138019,7.758897331167971,492830.69509165024,5527524.875272083,12.254638378450181,7.742174302227795,0,1,0.0,0.0,3,4,3,4,WP3->WP4,1,1.548923115006486,1.5489231149745284,2.62944047595095,0.1381663677299698,utm,1,-0.09020398998812199,-0.9516935022093322,0,0.0
68.0,54.004,49.90006951644994,8.900170584796115,0.2877763837953563,12.254836477546801,7.732115637624766,492830.69968204317,5527524.848494943,12.259234709315933,7.71539818122983,0,1,0.0,0.0,3,4,3,4,WP3->WP4,1,1.5483199102438767,1.5483199101832763,2.656601533930203,0.13959357049763818,utm,1,0.2613638753986084,-0.6450502799604821,0,0.0
68.05,54.053999999999995,49.900069286140926,8.900170646472029,0.2877812655581759,12.259267543916328,7.706499026155757,492830.7040772025,5527524.822882681,12.263635548239108,7.689786894246936,0,1,0.0,0.0,3,4,3,4,WP3->WP4,1,1.5477473253153444,1.5477473253235141,2.6825818638102796,0.14095873082158825,utm,1,0.22227139215445657,-0.7032248335881062,0,0.0
68.1,54.10399999999999,49.90006906564076,8.9001707054422,0.28780377808924046,12.263504217907625,7.68197342353447,492830.70827950083,5527524.79836125,12.26784328429494,7.6652663964778185,0,1,0.0,0.0,3,4,3,4,WP3->WP4,1,1.5471935607737248,1.5471935608551575,2.707454604560365,0.14226569185621127,utm,1,0.18446814993662713,-0.15266149092180697,0,0.0
68.15,54.154,49.90006885136773,8.90017076269524,0.28782386392871,12.267617525703622,7.658140448350773,492830.7123594055,5527524.774532335,12.271928473026492,7.641438385471702,0,1,0.0,0.0,3,4,3,4,WP3->WP4,1,1.5466517879724353,1.546651788051899,2.7316241992910526,0.143535705436662,utm,1,0.40343353495008105,-0.4314615657514925,0,0.0
68.2,54.204,49.900068639901114,8.900170818995429,0.28786529935050753,12.27166237658697,7.634619622482455,492830.7163712965,5527524.751015535,12.275945578992832,7.6179224755615,0,1,0.0,0.0,3,4,3,4,WP3->WP4,1,1.5461028048648573,1.5461028048938084,2.755474435795273,0.14478893804543483,utm,1,0.5686535601564422,-0.8883817482407754,0,0.0
68.25,54.254,49.90006843036293,8.900170875033384,0.28786481883629256,12.275688387388575,7.61131329008805,492830.7203646408,5527524.727713167,12.279944090696517,7.5946209942922,0,1,0.0,0.0,3,4,3,4,WP3->WP4,1,1.5455765310137481,1.5455765309364369,2.779110640731229,0.14603092416863891,utm,1,0.35815464566812616,-0.5835467652356454,0,0.0
68.3,54.303999999999995,49.90006822305715,8.900170930496843,0.2878661256150888,12.27967312395805,7.588255261806984,492830.7243170582,5527524.704659059,12.283901620423421,7.571567762643099,0,1,0.0,0.0,3,4,3,4,WP3->WP4,1,1.5450574516164814,1.5450574516702418,2.8024953377965005,0.14725969457950197,utm,1,-0.3572536006088922,-0.09545687313794382,0,0.0
68.35,54.35399999999999,49.900068016722294,8.900170985708238,0.2878689688861477,12.283639751077231,7.565305227058654,492830.72825151746,5527524.6817129245,12.287841167999431,7.548622502014041,0,1,0.0,0.0,3,4,3,4,WP3->WP4,1,1.5445413463294935,1.544541346310596,2.82577061824403,0.14848271559357096,utm,1,-0.8475964629145979,-0.20014985094940727,0,0.0
68.4,54.404,49.90006781039638,8.90017104055746,0.28786786775483353,12.287580358145153,7.542356186387131,492830.73215996847,5527524.65876782,12.291754707170185,7.525678265839815,0,1,0.0,0.0,3,4,3,4,WP3->WP4,1,1.5439999070146257,1.543999907093021,2.8490399250250777,0.1497054227158415,utm,1,-0.46616642708022826,0.3272060673893113,0,0.0
68.45,54.454,49.90006760548327,8.900171094843493,0.28786966431680655,12.291480503289973,7.519564288386779,492830.73602818314,5527524.635979849,12.295627975137904,7.50289115216583,0,1,0.0,0.0,3,4,3,4,WP3->WP4,1,1.5434489527255557,1.5434489527777977,2.8721473085984357,0.15091962143426635,utm,1,-0.5300282928445841,0.9239803593937872,0,0.0
68.5,54.504,49.90006740198113,8.90017114866828,0.28787247686847867,12.29534751043794,7.4969293278744855,492830.73986348225,5527524.613348796,12.299468292796519,7.480260950513184,0,1,0.0,0.0,3,4,3,4,WP3->WP4,1,1.5428956288349176,1.5428956287705933,2.8950943760872105,0.15212539619660695,utm,1,-0.6452459657554488,1.0805777839724353,0,0.0
68.55,54.553999999999995,49.90006719911581,8.900171202279209,0.28787500276860156,12.299199153140306,7.474365199403002,492830.74368351744,5527524.590788567,12.30329333076952,7.4577015694230795,0,1,0.0,0.0,3,4,3,4,WP3->WP4,1,1.54234083499234,1.5423408350445975,2.917969008041455,0.153327364767177,utm,1,-0.4793044795302809,1.3236370956814552,0,0.0
68.6,54.60399999999999,49.900066996826176,8.900171255673705,0.2878774245843986,12.303035246346312,7.451865102920946,492830.74748809484,5527524.568292365,12.307102896797005,7.435206212103367,0,1,0.0,0.0,3,4,3,4,WP3->WP4,1,1.5417830842695355,1.5417830842202378,2.9407778402986895,0.15452587583216112,utm,1,-0.278475010780445,0.8422409348061148,0,0.0
68.65,54.654,49.9000667951312,8.900171308827428,0.287880037164729,12.30685404139008,7.429431148276743,492830.751275469,5527524.545862302,12.310895244881976,7.412776988931,0,1,0.0,0.0,3,4,3,4,WP3->WP4,1,1.5412210659886585,1.54122106597979,2.96351846638913,0.15572080294139154,utm,1,-0.30489099843700174,0.5942647795874605,0,0.0
68.7,54.704,49.900066592916794,8.90017136246122,0.287882405597647,12.310707326705094,7.40693941902054,492830.7550972429,5527524.523374442,12.314722005510703,7.390289976261556,0,1,0.0,0.0,3,4,3,4,WP3->WP4,1,1.540681787342387,1.5406817873622405,2.9863223912527297,0.15691905614286447,utm,1,-0.31140865002565427,0.3110840069383473,0,0.0
68.75,54.754,49.90006638970286,8.900171417357209,0.287883736009701,12.314651293656722,7.38433651447829,492830.7590095137,5527524.500775331,12.318639287725091,7.367691733874381,0,1,0.0,0.0,3,4,3,4,WP3->WP4,1,1.540210115542685,1.5402101155853452,3.0092527907434206,0.15812395506991855,utm,1,-0.1835050074905226,-0.2195545102465588,0,0.0
68.8,54.803999999999995,49.900066184420844,8.900171474251563,0.287883965574796,12.318738831921905,7.361503584100453,492830.7630649918,5527524.477946094,12.322699828306213,7.344863397069275,0,1,0.0,0.0,3,4,3,4,WP3->WP4,1,1.5398351105434707,1.5398351105574566,3.032436412358849,0.15934215978636923,utm,1,0.10300860893126976,0.11536867351516836,0,0.0
68.85,54.85399999999999,49.90006597524022,8.90017153362006,0.2878843406746439,12.32300412343903,7.338237021853622,492830.7672975741,5527524.45468316,12.326937569188885,7.321601402014494,0,1,0.0,0.0,3,4,3,4,WP3->WP4,1,1.5395512035046495,1.5395512034818828,3.0560795559711322,0.16058451050870146,utm,1,-0.10402076342929491,0.1385321588240888,0,0.0
68.9,54.904,49.90006575837548,8.900171592085059,0.287884093306224,12.327204503616084,7.314115778546346,492830.77146413265,5527524.430565977,12.33110947581008,7.297485142946243,0,1,0.0,0.0,3,4,3,4,WP3->WP4,1,1.5390394888881525,1.5390394889491799,3.08054865722888,0.16187026193502996,utm,1,-0.20846444949746354,-0.1055408004718985,0,0.0
68.95,54.954,49.90006552947202,8.900171645304031,0.28788229051880865,12.331027986442294,7.288655502459085,492830.7752521612,5527524.405110796,12.334903149108868,7.2720308024436235,0,1,0.0,0.0,3,4,3,4,WP3->WP4,1,1.537900899954664,1.5379009000054846,3.1062589468548323,0.16322123274550956,utm,1,0.2272743291795428,0.2237786237895598,0,0.0
69.0,55.004,49.90006529492886,8.900171692657,0.2878806654855307,12.33443003007196,7.2625679377278365,492830.77861808427,5527524.379029141,12.338274855923373,7.245949895121157,0,1,0.0,0.0,3,4,3,4,WP3->WP4,1,1.5362284250028313,1.536228425029878,3.1325036606501877,0.1646002853654041,utm,1,-0.37424848853645476,0.1980403181457668,0,0.0
69.05,55.053999999999995,49.900065059283186,8.900171733553398,0.2878778940535334,12.337368205428595,7.236357744955179,492830.78152016195,5527524.352825525,12.341182744363323,7.219746924005449,0,1,0.0,0.0,3,4,3,4,WP3->WP4,1,1.5340773557213798,1.5340773557417757,3.1587795892893085,0.16598097819796812,utm,1,0.2698598611823017,0.38410608040336325,0,0.0
69.1,55.10399999999999,49.90006482273591,8.900171768315225,0.2878747513968897,12.339865646537314,7.210047268582149,492830.7839815489,5527524.326522252,12.343649964197539,7.193444196134806,0,1,0.0,0.0,3,4,3,4,WP3->WP4,1,1.5314746768099283,1.5314746768396719,3.1850692582056515,0.16736239302603376,utm,1,0.4739742134059608,0.08402252767071622,0,0.0
69.15,55.154,49.90006458627162,8.900171802859193,0.2878707300053784,12.342347435669836,7.183746022619104,492830.78642730246,5527524.300228226,12.346101548580918,7.167150713503361,0,1,0.0,0.0,3,4,3,4,WP3->WP4,1,1.5288584163569574,1.528858416335165,3.211346866035254,0.16874317409320574,utm,1,0.5340410528990419,0.21281039707642685,0,0.0
69.2,55.204,49.90006434981148,8.900171839066536,0.2878663801196706,12.344948728924477,7.157445238671828,492830.78899251274,5527524.273934503,12.348672589636408,7.140857560560107,0,1,0.0,0.0,3,4,3,4,WP3->WP4,1,1.5263594756445555,1.5263594756080188,3.2376469699061348,0.17012513723555311,utm,1,-0.06867914651978363,-0.35671579805333875,0,0.0
69.25,55.254,49.9000641127622,8.900171877459922,0.2878617654154997,12.347707077056812,7.131078926313455,492830.79171462764,5527524.24757507,12.351400549872778,7.114498730748892,0,1,0.0,0.0,3,4,3,4,WP3->WP4,1,1.524002018708057,1.524002018803535,3.2640415153902254,0.17151206289931106,utm,1,-0.09005417530910445,-0.3336191309988087,0,0.0
69.3,55.303999999999995,49.90006387476563,8.900171918945697,0.287856783432598,12.350687595856105,7.1046072488887795,492830.7946586836,5527524.221110017,12.354350474546663,7.0880343317985535,0,1,0.0,0.0,3,4,3,4,WP3->WP4,1,1.5218422726092475,1.5218422725396363,3.290582087689023,0.1729066616763278,utm,1,0.28784263722249837,-0.2328263623303482,0,0.0
69.35,55.35399999999999,49.90006363620898,8.90017196383139,0.28785219348398916,12.353912379617444,7.078073275748332,492830.79784682335,5527524.194582367,12.357544496946502,7.061507389880717,0,1,0.0,0.0,3,4,3,4,WP3->WP4,1,1.5199101817214602,1.5199101817534098,3.3172306797745823,0.17430693645237033,utm,1,0.6049992014842438,-0.48267646200733705,0,0.0
69.4,55.404,49.90006339827558,8.900172011792451,0.28784846218419446,12.357358111179265,7.051608625491522,492830.80125591473,5527524.16812372,12.360959455603734,7.03504949901253,0,1,0.0,0.0,3,4,3,4,WP3->WP4,1,1.518208149300144,1.5182081493521185,3.3438536960619696,0.1757058673245795,utm,1,0.590045486898672,-0.8627978231366963,0,0.0
69.45,55.454,49.900063162260416,8.900172062382735,0.28784409522774085,12.360992737580272,7.025357335248805,492830.8048541093,5527524.141878094,12.364563470240682,7.0088046714663506,0,1,0.0,0.0,3,4,3,4,WP3->WP4,1,1.5167323916341746,1.5167323916213293,3.3703036877444856,0.17709570645981965,utm,1,0.590045486898672,-0.8627978231366963,0,0.0
69.5,55.504,49.900062929147886,8.900172113223201,0.28784141384991657,12.364645338153089,6.999428895682118,492830.8084707009,5527524.1159551665,12.368185810395516,6.9828825471922755,0,1,0.0,0.0,3,4,3,4,WP3->WP4,1,1.5153362663106862,1.5153362662255796,3.3964404189277895,0.17846908503406772,utm,1,0.6607496645872234,-0.530941652235313,0,0.0
69.55,55.553999999999995,49.900062700942115,8.900172162846824,0.28784141189970736,12.368210515386508,6.974046221263351,492830.81200063153,5527524.090577901,12.371721368515864,6.957506066188216,0,1,0.0,0.0,3,4,3,4,WP3->WP4,1,1.5139591880450907,1.5139591879969527,3.4220249778162426,0.17981344920732883,utm,1,0.5278708944347829,-0.33432934253881863,0,0.0
69.6,55.60399999999999,49.9000624794522,8.900172210834162,0.2878381899935114,12.371658134848952,6.949410532949101,492830.81541404664,5527524.0659474805,12.375140245479997,6.93287640158087,0,1,0.0,0.0,3,4,3,4,WP3->WP4,1,1.5126102378583604,1.5126102379410862,3.446854181735303,0.18111812255913104,utm,1,1.0910103709969332,-0.6457465581324328,0,0.0
69.65,55.654,49.90006226517229,8.900172256049613,0.28780700591906627,12.37490660982963,6.925576791512605,492830.81862946565,5527524.04211895,12.378360948583577,6.909048585221171,0,1,0.0,0.0,3,4,3,4,WP3->WP4,1,1.5112199355671703,1.5112199355732456,3.470858449133273,0.18237944886285617,utm,1,0.6163136634901742,-0.7192317455457695,0,0.0
69.7,55.704,49.90006206048781,8.900172299115352,0.2878273507916218,12.378000640169306,6.902810323482795,492830.821691924,5527524.019357472,12.38142845442053,6.886287786066532,0,1,0.0,0.0,3,4,3,4,WP3->WP4,1,1.5098830838282236,1.5098830837308808,3.4937860823112272,0.18358420243146373,utm,1,0.21470260783011696,-0.642537772589489,0,0.0
69.75,55.754,49.90006186534281,8.900172340181816,0.2878436194054228,12.380951033853366,6.88110490402853,492830.82461221685,5527523.99765681,12.384353559464216,6.864587773568928,0,1,0.0,0.0,3,4,3,4,WP3->WP4,1,1.5086090893083977,1.5086090893187507,3.5156452626177876,0.1847328131614403,utm,1,-0.2044731397447048,-0.5357821741214762,0,0.0
69.8,55.803999999999995,49.90006167484998,8.900172380014178,0.28788778418691136,12.383812764230312,6.859916931622444,492830.8274445714,5527523.976473507,12.38719061150914,6.84340509865433,0,1,0.0,0.0,3,4,3,4,WP3->WP4,1,1.5073474878184654,1.5073474877261617,3.536979810736639,0.18585385661068432,utm,1,-0.45640766974506275,-0.046968208813724155,0,0.0
69.85,55.85399999999999,49.900061482204165,8.900172420896503,0.28791330515419367,12.386749928571687,6.838489490004865,492830.8303520106,5527523.955050727,12.390102801262401,6.821982963941991,0,1,0.0,0.0,3,4,3,4,WP3->WP4,1,1.5061138976944644,1.5061138976859834,3.5585637614036054,0.18698800514615901,utm,1,-0.4934044827388696,0.18433727561577254,0,0.0
69.9,55.904,49.900061280701976,8.900172463619045,0.28793122419274264,12.389819302109915,6.816076978411054,492830.8333902936,5527523.932643098,12.39314605324762,6.799576009623706,0,1,0.0,0.0,3,4,3,4,WP3->WP4,1,1.5048208313444447,1.5048208313383344,3.581139434236625,0.1881742646347943,utm,1,-0.289654451826615,0.11567387530512163,0,0.0
69.95,55.954,49.90006106392187,8.900172509231172,0.2879126250011833,12.393096276056317,6.791965148055981,492830.83663382987,5527523.908536552,12.396394935203716,6.7754701832309365,0,1,0.0,0.0,3,4,3,4,WP3->WP4,1,1.5034050824898206,1.5034050825557814,3.6054219734953064,0.1894502129893274,utm,1,-0.14269365045849314,0.1953740121385417,0,0.0
70.0,56.004,49.90006082775616,8.90017255853737,0.28786536313875044,12.396638648144487,6.76569711204111,492830.84013978514,5527523.882274311,12.39990671427222,6.7492087204009295,0,1,0.0,0.0,3,4,3,4,WP3->WP4,1,1.5018356099897014,1.5018356099717438,3.6318706748316285,0.19083998432214028,utm,1,-0.28092081037132377,-0.10481959536467991,0,0.0
70.05,56.053999999999995,49.90006057675935,8.900172610181116,0.28782558889451265,12.40034895979609,6.737779456152649,492830.84381141496,5527523.854362887,12.403584533545654,6.721298111602664,0,1,0.0,0.0,3,4,3,4,WP3->WP4,1,1.5001140927798486,1.5001140928472079,3.659969870862728,0.1923164824164146,utm,1,0.027392331727641772,-0.6749268982117886,0,0.0
70.1,56.10399999999999,49.9000603235147,8.900172661405787,0.287811745423793,12.404029163306086,6.709611778980449,492830.84745261585,5527523.82620158,12.407231979304925,6.693137613125145,0,1,0.0,0.0,3,4,3,4,WP3->WP4,1,1.4983150263731797,1.4983150264332248,3.688308553054191,0.1938055645312065,utm,1,0.18809678553218892,-0.5365180567554539,0,0.0
70.15,56.154,49.90006007331663,8.900172713516666,0.28782192982175275,12.407773035891255,6.681782964549921,492830.8511579116,5527523.798378916,12.410943444818258,6.665315770544112,0,1,0.0,0.0,3,4,3,4,WP3->WP4,1,1.496643492616222,1.4966434926559744,3.716327043802007,0.1952778218921576,utm,1,0.5617720899643998,-0.707254915568551,0,0.0
70.2,56.204,49.90005982751316,8.90017276779051,0.2878290529097693,12.411672305299305,6.654442947944735,492830.855019193,5527523.771044648,12.414810787769966,6.637982360087335,0,1,0.0,0.0,3,4,3,4,WP3->WP4,1,1.4952182679773982,1.495218268007653,3.7438958748861597,0.19672645147259366,utm,1,0.3243040005431156,-0.786907376553674,0,0.0
70.25,56.254,49.90005958432769,8.900172823153747,0.2878351017776824,12.415649841479876,6.627394125091312,492830.85895909776,5527523.744001353,12.418756689468864,6.610939939506352,0,1,0.0,0.0,3,4,3,4,WP3->WP4,1,1.493925741881807,1.4939257418178635,3.771194080594147,0.1981608607937836,utm,1,0.6724965313734206,-1.1587806067189563,0,0.0
70.3,56.303999999999995,49.90005934261419,8.900172879203566,0.28783959999026654,12.41967670466357,6.600509024919244,492830.8629485279,5527523.7171216495,12.422752080252394,6.584061120636761,0,1,0.0,0.0,3,4,3,4,WP3->WP4,1,1.4927130455071664,1.4927130455032966,3.7983411501882944,0.1995873285288935,utm,1,0.4962867270298584,-1.1353979196930697,0,0.0
70.35,56.35399999999999,49.90005910200313,8.900172935676764,0.2878441701613033,12.423733985215074,6.573746545005776,492830.86696852656,5527523.690364475,12.426778012420982,6.55730483867228,0,1,0.0,0.0,3,4,3,4,WP3->WP4,1,1.491553735608189,1.4915537355387276,3.825373774168046,0.20100778261395566,utm,1,0.6288710979155312,-1.4944767964014738,0,0.0
70.4,56.404,49.9000588622207,8.900172991811749,0.2878483866358094,12.42776696707026,6.5470762326392595,492830.8709643591,5527523.663699463,12.430779758025892,6.530640712939203,0,1,0.0,0.0,3,4,3,4,WP3->WP4,1,1.4903882885220818,1.4903882885358213,3.852311318498671,0.20242324065142328,utm,1,0.8868421796711934,-1.7095622913018986,0,0.0
70.45,56.454,49.90005862298337,8.900173047245872,0.28785196605294383,12.431749595975385,6.520466549760129,492830.8749099397,5527523.637095127,12.434731238230597,6.504037252627313,0,1,0.0,0.0,3,4,3,4,WP3->WP4,1,1.4891850903612742,1.489185090393819,3.879179712601659,0.20383506512659216,utm,1,0.9447119584567101,-1.649559252525748,0,0.0
70.5,56.504,49.90005838413592,8.900173102074199,0.2878549063022105,12.435688701834964,6.493900231270695,492830.8788120725,5527523.610534194,12.438639261003118,6.4774771854281425,0,1,0.0,0.0,3,4,3,4,WP3->WP4,1,1.4879475241821332,1.4879475241439462,3.9059972115428923,0.20524421526868558,utm,1,1.1131252383687582,-1.4573309801864291,0,0.0
70.55,56.553999999999995,49.90005814547338,8.900173155615864,0.287857190502135,12.439535368330944,6.467354480619547,492830.88262183056,5527523.583993943,12.442454904492479,6.450937780551612,0,1,0.0,0.0,3,4,3,4,WP3->WP4,1,1.4866232266264479,1.4866232267182207,3.932776781933216,0.20665137242019402,utm,1,1.1936377539788317,-1.151324144872202,0,0.0
70.6,56.60399999999999,49.90005790689263,8.900173207750823,0.2878581174553941,12.443280970949294,6.4408178266555955,492830.8863305774,5527523.55746292,12.446169534698129,6.42440758086741,0,1,0.0,0.0,3,4,3,4,WP3->WP4,1,1.485201534598296,1.485201534600239,3.959528020686833,0.2080570408597991,utm,1,0.7333525839397153,-0.6628613309328208,0,0.0
70.65,56.654,49.900057668625706,8.900173258831432,0.28785917106515935,12.446950824378813,6.414316079291907,492830.88996365207,5527523.530966891,12.449808484932873,6.397912357002497,0,1,0.0,0.0,3,4,3,4,WP3->WP4,1,1.4837122375519984,1.4837122375347171,3.9862304700624605,0.20946014561667312,utm,1,0.1438072823924711,-0.58901676954437,0,0.0
70.7,56.704,49.90005743062092,8.900173309159975,0.287859134251989,12.450566646176773,6.387843488448613,492830.8935427557,5527523.50450008,12.453393457632046,6.371446341276169,0,1,0.0,0.0,3,4,3,4,WP3->WP4,1,1.482175536171304,1.482175536096853,4.0128939398280625,0.21086120215409435,utm,1,0.16415732209066144,-1.0234901412019841,0,0.0
70.75,56.754,49.90005719253212,8.90017335756559,0.2878574176382271,12.454044316478903,6.36136155328333,492830.8969837508,5527523.47802411,12.456840323924553,6.344971135258675,0,1,0.0,0.0,3,4,3,4,WP3->WP4,1,1.4805015160364177,1.4805015160124773,4.03954004790832,0.21226134640579408,utm,1,-0.58037034964016,-0.6965169445361006,0,0.0
70.8,56.803999999999995,49.900056954569514,8.900173403973506,0.2878549623927199,12.457378463325433,6.3348936540580505,492830.90028129885,5527523.451562364,12.460143739997875,6.31851011980325,0,1,0.0,0.0,3,4,3,4,WP3->WP4,1,1.478689398153185,1.4786893981943698,4.066144823461719,0.21365931880186242,utm,1,-0.6857493533924215,-0.47938689956044755,0,0.0
70.85,56.85399999999999,49.90005671732998,8.900173449490463,0.2878518854621128,12.460648599837663,6.30850618024542,492830.9035149694,5527523.425181095,12.463383260706905,6.292129568755627,0,1,0.0,0.0,3,4,3,4,WP3->WP4,1,1.4768299321207696,1.476829932110843,4.092658411869992,0.21505249968553833,utm,1,-1.1829464489539978,-0.7697979529520631,0,0.0
70.9,56.904,49.900056480621714,8.900173494272863,0.28784807394524187,12.463865962553015,6.282177797754353,492830.906695966,5527523.3988589635,12.466570094344206,6.265808143652976,0,1,0.0,0.0,3,4,3,4,WP3->WP4,1,1.4749300437831068,1.474930043800899,4.119103898190659,0.21644210208239723,utm,1,-1.0838551853345397,-0.47869309137504845,0,0.0
70.95,56.954,49.90005624472177,8.900173539135947,0.2878433117980532,12.46708912195154,6.255939322258352,492830.9098828769,5527523.372626695,12.46976282238029,6.239576581865549,0,1,0.0,0.0,3,4,3,4,WP3->WP4,1,1.4730531073904654,1.4730531074363564,4.145462301593556,0.21782712862726414,utm,1,-1.1374007278763911,-0.4673552787830135,0,0.0
71.0,57.004,49.900056009865004,8.900173583443097,0.28783676444785716,12.470272340632002,6.2298168771053755,492830.91303001775,5527523.346510465,12.472915754595306,6.213461051695049,0,1,0.0,0.0,3,4,3,4,WP3->WP4,1,1.4711592728254725,1.4711592727543212,4.171699209450265,0.2192057710769345,utm,1,-1.0766504486987698,-0.1567435185740515,0,0.0
71.05,57.053999999999995,49.90005577656076,8.900173626184653,0.28783053326035507,12.473343080227709,6.203867114768052,492830.9160649546,5527523.320566999,12.475956444512121,6.187518258579075,0,1,0.0,0.0,3,4,3,4,WP3->WP4,1,1.4691882599053763,1.4691882599166448,4.197745118958849,0.22057437734276872,utm,1,-1.4966924214127673,-0.22354999160922412,0,0.0
71.1,57.10399999999999,49.90005554494543,8.90017366714552,0.28782221085199344,12.476285887341069,6.178105204646203,492830.9189722607,5527523.29481148,12.478869462036528,6.161763385869563,0,1,0.0,0.0,3,4,3,4,WP3->WP4,1,1.4671278228753444,1.4671278228959073,4.22358218128451,0.22193200954132924,utm,1,-1.5283117613849093,-0.21035429739115308,0,0.0
71.15,57.154,49.90005531457607,8.900173707237489,0.2878130918102849,12.479166269047985,6.15248188015175,492830.9218173511,5527523.269194574,12.481720233045053,6.136147110722959,0,1,0.0,0.0,3,4,3,4,WP3->WP4,1,1.4650327615777983,1.4650327615286327,4.249271305678696,0.22328186820524307,utm,1,-1.1711774283968388,-0.238257289688576,0,0.0
71.2,57.204,49.900055085040066,8.900173747091959,0.2878049297238052,12.482029587798566,6.126951248190006,492830.9246455089,5527523.243670345,12.484554050955921,6.11062350962311,0,1,0.0,0.0,3,4,3,4,WP3->WP4,1,1.4629387621306005,1.4629387620768162,4.27486622508149,0.22462677678125725,utm,1,-1.0572393586885054,-0.29887978406905724,0,0.0
71.25,57.254,49.9000548572436,8.90017378672177,0.2878041711787366,12.484876766038942,6.101614099658906,492830.9274577905,5527523.218339546,12.487371949770022,6.085293334908783,0,1,0.0,0.0,3,4,3,4,WP3->WP4,1,1.4608660858086466,1.4608660857198434,4.3002682397752725,0.22596154900194956,utm,1,-1.0558830989201742,-0.5007288664192,0,0.0
71.3,57.303999999999995,49.90005463227992,8.900173825900161,0.28780690655257324,12.48769151241064,6.076592033146648,492830.93023807294,5527523.193323744,12.490157779597212,6.060278150252998,0,1,0.0,0.0,3,4,3,4,WP3->WP4,1,1.4588221020209047,1.4588221019801924,4.325354937650588,0.22727975261046365,utm,1,-1.1167323834129101,-0.2680678911664838,0,0.0
71.35,57.35399999999999,49.900054410547,8.900173864518536,0.28781250243836193,12.490466024663101,6.051929315848629,492830.9329786162,5527523.168667201,12.492903790611308,6.03562221582979,0,1,0.0,0.0,3,4,3,4,WP3->WP4,1,1.4568076580217764,1.4568076579796296,4.350081395759154,0.22857902708917277,utm,1,-1.007547338030395,0.104262743900112,0,0.0
71.4,57.404,49.90005419244806,8.900173902557963,0.2878177206053148,12.493198942864677,6.027670795133186,492830.9356781206,5527523.144414749,12.495608673081733,6.011370362713933,0,1,0.0,0.0,3,4,3,4,WP3->WP4,1,1.4548300324286492,1.4548300324866636,4.374403355942575,0.22985704685244615,utm,1,-0.7819006009611683,-0.19669725563826526,0,0.0
71.45,57.454,49.90005397780887,8.900173939991395,0.2878416586560062,12.495888323727133,6.003797092516561,492830.9383346177,5527523.12054702,12.498270462965593,5.987503223121166,0,1,0.0,0.0,3,4,3,4,WP3->WP4,1,1.4528835975941432,1.4528835976311,4.398339455492049,0.2311147912138878,utm,1,-0.6574088495873854,0.15493227763811354,0,0.0
71.5,57.504,49.900053765985234,8.900173976847652,0.2878751414209093,12.498536237777044,5.980236556640547,492830.9409500819,5527523.096992386,12.500891150499228,5.963949169963598,0,1,0.0,0.0,3,4,3,4,WP3->WP4,1,1.450956624375743,1.4509566243697676,4.4219603831671055,0.2323559745793696,utm,1,-1.0987452978940002,0.06661112799246123,0,0.0
71.55,57.553999999999995,49.90005355589922,8.900174013548572,0.287882828152924,12.501172991734641,5.956869291229253,492830.9435546481,5527523.073630961,12.503500897146296,5.940588322468102,0,1,0.0,0.0,3,4,3,4,WP3->WP4,1,1.4490558189298468,1.449055818956852,4.445389571752576,0.23358708283807406,utm,1,-1.2604303802238626,-0.14502338651164584,0,0.0
71.6,57.60399999999999,49.900053344672294,8.900174049210744,0.28788829867340504,12.503735117528157,5.9333751250151,492830.9460844469,5527523.0501427855,12.506035904632881,5.9171007089316845,0,1,0.0,0.0,3,4,3,4,WP3->WP4,1,1.4470574350730776,1.4470574350603758,4.4689289157236045,0.2348239793128068,utm,1,-0.9176274959041025,-0.3442792388270248,0,0.0
71.65,57.654,49.90005312672646,8.900174084183934,0.2878877582766574,12.506247743902287,5.909133634498058,492830.94856377074,5527523.025907651,12.50852060271427,5.892866125330329,0,1,0.0,0.0,3,4,3,4,WP3->WP4,1,1.4448669784503112,1.4448669784684287,4.493191865097572,0.2360988982988336,utm,1,-0.9523983037569392,-0.3409168202035934,0,0.0
71.7,57.704,49.900052895603295,8.900174119918715,0.28789286004822257,12.508815086212934,5.883426466523301,492830.95109583595,5527523.000207351,12.5110583670903,5.8671663869172335,0,1,0.0,0.0,3,4,3,4,WP3->WP4,1,1.4424487307879739,1.442448730769064,4.5189031243509,0.23744992005927532,utm,1,-0.9416843767136951,-0.4925862106912382,0,0.0
71.75,57.754,49.900052648762966,8.900174159782681,0.2878386784599422,12.511679087226526,5.8559711235654275,492830.9539221119,5527522.972759181,12.513890729751438,5.839718844741583,0,1,0.0,0.0,3,4,3,4,WP3->WP4,1,1.4399857829140061,1.4399857829378815,4.546386278351909,0.2388940476585926,utm,1,-0.5154593558480591,-0.6483592510665235,0,0.0
71.8,57.803999999999995,49.90005239401713,8.900174203261328,0.28781583130172683,12.514802782606957,5.827636473328347,492830.9570068067,5527522.944431711,12.516981706314255,5.811392059549689,0,1,0.0,0.0,3,4,3,4,WP3->WP4,1,1.4376087298024696,1.4376087297675961,4.57478188541678,0.24038612094320336,utm,1,-0.7192366675886723,-0.46034258607475037,0,0.0
71.85,57.85399999999999,49.90005214150565,8.900174246014235,0.2878121242958409,12.51787433770222,5.799550344415695,492830.9600397131,5527522.916352731,12.520020839408971,5.783313753083348,0,1,0.0,0.0,3,4,3,4,WP3->WP4,1,1.4352282532383716,1.4352282532984941,4.6029236863649805,0.2418648577520245,utm,1,-0.5415507691510756,-0.5238082422851413,0,0.0
71.9,57.904,49.90005189202992,8.900174288278135,0.2878136898885896,12.52091076046391,5.771801874032098,492830.96303795127,5527522.888611322,12.52302522934042,5.7555730091407895,0,1,0.0,0.0,3,4,3,4,WP3->WP4,1,1.432878156340168,1.4328781562958346,4.630727503443777,0.24332583488763218,utm,1,0.03862156672492456,-0.737605819767891,0,0.0
71.95,57.954,49.90005164488923,8.900174330108033,0.28781496139611634,12.523916002555303,5.744313123018217,492830.9660053673,5527522.86112957,12.525998739525676,5.728091916069388,0,1,0.0,0.0,3,4,3,4,WP3->WP4,1,1.430547347645678,1.4305473476748973,4.658270553503573,0.2447731097804363,utm,1,0.25030741496741704,-0.5086215761058863,0,0.0
72.0,58.004,49.90005139868348,8.900174371763148,0.287819615321179,12.52690868748495,5.716928362343779,492830.96896036976,5527522.833751784,12.528959813178517,5.700714785605669,0,1,0.0,0.0,3,4,3,4,WP3->WP4,1,1.4282241910512228,1.4282241910665814,4.685709178752717,0.24621489757554013,utm,1,0.33438298624143625,-0.3767790279033512,0,0.0
72.05,58.053999999999995,49.90005115305355,8.900174413377366,0.28782552873713996,12.529898434191376,5.689607649224383,492830.9719125205,5527522.806438021,12.531918020860758,5.673401677981019,0,1,0.0,0.0,3,4,3,4,WP3->WP4,1,1.4259104511988414,1.4259104512568852,4.713084412364722,0.24765335439877828,utm,1,0.40177427962996615,-0.4761981407390664,0,0.0
72.1,58.10399999999999,49.90005090773611,8.900174454821004,0.28782692393674797,12.532875925687849,5.662321692001791,492830.97485246736,5527522.77915902,12.534864016983192,5.646123329177499,0,1,0.0,0.0,3,4,3,4,WP3->WP4,1,1.423591364377733,1.4235913644182985,4.740423195358121,0.24908989589074326,utm,1,0.2272368726694447,-0.13411176762737553,0,0.0
72.15,58.154,49.9000506629893,8.900174496015627,0.2878322471056438,12.53583552685965,5.63509920569894,492830.9777746155,5527522.751943487,12.537792200280819,5.618908445350826,0,1,0.0,0.0,3,4,3,4,WP3->WP4,1,1.421266916170196,1.421266916108555,4.7676962796006,0.25052298518142746,utm,1,0.4460959517966279,0.19723028834925949,0,0.0
72.2,58.204,49.900050419331734,8.900174536397246,0.28783641860830617,12.538736718354134,5.607997872241665,492830.98063853895,5527522.724849136,12.540662132028956,5.5918147303164005,0,1,0.0,0.0,3,4,3,4,WP3->WP4,1,1.4189084350814691,1.418908435131692,4.794839298739377,0.2519492400816353,utm,1,0.4701143395905666,0.2912499885548956,0,0.0
72.25,58.254,49.90005017643379,8.900174576196749,0.28784016122156675,12.541596087993861,5.580981028945264,492830.9834607699,5527522.697839296,12.543490352516528,5.564805516973138,0,1,0.0,0.0,3,4,3,4,WP3->WP4,1,1.4165251530770102,1.4165251530832117,4.821891403412,0.253370717797618,utm,1,0.4677520601122223,-0.02096772434881783,0,0.0
72.3,58.303999999999995,49.900049934008074,8.900174615736207,0.28784361115594403,12.5444367749088,5.554016711818333,492830.9862643956,5527522.670881987,12.546299956098665,5.5378488302230835,0,1,0.0,0.0,3,4,3,4,WP3->WP4,1,1.414133630544805,1.414133630617145,4.8488883937878,0.2547892994821934,utm,1,0.48570250202603377,-0.17171043083719573,0,0.0
72.35,58.35399999999999,49.90004969230228,8.900174654990778,0.2878466147034395,12.547256994316266,5.527132468462645,492830.98904766876,5527522.644004747,12.549089189444203,5.510972208343446,0,1,0.0,0.0,3,4,3,4,WP3->WP4,1,1.411737407542361,1.4117374075249787,4.875802901387464,0.2562035470334491,utm,1,1.170557423387784,-0.286111435229215,0,0.0
72.4,58.404,49.900049451306906,8.900174693621368,0.2878476110827879,12.55003238421982,5.50032724324646,492830.9917862357,5527522.617206552,12.551833699049894,5.484174620360136,0,1,0.0,0.0,3,4,3,4,WP3->WP4,1,1.4093123816922537,1.4093123817358653,4.902631286824457,0.257613269216473,utm,1,1.416785882012257,-0.17038416870613476,0,0.0
72.45,58.454,49.90004921145154,8.90017473198743,0.2878479403313885,12.552788769282639,5.473648817656633,492830.99450597423,5527522.590535133,12.554559352051001,5.457503805868328,0,1,0.0,0.0,3,4,3,4,WP3->WP4,1,1.4068930632534256,1.4068930632193697,4.929331632566624,0.25901626343599243,utm,1,1.0313777707465586,-0.5887765189501105,0,0.0
72.5,58.504,49.900048972812236,8.900174771782062,0.28784781773944407,12.555647788984997,5.447105650897655,492830.9973284866,5527522.563998782,12.557387748965994,5.430968081578612,0,1,0.0,0.0,3,4,3,4,WP3->WP4,1,1.4046004022887144,1.404600402202466,4.955919001927775,0.26041332120768307,utm,1,1.2618282031387869,-0.2635289006710844,0,0.0
72.55,58.553999999999995,49.90004873499195,8.900174811717974,0.2878459397775763,12.558516958913005,5.420653581903329,492831.00016126636,5527522.537553478,12.56022639310686,5.404523407109082,0,1,0.0,0.0,3,4,3,4,WP3->WP4,1,1.402335192418255,1.4023351923668685,4.982418956109338,0.2618057856683791,utm,1,1.636415278516317,-0.4303344546561328,0,0.0
72.6,58.60399999999999,49.90004849768521,8.900174851389663,0.2878435308776479,12.561367145823507,5.394258633057623,492831.0029751469,5527522.511165297,12.563046125404071,5.37813584972173,0,1,0.0,0.0,3,4,3,4,WP3->WP4,1,1.400062329990655,1.4000623299381618,5.008859231002233,0.2631951142259734,utm,1,1.549761409317355,-0.3996302782528801,0,0.0
72.65,58.654,49.90004826058284,8.900174891049252,0.2878400574023644,12.564216463505918,5.367886415670755,492831.00578818895,5527522.48479984,12.565865014097653,5.351771016605198,0,1,0.0,0.0,3,4,3,4,WP3->WP4,1,1.3977929803787412,1.3977929803219762,5.035277039124527,0.2645832622464471,utm,1,1.2828736645450511,0.3778164283984104,0,0.0
72.7,58.704,49.90004802420285,8.900174930572952,0.28783510908996585,12.567056018293064,5.341594546575987,492831.00859157904,5527522.458514711,12.568674232985359,5.32548651099205,0,1,0.0,0.0,3,4,3,4,WP3->WP4,1,1.3955294831996252,1.3955294833129284,5.061614152982573,0.26596717011260285,utm,1,1.1318793748019564,-0.07486647763596627,0,0.0
72.75,58.754,49.900047788805985,8.900174969855417,0.28783187389487463,12.569878241736458,5.315412026637557,492831.0113777904,5527522.432338911,12.571466249006335,5.299311328679323,0,1,0.0,0.0,3,4,3,4,WP3->WP4,1,1.3932699838259097,1.3932699839061338,5.087840668770554,0.26734526650146584,utm,1,1.350783407038573,-0.004254162181357213,0,0.0
72.8,58.803999999999995,49.900047554051014,8.90017500899067,0.28782834357145315,12.57268988882697,5.289300903347265,492831.0141535249,5527522.406234493,12.574247772223316,5.273207526654005,0,1,0.0,0.0,3,4,3,4,WP3->WP4,1,1.3910138201415025,1.3910138200961788,5.113995115717185,0.2687195759667886,utm,1,1.190272923737398,0.21376568703626042,0,0.0
72.85,58.85399999999999,49.90004731961721,8.90017504802358,0.2878283289591233,12.575494183148841,5.26322550314452,492831.016921957,5527522.380165793,12.577021985256579,5.247139441780746,0,1,0.0,0.0,3,4,3,4,WP3->WP4,1,1.3887573035693677,1.3887573035537624,5.140113106559366,0.27009196981257955,utm,1,0.817115421265953,0.7421514284332835,0,0.0
72.9,58.904,49.90004708520569,8.900175087048183,0.2878270140393262,12.578297880586296,5.237152581412278,492831.01968979597,5527522.354099573,12.579795604455285,5.221073835156858,0,1,0.0,0.0,3,4,3,4,WP3->WP4,1,1.38650067766142,1.386500677760085,5.166228550583822,0.2714642298334912,utm,1,1.2022145962209392,0.8193966749094459,0,0.0
72.95,58.954,49.90004685111465,8.900175126049735,0.28782494462859215,12.581099922010877,5.211115305647034,492831.02245602704,5527522.328068985,12.582567607983947,5.195043861865997,0,1,0.0,0.0,3,4,3,4,WP3->WP4,1,1.3842492725814537,1.384249272542272,5.192308710066544,0.2728346357957113,utm,1,1.2097153287281577,0.8778195960455702,0,0.0
73.0,59.004,49.90004661873357,8.900175164812342,0.28782373977175363,12.58388479659545,5.18526822330734,492831.0252053516,5527522.302228536,12.58532266272232,5.169204024598002,0,1,0.0,0.0,3,4,3,4,WP3->WP4,1,1.3820175514397792,1.3820175513692277,5.218198997242124,0.27419506474295413,utm,1,0.9772356273686189,0.7388230693106355,0,0.0
73.05,59.053999999999995,49.900046389047084,8.900175203146942,0.28782361519207517,12.586638921231325,5.159720853356251,492831.0279243377,5527522.2766877245,12.588047312689014,5.143663815222681,0,1,0.0,0.0,3,4,3,4,WP3->WP4,1,1.379813221893124,1.3798132218186352,5.243789364402564,0.27553973411720784,utm,1,1.2984455574393587,0.3712699163350638,0,0.0
73.1,59.10399999999999,49.900046161633796,8.90017524112273,0.28782312547919603,12.589367267275275,5.134426324187887,492831.03061789257,5527522.251399685,12.590746475267224,5.11837637424469,0,1,0.0,0.0,3,4,3,4,WP3->WP4,1,1.3776321587828635,1.3776321588729203,5.269126751008638,0.2768711103956023,utm,1,1.3458052491197667,-0.11997927607290493,0,0.0
73.15,59.154,49.9000459362329,8.900175278772332,0.2878298368951122,12.59207217874615,5.10935562786273,492831.0332883204,5527522.226335419,12.59342246124288,5.09331270121038,0,1,0.0,0.0,3,4,3,4,WP3->WP4,1,1.3754710915436212,1.375471091512304,5.294240061633371,0.2781907123955064,utm,1,1.263490272066659,0.2896648914144416,0,0.0
73.2,59.204,49.9000457130929,8.90017531590284,0.2878658332904689,12.594739796235325,5.084536405376247,492831.0359218042,5527522.201522578,12.596061447344255,5.0685004433617,0,1,0.0,0.0,3,4,3,4,WP3->WP4,1,1.3733217322108766,1.3733217321834996,5.319099518766176,0.27949697543024443,utm,1,1.4353788226238002,-0.00569872452910114,0,0.0
73.25,59.254,49.90004549187619,8.90017535283263,0.2878773097096347,12.597392993165403,5.059931103973544,492831.0385411583,5527522.176923589,12.598686256445944,5.043902036733925,0,1,0.0,0.0,3,4,3,4,WP3->WP4,1,1.3711993073474917,1.3711993074030433,5.343746355770071,0.2807920661447924,utm,1,1.67915265545681,-0.27310075617020957,0,0.0
73.3,59.303999999999995,49.900045272075275,8.90017538957055,0.2878831838706387,12.60003240547289,5.035483277780161,492831.0411469431,5527522.152482033,12.601297461253125,5.0194610599428415,0,1,0.0,0.0,3,4,3,4,WP3->WP4,1,1.3690936018222197,1.369093601833013,5.368236063440553,0.28207890035402683,utm,1,1.4378969539487898,-0.5650296521621897,0,0.0
73.35,59.35399999999999,49.9000450511734,8.900175425254218,0.2878880156807587,12.602596075610718,5.010912994767141,492831.04367685306,5527522.127918168,12.603832818334922,4.994897755794227,0,1,0.0,0.0,3,4,3,4,WP3->WP4,1,1.3668900780481466,1.3668900780742208,5.392831355297973,0.2833712825814546,utm,1,1.2098441223184917,-0.1338426255995852,0,0.0
73.4,59.404,49.90004482399299,8.9001754593377,0.2878876414650105,12.605044781368264,4.985644368905535,492831.04609091446,5527522.102656393,12.606252481695265,4.969636517576873,0,1,0.0,0.0,3,4,3,4,WP3->WP4,1,1.3644396682318793,1.3644396682094015,5.418089630038189,0.2846985018541096,utm,1,0.6826563844762608,0.012997415364221623,0,0.0
73.45,59.454,49.90004458526548,8.900175492578052,0.28786162046713004,12.607432913120318,4.959091391563632,492831.04844271514,5527522.076110862,12.608610168972518,4.943091508932412,0,1,0.0,0.0,3,4,3,4,WP3->WP4,1,1.3616831921008279,1.3616831920031143,5.444596195783447,0.2860913137254997,utm,1,0.8514362955590299,0.40109717762520997,0,0.0
73.5,59.504,49.90004433689559,8.900175530897705,0.2878424000477685,12.610185963951295,4.9314659192585735,492831.0511578598,5527522.04849278,12.611331438063644,4.915474028326571,0,1,0.0,0.0,3,4,3,4,WP3->WP4,1,1.3590787341233477,1.3590787341937138,5.472224935831592,0.28754309127753847,utm,1,0.7086858306000482,0.8392202484374809,0,0.0
73.55,59.553999999999995,49.900044084943175,8.90017557200475,0.2878250880542069,12.613139273141995,4.9034419742722735,492831.05407265166,5527522.020476118,12.614252442726865,4.887458013370633,0,1,0.0,0.0,3,4,3,4,WP3->WP4,1,1.3565942039037655,1.3565942038157037,5.5002830270473995,0.289017429481495,utm,1,0.5949555845272717,1.4182105135577892,0,0.0
73.6,59.60399999999999,49.900043834719185,8.900175612618392,0.2878271323730897,12.616057134136613,4.875610275957711,492831.0569522658,5527521.992651672,12.617138227098621,4.859634207561612,0,1,0.0,0.0,3,4,3,4,WP3->WP4,1,1.3541118182083538,1.354111818235272,5.5281457209917155,0.2904815003561421,utm,1,0.6025824842545546,1.454599849164267,0,0.0
73.65,59.654,49.90004358650257,8.900175652887297,0.28782902742016275,12.618950227682195,4.84800185295431,492831.0598074198,5527521.965050445,12.619999501737766,4.832033614628017,0,1,0.0,0.0,3,4,3,4,WP3->WP4,1,1.3516480135887465,1.3516480135141564,5.555784630368901,0.2919338122649266,utm,1,0.5082947227377937,1.4817247294556783,0,0.0
73.7,59.704,49.9000433401286,8.900175692850567,0.2878316724895046,12.621821363104521,4.820598381702526,492831.0626408975,5527521.937654116,12.622839054791257,4.804637914523482,0,1,0.0,0.0,3,4,3,4,WP3->WP4,1,1.3492020267066689,1.349202026813291,5.583218269828895,0.2933753380771548,utm,1,0.7755897959982863,1.5108731264233175,0,0.0
73.75,59.754,49.90004309426526,8.900175732652004,0.2878318924134259,12.62468087172375,4.79325170655155,492831.0654628289,5527521.910314579,12.625667048851028,4.7772990027442575,0,1,0.0,0.0,3,4,3,4,WP3->WP4,1,1.3467555419724833,1.346755542017617,5.610593958433666,0.29481381880840624,utm,1,0.4735963587493357,1.1960809400301775,0,0.0
73.8,59.803999999999995,49.9000428484816,8.900175772466145,0.28783061854136305,12.627541293089905,4.765913893896012,492831.06828568433,5527521.882983898,12.628495964978356,4.749968949705362,0,1,0.0,0.0,3,4,3,4,WP3->WP4,1,1.3443116542027924,1.3443116542443732,5.637961129197223,0.2962518519618584,utm,1,0.6154472127088972,1.4794092412482116,0,0.0
73.85,59.85399999999999,49.90004260273702,8.90017581225074,0.2878272032468737,12.630399591732404,4.738580427584835,492831.0711064238,5527521.855657563,12.631322764151264,4.722643240354955,0,1,0.0,0.0,3,4,3,4,WP3->WP4,1,1.3418665186445087,1.341866518542426,5.665323630507277,0.2976896397545824,utm,1,0.5791050185056665,1.931338188936897,0,0.0
73.9,59.904,49.90004235726767,8.90017585208283,0.2878281948685069,12.633261302583305,4.711277576009213,492831.073930615,5527521.828361827,12.634153008286376,4.695348131470382,0,1,0.0,0.0,3,4,3,4,WP3->WP4,1,1.3394306097063855,1.3394306097387216,5.6926567530802465,0.29912588381455085,utm,1,1.1136198007516387,1.7416189574156813,0,0.0
73.95,59.954,49.90004211249664,8.900175891455092,0.287830234280349,12.636089977406696,4.684052394732298,492831.07672188675,5527521.801143775,12.636950315791182,4.6681306986138225,0,1,0.0,0.0,3,4,3,4,WP3->WP4,1,1.3369772088480545,1.3369772088808214,5.719907338159688,0.30055779086602397,utm,1,1.574656506182285,1.7960517669835994,0,0.0
74.0,60.004,49.900041868930316,8.900175929774145,0.28783185687121876,12.638842985101704,4.656961210056322,492831.07943770045,5527521.774059766,12.63967213552678,4.641047293320298,0,1,0.0,0.0,3,4,3,4,WP3->WP4,1,1.334475312620456,1.3344753126809221,5.74701194462418,0.30198202733693885,utm,1,1.484964373586143,1.5487280735278466,0,0.0
74.05,60.053999999999995,49.900041626278956,8.900175967530998,0.2878357812178923,12.641555601958627,4.629971794081941,492831.08211327496,5527521.747077539,12.642353693488985,4.614065659232438,0,1,0.0,0.0,3,4,3,4,WP3->WP4,1,1.3319533371770942,1.331953337178486,5.774008961695452,0.30340061042425237,utm,1,1.263560088819732,1.5302201369615467,0,0.0
74.1,60.10399999999999,49.90004138431531,8.900176004947907,0.2878370586467593,12.644243795688547,4.603058871079715,492831.08476453816,5527521.7201718055,12.645010923151858,4.58716051466763,0,1,0.0,0.0,3,4,3,4,WP3->WP4,1,1.3294220925906859,1.3294220926422486,5.800926251205778,0.30481500415356194,utm,1,0.990107980493793,0.9225982774816824,0,0.0
74.15,60.154,49.900041143165865,8.900176042176836,0.2878385113876364,12.646918484158718,4.576236508828404,492831.0874024222,5527521.693356617,12.647654753585812,4.560345913283527,0,1,0.0,0.0,3,4,3,4,WP3->WP4,1,1.3268949914151558,1.3268949913785166,5.827752106369443,0.30622459338104707,utm,1,1.1925393094265848,0.9778204281800884,0,0.0
74.2,60.204,49.900040903086946,8.900176079813383,0.28783898596049595,12.649622457613667,4.54953321858289,492831.090069738,5527521.666660412,12.650327989365906,4.533650300465524,0,1,0.0,0.0,3,4,3,4,WP3->WP4,1,1.3244194839172165,1.3244194838629062,5.854466780329439,0.3076283404899479,utm,1,0.8324182126619131,0.7831381737203361,0,0.0
74.25,60.254,49.90004066445218,8.900176118086097,0.28783812027814487,12.652372136181683,4.52299055629136,492831.0927829547,5527521.64012471,12.6530470905127,4.507115200161934,0,1,0.0,0.0,3,4,3,4,WP3->WP4,1,1.3220196590725026,1.3220196590759887,5.881032658127895,0.30902426896771407,utm,1,1.2205063320983314,0.45410499085772454,0,0.0
74.3,60.303999999999995,49.900040427258766,8.900176156482528,0.28783693936897764,12.655130703056779,4.496608212764088,492831.09550526965,5527521.613749252,12.655775254359469,4.4807403460145,0,1,0.0,0.0,3,4,3,4,WP3->WP4,1,1.3196593408532584,1.319659340925142,5.907442972629731,0.31041202322900996,utm,1,1.329471376313234,0.49635357190212165,0,0.0
74.35,60.35399999999999,49.90004019111836,8.900176194522144,0.28783389664597087,12.657863634786203,4.470342991295509,492831.0982021159,5527521.587490901,12.658477923541795,4.454482594504952,0,1,0.0,0.0,3,4,3,4,WP3->WP4,1,1.3172963670907876,1.3172963670410411,5.933733470861759,0.3117934816342309,utm,1,0.9467332344614116,0.6187522990684617,0,0.0
74.4,60.404,49.90003995563179,8.900176232334895,0.2878305263257557,12.660580267499872,4.444150494505079,492831.1008827665,5527521.5613052705,12.66116438084282,4.4282975578680634,0,1,0.0,0.0,3,4,3,4,WP3->WP4,1,1.314931370424682,1.3149313703941088,5.959949495346382,0.3131710267479115,utm,1,1.1213632672472549,0.34623826179691874,0,0.0
74.45,60.454,49.90003972086868,8.900176270033057,0.28782656836963477,12.663288667751878,4.418038466994033,492831.10355529527,5527521.5352000855,12.663842698617373,4.402192967012525,0,1,0.0,0.0,3,4,3,4,WP3->WP4,1,1.3125737507795063,1.3125737507950859,5.9860850023416,0.3145443409960709,utm,1,1.0849969713164567,0.26311033418905405,0,0.0
74.5,60.504,49.90003948695306,8.900176307448142,0.28782778517019114,12.665976730414812,4.392020702020276,492831.1062076201,5527521.509189153,12.666500791499857,4.376182623207569,0,1,0.0,0.0,3,4,3,4,WP3->WP4,1,1.310214282563589,1.310214282500762,6.012124133295832,0.3159125910765334,utm,1,0.7432552853603813,0.17836936534817155,0,0.0
74.55,60.553999999999995,49.900039253896516,8.900176344769156,0.2878252687443065,12.668658034641105,4.36609849011484,492831.1088533166,5527521.4832737455,12.669152234797366,4.350267802365124,0,1,0.0,0.0,3,4,3,4,WP3->WP4,1,1.3078665343229152,1.3078665343777698,6.038068229701309,0.31727584747924187,utm,1,0.3712174437998044,0.380894391016098,0,0.0
74.6,60.60399999999999,49.90003902152709,8.900176381920087,0.28782777295918294,12.67132711939138,4.340252704673928,492831.1114869002,5527521.457434749,12.67179154837504,4.324429390951991,0,1,0.0,0.0,3,4,3,4,WP3->WP4,1,1.3055214757364553,1.3055214757535254,6.063935007460792,0.31863504110259766,utm,1,-0.06948205458347134,0.5990327956618712,0,0.0
74.65,60.654,49.900038789985416,8.90017641896047,0.2878274510139929,12.673988261890631,4.3144989870185215,492831.1141126675,5527521.431687794,12.674423025164288,4.298683018423617,0,1,0.0,0.0,3,4,3,4,WP3->WP4,1,1.3031863064067817,1.3031863064374378,6.08970994407861,0.31998940884871147,utm,1,-0.5172994285682545,0.7634189203637021,0,0.0
74.7,60.704,49.900038558679924,8.90017645590687,0.28783033192698465,12.676642652206683,4.288771539169366,492831.1167317204,5527521.405967108,12.677047781762667,4.27296291384846,0,1,0.0,0.0,3,4,3,4,WP3->WP4,1,1.3008495586018671,1.3008495585134936,6.1154578123612335,0.3213423542642616,utm,1,-0.6198813475933325,1.1328115150946176,0,0.0
74.75,60.754,49.90003832805472,8.900176492798352,0.2878311785204366,12.679293096985274,4.263119758607215,492831.1193469302,5527521.380322063,12.679668678436428,4.24731845036149,0,1,0.0,0.0,3,4,3,4,WP3->WP4,1,1.2985234709216862,1.2985234709302838,6.141130695973456,0.3226913595413528,utm,1,-0.05388500622365677,1.1035227499261633,0,0.0
74.8,60.803999999999995,49.90003809873892,8.900176529529764,0.2878310645829672,12.681932041688633,4.237613618433916,492831.1219508385,5527521.354822616,12.682278241380118,4.221819581463933,0,1,0.0,0.0,3,4,3,4,WP3->WP4,1,1.2962140704239087,1.2962140704747018,6.1666585007749,0.32403274151892336,utm,1,-0.44821579900130615,0.6412572599417983,0,0.0
74.85,60.85399999999999,49.900037871593966,8.900176565949169,0.28783266378438205,12.684548570363823,4.212348936333252,492831.1245326614,5527521.329564561,12.684865665389225,4.196562099270523,0,1,0.0,0.0,3,4,3,4,WP3->WP4,1,1.2939290497761773,1.2939290496952929,6.19194513419696,0.32536145092459334,utm,1,-0.8235647079453795,0.7303789425060034,0,0.0
74.9,60.904,49.900037646496635,8.900176601895199,0.2878605169391239,12.687131089772127,4.187312004658203,492831.1270807922,5527521.30453421,12.687419346824754,4.171532313339412,0,1,0.0,0.0,3,4,3,4,WP3->WP4,1,1.2916544031909567,1.2916544032369635,6.217001818684622,0.3266780774520541,utm,1,-0.5329205907817727,0.5439977905567628,0,0.0
74.95,60.954,49.90003742263653,8.90017663770008,0.28787699396883387,12.689703468398747,4.162412685759581,492831.1296189695,5527521.27964143,12.689963044191245,4.146640097722411,0,1,0.0,0.0,3,4,3,4,WP3->WP4,1,1.2893962356551023,1.2893962356718325,6.241921560242528,0.327987508187344,utm,1,-0.34848099566721114,0.7997788290091821,0,0.0
75.0,61.004,49.90003719992207,8.90017667344017,0.2878802267206557,12.692271192169201,4.137640794064634,492831.13215266366,5527521.2548760325,12.692502230172977,4.121875261887908,0,1,0.0,0.0,3,4,3,4,WP3->WP4,1,1.2871579728432805,1.287157972784688,6.266715404130671,0.32929032351380605,utm,1,-0.2253549314401264,0.6127739432428879,0,0.0
75.05,61.053999999999995,49.90003697825595,8.90017670900419,0.2878838486432742,12.694826266380149,4.112985506517899,492831.1346738687,5527521.23022721,12.695028901216574,4.097226998768747,0,1,0.0,0.0,3,4,3,4,WP3->WP4,1,1.2849296935144088,1.284929693483998,6.291392432190685,0.3305870006451603,utm,1,0.36228096675776217,0.719733934766943,0,0.0
75.1,61.10399999999999,49.90003675519107,8.900176743817463,0.28788611609276615,12.69732740352685,4.0881746385217665,492831.1371409512,5527521.205422941,12.697501484188251,4.072423278354108,0,1,0.0,0.0,3,4,3,4,WP3->WP4,1,1.282618625806786,1.2826186257743908,6.316211723492953,0.3318911531293979,utm,1,0.5305080298827287,0.40996095638100216,0,0.0
75.15,61.154,49.90003652618274,8.900176775929769,0.28788825340589674,12.699634491468768,4.062702698128281,492831.13941318146,5527521.179958122,12.69977936137002,4.0469589633867145,0,1,0.0,0.0,3,4,3,4,WP3->WP4,1,1.2799902483743753,1.2799902483605252,6.341642249633767,0.3332274235102924,utm,1,0.7790997337075434,0.2909481263569117,0,0.0
75.2,61.204,49.900036286582456,8.9001768063691,0.28787958997417906,12.701821385623525,4.036052645117851,492831.1415636969,5527521.153315823,12.701935784891248,4.020317141897976,0,1,0.0,0.0,3,4,3,4,WP3->WP4,1,1.2770177210374085,1.2770177209893032,6.368205399059465,0.33462320862320305,utm,1,1.330922118302734,0.03431502893599567,0,0.0
75.25,61.254,49.9000360393379,8.90017684152091,0.2878900573057034,12.704346844821231,4.008552340879638,492831.14405150886,5527521.125823161,12.70442969352007,3.99282503221184,0,1,0.0,0.0,3,4,3,4,WP3->WP4,1,1.2742140382361213,1.2742140381750995,6.395667646467277,0.336066237666356,utm,1,1.138060602660795,-0.2488068096716721,0,0.0
75.3,61.303999999999995,49.900035788119474,8.900176880827242,0.2878582739975862,12.707170782983258,3.980610035423994,492831.1468370914,5527521.097888276,12.70722147077322,3.964890766888857,0,1,0.0,0.0,3,4,3,4,WP3->WP4,1,1.2716182760773365,1.2716182760936336,6.423620808541879,0.3375350622720996,utm,1,0.743757435361414,-0.2726046775290765,0,0.0
75.35,61.35399999999999,49.90003553835554,8.90017691942148,0.2878352395077821,12.709943561118665,3.9528295076552964,492831.14957174996,5527521.070115174,12.709962288092356,3.9371182713657618,0,1,0.0,0.0,3,4,3,4,WP3->WP4,1,1.2690033948292865,1.26900339485925,6.4514054434655685,0.33899503146372817,utm,1,0.0952336775003868,0.0439327876516008,0,0.0
75.4,61.404,49.90003528990836,8.900176957953839,0.2878375572618648,12.712711893696694,3.925195439592849,492831.15230215987,5527521.04248848,12.712698824354447,3.9094921834766865,0,1,0.0,0.0,3,4,3,4,WP3->WP4,1,1.2664122785679734,1.2664122786237926,6.479045549945593,0.3404474062753821,utm,1,-0.011219381632416675,0.04247199678621977,0,0.0
75.45,61.454,49.900035041953494,8.900176996375441,0.2878394005268296,12.715472268964396,3.8976161299506358,492831.1550246886,5527521.014916531,12.715427467308473,3.881920838728547,0,1,0.0,0.0,3,4,3,4,WP3->WP4,1,1.2638238717558594,1.2638238717046555,6.506630413431951,0.3418968782931348,utm,1,-0.011219381632416675,0.04247199678621977,0,0.0
75.5,61.504,49.900034794200565,8.900177034753629,0.2878382287894271,12.718229525169628,3.8700592814915735,492831.1577441294,5527520.987367039,12.718153017398436,3.854371950030327,0,1,0.0,0.0,3,4,3,4,WP3->WP4,1,1.261236718623866,1.2612367186040945,6.534192643341177,0.34334516100876417,utm,1,-0.07670887991326934,0.15589891043020668,0,0.0
75.55,61.553999999999995,49.90003454670615,8.90017707308363,0.28783352283853697,12.720983319394175,3.842531186969488,492831.1604601481,5527520.9598462945,12.720875138940755,3.8268518084660172,0,1,0.0,0.0,3,4,3,4,WP3->WP4,1,1.2586516916620905,1.258651691558958,6.5617260003874005,0.34479192657325686,utm,1,0.26045886859905776,-0.014302996002711371,0,0.0
75.6,61.60399999999999,49.90003429919865,8.900177111397381,0.28782544558264944,12.723735946267482,3.815001636354826,492831.16317499796,5527520.932324096,12.723596091964282,3.7993302131071687,0,1,0.0,0.0,3,4,3,4,WP3->WP4,1,1.2560652394870757,1.256065239549058,6.589260562404679,0.34623875545406163,utm,1,0.2576753949981079,-0.3564324311832889,0,0.0
75.65,61.654,49.90003405192261,8.900177149734505,0.2878209861218475,12.726490252253098,3.787497830560655,492831.1658915605,5527520.904827629,12.726318751927465,3.7718343501910567,0,1,0.0,0.0,3,4,3,4,WP3->WP4,1,1.2534853786473739,1.253485378700784,6.616770191541127,0.347684274213716,utm,1,-0.3050138152211379,-0.30441892096291395,0,0.0
75.7,61.704,49.90003380532181,8.900177187777157,0.2878188735431283,12.729223402087177,3.7600691295687474,492831.16858707555,5527520.8774062665,12.729020347818732,3.744413584470749,0,1,0.0,0.0,3,4,3,4,WP3->WP4,1,1.2508991874257402,1.2508991873643345,6.644202080794214,0.3491257080597129,utm,1,-0.3050138152211379,-0.30441892096291395,0,0.0
75.75,61.754,49.90003356031645,8.900177224574747,0.2878199625045544,12.731867101318871,3.732817885083752,492831.17119341216,5527520.850162406,12.731632725917734,3.7171703036874533,0,1,0.0,0.0,3,4,3,4,WP3->WP4,1,1.2482593247518472,1.2482593247204181,6.671442712707506,0.35055709211291813,utm,1,-0.647457056262505,-0.4243678735904223,0,0.0
75.8,61.803999999999995,49.90003331660511,8.900177260405147,0.2878209977887331,12.734441313351857,3.7057105708924887,492831.1737304813,5527520.823062514,12.734175804594997,3.6900709746405482,0,1,0.0,0.0,3,4,3,4,WP3->WP4,1,1.245578937191783,1.245578937215664,6.698528805375456,0.3519803557593692,utm,1,-0.41932130878692464,-0.08173533418774426,0,0.0
75.85,61.85399999999999,49.9000330740987,8.900177295978073,0.28782443760217136,12.736997027327948,3.6787372773581155,492831.1762492384,5527520.79609661,12.73670054145623,3.6631056303158402,0,1,0.0,0.0,3,4,3,4,WP3->WP4,1,1.2429061400041295,1.242906139986694,6.725479877216302,0.35339652461230076,utm,1,-0.1743165575090007,0.06331454828100548,0,0.0
75.9,61.904,49.90003283271126,8.90017733131638,0.2878248522188751,12.73953588522169,3.6518884436550816,492831.1787513119,5527520.769255142,12.73920856724726,3.636264717206359,0,1,0.0,0.0,3,4,3,4,WP3->WP4,1,1.240240709025702,1.2402407089506873,6.752305616037393,0.3548061077264584,utm,1,-0.09478848587617489,0.5319887759741334,0,0.0
75.95,61.954,49.90003259269955,8.900177366716608,0.2878252245310118,12.74207919186334,3.6251926284426417,492831.1812580363,5527520.742566623,12.741721209953539,3.609576754271984,0,1,0.0,0.0,3,4,3,4,WP3->WP4,1,1.2376090271454823,1.2376090270782545,6.778982103072765,0.3562078482682898,utm,1,-0.08473492342876018,0.3941767127843716,0,0.0
76.0,62.004,49.90003235400929,8.900177402879368,0.2878252796614589,12.744677282080744,3.59864379438457,492831.183819718,5527520.716024954,12.744288777408656,3.583035654388368,0,1,0.0,0.0,3,4,3,4,WP3->WP4,1,1.235059312768071,1.2350593128383285,6.805524924319317,0.35760256521833433,utm,1,0.25933809834444577,0.35817689883142445,0,0.0
76.05,62.053999999999995,49.90003211684996,8.900177439389912,0.28782367190150604,12.747300358617569,3.5722652410846707,492831.186406603,5527520.689653465,12.7468815104221,3.556664738804102,0,1,0.0,0.0,3,4,3,4,WP3->WP4,1,1.2325668102306808,1.2325668102690586,6.831905501488291,0.3589887569041298,utm,1,0.051121777753080605,0.016311867308478223,0,0.0
76.1,62.10399999999999,49.90003188166033,8.900177475668094,0.2878205598254204,12.749906741278611,3.5461057724077247,492831.1889770926,5527520.663500995,12.749457799422089,3.530512840487063,0,1,0.0,0.0,3,4,3,4,WP3->WP4,1,1.2301000041001349,1.2301000040365138,6.8580679541631,0.3603634870378014,utm,1,-0.07966881102288814,0.10420896215441655,0,0.0
76.15,62.154,49.900031647504086,8.900177511584552,0.2878184392844054,12.752487136048938,3.520061243773191,492831.19152175804,5527520.637463453,12.75200823880732,3.504475863650441,0,1,0.0,0.0,3,4,3,4,WP3->WP4,1,1.2276297769168334,1.2276297769476967,6.8841126638255785,0.36173203025661865,utm,1,-0.49920000412544335,0.12096971956888483,0,0.0
76.2,62.204,49.9000314142096,8.900177547232097,0.28782057187660254,12.755048211009377,3.494112566076255,492831.194047239,5527520.611521749,12.754539472516626,3.4785347199067473,0,1,0.0,0.0,3,4,3,4,WP3->WP4,1,1.2251590043937994,1.2251590043899823,6.9100596359872695,0.36309543776858183,utm,1,-0.6567375692295097,0.49437656058001245,0,0.0
76.25,62.254,49.90003118182673,8.900177582685828,0.2878253367012948,12.757595361474374,3.468265285628728,492831.1965589362,5527520.585681422,12.757056899892632,3.4526949506253004,0,1,0.0,0.0,3,4,3,4,WP3->WP4,1,1.2226940447770187,1.2226940447398915,6.9359044633913065,0.36445347799032607,utm,1,-0.5529516069855311,0.7125256383658594,0,0.0
76.3,62.303999999999995,49.90003095007033,8.900177618087143,0.2878292326840524,12.760138746220205,3.442487684658938,492831.19906696194,5527520.55991075,12.759570640395395,3.4269248358905315,0,1,0.0,0.0,3,4,3,4,WP3->WP4,1,1.2202387717692598,1.220238771835913,6.961680214517961,0.3658078885355557,utm,1,-0.20781035231112177,1.436337049673213,0,0.0
76.35,62.35399999999999,49.900030718878966,8.900177653346125,0.28783426033445164,12.762671905061005,3.4167729312767414,492831.2015648497,5527520.534202914,12.762074229016434,3.4012175537645817,0,1,0.0,0.0,3,4,3,4,WP3->WP4,1,1.2177855366542203,1.2177855366447254,6.987392350284776,0.36715895635320456,utm,1,-0.39968344736909783,1.2665512411355573,0,0.0
76.4,62.404,49.90003048791325,8.900177688548741,0.2878391365647958,12.765201014353059,3.391083276034465,492831.204058723,5527520.508520171,12.76457379758358,3.3755353651940823,0,1,0.0,0.0,3,4,3,4,WP3->WP4,1,1.215333148850721,1.215333148764734,7.013079087537344,0.36850868958256694,utm,1,-0.5394946751148355,1.1946322716664244,0,0.0
76.45,62.454,49.90003025664078,8.900177723804443,0.287844072992213,12.767733937605096,3.3653595016705644,492831.2065563633,5527520.48280332,12.767077140742913,3.34981906786561,0,1,0.0,0.0,3,4,3,4,WP3->WP4,1,1.2128779505026936,1.212877950516635,7.038800025662423,0.36986021992822504,utm,1,-0.3480358681490119,1.2145372288655005,0,0.0
76.5,62.504,49.90003002505593,8.900177759178174,0.2878428356520031,12.770275340521094,3.339600982730308,492831.20906243357,5527520.457051725,12.769588921510149,3.324068029411137,0,1,0.0,0.0,3,4,3,4,WP3->WP4,1,1.2104243980902198,1.210424398115552,7.0645566769513835,0.37121362685491965,utm,1,-0.12720565627619163,1.475625817574291,0,0.0
76.55,62.553999999999995,49.90002979402873,8.900177794489828,0.28784182381381324,12.772812283586136,3.3139044885226085,492831.2115641284,5527520.431362136,12.772096313128714,3.298378996551037,0,1,0.0,0.0,3,4,3,4,WP3->WP4,1,1.2079783818076435,1.2079783817805725,7.090251626978864,0.3725637916320919,utm,1,0.2275606305106757,1.373071589903513,0,0.0
76.6,62.60399999999999,49.900029563776044,8.900177829527083,0.28786425801529814,12.77532951261936,3.2882941415063054,492831.21404623205,5527520.405758686,12.774584094469901,3.2727760979905725,0,1,0.0,0.0,3,4,3,4,WP3->WP4,1,1.2055295700901876,1.205529570098614,7.115858282497121,0.3739093168930852,utm,1,0.28019367344578244,1.2611171537548378,0,0.0
76.65,62.654,49.90002933490219,8.900177864409875,0.287882549069776,12.777835644349901,3.2628371582542495,492831.21651744697,5527520.380308554,12.77706095308531,3.2473265128210187,0,1,0.0,0.0,3,4,3,4,WP3->WP4,1,1.2030993237103662,1.2030993236893468,7.141312360057383,0.37524682480497146,utm,1,-0.33184718369388305,0.7867158811926951,0,0.0
76.7,62.704,49.900029107156506,8.90017789924147,0.2878820542638462,12.780338097909427,3.237505657918987,492831.21898515255,5527520.354983859,12.779534274537582,3.2220023665577173,0,1,0.0,0.0,3,4,3,4,WP3->WP4,1,1.2006895667557274,1.2006895668376776,7.166642634632826,0.3765778273751764,utm,1,-0.20151482781681648,0.929808224944003,0,0.0
76.75,62.754,49.90002888023312,8.90017793396467,0.2878834982820451,12.782832763894843,3.212265619725283,492831.2214451954,5527520.3297506,12.781999912986066,3.1967696538195014,0,1,0.0,0.0,3,4,3,4,WP3->WP4,1,1.1982897346481678,1.1982897346958021,7.191881690688894,0.3779040367844002,utm,1,0.19939059630048556,1.0746036349599066,0,0.0
76.8,62.803999999999995,49.90002865393652,8.90017796858838,0.28788535947272664,12.785320282071291,3.187095297093243,492831.2238981862,5527520.304587038,12.78445848391857,3.171606636606157,0,1,0.0,0.0,3,4,3,4,WP3->WP4,1,1.1958962787023046,1.1958962786438645,7.21705098520363,0.379226580509285,utm,1,0.47739445193965624,0.7946389318871365,0,0.0
76.85,62.85399999999999,49.900028426027575,8.900178002683301,0.2878850709667666,12.787769809709456,3.161745637344929,492831.2263129629,5527520.279244261,12.786878880520817,3.1462643956765532,0,1,0.0,0.0,3,4,3,4,WP3->WP4,1,1.193431115180718,1.193431115080126,7.242388910928987,0.38055798511619787,utm,1,0.19831002152117227,0.8756372415256078,0,0.0
76.9,62.904,49.900028192423235,8.900178033313823,0.28788938955724824,12.78997043986312,3.135762495960244,492831.228478098,5527520.253268588,12.789049775863532,3.120289203710854,0,1,0.0,0.0,3,4,3,4,WP3->WP4,1,1.190600135696234,1.190600135713189,7.2683004706884695,0.38191953185092326,utm,1,0.014193486612846029,1.1010459719680228,0,0.0
76.95,62.954,49.90002795121659,8.900178061762313,0.28789665527797154,12.79201430330779,3.1089337716173664,492831.23048540275,5527520.226447879,12.791063028213102,3.0934689408168197,0,1,0.0,0.0,3,4,3,4,WP3->WP4,1,1.1874529869584454,1.1874529869736958,7.295011426461297,0.38332308358426026,utm,1,-0.017584184296010302,0.8362408142239335,0,0.0
77.0,63.004,49.90002770511335,8.900178095796676,0.2878940578211844,12.794459480211138,3.0815604134638024,492831.2328931347,5527520.199082221,12.793476828665007,3.0661038160324097,0,1,0.0,0.0,3,4,3,4,WP3->WP4,1,1.1845949286053161,1.1845949285573711,7.322333723888153,0.38475875882697186,utm,1,0.2067224771797272,0.676807643813065,0,0.0
77.05,63.053999999999995,49.9000274559449,8.900178133017727,0.2878833906439615,12.797133602681225,3.0538461202191236,492831.2355292662,5527520.171375458,12.796119104255922,3.0383976390585303,0,1,0.0,0.0,3,4,3,4,WP3->WP4,1,1.1818959883540336,1.1818959883829216,7.350034438944529,0.38621431837200326,utm,1,-0.16381151783533043,0.8360342473685306,0,0.0
77.1,63.10399999999999,49.900027207919834,8.900178169788203,0.2878806200860787,12.799775353902703,3.0262590022981586,492831.23813320894,5527520.143795862,12.79872916295426,3.0108186211436987,0,1,0.0,0.0,3,4,3,4,WP3->WP4,1,1.179189715077724,1.1791897151110304,7.377604182017061,0.38766299587370734,utm,1,-0.3442942470952681,0.8921340177768836,0,0.0
77.15,63.154,49.90002696046448,8.900178206326547,0.28785940652128444,12.802400427711534,2.9987352519978505,492831.24072056543,5527520.116279631,12.801322621293366,2.983302963897586,0,1,0.0,0.0,3,4,3,4,WP3->WP4,1,1.1764792508583497,1.1764792508326616,7.405108559162911,0.38910823866268623,utm,1,0.18266094465145882,0.9609427292133497,0,0.0
77.2,63.204,49.900026713251705,8.900178242887687,0.2878502812354711,12.805027139283405,2.971238482569409,492831.24330959487,5527520.088790368,12.803917746583465,2.9558142768219113,0,1,0.0,0.0,3,4,3,4,WP3->WP4,1,1.1737755744893967,1.1737755745019913,7.432586782682996,0.39055210718534955,utm,1,0.19073868319117368,1.1318285837465822,0,0.0
77.25,63.254,49.90002646594375,8.900178279538617,0.2878501105480399,12.807660301724791,2.9437311278149063,492831.24590505863,5527520.0612905165,12.806519308593124,2.928315001539886,0,1,0.0,0.0,3,4,3,4,WP3->WP4,1,1.1710761937648353,1.171076193810449,7.460076628507621,0.39199658641269225,utm,1,0.510590423958621,1.0789046381987795,0,0.0
77.3,63.303999999999995,49.90002621882818,8.900178316166588,0.2878493687141342,12.810291814789606,2.9162451701214778,492831.2484989022,5527520.0338120535,12.809119245619513,2.9008371140807867,0,1,0.0,0.0,3,4,3,4,WP3->WP4,1,1.1683793038241355,1.168379303796228,7.487545169393479,0.3934399461524363,utm,1,0.15558260712257233,0.8580935668118742,0,0.0
77.35,63.35399999999999,49.90002597174748,8.900178352752382,0.2878432715011596,12.812920297616309,2.8887630918039457,492831.251089722,5527520.006337473,12.811716158059426,2.8733631083741784,0,1,0.0,0.0,3,4,3,4,WP3->WP4,1,1.165680186446474,1.1656801864069604,7.515009321973452,0.3948830753046125,utm,1,0.1381831514561992,0.5711376057975069,0,0.0
77.4,63.404,49.900025724879,8.900178389327655,0.2878369781969632,12.815548024542561,2.861304617327247,492831.25367981754,5527519.978886488,12.814312340982724,2.8459126986563206,0,1,0.0,0.0,3,4,3,4,WP3->WP4,1,1.162984860220484,1.1629848602017643,7.542450174807666,0.39632498015022216,utm,1,0.26868295676031895,0.2730987551156985,0,0.0
77.45,63.454,49.9000254783253,8.900178425848209,0.28782830380208435,12.81817182022493,2.8338811548724796,492831.25626603013,5527519.951470508,12.816904633189552,2.8184972936287522,0,1,0.0,0.0,3,4,3,4,WP3->WP4,1,1.160292401625872,1.1602924016729967,7.5698559242592784,0.3977650404563135,utm,1,0.3163745769538011,0.6478947257004418,0,0.0
77.5,63.504,49.900025232248225,8.900178462354319,0.2878223481766359,12.820794578219205,2.806510707489012,492831.258851276,5527519.924107522,12.819495946983807,2.7911348808556795,0,1,0.0,0.0,3,4,3,4,WP3->WP4,1,1.157609105701694,1.157609105654082,7.597209469681448,0.3992023576536732,utm,1,0.6115368631960167,0.46132958668980284,0,0.0
77.55,63.553999999999995,49.90002498735324,8.900178498403179,0.2878198159524312,12.823384485364357,2.779271739321942,492831.2614038595,5527519.896876006,12.822054569143802,2.7639039317145944,0,1,0.0,0.0,3,4,3,4,WP3->WP4,1,1.1549188328908084,1.1549188328885962,7.624427727248109,0.4006325660262602,utm,1,0.6115368631960167,0.46132958668980284,0,0.0
77.6,63.60399999999999,49.9000247440121,8.900178533554906,0.28781877604130524,12.825909938563864,2.7522056011363434,492831.26389224513,5527519.869817338,12.824548955191858,2.736845816485584,0,1,0.0,0.0,3,4,3,4,WP3->WP4,1,1.1521985220900834,1.1521985221583175,7.651464064095842,0.4020532152073847,utm,1,0.4932950749139279,0.3132387172464175,0,0.0
77.65,63.654,49.900024502213505,8.90017856840142,0.28781707776478127,12.828413464013972,2.7253110356550025,492831.2663589403,5527519.8429302005,12.827021612727549,2.7099592266604304,0,1,0.0,0.0,3,4,3,4,WP3->WP4,1,1.1494896487638138,1.1494896487167547,7.678327882690967,0.40346479925828543,utm,1,0.26495659486452705,0.09999895573749223,0,0.0
77.7,63.704,49.900024261883225,8.900178603279771,0.28781598868804475,12.830919276691477,2.6985797874414854,492831.2688281394,5527519.816206314,12.829496737977024,2.683235887438059,0,1,0.0,0.0,3,4,3,4,WP3->WP4,1,1.146814382472846,1.1468143825784773,7.705031927763957,0.4048679878625447,utm,1,0.17051582962442946,-0.21937128664700753,0,0.0
77.75,63.754,49.90002402275879,8.900178638640023,0.2878142374948152,12.8334597112177,2.6719826617688867,492831.27133212524,5527519.789616449,12.832006620243192,2.6566465785726905,0,1,0.0,0.0,3,4,3,4,WP3->WP4,1,1.1441988362517905,1.1441988363360922,7.731611050707114,0.4062646123186188,utm,1,-0.08394277040247261,-0.1355934367974826,0,0.0
77.8,63.803999999999995,49.90002378527576,8.900178673795876,0.2878128824128392,12.835985460881288,2.6455681044928325,492831.2738216752,5527519.7632091,12.834502026205882,2.6302397828549147,0,1,0.0,0.0,3,4,3,4,WP3->WP4,1,1.1416039447483908,1.1416039447541193,7.758008256505208,0.4076516777710224,utm,1,-0.30966575143456,0.20047033391208957,0,0.0
77.85,63.85399999999999,49.90002354942694,8.900178708693247,0.2878176715768858,12.838492639999133,2.619335315399181,492831.2762929043,5527519.736983472,12.836979070911184,2.604014702141285,0,1,0.0,0.0,3,4,3,4,WP3->WP4,1,1.1390257423700945,1.1390257423821681,7.784223584597286,0.4090291862921164,utm,1,-0.7796010546526415,0.16316059135785474,0,0.0
77.9,63.904,49.90002331480627,8.90017874333297,0.28782163202664024,12.84098130868083,2.5932391301470625,492831.2787458124,5527519.710894416,12.839437764429022,2.5779261915013194,0,1,0.0,0.0,3,4,3,4,WP3->WP4,1,1.1364556146556888,1.1364556147260054,7.810301353235929,0.41039946662523585,utm,1,-0.2226923097298114,-0.0674559258179637,0,0.0
77.95,63.954,49.90002308104059,8.900178777783319,0.28783091836087543,12.8434563717925,2.567238042315247,492831.28118524706,5527519.684900438,12.841882963373791,2.551932755857706,0,1,0.0,0.0,3,4,3,4,WP3->WP4,1,1.1338904026548526,1.1338904026003351,7.836283220054858,0.41176470770905116,utm,1,-0.15454808981326557,-0.8583874289353095,0,0.0
78.0,64.004,49.90002284778863,8.900178812244173,0.2878357193975647,12.84593218965603,2.541294095150364,492831.2836255123,5527519.658963577,12.844328980252612,2.5259964363649487,0,1,0.0,0.0,3,4,3,4,WP3->WP4,1,1.131336904052074,1.1313369039891936,7.862209178572063,0.41312701103974153,utm,1,0.08495031782238704,-1.73274887991553,0,0.0
78.05,64.054,49.900022614977196,8.90017884655841,0.28783993204545744,12.848397473919785,2.5153991464204575,492831.2860553134,5527519.633075708,12.846764522138983,2.5001091063022614,0,1,0.0,0.0,3,4,3,4,WP3->WP4,1,1.1287824815924612,1.1287824815150391,7.888085048335445,0.41448668241080283,utm,1,-0.5109801584806977,-2.120934923710426,0,0.0
78.1,64.104,49.900022382174704,8.900178880826044,0.28784934763303066,12.850859410040982,2.489505191767358,492831.2884817692,5527519.607188838,12.849196718481835,2.4742227755486965,0,1,0.0,0.0,3,4,3,4,WP3->WP4,1,1.1262249659098285,1.1262249658665762,7.913959298841276,0.4158462686964871,utm,1,-0.25991761964223536,-1.9728231096365634,0,0.0
78.15,64.15400000000001,49.90002214928855,8.900178915149953,0.28785297120972925,12.85332538920225,2.4636019324138356,492831.2909122539,5527519.581292661,12.851632945763413,2.4483271380886436,0,1,0.0,0.0,3,4,3,4,WP3->WP4,1,1.1236696292560326,1.123669629315826,7.93984345380902,0.4172063754212303,utm,1,-0.44996945183539827,-1.7430756737266175,0,0.0
78.2,64.20400000000001,49.90002191674325,8.900178949470618,0.2878520080960009,12.855791135327179,2.4377365838243654,492831.2933425563,5527519.555434381,12.854068982356694,2.4224693970754743,0,1,0.0,0.0,3,4,3,4,WP3->WP4,1,1.1211213447263464,1.121121344709026,7.965690373793097,0.418564525599517,utm,1,-0.2687321994302224,-1.398283055784706,0,0.0
78.25,64.254,49.900021684285015,8.900178983782917,0.2878508536677039,12.858256280356189,2.4118809205853693,492831.29577227077,5527519.529585783,12.856504428840708,2.3966213390231133,0,1,0.0,0.0,3,4,3,4,WP3->WP4,1,1.118574330643439,1.1185743305810012,7.991527676540722,0.4199221704312707,utm,1,-0.4969452766982464,-1.1345935814494803,0,0.0
78.3,64.304,49.90002145166803,8.900179017953564,0.2878716001985586,12.860711248486712,2.3860075995706564,492831.2981917887,5527519.503719549,12.85892968281405,2.3707556426525116,0,1,0.0,0.0,3,4,3,4,WP3->WP4,1,1.1160139418887185,1.1160139419266997,8.017380347067203,0.42128062277709605,utm,1,0.019518967345712956,-0.9336443221300144,0,0.0
78.35,64.354,49.9000212194185,8.900179052085756,0.2878903128265822,12.863163453873192,2.3601751489095224,492831.3006085997,5527519.477894171,12.861352220643312,2.3449308006092906,0,1,0.0,0.0,3,4,3,4,WP3->WP4,1,1.1134586917411353,1.1134586918189475,8.043192394600407,0.42263694055038437,utm,1,0.024639623432558298,-0.41174575517425177,0,0.0
78.4,64.40400000000001,49.90002098757818,8.900179086307455,0.28788761924579354,12.865622089837414,2.334388214230663,492831.3030318993,5527519.452114281,12.863781237101648,2.3191514490172267,0,1,0.0,0.0,3,4,3,4,WP3->WP4,1,1.110918490572929,1.1109184905529708,8.06896102828176,0.4239909771029058,utm,1,0.37773637620077716,0.08964102960601616,0,0.0
78.45,64.45400000000001,49.900020755731695,8.900179120536444,0.28788605472947565,12.868081249559099,2.308600593957194,492831.30545572157,5527519.426333706,12.866210776322987,2.293371411971748,0,1,0.0,0.0,3,4,3,4,WP3->WP4,1,1.1083786715215342,1.1083786714849786,8.094730434536539,0.4253450542510082,utm,1,0.46934704262970944,-0.14295131073501377,0,0.0
78.5,64.504,49.90002052489754,8.900179154634714,0.287886783617221,12.870531017763252,2.282925571808533,492831.307870306,5527519.400665698,12.868631052784622,2.26770393922925,0,1,0.0,0.0,3,4,3,4,WP3->WP4,1,1.105851262882636,1.1058512629197308,8.120387579188463,0.42669323250995767,utm,1,0.4774182494168224,-0.15009356085990597,0,0.0
78.55,64.554,49.900020294792064,8.900179188619802,0.2878867460318939,12.872972654581739,2.257331599112197,492831.31027687044,5527519.375078716,12.871043291233946,2.242117492482066,0,1,0.0,0.0,3,4,3,4,WP3->WP4,1,1.1033314421529168,1.1033314421665377,8.145963655296748,0.4280371509477345,utm,1,-0.6283868778884003,0.10684207744045793,0,0.0
78.6,64.604,49.90002006281758,8.900179222256948,0.28788587405274285,12.87538929372252,2.231529741253251,492831.3126581702,5527519.349283966,12.873430311097763,2.216323271393776,0,1,0.0,0.0,3,4,3,4,WP3->WP4,1,1.100747177196372,1.1007471772027937,8.171738862273756,0.42939153290012044,utm,1,-0.6283868778884003,0.10684207744045793,0,0.0
78.65,64.65400000000001,49.90001982544424,8.90017925200946,0.2878905693705836,12.877526843772912,2.205127384589628,492831.31475969276,5527519.32288933,12.875537686806638,2.189929101616144,0,1,0.0,0.0,3,4,3,4,WP3->WP4,1,1.097773812845325,1.0977738128541865,8.198049550799887,0.43077405222291115,utm,1,-0.45446870833446273,-0.15306128602878355,0,0.0
78.7,64.70400000000001,49.90001958367379,8.900179279938548,0.2879034172684482,12.879533391157413,2.1782359499195842,492831.31672961375,5527519.296005986,12.87751356937224,2.1630461951717734,0,1,0.0,0.0,3,4,3,4,WP3->WP4,1,1.0945780159842236,1.094578015972008,8.224814857907441,0.43218045989711057,utm,1,-0.3487242654477386,0.02407828302544665,0,0.0
78.75,64.754,49.900019338139934,8.90017931369986,0.28789706107178287,12.881958950893441,2.150925921887694,492831.31911782164,5527519.268703657,12.87990783166606,2.135744396597147,0,1,0.0,0.0,3,4,3,4,WP3->WP4,1,1.09171287599221,1.091712875972052,8.252071263595584,0.4336126727978202,utm,1,-0.2085557068859196,-0.03682792847396051,0,0.0
78.8,64.804,49.90001909080378,8.900179349462377,0.2878896196857144,12.884528285881725,2.1234154299541426,492831.3216494801,5527519.241200754,12.882445588998962,2.1082420563325286,0,1,0.0,0.0,3,4,3,4,WP3->WP4,1,1.0889502801263464,1.0889502800659365,8.2795519298882,0.43505666967821244,utm,1,-0.2819152065591085,0.015178492304242078,0,0.0
78.85,64.854,49.900018844019385,8.900179384969395,0.2878935234104391,12.88707926472791,2.0959663089972973,492831.3241628715,5527519.213759221,12.884965065750293,2.0808010809123516,0,1,0.0,0.0,3,4,3,4,WP3->WP4,1,1.0861814624589907,1.0861814624695632,8.306968868712485,0.4364973179401801,utm,1,-0.45655677982360476,-0.08818215873342394,0,0.0
78.9,64.90400000000001,49.90001859742163,8.90017942043008,0.2878941909842851,12.88962691482996,2.0685379462037625,492831.3266729632,5527519.186338443,12.88748123816913,2.05338086001575,0,1,0.0,0.0,3,4,3,4,WP3->WP4,1,1.0834133660641312,1.083413366045698,8.3343648037975,0.4379368625413537,utm,1,-0.7010506634052049,0.021658911170682943,0,0.0
78.95,64.95400000000001,49.90001835096418,8.900179455737922,0.287872322042185,12.89216358401988,2.0411251907698675,492831.32917209936,5527519.15893328,12.889986451540608,2.025976251810789,0,1,0.0,0.0,3,4,3,4,WP3->WP4,1,1.0806374947362216,1.0806374947103472,8.36174332081029,0.43937549189390535,utm,1,-0.5025419939734872,0.15547177253852967,0,0.0
79.0,65.004,49.900018104536464,8.900179491077004,0.28785612404722044,12.894702497684092,2.01371574090668,492831.33167348336,5527519.131531419,12.892493912018836,1.9985749460756779,0,1,0.0,0.0,3,4,3,4,WP3->WP4,1,1.077864460033033,1.077864460073615,8.389119024935214,0.44081397344067746,utm,1,-0.6828870820717481,0.12860554753512293,0,0.0
79.05,65.054,49.90001785807879,8.900179526538194,0.28785718920510606,12.897250184030568,1.9863029600017779,492831.3341836321,5527519.104126217,12.89501013798872,1.9711703015491366,0,1,0.0,0.0,3,4,3,4,WP3->WP4,1,1.0750993916418483,1.0750993915453397,8.41649968162391,0.4422527152244671,utm,1,-0.1437087464962687,0.5578065439359094,0,0.0
79.1,65.104,49.90001761197571,8.900179561933166,0.28785593424919986,12.899793113041044,1.9589296195364132,492831.3366890781,5527519.076760445,12.897521652455907,1.9438050854951143,0,1,0.0,0.0,3,4,3,4,WP3->WP4,1,1.0723372301228948,1.0723372302239977,8.44384073508623,0.44368937602030945,utm,1,0.1019960459704782,0.1522265371194751,0,0.0
79.15,65.15400000000001,49.900017366310195,8.90017959727172,0.28785460201453894,12.902331988674133,1.9316049470904595,492831.3391905371,5527519.049443327,12.900029169220943,1.916488523595035,0,1,0.0,0.0,3,4,3,4,WP3->WP4,1,1.0695804388719505,1.0695804387633785,8.471133267553792,0.44512348723586437,utm,1,-0.13947383971306643,0.1508727628897573,0,0.0
79.2,65.20400000000001,49.90001712054569,8.900179632586841,0.2878459958453673,12.904869180855787,1.904269265509187,492831.34169029875,5527519.022115206,12.902534990978893,1.8891609571874142,0,1,0.0,0.0,3,4,3,4,WP3->WP4,1,1.0668198816924537,1.066819881714541,8.49843627664701,0.4465581489553482,utm,1,-0.47548891897457374,0.1538397579393012,0,0.0
79.25,65.254,49.90001687492991,8.90017966791492,0.2878392739340593,12.907407303906576,1.8769501259320118,492831.3441910129,5527518.9948036205,12.905041761638131,1.8618499264121056,0,1,0.0,0.0,3,4,3,4,WP3->WP4,1,1.0640634146589596,1.064063414609871,8.525723236566755,0.4479919673562538,utm,1,-0.3445774177204532,0.441291165951338,0,0.0
79.3,65.304,49.90001662980931,8.900179703201307,0.28783108376850214,12.909942431687469,1.849686063162661,492831.34668880637,5527518.967547094,12.907545599387959,1.8345939554274082,0,1,0.0,0.0,3,4,3,4,WP3->WP4,1,1.061314586215722,1.0613145862635616,8.552955590989356,0.4494229164610991,utm,1,-0.6496054091691584,0.5448154588798155,0,0.0
79.35,65.354,49.90001638556261,8.900179738392035,0.28782438538619387,12.912470686938358,1.8225192020018162,492831.3491798596,5527518.940387739,12.910042675328441,1.8074351521208882,0,1,0.0,0.0,3,4,3,4,WP3->WP4,1,1.0585776823507693,1.058577682326698,8.58009127411526,0.45084878588376465,utm,1,-0.16414671179648127,0.2562929199253844,0,0.0
79.4,65.40400000000001,49.900016142700515,8.900179773293738,0.287818859522172,12.914978177324347,1.7955063470406212,492831.35165036144,5527518.913382355,12.912519165722188,1.7804303178563714,0,1,0.0,0.0,3,4,3,4,WP3->WP4,1,1.055849983368292,1.0558499834100221,8.607071892882136,0.4522665073070945,utm,1,0.058292663664709976,0.16747714058459173,0,0.0
79.45,65.45400000000001,49.900015901522345,8.900179808048783,0.2878226249068467,12.917475131175268,1.7686807895929673,492831.3541105805,5527518.886564209,12.914985331881326,1.7536127176135778,0,1,0.0,0.0,3,4,3,4,WP3->WP4,1,1.0531479168874933,1.0531479169203977,8.633866751892395,0.4536744678131962,utm,1,0.2752877064810872,0.0944589718685459,0,0.0
79.5,65.504,49.9000156618876,8.900179842590717,0.2878257681780512,12.919956774181498,1.7420269039034875,492831.35655572364,5527518.859917685,12.917436384013854,1.7269667377695441,0,1,0.0,0.0,3,4,3,4,WP3->WP4,1,1.0504637980812457,1.0504637981532972,8.660490265157451,0.455073424799554,utm,1,-0.40048985225893297,0.28644963449346916,0,0.0
79.55,65.554,49.90001542375337,8.900179876910773,0.28782901528071986,12.92242247653235,1.7155399155733944,492831.3589851547,5527518.833438013,12.919871687074192,1.7004876034334302,0,1,0.0,0.0,3,4,3,4,WP3->WP4,1,1.0477960923559348,1.0477960923309821,8.686946994814159,0.456463617987844,utm,1,-0.529635516173709,1.0271874404172958,0,0.0
79.6,65.604,49.90001518690337,8.90017991103431,0.2878328668689432,12.924874060148277,1.6891957679439495,492831.3614006631,5527518.807101145,12.922293035779148,1.6741512725129724,0,1,0.0,0.0,3,4,3,4,WP3->WP4,1,1.0451419678293143,1.0451419678340461,8.71326088632323,0.45784630561431855,utm,1,-0.6295817533376861,0.9930236638962994,0,0.0
79.65,65.65400000000001,49.900014950894096,8.900179945019199,0.2878397767944875,12.927315682545569,1.6629451321646116,492831.36380633886,5527518.780857764,12.924704531149473,1.6479084258899093,0,1,0.0,0.0,3,4,3,4,WP3->WP4,1,1.0424960290736829,1.0424960291710048,8.739481133107331,0.4592240725926079,utm,1,-0.16192699238901553,1.2175344069640184,0,0.0
79.7,65.70400000000001,49.900014714740514,8.900179978962678,0.28784648610492214,12.929754329964737,1.6366784454055927,492831.3662090195,5527518.754598341,12.927113034937065,1.6216495353728533,0,1,0.0,0.0,3,4,3,4,WP3->WP4,1,1.0398440894165766,1.0398440894731753,8.765716555700314,0.46060263699773,utm,1,0.048539898814034615,0.9212747997021521,0,0.0
79.75,65.754,49.90001447864344,8.900180012893806,0.28785243774287356,12.932192090033602,1.6104180443251193,492831.36861082143,5527518.728345203,12.929520658624824,1.595396931283176,0,1,0.0,0.0,3,4,3,4,WP3->WP4,1,1.0371924865090603,1.0371924865319568,8.79194564061436,0.46198086838368446,utm,1,-0.012258968917701583,0.46792910012085975,0,0.0
79.8,65.804,49.900014242961575,8.900180046783186,0.28785475859077786,12.934626850748693,1.5842038257182742,492831.37100968685,5527518.702138234,12.931925335607957,1.5691904947161674,0,1,0.0,0.0,3,4,3,4,WP3->WP4,1,1.0345468102432551,1.0345468102797313,8.818128844991776,0.463356688934652,utm,1,-0.3442212634822731,0.6151705418886626,0,0.0
79.85,65.854,49.90001400725553,8.900180080676247,0.2878574257085252,12.937061875894937,1.5579869170900615,492831.37340881303,5527518.675928576,12.93433027388528,1.542981369420886,0,1,0.0,0.0,3,4,3,4,WP3->WP4,1,1.0319008770426095,1.0319008769791296,8.844314738455845,0.4647326507861504,utm,1,-0.3420411155003535,0.3653710812175203,0,0.0
79.9,65.90400000000001,49.90001377147617,8.900180114621863,0.28785602151233647,12.939500676842425,1.5317618542019167,492831.3758117026,5527518.64971076,12.936738977383357,1.5167640876024961,0,1,0.0,0.0,3,4,3,4,WP3->WP4,1,1.0292570813889805,1.0292570813967021,8.870509357576799,0.4661090711353135,utm,1,-0.6606422380190978,0.3966836538997494,0,0.0
79.95,65.95400000000001,49.900013535631764,8.900180148579185,0.28785487476286115,12.941940318813717,1.505529556132681,492831.3782154232,5527518.623485711,12.939148513542023,1.4905395722016692,0,1,0.0,0.0,3,4,3,4,WP3->WP4,1,1.0266127214577074,1.0266127214172194,8.896711235959401,0.4674858729290554,utm,1,-0.042191815083009065,0.6807154009085852,0,0.0
80.0,66.004,49.90001329979755,8.900180182446915,0.2878647745276979,12.944373524081447,1.479298392230792,492831.38061271136,5527518.597261806,12.941551616997458,1.4643161995336413,0,1,0.0,0.0,3,4,3,4,WP3->WP4,1,1.0239622653005933,1.0239622653661562,8.922910764330442,0.4688625512392788,utm,1,-0.1968749310505733,0.3669803116196895,0,0.0
80.05,66.054,49.90001306376812,8.900180216237578,0.2878887537872174,12.946801192502798,1.4530455150028239,492831.38300443586,5527518.571016203,12.943949161563069,1.4380711261183023,0,1,0.0,0.0,3,4,3,4,WP3->WP4,1,1.0213022077264904,1.021302207752338,8.949130530426558,0.4702402929593759,utm,1,-0.1885478111424513,0.05159882694078677,0,0.0
80.1,66.104,49.9000128276436,8.900180250151603,0.287895329912019,12.949237723834615,1.4267820602316028,492831.3854050057,5527518.544760015,12.946355553867761,1.4118154719471931,0,1,0.0,0.0,3,4,3,4,WP3->WP4,1,1.0186488133985083,1.0186488133894784,8.975362374295154,0.4716186693171342,utm,1,-0.18772782536510416,0.11539637745685673,0,0.0
80.15,66.15400000000001,49.90001259170765,8.900180284100877,0.2878925164190351,12.951676787554185,1.4005395801272533,492831.38780813495,5527518.518524788,12.948764500906691,1.3855807790532708,0,1,0.0,0.0,3,4,3,4,WP3->WP4,1,1.016001930991057,1.0160019309502029,9.001574130344704,0.4729959901419688,utm,1,-0.3800134673607892,0.39862923567422,0,0.0
80.2,66.20400000000001,49.900012355810695,8.900180318053176,0.28789022847747686,12.95411606861268,1.3743014378769294,492831.3902114872,5527518.492293899,12.95117366994964,1.359350422397256,0,1,0.0,0.0,3,4,3,4,WP3->WP4,1,1.0133560949306257,1.0133560949690674,9.027781671457904,0.47437308948909707,utm,1,-0.30538977806411644,0.6876503490565107,0,0.0
80.25,66.254,49.90001212034129,8.900180351946588,0.2878886749374526,12.956551119027925,1.348110849996981,492831.39261067385,5527518.466110551,12.953578662883956,1.33316760789603,0,1,0.0,0.0,3,4,3,4,WP3->WP4,1,1.0107152411172886,1.0107152411366382,9.05394174997402,0.47574769487041707,utm,1,0.025702356904932,0.540108540184355,0,0.0
80.3,66.304,49.90001188504783,8.900180385826564,0.2878881016920835,12.958985204116306,1.3219398323408702,492831.3950089216,5527518.439946766,12.955982712621335,1.3070043558254838,0,1,0.0,0.0,3,4,3,4,WP3->WP4,1,1.0080771984707126,1.0080771984873982,9.080082445407424,0.477121281749832,utm,1,-0.03665114705367992,0.8550198014617831,0,0.0
80.35,66.354,49.900011647890715,8.900180419312331,0.287890819833883,12.961390967504832,1.2955615259682343,492831.39737858303,5527518.413575812,12.958358221920207,1.2806339273229241,0,1,0.0,0.0,3,4,3,4,WP3->WP4,1,1.0053715655156723,1.0053715654169646,9.106421049158131,0.4785052679037677,utm,1,-0.05352676109109921,0.8116411480282522,0,0.0
80.4,66.40400000000001,49.90001140712799,8.90018044931678,0.2878879256892304,12.963546617816794,1.268782177172744,492831.3994976973,5527518.386804311,12.960483272909187,1.2538628969341516,0,1,0.0,0.0,3,4,3,4,WP3->WP4,1,1.002343561059692,1.0023435610932148,9.133105035649502,0.4799074025114107,utm,1,0.06394666869928395,1.412911297337776,0,0.0
80.45,66.45400000000001,49.900011165149486,8.900180480760278,0.28790346214142415,12.965805655733456,1.2418676013851637,492831.4017199776,5527518.359897498,12.962711519969162,1.2269565779715776,0,1,0.0,0.0,3,4,3,4,WP3->WP4,1,0.9993910090433854,0.9993910091491451,9.159941531864897,0.4813175508827441,utm,1,0.39951070141537104,1.5255493044404806,0,0.0
80.5,66.504,49.90001092059791,8.900180515570371,0.2878942650204314,12.968306564438187,1.2146668298234478,492831.4041836506,5527518.332704282,12.965181223175023,1.199763908982277,0,1,0.0,0.0,3,4,3,4,WP3->WP4,1,0.9966207673181315,0.9966207672721459,9.187105228657101,0.48274489230926554,utm,1,0.3608590185702057,0.8068532198467524,0,0.0
80.55,66.554,49.900010675726556,8.90018055030077,0.28789435447836953,12.970801747544762,1.187430490830339,492831.406641553,5527518.305475521,12.96764516364783,1.1725356932729483,0,1,0.0,0.0,3,4,3,4,WP3->WP4,1,0.9938380783838968,0.9938380783872035,9.214302717097404,0.48417400934900967,utm,1,0.228086859148205,1.4190077790820999,0,0.0
80.6,66.604,49.90001043108494,8.900180585003588,0.2878971672921622,12.973294949204362,1.1602197035025839,492831.4090975088,5527518.278272304,12.970107151952107,1.1453330209478736,0,1,0.0,0.0,3,4,3,4,WP3->WP4,1,0.9910583528625124,0.9910583527720593,9.24147475912264,0.48560178928347475,utm,1,0.5689696646594228,1.4257403067166092,0,0.0
80.65,66.65400000000001,49.90001018664444,8.900180619676776,0.28789939352978255,12.975786022142115,1.1330312867943984,492831.41155136656,5527518.251091451,12.972567037213594,1.1181527143344283,0,1,0.0,0.0,3,4,3,4,WP3->WP4,1,0.9882808349133905,0.9882808349616697,9.268624446931279,0.4870283945950727,utm,1,0.5442367965033247,1.5120431554826728,0,0.0
80.7,66.70400000000001,49.90000994223022,8.900180654324346,0.28789740165993705,12.978275254526713,1.1058457935918131,492831.4140033884,5527518.223913523,12.975025085848756,1.0909753292798996,0,1,0.0,0.0,3,4,3,4,WP3->WP4,1,0.9855020729530876,0.9855020729403475,9.295770913806834,0.4884548306597799,utm,1,0.6936334850479661,1.0800791094637887,0,0.0
80.75,66.754,49.900009698108086,8.900180688837535,0.28787892186482167,12.980754832366458,1.0786927879513375,492831.4164458028,5527518.196768083,12.977473519917112,1.0638304315507412,0,1,0.0,0.0,3,4,3,4,WP3->WP4,1,0.9827200788620387,0.9827200788264544,9.322883657068084,0.4898794946861627,utm,1,0.4632491833474284,1.1203758484513753,0,0.0
80.8,66.804,49.90000945414527,8.900180723312747,0.28785914462513496,12.983231681792265,1.0515575023490404,492831.41888551356,5527518.169640359,12.979919246397913,1.0367032494395971,0,1,0.0,0.0,3,4,3,4,WP3->WP4,1,0.9799388111859278,0.9799388111939136,9.34997849340449,0.4913032177767131,utm,1,-0.009600623734035418,1.0662343921090205,0,0.0
80.85,66.854,49.90000921023358,8.900180757918484,0.2878601066369539,12.985717908697268,1.0244279038566206,492831.42133460566,5527518.142518307,12.982374352926854,1.0095817418769002,0,1,0.0,0.0,3,4,3,4,WP3->WP4,1,0.9771678349132411,0.9771678349197993,9.377069551297526,0.49272674232548214,utm,1,-0.009968499342706084,1.0234148969969308,0,0.0
80.9,66.90400000000001,49.900008966298394,8.900180792533737,0.2878612796149316,12.98820481926912,0.9972956917558548,492831.42378437775,5527518.115393642,12.984830140077975,0.9824576200917363,0,1,0.0,0.0,3,4,3,4,WP3->WP4,1,0.9743970275898758,0.9743970275008813,9.404163304214478,0.49415040848676106,utm,1,0.3465662515142005,1.7656097842510845,0,0.0
80.95,66.95400000000001,49.90000872235988,8.900180827124927,0.28785870610409725,12.990690001083998,0.970163108910429,492831.4262324212,5527518.088268608,12.987284198577981,0.9553331295028329,0,1,0.0,0.0,3,4,3,4,WP3->WP4,1,0.9716244526407071,0.9716244526423365,9.43125709023513,0.4955740763875044,utm,1,0.21046824020619997,2.090362883355311,0,0.0
81.0,67.004,49.900008478827786,8.900180861678612,0.28785812818162904,12.993172488304564,0.9430757321500236,492831.4286778314,5527518.061188766,12.989735613926314,0.9282538313418627,0,1,0.0,0.0,3,4,3,4,WP3->WP4,1,0.9688579160751559,0.9688579159877488,9.45830601168883,0.49699538683832156,utm,1,-0.24578201195851693,2.3259562904966424,0,0.0
81.05,67.054,49.90000823533489,8.900180896218325,0.28785321897082294,12.99565397178428,0.9159927144694832,492831.4311222442,5527518.034113283,12.992186030838639,0.9011788908392191,0,1,0.0,0.0,3,4,3,4,WP3->WP4,1,0.9660912320694163,0.9660912320385469,9.4853504633968,0.4984164624222393,utm,1,-0.5389738368830749,2.0807720779612846,0,0.0
81.1,67.104,49.90000799204708,8.90018093075146,0.2878514834018478,12.99813498268264,0.8889325081984422,492831.4335662149,5527518.007060603,12.994636000599712,0.874126753769815,0,1,0.0,0.0,3,4,3,4,WP3->WP4,1,0.9633284650829778,0.9633284649974925,9.51237244718619,0.4998363574087146,utm,1,-0.4529071168701125,1.3975014651186202,0,0.0
81.15,67.15400000000001,49.90000774912655,8.900180965236975,0.2878414180662925,13.000612572311487,0.8619131538852524,492831.43600682024,5527517.980048763,12.997082595946267,0.8471154551953077,0,1,0.0,0.0,3,4,3,4,WP3->WP4,1,0.9605701868277442,0.9605701868359269,9.53935369972762,0.5012541121343113,utm,1,-0.4009694619022787,1.474312070053,0,0.0
81.2,67.20400000000001,49.90000750733375,8.900180999559954,0.2878445311874732,13.003078484599236,0.8350192322543701,492831.43843592,5527517.953162322,12.999517657910474,0.820229553617537,0,1,0.0,0.0,3,4,3,4,WP3->WP4,1,0.9578245416625984,0.9578245416366425,9.566209661033673,0.5026652833167324,utm,1,-0.47047667038116603,1.7913630082631973,0,0.0
81.25,67.254,49.90000726672437,8.900181033702186,0.28784832655865605,13.005531411300819,0.8082569405433441,492831.44085221464,5527517.926407474,13.00193988555111,0.7934752414003015,0,1,0.0,0.0,3,4,3,4,WP3->WP4,1,0.9550914355265031,0.9550914354541589,9.592934003632976,0.5040695384731766,utm,1,-0.1527565505601735,1.3884496125295045,0,0.0
81.3,67.304,49.90000702734868,8.900181067679222,0.2878475129003329,13.007972469612342,0.7816318675156626,492831.4432568285,5527517.8997898055,13.004350402043201,0.7668581074103713,0,1,0.0,0.0,3,4,3,4,WP3->WP4,1,0.9523730378936325,0.9523730378316992,9.619521458613868,0.5054666007438353,utm,1,0.4952527769225576,1.2865974484566003,0,0.0
81.35,67.354,49.90000678856031,8.900181101553779,0.2878525440699182,13.010406165328401,0.7550721219611333,492831.4456541698,5527517.873237449,13.006753631401807,0.7403062833473086,0,1,0.0,0.0,3,4,3,4,WP3->WP4,1,0.9496599630857088,0.9496599631208684,9.646043414069947,0.5068602212817321,utm,1,0.06095362333000187,0.814095416231696,0,0.0
81.4,67.40400000000001,49.90000655001881,8.90018113539339,0.2878549310879908,13.012837350479932,0.7285398334447989,492831.4480490382,5527517.846712542,13.009154381870758,0.713781907223165,0,1,0.0,0.0,3,4,3,4,WP3->WP4,1,0.9469496986508986,0.9469496986155516,9.672537952209073,0.5082524011514978,utm,1,0.07304457260332803,0.611758577730721,0,0.0
81.45,67.45400000000001,49.900006311238414,8.900181169239778,0.28785957231921094,13.015269022378774,0.7019809737152964,492831.45044435764,5527517.820161073,13.011555589269847,0.6872309697791934,0,1,0.0,0.0,3,4,3,4,WP3->WP4,1,0.9442348085644201,0.94423480861554,9.699058650650796,0.5096459556384195,utm,1,0.31490244185433036,0.19226171825309563,0,0.0
81.5,67.504,49.90000607239734,8.900181203100844,0.28786138460237903,13.017701748939329,0.6754153655839515,492831.4528407224,5527517.793602857,13.013957843417302,0.6606732867658138,0,1,0.0,0.0,3,4,3,4,WP3->WP4,1,0.9415196574862855,0.9415196574257383,9.725586171092948,0.5110398685936268,utm,1,0.14697235281006324,0.47162406474510543,0,0.0
81.55,67.554,49.90000583440746,8.900181236860703,0.2878603965077506,13.02012720428121,0.6489444324787075,492831.4552299451,5527517.767139289,13.016352934530005,0.634210248477757,0,1,0.0,0.0,3,4,3,4,WP3->WP4,1,0.9388155547126386,0.9388155547662885,9.75201942015985,0.5124288279727338,utm,1,0.31498674369496715,0.9103956886752513,0,0.0
81.6,67.604,49.900005596242636,8.900181270646243,0.2878588000129474,13.022554504642978,0.622454041646574,492831.4576209861,5527517.740656267,13.018749848299194,0.6077277576550841,0,1,0.0,0.0,3,4,3,4,WP3->WP4,1,0.9361095251025202,0.9361095251943389,9.778472112239347,0.5138188090028165,utm,1,0.5651319280948588,0.9292431504148808,0,0.0
81.65,67.65400000000001,49.90000535814892,8.900181304436034,0.28785737119261917,13.024982110402314,0.595971558854637,492831.4600123429,5527517.71418115,13.021147076098714,0.5812531728297472,0,1,0.0,0.0,3,4,3,4,WP3->WP4,1,0.9334053139198484,0.9334053139379729,9.804917104740156,0.5152083854514569,utm,1,0.2676669479283024,0.6962813396561669,0,0.0
81.7,67.70400000000001,49.90000512050165,8.900181338149782,0.28785822791384214,13.027404252952712,0.5695387346212784,492831.46239830484,5527517.687755681,13.023538897978142,0.5548282330855727,0,1,0.0,0.0,3,4,3,4,WP3->WP4,1,0.9307052798339214,0.9307052799135064,9.831312333054203,0.5165953469951428,utm,1,0.550193163890873,0.8967364148783703,0,0.0
81.75,67.754,49.900004882373835,8.900181371823786,0.287872207568749,13.029823540106065,0.5430524587718578,492831.4647813415,5527517.661276783,13.025927806505933,0.5283498633652925,0,1,0.0,0.0,3,4,3,4,WP3->WP4,1,0.9279921799171553,0.9279921799002929,9.857759449715047,0.5179850350597254,utm,1,0.4544012647279583,0.7819614941545834,0,0.0
81.8,67.804,49.90000464418088,8.90018140546357,0.2878946243126434,13.032240368764347,0.516558939251011,492831.46716191084,5527517.634790648,13.028314249240793,0.5018642572686076,0,1,0.0,0.0,3,4,3,4,WP3->WP4,1,0.9252752769450991,0.9252752769833239,9.884213199938035,0.5193750716909309,utm,1,0.6784014829809837,0.37046142115883457,0,0.0
81.85,67.854,49.900004406169636,8.900181439191561,0.2878975815661333,13.034663534581641,0.4900856295592931,492831.4695488419,5527517.608324706,13.030707049241755,0.47539884503930807,0,1,0.0,0.0,3,4,3,4,WP3->WP4,1,0.9225684717691212,0.9225684718268946,9.910648342071461,0.5207641305429591,utm,1,0.614300459964611,0.03559338516621846,0,0.0
81.9,67.90400000000001,49.90000416860152,8.900181472897339,0.2878952669061053,13.03708510449565,0.4636616083890215,492831.4719342433,5527517.581908035,13.033098308718763,0.448982703499496,0,1,0.0,0.0,3,4,3,4,WP3->WP4,1,0.919869566479611,0.9198695664963088,9.937034825956209,0.5221506326025664,utm,1,1.0006144707325197,-0.2965751484950097,0,0.0
81.95,67.95400000000001,49.90000393109977,8.900181506595214,0.2878925490027221,13.039506106622882,0.43724496885813163,492831.474319087,5527517.555498744,13.03548900882015,0.4225739426910877,0,1,0.0,0.0,3,4,3,4,WP3->WP4,1,0.917171521827429,0.9171715218404479,9.963413959214876,0.5235367484167671,utm,1,0.708659753285919,-0.13235213988548958,0,0.0
82.0,68.004,49.90000369373826,8.900181540282203,0.28789081844440995,13.041926326687308,0.41084392819654586,492831.47670316964,5527517.529105047,13.03787894436391,0.39618077501654625,0,1,0.0,0.0,3,4,3,4,WP3->WP4,1,0.9144757052915794,0.9144757053784711,9.989777640606476,0.5249220522984038,utm,1,0.32277303839135435,-0.21229320647545075,0,0.0
82.05,68.054,49.90000345631601,8.900181573976127,0.2878909848006118,13.044347044984958,0.3844361306427818,492831.4790877415,5527517.502704594,13.040269370714668,0.3697808515280485,0,1,0.0,0.0,3,4,3,4,WP3->WP4,1,0.9117790802405121,0.9117790802857085,10.016148046126785,0.5263077095055668,utm,1,0.2516596898454893,-0.23939977522169748,0,0.0
82.1,68.104,49.900003217483324,8.900181606702278,0.2878954641091312,13.046698234224138,0.3578714557408383,492831.48140260315,5527517.476147421,13.042590121505782,0.34322419203817844,0,1,0.0,0.0,3,4,3,4,WP3->WP4,1,0.9089841222647392,0.9089841222293763,10.042658992213047,0.5277007515460028,utm,1,0.19502862722893938,-0.292398574752902,0,0.0
82.15,68.15400000000001,49.900002976164195,8.90018163646342,0.28789259714871007,13.04883640438601,0.33103022018074696,492831.48350416264,5527517.44931408,13.044697631441522,0.3163913181051612,0,1,0.0,0.0,3,4,3,4,WP3->WP4,1,0.905927086410842,0.9059270863567487,10.069400331889627,0.5291058998295023,utm,1,0.4643146374630978,-0.41404360431018894,0,0.0
82.2,68.20400000000001,49.90000273421248,8.900181668201027,0.28790518908243506,13.05111657229187,0.30411862379347676,492831.48574756924,5527517.422410219,13.04694700409891,0.289487955160439,0,1,0.0,0.0,3,4,3,4,WP3->WP4,1,0.9029958357186675,0.9029958357077985,10.096237962008937,0.5305161077828595,utm,1,-0.09348895049115707,-0.09668669021369558,0,0.0
82.25,68.254,49.90000248992132,8.900181702583724,0.2878962032097752,13.053586775077216,0.2769468177196022,492831.4881805881,5527517.395245997,13.049386046768632,0.2623242735862732,0,1,0.0,0.0,3,4,3,4,WP3->WP4,1,0.9002010351314264,0.9002010351281147,10.123367348536753,0.5319416463449884,utm,1,-0.42941830617239884,-0.1612839501505416,0,0.0
82.3,68.304,49.90000224539898,8.900181736773995,0.2878964955842227,13.056043153039298,0.24974929795646758,492831.4905997535,5527517.3680560915,13.051811241661198,0.2351349052041769,0,1,0.0,0.0,3,4,3,4,WP3->WP4,1,0.8973877350035657,0.8973877349032595,10.150519303862758,0.5333683708053715,utm,1,-0.5380223242593261,-0.19973651413052448,0,0.0
82.35,68.354,49.90000200132278,8.900181770939755,0.28789890396428286,13.05849777008386,0.22260140137551238,492831.49301722477,5527517.340915792,13.054234731418546,0.20799514185637236,0,1,0.0,0.0,3,4,3,4,WP3->WP4,1,0.8945822368665853,0.8945822368268338,10.177622241351248,0.5347925195784077,utm,1,-0.48426342990499593,-0.7040603878908755,0,0.0
82.4,68.40400000000001,49.90000175697672,8.90018180513934,0.28790081650461324,13.060954817291584,0.19542348862767026,492831.4954370853,5527517.313745484,13.056660617119633,0.1808253712952137,0,1,0.0,0.0,3,4,3,4,WP3->WP4,1,0.8917733582444584,0.8917733583450296,10.204755091548098,0.536218240142211,utm,1,-0.6316402125116775,-0.23496653171230286,0,0.0
82.45,68.45400000000001,49.90000151280081,8.90018183931318,0.28790162882648124,13.063410014885054,0.168264502253207,492831.4978551221,5527517.286594097,13.059084674867336,0.15367452055215836,0,1,0.0,0.0,3,4,3,4,WP3->WP4,1,0.8889662998844897,0.8889662998730568,10.231869020639794,0.537642966479145,utm,1,-0.6798874927765086,-0.011510038957541713,0,0.0
82.5,68.504,49.90000126847143,8.900181873433283,0.28789007610650913,13.065861351681548,0.14108844393619202,492831.5002692769,5527517.25942565,13.061504854413215,0.12650661077350378,0,1,0.0,0.0,3,4,3,4,WP3->WP4,1,0.8861521757889329,0.8861521757566092,10.258998954642417,0.5390685338088411,utm,1,-0.2224212668536294,-0.1566063339305856,0,0.0
82.55,68.554,49.900001024158314,8.900181907476927,0.28786534273777986,13.068307195405744,0.11391419618326962,492831.5026779434,5527517.232259021,13.063919545209501,0.0993405170738697,0,1,0.0,0.0,3,4,3,4,WP3->WP4,1,0.8833330108041234,0.8833330108300017,10.286126057804363,0.5404939523894107,utm,1,-0.21773520450968467,-0.17519298038461195,0,0.0
82.6,68.604,49.90000077972666,8.90018194164935,0.2878598154798859,13.070762291157482,0.08672676364649992,492831.5050958406,5527517.205079201,13.066343469719868,0.07216123305261135,0,1,0.0,0.0,3,4,3,4,WP3->WP4,1,0.8805203900669705,0.8805203900768023,10.313267871153624,0.5419201439302996,utm,1,-0.3086420789263904,0.017202185333161008,0,0.0
82.65,68.65400000000001,49.900000535849074,8.900181975801658,0.28786090772411943,13.073215941726593,0.05960095821156372,492831.50751237536,5527517.1779609835,13.068766018084716,0.04504355229437351,0,1,0.0,0.0,3,4,3,4,WP3->WP4,1,0.8777181861946157,0.8777181862120624,10.340348953071446,0.5433431442822776,utm,1,-0.5225274317031925,-0.33447250186808225,0,0.0
82.7,68.70400000000001,49.90000029192942,8.900182009932884,0.2878589209318959,13.075668077687133,0.03247047389411707,492831.5099273899,5527517.150838094,13.071187047287822,0.017921199090778828,0,1,0.0,0.0,3,4,3,4,WP3->WP4,1,0.8749135985886825,0.8749135985332411,10.367434331524256,0.5447663703996374,utm,1,-0.14670729972136232,0.22001141678944403,0,0.0
82.75,68.754,49.900000048013204,8.900182044068721,0.28785597798979967,13.078120544952345,0.0053403709342499115,492831.5123427361,5527517.123715582,13.073608408041764,-0.009200776927173138,0,1,0.0,0.0,3,4,3,4,WP3->WP4,1,0.8721094086028892,0.8721094085754496,10.39451940209139,0.5461895803388612,utm,1,0.20660960026083283,-0.0970431249958818,0,0.0
82.8,68.804,49.899999804324715,8.900182078186077,0.2878529047591795,13.080571684446443,-0.021764401816520545,492831.51475678885,5527517.0966183925,13.07602846971713,-0.03629743028432131,0,1,0.0,0.0,3,4,3,4,WP3->WP4,1,0.8693087804631398,0.8693087804504985,10.421579369343032,0.5476114712012885,utm,1,0.3602933324724231,-0.04068042765582821,0,0.0
82.85,68.854,49.89999956095339,8.900182112271994,0.28784963681294495,13.083020565172673,-0.04883389722236874,492831.51716863085,5527517.069556469,13.0784463128075,-0.06335881818085909,0,1,0.0,0.0,3,4,3,4,WP3->WP4,1,0.8665127113146819,0.8665127112834256,10.448604296309048,0.5490315208396861,utm,1,0.7397182670008617,0.21960921615573992,0,0.0
82.9,68.90400000000001,49.89999931796356,8.900182146305308,0.28784302882229,13.085465666779506,-0.07586095934533754,492831.51957675174,5527517.042536968,13.08086042542709,-0.09037778340280056,0,1,0.0,0.0,3,4,3,4,WP3->WP4,1,0.8637210839303368,0.8637210839186212,10.475586869995464,0.5504493449860609,utm,1,0.5579411105476499,0.5612406403597469,0,0.0
82.95,68.95400000000001,49.8999990760746,8.900182180164704,0.28784967999376326,13.087898273248502,-0.10276557596911678,492831.52197254554,5527517.01563988,13.08326218376169,-0.11727434117347002,0,1,0.0,0.0,3,4,3,4,WP3->WP4,1,0.8609407129960914,0.8609407129965928,10.502446928482426,0.5518607314586206,utm,1,0.49289530227219774,0.8898510060640618,0,0.0
83.0,69.004,49.89999883541861,8.90018221386443,0.28784684327214943,13.090319408357033,-0.1295330531526847,492831.5243570554,5527516.988879892,13.085652627749369,-0.14403379894793034,0,1,0.0,0.0,3,4,3,4,WP3->WP4,1,0.8581754251333457,0.8581754252189889,10.529170251857241,0.5532649330589767,utm,1,-0.06626893187606031,0.9367118317406824,0,0.0
83.05,69.054,49.89999859590725,8.900182247401068,0.2878487489721038,13.09272882656189,-0.1561732156295269,492831.52673002245,5527516.962247183,13.088031500810757,-0.17066598124802113,0,1,0.0,0.0,3,4,3,4,WP3->WP4,1,0.855423092349746,0.8554230923186904,10.555766432934178,0.5546624538503763,utm,1,-0.04216597183998965,0.4429398422994587,0,0.0
83.1,69.104,49.89999835771101,8.900182280758731,0.2878482841007439,13.095125386418934,-0.18266710094233768,492831.5290903314,5527516.935760709,13.09039768326329,-0.1971519310027361,0,1,0.0,0.0,3,4,3,4,WP3->WP4,1,0.8526862366517888,0.8526862367289626,10.582216649193622,0.5560523047862176,utm,1,-0.5368137519010606,0.20304832891171473,0,0.0
83.15,69.15400000000001,49.899998119498456,8.900182314080133,0.2878550232826248,13.097519341144132,-0.20916280106440888,492831.53144803375,5527516.909272424,13.092761259526014,-0.22363969311118126,0,1,0.0,0.0,3,4,3,4,WP3->WP4,1,0.8499464766528213,0.8499464766219357,10.608668147152953,0.5574422230701581,utm,1,-0.5564691994869542,0.2819570639089022,0,0.0
83.2,69.20400000000001,49.89999788126968,8.900182347411802,0.2878578671966778,13.099914033392324,-0.23566030609034885,492831.5338064711,5527516.882782334,13.095125571184326,-0.2501292582601309,0,1,0.0,0.0,3,4,3,4,WP3->WP4,1,0.8472070938504879,0.8472070937894027,10.635121556181584,0.5588322417729924,utm,1,-0.6633289342250726,0.794307175018659,0,0.0
83.25,69.254,49.8999976433245,8.90018238069557,0.287860485307118,13.102305284334475,-0.26212626668897204,492831.5361615104,5527516.856323783,13.097486477752682,-0.2765872860327363,0,1,0.0,0.0,3,4,3,4,WP3->WP4,1,0.8444703930841176,0.8444703930648456,10.661543357966274,0.560220599644129,utm,1,-0.889808872719476,0.636936776221472,0,0.0
83.3,69.304,49.899997405336805,8.900182414002526,0.28786001514299153,13.104698201116339,-0.2885969564045921,492831.5385182086,5527516.829860501,13.09984904434532,-0.30305004585534334,0,1,0.0,0.0,3,4,3,4,WP3->WP4,1,0.8417344181104529,0.8417344180505578,10.687970120480607,0.5616092181813664,utm,1,-0.6678250996732262,0.7508358713552078,0,0.0
83.35,69.354,49.899997167636535,8.900182447281063,0.2878587600893129,13.107089076214017,-0.31503567646858127,492831.54087290866,5527516.803429179,13.102209605684038,-0.3294808454811573,0,1,0.0,0.0,3,4,3,4,WP3->WP4,1,0.8390025797864891,0.8390025798184068,10.714365128722372,0.5629961681611519,utm,1,-0.3964924792921703,0.81855837219159,0,0.0
83.4,69.40400000000001,49.89999692949629,8.900182480625329,0.28785771562612045,13.10948467355186,-0.3415233341201404,492831.5432322638,5527516.776948932,13.104574833007064,-0.3559605684131384,0,1,0.0,0.0,3,4,3,4,WP3->WP4,1,0.8362659758809299,0.8362659759039787,10.74080905148516,0.5643856883994243,utm,1,-0.2119747251573639,0.6257892647589353,0,0.0
83.45,69.45400000000001,49.89999669129697,8.900182513927975,0.28786321947095184,13.111877280724656,-0.3680175618764919,492831.54558862123,5527516.750462121,13.106937063974328,-0.38244685623794794,0,1,0.0,0.0,3,4,3,4,WP3->WP4,1,0.8335251770834792,0.8335251770417144,10.767258844707843,0.56577551710641,utm,1,-0.38754459959624366,0.2431019863633769,0,0.0
83.5,69.504,49.89999645327032,8.900182547087244,0.2878864993959711,13.11425958707877,-0.39449258520096975,492831.54793470766,5527516.723994521,13.109289019717835,-0.4089139346033335,0,1,0.0,0.0,3,4,3,4,WP3->WP4,1,0.8307779614487345,0.8307779613810444,10.793687820708566,0.5671642519533252,utm,1,-0.38754459959624366,0.2431019863633769,0,0.0
83.55,69.554,49.899996215066565,8.900182580325032,0.2879008680843392,13.11664753454579,-0.42098730610432106,492831.55028640665,5527516.697507224,13.111646592442412,-0.43540070950984955,0,1,0.0,0.0,3,4,3,4,WP3->WP4,1,0.8280324966668475,0.8280324967492397,10.820137203206249,0.5685540590783882,utm,1,-0.4486990089029358,-0.21319828162590065,0,0.0
83.6,69.604,49.8999959769592,8.900182613654618,0.2878992253291758,13.119042077221923,-0.44747130654376827,492831.55264471256,5527516.671030635,13.114010769641027,-0.4618767760694027,0,1,0.0,0.0,3,4,3,4,WP3->WP4,1,0.8252955608175991,0.8252955608770175,10.846577334740195,0.5699433801030547,utm,1,-0.2098081925094047,-0.08439622707952517,0,0.0
83.65,69.65400000000001,49.899995738716036,8.900182647005504,0.28789720683776643,13.121438150204032,-0.47397041129046374,492831.555004528,5527516.644538945,13.116376459773164,-0.4883679421618581,0,1,0.0,0.0,3,4,3,4,WP3->WP4,1,0.8225572254542001,0.8225572253786569,10.873032578254744,0.5713334952006385,utm,1,0.3033256729727132,-0.30142004269286593,0,0.0
83.7,69.70400000000001,49.899995500719726,8.900182680323391,0.2878950033222647,13.123831852366846,-0.5004420589989643,492831.5573620103,5527516.618074704,13.118739810597617,-0.5148316584527493,0,1,0.0,0.0,3,4,3,4,WP3->WP4,1,0.8198218371878118,0.8198218371604645,10.899460431096642,0.5727221710301404,utm,1,0.019731082946539857,-0.2742530357006572,0,0.0
83.75,69.754,49.899995262360356,8.900182713689052,0.2878923425879206,13.126228986774594,-0.5269540895742676,492831.5597228696,5527516.591570091,13.12110654747812,-0.5413357466459274,0,1,0.0,0.0,3,4,3,4,WP3->WP4,1,0.8170820607078773,0.8170820606971926,10.925928558473386,0.5741129631221106,utm,1,0.23703934078076483,-0.056636840374801156,0,0.0
83.8,69.804,49.89999502359764,8.900182747125433,0.28789419962731233,13.128631202038122,-0.5535109823759945,492831.56208874803,5527516.565020628,13.123478313384112,-0.5678846854716539,0,1,0.0,0.0,3,4,3,4,WP3->WP4,1,0.8143386533280035,0.814338653343591,10.952441670153428,0.5755061189556632,utm,1,-0.0309093013594052,0.24397149027856516,0,0.0
83.85,69.854,49.89999478346278,8.900182779277737,0.28789523805061346,13.130941163626918,-0.5802204953300647,492831.5643622064,5527516.538318729,13.125757693022024,-0.5945860799401999,0,1,0.0,0.0,3,4,3,4,WP3->WP4,1,0.8114754380012079,0.8114754380353489,10.979086782918538,0.5769062109076133,utm,1,0.05822448415063482,-0.019746498597563472,0,0.0
83.9,69.90400000000001,49.899994541916456,8.900182809975647,0.28789387164017366,13.133146635218964,-0.6070870009593747,492831.5665310075,5527516.51146004,13.12793245021021,-0.6214442867785692,0,1,0.0,0.0,3,4,3,4,WP3->WP4,1,0.8084795716759424,0.8084795717244145,11.00586583578483,0.5783133408653456,utm,1,-0.06722130862020798,0.21555536845171375,0,0.0
83.95,69.95400000000001,49.89999429970042,8.90018284208264,0.28790658506580474,13.135453341445828,-0.634027997256664,492831.56880090345,5527516.484526754,13.130208318703808,-0.6483770692721009,0,1,0.0,0.0,3,4,3,4,WP3->WP4,1,0.8055687093833348,0.8055687093808052,11.032737403859036,0.5797253321197507,utm,1,-0.47998703367359713,0.47555470906196234,0,0.0
84.0,70.004,49.89999405608496,8.900182876020645,0.28789706165356277,13.137891595664037,-0.6611246475862611,492831.57120208757,5527516.457437701,13.132615509966854,-0.675465589389205,0,1,0.0,0.0,3,4,3,4,WP3->WP4,1,0.8027570015198967,0.8027570014859976,11.059786929136814,0.5811466742990594,utm,1,-0.2567815873364803,0.8018434923561829,0,0.0
84.05,70.054,49.899993812659986,8.90018290968794,0.28789853000688487,13.140310400792064,-0.6882001095755375,492831.5735838585,5527516.430369854,13.135003283328842,-0.7025329070165753,0,1,0.0,0.0,3,4,3,4,WP3->WP4,1,0.7999302836448196,0.7999302835400858,11.086811932725787,0.5825667279636807,utm,1,-0.23627922382196254,0.48915383790011924,0,0.0
84.1,70.104,49.89999356890998,8.900182943436633,0.28790034795368996,13.142735053906986,-0.7153117248293713,492831.5759714271,5527516.403265861,13.137396862381138,-0.7296363702043891,0,1,0.0,0.0,3,4,3,4,WP3->WP4,1,0.7971023596789468,0.7971023597374142,11.113873524941553,0.5839887042113422,utm,1,-0.318157327819213,0.36253098879889356,0,0.0
84.15,70.15400000000001,49.899993325557595,8.900182977142245,0.2879018966450727,13.145156611952224,-0.7423791139244327,492831.57835596066,5527516.376206079,13.139787396590691,-0.7566956235095859,0,1,0.0,0.0,3,4,3,4,WP3->WP4,1,0.7942798924238695,0.7942798924147272,11.140891139502143,0.5854083696126725,utm,1,-0.6112051171797407,0.08902832695523816,0,0.0
84.2,70.20400000000001,49.89999308217814,8.900183010851103,0.28790285301906426,13.147578403161422,-0.7694495128435073,492831.5807407233,5527516.34914329,13.142178160545882,-0.7837578821927309,0,1,0.0,0.0,3,4,3,4,WP3->WP4,1,0.7914570763441681,0.7914570763066957,11.16791174884266,0.586828192377468,utm,1,-0.390604383321235,-0.17971748676829136,0,0.0
84.25,70.254,49.89999283867049,8.900183044549738,0.28789959063050496,13.149999459910529,-0.7965341719889538,492831.5831247329,5527516.3220662465,13.144568174611777,-0.810834395699203,0,1,0.0,0.0,3,4,3,4,WP3->WP4,1,0.7886308009993467,0.7886308010834993,11.194946207427499,0.5882487428635415,utm,1,0.2888760740453658,0.040928270171469744,0,0.0
84.3,70.304,49.89999259549183,8.900183078147085,0.28788564316685805,13.152413239698003,-0.8235822377874413,492831.58550151717,5527516.295025791,13.14695095521165,-0.8378743240609765,0,1,0.0,0.0,3,4,3,4,WP3->WP4,1,0.7858044144965765,0.78580441451837,11.221943371641936,0.5896673336826279,utm,1,0.3245312115502363,-0.28957603042707747,0,0.0
84.35,70.354,49.899992352318115,8.900183111690888,0.2878621711171037,13.154823172599217,-0.8506297538366908,492831.5878744569,5527516.267985891,13.14932989119552,-0.8649136973544955,0,1,0.0,0.0,3,4,3,4,WP3->WP4,1,0.782974359903703,0.7829743599399972,11.248939257418161,0.591085857325003,utm,1,0.3099265734197501,0.2301623151658725,0,0.0
84.4,70.40400000000001,49.899992109431665,8.9001831453231,0.2878600396942823,13.157239457208263,-0.877645317922509,492831.5902537883,5527516.240977921,13.151715211744886,-0.8919211393222213,0,1,0.0,0.0,3,4,3,4,WP3->WP4,1,0.7801566721336787,0.780156672135605,11.27590501901146,0.5925027980644851,utm,1,0.18195324232972726,0.17496834229199265,0,0.0
84.45,70.45400000000001,49.89999186677374,8.900183178944937,0.2878606682644239,13.159654996509419,-0.9046354640657612,492831.59263240854,5527516.213995362,13.154099815525115,-0.9189031701534986,0,1,0.0,0.0,3,4,3,4,WP3->WP4,1,0.7773431348596749,0.7773431348916721,11.302845700644639,0.5939184209544004,utm,1,0.19836883179875756,0.25910867364062384,0,0.0
84.5,70.504,49.89999162428898,8.90018321253981,0.2878612269248089,13.162068598520543,-0.9316063491749017,492831.5950091181,5527516.187032056,13.156482504331507,-0.945865947753191,0,1,0.0,0.0,3,4,3,4,WP3->WP4,1,0.7745313957610261,0.7745313956757591,11.329767118194907,0.5953330315953647,utm,1,0.01219744950130966,-0.034373344361595864,0,0.0
84.55,70.554,49.89999138186354,8.900183246113771,0.28785809188228795,13.164480698174732,-0.9585706365856587,492831.59738433466,5527516.160075348,13.158863698656205,-0.9728221287950873,0,1,0.0,0.0,3,4,3,4,WP3->WP4,1,0.7717194497800947,0.7717194497669473,11.356681774599187,0.5967472869656958,utm,1,0.1617000806731616,-0.22684314065313255,0,0.0
84.6,70.604,49.899991139491334,8.90018327968809,0.28785426346687487,13.166892823480786,-0.9855290034023059,492831.59975958476,5527516.133124558,13.161244925227948,-0.9997723903506994,0,1,0.0,0.0,3,4,3,4,WP3->WP4,1,0.7689086660591821,0.7689086660704825,11.383590627583837,0.5981612373900058,utm,1,0.17728693463914852,-0.5942258626392783,0,0.0
84.65,70.65400000000001,49.899990897392634,8.900183313219717,0.2878532127780203,13.169301881666197,-1.0124569479310075,492831.6021318095,5527516.106204184,13.163623119762633,-1.0266922386363149,0,1,0.0,0.0,3,4,3,4,WP3->WP4,1,0.7661007160489398,0.7661007160287201,11.410469046978559,0.5995735886533476,utm,1,0.45520180299407775,-0.1657135726078684,0,0.0
84.7,70.70400000000001,49.89999065565334,8.900183346709458,0.2878495963863144,13.171707930543379,-1.039344917836549,492831.6045010793,5527516.0793237705,13.165998350363225,-1.0535721257328987,0,1,0.0,0.0,3,4,3,4,WP3->WP4,1,0.7632974902590366,0.76329749017457,11.43730767553855,0.6009838490706886,utm,1,0.20099235713585384,-0.5957959842462255,0,0.0
84.75,70.754,49.89999041437911,8.900183380119936,0.287852110331521,13.174108284834361,-1.0661811589566523,492831.6068647259,5527516.052495074,13.168367946345825,-1.0804002964869142,0,1,0.0,0.0,3,4,3,4,WP3->WP4,1,0.7604986124007621,0.7604986124320994,11.464094464048133,0.602391385504911,utm,1,0.22819892734784092,-0.61015814705526,0,0.0
84.8,70.804,49.89999017336723,8.900183413489524,0.28785325952334745,13.176505701412616,-1.0929882202079373,492831.60922547476,5527516.025695549,13.170734638173599,-1.1071992982178926,0,1,0.0,0.0,3,4,3,4,WP3->WP4,1,0.7577024561747093,0.7577024562376874,11.490852064711328,0.603797388236905,utm,1,0.029288193127501583,-1.159155722588127,0,0.0
84.85,70.854,49.899989932922054,8.900183446787231,0.2878559879922666,13.178897953798439,-1.1197322484992986,492831.6115811455,5527515.9989590375,13.17309623787878,-1.1339352866634727,0,1,0.0,0.0,3,4,3,4,WP3->WP4,1,0.754913338626414,0.754913338553657,11.51754684084791,0.6052000897963774,utm,1,-0.20726982822848147,-1.3967196223224803,0,0.0
84.9,70.90400000000001,49.89998969249639,8.900183480075142,0.28786015038052104,13.18128950235326,-1.1464741068023554,492831.61393611564,5527515.972224698,13.175457136472687,-1.1606691032648087,0,1,0.0,0.0,3,4,3,4,WP3->WP4,1,0.7521239477702996,0.7521239477341092,11.54423935045116,0.6066026722587716,utm,1,0.0416745133562986,-1.6342332196728773,0,0.0
84.95,70.95400000000001,49.89998945196343,8.90018351338532,0.287860957461405,13.183682650640005,-1.1732278989797964,492831.616292669,5527515.945478427,13.177819620934315,-1.1874148501083255,0,1,0.0,0.0,3,4,3,4,WP3->WP4,1,0.7493338343275098,0.7493338342906245,11.570943875021378,0.6080058860586537,utm,1,-0.028065504116045484,-1.6335975518235673,0,0.0
85.0,71.004,49.89998921153441,8.900183546690704,0.28786034166475055,13.186075454477091,-1.199970130150097,492831.61864889343,5527515.918743712,13.180181773961522,-1.2141490429639816,0,1,0.0,0.0,3,4,3,4,WP3->WP4,1,0.7465456029887785,0.746545602951261,11.597636993298483,0.6094085005043753,utm,1,0.15912638965347425,-1.3250965609511445,0,0.0
85.05,71.054,49.89998897114544,8.900183579990209,0.2878595769625979,13.18846783601558,-1.2267079067242557,492831.62100470177,5527515.89201345,13.18254350987263,-1.2408787813037634,0,1,0.0,0.0,3,4,3,4,WP3->WP4,1,0.7437578129232614,0.7437578129049274,11.624325660414263,0.610810881059732,utm,1,0.597479538303803,-0.9063004009894438,0,0.0
85.1,71.104,49.89998873086117,8.900183613274162,0.2878587493948967,13.190859100230337,-1.2534340380954445,492831.62335940864,5527515.86529483,13.184904141700827,-1.267596879042685,0,1,0.0,0.0,3,4,3,4,WP3->WP4,1,0.7409711629801098,0.7409711629154152,11.651002689713923,0.6122126500953392,utm,1,0.798026718251406,-0.8256124236066649,0,0.0
85.15,71.15400000000001,49.89998849077778,8.900183646539746,0.2878586686306337,13.193249044714122,-1.2801378264406544,492831.62571282615,5527515.838598547,13.187263479281683,-1.294292639940977,0,1,0.0,0.0,3,4,3,4,WP3->WP4,1,0.7381875092214643,0.7381875092783764,11.677657546535942,0.6136132540577197,utm,1,0.29257888422177547,-0.8977815357205645,0,0.0
85.2,71.20400000000001,49.89998825062435,8.900183679756001,0.28786353131498904,13.195635445156785,-1.306849404668889,492831.62806269067,5527515.811894481,13.189619265554938,-1.3209961839020252,0,1,0.0,0.0,3,4,3,4,WP3->WP4,1,0.7353988830052286,0.7353988830389198,11.704319364577152,0.615014223803764,utm,1,0.5508051435972852,-0.48539018126185396,0,0.0
85.25,71.254,49.899988010476875,8.900183712919326,0.287878263060248,13.198018042870133,-1.3335603199434092,492831.630408755,5527515.785191084,13.191971251508221,-1.3476990591734648,0,1,0.0,0.0,3,4,3,4,WP3->WP4,1,0.732606654038799,0.7326066540052949,11.73097980110939,0.6164151209571489,utm,1,0.7677620813676889,-0.7787117716073259,0,0.0
85.3,71.304,49.89998777055731,8.90018374602083,0.2878986575290327,13.20039619910998,-1.3602458866131053,492831.6327504133,5527515.758513031,13.194318825844675,-1.3743765940889716,0,1,0.0,0.0,3,4,3,4,WP3->WP4,1,0.7298149355708938,0.7298149355953439,11.757614519416808,0.6178146667227612,utm,1,0.4318096533837217,-1.406866399465057,0,0.0
85.35,71.354,49.8999875302999,8.900183779277562,0.2878999069511123,13.202785507657252,-1.38696902938612,492831.6351031694,5527515.731797401,13.19667750626104,-1.4010917004197836,0,1,0.0,0.0,3,4,3,4,WP3->WP4,1,0.727026941200603,0.7270269412780301,11.784288240961368,0.6192162619493349,utm,1,0.32461081945971004,-1.4893697581857006,0,0.0
85.4,71.40400000000001,49.89998729024825,8.900183812530784,0.28789813904464956,13.205174564025004,-1.413669287874254,492831.63745570404,5527515.705104647,13.199035960133187,-1.4277839316055179,0,1,0.0,0.0,3,4,3,4,WP3->WP4,1,0.7242430945328465,0.7242430944613334,11.810939464457935,0.6206166749952885,utm,1,0.03249979427893057,-0.932693074955187,0,0.0
85.45,71.45400000000001,49.899987049946404,8.900183845820393,0.2878958424642683,13.207566234585709,-1.440397373437715,492831.6398108147,5527515.678384074,13.201396996213589,-1.4545039823278785,0,1,0.0,0.0,3,4,3,4,WP3->WP4,1,0.7214564681558044,0.7214564681972574,11.83761848790528,0.6220185488152195,utm,1,-0.18317146086566388,-0.6433258742518896,0,0.0
85.5,71.504,49.89998681022311,8.900183879040332,0.28789558836411533,13.209952899714773,-1.4670611086241594,492831.6421610076,5527515.651727834,13.203753100300673,-1.481159701012075,0,1,0.0,0.0,3,4,3,4,WP3->WP4,1,0.7186772898088646,0.7186772897213101,11.864233421996978,0.6234170550010241,utm,1,-0.028948672921234514,-0.9074869672589021,0,0.0
85.55,71.554,49.899986570365876,8.90018391226677,0.2878947852234169,13.212340031809857,-1.493739742227211,492831.64451164764,5527515.625056698,13.20610965474043,-1.5078303143382072,0,1,0.0,0.0,3,4,3,4,WP3->WP4,1,0.715895707984211,0.7158957079471057,11.890863063302973,0.6248163339909281,utm,1,-0.025693404939393896,-1.4140895534952467,0,0.0
85.6,71.604,49.89998632890218,8.9001839448341,0.2878867622510371,13.214679810563897,-1.5205970577756307,492831.6468147151,5527515.598207016,13.208418676280417,-1.5346794854849577,0,1,0.0,0.0,3,4,3,4,WP3->WP4,1,0.7130333598210794,0.7130333597357521,11.91765889375863,0.6262243455425215,utm,1,-0.4093406402843506,-1.3823633263008739,0,0.0
85.65,71.65400000000001,49.89998608705428,8.900183977237132,0.28789356217445083,13.217007785631836,-1.5474971065987917,492831.64910592686,5527515.571314634,13.210715851571877,-1.5615713587030768,0,1,0.0,0.0,3,4,3,4,WP3->WP4,1,0.7101512262752093,0.7101512262924946,11.944494376848176,0.6276344406782255,utm,1,0.023309887927194073,-1.048420099295585,0,0.0
85.7,71.70400000000001,49.89998584493971,8.900184010421771,0.28790457746013237,13.21939191467213,-1.5744268178248515,492831.65145323065,5527515.544392523,13.213069125427864,-1.5884929476305842,0,1,0.0,0.0,3,4,3,4,WP3->WP4,1,0.7073184819201337,0.7073184819010682,11.971369745242704,0.6290466316239566,utm,1,-0.2342597744267337,-0.7910466110016172,0,0.0
85.75,71.754,49.899985601806314,8.900184044148858,0.28789835395758295,13.221815015530227,-1.6014698481467282,492831.6538393397,5527515.5173570905,13.215461229730863,-1.615527850575745,0,1,0.0,0.0,3,4,3,4,WP3->WP4,1,0.7045022070534734,0.7045022071194983,11.99836375833827,0.6304650568646043,utm,1,-0.38018838843822145,-1.0229809389144364,0,0.0
85.8,71.804,49.899985359103795,8.900184077608287,0.28789903835902664,13.224218886679008,-1.6284649547686256,492831.6562062905,5527515.490369586,13.217834165203385,-1.6425148295238614,0,1,0.0,0.0,3,4,3,4,WP3->WP4,1,0.7016762712071658,0.7016762712556142,12.025307067833054,0.631880817837924,utm,1,-0.1371371255016662,-1.2681221639390508,0,0.0
85.85,71.854,49.89998511640261,8.900184111073473,0.28790093585287596,13.226623171448148,-1.65545991210212,492831.65857365506,5527515.463382231,13.220207514299545,-1.6695016594603658,0,1,0.0,0.0,3,4,3,4,WP3->WP4,1,0.6988507698854712,0.6988507699056833,12.052250309987246,0.6332965752727705,utm,1,-0.22180414707757978,-1.2189653901337856,0,0.0
85.9,71.90400000000001,49.89998487374203,8.900184144549849,0.28790222362997736,13.229028260103314,-1.6824503539920668,492831.66094182926,5527515.43639939,13.222581672074739,-1.6964839743450284,0,1,0.0,0.0,3,4,3,4,WP3->WP4,1,0.6960269247396526,0.696026924673796,12.079189275446423,0.6347121079847446,utm,1,-0.19693383234043607,-1.2007874109845442,0,0.0
85.95,71.95400000000001,49.899984630945944,8.900184178040963,0.2879031511609615,13.231434407631692,-1.7094558669354467,492831.6633110418,5527515.40940148,13.224956871534232,-1.7234813580289483,0,1,0.0,0.0,3,4,3,4,WP3->WP4,1,0.6932012235191173,0.6932012234441187,12.10614323097122,0.6361284283635011,utm,1,-0.8831546340105232,-1.8868621647779835,0,0.0
86.0,72.004,49.89998438824872,8.900184211506314,0.2879021745850751,13.233838704269605,-1.7364503841865395,492831.6656784188,5527515.382414565,13.227330233086832,-1.7504677474498749,0,1,0.0,0.0,3,4,3,4,WP3->WP4,1,0.6903758183662869,0.6903758184322926,12.13308604309104,0.6375441632017961,utm,1,-0.41482213414770763,-1.6084978814691695,0,0.0
86.05,72.054,49.899984145752065,8.900184244916913,0.2878959717756786,13.236239067238829,-1.7634225923729967,492831.6680418935,5527515.355449956,13.22969968727557,-1.7774318316951394,0,1,0.0,0.0,3,4,3,4,WP3->WP4,1,0.6875508387039388,0.687550838738014,12.160006215238152,0.6389587084019063,utm,1,-0.6294887000823197,-1.653308519214274,0,0.0
86.1,72.104,49.89998390346177,8.900184278274661,0.2878849364100709,13.23863563322169,-1.790371848351887,492831.67040160345,5527515.328508294,13.232065371703357,-1.8043729700148106,0,1,0.0,0.0,3,4,3,4,WP3->WP4,1,0.6847265420382957,0.6847265420509674,12.186903142861887,0.640372032197161,utm,1,-1.1189149183765403,-1.2228276715538837,0,0.0
86.15,72.15400000000001,49.899983661291785,8.900184311595321,0.2878693985839163,13.24102953460122,-1.8173077221466243,492831.67275866756,5527515.301580012,13.234428407275118,-1.8313007280230522,0,1,0.0,0.0,3,4,3,4,WP3->WP4,1,0.6819022010910579,0.6819022010220364,12.213786432074492,0.6417846393495616,utm,1,-1.3553926414011241,-0.9577284829196719,0,0.0
86.2,72.20400000000001,49.89998341905009,8.900184344963918,0.2878601515756225,13.243426879966833,-1.8442515726117719,492831.67511916376,5527515.274643754,13.236794876749627,-1.8582364628091455,0,1,0.0,0.0,3,4,3,4,WP3->WP4,1,0.679079707228968,0.679079707189545,12.24067820546602,0.6431976923109454,utm,1,-1.1766801219783323,-0.5935543337687699,0,0.0
86.25,72.254,49.899983177134956,8.90018437834365,0.2878618512083157,13.24582502526222,-1.8711590992981197,492831.6774805079,5527515.247743802,13.239162186044268,-1.8851358899846673,0,1,0.0,0.0,3,4,3,4,WP3->WP4,1,0.6762649733108433,0.6762649732523089,12.26753450100619,0.6446088810560057,utm,1,-0.8546894866049489,-0.5208478411669483,0,0.0
86.3,72.304,49.89998293528256,8.900184411705647,0.28786009954018893,13.248221896515027,-1.8980596490510884,492831.67984058784,5527515.220850827,13.24152822967153,-1.9120283406227827,0,1,0.0,0.0,3,4,3,4,WP3->WP4,1,0.6734503294986407,0.6734503295576241,12.294383706975449,0.6460196972730431,utm,1,-0.7073738138514134,-0.8152045329458311,0,0.0
86.35,72.354,49.899982693472566,8.900184445054423,0.2878583453016442,13.250617817883134,-1.9249554817150358,492831.6821997246,5527515.193962568,13.243893329054117,-1.9389160759747028,0,1,0.0,0.0,3,4,3,4,WP3->WP4,1,0.6706356598285106,0.6706356598813089,12.321228103406986,0.6474302607684983,utm,1,-0.7554594831907713,-0.9750313282391909,0,0.0
86.4,72.40400000000001,49.89998245174923,8.900184478389683,0.28786692300967137,13.253012768181422,-1.9518416764328839,492831.68455790356,5527515.167083944,13.24625746847596,-1.9657941767945886,0,1,0.0,0.0,3,4,3,4,WP3->WP4,1,0.6678218883921284,0.6678218883296702,12.348062859559793,0.6488403177066429,utm,1,-0.46202262481618794,-0.8737110054464385,0,0.0
86.45,72.45400000000001,49.89998221003831,8.900184511718772,0.28787875168908894,13.255407275123613,-1.978726490056121,492831.68691564124,5527515.140206702,13.248621166334487,-1.992670894600451,0,1,0.0,0.0,3,4,3,4,WP3->WP4,1,0.665007947314478,0.6650079473238036,12.374896174824306,0.650250298931987,utm,1,-0.674919929440116,-0.8601517623960733,0,0.0
86.5,72.504,49.899981968244916,8.900184545040329,0.2878807603706428,13.257801240951855,-2.005620476779577,492831.6892728258,5527515.113320291,13.250984313024674,-2.019556782208383,0,1,0.0,0.0,3,4,3,4,WP3->WP4,1,0.6621917138725001,0.6621917138500064,12.40173838496114,0.6516607475465768,utm,1,-0.7928505189011196,-0.7009753269089627,0,0.0
86.55,72.554,49.899981726387466,8.900184578359726,0.28788176193228915,13.2601950515927,-2.032521588309759,492831.6916298457,5527515.086426758,13.25334729673341,-2.046449792571366,0,1,0.0,0.0,3,4,3,4,WP3->WP4,1,0.6593739599054927,0.6593739598966302,12.428587554667784,0.6530715618581617,utm,1,-0.6509672494967644,-0.9112255810594464,0,0.0
86.6,72.604,49.89998148431922,8.900184611653563,0.28789997106283843,13.262587025891895,-2.059446145902036,492831.69398499886,5527515.059509791,13.255708418902941,-2.0733662359416485,0,1,0.0,0.0,3,4,3,4,WP3->WP4,1,0.6565499021572785,0.6565499021069751,12.45545937158148,0.6544835661880667,utm,1,-0.7317960979453937,-0.7704452173248904,0,0.0
86.65,72.65400000000001,49.899981242237004,8.900184645021463,0.2879004629545097,13.264984321229996,-2.08637225722575,492831.69634546887,5527515.032591265,13.258074858225882,-2.100284238345921,0,1,0.0,0.0,3,4,3,4,WP3->WP4,1,0.6537307658935968,0.6537307658441529,12.482333734293848,0.6558957042893039,utm,1,-0.382274657291483,-0.909782326862992,0,0.0
86.7,72.70400000000001,49.899981000139896,8.900184678410367,0.2879024797243109,13.267383125561329,-2.1133000255799854,492831.6987074451,5527515.005671078,13.26044280413771,-2.127203901298344,0,1,0.0,0.0,3,4,3,4,WP3->WP4,1,0.6509127914899661,0.6509127914815139,12.509210013532718,0.6573079430961886,utm,1,-0.5653125129471332,-0.39623138663777835,0,0.0
86.75,72.754,49.89998075804274,8.900184711804199,0.2879032600019291,13.269782283913917,-2.1402277988869165,492831.7010697752,5527514.978750888,13.262811103952117,-2.1541235661134124,0,1,0.0,0.0,3,4,3,4,WP3->WP4,1,0.6480951637334182,0.6480951637514656,12.53608636394436,0.6587201856429119,utm,1,-0.25508661163272867,-0.1448133242203996,0,0.0
86.8,72.804,49.89998051570894,8.900184745225749,0.28790388337226075,13.272183433667927,-2.167181892942112,492831.7034340609,5527514.951804384,13.265181365131866,-2.1810695454478264,0,1,0.0,0.0,3,4,3,4,WP3->WP4,1,0.6452744347482079,0.6452744347050452,12.562988918556952,0.6601338051134704,utm,1,-0.26790416202080614,0.09278750773901778,0,0.0
86.85,72.854,49.89998027315169,8.900184778682982,0.28790404185506596,13.274587147076888,-2.1941608417476037,492831.7058008761,5527514.92483303,13.267554161371663,-2.2080403733998537,0,1,0.0,0.0,3,4,3,4,WP3->WP4,1,0.6424514474336552,0.6424514473722905,12.589916347899075,0.661548731649566,utm,1,0.015446131180863631,-0.023320218885468813,0,0.0
86.9,72.90400000000001,49.899980030522954,8.90018481215508,0.28790343476585945,13.27699192842017,-2.221147741044971,492831.7081687483,5527514.897853731,13.269928016350605,-2.2350191473960876,0,1,0.0,0.0,3,4,3,4,WP3->WP4,1,0.6396279815414476,0.6396279815105819,12.616851778990114,0.6629640786449162,utm,1,0.11745134540312917,-0.6473904425016604,0,0.0
86.95,72.95400000000001,49.89997978810404,8.900184845620734,0.2878993278700719,13.279396246753688,-2.2481113025320236,492831.71053618874,5527514.870897759,13.272301434422843,-2.2619745936244726,0,1,0.0,0.0,3,4,3,4,WP3->WP4,1,0.636808542740863,0.6368085427171156,12.643764229427076,0.6643782181006661,utm,1,0.21919627653133605,-0.38750890811725824,0,0.0
87.0,73.004,49.899979545250964,8.900184879236313,0.28787779333285024,13.281811336445305,-2.2751231542185475,492831.71291433193,5527514.843893502,13.274685565964319,-2.2889783224090934,0,1,0.0,0.0,3,4,3,4,WP3->WP4,1,0.633990397102381,0.6339903970503944,12.670726119342001,0.6657949553992479,utm,1,0.2896848013354765,-0.4242168936036207,0,0.0
87.05,73.054,49.89997930263664,8.900184912831328,0.2878569312216337,13.284224948666125,-2.302108450965047,492831.7152910336,5527514.8169157915,13.277068250114098,-2.31595550570637,0,1,0.0,0.0,3,4,3,4,WP3->WP4,1,0.6311759016445793,0.6311759015930151,12.697661675509094,0.6672103089668345,utm,1,0.3277525812344786,-0.26334676374891597,0,0.0
87.1,73.104,49.899979060077214,8.900184946288437,0.28785602703953783,13.286628653141602,-2.329087641037579,492831.7176578397,5527514.789944199,13.2794410372735,-2.3429265720769763,0,1,0.0,0.0,3,4,3,4,WP3->WP4,1,0.6283528597509713,0.6283528596770979,12.724589338071086,0.6686252477576825,utm,1,-0.11671226039469818,0.05198951371751734,0,0.0
87.15,73.15400000000001,49.89997881740242,8.900184979758338,0.28785523272336894,13.289033276617443,-2.3560796635450254,492831.7200255474,5527514.762959777,13.281814728863537,-2.3699104683473706,0,1,0.0,0.0,3,4,3,4,WP3->WP4,1,0.6255282548791632,0.6255282549206657,12.751529765929986,0.670040857312795,utm,1,-0.015104860517057894,-0.09864555811028426,0,0.0
87.2,73.20400000000001,49.89997857508471,8.900185013182819,0.2878545882983534,13.291434636946455,-2.3830319689694957,492831.7223900461,5527514.73601506,13.28418520273408,-2.3968546614050865,0,1,0.0,0.0,3,4,3,4,WP3->WP4,1,0.622708076103012,0.6227080760117263,12.778430606819345,0.6714543867341903,utm,1,-0.10828053464564372,-0.0587852545853671,0,0.0
87.25,73.254,49.89997833333,8.900185046538587,0.2878501429847561,13.293831060631662,-2.409921653215325,492831.72474969365,5527514.709132946,13.286550811491907,-2.4237362509593368,0,1,0.0,0.0,3,4,3,4,WP3->WP4,1,0.6198950802833401,0.6198950802060016,12.80526906873928,0.6728646383952763,utm,1,-0.21167850967808788,0.027595424376669585,0,0.0
87.3,73.304,49.89997809173359,8.90018507991585,0.28784788440443493,13.296229028661182,-2.4367937299199243,492831.72711090837,5527514.682268431,13.28891798359109,-2.450600240379572,0,1,0.0,0.0,3,4,3,4,WP3->WP4,1,0.61708698083307,0.6170869808385261,12.832090553825276,0.6742739979930118,utm,1,0.2027167230185064,0.5214766717811263,0,0.0
87.35,73.354,49.89997785051942,8.900185113223055,0.287848309289698,13.298621963310014,-2.4636232905608706,492831.7294671484,5527514.655446423,13.291280171542894,-2.477421725168824,0,1,0.0,0.0,3,4,3,4,WP3->WP4,1,0.6142821086505073,0.6142821087372824,12.858869364164748,0.6756811152069493,utm,1,0.2027167230185064,0.5214766717811263,0,0.0
87.4,73.40400000000001,49.899977609788756,8.900185146464148,0.2878483975790932,13.301010148280115,-2.49039907270783,492831.7318187123,5527514.628678177,13.293637671449687,-2.504189451225102,0,1,0.0,0.0,3,4,3,4,WP3->WP4,1,0.6114829044606677,0.6114829044444391,12.88559450846003,0.6770854124892459,utm,1,0.8667812514461731,0.7616863327035546,0,0.0
87.45,73.45400000000001,49.899977369390136,8.90018517966969,0.28784978978534725,13.30339577903924,-2.5171379233094573,492831.73416777217,5527514.601946851,13.295992659113836,-2.5309202540665865,0,1,0.0,0.0,3,4,3,4,WP3->WP4,1,0.6086882868913324,0.6086882869675626,12.912282931949813,0.6784877802430506,utm,1,1.3228833400647977,-0.16842942953343065,0,0.0
87.5,73.504,49.89997712976707,8.900185212735229,0.2878528821887024,13.305771351459985,-2.543790509977572,492831.7365068927,5527514.575301769,13.298337688320316,-2.5575648164376616,0,1,0.0,0.0,3,4,3,4,WP3->WP4,1,0.605900368558379,0.6059003685962056,12.938884800182871,0.6798855998712982,utm,1,1.1781453111068714,-0.2744066158682612,0,0.0
87.55,73.554,49.89997689017531,8.900185245795448,0.2878560215349255,13.308146541655194,-2.5704396156080405,492831.73884563585,5527514.548660165,13.300682339351624,-2.5842059021815658,0,1,0.0,0.0,3,4,3,4,WP3->WP4,1,0.6031127432648035,0.6031127432823729,12.965483182734495,0.6812832363412095,utm,1,1.3590879778648368,0.21260228521444569,0,0.0
87.6,73.604,49.89997665112276,8.900185278775265,0.28785667899925355,13.310515955331384,-2.597028745506974,492831.74117868464,5527514.522078522,13.303021282772534,-2.610787027515471,0,1,0.0,0.0,3,4,3,4,WP3->WP4,1,0.6003309692675484,0.6003309692816639,12.992021619059505,0.6826777228815194,utm,1,1.1172135670724574,0.2983381632172689,0,0.0
87.65,73.65400000000001,49.899976412155794,8.900185311746773,0.2878570617545636,13.312884772123155,-2.623608357739563,492831.7435111495,5527514.495506393,13.305359640100505,-2.6373586375266314,0,1,0.0,0.0,3,4,3,4,WP3->WP4,1,0.5975504374530501,0.5975504374809408,13.01855060437566,0.6840717128098783,utm,1,0.9133058862670355,0.5628590866580395,0,0.0
87.7,73.70400000000001,49.89997617355337,8.900185344657748,0.2878573044854179,13.315249239966809,-2.650147421543803,492831.7458393212,5527514.468974801,13.307693695300259,-2.663889712654054,0,1,0.0,0.0,3,4,3,4,WP3->WP4,1,0.5947734261233397,0.5947734260798117,13.04503897853752,0.6854635687877905,utm,1,0.8105435880808538,0.9354506370846937,0,0.0
87.75,73.754,49.8999759349456,8.900185377609832,0.28786427601854614,13.317616661220605,-2.6766870803790717,492831.7481704444,5527514.442442612,13.310030702210497,-2.6904213847592473,0,1,0.0,0.0,3,4,3,4,WP3->WP4,1,0.5919991980329102,0.5919991980803224,13.071528501882444,0.6868554851505835,utm,1,0.8105435880808538,0.9354506370846937,0,0.0
87.8,73.804,49.899975695975556,8.900185410705477,0.2878853485628452,13.319994396565686,-2.703267034347674,492831.75051182386,5527514.41587013,13.312377974274568,-2.7169933458790183,0,1,0.0,0.0,3,4,3,4,WP3->WP4,1,0.5892273497969466,0.589227349767035,13.098059534655258,0.6882495826644353,utm,1,0.44039134737928465,1.2028115866848998,0,0.0
87.85,73.854,49.899975456678526,8.900185443839808,0.28790247623084475,13.322374911245573,-2.7298833573768664,492831.7528559331,5527514.389261289,13.31472798413597,-2.743601666763425,0,1,0.0,0.0,3,4,3,4,WP3->WP4,1,0.586451243443297,0.5864512433746357,13.124626780034468,0.6896455830029897,utm,1,0.1411357195378639,1.0870308325926301,0,0.0
87.9,73.90400000000001,49.89997521753923,8.900185476854693,0.2879035680313034,13.324746844419776,-2.756482136542347,492831.7551914877,5527514.362669997,13.317069435492158,-2.770192440599203,0,1,0.0,0.0,3,4,3,4,WP3->WP4,1,0.5836700881884643,0.5836700881753817,13.151175165726608,0.6910405923419445,utm,1,-0.07722011828717454,0.6163480534108774,0,0.0
87.95,73.95400000000001,49.89997497837032,8.900185509852392,0.28790288098564365,13.327117542858728,-2.783084209958087,492831.7575258037,5527514.336075413,13.31940964894602,-2.79678650572896,0,1,0.0,0.0,3,4,3,4,WP3->WP4,1,0.5808870889402371,0.5808870888951599,13.177726546813378,0.6924357590766645,utm,1,-0.005984543523229732,0.596524264544386,0,0.0
88.0,74.004,49.89997473946146,8.900185542812224,0.28790197500911413,13.32948552079626,-2.8096573575075525,492831.7598574388,5527514.309509749,13.321747175126802,-2.8233516523614526,0,1,0.0,0.0,3,4,3,4,WP3->WP4,1,0.5781069760327469,0.5781069760232342,13.204249028262398,0.6938294072533442,utm,1,-0.1785480130991886,0.5958883606347453,0,0.0
88.05,74.054,49.8999745005596,8.9001855757698,0.287901038659355,13.331853336654847,-2.8362297274837713,492831.76218891307,5527514.28294486,13.324084540305194,-2.849916024133563,0,1,0.0,0.0,3,4,3,4,WP3->WP4,1,0.5753268533420405,0.5753268533046894,13.23077071748583,0.6952230138018017,utm,1,-0.13158488603412277,0.6743162800038012,0,0.0
88.1,74.104,49.899974261701566,8.900185608721051,0.28790023868483033,13.334220698054292,-2.8627972225922305,492831.7645199394,5527514.256384846,13.326421456411481,-2.8764755204319954,0,1,0.0,0.0,3,4,3,4,WP3->WP4,1,0.5725472208977671,0.5725472209461777,13.257287536248922,0.6966163644274421,utm,1,-0.5223027869584139,0.019855967020131593,0,0.0
88.15,74.15400000000001,49.899974022452135,8.900185641720938,0.28790049226292325,13.336591553722583,-2.889408251897101,492831.76685440075,5527514.229781309,13.328761817247141,-2.903078538365662,0,1,0.0,0.0,3,4,3,4,WP3->WP4,1,0.5697626561001184,0.5697626561411531,13.283847733398982,0.6980119944103146,utm,1,-0.332522942248392,-0.4171947768987971,0,0.0
88.2,74.20400000000001,49.89997378204157,8.900185675788919,0.28789924480631257,13.33903914585741,-2.9161484298212126,492831.7692653959,5527514.203048575,13.331178740540054,-2.929810737259686,0,1,0.0,0.0,3,4,3,4,WP3->WP4,1,0.5670285672364773,0.5670285671801228,13.310549357765856,0.699415055816345,utm,1,-0.23717571545801142,-0.45333781781214194,0,0.0
88.25,74.254,49.89997354051406,8.900185711039644,0.28789890297424364,13.341571711514808,-2.9430128432902953,492831.77176116506,5527514.17619154,13.333680465409998,-2.9566672183573246,0,1,0.0,0.0,3,4,3,4,WP3->WP4,1,0.5643539774793052,0.564353977491809,13.337389173811374,0.700825378631205,utm,1,-0.3836633049408642,-1.1776013509086456,0,0.0
88.3,74.304,49.899973298881875,8.900185745990752,0.2879059611263513,13.344082751429626,-2.969888899132236,492831.7742354017,5527514.149322896,13.336160660313908,-2.9835353130474687,0,1,0.0,0.0,3,4,3,4,WP3->WP4,1,0.5616560356365997,0.5616560356384641,13.36423627786976,0.7022360844014027,utm,1,-0.5506847365705263,-0.3862071668813507,0,0.0
88.35,74.354,49.89997305585278,8.900185779910846,0.2879037358496386,13.34651971871551,-2.996920329532933,492831.77663538826,5527514.122299041,13.338566639518831,-3.010558634996414,0,1,0.0,0.0,3,4,3,4,WP3->WP4,1,0.5588555924637447,0.5588555924372266,13.39122157432246,0.7036540516180356,utm,1,-0.4459957548266861,-0.19959433016843012,0,0.0
88.4,74.40400000000001,49.89997281237492,8.900185813725424,0.28790209793736066,13.348949105301267,-3.0240016746173364,492831.77902773075,5527514.095225298,13.340964985720348,-3.037631847895682,0,1,0.0,0.0,3,4,3,4,WP3->WP4,1,0.5560381267873528,0.5560381267895566,13.418254382912934,0.7050745154036381,utm,1,-0.34772412294004856,-0.25967104826799015,0,0.0
88.45,74.45400000000001,49.89997256893633,8.900185847547885,0.28790251946225753,13.351379058269979,-3.0510786521315394,492831.7814206453,5527514.068155923,13.343363903055433,-3.0647006910294294,0,1,0.0,0.0,3,4,3,4,WP3->WP4,1,0.5532220560540516,0.5532220561222817,13.445283013003268,0.7064947596261081,utm,1,-0.1333473282503707,-0.49676633235724676,0,0.0
88.5,74.504,49.89997232557203,8.900185881429547,0.2879035168344157,13.35381326447089,-3.078147365718973,492831.78381782235,5527514.0410948,13.345767081074882,-3.0917612807825208,0,1,0.0,0.0,3,4,3,4,WP3->WP4,1,0.5504117442193309,0.550411744255382,13.472304355573511,0.7079146209191338,utm,1,-0.6858400196228268,-0.1940289740633674,0,0.0
88.55,74.554,49.89997208216045,8.900185915280652,0.2879039655750482,13.356245275331679,-3.1052213383618583,492831.7862127979,5527514.014028425,13.348168058728334,-3.1188271241262555,0,1,0.0,0.0,3,4,3,4,WP3->WP4,1,0.5475982690792067,0.5475982691195729,13.499330434243253,0.7093347310748628,utm,1,-0.9852364827854201,-0.36966545496247705,0,0.0
88.6,74.604,49.89997183896674,8.900185949104554,0.2879040278725524,13.35867533180119,-3.132271078171539,492831.78860585217,5527513.986986276,13.350567109708209,-3.145868742838502,0,1,0.0,0.0,3,4,3,4,WP3->WP4,1,0.5447875304461123,0.5447875303673871,13.526332365831127,0.7107535723999703,utm,1,-1.1673821056217204,-0.410030956099137,0,0.0
88.65,74.65400000000001,49.89997159538216,8.900185982982897,0.28790356816294443,13.361109299605674,-3.159364293452809,492831.79100275843,5527513.959900662,13.352970022358932,-3.172953823581338,0,1,0.0,0.0,3,4,3,4,WP3->WP4,1,0.5419722796745419,0.5419722796452205,13.553377697765892,0.7121746942362144,utm,1,-1.3142542643012118,-0.1822624167418641,0,0.0
88.7,74.70400000000001,49.89997135186325,8.900186016889785,0.2878968262311363,13.363545318155452,-3.186450204922774,492831.79340172437,5527513.932822349,13.355374993057922,-3.200031604617834,0,1,0.0,0.0,3,4,3,4,WP3->WP4,1,0.5391604435373796,0.539160443593749,13.580416257108062,0.7135954602003527,utm,1,-0.7385366835548592,0.0656508634085578,0,0.0
88.75,74.754,49.89997110847333,8.900186050858919,0.28787242766707427,13.365985808680197,-3.2135217684328983,492831.7958051796,5527513.90575837,13.357784449821338,-3.2270950507372618,0,1,0.0,0.0,3,4,3,4,WP3->WP4,1,0.5363557494588336,0.5363557495296559,13.607441601482526,0.715015531771861,utm,1,-1.0442921356142192,0.024253727829004458,0,0.0
88.8,74.804,49.89997086510017,8.900186084805142,0.28785541290784433,13.36842465327414,-3.2405914676068037,492831.79820699187,5527513.878696255,13.360192263266072,-3.2541566314175725,0,1,0.0,0.0,3,4,3,4,WP3->WP4,1,0.5335497985512757,0.5335497984993718,13.634464802125981,0.7164354906990522,utm,1,-1.0451235717272336,-0.02235783794243937,0,0.0
88.85,74.854,49.899970621790935,8.900186118628003,0.28785439485206654,13.37085463495762,-3.2676540575395987,492831.8005999545,5527513.851641262,13.362591225479264,-3.281211093068123,0,1,0.0,0.0,3,4,3,4,WP3->WP4,1,0.5307365191897504,0.5307365191135237,13.661479324129322,0.7178549935991181,utm,1,-1.1524902863334168,0.026130178400905105,0,0.0
88.9,74.90400000000001,49.89997037821979,8.900186152497138,0.2878513847929824,13.373287941173732,-3.2947457785217815,492831.80299620144,5527513.824557143,13.364993478462566,-3.3082946790382266,0,1,0.0,0.0,3,4,3,4,WP3->WP4,1,0.5279209064391834,0.5279209063992848,13.688523062951504,0.7192760317237964,utm,1,-0.7761185399815325,0.5463320415209582,0,0.0
88.95,74.95400000000001,49.89997013487601,8.900186186342308,0.2878472713763512,13.375719525652041,-3.3218122103314904,492831.80539076106,5527513.797498306,13.367394038534258,-3.335352985188365,0,1,0.0,0.0,3,4,3,4,WP3->WP4,1,0.5251084613428146,0.5251084612792927,13.71554166262327,0.7206957488886994,utm,1,-1.4306986026504915,0.611864429860467,0,0.0
89.0,75.004,49.89996989257028,8.900186220040162,0.2878470545766311,13.378140526247817,-3.348763182065724,492831.8077748949,5527513.770554896,13.36978414724581,-3.3622958660125732,0,1,0.0,0.0,3,4,3,4,WP3->WP4,1,0.5223078062532233,0.5223078062525871,13.742444966476379,0.7221094077287898,utm,1,-0.7135128884809776,0.6963268062087975,0,0.0
89.05,75.054,49.899969651079516,8.900186253658076,0.2878451476988699,13.380555783633708,-3.375623508853213,492831.81015340856,5527513.743702103,13.372168615576811,-3.389148130081594,0,1,0.0,0.0,3,4,3,4,WP3->WP4,1,0.5195189244671771,0.5195189245383689,13.769258246040877,0.7235183361598528,utm,1,-0.5392029697354572,0.8577580989564296,0,0.0
89.1,75.104,49.89996941017066,8.900186287188511,0.287843401667895,13.382964756185288,-3.402419110273858,492831.8125257262,5527513.716914019,13.374546873674262,-3.415935688652098,0,1,0.0,0.0,3,4,3,4,WP3->WP4,1,0.5167363073928996,0.5167363074705728,13.796006823925348,0.7249238647816417,utm,1,-0.33798385335022263,1.1530515018912042,0,0.0
89.15,75.15400000000001,49.89996917006056,8.90018632059682,0.28784254476190896,13.385364954650766,-3.4291258695290425,492831.8148893915,5527513.690214752,13.376916459586937,-3.4426344307139516,0,1,0.0,0.0,3,4,3,4,WP3->WP4,1,0.5139621440709969,0.513962144125784,13.822666564308886,0.726324725355253,utm,1,-0.05829815691336668,1.0750437853849095,0,0.0
89.2,75.20400000000001,49.89996893119287,8.900186353827277,0.28784286768021033,13.387752375425038,-3.455694437957442,492831.8172404684,5527513.663653638,13.379273426602595,-3.4691950222477317,0,1,0.0,0.0,3,4,3,4,WP3->WP4,1,0.5112019840608223,0.5112019841408074,13.849188288551233,0.7277183337438118,utm,1,-0.16924576722175988,0.7154885056922512,0,0.0
89.25,75.254,49.89996869371222,8.900186386864988,0.28784503231578434,13.390125948531843,-3.482108731325561,492831.81957790867,5527513.637246757,13.38161672273418,-3.4956013839691877,0,1,0.0,0.0,3,4,3,4,WP3->WP4,1,0.508457866626413,0.508457866670796,13.875556011842294,0.7291038500107724,utm,1,0.6982173917538654,0.19015679475362657,0,0.0
89.3,75.304,49.89996845756164,8.900186419706172,0.28785005777790956,13.392485402265615,-3.508375084131375,492831.8219014322,5527513.610987774,13.383946069283411,-3.521859851665795,0,1,0.0,0.0,3,4,3,4,WP3->WP4,1,0.505728308261489,0.5057283082103817,13.901775898293431,0.7304815980550349,utm,1,0.1787342030245787,-0.09715218637742457,0,0.0
89.35,75.354,49.89996822153466,8.900186452545496,0.2878549081186654,13.394844722379972,-3.5346276896686004,492831.82422484056,5527513.584742534,13.38627529767109,-3.5481045758351684,0,1,0.0,0.0,3,4,3,4,WP3->WP4,1,0.5030012588629649,0.503001258911692,13.927982272664572,0.7318586360946288,utm,1,-0.03929311873489813,-0.5371160340143307,0,0.0
89.4,75.40400000000001,49.8999679856428,8.90018648534407,0.2878555921905508,13.397201114863677,-3.5608652644814867,492831.82654534257,5527513.558512323,13.388601616374217,-3.5743342712521553,0,1,0.0,0.0,3,4,3,4,WP3->WP4,1,0.5002742242883984,0.5002742242318229,13.954173339842896,0.7332348698037002,utm,1,-0.09114027174665448,-0.16581805190407722,0,0.0
89.45,75.45400000000001,49.899967750156506,8.900186518088319,0.28785817055277824,13.399553604307789,-3.5870577308482137,492831.8288620032,5527513.532327206,13.390924083709251,-3.600518874824047,0,1,0.0,0.0,3,4,3,4,WP3->WP4,1,0.49755202320655767,0.49755202313567753,13.980319407921677,0.7346087389937069,utm,1,-0.47060011461464124,0.1386522554125805,0,0.0
89.5,75.504,49.89996751474203,8.900186550947083,0.28788138065107144,13.401914321108716,-3.6132422092240826,492831.8311868985,5527513.506150064,13.393254783935845,-3.626695499755442,0,1,0.0,0.0,3,4,3,4,WP3->WP4,1,0.4948394269762888,0.49483942705559475,14.006459218828688,0.7359822793948693,utm,1,-0.3373669280310373,-0.09649367520731045,0,0.0
89.55,75.554,49.89996727899055,8.900186583880556,0.28790326962639784,13.404280405275047,-3.6394641710171056,492831.83351710916,5527513.479935446,13.395590807776898,-3.652909600175917,0,1,0.0,0.0,3,4,3,4,WP3->WP4,1,0.4921248979037447,0.4921248979117712,14.032636831829366,0.7373578061418045,utm,1,-0.07741805305792687,-0.2026181074312959,0,0.0
89.6,75.604,49.899967043757,8.900186616606405,0.28790386482794683,13.406631572818624,-3.6656285251747307,492831.8358324859,5527513.453778433,13.397911984939128,-3.6790661001577973,0,1,0.0,0.0,3,4,3,4,WP3->WP4,1,0.4894067988018116,0.48940679881713145,14.058755067663022,0.7387302128608977,utm,1,0.5020104829609429,0.3677972401446662,0,0.0
89.65,75.65400000000001,49.899966808944534,8.900186649264409,0.28790374024150023,13.408977866125163,-3.6917460431028775,492831.8381430527,5527513.427668244,13.40022834186675,-3.7051757760345936,0,1,0.0,0.0,3,4,3,4,WP3->WP4,1,0.48669291262175796,0.48669291257685904,14.084826421905836,0.74010015614369,utm,1,0.8893787028411151,0.5478205894296821,0,0.0
89.7,75.70400000000001,49.899966574298695,8.900186681894983,0.28790334199405315,13.411322188704915,-3.7178450280432003,492831.84045167436,5527513.401576582,13.402542749478016,-3.7312669241800904,0,1,0.0,0.0,3,4,3,4,WP3->WP4,1,0.48398065211259056,0.4839806521083537,14.110879217661845,0.7414691242537274,utm,1,0.4834183976938035,1.0006201817891274,0,0.0
89.75,75.754,49.899966339757434,8.900186714508251,0.28790275553331945,13.413665267998796,-3.7439323805160565,492831.8427590687,5527513.3754965495,13.404855927219614,-3.757346444763243,0,1,0.0,0.0,3,4,3,4,WP3->WP4,1,0.48126940562960574,0.4812694056759431,14.136920364388624,0.742837480254812,utm,1,0.6474464932819985,0.7936399737679791,0,0.0
89.8,75.804,49.89996610543116,8.900186747092489,0.28790218301734827,13.416006261579176,-3.7699958206658817,492831.84506441,5527513.349440424,13.4071670465637,-3.783402059227228,0,1,0.0,0.0,3,4,3,4,WP3->WP4,1,0.478560705538026,0.47856070554897695,14.162937651560188,0.7442045825336276,utm,1,0.6752613227672021,0.8921105546087794,0,0.0
89.85,75.854,49.899965871233384,8.900186779655884,0.28790176649537647,13.418345757779846,-3.7960449687505764,492831.8473682737,5527513.323398585,13.4094766851631,-3.8094433853402734,0,1,0.0,0.0,3,4,3,4,WP3->WP4,1,0.47585328104195523,0.4758532811048785,14.188940631869817,0.7455709330452268,utm,1,0.5553879111474525,0.9001298984844135,0,0.0
89.9,75.90400000000001,49.8999656371456,8.900186812221614,0.2879028814783173,13.420685421674795,-3.822081882969024,492831.8496723213,5527513.297368976,13.411786504962947,-3.835472483187914,0,1,0.0,0.0,3,4,3,4,WP3->WP4,1,0.4731483706164522,0.4731483705747758,14.214931642747535,0.7469366546120197,utm,1,-0.32392798590186334,1.22908614962595,0,0.0
89.95,75.95400000000001,49.899965401805076,8.900186846297931,0.28790455536453563,13.423133612735981,-3.8482581349171068,492831.8520846671,5527513.271199942,13.414204653876368,-3.8616409823298454,0,1,0.0,0.0,3,4,3,4,WP3->WP4,1,0.47052316524417315,0.47052316521299764,14.241080181590661,0.748310653630611,utm,1,0.014517273851964108,1.0144028648932315,0,0.0
90.0,76.004,49.89996516276316,8.90018688565213,0.2879037816769265,13.425960989779249,-3.874846083244319,492831.8548754989,5527513.244618869,13.41700138017768,-3.888221434317529,0,1,0.0,0.0,3,4,3,4,WP3->WP4,1,0.4681908725862969,0.46819087262757186,14.267705405637798,0.7497097005115864,utm,1,-0.12501320121817816,0.8134501875580158,0,0.0
90.05,76.054,49.89996492259692,8.900186925956913,0.2879048009416935,13.428856661018113,-3.9015590857263702,492831.8577344313,5527513.217912702,13.419866234762594,-3.9149269675835967,0,1,0.0,0.0,3,4,3,4,WP3->WP4,1,0.4659015603509898,0.46590156036311237,14.294466420677873,0.7511158826551533,utm,1,0.06910814681563957,0.3226445767994267,0,0.0
90.1,76.104,49.8999646807829,8.900186964603632,0.2879087571009201,13.43163320972229,-3.928455366963055,492831.8604740445,5527513.191023488,13.42261181079084,-3.941815573722124,0,1,0.0,0.0,3,4,3,4,WP3->WP4,1,0.4634601946575094,0.46346019457051374,14.321384352600607,0.7525303101406136,utm,1,0.3870889112756202,0.019567746719842904,0,0.0
90.15,76.15400000000001,49.8999644354214,8.90018700013147,0.2879035789452037,13.434185684416725,-3.955746223816887,492831.8629891477,5527513.163740154,13.425132964213844,-3.9690983491018414,0,1,0.0,0.0,3,4,3,4,WP3->WP4,1,0.46072324284153826,0.46072324294409633,14.348646324515776,0.7539628155238408,utm,1,0.3771554460034873,0.2517939434235008,0,0.0
90.2,76.20400000000001,49.899964189444866,8.900187035419355,0.28790371683938554,13.436720919782301,-3.983105489428209,492831.86548692733,5527513.136388462,13.427636809181422,-3.9964494863525033,0,1,0.0,0.0,3,4,3,4,WP3->WP4,1,0.4579562426302789,0.4579562426252502,14.375972094128704,0.7553986732157624,utm,1,0.19915310810051443,-0.3587586294559515,0,0.0
90.25,76.254,49.899963943522856,8.900187070695134,0.28790395198913865,13.439255285409303,-4.010458690109715,492831.8679838458,5527513.109042835,13.430139791744296,-4.023794558830559,0,1,0.0,0.0,3,4,3,4,WP3->WP4,1,0.4551895542757445,0.45518955438092656,14.40329174517085,0.7568342094017559,utm,1,0.19673839345687588,-0.06347365531296062,0,0.0
90.3,76.304,49.8999636977142,8.900187105959484,0.2879038118486173,13.441788829921412,-4.037799283350202,492831.87047996017,5527513.0817098105,13.432641967316158,-4.051127029582858,0,1,0.0,0.0,3,4,3,4,WP3->WP4,1,0.45242448130721197,0.45242448126708257,14.430598872575947,0.7582690875217245,utm,1,-0.1362361904557964,0.15389097697561593,0,0.0
90.35,76.354,49.899963451945496,8.900187141222679,0.2879033702795432,13.44432229147973,-4.065135431899939,492831.8729759976,5527513.054381228,13.43514406500617,-4.078455057926476,0,1,0.0,0.0,3,4,3,4,WP3->WP4,1,0.44966018023511545,0.4496601803155372,14.457901624518476,0.759703735728989,utm,1,-0.08285230730096588,-0.14958124606021916,0,0.0
90.4,76.40400000000001,49.89996320625941,8.90018717648311,0.2879026786174209,13.446855554459445,-4.092462391783841,492831.87547184876,5527513.027061832,13.4376459743944,-4.105773898772895,0,1,0.0,0.0,3,4,3,4,WP3->WP4,1,0.44689744941035253,0.44689744932398695,14.485195323122708,0.7611379082202675,utm,1,-0.11882309150254802,0.28954018219548855,0,0.0
90.45,76.45400000000001,49.89996296059098,8.90018721174026,0.28790065499064965,13.449388581722774,-4.119787387570081,492831.877967467,5527512.9997444,13.440147650369909,-4.13309077732265,0,1,0.0,0.0,3,4,3,4,WP3->WP4,1,0.4441348645276082,0.44413486449732575,14.512487049217157,0.7625719770642057,utm,1,-0.027926587883383383,0.22861614088393126,0,0.0
90.5,76.504,49.89996271488593,8.900187247118787,0.28787806734835386,13.451930329216047,-4.147116456594882,492831.88047179667,5527512.972422884,13.442658038751688,-4.160411737859249,0,1,0.0,0.0,3,4,3,4,WP3->WP4,1,0.4413800516004368,0.4413800516337252,14.53978444724303,0.7640063439449962,utm,1,-0.11922224004965186,0.18609380786179908,0,0.0
90.55,76.554,49.89996246941589,8.900187282495226,0.28785299363988964,13.454471926754394,-4.174419385998581,492831.8829760112,5527512.945127497,13.445168306177948,-4.18770656734705,0,1,0.0,0.0,3,4,3,4,WP3->WP4,1,0.4386301115908348,0.4386301115555837,14.567056173255791,0.765439361866251,utm,1,0.028247585388782054,0.2807316803595479,0,0.0
90.6,76.604,49.899962223688426,8.900187317762027,0.2878502375275753,13.45700564738378,-4.201750948351973,492831.88547231373,5527512.917803499,13.44767066789791,-4.215030012652278,0,1,0.0,0.0,3,4,3,4,WP3->WP4,1,0.4358669454923737,0.43586694546434823,14.594354476025748,0.7668737762876513,utm,1,-0.3593458564925064,0.5473712598275549,0,0.0
90.65,76.65400000000001,49.89996197829348,8.900187352992248,0.28784588446216663,13.4595367399095,-4.229045524680378,492831.8879660387,5527512.890516478,13.450170443917159,-4.242316479794681,0,1,0.0,0.0,3,4,3,4,WP3->WP4,1,0.4331083046296227,0.4331083046856368,14.621615989110076,0.7683062575611901,utm,1,-0.2059026112976312,0.5893306347565197,0,0.0
90.7,76.70400000000001,49.89996173378972,8.900187388102868,0.28784021536504534,13.462059239826491,-4.256240977754293,492831.8904513065,5527512.86332855,13.452661740768235,-4.269503855146468,0,1,0.0,0.0,3,4,3,4,WP3->WP4,1,0.4303602697759445,0.43036026980846365,14.648778615432876,0.7697335427389124,utm,1,-0.48915081775313585,0.9711891646335067,0,0.0
90.75,76.754,49.89996149074272,8.900187423014387,0.28784037540018914,13.464567435447307,-4.283274400553773,492831.89292249153,5527512.836302607,13.455138918943703,-4.296529249288142,0,1,0.0,0.0,3,4,3,4,WP3->WP4,1,0.4276293186963212,0.4276293187932226,14.675779545795645,0.7711523314537261,utm,1,-0.9440040749192055,0.8896434367571071,0,0.0
90.8,76.804,49.899961249094204,8.900187457723996,0.2878394028595462,13.467061125002813,-4.31015227262003,492831.8953793834,5527512.80943217,13.45760176947806,-4.323399141430855,0,1,0.0,0.0,3,4,3,4,WP3->WP4,1,0.4249140087377726,0.4249140087502651,14.702625100210094,0.7725629557964582,utm,1,-1.286849281360004,0.9217150846375296,0,0.0
90.85,76.854,49.89996100854469,8.900187492283795,0.287837440821963,13.469544051495598,-4.336907905785266,492831.8978256795,5527512.78268394,13.4600539971143,-4.350146829150617,0,1,0.0,0.0,3,4,3,4,WP3->WP4,1,0.42221161534773827,0.4222116153977955,14.729348671815263,0.7739671704403066,utm,1,-1.09840985318115,0.5109745060531005,0,0.0
90.9,76.90400000000001,49.89996076929171,8.900187526643428,0.28783665958015936,13.472012597247103,-4.363519329890748,492831.90025779273,5527512.75607988,13.462492009915877,-4.376750348135829,0,1,0.0,0.0,3,4,3,4,WP3->WP4,1,0.4195228085399655,0.4195228084749142,14.755928015392389,0.7753638064897955,utm,1,-0.6340917962163797,0.7029974082493307,0,0.0
90.95,76.95400000000001,49.89996053144052,8.900187560792524,0.2878378882128944,13.474466017077056,-4.389974836055986,492831.90267499373,5527512.729631694,13.464915075979661,-4.4031979981809855,0,1,0.0,0.0,3,4,3,4,WP3->WP4,1,0.4168491052843365,0.4168491052293354,14.782351502876491,0.7767522529375579,utm,1,-0.6272571578355565,0.5310114520178548,0,0.0
91.0,77.004,49.8999602951724,8.900187594715339,0.28783981946280757,13.476903179878637,-4.416254262563755,492831.9050761788,5527512.703359541,13.467322086973581,-4.429469618014991,0,1,0.0,0.0,3,4,3,4,WP3->WP4,1,0.41419326840291437,0.4141932684030628,14.808599136464247,0.7781314589806291,utm,1,-0.5880532482849721,0.5657320709997713,0,0.0
91.05,77.054,49.89996005988403,8.900187628514233,0.28784579529698634,13.479331439696697,-4.442424714197484,492831.90746860957,5527512.677196329,13.469720319611952,-4.455632298253477,0,1,0.0,0.0,3,4,3,4,WP3->WP4,1,0.41154962516678956,0.41154962510800486,14.834738158823079,0.7795049579468021,utm,1,-0.5013682031137338,-0.0438054704598686,0,0.0
91.1,77.104,49.89995982526608,8.900187662186566,0.2878499629469579,13.481750606758487,-4.468520596627629,492831.90985205054,5527512.65110767,13.472109545837156,-4.481720427982509,0,1,0.0,0.0,3,4,3,4,WP3->WP4,1,0.40891138216426687,0.40891138207773686,14.860802284109885,0.7808745213774535,utm,1,-0.6886845728446165,0.41090180539968646,0,0.0
91.15,77.15400000000001,49.89995959135675,8.900187695750176,0.28785240041502624,13.484161962763862,-4.494537661856216,492831.9122277887,5527512.625097807,13.474491051863879,-4.507729764096439,0,1,0.0,0.0,3,4,3,4,WP3->WP4,1,0.4062806127006561,0.40628061266497906,14.886787590920656,0.7822399432188034,utm,1,-0.4733817319052681,0.2585911642664578,0,0.0
91.2,77.20400000000001,49.89995935770882,8.900187729367723,0.28787291215294414,13.486577193732161,-4.520525651222598,492831.9146074389,5527512.599117002,13.476876463391818,-4.533710040152073,0,1,0.0,0.0,3,4,3,4,WP3->WP4,1,0.40365922817252614,0.4036592280794392,14.912745118930468,0.7836039053975128,utm,1,-0.7000923386714937,0.6183816554944415,0,0.0
91.25,77.254,49.89995912420432,8.900187763045281,0.2878994524332488,13.488996736255567,-4.546497688663215,492831.9169914203,5527512.573152138,13.479266202659346,-4.559674374759197,0,1,0.0,0.0,3,4,3,4,WP3->WP4,1,0.40104513656520835,0.4010451365327059,14.938687826631456,0.7849670888294669,utm,1,-0.6846181139472507,1.16673007466026,0,0.0
91.3,77.304,49.899958890640924,8.900187796599843,0.28790226820236664,13.491407442158474,-4.572476276397841,492831.91936655977,5527512.547180736,13.481647101405542,-4.5856452491134405,0,1,0.0,0.0,3,4,3,4,WP3->WP4,1,0.39842111816811066,0.3984211181624259,14.964635264076584,0.7863305207901761,utm,1,-1.092335235312308,0.7217629797733465,0,0.0
91.35,77.354,49.89995865751073,8.900187830069326,0.2879028931627071,13.493812035643328,-4.598406680062192,492831.92173565365,5527512.5212575095,13.484021943877451,-4.611567949876189,0,1,0.0,0.0,3,4,3,4,WP3->WP4,1,0.3958003574231447,0.39580035732760205,14.990534258545377,0.7876914072701476,utm,1,-0.9779310307597984,0.8819866061525273,0,0.0
91.4,77.40400000000001,49.89995842484972,8.900187863471805,0.28790322141213803,13.496211815255984,-4.624284897878032,492831.92410000495,5527512.495386453,13.486392032238655,-4.637438480742276,0,1,0.0,0.0,3,4,3,4,WP3->WP4,1,0.39318489558789854,0.3931848955902122,15.016381135771558,0.7890495552016814,utm,1,-0.8118463862184674,0.8915278445920157,0,0.0
91.45,77.45400000000001,49.89995819250329,8.900187896826614,0.2879032904670953,13.498608170025735,-4.650128125605308,492831.92646097956,5527512.469550377,13.488758736115415,-4.663274033926427,0,1,0.0,0.0,3,4,3,4,WP3->WP4,1,0.3905727936428785,0.3905727935420452,15.042193031816709,0.7904058650148907,utm,1,-0.49450489418208093,1.2287230319931768,0,0.0
91.5,77.504,49.89995796041917,8.90018793014277,0.28790313090306596,13.501001747885487,-4.675942177708934,492831.9288192172,5527512.443743468,13.4911226965487,-4.689080419018865,0,1,0.0,0.0,3,4,3,4,WP3->WP4,1,0.38796357025521794,0.38796357026752726,15.067975773422932,0.7917606428812974,utm,1,-0.49545161740416516,0.8440654612364304,0,0.0
91.55,77.554,49.899957728338265,8.900187963455952,0.28790291634172455,13.503395111979703,-4.701755872510931,492831.93117724155,5527512.417936919,13.493486443650909,-4.7148864436894655,0,1,0.0,0.0,3,4,3,4,WP3->WP4,1,0.3853542063028221,0.3853542062317197,15.093758121449422,0.7931154000666951,utm,1,-0.30265188822083644,0.8030768338052184,0,0.0
91.6,77.604,49.89995749658018,8.900187996714036,0.2879030483834645,13.50578451764672,-4.727533660975635,492831.933531357,5527512.392166265,13.495846273843199,-4.740656576119363,0,1,0.0,0.0,3,4,3,4,WP3->WP4,1,0.3827478540382609,0.3827478540947698,15.119504488067435,0.7944682665758974,utm,1,-0.6480719564598011,1.391666998222069,0,0.0
91.65,77.65400000000001,49.899957265082094,8.900188030000917,0.287904099473381,13.50817599218124,-4.753282529941816,492831.9358875791,5527512.366424518,13.498208204342518,-4.766397800296545,0,1,0.0,0.0,3,4,3,4,WP3->WP4,1,0.3801490855689244,0.38014908549907117,15.145222881349655,0.7958196632004474,utm,1,-0.5869270338478431,0.7736759362949412,0,0.0
91.7,77.70400000000001,49.89995703246433,8.900188065464885,0.28790752386644675,13.510723878127296,-4.779155937274942,492831.9383999842,5527512.340558073,13.500726345460862,-4.792263686656952,0,1,0.0,0.0,3,4,3,4,WP3->WP4,1,0.3776798372849061,0.3776798372695608,15.171093481989823,0.7971790577005842,utm,1,-0.4841466523918906,1.0725235443860968,0,0.0
91.75,77.754,49.89995679500911,8.900188106558819,0.28790411420270423,13.513676245345811,-4.805567401238681,492831.9413159924,5527512.3141532475,13.503648209036328,-4.818667865358293,0,1,0.0,0.0,3,4,3,4,WP3->WP4,1,0.37550405049589375,0.3755040503980093,15.197569581410287,0.7985702686909223,utm,1,-0.4022941564804471,0.3857230084414103,0,0.0
91.8,77.804,49.899956555637594,8.900188149773028,0.28790551340689474,13.516780942394192,-4.832192009420482,492831.9443839857,5527512.287535161,13.50672210502671,-4.845285271294415,0,1,0.0,0.0,3,4,3,4,WP3->WP4,1,0.37343676462432596,0.37343676455744057,15.224284024201104,0.7999740036528261,utm,1,-0.08307535465350624,-0.08316366942708553,0,0.0
91.85,77.854,49.89995631504919,8.900188192732505,0.28790694817825385,13.519867338432835,-4.858951969119297,492831.947433505,5527512.260781801,13.509777556930203,-4.872037952765822,0,1,0.0,0.0,3,4,3,4,WP3->WP4,1,0.3713255330486725,0.371325533102748,15.251127729471314,0.8013845308305738,utm,1,0.28431252523177714,-0.2523208254467693,0,0.0
91.9,77.90400000000001,49.89995607073493,8.90018823283576,0.2879064023855191,13.522748530917328,-4.886126344227256,492831.9502773508,5527512.233614465,13.512627427233383,-4.899204657413065,0,1,0.0,0.0,3,4,3,4,WP3->WP4,1,0.36893341734628077,0.36893341734509444,15.278338561709463,0.8028143490324462,utm,1,0.4477197592804001,-0.5020759930196186,0,0.0
91.95,77.95400000000001,49.89995582290574,8.900188270171054,0.2879033137205953,13.525430861090559,-4.913691675239231,492831.9529218929,5527512.206056595,13.51527808047831,-4.926761941984296,0,1,0.0,0.0,3,4,3,4,WP3->WP4,1,0.36627114303893227,0.3662711429919877,15.305894724684304,0.8042623129554295,utm,1,0.26256309606188316,-0.10646614207414701,0,0.0
92.0,78.004,49.8999555750766,8.900188307501134,0.2879031066096324,13.528112816695527,-4.941257000590983,492831.9555660607,5527512.17849873,13.517928359331563,-4.954319219104946,0,1,0.0,0.0,3,4,3,4,WP3->WP4,1,0.3636085021689513,0.3636085021918944,15.333450810737387,0.8057102728364882,utm,1,0.24899341632256006,-0.19485643034988714,0,0.0
92.05,78.054,49.899955327016,8.900188344873197,0.28790256695085437,13.530797788500275,-4.968848070763226,492831.9582132092,5527512.150915127,13.520581624645274,-4.9819022342562675,0,1,0.0,0.0,3,4,3,4,WP3->WP4,1,0.3609438764488613,0.36094387639220676,15.361032730700481,0.8071595901841042,utm,1,0.05952762849191803,-0.49640662584071304,0,0.0
92.1,78.104,49.89995507876604,8.900188382261202,0.287901574019935,13.533483905705419,-4.996460202628281,492831.96086147457,5527512.12331047,13.523236011504196,-5.009506303817034,0,1,0.0,0.0,3,4,3,4,WP3->WP4,1,0.3582763296548148,0.35827632963605116,15.388635531363049,0.8086100047272751,utm,1,-0.12976128714778715,-0.7620768925985131,0,0.0
92.15,78.15400000000001,49.899954830311145,8.900188419671768,0.2879001678220271,13.53617164369998,-5.024095128922165,492831.9635113298,5527512.095683025,13.525891993194818,-5.037133160047233,0,1,0.0,0.0,3,4,3,4,WP3->WP4,1,0.35560599543781934,0.3556059954669405,15.416261004313176,0.8100616106066443,utm,1,-0.4802373998895628,-0.5165621327587273,0,0.0
92.2,78.20400000000001,49.8999545815692,8.900188457126822,0.2878983443665045,13.538862577967857,-5.0517619838310575,492831.96616433753,5527512.06802366,13.528551134571899,-5.064791935496032,0,1,0.0,0.0,3,4,3,4,WP3->WP4,1,0.35293266537914736,0.3529326653226181,15.443918412487275,0.8115148945517232,utm,1,-0.2897239093560291,-1.0184224583603927,0,0.0
92.25,78.254,49.89995433279284,8.900188494589102,0.2878958252123575,13.54155403139883,-5.079432665758775,492831.9688178592,5527512.040360468,13.531210790679324,-5.092454538680613,0,1,0.0,0.0,3,4,3,4,WP3->WP4,1,0.350259109500281,0.3502591094714441,15.471579675216836,0.8129683810379634,utm,1,-0.2934840834299016,-1.3579557969064413,0,0.0
92.3,78.304,49.89995408398946,8.90018853217275,0.28787080317742564,13.544254204421643,-5.107106352557811,492831.9714800929,5527512.012694262,13.533879159484059,-5.120120154693723,0,1,0.0,0.0,3,4,3,4,WP3->WP4,1,0.34759353033886736,0.34759353039226437,15.499245559570468,0.8144221103716904,utm,1,0.12250536530675665,-1.2091935150848783,0,0.0
92.35,78.354,49.8999538350783,8.900188569810933,0.287844479690928,13.54695829541573,-5.134792028418413,492831.97414622706,5527511.985016066,13.536551431403495,-5.147797758691013,0,1,0.0,0.0,3,4,3,4,WP3->WP4,1,0.344929492297404,0.3449294923451817,15.526923957718761,0.8158764972542649,utm,1,0.14768009363400558,-0.6619617062814513,0,0.0
92.4,78.40400000000001,49.89995358691384,8.900188607212009,0.2878380093616331,13.549645351657766,-5.162394650399933,492831.976795444,5527511.957420913,13.539206767687574,-5.1753923231735826,0,1,0.0,0.0,3,4,3,4,WP3->WP4,1,0.3422646931712093,0.3422646930840924,15.554517610405039,0.8173264311086096,utm,1,0.12313985679890847,-0.2754896097663758,0,0.0
92.45,78.45400000000001,49.899953340445315,8.900188644369418,0.287833679695328,13.55231490184261,-5.189808639055092,492831.97942741314,5527511.93001434,13.541844814433716,-5.202798310667276,0,1,0.0,0.0,3,4,3,4,WP3->WP4,1,0.3396189454454143,0.33961894544903487,15.581922856069149,0.8187664649427233,utm,1,0.09151532858155742,-0.472602245056734,0,0.0
92.5,78.504,49.89995309579727,8.900188681289517,0.28782756736004156,13.554967402598963,-5.217020139571048,492831.98204260936,5527511.9028102,13.544466043298598,-5.230001871474087,0,1,0.0,0.0,3,4,3,4,WP3->WP4,1,0.33699535854460266,0.33699535848908174,15.60912618823185,0.8201958890462345,utm,1,-0.3587132595298108,-0.2579654256990525,0,0.0
92.55,78.554,49.899952853192126,8.90018871788616,0.28782180351390046,13.55759666480842,-5.244004415354676,492831.98463487905,5527511.875833223,13.547064295271412,-5.256978272460401,0,1,0.0,0.0,3,4,3,4,WP3->WP4,1,0.33439261040784124,0.3343926103808041,15.636102156760654,0.8216133661185288,utm,1,-0.370079390582384,-0.4826264348358742,0,0.0
92.6,78.604,49.89995261310217,8.900188754087065,0.2878200247950551,13.56019749556378,-5.270708933161231,492831.9871991013,5527511.849135931,13.54963443777524,-5.283674995414913,0,1,0.0,0.0,3,4,3,4,WP3->WP4,1,0.33181569615719386,0.33181569605179523,15.66279822666022,0.8230161356599668,utm,1,-0.48918180331314587,-0.9065174144909695,0,0.0
92.65,78.65400000000001,49.89995237568248,8.900188789854962,0.2878228759637767,13.562767217116722,-5.29711644558122,492831.98973262234,5527511.822735564,13.552173813222907,-5.3100748006254435,0,1,0.0,0.0,3,4,3,4,WP3->WP4,1,0.3292652998687041,0.3292652999099597,15.68919696858931,0.8244032818297861,utm,1,-0.04616758088470785,-1.1809774923822847,0,0.0
92.7,78.70400000000001,49.89995214072306,8.900188825219596,0.2878265618753593,13.56530796648448,-5.3232503095282135,492831.9922375473,5527511.796608777,13.554684531874955,-5.3362010307610035,0,1,0.0,0.0,3,4,3,4,WP3->WP4,1,0.3267390339868189,0.3267390339433172,15.715321700773575,0.825776029905596,utm,1,-0.05485563192138921,-0.8538999322411202,0,0.0
92.75,78.754,49.899951908054504,8.90018886026486,0.2878304016177823,13.567825770961758,-5.349129366472234,492831.994719876,5527511.770736724,13.557172597851604,-5.362072532065213,0,1,0.0,0.0,3,4,3,4,WP3->WP4,1,0.3242391918980658,0.3242391919194681,15.741192067097057,0.827135412093347,utm,1,0.3477203819452924,-1.4372640913120727,0,0.0
92.8,78.804,49.89995167796814,8.900188894957141,0.28783635236319277,13.570318215572318,-5.374721213754529,492831.9971772375,5527511.7451518,13.559635632962454,-5.387656911276281,0,1,0.0,0.0,3,4,3,4,WP3->WP4,1,0.32176962751651644,0.321769627573818,15.766775816150018,0.8284797337130574,utm,1,0.3579348026759043,-1.463529337342278,0,0.0
92.85,78.854,49.89995144990138,8.90018892934822,0.2878409716845594,13.572789020474554,-5.400088426564419,492831.99961326725,5527511.71979145,13.562077286478598,-5.413016720674932,0,1,0.0,0.0,3,4,3,4,WP3->WP4,1,0.319321973545158,0.3193219734828572,15.792135047360862,0.8298122578362969,utm,1,-0.052492913770978644,-0.790361741626331,0,0.0
92.9,78.90400000000001,49.89995122246139,8.900188963735497,0.2878680307439812,13.575259552267395,-5.425385925227701,492832.0020491167,5527511.694500787,13.564518744242378,-5.438306841999292,0,1,0.0,0.0,3,4,3,4,WP3->WP4,1,0.31688743941231123,0.31688743939536584,15.817425836437723,0.8311411856046697,utm,1,-0.2936863148345652,-0.2920627745543227,0,0.0
92.95,78.95400000000001,49.89995099545937,8.90018899806644,0.2878932398863364,13.57772603680867,-5.450634709174726,492832.0044809856,5527511.669258824,13.566956210648641,-5.463548266328871,0,1,0.0,0.0,3,4,3,4,WP3->WP4,1,0.31445828983832297,0.31445828992639635,15.84266806184825,0.8324675615505379,utm,1,-0.619835207871459,-0.4360431235038998,0,0.0
93.0,79.004,49.89995076868839,8.900189032221933,0.28789568233739044,13.580179916202617,-5.475857795705634,492832.00690028863,5527511.6440425655,13.569381105538923,-5.488763987086713,0,1,0.0,0.0,3,4,3,4,WP3->WP4,1,0.3120217103276465,0.312021710282338,15.867882656452116,0.833792485610262,utm,1,-0.40444769553409654,-0.47626535669727077,0,0.0
93.05,79.054,49.89995054253185,8.900189066286993,0.28789757414191675,13.582627298528166,-5.50101254069421,492832.0093131881,5527511.618894628,13.571799581695814,-5.513911387883127,0,1,0.0,0.0,3,4,3,4,WP3->WP4,1,0.3095918807915683,0.3095918807813852,15.893028963531208,0.8351138214392027,utm,1,-0.04966684651237019,-0.47716318665429674,0,0.0
93.1,79.104,49.899950316267734,8.900189100379892,0.28789895433525586,13.58507668093339,-5.5261792499808715,492832.0117280711,5527511.59373473,13.57422004401451,-5.5390707505866885,0,1,0.0,0.0,3,4,3,4,WP3->WP4,1,0.30716171610577087,0.30716171614457133,15.918187390307796,0.8364357941087929,utm,1,-0.2668988296595062,-0.4093139079245456,0,0.0
93.15,79.15400000000001,49.89995009062538,8.900189134400657,0.28789977665792843,13.587520880896347,-5.551276802652972,492832.01413786574,5527511.568643967,13.57663540262729,-5.564160978421569,0,1,0.0,0.0,3,4,3,4,WP3->WP4,1,0.3047397480660933,0.30473974805885434,15.943276981499016,0.8377541497492518,utm,1,-0.11790312632872434,-0.8586132888892406,0,0.0
93.2,79.20400000000001,49.89994986524171,8.900189168358667,0.2879006700495688,13.589960572257045,-5.576345582992368,492832.016543192,5527511.543581972,13.579046286526136,-5.5892224395647645,0,1,0.0,0.0,3,4,3,4,WP3->WP4,1,0.30231888290147874,0.3023188828780363,15.968337480076686,0.8390709766915793,utm,1,0.12792624774318206,-0.5963303284825671,0,0.0
93.25,79.254,49.8999496396318,8.900189202346796,0.2879012668844119,13.592402427563053,-5.601439527271786,492832.01895064773,5527511.518494819,13.581459305481985,-5.614309058524668,0,1,0.0,0.0,3,4,3,4,WP3->WP4,1,0.2998953077734208,0.29989530781669266,15.993423080590047,0.8403891226382003,utm,1,0.6119231668124893,-0.9769352665339668,0,0.0
93.3,79.304,49.89994941426206,8.900189236300386,0.28790176563787123,13.594841801402174,-5.626506758124914,492832.0213556587,5527511.493434373,13.583869873720687,-5.6393689699471,0,1,0.0,0.0,3,4,3,4,WP3->WP4,1,0.29747442864821017,0.2974744286947364,16.018481998680883,0.8417058665323938,utm,1,-0.015976386052800495,-0.5194491612343748,0,0.0
93.35,79.354,49.89994918939097,8.90018927017387,0.2879023308576453,13.597275420035018,-5.651518525152413,492832.0237549907,5527511.4684293745,13.586274750705343,-5.664373436011374,0,1,0.0,0.0,3,4,3,4,WP3->WP4,1,0.29505855471397047,0.29505855464536956,16.043485404662505,0.8430196934917621,utm,1,0.5908538510022447,-0.6509884181122276,0,0.0
93.4,79.40400000000001,49.89994896426705,8.90018930406537,0.28790311350059944,13.599710333002216,-5.676558414294406,492832.026155579,5527511.443396266,13.588680890214164,-5.689406012184918,0,1,0.0,0.0,3,4,3,4,WP3->WP4,1,0.29263855024382224,0.292638550209911,16.068516644013194,0.8443349829811023,utm,1,0.4036005224070447,-0.5201374328263223,0,0.0
93.45,79.45400000000001,49.89994873734098,8.900189338790383,0.28790326108634745,13.60220512928889,-5.701798751064916,492832.0286157597,5527511.418162707,13.591146666556597,-5.71463902387768,0,1,0.0,0.0,3,4,3,4,WP3->WP4,1,0.290238796230577,0.2902387961511315,16.093756020745513,0.8456612092405547,utm,1,0.6999022713802142,-0.39877342370140506,0,0.0
93.5,79.504,49.89994850489251,8.900189378513124,0.2879039226189207,13.605058984033088,-5.727653328955996,492832.0314340375,5527511.392314677,13.593970676301979,-5.740486428141594,0,1,0.0,0.0,3,4,3,4,WP3->WP4,1,0.2880733147992968,0.28807331472450853,16.119666907273736,0.8470227205997245,utm,1,0.917162965937067,-0.3753574452935361,0,0.0
93.55,79.554,49.899948267028996,8.900189424276553,0.28790151103635625,13.608346828116408,-5.754110206310453,492832.0346853291,5527511.3658640105,13.597227833466604,-5.766936373896897,0,1,0.0,0.0,3,4,3,4,WP3->WP4,1,0.28621790440192935,0.28621790447076284,16.146251980409396,0.8484196577141352,utm,1,0.7781418158241847,-0.17698186010397401,0,0.0
93.6,79.604,49.89994802882709,8.900189471988302,0.28790270951533004,13.611774648040816,-5.7806047220306915,492832.0380764906,5527511.339375534,13.600624868820887,-5.793424096889794,0,1,0.0,0.0,3,4,3,4,WP3->WP4,1,0.2844925797942796,0.2844925799067073,16.172900856836485,0.8498199474311647,utm,1,0.49093341645940214,0.0974013813121147,0,0.0
93.65,79.65400000000001,49.899947789076826,8.900189520855305,0.2879016692232489,13.615285466421879,-5.807271457135757,492832.04155038804,5527511.3127147965,13.60410467843758,-5.820084063336253,0,1,0.0,0.0,3,4,3,4,WP3->WP4,1,0.28281560272202827,0.282815602699818,16.199734616160033,0.8512299519899994,utm,1,0.6452842892538617,0.37054702241339765,0,0.0
93.7,79.70400000000001,49.89994754610547,8.90018956709198,0.28790007885065416,13.618607310583362,-5.8342964645974815,492832.04483490955,5527511.2856961815,13.607395191444084,-5.847101949155331,0,1,0.0,0.0,3,4,3,4,WP3->WP4,1,0.280884443303038,0.2808844433709199,16.226883543655894,0.8526565173502633,utm,1,0.6180969610473348,0.18793394227500754,0,0.0
93.75,79.754,49.899947298575746,8.900189609254205,0.28789883938684796,13.621636428561992,-5.861828487314894,492832.04782614636,5527511.258171144,13.610392532020342,-5.874626323580742,0,1,0.0,0.0,3,4,3,4,WP3->WP4,1,0.2785687587619005,0.2785687588029817,16.254473628713214,0.8541062637402635,utm,1,0.5783962263940257,0.33943796243934715,0,0.0
93.8,79.804,49.89994704965085,8.90018965018081,0.28789685595462566,13.624576774117376,-5.889515690728398,492832.05072843964,5527511.230491106,13.61330096347956,-5.902305716648698,0,1,0.0,0.0,3,4,3,4,WP3->WP4,1,0.2761361897476037,0.2761361897609062,16.2821988950342,0.8555631133540702,utm,1,0.63944697345352,-0.05765945877996098,0,0.0
93.85,79.854,49.899946800413765,8.900189691149013,0.2878943559454056,13.62752010830635,-5.917237618199946,492832.05363367405,5527511.202776355,13.616212343797088,-5.9300198229029775,0,1,0.0,0.0,3,4,3,4,WP3->WP4,1,0.27369988404641427,0.2736998841093796,16.309958798876472,0.8570217830282841,utm,1,1.3076750515067677,-0.15697564004846884,0,0.0
93.9,79.90400000000001,49.89994655118783,8.90018973224109,0.2878926256856328,13.630472342160697,-5.944958304667424,492832.0565478063,5527511.1750628315,13.619132621621247,-5.957732698880136,0,1,0.0,0.0,3,4,3,4,WP3->WP4,1,0.27127254717975985,0.27127254722867405,16.337719194644873,0.8584804785512087,utm,1,1.4683640752312943,-0.0014968753875383711,0,0.0
93.95,79.95400000000001,49.89994630231614,8.900189773218406,0.2878900239083225,13.6334163310465,-5.9726395903169305,492832.0594537494,5527511.147388704,13.62204470159486,-5.9854061817750335,0,1,0.0,0.0,3,4,3,4,WP3->WP4,1,0.2688446885966208,0.2688446886274757,16.365439355782648,0.859937059908469,utm,1,1.9958540681867114,0.08537265713407168,0,0.0
94.0,80.004,49.899946053633535,8.900189814143005,0.2878861893770601,13.636356532517532,-6.000299843989799,492832.0623559345,5527511.119735607,13.624953018908855,-6.0130586344748735,0,1,0.0,0.0,3,4,3,4,WP3->WP4,1,0.26641715377382597,0.2664171538288059,16.3931381560589,0.8613925188396181,utm,1,2.188759171989705,0.08329927053983692,0,0.0
94.05,80.054,49.89994580532383,8.900189855013084,0.28788285089028937,13.639292817038255,-6.02791862166514,492832.0652542597,5527511.092123971,13.627857467101421,-6.040669626556337,0,1,0.0,0.0,3,4,3,4,WP3->WP4,1,0.2639937410750414,0.2639937411113527,16.420795520022363,0.8628458004616085,utm,1,1.9787519021350466,-0.0674532204989327,0,0.0
94.1,80.104,49.899945558266,8.90018989569288,0.28788025341698753,13.642215430902134,-6.055398156419596,492832.06813910505,5527511.064651544,13.630748404597398,-6.068141413852572,0,1,0.0,0.0,3,4,3,4,WP3->WP4,1,0.26158365818880475,0.2615836581963353,16.44831366103348,0.8642917664855445,utm,1,1.5471085301589123,-0.10217415472117183,0,0.0
94.15,80.15400000000001,49.89994531313563,8.900189936147118,0.28786293101217014,13.645121839551855,-6.082663305244391,492832.0710080372,5527511.037393436,13.63362338137813,-6.0953988851979375,0,1,0.0,0.0,3,4,3,4,WP3->WP4,1,0.25919884799650345,0.2591988479080029,16.475618384497913,0.8657265182882404,utm,1,1.2263579720621072,0.20766206451773464,0,0.0
94.2,80.20400000000001,49.89994507005455,8.900189976331314,0.28783700541278906,13.648008847224594,-6.109700517563715,492832.0738578799,5527511.0103632,13.636479218141176,-6.122428488917649,0,1,0.0,0.0,3,4,3,4,WP3->WP4,1,0.2568387784779046,0.2568387784911734,16.50269577984522,0.8671493249259805,utm,1,1.1488310530044021,0.061514096496857434,0,0.0
94.25,80.254,49.899944829190964,8.900190016035982,0.28783346833722123,13.650861403550559,-6.136491084922805,492832.07667361345,5527510.983579557,13.639300891081803,-6.149211505427957,0,1,0.0,0.0,3,4,3,4,WP3->WP4,1,0.25449227826066484,0.2544922783439361,16.52952460371969,0.8685590701471049,utm,1,1.030097872675114,0.34067327525935587,0,0.0
94.3,80.304,49.8999445902616,8.900190055401946,0.28783821331396126,13.653689625956746,-6.163066513542468,492832.07946530945,5527510.957010998,13.642098478798289,-6.17577944509685,0,1,0.0,0.0,3,4,3,4,WP3->WP4,1,0.2521632216886496,0.25216322164652166,16.556137709301,0.8699574802521498,utm,1,1.0627702074427001,0.2970689694905793,0,0.0
94.35,80.354,49.89994435236997,8.900190094594915,0.28784170592022085,13.656505419588127,-6.189526518170582,492832.0822447354,5527510.930557835,13.6448837708449,-6.202231992036104,0,1,0.0,0.0,3,4,3,4,WP3->WP4,1,0.24984413852438916,0.24984413857515433,16.582635198239963,0.8713498151744062,utm,1,1.3819422548643763,-0.037365644117066,0,0.0
94.4,80.40400000000001,49.899944113417256,8.900190133963179,0.2878428343337421,13.659333807136166,-6.216104544125447,492832.085036593,5527510.90398668,13.647681520786136,-6.228802526369691,0,1,0.0,0.0,3,4,3,4,WP3->WP4,1,0.24751474519649586,0.2475147452932006,16.609250882572496,0.8727483607823056,utm,1,1.4894237056453563,0.21463568540413908,0,0.0
94.45,80.45400000000001,49.89994387249295,8.900190173847404,0.287836088634672,13.662199263669704,-6.242901864839076,492832.08786521276,5527510.877196268,13.65051608136855,-6.255592310801148,0,1,0.0,0.0,3,4,3,4,WP3->WP4,1,0.24517960287380258,0.2451796028614452,16.63608881062605,0.8741585843908914,utm,1,0.9162234578033635,0.5133821368193746,0,0.0
94.5,80.504,49.89994363053637,8.90019021361892,0.287829017106025,13.665056622637202,-6.269814002485249,492832.0906855852,5527510.850291097,13.653342420177069,-6.28249685652554,0,1,0.0,0.0,3,4,3,4,WP3->WP4,1,0.2428144676936504,0.24281446779969612,16.66303781606897,0.8755746446630439,utm,1,0.9030633649750459,0.5512616092134126,0,0.0
94.55,80.554,49.899943389563994,8.900190253295538,0.28783097691572046,13.667907163696574,-6.29661666928027,492832.0934992884,5527510.823495361,13.656162065512035,-6.309291967190802,0,1,0.0,0.0,3,4,3,4,WP3->WP4,1,0.24046366720382112,0.2404636671435964,16.68987812358257,0.8769849933025461,utm,1,0.6141119129606427,0.8352773722151816,0,0.0
94.6,80.604,49.8999431497458,8.900190292856493,0.2878461905248234,13.670749395083444,-6.3232909600766,492832.0963048563,5527510.796827962,13.658973546989728,-6.3359587443992496,0,1,0.0,0.0,3,4,3,4,WP3->WP4,1,0.23812936806613874,0.23812936805090493,16.716590900412204,0.8783886407249876,utm,1,0.4853952462834981,0.47857687825277045,0,0.0
94.65,80.65400000000001,49.89994291097821,8.900190332329064,0.28787262438292294,13.673585276549185,-6.349848395552285,492832.09910423245,5527510.770277378,13.661778810841497,-6.362508705817163,0,1,0.0,0.0,3,4,3,4,WP3->WP4,1,0.23581128016156402,0.23581128024230613,16.7431878262141,0.879786200648645,utm,1,-0.25515984783642065,0.46537584454981984,0,0.0
94.7,80.70400000000001,49.899942672440126,8.900190371650723,0.2878811811063606,13.676410315827045,-6.376380303418568,492832.1018928047,5527510.743752329,13.664573265181389,-6.389033135958016,0,1,0.0,0.0,3,4,3,4,WP3->WP4,1,0.23348745905120938,0.23348745913604846,16.76975762561565,0.8811823351906518,utm,1,-0.3839708540667556,0.687871452528893,0,0.0
94.75,80.754,49.89994243346118,8.900190410984816,0.28788485862961943,13.679236248453408,-6.402961247926338,492832.1046822047,5527510.717178258,13.667368558119051,-6.415606587193906,0,1,0.0,0.0,3,4,3,4,WP3->WP4,1,0.2311550969394701,0.23115509697585881,16.796375703410558,0.8825810065652323,utm,1,-0.5690589628559567,0.5408447063645838,0,0.0
94.8,80.804,49.89994219428239,8.9001904503685,0.2878887185620116,13.68206574388121,-6.429564419425498,492832.1074751365,5527510.690581966,13.67016738775419,-6.442202259786427,0,1,0.0,0.0,3,4,3,4,WP3->WP4,1,0.22882196178224193,0.22882196174928723,16.82301626819563,0.8839808595393892,utm,1,-0.34675147946490725,0.56357106208548,0,0.0
94.85,80.854,49.89994195467395,8.900190489975316,0.2878912921353289,13.684911270064967,-6.456215380194322,492832.110284029,5527510.663937883,13.672982188640162,-6.468845718540251,0,1,0.0,0.0,3,4,3,4,WP3->WP4,1,0.2264953751009004,0.22649537512972281,16.849706791169183,0.8853833376124992,utm,1,-0.016955978747011546,0.7141300435426337,0,0.0
94.9,80.90400000000001,49.89994171424841,8.900190529656212,0.28789323848716675,13.687762118563844,-6.482957223639291,492832.1130981207,5527510.637202947,13.675802209007088,-6.495580029673874,0,1,0.0,0.0,3,4,3,4,WP3->WP4,1,0.2241565569110144,0.22415655683738242,16.876487490319562,0.8867905540757428,utm,1,0.24223181467239016,0.43882044886663785,0,0.0
94.95,80.95400000000001,49.899941473289516,8.900190569354988,0.2878947537811848,13.690614251570242,-6.509758391890057,492832.1159134174,5527510.610408707,13.678623447427526,-6.522373646497726,0,1,0.0,0.0,3,4,3,4,WP3->WP4,1,0.22180760567758626,0.22180760561077373,16.90332663457232,0.8882008415906343,utm,1,0.5086244944946949,0.291222646801864,0,0.0
95.0,81.004,49.899941231773404,8.900190609065014,0.2878853215499864,13.693467192801787,-6.5366215374690055,492832.1187294395,5527510.583552514,13.68144542502705,-6.549229213036597,0,1,0.0,0.0,3,4,3,4,WP3->WP4,1,0.21944754565651237,0.21944754565678085,16.93022673061203,0.88961433187322,utm,1,0.7063661768811654,0.2818719979064258,0,0.0
95.05,81.054,49.89994099018567,8.900190648777068,0.2878740158869714,13.69632027977676,-6.563492649105444,492832.1215455967,5527510.556688358,13.684267539414577,-6.576092744246125,0,1,0.0,0.0,3,4,3,4,WP3->WP4,1,0.21708609870427814,0.21708609878479296,16.957134669856107,0.8910282342841914,utm,1,0.3941420203156647,0.7477484565425823,0,0.0
95.1,81.104,49.89994074873403,8.90019068848083,0.2878618248639309,13.699172771015904,-6.5903486231808195,492832.1243611786,5527510.529839335,13.687089075276162,-6.602941141463816,0,1,0.0,0.0,3,4,3,4,WP3->WP4,1,0.21472697461507237,0.2147269747068332,16.984027644305502,0.8924413503562654,utm,1,0.3437110733225253,0.7573562323791517,0,0.0
95.15,81.15400000000001,49.89994050728459,8.900190728246391,0.2878474705729095,13.702029702197093,-6.617204353159043,492832.127181199,5527510.5029905485,13.689915049471892,-6.629789303056896,0,1,0.0,0.0,3,4,3,4,WP3->WP4,1,0.21237225258573253,0.21237225267095206,17.010921233431755,0.8938544987270998,utm,1,0.15017856965780266,0.7067465188657419,0,0.0
95.2,81.20400000000001,49.899940266185695,8.90019076801771,0.2878439239886402,13.704887046998634,-6.644021092685523,492832.1300016848,5527510.476180736,13.692741480539553,-6.656598488800228,0,1,0.0,0.0,3,4,3,4,WP3->WP4,1,0.21002542415136538,0.21002542407260202,17.037776653434456,0.8952656414662387,utm,1,0.472524436967322,0.7551657128903908,0,0.0
95.25,81.254,49.89994002581343,8.900190807657648,0.28783863791989983,13.707734952807554,-6.670757011291214,492832.1328128431,5527510.449451727,13.695558566076215,-6.6833268739283085,0,1,0.0,0.0,3,4,3,4,WP3->WP4,1,0.20768485715931087,0.2076848570840836,17.06455097480978,0.8966725228034271,utm,1,-0.1250717624475321,0.5215518775380995,0,0.0
95.3,81.304,49.89993978739744,8.900190847035148,0.287836677240783,13.710564003985906,-6.697275338865511,492832.13560544414,5527510.422940245,13.698357046174351,-6.709837736561894,0,1,0.0,0.0,3,4,3,4,WP3->WP4,1,0.20536757949038908,0.20536757951750148,17.091108224691382,0.8980679979193684,utm,1,-0.17618224795920534,0.9817188118785987,0,0.0
95.35,81.354,49.899939552062484,8.900190885891874,0.2878361692368401,13.713355640452892,-6.723450972434142,492832.13836110185,5527510.3967713695,13.701118506956846,-6.736006000079215,0,1,0.0,0.0,3,4,3,4,WP3->WP4,1,0.2030794090344566,0.20307940900753726,17.11732211346518,0.8994454308101597,utm,1,-0.18667289152367952,0.6991921905927618,0,0.0
95.4,81.40400000000001,49.89993931988743,8.90019092418235,0.28783424778084526,13.716106595105428,-6.749275138650196,492832.14107656217,5527510.370953876,13.703839692403562,-6.7618228904902935,0,1,0.0,0.0,3,4,3,4,WP3->WP4,1,0.2008188256664516,0.20081882561257142,17.143183406532934,0.9008043362353452,utm,1,-0.22990933460899554,0.7872715589242976,0,0.0
95.45,81.45400000000001,49.899939091532964,8.900190961822021,0.2878315103380955,13.718810793046094,-6.7746743515354195,492832.1437458505,5527510.345561228,13.706514611665625,-6.787214946933091,0,1,0.0,0.0,3,4,3,4,WP3->WP4,1,0.19859398208744056,0.19859398203665046,17.1686188490316,0.9021408649507838,utm,1,-0.4547082277839432,1.1987606561458584,0,0.0
95.5,81.504,49.899938866934065,8.900190998844273,0.28782758063848773,13.72147063291561,-6.799655844148321,492832.1463713548,5527510.3205861915,13.709145654342137,-6.812189399264753,0,1,0.0,0.0,3,4,3,4,WP3->WP4,1,0.19640584209334577,0.19640584203883926,17.193635998211537,0.9034554140591452,utm,1,-0.40984049777193543,0.9606920556146906,0,0.0
95.55,81.554,49.899938645889875,8.900191035193165,0.28782854235378036,13.724082095666704,-6.824241955977238,492832.14894902793,5527510.296006443,13.711728778143879,-6.836768575944006,0,1,0.0,0.0,3,4,3,4,WP3->WP4,1,0.19424617328262744,0.19424617320576656,17.218255995492697,0.9047490944557814,utm,1,-0.04847626282232659,0.5911253356012429,0,0.0
95.6,81.604,49.899938427750236,8.900191071070875,0.28782944329539945,13.726659706635486,-6.848505003456677,492832.1514932931,5527510.271749673,13.714278422354255,-6.861024781130254,0,1,0.0,0.0,3,4,3,4,WP3->WP4,1,0.19211533689148516,0.1921153368075458,17.242552573264543,0.9060257804768981,utm,1,-0.049740212452903144,0.8455632321592359,0,0.0
95.65,81.65400000000001,49.89993821337826,8.900191106356935,0.28782737042141276,13.729194810934075,-6.8723489842380525,492832.1539956269,5527510.24791186,13.716786042263266,-6.884862038306892,0,1,0.0,0.0,3,4,3,4,WP3->WP4,1,0.1900232792189929,0.19002327912912467,17.26642989107962,0.9072804360980526,utm,1,-0.2445392381075021,0.8168345940891535,0,0.0
95.7,81.70400000000001,49.89993800204752,8.900191141075945,0.2878299822906599,13.731689175861048,-6.895854697308787,492832.1564576881,5527510.224412233,13.719253314600792,-6.908361119218171,0,1,0.0,0.0,3,4,3,4,WP3->WP4,1,0.18795621699007808,0.18795621687340117,17.289967552308248,0.9085172441515386,utm,1,-0.8528610382300624,0.5581131044663654,0,0.0
95.75,81.754,49.89993779375764,8.90019117528358,0.28783302338650135,13.734146801320493,-6.919022185120556,492832.15888347494,5527510.201250745,13.721684237651061,-6.931522068567574,0,1,0.0,0.0,3,4,3,4,WP3->WP4,1,0.18591806618926557,0.18591806615911044,17.313166364646758,0.9097362470785023,utm,1,-1.2913588395950422,0.8861433942611046,0,0.0
95.8,81.804,49.899937588522086,8.900191209003921,0.28783519429240245,13.73656941760084,-6.941849947006523,492832.16127471917,5527510.178428893,13.72408054274274,-6.954343389719725,0,1,0.0,0.0,3,4,3,4,WP3->WP4,1,0.18391081224433475,0.1839108122396428,17.336025190286726,0.9109373850917539,utm,1,-0.9741524139260869,0.9422401232015352,0,0.0
95.85,81.854,49.89993738639804,8.900191242243869,0.28783560874780034,13.738957520255259,-6.964331626535344,492832.16363192454,5527510.155953032,13.726442732207943,-6.976818727329373,0,1,0.0,0.0,3,4,3,4,WP3->WP4,1,0.18193616224708062,0.1819361622898108,17.358537886771895,0.912120335430281,utm,1,-1.059971047044878,1.0477733563177032,0,0.0
95.9,81.90400000000001,49.899937187364515,8.900191275018411,0.2878346996011019,13.741312186151559,-6.986469555011702,492832.1659561643,5527510.133820829,13.728771879919805,-6.9989504143595695,0,1,0.0,0.0,3,4,3,4,WP3->WP4,1,0.17999472476302975,0.17999472467932234,17.38070694898334,0.9132852291899041,utm,1,-1.227960346513156,0.8496520466874837,0,0.0
95.95,81.95400000000001,49.89993699196622,8.900191307069143,0.28785605830796307,13.743614850359327,-7.008203147522473,492832.16822896176,5527510.112092868,13.73104949563276,-7.02067787013948,0,1,0.0,0.0,3,4,3,4,WP3->WP4,1,0.1780799220683476,0.1780799221025698,17.402469380128093,0.9144287561462069,utm,1,-1.2975688814131574,0.8669900821348354,0,0.0
96.0,82.004,49.89993679988329,8.900191338575329,0.2878796013646664,13.745878392028638,-7.029567981404443,492832.1704631435,5527510.09073357,13.73328841390321,-7.042036673054099,0,1,0.0,0.0,3,4,3,4,WP3->WP4,1,0.17619755649242375,0.17619755653216265,17.42386255415884,0.9155528801479016,utm,1,-1.3949232731413403,1.071874972744998,0,0.0
96.05,82.054,49.89993661096575,8.900191369717595,0.2878814397800196,13.748115788067418,-7.050580738752247,492832.17267165886,5527510.069726245,13.735501587740146,-7.063043507747352,0,1,0.0,0.0,3,4,3,4,WP3->WP4,1,0.17435715502735655,0.174357154967025,17.444905324576588,0.9166585918695348,utm,1,-1.4128499989775212,0.5688895851053983,0,0.0
96.1,82.104,49.89993642511181,8.900191400347483,0.28788257399902806,13.750316372660308,-7.071252740013515,492832.17484383145,5527510.049059586,13.737678343255538,-7.0837096851319075,0,1,0.0,0.0,3,4,3,4,WP3->WP4,1,0.17254607994857252,0.17254607985619147,17.46560675278606,0.9177463674509503,utm,1,-1.45767132389818,0.3706864898367287,0,0.0
96.15,82.15400000000001,49.89993624128239,8.900191430630493,0.28788539675787483,13.752492036020596,-7.09169956059078,492832.17699139274,5527510.028618051,13.739830437523779,-7.104150742292404,0,1,0.0,0.0,3,4,3,4,WP3->WP4,1,0.17075380070666574,0.17075380079639108,17.486082497107375,0.9188222842649336,utm,1,-1.3407621131485539,0.6686976855760163,0,0.0
96.2,82.20400000000001,49.89993605782053,8.900191460049893,0.28788653981583046,13.754605653902797,-7.112105497371435,492832.17907698767,5527510.008217469,13.741920556407422,-7.124550862237811,0,1,0.0,0.0,3,4,3,4,WP3->WP4,1,0.16890850802092633,0.16890850796595133,17.506506217181474,0.9198954674170077,utm,1,-1.2502954857668673,0.6812314426771569,0,0.0
96.25,82.254,49.89993587118502,8.900191486465085,0.28789019624165085,13.756503436362733,-7.132864430472625,492832.18094636314,5527509.987464315,13.743794534006156,-7.1453036004677415,0,1,0.0,0.0,3,4,3,4,WP3->WP4,1,0.16678369507516777,0.16678369505487056,17.527234775237236,0.920984668561144,utm,1,-1.4258720130628366,0.7827048443459563,0,0.0
96.3,82.304,49.899935677616895,8.900191510863769,0.287888255301313,13.758256344113658,-7.154394458694142,492832.1826698947,5527509.96594057,13.745522838551551,-7.16682696249336,0,1,0.0,0.0,3,4,3,4,WP3->WP4,1,0.16436868366381824,0.16436868368788612,17.54869193887481,0.9221121549555714,utm,1,-1.3568406774968187,0.6697521821072385,0,0.0
96.35,82.354,49.89993547946206,8.900191536303165,0.28789391697075617,13.760084021177725,-7.176434654208483,492832.1844674862,5527509.943906763,13.747325316187926,-7.188860370777547,0,1,0.0,0.0,3,4,3,4,WP3->WP4,1,0.16192904805685987,0.1619290480887926,17.570663925596563,0.9232666932023662,utm,1,-1.5711203220827836,0.18362678973773106,0,0.0
96.4,82.40400000000001,49.89993527696949,8.900191568045672,0.28788312696473006,13.76236454119051,-7.198957322955582,492832.1867170975,5527509.9213900715,13.749579920608085,-7.211376562714577,0,1,0.0,0.0,3,4,3,4,WP3->WP4,1,0.15984099001190452,0.15984099011091402,17.593196172353608,0.9244506708279066,utm,1,-1.0359472511914478,0.11389752700970304,0,0.0
96.45,82.45400000000001,49.89993507544966,8.900191599998099,0.28787907067122176,13.764660142712664,-7.221371795816945,492832.18898192834,5527509.898981512,13.751849720661994,-7.23378461971879,0,1,0.0,0.0,3,4,3,4,WP3->WP4,1,0.15778850436193026,0.1577885043005932,17.61562517853904,0.925629223582676,utm,1,-0.6801316507248963,0.02319099789759317,0,0.0
96.5,82.504,49.899934877111235,8.900191631289337,0.28786602244768456,13.76690824157695,-7.243432411296224,492832.19119974686,5527509.876926733,13.754072429961525,-7.2558389054611325,0,1,0.0,0.0,3,4,3,4,WP3->WP4,1,0.15575737375178156,0.15575737379922616,17.63769793275467,0.926789056750098,utm,1,-0.34293626871208827,0.04582525347734899,0,0.0
96.55,82.554,49.899934682283146,8.900191662017415,0.28785485116082304,13.76911588056008,-7.265102581706685,492832.19337764155,5527509.855262296,13.756255128828343,-7.277502859942615,0,1,0.0,0.0,3,4,3,4,WP3->WP4,1,0.15376153285183475,0.15376153280005025,17.659379899236026,0.927928355616671,utm,1,-0.31868497067850093,-0.45190486687525133,0,0.0
96.6,82.604,49.89993449032304,8.900191692255795,0.2878424637694484,13.771288337564979,-7.286453753930951,492832.1955207933,5527509.833916777,13.758403014100622,-7.2988479025661945,0,1,0.0,0.0,3,4,3,4,WP3->WP4,1,0.15179243876256704,0.1517924388085219,17.680742178360642,0.9290508562171131,utm,1,-0.26067851433231365,-0.06271240523677885,0,0.0
96.65,82.65400000000001,49.899934301041235,8.90019172218274,0.2878464972511372,13.773438419635745,-7.307507027160818,492832.1976419759,5527509.812869067,13.760528864106163,-7.319895141758025,0,1,0.0,0.0,3,4,3,4,WP3->WP4,1,0.14985860337055573,0.14985860341582305,17.701807927142927,0.930157775358041,utm,1,-0.4312804638374131,0.29906903638261284,0,0.0
96.7,82.70400000000001,49.899934113837624,8.900191751756605,0.28784780658112125,13.775563134948246,-7.328329148878087,492832.1997381098,5527509.79205245,13.762629614153411,-7.340711293742061,0,1,0.0,0.0,3,4,3,4,WP3->WP4,1,0.14794427353970374,0.1479442734563311,17.722642050313276,0.9312525235181964,utm,1,-0.46213872265465133,0.11272563041709668,0,0.0
96.75,82.754,49.899933929094956,8.900191780963842,0.2878493595784135,13.777661510135486,-7.348877546416866,492832.2018082785,5527509.771509482,13.764704338391311,-7.361253801733255,0,1,0.0,0.0,3,4,3,4,WP3->WP4,1,0.14605666951835453,0.14605666959134936,17.743202597171948,0.9323328963594859,utm,1,-0.8391593338063486,-0.23916220403686894,0,0.0
96.8,82.804,49.899933746669184,8.900191809812982,0.28785103520865146,13.779734158034532,-7.369168243163248,492832.2038530736,5527509.751224145,13.766753631818574,-7.381538684479892,0,1,0.0,0.0,3,4,3,4,WP3->WP4,1,0.1441933162225419,0.14419331615084702,17.76350540411367,0.9333997260198326,utm,1,-0.8738397546472697,-0.7303057161961457,0,0.0
96.85,82.854,49.89993356665897,8.900191838279767,0.2878521687874082,13.781779335850086,-7.389190263235726,492832.2058707674,5527509.731207415,13.768775764445309,-7.401554966345429,0,1,0.0,0.0,3,4,3,4,WP3->WP4,1,0.1423546113741066,0.1423546113203854,17.783539368426325,0.9344524290970188,utm,1,-1.10212018053457,-1.0204412941908694,0,0.0
96.9,82.90400000000001,49.899933389285714,8.900191866362315,0.287855745711297,13.783796908431281,-7.408918982538126,492832.20786125754,5527509.711483905,13.770770628354512,-7.4212780352681875,0,1,0.0,0.0,3,4,3,4,WP3->WP4,1,0.14054515075453666,0.14054515086384742,17.803280309769264,0.9354897350128097,utm,1,-0.6743853907689367,-0.514621276188058,0,0.0
96.95,82.95400000000001,49.899933214511684,8.90019189402254,0.2878576800691827,13.785784139579285,-7.428358597418878,492832.20982180355,5527509.692049425,13.772735484060831,-7.440712079405785,0,1,0.0,0.0,3,4,3,4,WP3->WP4,1,0.1387614454188101,0.13876144540579322,17.822731817377605,0.9365118323668655,utm,1,-0.8094563411166619,-0.5940962467718544,0,0.0
97.0,83.004,49.8999330418001,8.90019192135646,0.2878589702262241,13.787747927475964,-7.4475688126263035,492832.21175922116,5527509.672844283,13.774677160487045,-7.459916791878641,0,1,0.0,0.0,3,4,3,4,WP3->WP4,1,0.1369987957920361,0.13699879575750323,17.841953787235877,0.9375218684487706,utm,1,-0.9728431511599782,-0.9843882533525193,0,0.0
97.05,83.054,49.899932871672014,8.900191948298124,0.2878622058264755,13.789683533928503,-7.466491672421238,492832.2136688515,5527509.65392642,13.776590985944495,-7.478834230452776,0,1,0.0,0.0,3,4,3,4,WP3->WP4,1,0.1352636840514177,0.1352636840494949,17.86088845452948,0.9385168079532242,utm,1,-0.9069029070212562,-0.13736751108976397,0,0.0
97.1,83.104,49.89993270407061,8.90019197490497,0.28788096642592875,13.791595085696482,-7.485133496443573,492832.2155548109,5527509.635289512,13.778481078217737,-7.497470720671117,0,1,0.0,0.0,3,4,3,4,WP3->WP4,1,0.1335589445361459,0.13355894444004213,17.87954281219242,0.9394970183303736,utm,1,-0.3286527127096414,0.09696580966447797,0,0.0
97.15,83.15400000000001,49.89993253878252,8.900192000951993,0.2879024382116698,13.793466417255942,-7.5035180173042315,492832.2174009089,5527509.616909858,13.780331251968164,-7.515849964693189,0,1,0.0,0.0,3,4,3,4,WP3->WP4,1,0.1318641616682587,0.13186416169013696,17.897937035828686,0.9404635597258835,utm,1,-0.1796460159586215,-0.4255580940134049,0,0.0
97.2,83.20400000000001,49.89993237575819,8.900192026101681,0.2879033534836596,13.795273280448566,-7.521650746646153,492832.2191828997,5527509.598781979,13.782117262715474,-7.5339774480089545,0,1,0.0,0.0,3,4,3,4,WP3->WP4,1,0.1301544898504618,0.13015448988888667,17.916071878404583,0.9414164717050605,utm,1,-0.5426113037323955,0.16139240708073033,0,0.0
97.25,83.254,49.8999322144801,8.900192049850686,0.2879025059748716,13.796979512399469,-7.539589246115418,492832.220864558,5527509.5808483865,13.783802897902206,-7.551910666748881,0,1,0.0,0.0,3,4,3,4,WP3->WP4,1,0.128383400203356,0.12838340022186603,17.933996859445365,0.9423583563168951,utm,1,-0.6433600783928798,0.059066209637605185,0,0.0
97.3,83.304,49.89993205421598,8.900192071861763,0.28790019268701134,13.798560884093519,-7.557414965625183,492832.2224215561,5527509.563027697,13.78536384779727,-7.56973101105541,0,1,0.0,0.0,3,4,3,4,WP3->WP4,1,0.1265114831336967,0.12651148314418809,17.951787226370538,0.9432931675062397,utm,1,-0.6885627374926718,0.301930694420272,0,0.0
97.35,83.354,49.899931895769356,8.900192092491908,0.2878998800486632,13.80004304356613,-7.575038530241423,492832.2238796508,5527509.545409211,13.786825849500019,-7.58734917268157,0,1,0.0,0.0,3,4,3,4,WP3->WP4,1,0.12458106169043429,0.12458106176684175,17.96936023274074,0.9442165572853479,utm,1,-0.2407812145733127,-0.17772901236274602,0,0.0
97.4,83.40400000000001,49.89993173894989,8.900192111928677,0.2879001470960452,13.801439465703211,-7.59248110990873,492832.2252522835,5527509.527971753,13.788202349038329,-7.604786326177418,0,1,0.0,0.0,3,4,3,4,WP3->WP4,1,0.12260128973842435,0.12260128979242124,17.986739230590473,0.9451297527083461,utm,1,-0.3094262270668083,-0.4600912692811403,0,0.0
97.45,83.45400000000001,49.89993158394686,8.900192130836254,0.28790004260006274,13.80279786845961,-7.609721653547213,492832.22658718115,5527509.510736302,13.789541068777908,-7.622021481394768,0,1,0.0,0.0,3,4,3,4,WP3->WP4,1,0.12062302034488265,0.12062302031472599,18.003912733023302,0.9460321501856983,utm,1,-0.6028444057795719,-0.7025215902039834,0,0.0
97.5,83.504,49.899931430454366,8.900192149407067,0.287900731760174,13.804132076530976,-7.626794183347161,492832.22789811745,5527509.493668828,13.790855789848138,-7.63908866327256,0,1,0.0,0.0,3,4,3,4,WP3->WP4,1,0.11865328107759475,0.11865328105549232,18.02091677162737,0.9469256430303364,utm,1,-0.734025567122679,-1.0690719979570067,0,0.0
97.55,83.554,49.89993127828171,8.900192168154081,0.287903281599075,13.805478943733444,-7.643719912412375,492832.22922190337,5527509.47674808,13.792183328070678,-7.656009118072689,0,1,0.0,0.0,3,4,3,4,WP3->WP4,1,0.11672415148225518,0.11672415152323043,18.03777923250775,0.9478116965432946,utm,1,-0.8663687766397288,-0.8979398122982816,0,0.0
97.6,83.604,49.89993112520686,8.900192190020537,0.2879023469973055,13.80704992514634,-7.660745989463007,492832.2307695805,5527509.459726726,13.79373477975605,-7.673030127771199,0,1,0.0,0.0,3,4,3,4,WP3->WP4,1,0.11499560349858712,0.114995603465056,18.054783171109392,0.9487051841332134,utm,1,-0.8986684222799141,-0.4971405921458186,0,0.0
97.65,83.65400000000001,49.89993096974101,8.900192216206081,0.2879014402569062,13.808931208735704,-7.678038011422023,492832.23262708186,5527509.442439119,13.795596114709042,-7.69031732250005,0,1,0.0,0.0,3,4,3,4,WP3->WP4,1,0.11352038465230206,0.11352038466440219,18.07210758667917,0.9496155114801199,utm,1,-0.550483639410293,-0.037278609504803106,0,0.0
97.7,83.70400000000001,49.89993081386985,8.90019224239093,0.2879002059174364,13.810812442297552,-7.69537511352608,492832.2344844732,5527509.42510645,13.797457349661272,-7.707649579271674,0,1,0.0,0.0,3,4,3,4,WP3->WP4,1,0.11203645963901113,0.11203645954917733,18.089476216317113,0.9505281620958954,utm,1,-0.029876755077050676,0.012014560828482047,0,0.0
97.75,83.754,49.89993065873608,8.90019226848788,0.28789955790839766,13.81268736090648,-7.712630198279542,492832.2363356613,5527509.407855776,13.79931236320408,-7.724899842403829,0,1,0.0,0.0,3,4,3,4,WP3->WP4,1,0.11056209056121127,0.11056209051291928,18.106763173295658,0.9514365211466801,utm,1,-0.16770899518471846,0.16479705089248634,0,0.0
97.8,83.804,49.89993050382391,8.900192294547686,0.287898718417349,13.814559610955818,-7.729860635588404,492832.23818421474,5527509.390629741,13.801164736563805,-7.74212546646595,0,1,0.0,0.0,3,4,3,4,WP3->WP4,1,0.10908983637853048,0.10908983647393565,18.12402544116195,0.9523435828853586,utm,1,-0.04598125406883888,-0.024920886720985136,0,0.0
97.85,83.854,49.8999303497869,8.900192320459032,0.28789768318551234,13.81642119493456,-7.74699373119822,492832.240022236,5527509.373501024,13.803006556234322,-7.759253775700927,0,1,0.0,0.0,3,4,3,4,WP3->WP4,1,0.10762581259755073,0.10762581265034281,18.14119016975837,0.9532455193334086,utm,1,0.4257351035333484,-0.7000641483197811,0,0.0
97.9,83.90400000000001,49.899930196055244,8.900192346310737,0.28789647276201796,13.818278494031034,-7.764092862635039,492832.24185601936,5527509.356406264,13.804844130412675,-7.776348128914833,0,1,0.0,0.0,3,4,3,4,WP3->WP4,1,0.10616410795932554,0.10616410798090088,18.158320756647903,0.9541456617740749,utm,1,0.21589753168039952,-0.4590049741702693,0,0.0
97.95,83.95400000000001,49.89993004269493,8.900192372078731,0.2878948932831012,13.820129778977789,-7.781150690711157,492832.243683846,5527509.339352798,13.806675738771446,-7.793401189148426,0,1,0.0,0.0,3,4,3,4,WP3->WP4,1,0.10470443514458966,0.10470443522940105,18.175409671718466,0.9550436145306939,utm,1,0.27611543137918915,-0.9344338854846006,0,0.0
98.0,84.004,49.89992989007522,8.900192397729786,0.28789314967497476,13.821972662492392,-7.798126144135051,492832.2455033843,5527509.322381685,13.80849904048955,-7.810371899046004,0,1,0.0,0.0,3,4,3,4,WP3->WP4,1,0.10325233994157189,0.10325233993129672,18.192416165206986,0.9559372363694929,utm,1,0.3303044346114864,-0.5726845012175888,0,0.0
98.05,84.054,49.899929737720775,8.900192423345647,0.28789106420071353,13.8238130175755,-7.815072092934785,492832.2473204345,5527509.305440066,13.810319847485516,-7.827313113026321,0,1,0.0,0.0,3,4,3,4,WP3->WP4,1,0.10180343001019632,0.1018034300464985,18.20939323084812,0.9568293118949907,utm,1,0.30022117596903797,-0.2649046022372911,0,0.0
98.1,84.104,49.89992958556267,8.90019244902866,0.2878901827722157,13.825658197123365,-7.831996203883516,492832.24914233637,5527509.288520272,13.812145501433406,-7.84423250425607,0,1,0.0,0.0,3,4,3,4,WP3->WP4,1,0.1003634467458761,0.10036344685642437,18.226349799502955,0.957720310387495,utm,1,-0.28253221053123656,-0.036400214102212086,0,0.0
98.15,84.15400000000001,49.89992943431177,8.900192474479994,0.28788837976707554,13.827486731801994,-7.848819407899726,492832.25094773434,5527509.271701367,13.81395462906221,-7.861051008105278,0,1,0.0,0.0,3,4,3,4,WP3->WP4,1,0.09892651322291642,0.09892651333034713,18.24320418343311,0.9586059394896765,utm,1,-0.2528981545072125,-0.24357715698014357,0,0.0
98.2,84.20400000000001,49.8999292835191,8.900192499847204,0.28788591310772504,13.829309222722777,-7.8655916444306015,492832.2527471589,5527509.254933416,13.815757772012148,-7.877818559296429,0,1,0.0,0.0,3,4,3,4,WP3->WP4,1,0.09749343864848184,0.09749343863373819,18.260007409236227,0.9594888804410298,utm,1,-0.3168609138301255,0.061745024640372514,0,0.0
98.25,84.254,49.89992913306403,8.900192525157443,0.2878837200615952,13.83112762057598,-7.8823263317442205,492832.25454254216,5527509.238203005,13.817556865338702,-7.894548571668565,0,1,0.0,0.0,3,4,3,4,WP3->WP4,1,0.0960635595860116,0.09606355966946056,18.276773013865466,0.960369844553207,utm,1,0.06025539507104155,-0.43884570727214933,0,0.0
98.3,84.304,49.89992898365792,8.900192550291989,0.2878813332142127,13.83293339579775,-7.898944344864358,492832.2563254631,5527509.221589238,13.819343470444437,-7.911161942407489,0,1,0.0,0.0,3,4,3,4,WP3->WP4,1,0.09464370394557942,0.09464370396007238,18.293421739220737,0.9612446671364563,utm,1,-0.27079665823701277,-0.5376039608561666,0,0.0
98.35,84.354,49.89992883543883,8.900192575233158,0.2878792014535945,13.834725278046522,-7.915430329726386,492832.25809467246,5527509.205107464,13.821116334700491,-7.92764332331717,0,1,0.0,0.0,3,4,3,4,WP3->WP4,1,0.09323557360682387,0.09323557363089302,18.309938280700962,0.9621125439964405,utm,1,-0.4542872520034522,-0.42062331541352016,0,0.0
98.4,84.40400000000001,49.89992868827473,8.900192599997721,0.28787738890956593,13.836504472194179,-7.931798971780995,492832.2598513551,5527509.188743006,13.822876646241639,-7.944007392041385,0,1,0.0,0.0,3,4,3,4,WP3->WP4,1,0.09183753139520706,0.09183753142821567,18.3263372714656,0.9629742440459799,utm,1,-0.9964249715152731,-0.6860191124227086,0,0.0
98.45,84.45400000000001,49.89992854227243,8.900192624574814,0.2878757438676841,13.83827019758175,-7.948038389510868,492832.2615947465,5527509.172507737,13.824623637890909,-7.96024227514863,0,1,0.0,0.0,3,4,3,4,WP3->WP4,1,0.09045109216649615,0.09045109219530868,18.342606911257924,0.9638291472297331,utm,1,-0.6687911976175437,-0.6698068129410459,0,0.0
98.5,84.504,49.89992839750507,8.900192648933075,0.2878742927950482,13.840020201184322,-7.96414044775933,492832.26332260546,5527509.156409793,13.826355066616088,-7.976339834742248,0,1,0.0,0.0,3,4,3,4,WP3->WP4,1,0.0890756085142793,0.08907560852682521,18.358738784977685,0.9646768113685199,utm,1,-0.04004955387357245,-0.9844963236509892,0,0.0
98.55,84.554,49.89992825435887,8.900192673019445,0.2878730993532832,13.841750670956229,-7.980062189672797,492832.26503117837,5527509.140492119,13.828067169350106,-7.9922571294009686,0,1,0.0,0.0,3,4,3,4,WP3->WP4,1,0.08771558999323525,0.08771558997597753,18.37469002026389,0.9655149836947081,utm,1,-0.695752674417288,-1.3012460794641014,0,0.0
98.6,84.604,49.899928112592,8.90019269686644,0.28787097828355995,13.843463943003794,-7.995830512634835,492832.2667227649,5527509.124727825,13.829762251698412,-8.008021047338843,0,1,0.0,0.0,3,4,3,4,WP3->WP4,1,0.08636816302332001,0.08636816297259028,18.390487452864736,0.9663450743173636,utm,1,-1.0035909869848973,-1.1554948439213566,0,0.0
98.65,84.65400000000001,49.89992797210714,8.900192720613374,0.28784883484659207,13.845170026148358,-8.01145624111596,492832.2684073552,5527509.109106079,13.831450306170154,-8.023642419837415,0,1,0.0,0.0,3,4,3,4,WP3->WP4,1,0.08504106746153438,0.0850410674714422,18.406143621259922,0.9671677420824322,utm,1,-0.4015768981394877,-0.85846547224996,0,0.0
98.7,84.70400000000001,49.89992783325757,8.900192744002425,0.2878463362985748,13.846850397446904,-8.026900081134928,492832.2700664863,5527509.093666183,13.833112861204427,-8.039081947878003,0,1,0.0,0.0,3,4,3,4,WP3->WP4,1,0.08372367876714971,0.08372367878924318,18.421616422848995,0.9679807746700574,utm,1,-0.33769630012781116,-1.1097696288206085,0,0.0
98.75,84.754,49.89992769638086,8.900192767069745,0.2878435514408601,13.848507654246374,-8.04212448630459,492832.2717028043,5527509.078445665,13.834752554364968,-8.05430210288614,0,1,0.0,0.0,3,4,3,4,WP3->WP4,1,0.08242575483776277,0.0824257548470784,18.436869524337148,0.9687822629138528,utm,1,0.013400796325168995,-0.8951597899467145,0,0.0
98.8,84.804,49.89992756192779,8.900192789874689,0.28781641271509695,13.8501460607544,-8.057079315532295,492832.2733206387,5527509.063494639,13.836373704252765,-8.069252769462764,0,1,0.0,0.0,3,4,3,4,WP3->WP4,1,0.08116110789812667,0.08116110782765876,18.45185455808605,0.9695696652917859,utm,1,-0.0394414499452185,-1.4460054741998012,0,0.0
98.85,84.854,49.89992743034045,8.90019281209185,0.28781304740763153,13.851742238423615,-8.07171539916129,492832.2748966857,5527509.048862287,13.837952996022068,-8.083884770981967,0,1,0.0,0.0,3,4,3,4,WP3->WP4,1,0.07991624644921741,0.07991624639344613,18.46651879895535,0.9703402113128725,utm,1,0.19856001865715242,-1.6696038037273522,0,0.0
98.9,84.90400000000001,49.89992730202643,8.900192833741475,0.2878079302946991,13.853297641752997,-8.085987400213883,492832.27643245936,5527509.034593927,13.839491933758836,-8.098152791149914,0,1,0.0,0.0,3,4,3,4,WP3->WP4,1,0.07870130370599183,0.07870130366064106,18.480818051206064,0.9710915786713677,utm,1,-0.22351371484405538,-1.3066744380846704,0,0.0
98.95,84.95400000000001,49.89992717764247,8.900192854783512,0.2878018924127525,13.854809393394653,-8.099822271379166,492832.27792518114,5527509.0207625795,13.840987722738646,-8.111983806826174,0,1,0.0,0.0,3,4,3,4,WP3->WP4,1,0.07752748508206588,0.07752748503651216,18.494680104960203,0.9718199730328315,utm,1,-0.19900577080634366,-0.8932686583334397,0,0.0
99.0,85.004,49.89992705837892,8.900192874959025,0.28779439835789744,13.856258890131809,-8.1130876143619,492832.2793564314,5527509.007500616,13.842421913868748,-8.125245451927185,0,1,0.0,0.0,3,4,3,4,WP3->WP4,1,0.07640196656305219,0.07640196653575895,18.507971506852144,0.9725183819674489,utm,1,0.03035398012804949,-1.22601820477353,0,0.0
99.05,85.054,49.89992694500575,8.90019289414947,0.2877905902181488,13.857637615290356,-8.125697787145663,492832.28071781085,5527508.994893654,13.843786088982597,-8.137852111831307,0,1,0.0,0.0,3,4,3,4,WP3->WP4,1,0.07533283980176451,0.07533283978911386,18.52060660891503,0.9731823050240433,utm,1,-0.4003331441108923,-0.7551795793364073,0,0.0
99.1,85.104,49.89992683807499,8.900192912240321,0.28779361446623686,13.858937340875373,-8.137591389745102,492832.28200117673,5527508.983003081,13.845072091615293,-8.149742401205003,0,1,0.0,0.0,3,4,3,4,WP3->WP4,1,0.07432382461044874,0.07432382453163602,18.532523598997553,0.9738084942262843,utm,1,-0.4928243795124524,-0.584764453405135,0,0.0
99.15,85.15400000000001,49.89992673732137,8.900192929462511,0.2878174418982893,13.860174658027567,-8.14879792607685,492832.2832230742,5527508.971799383,13.846296473580878,-8.160945827141404,0,1,0.0,0.0,3,4,3,4,WP3->WP4,1,0.07338553082644021,0.07338553074597769,18.54375460449516,0.9743986377377091,utm,1,-0.27353801760118496,-0.4159211771071732,0,0.0
99.2,85.20400000000001,49.899926641909346,8.900192945610161,0.28781899032948344,13.86133477557584,-8.15941033206324,492832.28436859406,5527508.96118968,13.847444346174598,-8.171555276028812,0,1,0.0,0.0,3,4,3,4,WP3->WP4,1,0.07248560073947465,0.07248560080757395,18.55438795497826,0.9749573769168184,utm,1,-0.10142154669185777,0.0650030631630924,0,0.0
99.25,85.254,49.89992655084388,8.900192961183913,0.2878363456305293,13.862453661772708,-8.16953928347557,492832.28547354316,5527508.951063292,13.848551540868357,-8.181681418791413,0,1,0.0,0.0,3,4,3,4,WP3->WP4,1,0.07163806548077166,0.07163806539834353,18.564539128511612,0.9754907796647138,utm,1,0.0380968481516647,-0.3291926941244263,0,0.0
99.3,85.304,49.899926463449056,8.90019297608315,0.2878333749220303,13.863524087897364,-8.179259959406536,492832.28653059516,5527508.941345081,13.849610747944098,-8.19139939546585,0,1,0.0,0.0,3,4,3,4,WP3->WP4,1,0.07082139577931366,0.07082139570114727,18.574280485794574,0.976002648240883,utm,1,-0.08588930932397187,-0.4890234779486697,0,0.0
99.35,85.354,49.89992638072833,8.900192991269023,0.287805795206589,13.864615107108765,-8.188460748732863,492832.2876089245,5527508.93214652,13.850691117055248,-8.200597715564072,0,1,0.0,0.0,3,4,3,4,WP3->WP4,1,0.07012476544452022,0.07012476539127602,18.583515799185648,0.9764879262754166,utm,1,-0.3151990171652477,-0.13681415354913296,0,0.0
99.4,85.40400000000001,49.89992630656298,8.900193001841314,0.28781914534496017,13.86537466658832,-8.19670994759929,492832.2883571938,5527508.923899611,13.851441215199884,-8.208844458684325,0,1,0.0,0.0,3,4,3,4,WP3->WP4,1,0.06928572072210058,0.0692857206567397,18.59175396750387,0.9769208084051653,utm,1,-0.4130465733791887,-0.19843315459163463,0,0.0
99.45,85.45400000000001,49.89992623627736,8.900193009055315,0.2878250192242083,13.865892951781365,-8.204527616662343,492832.2888648597,5527508.916084383,13.851950614189263,-8.216659574769437,0,1,0.0,0.0,3,4,3,4,WP3->WP4,1,0.06829286046440203,0.06829286049536257,18.599522477926634,0.9773290119289196,utm,1,-0.9971100550776166,-0.2525582469552934,0,0.0
99.5,85.504,49.89992616676952,8.900193014604175,0.287826387122054,13.866291606124426,-8.212258774864619,492832.28925305785,5527508.908355787,13.852340526180342,-8.224388084374368,0,1,0.0,0.0,3,4,3,4,WP3->WP4,1,0.06719925774762979,0.06719925771515076,18.607183151255217,0.977731549053398,utm,1,-0.6816867458793032,-0.2552312116035276,0,0.0
99.55,85.554,49.89992609617285,8.900193019123448,0.2878254282329834,13.866616290318388,-8.220111039923152,492832.28956715384,5527508.900506233,13.852656362811103,-8.232237568125129,0,1,0.0,0.0,3,4,3,4,WP3->WP4,1,0.0660098343928579,0.06600983438270816,18.61494842232363,0.9781395823622993,utm,1,-0.6967059946640299,-0.5364861865114684,0,0.0
99.6,85.604,49.89992602314915,8.900193022776381,0.28782415938212935,13.866878733008079,-8.228233256621003,492832.2898186736,5527508.892386918,13.852909683133475,-8.240356827154756,0,1,0.0,0.0,3,4,3,4,WP3->WP4,1,0.06470751240957037,0.06470751239816395,18.622966557658103,0.9785609026565839,utm,1,-0.8140521931331339,-0.42524089443559454,0,0.0
99.65,85.65400000000001,49.89992594659301,8.900193025598039,0.2878218956390065,13.86708145318102,-8.236748377047391,492832.2900099715,5527508.883874936,13.853102868597489,-8.248868767172098,0,1,0.0,0.0,3,4,3,4,WP3->WP4,1,0.0632711513475998,0.06327115134851904,18.631358655019596,0.9790018731294579,utm,1,-0.7797189975911117,-0.7641844752771871,0,0.0
99.7,85.70400000000001,49.899925865720604,8.900193027430984,0.2878192081971392,13.867213139896624,-8.245743582799616,492832.29012962466,5527508.874883155,13.853224515740294,-8.257860520854592,0,1,0.0,0.0,3,4,3,4,WP3->WP4,1,0.06167291296142922,0.06167291303473351,18.64020806580046,0.9794668735564784,utm,1,-0.5366581589420945,-0.4234539408399517,0,0.0
99.75,85.754,49.89992577982274,8.900193028082503,0.2878170808957452,13.86725994791222,-8.255297756879335,492832.2901636886,5527508.865332742,13.85326069756411,-8.267410926520824,0,1,0.0,0.0,3,4,3,4,WP3->WP4,1,0.059884067012438584,0.05988406707436965,18.649589514578967,0.9799598304093246,utm,1,-0.49273996635557166,-0.49863676426878456,0,0.0
99.8,85.804,49.899925688625366,8.900193027358359,0.2878048306821044,13.867207922230904,-8.265441378884262,492832.29009817314,5527508.855193251,13.853197430609725,-8.277550431899726,0,1,0.0,0.0,3,4,3,4,WP3->WP4,1,0.05788507116184812,0.0578850710677006,18.65953021844112,0.980482173834808,utm,1,-0.20641306162374548,-0.7947635225653995,0,0.0
99.85,85.854,49.8999255951004,8.900193025480352,0.287799630124935,13.867072998020337,-8.2758438931587,492832.2899494472,5527508.844795079,13.853051010519266,-8.287948636338115,0,1,0.0,0.0,3,4,3,4,WP3->WP4,1,0.055755035451695655,0.055755035372428485,18.669708973030783,0.9810170258546697,utm,1,-0.42605826116077167,-1.3989868215146568,0,0.0
99.9,85.90400000000001,49.89992550176624,8.900193024818128,0.2877976516253012,13.867025420959305,-8.286225184423948,492832.28988806205,5527508.834418008,13.852991926600225,-8.298325721174479,0,1,0.0,0.0,3,4,3,4,WP3->WP4,1,0.05371476197238661,0.05371476199806348,18.67988367953586,0.9815516651642043,utm,1,-0.24872232786891982,-1.205259552424002,0,0.0
99.95,85.95400000000001,49.89992540908021,8.900193026048393,0.2877961517382205,13.867113808604595,-8.29653438637117,492832.28996268334,5527508.824112813,13.853068833122961,-8.308630898594856,0,1,0.0,0.0,3,4,3,4,WP3->WP4,1,0.051821710693204764,0.05182171069254659,18.69001378177919,0.9820839607017893,utm,1,-0.22085957348620444,-0.7740596574968854,0,0.0
100.0,86.004,49.899925317068934,8.90019302945151,0.2877936372859389,13.867358303284824,-8.306768537288255,492832.2901934493,5527508.813882434,13.853301867726259,-8.318861226551235,0,1,0.0,0.0,3,4,3,4,WP3->WP4,1,0.05009621067332365,0.05009621069682791,18.70010023610375,0.9826139627193459,utm,1,-0.39300731323529536,-0.5660025192910626,0,0.0
100.05,86.054,49.89992522590363,8.900193034527016,0.28779269367622595,13.867722949764833,-8.31690859264465,492832.29054444464,5527508.803745951,13.85365511092823,-8.328997631557286,0,1,0.0,0.0,3,4,3,4,WP3->WP4,1,0.04850664722523639,0.04850664716531515,18.71011746016653,0.9831403269691358,utm,1,-0.34880778655864314,-0.5285531519661791,0,0.0
100.1,86.104,49.89992513553046,8.900193041812456,0.28779198022584307,13.86824636750025,-8.326960541664683,492832.2910542651,5527508.793697329,13.854167159704957,-8.33904614020139,0,1,0.0,0.0,3,4,3,4,WP3->WP4,1,0.047089755448473,0.04708975541941135,18.72007874148019,0.983663751655731,utm,1,-0.17342749623271053,-1.095827124291699,0,0.0
100.15,86.15400000000001,49.89992504575557,8.900193051028168,0.28779164230048715,13.868908464445214,-8.336945944848386,492832.2917027983,5527508.78371504,13.854817906511016,-8.34902828373015,0,1,0.0,0.0,3,4,3,4,WP3->WP4,1,0.04582168459916915,0.045821684584335956,18.73000137629237,0.984185145626368,utm,1,0.0595647026963293,-1.0118120989401123,0,0.0
100.2,86.20400000000001,49.89992495640322,8.90019306188163,0.28779039637963005,13.869688224448659,-8.346884351901288,492832.29246901005,5527508.773779573,13.855586321500596,-8.358963581733406,0,1,0.0,0.0,3,4,3,4,WP3->WP4,1,0.04467806415967636,0.04467806414008006,18.739900503894358,0.9847053043890293,utm,1,-0.15142136420995334,-1.11028287196756,0,0.0
100.25,86.254,49.899924867579884,8.900193073707644,0.2877897387257735,13.870537856811636,-8.356763916682473,492832.2933051449,5527508.763902831,13.856424646568485,-8.368840138427913,0,1,0.0,0.0,3,4,3,4,WP3->WP4,1,0.04361428728745397,0.043614287322359294,18.749755326745017,0.9852231351177911,utm,1,-0.2373549518717764,-0.633902856002057,0,0.0
100.3,86.304,49.89992477934251,8.900193086387764,0.2877888774252564,13.871448851879206,-8.36657830681655,492832.29420270456,5527508.754091156,13.857324382057413,-8.378651614300907,0,1,0.0,0.0,3,4,3,4,WP3->WP4,1,0.04262322211964523,0.04262322203917503,18.759557998460174,0.9857382255171823,utm,1,-0.4245202798332999,-0.5421396548378526,0,0.0
100.35,86.354,49.89992469191806,8.900193099844328,0.28778883013422163,13.872415630051886,-8.376302278412831,492832.2951561457,5527508.744369789,13.85827997897286,-8.388372768647969,0,1,0.0,0.0,3,4,3,4,WP3->WP4,1,0.04170424308922446,0.04170424300612747,18.769282683433584,0.9862492180315149,utm,1,-0.6328388958209492,-0.3565862863153375,0,0.0
100.4,86.40400000000001,49.8999246052124,8.900193114397142,0.2877879520226061,13.873461167614968,-8.385946300762795,492832.29618842126,5527508.734728234,13.859314392553642,-8.398014094680548,0,1,0.0,0.0,3,4,3,4,WP3->WP4,1,0.04087787853197324,0.04087787860367331,18.778944065331327,0.9867568842275258,utm,1,-0.6818433235597382,-0.6145524456670011,0,0.0
100.45,86.45400000000001,49.899924519163875,8.900193129587754,0.28778744046225696,13.874552527319768,-8.395517231935118,492832.297266598,5527508.72515968,13.860394691175316,-8.407582410611212,0,1,0.0,0.0,3,4,3,4,WP3->WP4,1,0.04011050104622171,0.040110501100424335,18.78854254589549,0.9872612452151224,utm,1,-0.8402862219019189,-0.9515533336776599,0,0.0
100.5,86.504,49.8999244338423,8.900193145291276,0.2877874830859137,13.87568073675682,-8.405007306102725,492832.2983817176,5527508.7156719025,13.861511914699804,-8.417069939896464,0,1,0.0,0.0,3,4,3,4,WP3->WP4,1,0.039394800538243714,0.039394800623554646,18.798068782156168,0.9877618100593596,utm,1,-0.7134962259677964,-0.535852212524558,0,0.0
100.55,86.554,49.899924349043005,8.900193161507811,0.28778706162761913,13.876845803328155,-8.414439288685799,492832.2995337569,5527508.706242143,13.86266604514094,-8.426499443128705,0,1,0.0,0.0,3,4,3,4,WP3->WP4,1,0.03872641180179609,0.0387264117332357,18.80754511120458,0.9882597524832357,utm,1,-0.10532795392112482,-0.10916617819181068,0,0.0
100.6,86.604,49.899924264987916,8.900193178081222,0.28778727631350937,13.878036509384287,-8.423788495448285,492832.30071153585,5527508.696895092,13.863845896790735,-8.435846232809126,0,1,0.0,0.0,3,4,3,4,WP3->WP4,1,0.03809907080448121,0.03809907079152729,18.816945163124505,0.9887536868552544,utm,1,-0.5057938754876959,0.03684075179450065,0,0.0
100.65,86.65400000000001,49.89992418169461,8.900193195359593,0.2877871526353675,13.879277862812627,-8.433052971490385,492832.3019400547,5527508.6876326725,13.865076469664928,-8.445108380168676,0,1,0.0,0.0,3,4,3,4,WP3->WP4,1,0.03753768597570784,0.037537685923470135,18.826271819383372,0.9892437645847713,utm,1,-0.8942402456163252,0.15190952277164183,0,0.0
100.7,86.70400000000001,49.89992409892556,8.90019321306579,0.28778678941063174,13.880549953172297,-8.44225913590675,492832.3031993759,5527508.678428497,13.866337831947021,-8.454312276095152,0,1,0.0,0.0,3,4,3,4,WP3->WP4,1,0.03701765079444928,0.03701765087968224,18.83554717904733,0.9897311468875385,utm,1,-0.6833265671931343,-0.539150206522024,0,0.0
100.75,86.754,49.89992401675002,8.900193230874844,0.28778671963694824,13.881829433183135,-8.451399285840298,492832.3044661719,5527508.669290302,13.86760665429756,-8.463450188748538,0,1,0.0,0.0,3,4,3,4,WP3->WP4,1,0.03651754283028172,0.03651754276998203,18.84475919668249,0.9902152008251557,utm,1,-1.1744306979061894,-0.28295430147470413,0,0.0
100.8,86.804,49.89992393542759,8.900193248935462,0.28778653944628874,13.883126986655084,-8.460444547074294,492832.30575116037,5527508.660246932,13.868893648206722,-8.472493274137378,0,1,0.0,0.0,3,4,3,4,WP3->WP4,1,0.03605338598788629,0.0360533860903438,18.853881603255605,0.9906945460671154,utm,1,-1.5448332567756022,-0.5586163369648619,0,0.0
100.85,86.854,49.89992385488037,8.900193268056384,0.2877864445212607,13.884500716974554,-8.469403583288818,492832.3071124103,5527508.651289654,13.870256884489208,-8.48145025037229,0,1,0.0,0.0,3,4,3,4,WP3->WP4,1,0.03568051677069073,0.035680516786450636,18.862934050370626,0.9911702152250178,utm,1,-1.4499700071601151,-0.4293760811938319,0,0.0
100.9,86.90400000000001,49.899923774860675,8.900193287874353,0.28778598441059317,13.885924526241334,-8.478303944915755,492832.30852379726,5527508.642390958,13.871670244727284,-8.490348633378744,0,1,0.0,0.0,3,4,3,4,WP3->WP4,1,0.03536804123057592,0.03536804119577132,18.871938558206683,0.9916433653694241,utm,1,-0.5549142185679126,-0.9983482547223108,0,0.0
100.95,86.95400000000001,49.899923695413506,8.900193307728895,0.2877859862136079,13.887350962973674,-8.48714062619467,492832.3099378955,5527508.633555913,13.87308630219195,-8.499183364212513,0,1,0.0,0.0,3,4,3,4,WP3->WP4,1,0.03507037214012357,0.035070372196283284,18.880881101564192,0.9921132595333253,utm,1,-0.40200020968696815,-0.9470692173323709,0,0.0
101.0,87.004,49.89992361666169,8.900193327684061,0.28778620612138694,13.888784629064936,-8.49589996546786,492832.3113593232,5527508.62479817,13.874509671935812,-8.507940791547298,0,1,0.0,0.0,3,4,3,4,WP3->WP4,1,0.03479464772968769,0.0347946476679509,18.889749162010844,0.9925792399241842,utm,1,-0.5020175794226923,-0.6484950647849219,0,0.0
101.05,87.054,49.89992353877218,8.90019334805423,0.2877866481180493,13.890248110789988,-8.504563392248516,492832.3128106824,5527508.616136262,13.875962951919064,-8.516602377407253,0,1,0.0,0.0,3,4,3,4,WP3->WP4,1,0.03456659070856963,0.034566590675890976,18.898528859351497,0.9930405771943834,utm,1,-0.7219288258970794,-0.17682343174229054,0,0.0
101.1,87.104,49.89992346153963,8.900193369063206,0.2877864587784302,13.891757487145606,-8.513153747662315,492832.31430801534,5527508.607547335,13.877462189469952,-8.525190972723067,0,1,0.0,0.0,3,4,3,4,WP3->WP4,1,0.03439758809241122,0.03439758810267212,18.90724568840673,0.9934986109927142,utm,1,-1.1977541158312839,-0.28809399224432686,0,0.0
101.15,87.15400000000001,49.899923384907545,8.900193390410731,0.28778657257141255,13.893291186317953,-8.521677314557689,492832.3158297503,5527508.599025137,13.878985814284533,-8.533712833188474,0,1,0.0,0.0,3,4,3,4,WP3->WP4,1,0.034265271380298896,0.03426527147520893,18.915901671167667,0.9939534475665596,utm,1,-0.7555231847839187,0.25742279493611214,0,0.0
101.2,87.20400000000001,49.8999233089445,8.900193412542997,0.2877867067000653,13.894881264714098,-8.530126466490579,492832.31740794115,5527508.5905772485,13.880565878469497,-8.54216037131846,0,1,0.0,0.0,3,4,3,4,WP3->WP4,1,0.034202552383245,0.03420255236096146,18.924495481117834,0.9944050172128915,utm,1,-0.7753589943288911,-0.3772884268502681,0,0.0
101.25,87.254,49.89992323378897,8.900193435888559,0.287787006884701,13.896558511590076,-8.538485801284455,492832.3190733854,5527508.582219027,13.882233176147565,-8.55051822308451,0,1,0.0,0.0,3,4,3,4,WP3->WP4,1,0.0342425926225313,0.03424259263196849,18.933017920200673,0.9948528366113703,utm,1,-1.0103030235859352,-0.5635736936230742,0,0.0
101.3,87.304,49.89992315921141,8.900193461318352,0.2877868288998323,13.89838549873386,-8.546780849378834,492832.3208885957,5527508.573924864,13.884050225722603,-8.558811984024942,0,1,0.0,0.0,3,4,3,4,WP3->WP4,1,0.03444187026039574,0.034441870188288475,18.9415060543522,0.9952988534256878,utm,1,-1.3266456459225897,-0.4712619070272963,0,0.0
101.35,87.354,49.89992308535096,8.900193489223685,0.2877868806001861,13.900390339439861,-8.554996135721805,492832.3228816951,5527508.565710196,13.886045146733522,-8.56702620908618,0,1,0.0,0.0,3,4,3,4,WP3->WP4,1,0.034830936864379304,0.03483093691679504,18.949950095650575,0.9957425533404906,utm,1,-1.3146789686168916,-0.4565641344537609,0,0.0
101.4,87.40400000000001,49.89992301242757,8.900193518547844,0.2877854417189272,13.90249711478304,-8.56310719541099,492832.32497682725,5527508.557599578,13.888142077426892,-8.575136362574995,0,1,0.0,0.0,3,4,3,4,WP3->WP4,1,0.03534001509782589,0.035340015094305614,18.958311467904128,0.9961819093343143,utm,1,-0.8808764160526259,-0.5939863169968067,0,0.0
101.45,87.45400000000001,49.89992295796182,8.900193538323972,0.28781713395745223,13.903917917932123,-8.569165265036686,492832.3263889951,5527508.551542041,13.889555588539224,-8.5811935858801,0,1,0.0,0.0,3,4,3,4,WP3->WP4,1,0.03557041849094377,0.03557041857183574,18.964527164867498,0.9965085188469439,utm,1,-0.5601982554352655,-0.7554892055844147,0,0.0
101.5,87.504,49.89992295516432,8.900193538508347,0.2878703970869501,13.90393116424843,-8.569476423105371,492832.3264018217,5527508.551230989,13.889568484097254,-8.581504634581506,0,1,0.0,0.0,3,4,3,4,WP3->WP4,1,0.035523658706046284,0.03552365874861237,18.964834949001123,0.9965246916472703,utm,1,-0.7201409904306615,-1.168301468278567,0,0.0
101.55,87.554,49.89992295506892,8.90019353850648,0.28787211658610773,13.903931030118532,-8.569487034609965,492832.3264016735,5527508.551220383,13.889568338228855,-8.581515241414309,0,1,0.0,0.0,3,4,3,4,WP3->WP4,1,0.03552148940328697,0.035521489418481884,18.96484533268405,0.9965252372674381,utm,1,-0.7201409904306615,-1.168301468278567,0,0.0
101.6,87.604,49.899922954977406,8.900193538531191,0.2878725965344737,13.903932805457243,-8.56949721310744,492832.3264034345,5527508.551210205,13.889570101513527,-8.581525418907404,0,1,0.0,0.0,3,4,3,4,WP3->WP4,1,0.03552127611523254,0.035521276143792246,18.964855659205824,0.9965257798840206,utm,1,-0.6970738379884786,-1.1321067287616484,0,0.0
101.65,87.65400000000001,49.899922954902905,8.900193538546619,0.2878731727987816,13.90393391384749,-8.569505499675104,492832.3264045315,5527508.551201921,13.88957120035775,-8.581533703021705,0,1,0.0,0.0,3,4,3,4,WP3->WP4,1,0.03552077230817107,0.035520772305591974,18.964864000432677,0.9965262181814557,utm,1,-0.5851714821640309,-0.8914673341353749,0,0.0
101.7,87.70400000000001,49.89992295483333,8.900193538563247,0.287873614925854,13.903935108509677,-8.569513237908586,492832.3264057153,5527508.5511941835,13.88957238587318,-8.581541439518332,0,1,0.0,0.0,4,5,4,5,WP4->WP5,1,0.07504084365421035,-0.07338265669083847,-0.015688018145393032,-0.0008443168988325339,utm,1,-0.12128076408826166,-0.7380968952740196,0,0.0
101.75,87.754,49.89992295476326,8.900193538581181,0.2878739442297961,13.903936396973453,-8.56952103132925,492832.32640699286,5527508.551186391,13.889573665161151,-8.581549231894314,0,1,0.0,0.0,4,5,4,5,WP4->WP5,1,0.07503378082973798,-0.07337501164522549,-0.015689994635696324,-0.0008444232719988563,utm,0,0.0,0.0,0,0.0
101.8,87.804,49.89992296726689,8.90019354290238,0.28790860723229894,13.904246850763927,-8.568130288867085,492832.3267191753,5527508.552576164,13.889885539421812,-8.580159390345216,0,1,0.0,0.0,4,5,4,5,WP4->WP5,1,0.07645369230648291,-0.0747873091073943,-0.015875309879477068,-0.0008543967938602714,utm,0,0.0,0.0,0,0.0
101.85,87.854,49.899923008010965,8.900193557663274,0.28790747220773905,13.905307337620798,-8.56359844199066,492832.3277852754,5527508.557104784,13.890950635250192,-8.575630533508956,0,1,0.0,0.0,4,5,4,5,WP4->WP5,1,0.08109583590241741,-0.07939374111759778,-0.016527809052130214,-0.0008895137903374255,utm,0,0.0,0.0,0,0.0
101.9,87.90400000000001,49.89992307677072,8.900193582543155,0.2879052434956961,13.907094816682438,-8.555950491201036,492832.3295822283,5527508.5647472935,13.892745893332176,-8.567987626418471,0,1,0.0,0.0,4,5,4,5,WP4->WP5,1,0.08893173302780998,-0.08716736697835921,-0.017626777169684787,-0.0009486593971521388,utm,0,0.0,0.0,0,0.0
101.95,87.95400000000001,49.89992317363542,8.90019361882384,0.2879017984412248,13.909701379161769,-8.545176507758116,492832.33220210177,5527508.575513492,13.89536337921163,-8.557220846414566,0,1,0.0,0.0,4,5,4,5,WP4->WP5,1,0.09999914080316594,-0.09812626680417914,-0.019263019608733684,-0.0010367206888380897,utm,0,0.0,0.0,0,0.0
102.0,88.004,49.899923298662166,8.90019366830147,0.2878968039039286,13.913256067718077,-8.53127014159831,492832.3357738954,5527508.589409558,13.898932091193274,-8.543323989026248,0,1,0.0,0.0,4,5,4,5,WP4->WP5,1,0.11434017937259049,-0.11228825012607757,-0.02156444997164552,-0.0011605818756931915,utm,0,0.0,0.0,0,0.0
102.05,88.054,49.89992344230813,8.900193727357333,0.2878930225637527,13.91749889815675,-8.515292812041817,492832.3400363148,5527508.605374842,13.903190970071591,-8.527357760816813,0,1,0.0,0.0,4,5,4,5,WP4->WP5,1,0.1308619639356946,-0.12857339530325235,-0.02436669089762994,-0.0013113962963855574,utm,0,0.0,0.0,0,0.0
102.1,88.104,49.89992358728728,8.900193787067924,0.2878873928421813,13.921788767094927,-8.499167195941842,492832.3443459515,5527508.621488289,13.907497033418622,-8.511243358254433,0,1,0.0,0.0,4,5,4,5,WP4->WP5,1,0.1475397756887733,-0.14501036434678716,-0.027202566833032068,-0.0014640209270471221,utm,0,0.0,0.0,0,0.0
102.15,88.15400000000001,49.89992373225149,8.900193848628659,0.28788051806415904,13.926211558504924,-8.483043242532611,492832.3487884554,5527508.637599898,13.911935964366421,-8.495130764320493,0,1,0.0,0.0,4,5,4,5,WP4->WP5,1,0.16425228303896064,-0.16145750932474576,-0.03017093247084812,-0.0016237760501413602,utm,0,0.0,0.0,0,0.0
102.2,88.20400000000001,49.89992387603969,8.90019391308615,0.2878721657245178,13.930842465529942,-8.46705009265056,492832.3534388177,5527508.6535804765,13.916582782694604,-8.479149155318737,0,1,0.0,0.0,4,5,4,5,WP4->WP5,1,0.1808952653518102,-0.17779294436549703,-0.03335814683925205,-0.0017953094411985058,utm,0,0.0,0.0,0,0.0
102.25,88.254,49.89992401772281,8.900193980336647,0.28786336208121643,13.935674034197714,-8.451291085001865,492832.3582894498,5527508.669326742,13.921429922862444,-8.463401813991368,0,1,0.0,0.0,4,5,4,5,WP4->WP5,1,0.19736777052031382,-0.19391312261955065,-0.03676598585777851,-0.001978716678822572,utm,0,0.0,0.0,0,0.0
102.3,88.304,49.89992415615815,8.900194049603675,0.2878542880117959,13.940650479233575,-8.435893318497218,492832.3632844194,5527508.684711717,13.926421480602585,-8.44801573175937,0,1,0.0,0.0,4,5,4,5,WP4->WP5,1,0.21353356150334246,-0.20968653171235674,-0.0403502206529846,-0.002171617399546481,utm,0,0.0,0.0,0,0.0
102.35,88.354,49.89992428808116,8.900194116831974,0.2878449149213091,13.945480453146654,-8.421219900031943,492832.3681320113,5527508.69937283,13.931265821156558,-8.433353544212878,0,1,0.0,0.0,4,5,4,5,WP4->WP5,1,0.22896450406981086,-0.2247257222759961,-0.043853094206296454,-0.0023601393216991064,utm,0,0.0,0.0,0,0.0
102.4,88.40400000000001,49.899924410476096,8.900194178688832,0.2878333497203931,13.949924519268302,-8.407606262252079,492832.3725924379,5527508.712975099,13.93572323123226,-8.419750286266208,0,1,0.0,0.0,4,5,4,5,WP4->WP5,1,0.24327179936395982,-0.2386754141023975,-0.04706607131286592,-0.0025330592432275816,utm,0,0.0,0.0,0,0.0
102.45,88.45400000000001,49.8999245206189,8.900194231995883,0.2878205969215846,13.953754330064799,-8.395355392693236,492832.3764370388,5527508.725215964,13.939565117587335,-8.407508568838239,0,1,0.0,0.0,4,5,4,5,WP4->WP5,1,0.25609999097193936,-0.2512136220125531,-0.049788768725100484,-0.00267959269405944,utm,0,0.0,0.0,0,0.0
102.5,88.504,49.89992461558653,8.900194273274948,0.2878064517935269,13.956719997966259,-8.38479241602636,492832.37941559334,5527508.735770762,13.942541331402026,-8.396953110583127,0,1,0.0,0.0,4,5,4,5,WP4->WP5,1,0.2670663638104633,-0.26199439889565157,-0.05180132842166248,-0.002787907086990938,utm,0,0.0,0.0,0,0.0
102.55,88.554,49.89992469237243,8.900194298877734,0.28779080053624684,13.958559413629608,-8.37625174039698,492832.38126565097,5527508.744305569,13.944389496347867,-8.388417894020677,0,1,0.0,0.0,4,5,4,5,WP4->WP5,1,0.2757773340117722,-0.2706614702220428,-0.05287254951184778,-0.002845559370437261,utm,0,0.0,0.0,0,0.0
102.6,88.604,49.899924747897195,8.90019430503912,0.28777354826038626,13.95900207444737,-8.370075879391123,492832.38171636104,5527508.750478369,13.94483883754583,-8.382244993001223,0,1,0.0,0.0,4,5,4,5,WP4->WP5,1,0.28183289010009804,-0.2768497441359244,-0.052763596485144525,-0.0028396956035310807,utm,0,0.0,0.0,0,0.0
102.65,88.65400000000001,49.89992477898555,8.90019428789947,0.28775465995984045,13.957770687342515,-8.366618011164022,492832.38049007044,5527508.753936494,13.94361178012332,-8.378787141293287,0,1,0.0,0.0,4,5,4,5,WP4->WP5,1,0.2848279375008028,-0.28018290332566786,-0.05122982202741564,-0.0027571490586675734,utm,0,0.0,0.0,0,0.0
102.7,88.70400000000001,49.899924782287556,8.9001942434729,0.28773426511986805,13.954578888943063,-8.366250738343972,492832.37730003387,5527508.75430787,13.940421661245637,-8.378416473045945,0,1,0.0,0.0,4,5,4,5,WP4->WP5,1,0.28434843514311103,-0.28026448505487234,-0.048019277225540405,-0.0025843600418803737,utm,0,0.0,0.0,0,0.0
102.75,88.754,49.8999247438172,8.900194159806823,0.28777928644020007,13.948567953491661,-8.370529685712848,492832.3712857957,5527508.750038642,13.934408369939774,-8.38268703315407,0,1,0.0,0.0,4,5,4,5,WP4->WP5,1,0.27871557072936926,-0.2754692349901161,-0.04241544460403853,-0.002282766141572929,utm,0,0.0,0.0,0,0.0
102.8,88.804,49.89992465151657,8.900194030778795,0.2877385098999514,13.939298017882804,-8.380796020662538,492832.3620058822,5527508.739788763,13.92513072967995,-8.392938970588148,0,1,0.0,0.0,4,5,4,5,WP4->WP5,1,0.26661236584327935,-0.264422692770205,-0.03409975320591637,-0.0018352221173474916,utm,0,0.0,0.0,0,0.0
102.85,88.854,49.89992453680522,8.900193894280687,0.28771403374197113,13.92949139907904,-8.39355503469172,492832.3521861793,5527508.727047917,13.915313852427062,-8.405681993812323,0,1,0.0,0.0,4,5,4,5,WP4->WP5,1,0.2521365036647588,-0.25084659645143614,-0.025471582774128726,-0.0013708607152857015,utm,0,0.0,0.0,0,0.0
102.9,88.90400000000001,49.899924409498894,8.900193759882463,0.2877055023588361,13.919835645141223,-8.4077149534074,492832.3425154153,5527508.712906527,13.905646224564407,-8.41982552781701,0,1,0.0,0.0,4,5,4,5,WP4->WP5,1,0.23650946124267125,-0.23588914533300187,-0.017118305154557725,-0.0009212938299417718,utm,0,0.0,0.0,0,0.0
102.95,88.95400000000001,49.89992427086397,8.900193627768234,0.28771260750086775,13.910343983370097,-8.423134919309847,492832.33300699963,5527508.697505375,13.896141224482562,-8.435228788293898,0,1,0.0,0.0,4,5,4,5,WP4->WP5,1,0.21987769320350303,-0.2196917576330943,-0.009040552891033438,-0.0004865555043312082,utm,0,0.0,0.0,0,0.0
103.0,89.004,49.89992412295466,8.900193496859197,0.2877359288086668,13.900938907870822,-8.439586448266935,492832.32358376164,5527508.681072959,13.886721630697139,-8.451663293875754,0,1,0.0,0.0,4,5,4,5,WP4->WP5,1,0.20247823584163313,-0.2024750219507071,-0.0011408223352927223,-6.139816816416036e-05,utm,0,0.0,0.0,0,0.0
103.05,89.054,49.899923968884764,8.900193365249933,0.2877876554263575,13.89148352498226,-8.456723201088863,492832.3141093236,5527508.663955659,13.877250988793094,-8.468782694078982,0,1,0.0,0.0,4,5,4,5,WP4->WP5,1,0.18457157784425204,-0.18457157820980474,0.0067480077410453886,0.0003631725127045763,utm,0,0.0,0.0,0,0.0
103.1,89.104,49.89992381351073,8.90019323093753,0.2878197395783889,13.881833936808164,-8.474005009881536,492832.30444056453,5527508.646693621,13.8675860579242,-8.486046876758337,0,1,0.0,0.0,4,5,4,5,WP4->WP5,1,0.1665064289768715,-0.16650642863113407,0.014817284237096384,0.0007974546791214195,utm,0,0.0,0.0,0,0.0
103.15,89.15400000000001,49.899923660701894,8.900193093006274,0.287873028303839,13.871924354484994,-8.491001499527234,492832.2945122948,5527508.629717132,13.857661553134676,-8.503025566227734,0,1,0.0,0.0,4,5,4,5,WP4->WP5,1,0.14870220812265755,-0.14870220855598604,0.023170813883512446,0.0012470351283535518,utm,0,0.0,0.0,0,0.0
103.2,89.20400000000001,49.89992351116835,8.900192953255658,0.28793158810230113,13.861884061365645,-8.50763368655533,492832.28445385164,5527508.613104976,13.847606794093736,-8.519639953039587,0,1,0.0,0.0,4,5,4,5,WP4->WP5,1,0.13124906641151274,-0.13124906686005144,0.03168690810921133,0.001705364676430932,utm,0,0.0,0.0,0,0.0
103.25,89.254,49.899923361752144,8.900192812540945,0.2879313108458891,13.851774503363746,-8.524252823937422,492832.27432618855,5527508.596505956,13.83748281217413,-8.536241217516363,0,1,0.0,0.0,4,5,4,5,WP4->WP5,1,0.11380275221748816,-0.11380275250884561,0.0402731261241791,0.0021674682321452987,utm,0,0.0,0.0,0,0.0
103.3,89.304,49.89992320973198,8.900192668950053,0.2879306486022169,13.841458308110973,-8.541161591434447,492832.26399158477,5527508.579617697,13.827151953766588,-8.553131768479943,0,1,0.0,0.0,4,5,4,5,WP4->WP5,1,0.09604968212075198,-0.0960496819250559,0.049039300401386085,0.002639256893514896,utm,0,0.0,0.0,0,0.0
103.35,89.354,49.899923052511326,8.900192519941783,0.28792969143482144,13.830752904782171,-8.558648794183723,492832.2532671575,5527508.562151752,13.816431399900466,-8.570600090548396,0,1,0.0,0.0,4,5,4,5,WP4->WP5,1,0.07768606184564694,-0.0776860622321868,0.058141499390124744,0.003129130142736327,utm,0,0.0,0.0,0,0.0
103.4,89.40400000000001,49.89992288758505,8.900192362401464,0.28792840705885014,13.819434521957495,-8.57699307156059,492832.24192885344,5527508.543829894,13.805097159172874,-8.588924462907016,0,1,0.0,0.0,4,5,4,5,WP4->WP5,1,0.058414556158819256,-0.05841455583324643,0.0677777168174117,0.0036477438477486566,utm,0,0.0,0.0,0,0.0
103.45,89.45400000000001,49.89992271255709,8.900192192610472,0.2879267486002747,13.807235997387131,-8.596460930250647,492832.22970926197,5527508.524386074,13.792881879780907,-8.608370992355049,0,1,0.0,0.0,4,5,4,5,WP4->WP5,1,0.03794603953706864,-0.037946039819494085,0.07819022741400448,0.004208137045570004,utm,0,0.0,0.0,0,0.0
103.5,89.504,49.89992252668222,8.900192008565876,0.2879109032789541,13.794013431771003,-8.617135259986487,492832.2164644306,5527508.503737632,13.779641627741512,-8.629022371023893,0,1,0.0,0.0,4,5,4,5,WP4->WP5,1,0.01618518103860211,-0.01618518148788079,0.08951492466718834,0.004817623417679625,utm,0,0.0,0.0,0,0.0
103.55,89.554,49.89992233301959,8.900191816475814,0.2879094218572866,13.780212844917234,-8.638675799951153,492832.20264065464,5527508.482224097,13.765822622866835,-8.650538970716298,0,1,0.0,0.0,4,5,4,5,WP4->WP5,1,0.0064895487476708934,0.006489548390439287,0.1013380216865224,0.005453933276416738,utm,0,0.0,0.0,0,0.0
103.6,89.604,49.899922131560686,8.900191615588096,0.28790982611286015,13.765780196005537,-8.661083496817083,492832.1881839134,5527508.459844592,13.751370844838675,-8.67292168084532,0,1,0.0,0.0,4,5,4,5,WP4->WP5,1,0.030083903791735242,0.030083903370877477,0.11371323894504745,0.006119957815734669,utm,0,0.0,0.0,0,0.0
103.65,89.65400000000001,49.89992192199025,8.900191402813148,0.28790882663256223,13.750493516776197,-8.68439341637833,492832.1728722805,5527508.436564363,13.736064374854323,-8.696205304935575,0,1,0.0,0.0,4,5,4,5,WP4->WP5,1,0.054652551959734216,0.05465255215828902,0.1268584540541404,0.00682742303871793,utm,0,0.0,0.0,0,0.0
103.7,89.70400000000001,49.89992170442885,8.90019117475977,0.28790673415434803,13.734109168632093,-8.708592147442095,492832.1564622323,5527508.412397141,13.719659686263185,-8.720376166515052,0,1,0.0,0.0,4,5,4,5,WP4->WP5,1,0.08020382541271545,0.08020382515326002,0.14101743527587784,0.007589448363075173,utm,0,0.0,0.0,0,0.0
103.75,89.754,49.89992147928983,8.900190927152934,0.2879031877103995,13.716320014785726,-8.733633715547978,492832.13864681567,5527508.387389291,13.701849815784954,-8.74538796581328,0,1,0.0,0.0,4,5,4,5,WP4->WP5,1,0.10671928583090988,0.1067192855971546,0.1565000696249808,0.008422711666205117,utm,0,0.0,0.0,0,0.0
103.8,89.804,49.89992124743385,8.90019065654324,0.2878980010301021,13.696878235386132,-8.759422392160715,492832.1191784369,5527508.361636833,13.682387148262933,-8.771144739352167,0,1,0.0,0.0,4,5,4,5,WP4->WP5,1,0.13412568114774615,0.13412568136585395,0.17356161487387295,0.009340950722300666,utm,0,0.0,0.0,0,0.0
103.85,89.854,49.89992100850248,8.900190372502834,0.287893755636442,13.676471535213015,-8.78599804435922,492832.0987444736,5527508.335098999,13.66195907042129,-8.797687105834484,0,1,0.0,0.0,4,5,4,5,WP4->WP5,1,0.1624014982564078,0.16240149786588876,0.19151382156929,0.010307124482669901,utm,0,0.0,0.0,0,0.0
103.9,89.90400000000001,49.89992076249014,8.900190086028456,0.2878864495204614,13.65588996781409,-8.813361292645522,492832.0781346635,5527508.307774117,13.64135532034561,-8.825016556307673,0,1,0.0,0.0,4,5,4,5,WP4->WP5,1,0.19147703211607836,0.1914770317019059,0.209570032336401,0.011278895661047247,utm,0,0.0,0.0,0,0.0
103.95,89.95400000000001,49.89992051024371,8.90018979717591,0.28787687811420387,13.635137542537423,-8.841417940282438,492832.0573531399,5527508.279756342,13.620580010407139,-8.853038938716054,0,1,0.0,0.0,4,5,4,5,WP4->WP5,1,0.22125814130618998,0.22125814160088342,0.22773463916542783,0.012256500630920385,utm,0,0.0,0.0,0,0.0
104.0,90.004,49.89992025268094,8.900189507633103,0.2878675400169318,13.614335525826476,-8.870065909378644,492832.0365212567,5527508.251147547,13.599754471913911,-8.881652353331447,0,1,0.0,0.0,4,5,4,5,WP4->WP5,1,0.251632404108883,0.2516324043035674,0.24589599066607198,0.013233930401559351,utm,0,0.0,0.0,0,0.0
104.05,90.054,49.899919991280115,8.900189218491816,0.28785718085277934,13.593562356104306,-8.899140774677504,492832.0157176403,5527508.222111989,13.578957294870634,-8.910692524164915,0,1,0.0,0.0,4,5,4,5,WP4->WP5,1,0.2824291296926333,0.28242912925977165,0.26399062569752424,0.014207769543869929,utm,0,0.0,0.0,0,0.0
104.1,90.104,49.89991972824453,8.900188931021944,0.28784609564707425,13.572909268117865,-8.9283974697137,492831.9950338152,5527508.192894516,13.558279949473217,-8.939914583228528,0,1,0.0,0.0,4,5,4,5,WP4->WP5,1,0.31339620010378333,0.3133961999333486,0.28194952030766585,0.015174303242592595,utm,0,0.0,0.0,0,0.0
104.15,90.15400000000001,49.899919466725635,8.900188647407541,0.28783484076143656,13.552533173809094,-8.957485467439335,492831.9746270979,5527508.163845301,13.53787967452081,-8.968968322500587,0,1,0.0,0.0,4,5,4,5,WP4->WP5,1,0.3441706588727455,0.3441706592432838,0.29964764598794397,0.016126802560928036,utm,0,0.0,0.0,0,0.0
104.2,90.20400000000001,49.89991921085413,8.900188370694835,0.287824811975906,13.532652927480079,-8.985945321827186,492831.9547168674,5527508.1354233185,13.517975747294258,-8.997394719161093,0,1,0.0,0.0,4,5,4,5,WP4->WP5,1,0.3742755857467981,0.37427558600229055,0.31690799749462384,0.01705574121473492,utm,0,0.0,0.0,0,0.0
104.25,90.254,49.899918966116495,8.900188105316996,0.2878195034257815,13.513587027396902,-9.013166788582222,492831.935622308,5527508.108238143,13.498887216905132,-9.024584129452705,0,1,0.0,0.0,4,5,4,5,WP4->WP5,1,0.40307505621981066,0.40307505656760395,0.33346778207481487,0.017946975903049427,utm,0,0.0,0.0,0,0.0
104.3,90.304,49.89991873968266,8.900187859377763,0.28782933232517416,13.495917681411143,-9.038352375422834,492831.9179264575,5527508.083086173,13.48119694442721,-9.049740022048354,0,1,0.0,0.0,4,5,4,5,WP4->WP5,1,0.42972324322815253,0.4297232427902076,0.34881831576883554,0.018773129651970602,utm,0,0.0,0.0,0,0.0
104.35,90.354,49.899918538971484,8.900187643935418,0.2878626850281319,13.480439364762722,-9.060676904497676,492831.9024245739,5527508.060791196,13.465700005297549,-9.072038436308503,0,1,0.0,0.0,4,5,4,5,WP4->WP5,1,0.45332786246919565,0.4533278624908687,0.36224203773833097,0.019495583896925874,utm,0,0.0,0.0,0,0.0
104.4,90.40400000000001,49.899918365809,8.900187467954883,0.287922152906418,13.467796156450724,-9.079937271410678,492831.8897607499,5527508.04155538,13.453040447260719,-9.091277060098946,0,1,0.0,0.0,4,5,4,5,WP4->WP5,1,0.4736293699515304,0.47362937017695367,0.3731157600062088,0.020080799147118387,utm,0,0.0,0.0,0,0.0
104.45,90.45400000000001,49.89991821608751,8.900187333035417,0.28792127262521233,13.45810295423716,-9.096590364475432,492831.88004922913,5527508.024921864,13.443332615366671,-9.107912728562951,0,1,0.0,0.0,4,5,4,5,WP4->WP5,1,0.49107243356601915,0.49107243393521505,0.38128442099564525,0.020520430109442375,utm,0,0.0,0.0,0,0.0
104.5,90.504,49.89991808653575,8.900187237018715,0.28791987290406135,13.45120469604959,-9.111000035614218,492831.87313452654,5527508.010527149,13.43642110505607,-9.122308977879584,0,1,0.0,0.0,4,5,4,5,WP4->WP5,1,0.506033115895844,0.5060331162025196,0.38687002126011727,0.020821042758516987,utm,0,0.0,0.0,0,0.0
104.55,90.554,49.89991797411987,8.900187176995788,0.2879181443205738,13.446892387473317,-9.123503731805227,492831.86880728166,5527507.998034201,13.4320966306841,-9.134802885353565,0,1,0.0,0.0,4,5,4,5,WP4->WP5,1,0.5188659907378272,0.5188659908699667,0.3900506078505746,0.020992219447735178,utm,0,0.0,0.0,0,0.0
104.6,90.604,49.8999178759078,8.90018714955215,0.2879160803742156,13.444920716924722,-9.134427578871493,492831.8668218463,5527507.987117354,13.430113616283052,-9.145720171742141,0,1,0.0,0.0,4,5,4,5,WP4->WP5,1,0.5299175896129974,0.5299175898415855,0.3910413943786302,0.02104554280579227,utm,0,0.0,0.0,0,0.0
104.65,90.65400000000001,49.89991778909023,8.900187150710963,0.28791363936259784,13.445003971134291,-9.144084048761153,492831.8668922049,5527507.977464638,13.430186115438119,-9.155372872017324,0,1,0.0,0.0,4,5,4,5,WP4->WP5,1,0.5395244538367108,0.5395244538386684,0.39009903418577063,0.020994825715319496,utm,0,0.0,0.0,0,0.0
104.7,90.70400000000001,49.899917710994934,8.900187175905556,0.2879106399341666,13.446814060463584,-9.152770364779386,492831.86869000254,5527507.968779388,13.431985839037225,-9.164057723246515,0,1,0.0,0.0,4,5,4,5,WP4->WP5,1,0.5480117056449308,0.5480117060254478,0.3875237300647579,0.02085622485644411,utm,0,0.0,0.0,0,0.0
104.75,90.754,49.899917639060206,8.900187219847755,0.2879057945053789,13.449971059493212,-9.160771459055363,492831.87183508585,5527507.96077729,13.435132696817163,-9.172059123404324,0,1,0.0,0.0,4,5,4,5,WP4->WP5,1,0.5556968504559059,0.5556968506984822,0.3836683872349206,0.020648733312779596,utm,0,0.0,0.0,0,0.0
104.8,90.804,49.89991756710251,8.90018726524875,0.2879002582814103,13.453232864764956,-9.168775106799808,492831.8750849302,5527507.952772502,13.438384316221345,-9.180063189938664,0,1,0.0,0.0,4,5,4,5,WP4->WP5,1,0.5633752079589043,0.5633752079863131,0.3797084688503995,0.020435613594338257,utm,0,0.0,0.0,0,0.0
104.85,90.854,49.899917491666926,8.90018729979114,0.2878959631200813,13.455714540569844,-9.17716559122039,492831.87755444075,5527507.9443820715,13.440855687309522,-9.188453072682023,0,1,0.0,0.0,4,5,4,5,WP4->WP5,1,0.5715081459384662,0.5715081460990665,0.3764908421478063,0.020262443435178797,utm,0,0.0,0.0,0,0.0
104.9,90.90400000000001,49.899917411697075,8.900187317628836,0.28789055116912304,13.456996078345137,-9.186060408658102,492831.8788236198,5527507.935489105,13.44212683843216,-9.197345757856965,0,1,0.0,0.0,4,5,4,5,WP4->WP5,1,0.5802500349952603,0.5802500348231375,0.3744232229874758,0.020151165784857514,utm,0,0.0,0.0,0,0.0
104.95,90.95400000000001,49.89991732678366,8.900187313720307,0.28788362897934827,13.456715272621802,-9.195505085000606,492831.8785303457,5527507.926048585,13.441835657809861,-9.206786342896521,0,1,0.0,0.0,4,5,4,5,WP4->WP5,1,0.5896784316974931,0.5896784312507748,0.3738621833334833,0.020120971068329847,utm,0,0.0,0.0,0,0.0
105.0,91.004,49.899917236779494,8.900187282568446,0.28787488229717506,13.454477187173222,-9.205515990322706,492831.8762798176,5527507.916044667,13.439587348257191,-9.216790759004653,0,1,0.0,0.0,4,5,4,5,WP4->WP5,1,0.5998447926028838,0.5998447922081858,0.37519947682434157,0.02019294316082529,utm,0,0.0,0.0,0,0.0
105.05,91.054,49.89991714176851,8.900187218248622,0.2878640027888019,13.449856170792307,-9.216083789500273,492831.87164656655,5527507.905487253,13.43495643849019,-9.227349200285971,0,1,0.0,0.0,4,5,4,5,WP4->WP5,1,0.6107777052026425,0.6107777048529537,0.3788597264719676,0.020389934941609532,utm,0,0.0,0.0,0,0.0
105.1,91.104,49.89991704258461,8.900187117416396,0.2878507491965777,13.442611944382778,-9.227115730568247,492831.8643905326,5527507.894469377,13.42770284798462,-9.238368686288595,0,1,0.0,0.0,4,5,4,5,WP4->WP5,1,0.6224062094881356,0.6224062098490231,0.3850904171774384,0.02072526585500299,utm,0,0.0,0.0,0,0.0
105.15,91.15400000000001,49.899916940053835,8.900186977074855,0.2878351923871379,13.432529196662694,-9.23851993535862,492831.8542966128,5527507.883083168,13.417611453391146,-9.24975713249296,0,1,0.0,0.0,4,5,4,5,WP4->WP5,1,0.6346579913250219,0.6346579913292455,0.39411409745877846,0.021210913288642316,utm,0,0.0,0.0,0,0.0
105.2,91.20400000000001,49.89991683575173,8.900186803404141,0.2878269391319668,13.420051936002219,-9.250121159804463,492831.8418088718,5527507.871503207,13.405126280675177,-9.261339862830937,0,1,0.0,0.0,4,5,4,5,WP4->WP5,1,0.6473190559720494,0.6473190563950407,0.4055042956883288,0.021823924872204636,utm,0,0.0,0.0,0,0.0
105.25,91.254,49.89991673085415,8.900186621366807,0.2878125207297894,13.406973580826685,-9.261788617359269,492831.82872018765,5527507.8598578395,13.392040179285686,-9.272988132201135,0,1,0.0,0.0,4,5,4,5,WP4->WP5,1,0.6600995652873612,0.6600995652844412,0.4174870677267002,0.022468828315908643,utm,0,0.0,0.0,0,0.0
105.3,91.304,49.899916625121726,8.900186441283942,0.28779537193680366,13.394035643316883,-9.273548932300802,492831.8157717415,5527507.848119466,13.379094336531125,-9.284729377366602,0,1,0.0,0.0,4,5,4,5,WP4->WP5,1,0.672960027019009,0.6729600272472258,0.4293217708316458,0.02310576280511981,utm,0,0.0,0.0,0,0.0
105.35,91.354,49.89991651840802,8.900186266574302,0.2877769522588228,13.381483741602587,-9.28541839192309,492831.8032090317,5527507.836271477,13.366534254397266,-9.29658015165478,0,1,0.0,0.0,4,5,4,5,WP4->WP5,1,0.6858947975376447,0.6858947975923497,0.44076241023627594,0.023721489093377277,utm,0,0.0,0.0,0,0.0
105.4,91.40400000000001,49.899916411880845,8.900186105157879,0.28777104207234716,13.369886882524595,-9.297267104702515,492831.79160101165,5527507.824442953,13.35492885770509,-9.308411249890924,0,1,0.0,0.0,4,5,4,5,WP4->WP5,1,0.6987239102744931,0.6987239102450369,0.45125402496195804,0.024286139613719452,utm,0,0.0,0.0,0,0.0
105.45,91.45400000000001,49.89991630980403,8.900185968157627,0.2877951616378313,13.36004418762838,-9.308620816758825,492831.78174711595,5527507.813106897,13.345077476114966,-9.319749490357935,0,1,0.0,0.0,4,5,4,5,WP4->WP5,1,0.7109040541123799,0.7109040539519323,0.4600431953360453,0.02475916590708458,utm,0,0.0,0.0,0,0.0
105.5,91.504,49.89991621497261,8.90018586904153,0.2878802172183401,13.352923255435783,-9.319168643129135,492831.7746149717,5527507.802572778,13.337947668042034,-9.330285189673305,0,1,0.0,0.0,4,5,4,5,WP4->WP5,1,0.7220395844592052,0.7220395848494817,0.4661942190906469,0.025090209207328056,utm,0,0.0,0.0,0,0.0
105.55,91.554,49.89991612294223,8.900185809289534,0.2878998935614997,13.348630411647102,-9.329404919460261,492831.7703102037,5527507.792346317,13.333645167993382,-9.340512605383992,0,1,0.0,0.0,4,5,4,5,WP4->WP5,1,0.7326132147824868,0.7326132145457215,0.46955723697044444,0.02527120420622936,utm,0,0.0,0.0,0,0.0
105.6,91.604,49.89991603753615,8.900185773406731,0.2879016219023126,13.346052434788298,-9.338904392429512,492831.76772060076,5527507.78285408,13.331057670060545,-9.350005417130888,0,1,0.0,0.0,4,5,4,5,WP4->WP5,1,0.7423006299168677,0.7423006295752235,0.4712784571968704,0.02536383893614332,utm,0,0.0,0.0,0,0.0
105.65,91.65400000000001,49.89991596388924,8.900185744171484,0.2878989893227235,13.343952047269752,-9.347095927765832,492831.7656101388,5527507.774668621,13.328949023329187,-9.358191343955696,0,1,0.0,0.0,4,5,4,5,WP4->WP5,1,0.7506433152087287,0.7506433147960611,0.4726405867285038,0.025437147684979428,utm,0,0.0,0.0,0,0.0
105.7,91.70400000000001,49.89991589895404,8.900185720578342,0.28789581392059643,13.342257013187048,-9.354318483727168,492831.7639061597,5527507.767451215,13.327246644767001,-9.3654091283679,0,1,0.0,0.0,4,5,4,5,WP4->WP5,1,0.7579851753418627,0.7579851750585259,0.4736853768905027,0.025493377476488735,utm,0,0.0,0.0,0,0.0
105.75,91.754,49.89991584006944,8.90018569985577,0.28789286674420583,13.340768213327415,-9.360868049689909,492831.76240922895,5527507.760906254,13.325751165451948,-9.37195442058146,0,1,0.0,0.0,4,5,4,5,WP4->WP5,1,0.7646386304219173,0.7646386305951415,0.474584732820356,0.025541780111072845,utm,0,0.0,0.0,0,0.0
105.8,91.804,49.89991578461558,8.900185679998263,0.2878894353798621,13.339341563467645,-9.367036023881408,492831.76097493176,5527507.7547426475,13.324318235099781,-9.378118344582617,0,1,0.0,0.0,4,5,4,5,WP4->WP5,1,0.7709066321507412,0.77090663217557,0.47545617341140267,0.025588680363898303,utm,0,0.0,0.0,0,0.0
105.85,91.854,49.8999157303566,8.900185658730154,0.28788501623620333,13.337813569856923,-9.37307109460269,492831.75943950814,5527507.748712029,13.322784148855135,-9.384149303659797,0,1,0.0,0.0,4,5,4,5,WP4->WP5,1,0.7770513279798155,0.7770513281874494,0.47644034446294486,0.02564164768216998,utm,0,0.0,0.0,0,0.0
105.9,91.90400000000001,49.89991567527594,8.900185633949155,0.28787962791527066,13.336033194957794,-9.37919755812779,492831.75765168207,5527507.742590388,13.32099768036278,-9.390271340496838,0,1,0.0,0.0,4,5,4,5,WP4->WP5,1,0.7833094835286024,0.7833094835078592,0.47766765977662445,0.025707700834960344,utm,0,0.0,0.0,0,0.0
105.95,91.95400000000001,49.89991561768463,8.900185602894501,0.2878730053717014,13.33380209332492,-9.385603275162516,492831.7554129371,5527507.736190206,13.31876035471214,-9.396672018803656,0,1,0.0,0.0,4,5,4,5,WP4->WP5,1,0.7898857888273053,0.7898857883716455,0.47931887810174095,0.025796568117152214,utm,0,0.0,0.0,0,0.0
106.0,92.004,49.89991555716681,8.900185562293016,0.2878646990530744,13.33088510576989,-9.392334498933296,492831.7524881458,5527507.729465564,13.315837054746225,-9.403397310525179,0,1,0.0,0.0,4,5,4,5,WP4->WP5,1,0.7968472220519626,0.7968472225066566,0.4816240151729831,0.025920628796158158,utm,0,0.0,0.0,0,0.0
106.05,92.054,49.899915496259766,8.900185500726883,0.2878558855995663,13.32646192651902,-9.399109014925921,492831.74805770535,5527507.7226996515,13.311408114794176,-9.41016420442611,0,1,0.0,0.0,4,5,4,5,WP4->WP5,1,0.8039858191841099,0.8039858188596266,0.48542491159093276,0.02612519007640689,utm,0,0.0,0.0,0,0.0
106.1,92.104,49.899915437499374,8.900185409173744,0.2878444376472714,13.319884350196514,-9.40564476498986,492831.74147404445,5527507.71617528,13.304825900879223,-9.41669003572315,0,1,0.0,0.0,4,5,4,5,WP4->WP5,1,0.8110784434840854,0.8110784437191579,0.491392045938099,0.02644633659218881,utm,0,0.0,0.0,0,0.0
106.15,92.15400000000001,49.89991538281176,8.900185285428,0.28783068933053796,13.310993916815104,-9.411727511068802,492831.7325790516,5527507.71010681,13.2959322539391,-9.42276047822088,0,1,0.0,0.0,4,5,4,5,WP4->WP5,1,0.81792590077327,0.8179259006604411,0.4997022540770171,0.026893585511681212,utm,0,0.0,0.0,0,0.0
106.2,92.20400000000001,49.89991533354168,8.900185127646004,0.287814700241883,13.299658170868991,-9.417207681748456,492831.72124052315,5527507.704643932,13.284594937227666,-9.428225870244205,0,1,0.0,0.0,4,5,4,5,WP4->WP5,1,0.8243910580404941,0.8243910584680524,0.510500725789279,0.027474750835671177,utm,0,0.0,0.0,0,0.0
106.25,92.254,49.89991529045141,8.90018493323979,0.28779714619396407,13.28569118152169,-9.422000488998668,492831.70727271563,5527507.699871648,13.270628188329283,-9.433001251891255,0,1,0.0,0.0,4,5,4,5,WP4->WP5,1,0.830406048740654,0.830406049177147,0.5239801259593024,0.028200201637945975,utm,0,0.0,0.0,0,0.0
106.3,92.304,49.89991525304667,8.900184708636774,0.28777922139807727,13.269554722271627,-9.426160910573346,492831.69113714504,5527507.695734386,13.25449353561271,-9.437142091803253,0,1,0.0,0.0,4,5,4,5,WP4->WP5,1,0.8359845101432398,0.835984510570165,0.5396758050402808,0.02904493084235564,utm,0,0.0,0.0,0,0.0
106.35,92.354,49.89991521993838,8.900184458929065,0.2877626214979545,13.251614632601921,-9.429843451479364,492831.6731992992,5527507.692077216,13.236556501244195,-9.440803240053356,0,1,0.0,0.0,4,5,4,5,WP4->WP5,1,0.8412477113996262,0.8412477117156268,0.5572097699006486,0.029988595153420443,utm,0,0.0,0.0,0,0.0
106.4,92.40400000000001,49.89991518851334,8.900184197060355,0.2877494821267642,13.23280084363304,-9.43333876845475,492831.6543883518,5527507.688608359,13.217746323498432,-9.444276267662644,0,1,0.0,0.0,4,5,4,5,WP4->WP5,1,0.8464022698805267,0.8464022697107481,0.5756302814253297,0.03097997271439011,utm,0,0.0,0.0,0,0.0
106.45,92.45400000000001,49.899915156110175,8.900183935230167,0.28775482032867955,13.21398982225781,-9.43694287988454,492831.6355800258,5527507.685030748,13.198938791349065,-9.447858049534261,0,1,0.0,0.0,4,5,4,5,WP4->WP5,1,0.8516648988285827,0.8516648991813196,0.5940383544956214,0.03197068084744741,utm,0,0.0,0.0,0,0.0
106.5,92.504,49.89991512185879,8.900183696464783,0.2877898184135234,13.196835876842789,-9.440752563567985,492831.6184278415,5527507.681245439,13.181787446897943,-9.451647162437439,0,1,0.0,0.0,4,5,4,5,WP4->WP5,1,0.8569847167927221,0.8569847167806351,0.610778292760169,0.03287161126652151,utm,0,0.0,0.0,0,0.0
106.55,92.554,49.89991508651408,8.900183493395259,0.28787393741806366,13.18224647755761,-9.444683854329966,492831.6038390195,5527507.677335156,13.167199492396321,-9.455560680478811,0,1,0.0,0.0,4,5,4,5,WP4->WP5,1,0.8621973526850712,0.8621973522939586,0.6249540632650991,0.03363454017700336,utm,0,0.0,0.0,0,0.0
106.6,92.604,49.89991504891519,8.90018332729428,0.287903124319601,13.170313059642158,-9.448865871073552,492831.5919047864,5527507.673170708,13.15526618307922,-9.459727774374187,0,1,0.0,0.0,4,5,4,5,WP4->WP5,1,0.8674232256157594,0.8674232253616685,0.6364631378119107,0.03425394959122883,utm,0,0.0,0.0,0,0.0
106.65,92.65400000000001,49.8999150216474,8.900183181262495,0.28790278528719465,13.159821499951331,-9.451898788799936,492831.5814133676,5527507.67015298,13.144775433756877,-9.462747829966247,0,1,0.0,0.0,4,5,4,5,WP4->WP5,1,0.87137668749161,0.8713766872714575,0.6466389272908544,0.03480160264315735,utm,0,0.0,0.0,0,0.0
106.7,92.70400000000001,49.89991500432089,8.900183050978974,0.28790252868746424,13.1504613642207,-9.45382596765365,492831.5720543947,5527507.668239042,13.135416885488667,-9.464663842692971,0,1,0.0,0.0,4,5,4,5,WP4->WP5,1,0.8741285384279752,0.8741285388242853,0.6557866507408511,0.035293925983371416,utm,0,0.0,0.0,0,0.0
106.75,92.754,49.89991499230844,8.900182931087459,0.28790159031269513,13.14184783543735,-9.45516207763556,492831.5634425187,5527507.66691494,13.126805303327274,-9.465989855118096,0,1,0.0,0.0,4,5,4,5,WP4->WP5,1,0.8762254551471025,0.8762254551312165,0.6642436358411441,0.03574907432442871,utm,0,0.0,0.0,0,0.0
106.8,92.804,49.899914980415915,8.90018281197445,0.2879009587620496,13.133290237927337,-9.456484849300054,492831.55488656927,5527507.665604097,13.118249644816387,-9.46730259526521,0,1,0.0,0.0,4,5,4,5,WP4->WP5,1,0.8783041121583058,0.8783041125190302,0.6726461214045804,0.03620128954292583,utm,0,0.0,0.0,0,0.0
106.85,92.854,49.899914968595624,8.900182693578605,0.2879001113226029,13.124784164674894,-9.457799586276842,492831.5463821344,5527507.664301217,13.109745499037672,-9.46860736142844,0,1,0.0,0.0,4,5,4,5,WP4->WP5,1,0.8803701848577872,0.8803701844514237,0.6809980227797238,0.03665078235986823,utm,0,0.0,0.0,0,0.0
106.9,92.90400000000001,49.89991495681927,8.900182575686713,0.2878985740594966,13.116314297560917,-9.459109435650367,492831.5379138977,5527507.663003175,13.101277550449595,-9.469907280988991,0,1,0.0,0.0,4,5,4,5,WP4->WP5,1,0.8824281666668617,0.8824281668232128,0.689314311237954,0.03709835851740293,utm,0,0.0,0.0,0,0.0
106.95,92.95400000000001,49.89991494491943,8.900182457153194,0.28789681833620107,13.107798333153886,-9.460433021679561,492831.5293995639,5527507.661691462,13.09276350773871,-9.471220882609487,0,1,0.0,0.0,4,5,4,5,WP4->WP5,1,0.8845039293894477,0.8845039298175623,0.6976752728395096,0.03754833894866323,utm,0,0.0,0.0,0,0.0
107.0,93.004,49.899914932232036,8.900182336846164,0.2878950339478415,13.099154951981838,-9.461844203917448,492831.5207577473,5527507.660292358,13.084122001600917,-9.472621901892126,0,1,0.0,0.0,4,5,4,5,WP4->WP5,1,0.8866782464935489,0.886678246179025,0.7061552984031214,0.03800472730948317,utm,0,0.0,0.0,0,0.0
107.05,93.054,49.89991491930055,8.900182210890856,0.2878924364622909,13.090105773890231,-9.463282536126389,492831.5117102593,5527507.658866657,13.075074829976074,-9.474049610085785,0,1,0.0,0.0,4,5,4,5,WP4->WP5,1,0.8889157104593125,0.8889157107648427,0.7150369319764912,0.038482729900105914,utm,0,0.0,0.0,0,0.0
107.1,93.104,49.899914908454576,8.900182071910903,0.28788916238744455,13.08012084859656,-9.46448890245803,492831.501727706,5527507.657674073,13.065092541393824,-9.475244406610727,0,1,0.0,0.0,4,5,4,5,WP4->WP5,1,0.8910055106983178,0.8910055109425477,0.7248708712535843,0.03901198484083793,utm,0,0.0,0.0,0,0.0
107.15,93.15400000000001,49.89991490227384,8.900181912774904,0.28788436654350946,13.06868782516662,-9.4651763677715,492831.4902983228,5527507.657002114,13.05366330750985,-9.475918901152909,0,1,0.0,0.0,4,5,4,5,WP4->WP5,1,0.8927075627403581,0.8927075630701975,0.7361927680967402,0.039621320497064356,utm,0,0.0,0.0,0,0.0
107.2,93.20400000000001,49.899914903205506,8.900181727842781,0.28787814287068125,13.055401495780377,-9.465072741808966,492831.4770174261,5527507.657123395,13.040382384206168,-9.47580056451261,0,1,0.0,0.0,4,5,4,5,WP4->WP5,1,0.8937869357148166,0.8937869359614008,0.749430286013239,0.04033375338513955,utm,0,0.0,0.0,0,0.0
107.25,93.254,49.89991491411977,8.900181509718328,0.28787053386449146,13.03973048475398,-9.463858779456965,492831.46135427704,5527507.658357747,13.02471896179486,-9.474569686688483,0,1,0.0,0.0,4,5,4,5,WP4->WP5,1,0.8939730705183893,0.893973070395471,0.7651408944265672,0.04117928607457036,utm,0,0.0,0.0,0,0.0
107.3,93.304,49.89991493735048,8.900181254145503,0.28786107742097383,13.021369019570718,-9.461274894361043,492831.4430035708,5527507.660965057,13.006367677822709,-9.471966445446014,0,1,0.0,0.0,4,5,4,5,WP4->WP5,1,0.8930347310629374,0.8930347309032831,0.7836521344096214,0.04217554657039513,utm,0,0.0,0.0,0,0.0
107.35,93.354,49.899914973580024,8.900180955305128,0.28784960571080126,12.999899025129258,-9.457245185749965,492831.42154750007,5527507.665021753,12.984910708037205,-9.467914507724345,0,1,0.0,0.0,4,5,4,5,WP4->WP5,1,0.8909335594158598,0.8909335591552054,0.8053870102732044,0.04334530063464826,utm,0,0.0,0.0,0,0.0
107.4,93.40400000000001,49.89991501986554,8.900180617077984,0.28784902998655265,12.975599313581949,-9.452096980121736,492831.3972643299,5527507.670200268,12.960626390064135,-9.46274137776345,0,1,0.0,0.0,4,5,4,5,WP4->WP5,1,0.8879706351298534,0.8879706355120208,0.8300387942558997,0.04467204041847947,utm,0,0.0,0.0,0,0.0
107.45,93.45400000000001,49.8999150661993,8.900180274723011,0.28784170441264256,12.9510030408343,-9.44694340930886,492831.3726847238,5527507.675384539,12.93604563496774,-9.457562557421625,0,1,0.0,0.0,4,5,4,5,WP4->WP5,1,0.8850287666468303,0.8850287670147261,0.8549863214744594,0.04601469687256447,utm,0,0.0,0.0,0,0.0
107.5,93.504,49.89991511075442,8.900179935052927,0.2878328483774036,12.92659966219183,-9.441987670393571,492831.3482976716,5527507.680370804,12.911657477612607,-9.452581700868905,0,1,0.0,0.0,4,5,4,5,WP4->WP5,1,0.8822666945314663,0.8822666944424521,0.8797241893573544,0.04734606962475296,utm,0,0.0,0.0,0,0.0
107.55,93.554,49.89991515233116,8.900179598444872,0.28782404500313985,12.902416273042144,-9.437363208812513,492831.3241300798,5527507.685025629,12.8874888541759,-9.447932234965265,0,1,0.0,0.0,4,5,4,5,WP4->WP5,1,0.8798148739105996,0.8798148737568273,0.9042135433771071,0.048664067554685345,utm,0,0.0,0.0,0,0.0
107.6,93.604,49.899915190152754,8.900179266597926,0.28781562661279014,12.878574942693765,-9.433156421514461,492831.3003038542,5527507.689262492,12.863661689625587,-9.443700656294823,0,1,0.0,0.0,4,5,4,5,WP4->WP5,1,0.877748456134506,0.8777484564015192,0.9283251578774393,0.04996173583834578,utm,0,0.0,0.0,0,0.0
107.65,93.65400000000001,49.8999152246118,8.900178943445772,0.28780858353500277,12.855358284114043,-9.429323639872687,492831.2771015533,5527507.693124666,12.84045853279531,-9.439843627624214,0,1,0.0,0.0,4,5,4,5,WP4->WP5,1,0.875998812502561,0.8759988124202833,0.9517815409072157,0.05122414007538733,utm,0,0.0,0.0,0,0.0
107.7,93.70400000000001,49.89991525504417,8.900178633088423,0.2878110319096927,12.833060860082723,-9.425938734760662,492831.25481752394,5527507.696537919,12.818173747044057,-9.43643531575799,0,1,0.0,0.0,4,5,4,5,WP4->WP5,1,0.8746132709001561,0.874613270765976,0.9742828416980291,0.05243514253135891,utm,0,0.0,0.0,0,0.0
107.75,93.754,49.89991527851515,8.900178338905167,0.28782773034457876,12.811925453369067,-9.423328124918003,492831.2336940175,5527507.699175639,12.797049656219315,-9.433802280575037,0,1,0.0,0.0,4,5,4,5,WP4->WP5,1,0.8738952169452889,0.873895216482705,0.9955582849817254,0.053580170292552125,utm,0,0.0,0.0,0,0.0
107.8,93.804,49.89991529412705,8.900178066264914,0.2878707454016241,12.792337789776655,-9.421591658107847,492831.2141164729,5527507.700937504,12.777471721405163,-9.432044757530093,0,1,0.0,0.0,4,5,4,5,WP4->WP5,1,0.8739097295197726,0.8739097291887298,1.0152149431254034,0.054638076300275305,utm,0,0.0,0.0,0,0.0
107.85,93.854,49.8999153008005,8.900177809780105,0.2878865407984777,12.7739108037344,-9.42084938909235,492831.195697819,5527507.7017040225,12.759052897978108,-9.431282322853804,0,1,0.0,0.0,4,5,4,5,WP4->WP5,1,0.8748107902074315,0.8748107900240799,1.0336275054804882,0.055629026043138206,utm,0,0.0,0.0,0,0.0
107.9,93.90400000000001,49.89991530126779,8.900177566328097,0.2878837026258474,12.756420150803208,-9.420797414087176,492831.1782142054,5527507.701779277,12.741569268109743,-9.431210945360363,0,1,0.0,0.0,4,5,4,5,WP4->WP5,1,0.8763157895790111,0.8763157894678051,1.0510463855650518,0.056566496581343405,utm,0,0.0,0.0,0,0.0
107.95,93.95400000000001,49.899915300700215,8.900177329721389,0.2878831091157509,12.739421294133459,-9.420860543978431,492831.16122203885,5527507.701738818,12.724577110959217,-9.431255172938108,0,1,0.0,0.0,4,5,4,5,WP4->WP5,1,0.877891618983032,0.877891618790146,1.0679653726506253,0.05747706326829449,utm,0,0.0,0.0,0,0.0
108.0,94.004,49.89991530013887,8.900177093979584,0.2878852094735741,12.72248457585004,-9.420922980492271,492831.14429198677,5527507.701698968,12.707647068134975,-9.431298777461052,0,1,0.0,0.0,4,5,4,5,WP4->WP5,1,0.8794612277802537,0.8794612274752622,1.0848225545016694,0.05838430364573563,utm,0,0.0,0.0,0,0.0
108.05,94.054,49.89991529973775,8.90017685621594,0.2878840934940651,12.705402599738724,-9.420967595791431,492831.12721675844,5527507.701677126,12.69057184504345,-9.43132440559566,0,1,0.0,0.0,4,5,4,5,WP4->WP5,1,0.8810260214987927,0.8810260218933531,1.1018259458705837,0.05929941290537487,utm,0,0.0,0.0,0,0.0
108.1,94.104,49.89991530157257,8.900176610928941,0.2878861718154246,12.687780113199908,-9.420763514299225,492831.10960156645,5527507.701904601,12.672956603055354,-9.431100836955011,0,1,0.0,0.0,4,5,4,5,WP4->WP5,1,0.8823913133887079,0.8823913135782274,1.1193896218098645,0.06024467624353004,utm,0,0.0,0.0,0,0.0
108.15,94.15400000000001,49.89991530807066,8.900176352292528,0.287911026027661,12.669198546472435,-9.420040750414993,492831.0910283674,5527507.702651829,12.654383238754235,-9.430357727222145,0,1,0.0,0.0,4,5,4,5,WP4->WP5,1,0.883325552212858,0.8833255517894736,1.1379543537402017,0.061243815634230106,utm,0,0.0,0.0,0,0.0
108.2,94.20400000000001,49.89991531952137,8.900176071774364,0.2879243380062585,12.649044899513413,-9.418767120813655,492831.07088444853,5527507.703951798,12.634239032107871,-9.429062225855887,0,1,0.0,0.0,4,5,4,5,WP4->WP5,1,0.883851252617637,0.8838512522904206,1.1581333285785322,0.06232983231901589,utm,0,0.0,0.0,0,0.0
108.25,94.254,49.89991533799967,8.90017575812165,0.287922808894475,12.626510722049478,-9.416711831991769,492831.04836198903,5527507.706036284,12.611716110899579,-9.42698273435235,0,1,0.0,0.0,4,5,4,5,WP4->WP5,1,0.8838105886092152,0.8838105884812304,1.1807520068642705,0.06354715194020166,utm,0,0.0,0.0,0,0.0
108.3,94.304,49.899915365940885,8.900175401046699,0.28791957932514634,12.600856901944383,-9.413604011108596,492831.02272253233,5527507.709177035,12.586075958330184,-9.423847668804228,0,1,0.0,0.0,4,5,4,5,WP4->WP5,1,0.8829996547573027,0.8829996548305967,1.20657038103611,0.06493667669799058,utm,0,0.0,0.0,0,0.0
108.35,94.354,49.89991539538935,8.900175010297508,0.2879089686225929,12.572783777712317,-9.410328542178851,492830.99466495897,5527507.712488591,12.558017651317641,-9.420542335137725,0,1,0.0,0.0,4,5,4,5,WP4->WP5,1,0.8822371344797353,0.8822371340253911,1.234812413312218,0.06645664084432823,utm,0,0.0,0.0,0,0.0
108.4,94.40400000000001,49.89991541558305,8.900174598739426,0.2879083932813906,12.543215652122958,-9.408082454994995,492830.9651116087,5527507.714773169,12.528463795140851,-9.41826431080699,0,1,0.0,0.0,4,5,4,5,WP4->WP5,1,0.8826325583800421,0.8826325583876565,1.2644512974010313,0.06805178246558347,utm,0,0.0,0.0,0,0.0
108.45,94.45400000000001,49.899915425838316,8.900174162613268,0.2878756092652186,12.511882448951312,-9.406941791126334,492830.9337924116,5527507.715955118,12.497144336695783,-9.417089307680726,0,1,0.0,0.0,4,5,4,5,WP4->WP5,1,0.8842856750248242,0.8842856751954865,1.2957491617790116,0.06973620911188089,utm,0,0.0,0.0,0,0.0
108.5,94.504,49.89991543294384,8.900173718753871,0.2878451848885852,12.479993656139982,-9.406151463980544,492830.90191737964,5527507.71678761,12.465269120933954,-9.416263883002102,0,1,0.0,0.0,4,5,4,5,WP4->WP5,1,0.886337048127247,0.8863370479184498,1.327569007394538,0.07144872838120114,utm,0,0.0,0.0,0,0.0
108.55,94.554,49.89991544021165,8.900173274284136,0.28779213429057837,12.448061013955664,-9.40534308638101,492830.86999853986,5527507.717638205,12.433350093313493,-9.415420367382467,0,1,0.0,0.0,4,5,4,5,WP4->WP5,1,0.8883743509925844,0.8883743513835324,1.3594341174515787,0.07316368374745426,utm,0,0.0,0.0,0,0.0
108.6,94.604,49.89991544743631,8.900172829685616,0.2877573914293192,12.416119119360937,-9.404539508651268,492830.83807044494,5527507.718484014,12.40142181160627,-9.414581637829542,0,1,0.0,0.0,4,5,4,5,WP4->WP5,1,0.8904172563295745,0.8904172567667484,1.3913080123562866,0.07487911190735602,utm,0,0.0,0.0,0,0.0
108.65,94.65400000000001,49.89991545527841,8.900172387119408,0.28773186009971474,12.38432323492117,-9.403667254010935,492830.8062883935,5527507.719398278,12.36963955819374,-9.41367442253977,0,1,0.0,0.0,4,5,4,5,WP4->WP5,1,0.8923787906264806,0.8923787906085405,1.4230426473160456,0.07658704520565314,utm,0,0.0,0.0,0,0.0
108.7,94.70400000000001,49.89991546433293,8.900171950042095,0.28772953353990444,12.352921696587513,-9.402660145953282,492830.7749007106,5527507.720446817,12.338251643581316,-9.412632843479514,0,1,0.0,0.0,4,5,4,5,WP4->WP5,1,0.8941709601502458,0.8941709605395823,1.454396661376207,0.07827449378404487,utm,0,0.0,0.0,0,0.0
108.75,94.754,49.89991547368066,8.900171516144859,0.2877279548183919,12.321748628814435,-9.40162042439354,492830.7437414508,5527507.721527651,12.307092144794296,-9.411558919586241,0,1,0.0,0.0,4,5,4,5,WP4->WP5,1,0.8959103255515494,0.8959103251714042,1.4855261054370603,0.07994985618025416,utm,0,0.0,0.0,0,0.0
108.8,94.804,49.89991548238484,8.900171089128786,0.2877276315578261,12.29106993384749,-9.40065228273168,492830.7130762714,5527507.722536276,12.276426742551848,-9.410557094030082,0,1,0.0,0.0,4,5,4,5,WP4->WP5,1,0.8976769552208178,0.8976769548289903,1.5161569652003364,0.0815983851584985,utm,0,0.0,0.0,0,0.0
108.85,94.854,49.89991548730958,8.900170674296021,0.2877226864015066,12.26126654071931,-9.400104518817226,492830.68328548496,5527507.723123525,12.246635826595593,-9.409976451657712,0,1,0.0,0.0,4,5,4,5,WP4->WP5,1,0.8997842202968194,0.8997842199121734,1.5458789310240648,0.0831979981739173,utm,0,0.0,0.0,0,0.0
108.9,94.90400000000001,49.899915486318655,8.900170277229867,0.2877202893021859,12.232739578348298,-9.400214736110392,492830.6547697441,5527507.723051357,12.21812010242138,-9.410054943524301,0,1,0.0,0.0,4,5,4,5,WP4->WP5,1,0.9024329823094784,0.9024329819915956,1.5742714783845655,0.08472606292468467,utm,0,0.0,0.0,0,0.0
108.95,94.95400000000001,49.89991547791898,8.900169904394128,0.2877247089587105,12.205953434553448,-9.401149007700475,492830.62799303007,5527507.722153145,12.191343588230666,-9.410959092900157,0,1,0.0,0.0,4,5,4,5,WP4->WP5,1,0.9057472569420645,0.9057472572477607,1.6008574667666766,0.08615690008047758,utm,0,0.0,0.0,0,0.0
109.0,95.004,49.8999154671389,8.90016954809804,0.28772921648279964,12.180355571373555,-9.402348045457334,492830.60240377055,5527507.72098869,12.165754587564152,-9.41212922334671,0,1,0.0,0.0,4,5,4,5,WP4->WP5,1,0.9092193790643205,0.909219378945242,1.6262367994778377,0.08752279596933588,utm,0,0.0,0.0,0,0.0
109.05,95.054,49.89991545910982,8.900169201470419,0.2877307594188976,12.155452332978463,-9.403241097175016,492830.57750926656,5527507.720129171,12.140860274783336,-9.412994261831045,0,1,0.0,0.0,4,5,4,5,WP4->WP5,1,0.9123250285621359,0.9123250287077699,1.650951775519135,0.0888529367004668,utm,0,0.0,0.0,0,0.0
109.1,95.104,49.899915455551564,8.900168867023247,0.28773004004074043,12.131424191079597,-9.403636871344556,492830.5534901728,5527507.719765568,12.116841262264643,-9.41336319129914,0,1,0.0,0.0,4,5,4,5,WP4->WP5,1,0.9148576834442588,0.9148576837853792,1.6748397375799373,0.09013856818429632,utm,0,0.0,0.0,0,0.0
109.15,95.15400000000001,49.899915457592485,8.900168548501942,0.28773909695130606,12.108540232837544,-9.403409865945902,492830.5306156365,5527507.72002297,12.093966669461224,-9.413110862486064,0,1,0.0,0.0,4,5,4,5,WP4->WP5,1,0.9166684446464091,0.9166684442209188,1.697643943606287,0.09136587276375716,utm,0,0.0,0.0,0,0.0
109.2,95.20400000000001,49.89991546587817,8.90016824804228,0.28777561127568246,12.086953901832505,-9.402488272549636,492830.5090391357,5527507.720972952,12.072389958542772,-9.412165665067732,0,1,0.0,0.0,4,5,4,5,WP4->WP5,1,0.9176721575433088,0.9176721576157582,1.719218011664081,0.09252697227734408,utm,0,0.0,0.0,0,0.0
109.25,95.254,49.899915475492115,8.900167957188243,0.2878325781905147,12.066057680628948,-9.401418940944065,492830.4881526665,5527507.722069696,12.051503246591892,-9.4110735533759,0,1,0.0,0.0,4,5,4,5,WP4->WP5,1,0.9184673547185621,0.9184673546180608,1.740118133768232,0.09365180054543097,utm,0,0.0,0.0,0,0.0
109.3,95.304,49.8999154851722,8.900167667324759,0.28787761671265544,12.04523262509831,-9.40034225317012,492830.4673373443,5527507.7231736975,12.030687680118717,-9.409974167123437,0,1,0.0,0.0,4,5,4,5,WP4->WP5,1,0.9192488931127062,0.919248893227833,1.7609480558718595,0.0947728507042506,utm,0,0.0,0.0,0,0.0
109.35,95.354,49.89991549470145,8.900167377402502,0.2878956951651003,12.024403347092175,-9.399282341592032,492830.44651777914,5527507.724260936,12.009867874381598,-9.408891546539962,0,1,0.0,0.0,4,5,4,5,WP4->WP5,1,0.9200475101253188,0.9200475104822776,1.7817806887054444,0.09589404675244197,utm,0,0.0,0.0,0,0.0
109.4,95.40400000000001,49.89991550414574,8.900167087565547,0.2878969581153404,12.00358019758437,-9.398231880465131,492830.4257043274,5527507.725338717,11.989054184115957,-9.407818379811943,0,1,0.0,0.0,4,5,4,5,WP4->WP5,1,0.9208549932794904,0.9208549932400997,1.802606378546446,0.09701486913418852,utm,0,0.0,0.0,0,0.0
109.45,95.45400000000001,49.89991551355798,8.900166798679344,0.2878980419736711,11.982825354140939,-9.397184984571705,492830.4049591498,5527507.726412846,11.968308768817224,-9.406748851761222,0,1,0.0,0.0,4,5,4,5,WP4->WP5,1,0.9216599440536357,0.9216599439579864,1.8233637435567631,0.0981320143268458,utm,0,0.0,0.0,0,0.0
109.5,95.504,49.899915523001056,8.900166509038062,0.28789884733268023,11.962016262620361,-9.396134657875118,492830.3841597502,5527507.727490475,11.947509130754042,-9.405675834976137,0,1,0.0,0.0,4,5,4,5,WP4->WP5,1,0.9224663078391153,0.9224663080466032,1.8441754250294715,0.09925208278913833,utm,0,0.0,0.0,0,0.0
109.55,95.554,49.89991553242526,8.900166220299633,0.2878995299957087,11.941272035985738,-9.39508643041404,492830.36342518695,5527507.728565922,11.926774329564068,-9.404604986310005,0,1,0.0,0.0,4,5,4,5,WP4->WP5,1,0.9232689871394305,0.9232689871407493,1.864922338156609,0.10036866546959607,utm,0,0.0,0.0,0,0.0
109.6,95.604,49.899915541845544,8.900165931302821,0.28790011919216246,11.92050924595216,-9.394038639497722,492830.34267206694,5527507.729640954,11.90602097165538,-9.403534556739032,0,1,0.0,0.0,4,5,4,5,WP4->WP5,1,0.9240737555601218,0.9240737559027237,1.8856876946841217,0.10148624075947486,utm,0,0.0,0.0,0,0.0
109.65,95.65400000000001,49.8999155512673,8.900165642259985,0.2879004789697554,11.899743149380543,-9.392990684434915,492830.3219156422,5527507.730716158,11.885264309006743,-9.402463956736028,0,1,0.0,0.0,4,5,4,5,WP4->WP5,1,0.924878653029493,0.9248786526427464,1.9064563579159068,0.10260399401359815,utm,0,0.0,0.0,0,0.0
109.7,95.70400000000001,49.899915560684114,8.900165353327841,0.28790055185966346,11.878985005397269,-9.391943279121344,492830.3011671659,5527507.731790798,11.864515594905242,-9.401393917389214,0,1,0.0,0.0,4,5,4,5,WP4->WP5,1,0.925683392460607,0.9256833922444668,1.927217054262486,0.10372131849617437,utm,0,0.0,0.0,0,0.0
109.75,95.754,49.89991557007508,8.900165063739445,0.2879004463881978,11.858179713415483,-9.390898749201472,492830.2803715568,5527507.732862631,11.843719748663716,-9.40032669622451,0,1,0.0,0.0,4,5,4,5,WP4->WP5,1,0.9264951866563396,0.9264951866327276,1.9480244369425863,0.1048411556008021,utm,0,0.0,0.0,0,0.0
109.8,95.804,49.89991557901033,8.90016477336567,0.28790046984833595,11.837317996393882,-9.389904906585857,492830.25951947755,5527507.733883869,11.822867443435825,-9.39931008219719,0,1,0.0,0.0,4,5,4,5,WP4->WP5,1,0.9273624716406881,0.9273624720955328,1.968883486603908,0.10596377338205529,utm,0,0.0,0.0,0,0.0
109.85,95.854,49.89991558915442,8.900164477978635,0.28790072177151027,11.81609610486724,-9.388776608891174,492830.2383075464,5527507.7350399885,11.801655256422237,-9.39815866574645,0,1,0.0,0.0,4,5,4,5,WP4->WP5,1,0.9281279469790842,0.9281279466638871,1.990113104680133,0.10710633486632927,utm,0,0.0,0.0,0,0.0
109.9,95.90400000000001,49.899915603809156,8.900164170771832,0.28789968366009533,11.79402502982143,-9.387146604523211,492830.2162474387,5527507.736698747,11.779594781401101,-9.396504799835384,0,1,0.0,0.0,4,5,4,5,WP4->WP5,1,0.9284694866751292,0.9284694866432467,2.012232851110238,0.10829680236424663,utm,0,0.0,0.0,0,0.0
109.95,95.95400000000001,49.89991562587138,8.900163846025475,0.2878980496220695,11.770693836689674,-9.384692685948872,492830.19292881276,5527507.739182767,11.756275605177507,-9.394025950692594,0,1,0.0,0.0,4,5,4,5,WP4->WP5,1,0.9281028690975417,0.9281028693804657,2.0356805432395415,0.10955873886380424,utm,0,0.0,0.0,0,0.0
110.0,96.004,49.8999156584136,8.900163497820332,0.28789591266221093,11.745677262233368,-9.381073108665037,492830.1679270301,5527507.742834225,11.731273013458122,-9.390380037017167,0,1,0.0,0.0,4,5,4,5,WP4->WP5,1,0.9267256942686951,0.9267256938611245,2.060910003534196,0.11091656873611712,utm,0,0.0,0.0,0,0.0
110.05,96.054,49.899915698548945,8.900163138139925,0.28789493263377763,11.719836254860935,-9.376608968678351,492830.1421022684,5527507.747331007,11.70544725516811,-9.385888981632888,0,1,0.0,0.0,4,5,4,5,WP4->WP5,1,0.9245810232417647,0.9245810230887265,2.087035465331757,0.11232262071037252,utm,0,0.0,0.0,0,0.0
110.1,96.104,49.899915738282736,8.900162777738975,0.28789262678425226,11.693943480495385,-9.372189492810255,492830.11622570094,5527507.751783212,11.679569701023865,-9.381442515179515,0,1,0.0,0.0,4,5,4,5,WP4->WP5,1,0.9224854288288913,0.9224854292251791,2.113208492546864,0.11373123261829592,utm,0,0.0,0.0,0,0.0
110.15,96.15400000000001,49.899915776915314,8.900162414794703,0.2878891870316694,11.667867982797324,-9.367892502062915,492830.0901663198,5527507.756113225,11.653509360330645,-9.37711828108877,0,1,0.0,0.0,4,5,4,5,WP4->WP5,1,0.9205280475142482,0.9205280471706907,2.1395525433555935,0.11514904888261766,utm,0,0.0,0.0,0,0.0
110.2,96.20400000000001,49.89991581397047,8.900162046929374,0.2878849379063003,11.641438934900966,-9.363770962688202,492830.0637532957,5527507.760268327,11.62709541543154,-9.372969036921859,0,1,0.0,0.0,4,5,4,5,WP4->WP5,1,0.9187768178767967,0.9187768179758408,2.166232984004684,0.11658496938574003,utm,0,0.0,0.0,0,0.0
110.25,96.254,49.899915848503625,8.900161673264586,0.2878799538138294,11.614593228626374,-9.359929939053025,492830.0369234054,5527507.764143581,11.600264666427393,-9.369099732488394,0,1,0.0,0.0,4,5,4,5,WP4->WP5,1,0.9173419630798554,0.9173419632967488,2.193303296067425,0.11804187246421807,utm,0,0.0,0.0,0,0.0
110.3,96.304,49.899915879913245,8.900161291636698,0.2878749826841815,11.58717541852698,-9.356436337125455,492830.0095211766,5527507.767672314,11.572861655731685,-9.365577076561749,0,1,0.0,0.0,4,5,4,5,WP4->WP5,1,0.9163039311608925,0.9163039314843612,2.2209122909371866,0.11952776703115965,utm,0,0.0,0.0,0,0.0
110.35,96.354,49.89991590732267,8.90016090157195,0.2878708060899697,11.559151467642094,-9.353387664873612,492829.98151245556,5527507.770757104,11.54485225136159,-9.362498497590423,0,1,0.0,0.0,4,5,4,5,WP4->WP5,1,0.9157628344606451,0.9157628340870694,2.249085178532364,0.12104400986470731,utm,0,0.0,0.0,0,0.0
110.4,96.40400000000001,49.89991593104689,8.900160506074318,0.2878679130895252,11.530737194803223,-9.350748888342196,492829.95311302226,5527507.773432682,11.51645222544903,-9.35982921719551,0,1,0.0,0.0,4,5,4,5,WP4->WP5,1,0.9156645821272417,0.9156645819625652,2.2776102004591943,0.1225792042932951,utm,0,0.0,0.0,0,0.0
110.45,96.45400000000001,49.89991595414846,8.900160111676461,0.2878653155813401,11.502401934555243,-9.348179366771731,492829.9247924776,5527507.77603893,11.488131103513297,-9.357229250483215,0,1,0.0,0.0,4,5,4,5,WP4->WP5,1,0.9156282478579042,0.9156282476673973,2.3060503912880486,0.12410983317836399,utm,0,0.0,0.0,0,0.0
110.5,96.504,49.89991597733089,8.900159719848904,0.28786246078784733,11.474251335823157,-9.345600851105626,492829.89665653306,5527507.778653919,11.459994579781778,-9.354620500467718,0,1,0.0,0.0,4,5,4,5,WP4->WP5,1,0.9155665261704347,0.9155665259429393,2.334307527275169,0.12563061019464639,utm,0,0.0,0.0,0,0.0
110.55,96.554,49.89991600044918,8.90015933042033,0.28786293346254177,11.446273090434198,-9.343029470151638,492829.8686928636,5527507.781261549,11.432030332740396,-9.352019070647657,0,1,0.0,0.0,4,5,4,5,WP4->WP5,1,0.9154965648872825,0.9154965644621944,2.3623924280491884,0.1271421176461152,utm,0,0.0,0.0,0,0.0
110.6,96.604,49.899916023205954,8.900158945401406,0.2878625607340451,11.418611653606451,-9.340498299427628,492829.84104582295,5527507.783828562,11.40438272350002,-9.34945818874985,0,1,0.0,0.0,4,5,4,5,WP4->WP5,1,0.9154384416595375,0.9154384416927359,2.3901583250115555,0.1286364565612862,utm,0,0.0,0.0,0,0.0
110.65,96.65400000000001,49.899916045660945,8.900158565656339,0.2878631747955578,11.391329113571114,-9.33800069524589,492829.8137774834,5527507.786361518,11.37711382296402,-9.34693127963692,0,1,0.0,0.0,4,5,4,5,WP4->WP5,1,0.9153800135695839,0.9153800140034538,2.4175439926868525,0.13011033183283252,utm,0,0.0,0.0,0,0.0
110.7,96.70400000000001,49.89991606783058,8.900158192585497,0.28784990273691513,11.364526078980944,-9.335534830061665,492829.78698841593,5527507.788862108,11.35032420157222,-9.344436630606651,0,1,0.0,0.0,4,5,4,5,WP4->WP5,1,0.9153105095744846,0.9153105096434743,2.44444942440681,0.13155836117988015,utm,0,0.0,0.0,0,0.0
110.75,96.754,49.8999160895931,8.90015782603378,0.28784265537456377,11.338191406717247,-9.33311424737548,492829.7606674638,5527507.79131681,11.32400270580547,-9.341987765394151,0,1,0.0,0.0,4,5,4,5,WP4->WP5,1,0.9152444029776124,0.9152444033575771,2.4708845092519485,0.13298107682502855,utm,0,0.0,0.0,0,0.0
110.8,96.804,49.89991611118766,8.900157462625117,0.2878348633106235,11.312082545132778,-9.330712346965521,492829.73457220744,5527507.793752536,11.297906909894664,-9.339557826519012,0,1,0.0,0.0,4,5,4,5,WP4->WP5,1,0.9151767992042502,0.9151767996277511,2.497093107024107,0.1343916031125849,utm,0,0.0,0.0,0,0.0
110.85,96.854,49.89991613290724,8.900157097307229,0.28784368985518005,11.285836516522528,-9.32829654009318,492829.7083398574,5527507.796202347,11.271674017247278,-9.3371138330549,0,1,0.0,0.0,4,5,4,5,WP4->WP5,1,0.9151075579861518,0.9151075579094671,2.5234395102982377,0.13580954598475947,utm,0,0.0,0.0,0,0.0
110.9,96.90400000000001,49.8999161547758,8.900156730596715,0.28785253245123266,11.259490435560386,-9.325864162208095,492829.6820075169,5527507.798668856,11.245341130415909,-9.334653163328767,0,1,0.0,0.0,4,5,4,5,WP4->WP5,1,0.9150307214935186,0.9150307217627084,2.549887003928919,0.13723292946106605,utm,0,0.0,0.0,0,0.0
110.95,96.95400000000001,49.89991617638838,8.900156365972807,0.28784474732332593,11.233294265495616,-9.323460256663852,492829.6558249896,5527507.801106703,11.21915806317702,-9.332221122458577,0,1,0.0,0.0,4,5,4,5,WP4->WP5,1,0.9149688922637291,0.9149688925212405,2.5761827071883183,0.13864814369799733,utm,0,0.0,0.0,0,0.0
111.0,97.004,49.89991619787024,8.900156007019373,0.2878416385974591,11.207505486977473,-9.32107089081953,492829.6300496722,5527507.803529474,11.193382209108677,-9.329804067499936,0,1,0.0,0.0,4,5,4,5,WP4->WP5,1,0.9148852787393928,0.9148852784767523,2.602071504317098,0.14004145856439393,utm,0,0.0,0.0,0,0.0
111.05,97.054,49.8999162192603,8.900155653239493,0.28784330158315274,11.182088399119875,-9.31869173601897,492829.6046458838,5527507.805941542,11.16797788644908,-9.327397634275258,0,1,0.0,0.0,4,5,4,5,WP4->WP5,1,0.914778750342772,0.9147787502767059,2.62758932532593,0.14141480778540233,utm,0,0.0,0.0,0,0.0
111.1,97.104,49.89991624041092,8.900155304485855,0.287845803862329,11.157032418423157,-9.316339213278985,492829.57960302307,5527507.808326509,11.142934497445822,-9.325018220581114,0,1,0.0,0.0,4,5,4,5,WP4->WP5,1,0.914666596081554,0.9146665957041105,2.652745246345123,0.14276867983127564,utm,0,0.0,0.0,0,0.0
111.15,97.15400000000001,49.89991626131214,8.90015496097992,0.2878488111815793,11.132353455551705,-9.314014429880856,492829.55493699305,5527507.810683245,11.118267945421394,-9.322666954249144,0,1,0.0,0.0,4,5,4,5,WP4->WP5,1,0.9145485036313528,0.9145485036506218,2.6775233272967607,0.14410221681945484,utm,0,0.0,0.0,0,0.0
111.2,97.20400000000001,49.899916282016136,8.900154621256577,0.2878523396193575,11.107946250569992,-9.311711584095175,492829.5305425835,5527507.813017691,11.093873018806335,-9.320337917655706,0,1,0.0,0.0,4,5,4,5,WP4->WP5,1,0.9144280648961879,0.9144280650762262,2.7020288848083047,0.14542108680867558,utm,0,0.0,0.0,0,0.0
111.25,97.254,49.89991630262828,8.90015428390277,0.28785584996304914,11.083709283354537,-9.309418955013479,492829.50631833007,5527507.815341696,11.069648250588216,-9.318019283935428,0,1,0.0,0.0,4,5,4,5,WP4->WP5,1,0.9143026474211502,0.9143026473704655,2.7263640389396446,0.1467307858209003,utm,0,0.0,0.0,0,0.0
111.3,97.304,49.89991632305436,8.900153948342295,0.28785955126726115,11.059601156901609,-9.30714701971005,492829.4822228387,5527507.817644845,11.045552249066532,-9.31572147924453,0,1,0.0,0.0,4,5,4,5,WP4->WP5,1,0.9141863654203775,0.9141863654258554,2.7505690730728083,0.14803348187632587,utm,0,0.0,0.0,0,0.0
111.35,97.354,49.89991634264884,8.900153613343448,0.28786280627810884,11.035533380320356,-9.304967582369134,492829.4581675577,5527507.819855479,11.02149647846818,-9.313516180031002,0,1,0.0,0.0,4,5,4,5,WP4->WP5,1,0.9141585858904651,0.9141585860419861,2.7747257009848583,0.14933357274669135,utm,0,0.0,0.0,0,0.0
111.4,97.40400000000001,49.899916361354144,8.900153277661047,0.28786533260812425,11.011416494202528,-9.30288704470387,492829.434063055,5527507.821967319,10.997391508077271,-9.311409684829414,0,1,0.0,0.0,4,5,4,5,WP4->WP5,1,0.914233644664856,0.9142336442449068,2.7989224215221262,0.150635821370871,utm,0,0.0,0.0,0,0.0
111.45,97.45400000000001,49.89991637894663,8.900152940249466,0.28786861504981276,10.987175376234703,-9.30093028339792,492829.4098342052,5527507.823955597,10.9731622178806,-9.309426778927445,0,1,0.0,0.0,4,5,4,5,WP4->WP5,1,0.9144429954770936,0.9144429951692209,2.8232318145568733,0.15194413394097256,utm,0,0.0,0.0,0,0.0
111.5,97.504,49.89991639583526,8.900152599458416,0.28787062729868956,10.962691462480251,-9.299051808647544,492829.3853625521,5527507.825865945,10.94869014172582,-9.307521858252585,0,1,0.0,0.0,4,5,4,5,WP4->WP5,1,0.9147519003448801,0.914751899911462,2.8477759749808658,0.15326508150882828,utm,0,0.0,0.0,0,0.0
111.55,97.554,49.89991641139094,8.900152253926942,0.28787217422854894,10.937866976073535,-9.297321594969647,492829.3605502644,5527507.827628544,10.923877463850658,-9.30576476175338,0,1,0.0,0.0,4,5,4,5,WP4->WP5,1,0.9152387312967188,0.9152387310881844,2.8726460246037644,0.15460356817915277,utm,0,0.0,0.0,0,0.0
111.6,97.604,49.89991642602296,8.9001518998367,0.28787283532816954,10.912427590492637,-9.29569411718409,492829.33512318577,5527507.829289267,10.898450017499272,-9.304109677672386,0,1,0.0,0.0,4,5,4,5,WP4->WP5,1,0.9158825783839851,0.9158825779300471,2.8981191436074782,0.15597451157311637,utm,0,0.0,0.0,0,0.0
111.65,97.65400000000001,49.899916442289886,8.900151534245964,0.2878718562798534,10.886161959263882,-9.29388479409558,492829.30887043296,5527507.831132864,10.872196856536902,-9.302271902561188,0,1,0.0,0.0,4,5,4,5,WP4->WP5,1,0.9164189133050638,0.9164189133332771,2.9244310843121113,0.1573905996966838,utm,0,0.0,0.0,0,0.0
111.7,97.70400000000001,49.89991645959379,8.900151166734677,0.2878709227175471,10.859758347296484,-9.291960130503824,492829.28247990826,5527507.833091939,10.845805898017716,-9.300318679772317,0,1,0.0,0.0,4,5,4,5,WP4->WP5,1,0.9168526932566475,0.9168526928709759,2.9508906686784395,0.15881463388695125,utm,0,0.0,0.0,0,0.0
111.75,97.754,49.89991647987612,8.900150799103935,0.28786970972617065,10.833346153185296,-9.289704184625142,492829.2560812462,5527507.8353821775,10.81940672872588,-9.298034294508398,0,1,0.0,0.0,4,5,4,5,WP4->WP5,1,0.9169573990620218,0.9169573993062083,2.9773882834508782,0.1602407148440092,utm,0,0.0,0.0,0,0.0
111.8,97.804,49.899916504373564,8.90015043203822,0.28786631140129426,10.806974553085164,-9.286979404530507,492829.2297237869,5527507.838141006,10.79304865829181,-9.29528131056577,0,1,0.0,0.0,4,5,4,5,WP4->WP5,1,0.9165917091509107,0.9165917092972192,3.003887209263438,0.16166686636022376,utm,0,0.0,0.0,0,0.0
111.85,97.854,49.89991653224172,8.900150065927871,0.28786263881237156,10.780671590609316,-9.283879709606147,492829.2034354373,5527507.84127451,10.76675961446017,-9.292153636924922,0,1,0.0,0.0,4,5,4,5,WP4->WP5,1,0.9158466322092397,0.9158466322136719,3.0303511664469425,0.16309113589210056,utm,0,0.0,0.0,0,0.0
111.9,97.90400000000001,49.89991656245599,8.900149701121348,0.2878586862619213,10.75446230070086,-9.280519062090805,492829.1772410707,5527507.844668735,10.740564495848957,-9.288765221834183,0,1,0.0,0.0,4,5,4,5,WP4->WP5,1,0.9148334079116012,0.9148334079192263,3.056745085777443,0.1645116360413631,utm,0,0.0,0.0,0,0.0
111.95,97.95400000000001,49.89991659508336,8.900149337071964,0.287854056220204,10.728307406910158,-9.276890013129945,492829.15110143623,5527507.848331183,10.714424049830996,-9.28510857000947,0,1,0.0,0.0,4,5,4,5,WP4->WP5,1,0.9135481114507421,0.9135481113761346,3.083108735600776,0.16593050710936222,utm,0,0.0,0.0,0,0.0
112.0,98.004,49.89991662882597,8.900148974441992,0.28784978531955735,10.702254489871631,-9.273136919656668,492829.1250639032,5527507.852117492,10.68838567781495,-9.281328035518527,0,1,0.0,0.0,4,5,4,5,WP4->WP5,1,0.9121302342751345,0.9121302346619355,3.1093818946117473,0.1673445080324292,utm,0,0.0,0.0,0,0.0
112.05,98.054,49.899916661647794,8.900148613662973,0.2878448416813276,10.676334553372577,-9.269486242273084,492829.09915916127,5527507.855801245,10.662480119615793,-9.277650026604533,0,1,0.0,0.0,4,5,4,5,WP4->WP5,1,0.910802494211547,0.910802493759566,3.135513538230457,0.1687508927074766,utm,0,0.0,0.0,0,0.0
112.1,98.104,49.89991669326924,8.90014825525648,0.28783889735339874,10.650585069553909,-9.26596907895636,492829.0734246263,5527507.859351314,10.636744798044674,-9.274105665273964,0,1,0.0,0.0,4,5,4,5,WP4->WP5,1,0.909592509948058,0.9095925095842573,3.161463590517711,0.17014750427871897,utm,0,0.0,0.0,0,0.0
112.15,98.15400000000001,49.89991672340438,8.900147899969399,0.2878323219171987,10.62505969777611,-9.262617233796577,492829.04791389365,5527507.86273583,10.611233315430582,-9.27072680555284,0,1,0.0,0.0,4,5,4,5,WP4->WP5,1,0.9085271754333116,0.9085271755580046,3.18717579573316,0.17153131510609418,utm,0,0.0,0.0,0,0.0
112.2,98.20400000000001,49.89991675177511,8.900147549190327,0.2878220062334643,10.599858201073772,-9.259461639209356,492829.02272664563,5527507.865923744,10.586045361123979,-9.267544477246702,0,1,0.0,0.0,4,5,4,5,WP4->WP5,1,0.9076284077311026,0.9076284078394371,3.2125480733467073,0.17289683129510236,utm,0,0.0,0.0,0,0.0
112.25,98.254,49.89991677966899,8.900147202803293,0.2877966282274472,10.574972247440687,-9.256359082334328,492828.9978547442,5527507.86905822,10.561172765213996,-9.264415517449379,0,1,0.0,0.0,4,5,4,5,WP4->WP5,1,0.9067543616247784,0.9067543619046433,3.2376014656238263,0.17424518532405686,utm,0,0.0,0.0,0,0.0
112.3,98.304,49.89991680726991,8.90014686114213,0.28779228310615684,10.550425820986884,-9.253289111367799,492828.97332219133,5527507.872159672,10.53663952514762,-9.261319505050778,0,1,0.0,0.0,4,5,4,5,WP4->WP5,1,0.9058825383618908,0.9058825386227543,3.262313913507564,0.1755751899917201,utm,0,0.0,0.0,0,0.0
112.35,98.354,49.89991683415562,8.900146528096752,0.28780040443248367,10.526498390092994,-9.250298690601813,492828.9494082813,5527507.87518078,10.51272494578734,-9.258303700014949,0,1,0.0,0.0,4,5,4,5,WP4->WP5,1,0.9050348260376979,0.905034825826596,3.2864029892354365,0.17687164525622856,utm,0,0.0,0.0,0,0.0
112.4,98.40400000000001,49.89991686032713,8.90014620386482,0.28780943049268765,10.503204155554386,-9.247387708246945,492828.92612720944,5527507.878121639,10.489443222351838,-9.25536800455302,0,1,0.0,0.0,4,5,4,5,WP4->WP5,1,0.9042098462481162,0.9042098461164997,3.309854564136853,0.17813379072355245,utm,0,0.0,0.0,0,0.0
112.45,98.45400000000001,49.89991688576783,8.900145888153617,0.28782755958227274,10.480522087309279,-9.244558012366277,492828.9034579517,5527507.880980427,10.466773331165314,-9.252514244057238,0,1,0.0,0.0,4,5,4,5,WP4->WP5,1,0.9034113124678871,0.9034113126672256,3.3326894117403536,0.179362744408793,utm,0,0.0,0.0,0,0.0
112.5,98.504,49.89991691065247,8.900145579334366,0.28786187635575106,10.458335166913942,-9.241790165043696,492828.88128356193,5527507.883776731,10.444598321861122,-9.249722857028246,0,1,0.0,0.0,4,5,4,5,WP4->WP5,1,0.9026302893409507,0.9026302889214182,3.355025769444531,0.18056486975650898,utm,0,0.0,0.0,0,0.0
112.55,98.554,49.899916935389754,8.900145273721186,0.28788329273531377,10.436378584688029,-9.239038707606698,492828.85933939676,5527507.886556346,10.42265354085248,-9.246948109008372,0,1,0.0,0.0,4,5,4,5,WP4->WP5,1,0.9018450804900446,0.9018450805025524,3.377131336457975,0.1817545741292826,utm,0,0.0,0.0,0,0.0
112.6,98.604,49.899916961468456,8.90014496541829,0.2878888642181238,10.414228761482482,-9.23613804879254,492828.83720226656,5527507.889485359,10.40051576163387,-9.244024004787207,0,1,0.0,0.0,4,5,4,5,WP4->WP5,1,0.9009285225255632,0.9009285229536252,3.399442579685323,0.18295534783544665,utm,0,0.0,0.0,0,0.0
112.65,98.65400000000001,49.899916989276505,8.900144645261005,0.28790762297635164,10.391227267292676,-9.233045038592504,492828.8142140611,5527507.892607783,10.377526864293031,-9.240906678140163,0,1,0.0,0.0,4,5,4,5,WP4->WP5,1,0.8998962557908914,0.899896255524286,3.4226188940081266,0.18420267899315212,utm,0,0.0,0.0,0,0.0
112.7,98.70400000000001,49.89991701725559,8.900144302926034,0.28790642098015823,10.366632431559903,-9.229933005795283,492828.78963317437,5527507.895751345,10.352945281076245,-9.237768567167222,0,1,0.0,0.0,4,5,4,5,WP4->WP5,1,0.8989868629316646,0.8989868625799121,3.447383283314069,0.18553547910764046,utm,0,0.0,0.0,0,0.0
112.75,98.754,49.89991704738174,8.900143929837762,0.28787645852937493,10.33982814475038,-9.226582159665005,492828.76284403546,5527507.899136568,10.326155392162036,-9.23438928462565,0,1,0.0,0.0,4,5,4,5,WP4->WP5,1,0.8980363506520278,0.8980363506322016,3.474368728062874,0.1869878146934849,utm,0,0.0,0.0,0,0.0
112.8,98.804,49.89991707964298,8.900143532908528,0.287796673799988,10.311311019294935,-9.222993834599432,492828.7343430571,5527507.902761458,10.297653610643465,-9.230770715512335,0,1,0.0,0.0,4,5,4,5,WP4->WP5,1,0.8970018470455166,0.8970018469560469,3.5030806663056815,0.18853306881239076,utm,0,0.0,0.0,0,0.0
112.85,98.854,49.899917111969394,8.900143137136203,0.28778655791847324,10.282877011239119,-9.219398260202208,492828.70592517266,5527507.906393485,10.26923492149217,-9.227144990116358,0,1,0.0,0.0,4,5,4,5,WP4->WP5,1,0.89595272706907,0.8959527267838517,3.5317104955138774,0.19007390388710463,utm,0,0.0,0.0,0,0.0
112.9,98.90400000000001,49.89991714382998,8.900142747233364,0.28778973680965253,10.254864692645045,-9.215854498078725,492828.6779287406,5527507.909973158,10.241237696318422,-9.223571525886655,0,1,0.0,0.0,4,5,4,5,WP4->WP5,1,0.8949176614410221,0.8949176612079754,3.559915865582118,0.19159189490201395,utm,0,0.0,0.0,0,0.0
112.95,98.95400000000001,49.89991717540595,8.900142360773089,0.2878038885432437,10.227099702815504,-9.212342393587035,492828.65017949673,5527507.913520856,10.213487666391302,-9.220029981806874,0,1,0.0,0.0,4,5,4,5,WP4->WP5,1,0.89389210159604,0.8938921012630896,3.5878721694553706,0.19309648136859808,utm,0,0.0,0.0,0,0.0
113.0,99.004,49.89991720724452,8.900141975642336,0.28781902180914243,10.19943023172184,-9.208801080925406,492828.62252577225,5527507.917097625,10.185833149414975,-9.216459344141185,0,1,0.0,0.0,4,5,4,5,WP4->WP5,1,0.8928289571988045,0.8928289572018614,3.615735971821104,0.19459608947620516,utm,0,0.0,0.0,0,0.0
113.05,99.054,49.89991723860863,8.900141593466792,0.287826016029939,10.171973075619244,-9.205312540652983,492828.595084208,5527507.920621357,10.158390804426745,-9.212941698729992,0,1,0.0,0.0,4,5,4,5,WP4->WP5,1,0.8917994613217436,0.8917994616887435,3.6433836891198634,0.19608406805406922,utm,0,0.0,0.0,0,0.0
113.1,99.104,49.899917268651016,8.900141214984512,0.2878321894155482,10.144781259718386,-9.20197101195863,492828.5679076823,5527507.923997787,10.131213530665264,-9.209571295417845,0,1,0.0,0.0,4,5,4,5,WP4->WP5,1,0.8908927139972764,0.8908927143881236,3.6707541409988176,0.19755712442332576,utm,0,0.0,0.0,0,0.0
113.15,99.15400000000001,49.899917298080055,8.90014083892305,0.2878372507206609,10.11776336600824,-9.198697704526854,492828.5409049186,5527507.927305788,10.104210034012794,-9.206269282847643,0,1,0.0,0.0,4,5,4,5,WP4->WP5,1,0.8900384135505399,0.8900384136450364,3.6979453581141155,0.19902053451741802,utm,0,0.0,0.0,0,0.0
113.2,99.20400000000001,49.89991732728366,8.900140464692512,0.2878415792180448,10.09087701378076,-9.195449471179048,492828.51403361064,5527507.930588549,10.077337998722214,-9.202992480248213,0,1,0.0,0.0,4,5,4,5,WP4->WP5,1,0.889197369777698,0.889197370114842,3.7250033765145028,0.20047677596057809,utm,0,0.0,0.0,0,0.0
113.25,99.254,49.899917356811,8.900140091772762,0.2878453398644307,10.064084834268206,-9.19216522960992,492828.4872564857,5527507.933907181,10.05056013847934,-9.199679786339402,0,1,0.0,0.0,4,5,4,5,WP4->WP5,1,0.888312091593515,0.888312091468494,3.751970838789147,0.2019281437436908,utm,0,0.0,0.0,0,0.0
113.3,99.304,49.89991738603091,8.900139720096577,0.2878480141523193,10.037381997900972,-9.188915182867909,492828.460568623,5527507.9371915115,10.023871548124589,-9.196401374414563,0,1,0.0,0.0,4,5,4,5,WP4->WP5,1,0.8874529078021474,0.8874529076339744,3.7788463042804628,0.2033745603316887,utm,0,0.0,0.0,0,0.0
113.35,99.354,49.89991741619727,8.90013934906373,0.2878501374796374,10.010725381726026,-9.185559865160817,492828.4339271022,5527507.940581012,9.997229276341386,-9.193017782643437,0,1,0.0,0.0,4,5,4,5,WP4->WP5,1,0.8864847969519333,0.8864847967067698,3.8056851213544456,0.20481900453045407,utm,0,0.0,0.0,0,0.0
113.4,99.40400000000001,49.8999174469526,8.900138978981865,0.2878511512043637,9.984137088206207,-9.182139037438354,492828.4073539642,5527507.944035903,9.970655372890178,-9.189568784087896,0,1,0.0,0.0,4,5,4,5,WP4->WP5,1,0.8854453828820176,0.885445382805976,3.832461744591092,0.20626010150540952,utm,0,0.0,0.0,0,0.0
113.45,99.45400000000001,49.8999174786646,8.900138609629852,0.28785165629424175,9.95760123054229,-9.178611803168408,492828.38083338307,5527507.947597088,9.944134002667852,-9.186013479717076,0,1,0.0,0.0,4,5,4,5,WP4->WP5,1,0.884295359424995,0.8842953597553562,3.859195631614969,0.207698898450731,utm,0,0.0,0.0,0,0.0
113.5,99.504,49.89991751078363,8.900138240920985,0.2878502628924617,9.931111579159943,-9.175039294890757,492828.3543590501,5527507.951203469,9.917658870632295,-9.182412969879806,0,1,0.0,0.0,4,5,4,5,WP4->WP5,1,0.8830961471424752,0.8830961470759996,3.885887543832467,0.20913543634471643,utm,0,0.0,0.0,0,0.0
113.55,99.554,49.89991754241948,8.900137873014405,0.2878478059336492,9.904679567643749,-9.171520529730692,492828.3279422624,5527507.95475605,9.89124129578704,-9.178866246715188,0,1,0.0,0.0,4,5,4,5,WP4->WP5,1,0.8819453138428301,0.8819453137799512,3.912517284505992,0.21056862821470337,utm,0,0.0,0.0,0,0.0
113.6,99.604,49.899917573486476,8.90013750620764,0.28784478368685434,9.878326571653737,-9.168065036675008,492828.3016043746,5527507.95824528,9.864902634872124,-9.175382858142257,0,1,0.0,0.0,4,5,4,5,WP4->WP5,1,0.8808504426482568,0.8808504426705103,3.9390627232074475,0.21199728301831502,utm,0,0.0,0.0,0,0.0
113.65,99.65400000000001,49.89991760413147,8.900137140667944,0.28784035718819134,9.852064607365332,-9.164656482440359,492828.2753574196,5527507.961687469,9.838654917199165,-9.171946490183473,0,1,0.0,0.0,4,5,4,5,WP4->WP5,1,0.8797942024500797,0.8797942028466966,3.9655133501616113,0.2134208351276472,utm,0,0.0,0.0,0,0.0
113.7,99.70400000000001,49.899917635158374,8.900136776759437,0.2878354717069117,9.825919834830264,-9.161205448225983,492828.2492276663,5527507.965171964,9.81252439180389,-9.16846778895706,0,1,0.0,0.0,4,5,4,5,WP4->WP5,1,0.8786852385635086,0.8786852386681908,3.991851078096502,0.21483831109983126,utm,0,0.0,0.0,0,0.0
113.75,99.754,49.89991766688127,8.900136415266951,0.2878299356448049,9.79994863978101,-9.157677001253086,492828.2232715245,5527507.96873361,9.78656746080378,-9.164911899715662,0,1,0.0,0.0,4,5,4,5,WP4->WP5,1,0.8774837501327778,0.8774837505941274,4.01802287675542,0.21624685688781886,utm,0,0.0,0.0,0,0.0
113.8,99.804,49.899917698755885,8.900136056449176,0.2878249525078867,9.774169607567375,-9.154131679030414,492828.19750749145,5527507.972311868,9.76080263487529,-9.161339353770018,0,1,0.0,0.0,4,5,4,5,WP4->WP5,1,0.8762483569395367,0.876248357215389,4.044004853893751,0.21764518662964263,utm,0,0.0,0.0,0,0.0
113.85,99.854,49.89991773063119,8.900135698484437,0.28782143538367666,9.748451861230361,-9.15058628039472,492828.17180472,5527507.975890121,9.735099070589058,-9.157766801305115,0,1,0.0,0.0,4,5,4,5,WP4->WP5,1,0.8750074332822003,0.8750074333606626,4.069925819594244,0.2190402327834751,utm,0,0.0,0.0,0,0.0
113.9,99.90400000000001,49.89991776251715,8.90013534074521,0.28782037288264906,9.722750316661733,-9.147039696649664,492828.1461181455,5527507.979469538,9.709411702933721,-9.154193080961704,0,1,0.0,0.0,4,5,4,5,WP4->WP5,1,0.8737638874672687,0.8737638873720103,4.095830759759521,0.22043441645550332,utm,0,0.0,0.0,0,0.0
113.95,99.95400000000001,49.89991779431701,8.900134983569483,0.2878193244215803,9.697089256349916,-9.143502688588248,492828.12047202635,5527507.98303933,9.68376479280414,-9.150628975592554,0,1,0.0,0.0,4,5,4,5,WP4->WP5,1,0.8725262704978188,0.8725262704523243,4.12169454035507,0.22182638495159604,utm,0,0.0,0.0,0,0.0
114.0,100.004,49.89991782577109,8.900134629662485,0.2878175175429792,9.67166303579061,-9.140004141747648,492828.09506060224,5527507.98657036,9.658352586266119,-9.147103580646217,0,1,0.0,0.0,4,5,4,5,WP4->WP5,1,0.8713060482233518,0.8713060478397032,4.147321083384626,0.22320558550694902,utm,0,0.0,0.0,0,0.0
114.05,100.054,49.89991785692535,8.900134279285753,0.28781996002331023,9.646490444910427,-9.136538942823178,492828.0699026622,5527507.990067721,9.633193871297408,-9.14361179806292,0,1,0.0,0.0,4,5,4,5,WP4->WP5,1,0.8700964501783907,0.8700964499854895,4.17269213689051,0.22457103581543766,utm,0,0.0,0.0,0,0.0
114.1,100.104,49.89991788770684,8.900133932848659,0.28782324348194327,9.621600894783906,-9.133115205745675,492828.04502759496,5527507.993523259,9.608318038342986,-9.140161776915193,0,1,0.0,0.0,4,5,4,5,WP4->WP5,1,0.8689029423079504,0.868902942404199,4.197777695445316,0.2259211210083653,utm,0,0.0,0.0,0,0.0
114.15,100.15400000000001,49.89991791821371,8.900133589450506,0.287832102583242,9.596929675457249,-9.129722014065987,492828.0203707307,5527507.996947972,9.583660415257327,-9.136742532253265,0,1,0.0,0.0,4,5,4,5,WP4->WP5,1,0.8677204140146417,0.867720414284416,4.222643158296641,0.22725936082222173,utm,0,0.0,0.0,0,0.0
114.2,100.20400000000001,49.89991794842693,8.900133249739936,0.2878574339453702,9.572523388072062,-9.12636148400029,492827.9959786494,5527508.000339684,9.559267582430039,-9.133356229402125,0,1,0.0,0.0,4,5,4,5,WP4->WP5,1,0.8665468248032216,0.8665468248496091,4.247241939333286,0.22858324802884247,utm,0,0.0,0.0,0,0.0
114.25,100.254,49.899917978379094,8.90013291283674,0.2878783408319418,9.54831879478526,-9.12302999088276,492827.97178814316,5527508.003702102,9.535076331114396,-9.129999175667763,0,1,0.0,0.0,4,5,4,5,WP4->WP5,1,0.865384193667833,0.8653841935960996,4.271637322859642,0.22989618854012384,utm,0,0.0,0.0,0,0.0
114.3,100.304,49.8999180081361,8.90013257753896,0.2878824352037185,9.524229541467973,-9.119720204016028,492827.9477129019,5527508.007042668,9.51100034971023,-9.126663949340582,0,1,0.0,0.0,4,5,4,5,WP4->WP5,1,0.8642329096253203,0.8642329093025719,4.295915938214518,0.23120284467950344,utm,0,0.0,0.0,0,0.0
114.35,100.354,49.89991803889079,8.900132239838186,0.287887012681062,9.499967646638854,-9.116299447753892,492827.923465236,5527508.01049439,9.486751918913797,-9.123217605054379,0,1,0.0,0.0,4,5,4,5,WP4->WP5,1,0.8629865050617939,0.8629865052076635,4.320376317682878,0.23251928322168205,utm,0,0.0,0.0,0,0.0
114.4,100.40400000000001,49.899918072846795,8.900131892724183,0.28788809758483896,9.475029464406722,-9.112522618839577,492827.89854202676,5527508.014302943,9.461827865743544,-9.119414578191936,0,1,0.0,0.0,4,5,4,5,WP4->WP5,1,0.861445776465653,0.861445776487411,4.34554172233243,0.23387366566914344,utm,0,0.0,0.0,0,0.0
114.45,100.45400000000001,49.89991811075367,8.900131527474796,0.2878685767808694,9.448788357253354,-9.10830634571394,492827.8723169976,5527508.018552502,9.435601894860156,-9.115170835517347,0,1,0.0,0.0,4,5,4,5,WP4->WP5,1,0.8595834885585111,0.8595834885736116,4.372043472973952,0.23529996921544916,utm,0,0.0,0.0,0,0.0
114.5,100.504,49.89991814717305,8.900131144552512,0.2878500090075038,9.421277552127595,-9.10425552234545,492827.8448225561,5527508.022638368,9.40810654789675,-9.111091065220535,0,1,0.0,0.0,4,5,4,5,WP4->WP5,1,0.8579989360900135,0.8579989362766199,4.399794649827625,0.23679351590585296,utm,0,0.0,0.0,0,0.0
114.55,100.554,49.89991818236978,8.900130755033585,0.2878249748431375,9.393292815413199,-9.100340690806792,492827.81685419066,5527508.026588931,9.380137307103723,-9.107146705500782,0,1,0.0,0.0,4,5,4,5,WP4->WP5,1,0.8565919618095992,0.8565919619869986,4.4280055844036506,0.23831180639823057,utm,0,0.0,0.0,0,0.0
114.6,100.604,49.89991821748242,8.90013036833683,0.28782503960468236,9.365510835881896,-9.09643521208046,492827.78908848914,5527508.0305298725,9.352370732347481,-9.103211920708418,0,1,0.0,0.0,4,5,4,5,WP4->WP5,1,0.8551762551106868,0.8551762547187518,4.4560138149101185,0.23981918751570794,utm,0,0.0,0.0,0,0.0
114.65,100.65400000000001,49.899918252323026,8.900129984577529,0.28782620770017436,9.337939895767626,-9.092559991495582,492827.76153370267,5527508.034440288,9.324815079395194,-9.099307616241276,0,1,0.0,0.0,4,5,4,5,WP4->WP5,1,0.8537718889647251,0.8537718887000239,4.483809234774469,0.24131511533043373,utm,0,0.0,0.0,0,0.0
114.7,100.70400000000001,49.89991828685662,8.900129604218629,0.2878295636493666,9.310613255328372,-9.088718919040975,492827.734223073,5527508.038316243,9.29750359087484,-9.095437717624009,0,1,0.0,0.0,4,5,4,5,WP4->WP5,1,0.8523797788805921,0.8523797787032716,4.511358382669667,0.24279778897988913,utm,0,0.0,0.0,0,0.0
114.75,100.754,49.8999183214113,8.900129224298144,0.2878288461957888,9.283318112570507,-9.084875501131126,492827.70694393176,5527508.042194502,9.270223590254318,-9.091565508395433,0,1,0.0,0.0,4,5,4,5,WP4->WP5,1,0.8509825282819802,0.8509825285192911,4.538876379190214,0.24427878608666106,utm,0,0.0,0.0,0,0.0
114.8,100.804,49.89991835583948,8.900128845218465,0.2878308846866445,9.256083376889586,-9.081046152415094,492827.67972515465,5527508.046058615,9.243003956915345,-9.087707431986928,0,1,0.0,0.0,4,5,4,5,WP4->WP5,1,0.8495939119135681,0.8495939123024079,4.566332980145174,0.24575647893198593,utm,0,0.0,0.0,0,0.0
114.85,100.854,49.89991839026487,8.900128466458773,0.2878290482971829,9.228871630511327,-9.077217115011374,492827.65252935735,5527508.049922387,9.21580730349524,-9.083849689923227,0,1,0.0,0.0,4,5,4,5,WP4->WP5,1,0.8482035580307974,0.8482035580058125,4.593766664600532,0.24723293842917873,utm,0,0.0,0.0,0,0.0
114.9,100.90400000000001,49.89991842466783,8.900128087884914,0.2878287158651882,9.20167323522639,-9.073390572351299,492827.6253469025,5527508.053783648,9.188623993075453,-9.079994457773864,0,1,0.0,0.0,4,5,4,5,WP4->WP5,1,0.8468144993355072,0.8468144994863456,4.62118683418767,0.24870867056670645,utm,0,0.0,0.0,0,0.0
114.95,100.95400000000001,49.89991845902207,8.900127710588396,0.2878326632684119,9.174566609676543,-9.069569449355525,492827.59825617366,5527508.05763937,9.1615324098384,-9.076144742779434,0,1,0.0,0.0,4,5,4,5,WP4->WP5,1,0.8454226679223219,0.8454226678581409,4.6485151526044755,0.2501794593458972,utm,0,0.0,0.0,0,0.0
115.0,101.004,49.8999184937051,8.900127335411463,0.287834217334859,9.147612264311904,-9.065711754946161,492827.5713177132,5527508.061531444,9.134593086899258,-9.072258641943336,0,1,0.0,0.0,4,5,4,5,WP4->WP5,1,0.8439808724482672,0.8439808725750219,4.6756951106959095,0.2516422634881079,utm,0,0.0,0.0,0,0.0
115.05,101.054,49.899918528588174,8.900126961931642,0.28783684187402003,9.120779846851482,-9.061831810196981,492827.54450116155,5527508.065445598,9.107775667973328,-9.068350435234606,0,1,0.0,0.0,4,5,4,5,WP4->WP5,1,0.8425060709043815,0.8425060712681938,4.702755654022226,0.2530986408208119,utm,0,0.0,0.0,0,0.0
115.1,101.104,49.89991856351392,8.90012658999849,0.2878395473772941,9.094058548799405,-9.057947119350136,492827.51779569156,5527508.069364349,9.081069329637103,-9.06443760637194,0,1,0.0,0.0,4,5,4,5,WP4->WP5,1,0.8410166539128123,0.8410166536193256,4.729705985619555,0.25454908664423465,utm,0,0.0,0.0,0,0.0
115.15,101.15400000000001,49.899918598502474,8.900126219285662,0.2878404293582644,9.067424924224301,-9.054055443079573,492827.4911778693,5527508.073289965,9.054450637486298,-9.060517894104123,0,1,0.0,0.0,4,5,4,5,WP4->WP5,1,0.8395124784122578,0.8395124787919078,4.756569648421,0.2559948680206706,utm,0,0.0,0.0,0,0.0
115.2,101.20400000000001,49.89991863316514,8.900125850178778,0.287840613238327,9.040906677649838,-9.050200013467261,492827.46467533085,5527508.077179195,9.027947237191256,-9.05663454066962,0,1,0.0,0.0,4,5,4,5,WP4->WP5,1,0.8380341232921719,0.8380341230566964,4.783315211051402,0.2574342933380275,utm,0,0.0,0.0,0,0.0
115.25,101.254,49.899918666835475,8.900125482599153,0.2878408468286232,9.01449815596671,-9.046454958926857,492827.43828232656,5527508.08095795,9.001553395588417,-9.052861639298499,0,1,0.0,0.0,4,5,4,5,WP4->WP5,1,0.836655892680941,0.8366558923555566,4.80994170429952,0.25886731043411226,utm,0,0.0,0.0,0,0.0
115.3,101.304,49.89991870028159,8.90012511625203,0.2878393753951438,8.988178182603978,-9.042734843332576,492827.41197780194,5527508.084711657,8.97524803923443,-9.049113765358925,0,1,0.0,0.0,4,5,4,5,WP4->WP5,1,0.8352946116447589,0.8352946114278385,4.836477816388619,0.26029546328672226,utm,0,0.0,0.0,0,0.0
115.35,101.354,49.899918733680856,8.900124751153085,0.28783646815385117,8.961947883818862,-9.039019938681845,492827.38576290937,5527508.088460034,8.949032316042576,-9.045371201820672,0,1,0.0,0.0,4,5,4,5,WP4->WP5,1,0.8339305391878983,0.8339305388490463,4.862924181496462,0.26171878602681,utm,0,0.0,0.0,0,0.0
115.4,101.40400000000001,49.89991876710609,8.900124386172976,0.28783545811919015,8.935726122765354,-9.035302145901912,492827.35955655505,5527508.092211288,8.922825130517595,-9.041625758633018,0,1,0.0,0.0,4,5,4,5,WP4->WP5,1,0.8325628290002018,0.832562828679833,4.889362303347204,0.2631416651212308,utm,0,0.0,0.0,0,0.0
115.45,101.45400000000001,49.89991880033455,8.900124023237082,0.2878308179141143,8.90965122692894,-9.031606239792415,492827.33349697816,5527508.09594047,8.896764727309346,-9.037902356125414,0,1,0.0,0.0,4,5,4,5,WP4->WP5,1,0.831203837213121,0.8312038376014675,4.915652253607735,0.2645565697362508,utm,0,0.0,0.0,0,0.0
115.5,101.504,49.89991883354209,8.900123661345807,0.2878312501139811,8.88365138117234,-9.027912660034904,492827.3075124184,5527508.099667226,8.870779341785237,-9.03418136201799,0,1,0.0,0.0,4,5,4,5,WP4->WP5,1,0.8298404829399896,0.8298404826698551,4.941867274484577,0.26596744171029074,utm,0,0.0,0.0,0,0.0
115.55,101.554,49.899918866695664,8.900123300030033,0.2878321902567624,8.857692881881475,-9.02422508223722,492827.2815691806,5527508.103387926,8.844835279509425,-9.030466415919363,0,1,0.0,0.0,4,5,4,5,WP4->WP5,1,0.828479425404437,0.828479425201832,4.968040595220701,0.2673760694152863,utm,0,0.0,0.0,0,0.0
115.6,101.604,49.899918899854356,8.900122938853514,0.28783453291512084,8.831744387200457,-9.02053693629457,492827.25563594437,5527508.1071091825,8.818901218706742,-9.026750909164548,0,1,0.0,0.0,4,5,4,5,WP4->WP5,1,0.8271169090359933,0.8271169092654147,4.9942040056170045,0.26878416375352343,utm,0,0.0,0.0,0,0.0
115.65,101.65400000000001,49.899918932912854,8.90012257850844,0.2878329735930811,8.80585562728782,-9.016859933917555,492827.2297624041,5527508.110819219,8.793026856321376,-9.02304661180824,0,1,0.0,0.0,4,5,4,5,WP4->WP5,1,0.8257601737510476,0.8257601734334503,5.020306950313723,0.27018900387497646,utm,0,0.0,0.0,0,0.0
115.7,101.70400000000001,49.89991896593848,8.900122218686317,0.287833489747463,8.780004438294917,-9.013186588045125,492827.203926415,5527508.11452555,8.767190045968164,-9.019346009939909,0,1,0.0,0.0,4,5,4,5,WP4->WP5,1,0.8244037339795487,0.8244037338494425,5.046372162698903,0.27159181327285625,utm,0,0.0,0.0,0,0.0
115.75,101.754,49.899918998838416,8.900121859906326,0.2878323653309446,8.75422812071213,-9.009527222925515,492827.17816524894,5527508.118217808,8.741428061737679,-9.015659464523196,0,1,0.0,0.0,4,5,4,5,WP4->WP5,1,0.8230545481581013,0.8230545483480602,5.072361586426278,0.2729905437842935,utm,0,0.0,0.0,0,0.0
115.8,101.804,49.89991903148377,8.900121503646222,0.28783115246170343,8.728632842755173,-9.005896173783064,492827.15258501266,5527508.121881519,8.71584701363463,-9.01200142595917,0,1,0.0,0.0,4,5,4,5,WP4->WP5,1,0.8217174425849543,0.8217174428194262,5.0981682409384215,0.2743794377991397,utm,0,0.0,0.0,0,0.0
115.85,101.854,49.89991906396306,8.90012114908433,0.28783221326955044,8.703159571699963,-9.002283594658447,492827.1271267099,5527508.125526605,8.690387903188821,-9.008361985906959,0,1,0.0,0.0,4,5,4,5,WP4->WP5,1,0.8203878677620018,0.8203878678071771,5.123851777678814,0.2757617057115508,utm,0,0.0,0.0,0,0.0
115.9,101.90400000000001,49.89991909627841,8.900120797095637,0.2878523995024958,8.67787117056609,-8.998689251359904,492827.1018531793,5527508.129153216,8.665113568946254,-9.004740979522467,0,1,0.0,0.0,4,5,4,5,WP4->WP5,1,0.8190599949028654,0.8190599945023163,5.149349628780882,0.2771339801677551,utm,0,0.0,0.0,0,0.0
115.95,101.95400000000001,49.89991912828745,8.900120448486653,0.28787778904123884,8.652825582447704,-8.995128977656025,492827.0768223195,5527508.132745448,8.640081913152244,-9.001154298894107,0,1,0.0,0.0,4,5,4,5,WP4->WP5,1,0.8177444304880799,0.8177444308101158,5.1746026951393,0.2784930805000053,utm,0,0.0,0.0,0,0.0
116.0,102.004,49.89991915998984,8.90012010220238,0.28788081860135056,8.627947011574241,-8.991602811045796,492827.05195836484,5527508.136303364,8.61521717015421,-8.997601895593107,0,1,0.0,0.0,4,5,4,5,WP4->WP5,1,0.8164479589904846,0.8164479585386211,5.1996864383034875,0.279843067990026,utm,0,0.0,0.0,0,0.0
116.05,102.054,49.89991919165628,8.900119756381798,0.2878829218887864,8.60310175443205,-8.98808064409122,492827.0271277054,5527508.139857237,8.590385723218787,-8.994053529575467,0,1,0.0,0.0,4,5,4,5,WP4->WP5,1,0.8151525049421948,0.8151525047297553,5.224736657077791,0.28119125122353456,utm,0,0.0,0.0,0,0.0
116.1,102.104,49.89991922428995,8.900119407807557,0.2878862719772728,8.57805866232937,-8.984450893970134,492827.0020994333,5527508.1435189145,8.565356639679521,-8.990397402085364,0,1,0.0,0.0,4,5,4,5,WP4->WP5,1,0.813767545007402,0.813767545402975,5.249993421981861,0.28255055060862666,utm,0,0.0,0.0,0,0.0
116.15,102.15400000000001,49.89991926049985,8.900119050476887,0.2878876488037488,8.552386470257145,-8.980423370912975,492826.97644284216,5527508.147579045,8.539699148852378,-8.986342961899936,0,1,0.0,0.0,4,5,4,5,WP4->WP5,1,0.8120425425425343,0.8120425424799004,5.275911942244121,0.28394546515088104,utm,0,0.0,0.0,0,0.0
116.2,102.20400000000001,49.89991929957966,8.900118679598927,0.2878683418819167,8.525740981886349,-8.976076635996172,492826.9498137683,5527508.151959556,8.513069104286842,-8.98196835629642,0,1,0.0,0.0,4,5,4,5,WP4->WP5,1,0.8100863507438563,0.810086350429549,5.302827918238265,0.28539406198254014,utm,0,0.0,0.0,0,0.0
116.25,102.254,49.89991933565267,8.900118297343086,0.28786763809160476,8.498278056922008,-8.972064338233544,492826.9223671378,5527508.156006854,8.485621576895937,-8.977927144616842,0,1,0.0,0.0,4,5,4,5,WP4->WP5,1,0.8085358881896396,0.8085358886400408,5.330527994332186,0.2868848584699163,utm,0,0.0,0.0,0,0.0
116.3,102.304,49.89991937146615,8.900117912557736,0.2878507838139542,8.470633401007719,-8.96808090761237,492826.8947388104,5527508.160025539,8.457992359006312,-8.973914586938918,0,1,0.0,0.0,4,5,4,5,WP4->WP5,1,0.8070303426799503,0.8070303422486832,5.358406438178256,0.2883852545705737,utm,0,0.0,0.0,0,0.0
116.35,102.354,49.899919407170664,8.90011753028021,0.2878351700177817,8.443168918171216,-8.96410959623791,492826.8672905682,5527508.164031868,8.430543229042087,-8.969914344139397,0,1,0.0,0.0,4,5,4,5,WP4->WP5,1,0.8055208274794838,0.805520827361434,5.386104417144651,0.28987593819218227,utm,0,0.0,0.0,0,0.0
116.4,102.40400000000001,49.899919442547215,8.900117150901677,0.28783775353443064,8.415912711497214,-8.960174763590876,492826.84005047055,5527508.168001458,8.403302251768764,-8.965950795449317,0,1,0.0,0.0,4,5,4,5,WP4->WP5,1,0.8040290913269842,0.8040290915148924,5.41359178314703,0.29135528678836037,utm,0,0.0,0.0,0,0.0
116.45,102.45400000000001,49.89991947782777,8.90011677272651,0.2878410058214649,8.388742959900458,-8.95625060824854,492826.8128967793,5527508.171960259,8.376147683302406,-8.961998015642166,0,1,0.0,0.0,4,5,4,5,WP4->WP5,1,0.8025402924705621,0.8025402925901747,5.440992121312053,0.29282995161421976,utm,0,0.0,0.0,0,0.0
116.5,102.504,49.8999195130177,8.900116395423975,0.2878449305940563,8.361635902097559,-8.952336533764818,492826.7858057435,5527508.175908898,8.349055772530846,-8.958055384457111,0,1,0.0,0.0,4,5,4,5,WP4->WP5,1,0.8010559514743921,0.801055951745861,5.468329142067117,0.29430120874646715,utm,0,0.0,0.0,0,0.0
116.55,102.554,49.899919548262794,8.900116017658265,0.28784538770011714,8.334495567701158,-8.948416322890953,492826.75868145254,5527508.1798637165,8.321930605219677,-8.954106580466032,0,1,0.0,0.0,4,5,4,5,WP4->WP5,1,0.7995684618233331,0.7995684620347994,5.495699840310364,0.29577427837485776,utm,0,0.0,0.0,0,0.0
116.6,102.604,49.89991958344411,8.900115640479225,0.28784421101076885,8.307397382252692,-8.944503205692584,492826.7315992842,5527508.183811388,8.294847562152427,-8.95016491599381,0,1,0.0,0.0,4,5,4,5,WP4->WP5,1,0.7980842835398014,0.7980842835464959,5.523027942431778,0.2972450555131993,utm,0,0.0,0.0,0,0.0
116.65,102.65400000000001,49.89991961860117,8.900115263645647,0.28784046758994536,8.28032401632272,-8.940592787005917,492826.70454192214,5527508.18775633,8.267789325909689,-8.946225973777473,0,1,0.0,0.0,4,5,4,5,WP4->WP5,1,0.7966005821798782,0.7966005819241067,5.550331093129185,0.29871448978536463,utm,0,0.0,0.0,0,0.0
116.7,102.70400000000001,49.899919653647835,8.900114887641626,0.28784045005880365,8.253310249372158,-8.936694646052231,492826.67754411884,5527508.1916889185,8.24079065117985,-8.942299372516572,0,1,0.0,0.0,4,5,4,5,WP4->WP5,1,0.7951238009182204,0.7951238006588328,5.577573812421281,0.3001806716864368,utm,0,0.0,0.0,0,0.0
116.75,102.754,49.89991968871085,8.900114511697323,0.2878340553062763,8.226300772791577,-8.932794687459173,492826.65055060666,5527508.195623319,8.213796267227735,-8.93837095797062,0,1,0.0,0.0,4,5,4,5,WP4->WP5,1,0.7936448276735076,0.7936448276052123,5.604812421836777,0.3016466323971564,utm,0,0.0,0.0,0,0.0
116.8,102.804,49.899919723657256,8.900114137157102,0.28783702312342235,8.199392171592093,-8.928907699268986,492826.6236579125,5527508.19954462,8.186902704124805,-8.934455621056259,0,1,0.0,0.0,4,5,4,5,WP4->WP5,1,0.7921697895333617,0.7921697893635232,5.631949442025778,0.3031071256549528,utm,0,0.0,0.0,0,0.0
116.85,102.854,49.899919758723414,8.90011376435257,0.28783555053924886,8.172608269846735,-8.92500739044958,492826.5968898859,5527508.203479072,8.160133805708028,-8.930527104996145,0,1,0.0,0.0,4,5,4,5,WP4->WP5,1,0.790670387964314,0.7906703878555627,5.658963493132877,0.3045610008126856,utm,0,0.0,0.0,0,0.0
116.9,102.90400000000001,49.8999197936613,8.90011339325239,0.28783454145389,8.145946816189664,-8.921121349639353,492826.5702442395,5527508.207399096,8.13348729070276,-8.92661298904568,0,1,0.0,0.0,4,5,4,5,WP4->WP5,1,0.7891742958867292,0.7891742962013046,5.685854360924155,0.30600824634045265,utm,0,0.0,0.0,0,0.0
116.95,102.95400000000001,49.89991982814048,8.900113023686595,0.28783404003694213,8.119395599440239,-8.917286328671532,492826.54370871815,5527508.211267974,8.106950911984313,-8.92274999525398,0,1,0.0,0.0,4,5,4,5,WP4->WP5,1,0.7877191895064938,0.7877191899620727,5.71263093233901,0.3074493405263997,utm,0,0.0,0.0,0,0.0
117.0,103.004,49.899919862466405,8.900112655455082,0.2878345088317895,8.09294024332392,-8.913468354882783,492826.5172689965,5527508.215119685,8.08051033684751,-8.918904148042202,0,1,0.0,0.0,4,5,4,5,WP4->WP5,1,0.7862725237729183,0.7862725233936317,5.73931054463677,0.30888521644829964,utm,0,0.0,0.0,0,0.0
117.05,103.054,49.899919896756174,8.900112287810632,0.2878359639686876,8.066527064359823,-8.909654401975526,492826.4908714299,5527508.2189673195,8.054111917677801,-8.915062367916107,0,1,0.0,0.0,4,5,4,5,WP4->WP5,1,0.7848261067984613,0.7848261071107732,5.7659478060027105,0.3103188130760857,utm,0,0.0,0.0,0,0.0
117.1,103.104,49.89991993099007,8.900111921051211,0.28783754323653676,8.040177469730411,-8.905846663286491,492826.464537414,5527508.222808658,8.0277770505636,-8.911226869560778,0,1,0.0,0.0,4,5,4,5,WP4->WP5,1,0.7833802181763221,0.7833802179058645,5.792521207740278,0.3117489728284878,utm,0,0.0,0.0,0,0.0
117.15,103.15400000000001,49.899919965064846,8.900111555967907,0.28783564470739487,8.013948294650087,-8.902056624117321,492826.43832374614,5527508.226632145,8.001562535471749,-8.907409195788205,0,1,0.0,0.0,4,5,4,5,WP4->WP5,1,0.7819412318876974,0.7819412317337535,5.818973140675283,0.31317259522469004,utm,0,0.0,0.0,0,0.0
117.2,103.20400000000001,49.89991999907095,8.900111191951448,0.2878383054441812,7.987795766318587,-8.898274222005133,492826.41218668426,5527508.230447895,7.975424628064502,-8.903599241748452,0,1,0.0,0.0,4,5,4,5,WP4->WP5,1,0.780503028322922,0.7805030286585116,5.84534808183629,0.3145920739836748,utm,0,0.0,0.0,0,0.0
117.25,103.254,49.899920033026724,8.900110828296267,0.28784075809261916,7.961669193844875,-8.894497419269355,492826.3860755605,5527508.234258013,7.949312660028227,-8.899794914759696,0,1,0.0,0.0,4,5,4,5,WP4->WP5,1,0.7790680902935971,0.7790680902895653,5.871696682052426,0.3160101350935543,utm,0,0.0,0.0,0,0.0
117.3,103.304,49.89992006703383,8.900110464475999,0.2878427067168713,7.935530760766,-8.890714906075274,492826.3599525886,5527508.238073856,7.9231888426002115,-8.895984864793718,0,1,0.0,0.0,4,5,4,5,WP4->WP5,1,0.777628521404588,0.7776285211903986,5.898057599299324,0.31742885909642127,utm,0,0.0,0.0,0,0.0
117.35,103.354,49.89992010095192,8.900110101486526,0.287842625443247,7.909452015618523,-8.886942294027701,492826.3338892676,5527508.241879721,7.897124678187538,-8.892184779047966,0,1,0.0,0.0,4,5,4,5,WP4->WP5,1,0.7761934982773354,0.7761934980436133,5.924358208128021,0.3188443373472655,utm,0,0.0,0.0,0,0.0
117.4,103.40400000000001,49.89992013494093,8.900109737879673,0.2878441065644728,7.8833289152075645,-8.883161793750714,492826.30778161954,5527508.245693532,7.8710161850904115,-8.888376757502556,0,1,0.0,0.0,4,5,4,5,WP4->WP5,1,0.774754568102321,0.7747545680001945,5.950703680567699,0.3202622301226559,utm,0,0.0,0.0,0,0.0
117.45,103.45400000000001,49.89992016874905,8.900109375845771,0.2878421095183713,7.857318822488434,-8.879401413446804,492826.2817869074,5527508.24948708,7.845020632317755,-8.884588974528015,0,1,0.0,0.0,4,5,4,5,WP4->WP5,1,0.7733256122179913,0.773325612129939,5.976934848090595,0.321673971096591,utm,0,0.0,0.0,0,0.0
117.5,103.504,49.89992020248913,8.900109014409741,0.2878388110886535,7.831351683496608,-8.87564860156966,492826.2558351218,5527508.253273004,7.819068007811438,-8.880808805115521,0,1,0.0,0.0,4,5,4,5,WP4->WP5,1,0.7719003698136638,0.7719003697218484,6.003122575784366,0.3230833741728087,utm,0,0.0,0.0,0,0.0
117.55,103.554,49.89992023602243,8.900108655069973,0.2878355447274388,7.805535149023454,-8.871918787889403,492826.23003385006,5527508.257035741,7.793265902320854,-8.877051790244877,0,1,0.0,0.0,4,5,4,5,WP4->WP5,1,0.770484618231227,0.7704846180548662,6.029158310052844,0.32448459708144256,utm,0,0.0,0.0,0,0.0
117.6,103.604,49.899920269473306,8.900108297242392,0.28784946859621763,7.779827256703252,-8.868198143064197,492826.204341165,5527508.260789166,7.767572385550011,-8.873304062522948,0,1,0.0,0.0,4,5,4,5,WP4->WP5,1,0.7690683270663861,0.7690683269734332,6.055085060477906,0.3258799545646389,utm,0,0.0,0.0,0,0.0
117.65,103.65400000000001,49.89992030278133,8.900107941131926,0.28786773354058054,7.75424272942976,-8.864493386487236,492826.17877177463,5527508.264526546,7.7420021669822745,-8.869572353549302,0,1,0.0,0.0,4,5,4,5,WP4->WP5,1,0.767656874362652,0.767656874198538,6.080887570698462,0.32726862553694475,utm,0,0.0,0.0,0,0.0
117.7,103.70400000000001,49.89992033593853,8.900107586292592,0.2878804898517719,7.72874952572759,-8.860805406106135,492826.1532936491,5527508.268247034,7.71652321703732,-8.865857514552772,0,1,0.0,0.0,4,5,4,5,WP4->WP5,1,0.7662539960444186,0.7662539963573733,6.10659766305975,0.32865232265215716,utm,0,0.0,0.0,0,0.0
117.75,103.754,49.89992036889507,8.900107232978403,0.2878826627632034,7.703365895175131,-8.857139745402586,492826.1279250234,5527508.271945066,7.691153771884274,-8.86216510925442,0,1,0.0,0.0,4,5,4,5,WP4->WP5,1,0.7648635888568739,0.7648635884148068,6.132196674218633,0.3300300414637073,utm,0,0.0,0.0,0,0.0
117.8,103.804,49.89992040175036,8.900106880832041,0.28788473947471904,7.6780661663822825,-8.85348534500679,492826.1026402509,5527508.27563173,7.665868182433769,-8.858484051190317,0,1,0.0,0.0,4,5,4,5,WP4->WP5,1,0.7634769232113963,0.7634769231738453,6.157711148076689,0.3314032105436719,utm,0,0.0,0.0,0,0.0
117.85,103.854,49.89992043562729,8.900106525753515,0.2878854626327289,7.652555778100758,-8.849717311372755,492826.0771450545,5527508.279432263,7.640372143941931,-8.85468917246908,0,1,0.0,0.0,4,5,4,5,WP4->WP5,1,0.7619958711278412,0.7619958710928919,6.183445474777389,0.332788211932127,utm,0,0.0,0.0,0,0.0
117.9,103.90400000000001,49.89992047331185,8.900106162264487,0.2878785560206316,7.626441142804937,-8.84552576493485,492826.05104641645,5527508.2836569445,7.614272569655441,-8.850470278412104,0,1,0.0,0.0,4,5,4,5,WP4->WP5,1,0.7601469371448597,0.7601469372681663,6.209819103369265,0.334207620049665,utm,0,0.0,0.0,0,0.0
117.95,103.95400000000001,49.89992051186016,8.90010578947241,0.2878788486403853,7.599658135811913,-8.841238147518146,492826.02427980135,5527508.2879785495,7.587504996859934,-8.846154609695077,0,1,0.0,0.0,4,5,4,5,WP4->WP5,1,0.7582618400264284,0.758261839583301,6.23686673469591,0.3356633024686189,utm,0,0.0,0.0,0,0.0
118.0,104.004,49.89992054773295,8.900105408667928,0.28788190011463916,7.572299482867287,-8.837248119906116,492825.99693737313,5527508.292003451,7.56016167672351,-8.842135771177709,0,1,0.0,0.0,4,5,4,5,WP4->WP5,1,0.7567242656923298,0.7567242661280106,6.264461010920502,0.337148404889559,utm,0,0.0,0.0,0,0.0
118.05,104.054,49.89992058381291,8.900105027362642,0.287869034167088,7.544904849928983,-8.833235049522939,492825.96955900994,5527508.296051437,7.532782416557893,-8.838093856349587,0,1,0.0,0.0,4,5,4,5,WP4->WP5,1,0.7551669494244717,0.7551669497749427,6.2920931611829145,0.33863554566167026,utm,0,0.0,0.0,0,0.0
118.1,104.104,49.89992061978993,8.900104647879811,0.28785602548119665,7.517641150103013,-8.829233427649953,492825.9423115125,5527508.300087802,7.505534024676308,-8.834063534624875,0,1,0.0,0.0,4,5,4,5,WP4->WP5,1,0.7536093806664068,0.7536093809416947,6.319593930996537,0.3401156156405135,utm,0,0.0,0.0,0,0.0
118.15,104.15400000000001,49.89992065554398,8.900104270775872,0.28784325869515254,7.490548360224239,-8.825256607462666,492825.9152348237,5527508.304099148,7.478456447017379,-8.830058192834258,0,1,0.0,0.0,4,5,4,5,WP4->WP5,1,0.7520612933814712,0.7520612932805347,6.346922330076559,0.3415864087609357,utm,0,0.0,0.0,0,0.0
118.2,104.20400000000001,49.89992069119283,8.900103894231203,0.28784754470047147,7.463495750736165,-8.821291487665532,492825.88819828397,5527508.3080987455,7.451419021002948,-8.826064591296017,0,1,0.0,0.0,4,5,4,5,WP4->WP5,1,0.750521278299939,0.7505212780271188,6.374209682708974,0.34305499279356677,utm,0,0.0,0.0,0,0.0
118.25,104.254,49.89992072685179,8.900103517635644,0.2878494956365776,7.436439485155548,-8.817325244313968,492825.86115809093,5527508.312099471,7.424377941468265,-8.822069862857461,0,1,0.0,0.0,4,5,4,5,WP4->WP5,1,0.7489804692855113,0.7489804696941258,6.401500775600467,0.3445237781240237,utm,0,0.0,0.0,0,0.0
118.3,104.304,49.899920762464184,8.900103141400674,0.2878512525303312,7.409409125788065,-8.813364179359668,492825.834143787,5527508.316094985,7.397362752119079,-8.818080338649452,0,1,0.0,0.0,4,5,4,5,WP4->WP5,1,0.7474425115259413,0.7474425112662053,6.42876561445618,0.345991150482755,utm,0,0.0,0.0,0,0.0
118.35,104.354,49.89992079806057,8.900102765317053,0.28785240670064355,7.382389640003273,-8.809404895253286,492825.80714034993,5527508.320088705,7.370358430081978,-8.814092607237399,0,1,0.0,0.0,4,5,4,5,WP4->WP5,1,0.7459053580018409,0.7459053581417382,6.456019468690731,0.3474579316577441,utm,0,0.0,0.0,0,0.0
118.4,104.40400000000001,49.89992083362196,8.900102389580923,0.2878527689280061,7.355395119480405,-8.805449503258302,492825.7801618631,5527508.3240785,7.343379059166182,-8.81010879483074,0,1,0.0,0.0,4,5,4,5,WP4->WP5,1,0.7443698587544556,0.7443698588730362,6.483248120164043,0.3489233564397832,utm,0,0.0,0.0,0,0.0
118.45,104.45400000000001,49.89992086918966,8.900102013951445,0.2878471914955976,7.3284082613352375,-8.801493410810624,492825.7531910365,5527508.3280689875,7.316407348320354,-8.806124288588762,0,1,0.0,0.0,4,5,4,5,WP4->WP5,1,0.7428329782941496,0.7428329782223402,6.510469205208281,0.35038837400251194,utm,0,0.0,0.0,0,0.0
118.5,104.504,49.899920904684976,8.900101638844506,0.2878433062252688,7.301458944629304,-8.797545367908734,492825.7262577257,5527508.332051376,7.2894731550477445,-8.80214787274599,0,1,0.0,0.0,4,5,4,5,WP4->WP5,1,0.7413007726442803,0.7413007730249622,6.537652196172511,0.3518513413715707,utm,0,0.0,0.0,0,0.0
118.55,104.554,49.89992094010495,8.900101264341773,0.2878393017505747,7.2745530367479265,-8.793605705675732,492825.6993677953,5527508.336025332,7.262582344061229,-8.798179880715907,0,1,0.0,0.0,4,5,4,5,WP4->WP5,1,0.7397730454124706,0.7397730453469739,6.564791222151646,0.3533119425794274,utm,0,0.0,0.0,0,0.0
118.6,104.604,49.89992097548792,8.900100890932883,0.2878340094767916,7.24772571533021,-8.789670159132971,492825.6725564146,5527508.339995069,7.23577008373104,-8.794216088950634,0,1,0.0,0.0,4,5,4,5,WP4->WP5,1,0.738242421098987,0.7382424209810887,6.591851638599575,0.35476831308363554,utm,0,0.0,0.0,0,0.0
118.65,104.65400000000001,49.89992101066509,8.90010051894023,0.28783574122744904,7.221000142477939,-8.785757503242841,492825.6458467114,5527508.343941787,7.2090595059562474,-8.790275293402374,0,1,0.0,0.0,4,5,4,5,WP4->WP5,1,0.7367255331865831,0.7367255336156419,6.6188087133596625,0.35621912181881776,utm,0,0.0,0.0,0,0.0
118.7,104.70400000000001,49.89992104567559,8.900100148504977,0.2878343703769369,7.19438646012139,-8.78186338600076,492825.6192488295,5527508.3478698265,7.182460753596388,-8.786353153176606,0,1,0.0,0.0,4,5,4,5,WP4->WP5,1,0.7352171438947337,0.7352171434503266,6.645652736418985,0.3576638461996531,utm,0,0.0,0.0,0,0.0
118.75,104.754,49.899921080536465,8.900099779585156,0.28783589653525116,7.1678816529541285,-8.77798591052422,492825.5927597572,5527508.351781086,7.15597081463784,-8.782447767443955,0,1,0.0,0.0,4,5,4,5,WP4->WP5,1,0.7337156316936899,0.7337156314438538,6.6723868787241285,0.35910265688401316,utm,0,0.0,0.0,0,0.0
118.8,104.804,49.899921115348725,8.900099411626963,0.28784113177562237,7.141445933275934,-8.774113842684006,492825.56633973756,5527508.355686847,7.129549929522909,-8.778547865338624,0,1,0.0,0.0,4,5,4,5,WP4->WP5,1,0.7322133554768404,0.7322133553677347,6.699051753991265,0.36053773967042085,utm,0,0.0,0.0,0,0.0
118.85,104.854,49.89992114998784,8.900099045343524,0.28783736974775737,7.115130535261355,-8.770261033047793,492825.5400399661,5527508.3595731985,7.103249296895228,-8.774667345918715,0,1,0.0,0.0,4,5,4,5,WP4->WP5,1,0.730719543289075,0.7307195430731326,6.7255951190720795,0.36196628287338717,utm,0,0.0,0.0,0,0.0
118.9,104.90400000000001,49.89992118464957,8.900098679079587,0.2878452026139361,7.088816538400087,-8.766405708149623,492825.5137415986,5527508.363462061,7.076950067596044,-8.770784315653145,0,1,0.0,0.0,4,5,4,5,WP4->WP5,1,0.7292231033365615,0.7292231033384284,6.752137312884632,0.36339476303960927,utm,0,0.0,0.0,0,0.0
118.95,104.95400000000001,49.899921219182204,8.90009831397366,0.28784369663817266,7.062585737935977,-8.762564741824212,492825.4875263753,5527508.367336461,7.050733985786792,-8.766915728338063,0,1,0.0,0.0,4,5,4,5,WP4->WP5,1,0.7277335526219317,0.7277335524955709,6.778595395797717,0.3648187164228344,utm,0,0.0,0.0,0,0.0
119.0,105.004,49.89992125377578,8.90009794872198,0.2878467898444479,7.036344466023621,-8.758716997380786,492825.4613006937,5527508.371217649,7.024507444177289,-8.763040356338024,0,1,0.0,0.0,4,5,4,5,WP4->WP5,1,0.7262381871545855,0.7262381870313475,6.805064507573499,0.3662432633708466,utm,0,0.0,0.0,0,0.0
119.05,105.054,49.89992128829003,8.900097584246065,0.28784768449266024,7.010158928465069,-8.754878076518757,492825.4351307125,5527508.375089945,6.998336604912765,-8.759173864498734,0,1,0.0,0.0,4,5,4,5,WP4->WP5,1,0.7247466436423338,0.7247466439581224,6.831477343253074,0.3676647815832603,utm,0,0.0,0.0,0,0.0
119.1,105.104,49.899921322741264,8.900097220473478,0.2878490626777572,6.984023920994825,-8.751046164428866,492825.409011232,5527508.378955166,6.972216267953627,-8.75531443580985,0,1,0.0,0.0,4,5,4,5,WP4->WP5,1,0.723257583874455,0.7232575835868261,6.857839245508513,0.3690835585985186,utm,0,0.0,0.0,0,0.0
119.15,105.15400000000001,49.89992135726235,8.900096855954159,0.2878497703325163,6.957835265011903,-8.747206482974262,492825.38283813477,5527508.382828226,6.946042312425561,-8.751447179354727,0,1,0.0,0.0,4,5,4,5,WP4->WP5,1,0.7217655606297579,0.7217655606185812,6.884255253623793,0.37050524754894715,utm,0,0.0,0.0,0,0.0
119.2,105.20400000000001,49.8999213917174,8.900096491820431,0.2878464384074698,6.931674311638328,-8.743374146367584,492825.3566927193,5527508.386693907,6.919896040344611,-8.74758729711175,0,1,0.0,0.0,4,5,4,5,WP4->WP5,1,0.7202783861277016,0.7202783857315112,6.910643026347369,0.3719254168926198,utm,0,0.0,0.0,0,0.0
119.25,105.254,49.89992142607759,8.900096128640834,0.28784271031578335,6.905581907192293,-8.739552361125625,492825.33061581146,5527508.39054895,6.893818278273102,-8.743738036602736,0,1,0.0,0.0,4,5,4,5,WP4->WP5,1,0.718795614305059,0.7187956140364393,6.93696161040067,0.37334186255603025,utm,0,0.0,0.0,0,0.0
119.3,105.304,49.8999214603717,8.900095766313424,0.2878427562746263,6.87955072749232,-8.73573792497676,492825.30460009415,5527508.394396564,6.867801708402112,-8.739896192215383,0,1,0.0,0.0,4,5,4,5,WP4->WP5,1,0.7173147118437718,0.7173147114866884,6.963218582949066,0.37475499233630805,utm,0,0.0,0.0,0,0.0
119.35,105.354,49.89992149464333,8.900095405019686,0.28786030922140765,6.853593811342616,-8.731925989939294,492825.2786586075,5527508.398241581,6.841859369713347,-8.736056927591562,0,1,0.0,0.0,4,5,4,5,WP4->WP5,1,0.7158296872500829,0.7158296868199299,6.989401393912086,0.37616413079791206,utm,0,0.0,0.0,0,0.0
119.4,105.40400000000001,49.89992152874366,8.900095045484623,0.2878822174582412,6.827763246065551,-8.728133107922714,492825.25284339604,5527508.402067382,6.816043310507666,-8.732236851006746,0,1,0.0,0.0,4,5,4,5,WP4->WP5,1,0.7143523888609331,0.7143523892966317,7.015456709773687,0.37756640757261284,utm,0,0.0,0.0,0,0.0
119.45,105.45400000000001,49.89992156262503,8.900094687323774,0.28788277982369515,6.802031410346488,-8.724364579726622,492825.22712684225,5527508.405868709,6.7903259143349715,-8.72844122722745,0,1,0.0,0.0,4,5,4,5,WP4->WP5,1,0.712890549410267,0.71289054951237,7.041411560029936,0.3789632773668038,utm,0,0.0,0.0,0,0.0
119.5,105.504,49.899921596317746,8.90009433099434,0.2878844036775724,6.776431151461163,-8.720617036102794,492825.201541785,5527508.409648884,6.764740019396413,-8.724666725844145,0,1,0.0,0.0,4,5,4,5,WP4->WP5,1,0.7114378921829346,0.7114378924031874,7.067233540317555,0.38035299620293095,utm,0,0.0,0.0,0,0.0
119.55,105.554,49.899921629993905,8.90009397498106,0.28788514668849485,6.750853606344299,-8.716871332759235,492825.17597943,5527508.413427188,6.739176827191841,-8.720894091762602,0,1,0.0,0.0,4,5,4,5,WP4->WP5,1,0.7099850469897354,0.7099850471241443,7.093032742143387,0.3817414891200135,utm,0,0.0,0.0,0,0.0
119.6,105.604,49.899921664727486,8.90009361527156,0.2878854037654231,6.72501050879162,-8.713008016332566,492825.1501517853,5527508.417323414,6.71334831911372,-8.717003592289984,0,1,0.0,0.0,4,5,4,5,WP4->WP5,1,0.7084387355522376,0.7084387356205201,7.119106804524583,0.3831447748177753,utm,0,0.0,0.0,0,0.0
119.65,105.65400000000001,49.89992170304391,8.900093247928528,0.28787068238603597,6.69861898497801,-8.7087461904332,492825.12377646426,5527508.421618721,6.686972046212759,-8.712714134715497,0,1,0.0,0.0,4,5,4,5,WP4->WP5,1,0.7065444683628108,0.7065444679236463,7.1457623662974505,0.3845793563591866,utm,0,0.0,0.0,0,0.0
119.7,105.70400000000001,49.899921740595026,8.900092874533057,0.28788524795022213,6.671792627610945,-8.70456948722472,492825.09696636954,5527508.4258295195,6.660161018371582,-8.708509281277657,0,1,0.0,0.0,4,5,4,5,WP4->WP5,1,0.704773652969573,0.7047736529035642,7.172843286022084,0.38603683033375297,utm,0,0.0,0.0,0,0.0
119.75,105.754,49.8999217765182,8.900092495542575,0.28788197117255915,6.644564300301672,-8.700573855283587,492825.0697542238,5527508.429859854,6.632947979553137,-8.704484981484711,0,1,0.0,0.0,4,5,4,5,WP4->WP5,1,0.7032188952730021,0.7032188950727994,7.200308303809698,0.3875149761664456,utm,0,0.0,0.0,0,0.0
119.8,105.804,49.89992181275453,8.900092116362652,0.2878808316191791,6.61732236270039,-8.696543392447683,492825.0425285197,5527508.433925026,6.605721374624409,-8.700425847433507,0,1,0.0,0.0,4,5,4,5,WP4->WP5,1,0.701630667668102,0.7016306679578022,7.227789972620756,0.38899401814423096,utm,0,0.0,0.0,0,0.0
119.85,105.854,49.89992184891826,8.900091738746674,0.28786647951583627,6.59019278575138,-8.692521003921051,492825.0154151207,5527508.437981975,6.578607076662593,-8.696374910883605,0,1,0.0,0.0,4,5,4,5,WP4->WP5,1,0.700040480924278,0.7000404811431726,7.255159052764771,0.3904670006877832,utm,0,0.0,0.0,0,0.0
119.9,105.90400000000001,49.89992188489415,8.900091362929683,0.28786042014835467,6.56319245578322,-8.688519508695574,492824.98843088927,5527508.442017867,6.551621950871777,-8.692345002666116,0,1,0.0,0.0,4,5,4,5,WP4->WP5,1,0.698459593289609,0.6984595928579078,7.282397590942441,0.39193295756453855,utm,0,0.0,0.0,0,0.0
119.95,105.95400000000001,49.899921920816,8.90009098789506,0.2878500653485717,6.5362483346645375,-8.684524024627787,492824.96150283644,5527508.446047677,6.5246930050780065,-8.688321164809167,0,1,0.0,0.0,4,5,4,5,WP4->WP5,1,0.6968796857039384,0.6968796854482587,7.309579630718351,0.39339587374138385,utm,0,0.0,0.0,0,0.0
120.0,106.004,49.89992195674406,8.900090612101424,0.2878534819815504,6.509249682660101,-8.680527849305166,492824.9345202754,5527508.45007825,6.497709550894797,-8.684296575374901,0,1,0.0,0.0,4,5,4,5,WP4->WP5,1,0.6953039432686496,0.6953039432363413,7.336816024701312,0.3948617152192526,utm,0,0.0,0.0,0,0.0
120.05,106.054,49.89992199264862,8.90009023661835,0.2878546288818798,6.482273342800167,-8.676534287590894,492824.9075600141,5527508.454106181,6.470748397056013,-8.680274623446167,0,1,0.0,0.0,4,5,4,5,WP4->WP5,1,0.6937288170977031,0.6937288172079226,7.364029971396253,0.3963263486015906,utm,0,0.0,0.0,0,0.0
120.1,106.104,49.899922028528586,8.900089861375474,0.2878553673710803,6.4553142597531945,-8.672543461887306,492824.8806169992,5527508.458131353,6.4438044901471585,-8.676255425438285,0,1,0.0,0.0,4,5,4,5,WP4->WP5,1,0.6921548804269416,0.6921548799651983,7.391226493021538,0.3977900441802725,utm,0,0.0,0.0,0,0.0
120.15,106.15400000000001,49.89992206444471,8.900089485807797,0.2878546906308156,6.428331841677689,-8.668548614594698,492824.8536506639,5527508.462160579,6.41683726204792,-8.672232179902494,0,1,0.0,0.0,4,5,4,5,WP4->WP5,1,0.6905790136173535,0.6905790135829228,7.418446605818185,0.3992550094173943,utm,0,0.0,0.0,0,0.0
120.2,106.20400000000001,49.89992210029423,8.900089110742936,0.2878552574711543,6.401385548063078,-8.664561174412478,492824.8267204289,5527508.46618235,6.38990613585338,-8.66821638122201,0,1,0.0,0.0,4,5,4,5,WP4->WP5,1,0.6890073091493107,0.6890073087299027,7.445630092476696,0.40071800346433256,utm,0,0.0,0.0,0,0.0
120.25,106.254,49.899922136121035,8.900088736045856,0.2878511491939317,6.374465677399897,-8.660576262227721,492824.7998166029,5527508.470201559,6.363001419231296,-8.66420313809067,0,1,0.0,0.0,4,5,4,5,WP4->WP5,1,0.6874357692699705,0.687435768949434,7.4727870466119075,0.40217956955156403,utm,0,0.0,0.0,0,0.0
120.3,106.304,49.8999221718719,8.900088361950562,0.28784739007970245,6.347589041741178,-8.656599795804421,492824.7729559834,5527508.474212269,6.336139911029022,-8.660198383964598,0,1,0.0,0.0,4,5,4,5,WP4->WP5,1,0.6858687891807894,0.6858687891915631,7.499900202973275,0.4036387784767726,utm,0,0.0,0.0,0,0.0
120.35,106.354,49.89992220757754,8.900087988284577,0.28783777276564587,6.320743249449887,-8.652628359905037,492824.7461261885,5527508.478217911,6.309309228439815,-8.656198692508042,0,1,0.0,0.0,4,5,4,5,WP4->WP5,1,0.6843040712114163,0.6843040714231252,7.5269822028832225,0.40509631058607,utm,0,0.0,0.0,0,0.0
120.4,106.40400000000001,49.89992224314004,8.900087615826406,0.2878368066413031,6.293984231799358,-8.648672844800187,492824.7193831124,5527508.482207521,6.28256526828045,-8.652215013280511,0,1,0.0,0.0,4,5,4,5,WP4->WP5,1,0.6827474834246017,0.6827474833059579,7.55397639003289,0.40654911668110916,utm,0,0.0,0.0,0,0.0
120.45,106.45400000000001,49.89992227855327,8.900087245001293,0.2878333536959085,6.267342540159686,-8.64473393254684,492824.69275729335,5527508.486180379,6.255938568909187,-8.64824806060642,0,1,0.0,0.0,4,5,4,5,WP4->WP5,1,0.6811969825215256,0.681196982149872,7.580852286070852,0.40799555644079166,utm,0,0.0,0.0,0,0.0
120.5,106.504,49.89992231377937,8.900086875997424,0.2878336232325479,6.240831694594676,-8.640815834351514,492824.66626224044,5527508.490132257,6.2294426402659155,-8.644302057102323,0,1,0.0,0.0,4,5,4,5,WP4->WP5,1,0.6796555581755278,0.6796555580824443,7.607596055111324,0.40943488522853766,utm,0,0.0,0.0,0,0.0
120.55,106.554,49.89992234895475,8.900086507960962,0.2878414870426338,6.214390351798163,-8.636903377276745,492824.63983665523,5527508.494078404,6.203016180661507,-8.64036177098751,0,1,0.0,0.0,4,5,4,5,WP4->WP5,1,0.678113564319516,0.6781135643191161,7.634270122750958,0.41087046274126243,utm,0,0.0,0.0,0,0.0
120.6,106.604,49.89992238404106,8.900086140858264,0.287845700455165,6.18801609462435,-8.63300082700871,492824.6134781157,5527508.498014558,6.176656768890098,-8.63643146213144,0,1,0.0,0.0,4,5,4,5,WP4->WP5,1,0.6765754644208954,0.6765754640265165,7.6608765159798216,0.41230239806999036,utm,0,0.0,0.0,0,0.0
120.65,106.65400000000001,49.89992241910422,8.900085774069185,0.28785132080748627,6.161664369231148,-8.629100852850035,492824.58714209567,5527508.501948108,6.150319877197035,-8.632503752596676,0,1,0.0,0.0,4,5,4,5,WP4->WP5,1,0.6750379218799508,0.6750379220326699,7.687460246536384,0.4137331137113735,utm,0,0.0,0.0,0,0.0
120.7,106.70400000000001,49.89992245410761,8.90008540796235,0.2878513825594256,6.1353616593176845,-8.625207525916704,492824.5608550627,5527508.505874947,6.124031974060927,-8.628582742996514,0,1,0.0,0.0,4,5,4,5,WP4->WP5,1,0.6735026367791732,0.673502636866297,7.713994584014793,0.4151611710558205,utm,0,0.0,0.0,0,0.0
120.75,106.754,49.89992248908689,8.90008504231859,0.2878532224199731,6.109092218595687,-8.621316880514405,492824.53460128204,5527508.509799062,6.097777323855553,-8.624664449132979,0,1,0.0,0.0,4,5,4,5,WP4->WP5,1,0.6719670589790454,0.6719670588218365,7.740495559109259,0.41658743286278865,utm,0,0.0,0.0,0,0.0
120.8,106.804,49.89992252406788,8.900084676640716,0.28785443898219903,6.082820327035893,-8.617426044787079,492824.5083450519,5527508.513723371,6.071520224097185,-8.620745963416994,0,1,0.0,0.0,4,5,4,5,WP4->WP5,1,0.670431510173755,0.6704315101364908,7.766998991097766,0.4180138268978776,utm,0,0.0,0.0,0,0.0
120.85,106.854,49.8999225589787,8.900084311598011,0.2878538207917279,6.056594068738418,-8.613543014508394,492824.48213442636,5527508.517639817,6.0453087307396345,-8.616835329681635,0,1,0.0,0.0,4,5,4,5,WP4->WP5,1,0.6688996701635654,0.6688996703460058,7.793456294592968,0.4194377383334403,utm,0,0.0,0.0,0,0.0
120.9,106.90400000000001,49.89992259387512,8.90008394657916,0.2878523061422454,6.030369524266228,-8.609661586073049,492824.4559255119,5527508.521554659,6.019098948745523,-8.61292629968375,0,1,0.0,0.0,4,5,4,5,WP4->WP5,1,0.6673692730870601,0.6673692731064056,7.819911749091257,0.42086155025743144,utm,0,0.0,0.0,0,0.0
120.95,106.95400000000001,49.89992262883186,8.900083580782365,0.2878489724394383,6.004089088849007,-8.605773448149899,492824.4296607378,5527508.525476282,5.992833305674139,-8.609010501764715,0,1,0.0,0.0,4,5,4,5,WP4->WP5,1,0.6658371702998697,0.6658371705319676,7.846423447439219,0.4222883891815379,utm,0,0.0,0.0,0,0.0
121.0,107.004,49.89992266366885,8.900083216233755,0.28784583093920374,5.977898328519885,-8.601898628733384,492824.40348558535,5527508.529384474,5.966657287208363,-8.605108113959432,0,1,0.0,0.0,4,5,4,5,WP4->WP5,1,0.6643103454970878,0.664310345675568,7.87284467706538,0.423710359149609,utm,0,0.0,0.0,0,0.0
121.05,107.054,49.899922698433244,8.90008285308412,0.2878529291799571,5.951808076660871,-8.598031885041195,492824.37741089053,5527508.533284458,5.940581728180405,-8.60121391247958,0,1,0.0,0.0,4,5,4,5,WP4->WP5,1,0.662782617327246,0.6627826169027415,7.899165118368155,0.4251269047687373,utm,0,0.0,0.0,0,0.0
121.1,107.104,49.89992273327664,8.900082489363863,0.28786765014955323,5.925676828783976,-8.594156354559065,492824.3512952277,5527508.537193281,5.914465199166443,-8.597310881130397,0,1,0.0,0.0,4,5,4,5,WP4->WP5,1,0.6612497879403367,0.6612497882065467,7.925527158746151,0.42654568921764385,utm,0,0.0,0.0,0,0.0
121.15,107.15400000000001,49.899922767942556,8.900082127383246,0.2878848723051034,5.899670564318408,-8.590300563399957,492824.3253044723,5527508.541082206,5.8884735819883645,-8.593427719548345,0,1,0.0,0.0,4,5,4,5,WP4->WP5,1,0.6597254870963317,0.659725487338669,7.951763004752574,0.4279576819839128,utm,0,0.0,0.0,0,0.0
121.2,107.20400000000001,49.89992280237549,8.900081767018627,0.2878846965658084,5.87378040006193,-8.586470686868054,492824.2994297363,5527508.544945071,5.862597990024369,-8.589570592157543,0,1,0.0,0.0,4,5,4,5,WP4->WP5,1,0.6582166554881242,0.6582166557598776,7.977880951063053,0.4293633294805161,utm,0,0.0,0.0,0,0.0
121.25,107.254,49.89992283672206,8.900081407467532,0.2878855143375816,5.847948683003406,-8.582650416443494,492824.2736134113,5527508.5487982575,5.8367808111943305,-8.585723130963743,0,1,0.0,0.0,4,5,4,5,WP4->WP5,1,0.6567121854068951,0.6567121853690172,8.003939850637328,0.4307657991278374,utm,0,0.0,0.0,0,0.0
121.3,107.304,49.899922871074544,8.900081047927253,0.2878862065525801,5.822117743030455,-8.578829488017915,492824.24779786414,5527508.552652099,5.8109644100186415,-8.58187501411885,0,1,0.0,0.0,4,5,4,5,WP4->WP5,1,0.6552069915295234,0.6552069917193869,8.029998034814497,0.43216823027304463,utm,0,0.0,0.0,0,0.0
121.35,107.354,49.899922906667975,8.900080684775773,0.2878859151616008,5.796027358573,-8.57487053291204,492824.2217231599,5527508.55664426,5.784888821130153,-8.577888635918498,0,1,0.0,0.0,4,5,4,5,WP4->WP5,1,0.653587464487729,0.6535874642183532,8.056326815265347,0.43358522469861727,utm,0,0.0,0.0,0,0.0
121.4,107.40400000000001,49.89992294524583,8.900080315290129,0.2878681515758216,5.76948190022038,-8.570579628320356,492824.19519400597,5527508.560968843,5.758358708873857,-8.573569934815168,0,1,0.0,0.0,4,5,4,5,WP4->WP5,1,0.6516779412921203,0.6516779416353965,8.0831382261297,0.4350281939165591,utm,0,0.0,0.0,0,0.0
121.45,107.45400000000001,49.899922982244476,8.900079941838916,0.28789394407928154,5.742651538099613,-8.56646437462419,492824.16837982764,5527508.565118227,5.731543611036614,-8.569426498375833,0,1,0.0,0.0,4,5,4,5,WP4->WP5,1,0.6499686586771927,0.6499686585694466,8.11021766292996,0.43648558808129245,utm,0,0.0,0.0,0,0.0
121.5,107.504,49.89992301847632,8.900079563590214,0.28788314908803214,5.715476503495073,-8.56243441059551,492824.1412210004,5527508.569182814,5.7043838831014,-8.565367934294045,0,1,0.0,0.0,4,5,4,5,WP4->WP5,1,0.6483749707344302,0.6483749704523658,8.137632675636866,0.4379610426795488,utm,0,0.0,0.0,0,0.0
121.55,107.554,49.899923054859805,8.90007918603888,0.2878850521080875,5.68835157080967,-8.558387579807391,492824.11411227775,5527508.573264194,5.6772742560715415,-8.561292566359043,0,1,0.0,0.0,4,5,4,5,WP4->WP5,1,0.6467600306068277,0.6467600305524491,8.164999306281828,0.4394338933929728,utm,0,0.0,0.0,0,0.0
121.6,107.604,49.8999230911199,8.900078810121855,0.28788181935563023,5.661344053980453,-8.554354472939439,492824.0871209059,5527508.577331701,5.650281982903834,-8.557231044396758,0,1,0.0,0.0,4,5,4,5,WP4->WP5,1,0.6451483008443579,0.6451483012723037,8.192247812652221,0.4409003867500846,utm,0,0.0,0.0,0,0.0
121.65,107.65400000000001,49.899923127397805,8.900078434591622,0.28786802247212095,5.6343643260325225,-8.55031938570068,492824.06015731464,5527508.581401148,5.623317489866167,-8.553167576901615,0,1,0.0,0.0,4,5,4,5,WP4->WP5,1,0.643532130058875,0.6435321304611552,8.219468827372252,0.44236540052801937,utm,0,0.0,0.0,0,0.0
121.7,107.70400000000001,49.89992316361301,8.900078059464303,0.28785876340177724,5.607413545128399,-8.54629127185766,492824.0332226494,5527508.585463587,5.59638192440616,-8.549111110158265,0,1,0.0,0.0,4,5,4,5,WP4->WP5,1,0.6419203245367188,0.6419203242819109,8.246660401150901,0.4438288298174549,utm,0,0.0,0.0,0,0.0
121.75,107.754,49.899923199798344,8.900077684414322,0.28785496851628833,5.580468320596697,-8.542266481273547,492824.0062935341,5527508.589522698,5.569451909628697,-8.545057971030474,0,1,0.0,0.0,4,5,4,5,WP4->WP5,1,0.6403113319521212,0.6403113314992785,8.273846146919537,0.4452919454479378,utm,0,0.0,0.0,0,0.0
121.8,107.804,49.899923235960415,8.900077309263544,0.28785711414485804,5.553515854326817,-8.538244277411717,492823.97935717646,5527508.593579233,5.542514653061517,-8.54100740980357,0,1,0.0,0.0,4,5,4,5,WP4->WP5,1,0.6387055590866778,0.6387055586882955,8.301038872638369,0.44675543673389545,utm,0,0.0,0.0,0,0.0
121.85,107.854,49.89992327206783,8.900076934712006,0.28785808776437616,5.52660644005258,-8.534228153337791,492823.95246384555,5527508.597629633,5.515620424645022,-8.536962973885238,0,1,0.0,0.0,4,5,4,5,WP4->WP5,1,0.6371020071991269,0.637102007189831,8.32818819327813,0.44821659199235653,utm,0,0.0,0.0,0,0.0
121.9,107.90400000000001,49.89992330815351,8.900076560390543,0.2878582948216502,5.499713555405627,-8.530214446179436,492823.9255870346,5527508.601677593,5.488742716668639,-8.532920975238085,0,1,0.0,0.0,4,5,4,5,WP4->WP5,1,0.6354993932595863,0.6354993929082996,8.35532084103277,0.44967684992914636,utm,0,0.0,0.0,0,0.0
121.95,107.95400000000001,49.89992334426885,8.900076185785048,0.2878568599803094,5.472800264637008,-8.52619744052565,492823.8986898301,5527508.605728881,5.461844614415895,-8.528875650838017,0,1,0.0,0.0,4,5,4,5,WP4->WP5,1,0.6338953064692723,0.6338953066102133,8.382474099716793,0.4511382171300776,utm,0,0.0,0.0,0,0.0
122.0,108.004,49.899923380349506,8.900075811429241,0.2878569053761001,5.445904912561499,-8.522184292314396,492823.87181055197,5527508.609776287,5.4349644394242205,-8.524834205396473,0,1,0.0,0.0,4,5,4,5,WP4->WP5,1,0.6322934668375914,0.6322934671515429,8.409609154491033,0.45259860461078466,utm,0,0.0,0.0,0,0.0
122.05,108.054,49.89992341637329,8.900075437645572,0.28785443263869637,5.419050665364768,-8.51817747011078,492823.84497235395,5527508.613817316,5.408125345944427,-8.520799129270017,0,1,0.0,0.0,4,5,4,5,WP4->WP5,1,0.630694267128257,0.6306942669984444,8.436702720894312,0.4540567592197305,utm,0,0.0,0.0,0,0.0
122.1,108.104,49.89992345231492,8.900075064582085,0.28785212240701036,5.3922481591264235,-8.514179784923458,492823.818185864,5527508.617849141,5.381337962578982,-8.516773243434727,0,1,0.0,0.0,4,5,4,5,WP4->WP5,1,0.629099558937873,0.6290995588753017,8.46374395918815,0.4555120975706457,utm,0,0.0,0.0,0,0.0
122.15,108.15400000000001,49.89992348819093,8.900074692089364,0.28783965532831796,5.365486659243282,-8.5101894000098,492823.79144035454,5527508.621873616,5.354591561306734,-8.512754699215293,0,1,0.0,0.0,4,5,4,5,WP4->WP5,1,0.6275084679099969,0.6275084683130855,8.490743720406508,0.4569652036577137,utm,0,0.0,0.0,0,0.0
122.2,108.20400000000001,49.89992352391701,8.900074321089319,0.28783708439226807,5.3388323997216744,-8.506215690115498,492823.7648020205,5527508.62588128,5.327952339197509,-8.508752943016589,0,1,0.0,0.0,4,5,4,5,WP4->WP5,1,0.6259244353725679,0.6259244351214869,8.51763522550306,0.4584124834847534,utm,0,0.0,0.0,0,0.0
122.25,108.254,49.89992355951244,8.900073951563805,0.2878438712962182,5.312284076910902,-8.50225651284584,492823.7382695615,5527508.629874274,5.301418995368294,-8.504765832796693,0,1,0.0,0.0,4,5,4,5,WP4->WP5,1,0.6243454433010354,0.624345443537872,8.544419963144955,0.45985401717066954,utm,0,0.0,0.0,0,0.0
122.3,108.304,49.899923595034856,8.900073582917972,0.28785029264633044,5.285798954294963,-8.498305455874771,492823.71180026676,5527508.633859068,5.274948817619588,-8.500786907970905,0,1,0.0,0.0,4,5,4,5,WP4->WP5,1,0.6227689106586797,0.622768910715986,8.571141053908649,0.4612921254312499,utm,0,0.0,0.0,0,0.0
122.35,108.354,49.899923630376136,8.90007321607009,0.28784693288812585,5.259443004256706,-8.494374546470368,492823.68546006625,5527508.637823551,5.248607738583814,-8.496828267350793,0,1,0.0,0.0,4,5,4,5,WP4->WP5,1,0.6212009402442266,0.6212009401139742,8.597731743160585,0.46272321558418983,utm,0,0.0,0.0,0,0.0
122.4,108.40400000000001,49.89992366584512,8.900072848334565,0.2878559760896537,5.233023282025334,-8.490429432734304,492823.65905613796,5527508.6418023165,5.222202928620391,-8.492855357006192,0,1,0.0,0.0,4,5,4,5,WP4->WP5,1,0.6196245039246246,0.6196245040915599,8.624387190149402,0.464157790948013,utm,0,0.0,0.0,0,0.0
122.45,108.45400000000001,49.89992370123494,8.900072481280136,0.2878567688454542,5.2066524927027755,-8.48649312489144,492823.6327011114,5527508.645772216,5.195847022347152,-8.488891302607954,0,1,0.0,0.0,4,5,4,5,WP4->WP5,1,0.6180524787056864,0.6180524788708235,8.650993134294653,0.4655897021074113,utm,0,0.0,0.0,0,0.0
122.5,108.504,49.899923736613715,8.900072114431957,0.2878572784061396,5.180296521351776,-8.482558044609615,492823.60636089515,5527508.649740868,5.169505926663987,-8.48492849059403,0,1,0.0,0.0,4,5,4,5,WP4->WP5,1,0.616480357163994,0.6164803572174596,8.677584215987435,0.4670208133812113,utm,0,0.0,0.0,0,0.0
122.55,108.554,49.89992377193911,8.900071748079,0.28785728725079635,5.153976128880978,-8.4786289026101,492823.58005623595,5527508.653703537,5.14320038940059,-8.48097165580839,0,1,0.0,0.0,4,5,4,5,WP4->WP5,1,0.6149109812214236,0.614910981638721,8.704139345403817,0.4684499897315409,utm,0,0.0,0.0,0,0.0
122.6,108.604,49.8999238071787,8.900071382615117,0.2878565679491758,5.1277196113383745,-8.474709303040406,492823.55381541327,5527508.657656581,5.116958690749016,-8.477024430409074,0,1,0.0,0.0,4,5,4,5,WP4->WP5,1,0.6133454225490466,0.6133454222391704,8.730630029769925,0.4698756976995363,utm,0,0.0,0.0,0,0.0
122.65,108.65400000000001,49.89992384247094,8.90007101640522,0.287853915027569,5.101409496969684,-8.470783848676705,492823.5275210231,5527508.661615551,5.090663423296064,-8.47307129111141,0,1,0.0,0.0,4,5,4,5,WP4->WP5,1,0.6117788015596201,0.6117788018247136,8.757174597944719,0.47130430565208203,utm,0,0.0,0.0,0,0.0
122.7,108.70400000000001,49.899923877795466,8.900070649774994,0.28785107312368097,5.075069184231183,-8.466854802900993,492823.50119645154,5527508.665578151,5.06433797365753,-8.46911452896893,0,1,0.0,0.0,4,5,4,5,WP4->WP5,1,0.6102112940403729,0.6102112943085091,8.78374955203703,0.4727345489510054,utm,0,0.0,0.0,0,0.0
122.75,108.754,49.8999239130753,8.900070283824713,0.2878495016292045,5.0487777217029475,-8.462930728216847,492823.47492070403,5527508.669535716,5.038061349128839,-8.46516279131174,0,1,0.0,0.0,4,5,4,5,WP4->WP5,1,0.6086443887570656,0.6086443888262253,8.81027542685571,0.4741621508417073,utm,0,0.0,0.0,0,0.0
122.8,108.804,49.89992394835694,8.90006991849271,0.28786074021312635,5.022530679014529,-8.459006451887227,492823.44868935883,5527508.6734934235,5.011829126917291,-8.46121090091765,0,1,0.0,0.0,4,5,4,5,WP4->WP5,1,0.6070733286101705,0.6070733289191695,8.836757093905543,0.4755873735047749,utm,0,0.0,0.0,0,0.0
122.85,108.854,49.89992398363532,8.900069553221076,0.287875909629593,4.996287973533073,-8.455082539226987,492823.4224623489,5527508.677450762,4.985601240070537,-8.457259379327297,0,1,0.0,0.0,4,5,4,5,WP4->WP5,1,0.6055022441533388,0.6055022445424099,8.863234410116844,0.47701236200910674,utm,0,0.0,0.0,0,0.0
122.9,108.90400000000001,49.89992401875652,8.900069189303162,0.28788653868606057,4.970142525116053,-8.451176108167997,492823.3963325338,5527508.681390498,4.95947055198485,-8.453325437381864,0,1,0.0,0.0,4,5,4,5,WP4->WP5,1,0.6039399080036922,0.6039399078388217,8.88961333841058,0.47843205535246475,utm,0,0.0,0.0,0,0.0
122.95,108.95400000000001,49.89992405362892,8.900068827371461,0.2878861334979405,4.94413977495586,-8.447297351358293,492823.37034532323,5527508.685302378,4.933482474531047,-8.449419320560992,0,1,0.0,0.0,4,5,4,5,WP4->WP5,1,0.6023924266910451,0.6023924262427303,8.915847728391872,0.47984396975659693,utm,0,0.0,0.0,0,0.0
123.0,109.004,49.89992408834435,8.900068466993412,0.2878864401638704,4.918248645883004,-8.443436053508941,492823.3444696661,5527508.689196657,4.9076059544458985,-8.445530778728426,0,1,0.0,0.0,4,5,4,5,WP4->WP5,1,0.6008523919792174,0.6008523919946108,8.941969430906568,0.48124981940918105,utm,0,0.0,0.0,0,0.0
123.05,109.054,49.89992412319243,8.900068105290622,0.28788635378335625,4.8922623416305795,-8.439560001578691,492823.31849889137,5527508.693105814,4.881634313496761,-8.441627381369472,0,1,0.0,0.0,4,5,4,5,WP4->WP5,1,0.5993061375828421,0.5993061371799198,8.968187206183712,0.48266083962289663,utm,0,0.0,0.0,0,0.0
123.1,109.104,49.89992415940688,8.900067739553382,0.2878859518901223,4.865986184969806,-8.4355319719315,492823.29223858257,5527508.697167274,4.855373104684986,-8.437571745365858,0,1,0.0,0.0,4,5,4,5,WP4->WP5,1,0.5976343666008789,0.5976343670066259,8.994707094132284,0.48408811930491946,utm,0,0.0,0.0,0,0.0
123.15,109.15400000000001,49.8999241979151,8.900067369029745,0.28787260908383205,4.839366152692122,-8.431248813356106,492823.2656348754,5527508.701484217,4.8287684408714995,-8.433260701596737,0,1,0.0,0.0,4,5,4,5,WP4->WP5,1,0.5957391895149872,0.5957391899772059,9.02159206283477,0.48553504734832936,utm,0,0.0,0.0,0,0.0
123.2,109.20400000000001,49.89992423478121,8.90006699547333,0.28789611600843584,4.812528232332565,-8.427148301005335,492823.23881312355,5527508.705618881,4.8019457727787085,-8.429131985642016,0,1,0.0,0.0,4,5,4,5,WP4->WP5,1,0.594045251756298,0.5940452515649113,9.048677711913486,0.48699277585304324,utm,0,0.0,0.0,0,0.0
123.25,109.254,49.899924271201684,8.90006661820375,0.2878847390307932,4.78542354215843,-8.423097355942032,492823.21172464226,5527508.709704352,4.774856386182364,-8.425052521750331,0,1,0.0,0.0,4,5,4,5,WP4->WP5,1,0.592424408031183,0.592424407947903,9.07602455373051,0.4884645615471842,utm,0,0.0,0.0,0,0.0
123.3,109.304,49.899924307669224,8.90006624246037,0.28788734055085646,4.758428500813387,-8.41904117587923,492823.184745773,5527508.713794909,4.747876610432286,-8.420967947691679,0,1,0.0,0.0,4,5,4,5,WP4->WP5,1,0.5907885925779869,0.5907885929236592,9.103262691701323,0.48993049688511864,utm,0,0.0,0.0,0,0.0
123.35,109.354,49.899924344123015,8.900065867041809,0.287888912236604,4.731456795773087,-8.414986525491912,492823.15779022884,5527508.717883906,4.720920160179958,-8.416884928941727,0,1,0.0,0.0,4,5,4,5,WP4->WP5,1,0.589152224446756,0.5891522245800622,9.130477458904307,0.4913951744265595,utm,0,0.0,0.0,0,0.0
123.4,109.40400000000001,49.899924380555966,8.900065492300737,0.2878801775583632,4.704533764570536,-8.410934192258718,492823.13088333595,5527508.721970523,4.694012361753266,-8.412804278545082,0,1,0.0,0.0,4,5,4,5,WP4->WP5,1,0.5875138307814568,0.5875138304781027,9.157643558804152,0.4928572327317092,utm,0,0.0,0.0,0,0.0
123.45,109.45400000000001,49.899924416969334,8.90006511784831,0.2878680718741601,4.677631470921945,-8.406884037504165,492823.1039971696,5527508.726054936,4.667125290259719,-8.408725827932358,0,1,0.0,0.0,4,5,4,5,WP4->WP5,1,0.5858757578828333,0.5858757578705287,9.18478881785561,0.4943181693986561,utm,0,0.0,0.0,0,0.0
123.5,109.504,49.89992445342897,8.900064742873207,0.2878560289259321,4.650691625879666,-8.40282873619111,492823.0770734736,5527508.730144542,4.640200688038021,-8.404642192646861,0,1,0.0,0.0,4,5,4,5,WP4->WP5,1,0.5842359044571311,0.5842359049044737,9.21197192225927,0.4957811428729365,utm,0,0.0,0.0,0,0.0
123.55,109.554,49.89992448983097,8.90006436780953,0.2878586949544981,4.623745417388403,-8.39877984649658,492823.05014340824,5527508.734227747,4.61326971789822,-8.400564959272742,0,1,0.0,0.0,4,5,4,5,WP4->WP5,1,0.5826030019848161,0.5826030023116937,9.239160791537014,0.4972444266082431,utm,0,0.0,0.0,0,0.0
123.6,109.604,49.899924526127585,8.900063993827962,0.28786051591786677,4.59687695216744,-8.39474267841804,492823.02329103963,5527508.738299132,4.586416447069496,-8.396499528549612,0,1,0.0,0.0,4,5,4,5,WP4->WP5,1,0.5809748491393312,0.5809748495328328,9.266271213872272,0.4987034883902992,utm,0,0.0,0.0,0,0.0
123.65,109.65400000000001,49.899924562411,8.900063620077589,0.2878603903465098,4.5700250971027465,-8.390706977752526,492822.9964552726,5527508.742369029,4.55957977817161,-8.392435583285987,0,1,0.0,0.0,4,5,4,5,WP4->WP5,1,0.5793466794566073,0.5793466796064607,9.293364967977613,0.5001616531012235,utm,0,0.0,0.0,0,0.0
123.7,109.70400000000001,49.89992459871376,8.900063246148962,0.287859018887611,4.54316043550445,-8.386669125494434,492822.969606707,5527508.746441093,4.532730310223997,-8.388369472697377,0,1,0.0,0.0,4,5,4,5,WP4->WP5,1,0.5777175072962731,0.5777175070048564,9.320471664228688,0.5016205143483354,utm,0,0.0,0.0,0,0.0
123.75,109.754,49.899924634969835,8.900062872607036,0.2878585799694786,4.516323556151138,-8.382636466491691,492822.9427859057,5527508.750507929,4.505908607679885,-8.384308584034443,0,1,0.0,0.0,4,5,4,5,WP4->WP5,1,0.576091032109928,0.5760910324727541,9.347550237299359,0.5030778620278161,utm,0,0.0,0.0,0,0.0
123.8,109.804,49.89992467120705,8.900062499210167,0.2878589458275292,4.489497098346178,-8.378605904601871,492822.91597551905,5527508.754572655,4.479097320348956,-8.38024980481714,0,1,0.0,0.0,4,5,4,5,WP4->WP5,1,0.5744657183722226,0.5744657185361556,9.374618247583347,0.5045346412263573,utm,0,0.0,0.0,0,0.0
123.85,109.854,49.899924707420794,8.900062126068011,0.28785269816263453,4.462688940274743,-8.374577953490286,492822.8891834214,5527508.758634747,4.452304322563577,-8.376193654723465,0,1,0.0,0.0,4,5,4,5,WP4->WP5,1,0.5728413753137135,0.5728413748803235,9.401667805725495,0.5059904273450184,utm,0,0.0,0.0,0,0.0
123.9,109.90400000000001,49.89992474355939,8.900061753472656,0.28784383821780857,4.435920066693085,-8.370558361114218,492822.8624305814,5527508.762688432,4.425550584332086,-8.372145902365446,0,1,0.0,0.0,4,5,4,5,WP4->WP5,1,0.5712218566984286,0.5712218562662994,9.428677507076952,0.5074440684022957,utm,0,0.0,0.0,0,0.0
123.95,109.95400000000001,49.89992477955453,8.900061382326237,0.28784344522607563,4.409255291055807,-8.366554724909083,492822.83578177664,5527508.766726028,4.398900884785689,-8.368114215321839,0,1,0.0,0.0,4,5,4,5,WP4->WP5,1,0.5696089589368737,0.5696089590488441,9.455582145012402,0.5088920550284805,utm,0,0.0,0.0,0,0.0
124.0,110.004,49.8999248153845,8.900061012960514,0.28784503043270593,4.382718448283737,-8.362569459667865,492822.8092608293,5527508.770745091,4.372379046864808,-8.36410103365779,0,1,0.0,0.0,4,5,4,5,WP4->WP5,1,0.5680029653691173,0.5680029651965988,9.482357773835602,0.51033309848488,utm,0,0.0,0.0,0,0.0
124.05,110.054,49.8999248511297,8.90006064462176,0.2878516834923446,4.356255387547097,-8.358593623651993,492822.7828136221,5527508.774754629,4.345930951181799,-8.360097360797226,0,1,0.0,0.0,4,5,4,5,WP4->WP5,1,0.5663997940876812,0.5663997942437807,9.509059103424137,0.5117701432144284,utm,0,0.0,0.0,0,0.0
124.1,110.104,49.89992488682056,8.90006027687587,0.28785407542458036,4.32983492064594,-8.354623832047627,492822.75640898367,5527508.778758068,4.319525425613392,-8.356099777854979,0,1,0.0,0.0,4,5,4,5,WP4->WP5,1,0.5647988493965506,0.564798849816713,9.535717487319944,0.5132048766402948,utm,0,0.0,0.0,0,0.0
124.15,110.15400000000001,49.899924922414264,8.900059910144108,0.28785405186753027,4.303487313206456,-8.350664845810522,492822.7300771612,5527508.78275061,4.2931927184108645,-8.352113073691726,0,1,0.0,0.0,4,5,4,5,WP4->WP5,1,0.5632021773876017,0.5632021771009251,9.562302368477829,0.5146356542061435,utm,0,0.0,0.0,0,0.0
124.2,110.20400000000001,49.89992495808813,8.900059542887186,0.2878581642327887,4.277101975958827,-8.346696944013383,492822.703707636,5527508.786752114,4.266822306497488,-8.348117417655885,0,1,0.0,0.0,4,5,4,5,WP4->WP5,1,0.5615999870774159,0.5615999869614892,9.588925607962853,0.5160684961872368,utm,0,0.0,0.0,0,0.0
124.25,110.254,49.899924993829266,8.90005917492297,0.28786001104185155,4.250665823517096,-8.34272155940036,492822.6772873259,5527508.790761165,4.240401107992511,-8.344114226289093,0,1,0.0,0.0,4,5,4,5,WP4->WP5,1,0.5599948697474261,0.5599948695511453,9.615600106548795,0.5175040968931558,utm,0,0.0,0.0,0,0.0
124.3,110.304,49.89992502940806,8.900058808432275,0.2878590717914221,4.224335535424969,-8.338764232316361,492822.6509728139,5527508.794752025,4.214085711631924,-8.340129202231765,0,1,0.0,0.0,4,5,4,5,WP4->WP5,1,0.5583983081001539,0.5583983085532693,9.642167596018629,0.5189339384519204,utm,0,0.0,0.0,0,0.0
124.35,110.354,49.89992506492498,8.900058442571094,0.28785744106868894,4.198050474249218,-8.33481378735699,492822.6247035016,5527508.798735946,4.187815516546834,-8.336151106283069,0,1,0.0,0.0,4,5,4,5,WP4->WP5,1,0.5568045733925426,0.5568045729472956,9.66868944371881,0.520361323606246,utm,0,0.0,0.0,0,0.0
124.4,110.40400000000001,49.89992510059059,8.900058075039347,0.28785495416441315,4.171645392340675,-8.330846803223638,492822.5983142385,5527508.802736561,4.1614253668813035,-8.332156343385577,0,1,0.0,0.0,4,5,4,5,WP4->WP5,1,0.5552050519995405,0.5552050522388547,9.69533225994129,0.5217952191920779,utm,0,0.0,0.0,0,0.0
124.45,110.45400000000001,49.89992513615593,8.900057708474465,0.2878524927795554,4.14530977427616,-8.326890972561309,492822.57199439674,5527508.806725931,4.135104641143698,-8.328172809444368,0,1,0.0,0.0,4,5,4,5,WP4->WP5,1,0.5536104560258572,0.5536104559655118,9.721904922757323,0.5232253391762994,utm,0,0.0,0.0,0,0.0
124.5,110.504,49.89992517180589,8.900057341469426,0.28785404070544784,4.118942533333841,-8.322925729654306,492822.5456429573,5527508.810724755,4.108752315572929,-8.324179830029607,0,1,0.0,0.0,4,5,4,5,WP4->WP5,1,0.5520093009244676,0.5520093008400778,9.748509908206026,0.5246571987393972,utm,0,0.0,0.0,0,0.0
124.55,110.554,49.899925207366195,8.90005697598212,0.2878713778781206,4.092684332977905,-8.318970458646607,492822.51940050174,5527508.814713463,4.082508976163808,-8.320196941494942,0,1,0.0,0.0,4,5,4,5,WP4->WP5,1,0.5504083711892519,0.5504083708536825,9.775005441654383,0.5260831676812167,utm,0,0.0,0.0,0,0.0
124.6,110.604,49.89992524296295,8.900056609887109,0.2878840948982498,4.066382472511243,-8.315011133503601,492822.4931144088,5527508.818706284,4.056221998413093,-8.316209949553013,0,1,0.0,0.0,4,5,4,5,WP4->WP5,1,0.5488072880954197,0.5488072883615851,9.801544805568254,0.5275114955444993,utm,0,0.0,0.0,0,0.0
124.65,110.65400000000001,49.89992527845807,8.900056244434099,0.2878881364284327,4.040126736138092,-8.31106311253508,492822.4668744066,5527508.822687744,4.02998111397028,-8.312234308570623,0,1,0.0,0.0,4,5,4,5,WP4->WP5,1,0.5472133551456676,0.547213355495148,9.828037240634403,0.5289372977338053,utm,0,0.0,0.0,0,0.0
124.7,110.70400000000001,49.89992531382109,8.900055879991378,0.28788738186341534,4.013943583309548,-8.307129784800054,492822.4407069395,5527508.826654419,4.003812767856289,-8.3082734355703,0,1,0.0,0.0,4,5,4,5,WP4->WP5,1,0.5456275916548452,0.5456275920879937,9.854456101351024,0.5303591402090128,utm,0,0.0,0.0,0,0.0
124.75,110.754,49.89992534898967,8.900055517475941,0.28788735991842973,3.987898895031671,-8.30321808548775,492822.4146778528,5527508.83059929,3.9777828070218675,-8.304334337823093,0,1,0.0,0.0,4,5,4,5,WP4->WP5,1,0.5440510384441617,0.5440510385326182,9.880735177422782,0.5317734595836755,utm,0,0.0,0.0,0,0.0
124.8,110.804,49.89992538422659,8.900055154373538,0.28788709972213006,3.961812036493121,-8.299298783079808,492822.38860662305,5527508.834551818,3.9517107013380155,-8.300387592054904,0,1,0.0,0.0,4,5,4,5,WP4->WP5,1,0.5424706679580251,0.5424706682569213,9.907056916057737,0.5331900750242098,utm,0,0.0,0.0,0,0.0
124.85,110.854,49.89992542096337,8.90005478701788,0.2878846448613491,3.935419605547922,-8.295212656187859,492822.3622301651,5527508.838671511,3.9253333304659463,-8.296273747459054,0,1,0.0,0.0,4,5,4,5,WP4->WP5,1,0.5407513988895544,0.5407513986870068,9.933697740344352,0.5346238634056073,utm,0,0.0,0.0,0,0.0
124.9,110.90400000000001,49.8999254594776,8.900054416195823,0.2878800720586031,3.9087781335443568,-8.290928828998526,492822.33560502913,5527508.842989157,3.898707237734925,-8.291962006129324,0,1,0.0,0.0,4,5,4,5,WP4->WP5,1,0.5388574590067284,0.5388574587753715,9.960604113629666,0.536071943426968,utm,0,0.0,0.0,0,0.0
124.95,110.95400000000001,49.89992549634597,8.900054042744861,0.2878968437690312,3.8819477894181817,-8.286828065475323,492822.3087908523,5527508.847124065,3.8718921446125023,-8.287833044305444,0,1,0.0,0.0,4,5,4,5,WP4->WP5,1,0.5371625917160188,0.5371625918928773,9.98768224080732,0.5375292671088343,utm,0,0.0,0.0,0,0.0
125.0,111.004,49.89992553293448,8.90005366653921,0.2878865109034268,3.8549195364388384,-8.282758430352986,492822.281778804,5527508.851228122,3.8448791868868284,-8.283734978176653,0,1,0.0,0.0,4,5,4,5,WP4->WP5,1,0.5355163315831942,0.5355163318043028,10.014954641863993,0.5389970464593221,utm,0,0.0,0.0,0,0.0
125.05,111.054,49.89992556957954,8.900053291412888,0.28788992252296525,3.8279688272578363,-8.278682506014462,492822.254844277,5527508.855338361,3.8179437490180135,-8.279630711302161,0,1,0.0,0.0,4,5,4,5,WP4->WP5,1,0.5338569083009127,0.5338569085802941,10.042150397589577,0.5404607008178796,utm,0,0.0,0.0,0,0.0
125.1,111.104,49.899925606184695,8.900052916719392,0.2878931267941065,3.8010492141342653,-8.27461101929141,492822.2279408277,5527508.859444124,3.79103938996559,-8.275530914776027,0,1,0.0,0.0,4,5,4,5,WP4->WP5,1,0.5321991355484776,0.5321991354942606,10.069314798138672,0.5419226676652975,utm,0,0.0,0.0,0,0.0
125.15,111.15400000000001,49.899925642828464,8.90005254203756,0.28788737158854316,3.7741304389715875,-8.27053523716601,492822.201038222,5527508.863554179,3.7641358734690584,-8.271426825784147,0,1,0.0,0.0,4,5,4,5,WP4->WP5,1,0.5305370115505983,0.53053701127618,10.096478746492041,0.5433846101758943,utm,0,0.0,0.0,0,0.0
125.2,111.20400000000001,49.89992567942363,8.900052168098272,0.2878740277101535,3.7472650113907635,-8.266464861969409,492822.1741889353,5527508.867658758,3.737285677168984,-8.267328201793134,0,1,0.0,0.0,4,5,4,5,WP4->WP5,1,0.528875522525105,0.5288755225346359,10.123589099100363,0.5448436682053011,utm,0,0.0,0.0,0,0.0
125.25,111.254,49.899925716079565,8.90005179350641,0.28786010306295373,3.7203527001149634,-8.262387727050518,492822.14729279274,5527508.871770157,3.710388623527251,-8.263222767040133,0,1,0.0,0.0,4,5,4,5,WP4->WP5,1,0.5272114758610965,0.5272114758598934,10.150746732196204,0.5463052708336641,utm,0,0.0,0.0,0,0.0
125.3,111.304,49.899925752680986,8.900051418912321,0.2878591824369005,3.6934402288021606,-8.258316656353916,492822.12039648206,5527508.8758754935,3.68349140312057,-8.259123394265771,0,1,0.0,0.0,4,5,4,5,WP4->WP5,1,0.5255534814840963,0.5255534815523337,10.17790398490362,0.5477668529898188,utm,0,0.0,0.0,0,0.0
125.35,111.354,49.89992578918175,8.900051045157142,0.2878615977391396,3.6665880283944623,-8.25425678087249,492822.09356040333,5527508.879969561,3.656654417165555,-8.255035278387368,0,1,0.0,0.0,4,5,4,5,WP4->WP5,1,0.5239012681958539,0.5239012680726755,10.205000233667716,0.5492251519613313,utm,0,0.0,0.0,0,0.0
125.4,111.40400000000001,49.89992582566082,8.900050671709142,0.2878617959600449,3.639757897140472,-8.250199318061465,492822.0667463819,5527508.884061186,3.6298394891200587,-8.250949599780142,0,1,0.0,0.0,4,5,4,5,WP4->WP5,1,0.5222494934876212,0.5222494932695959,10.232074294681409,0.550682256805425,utm,0,0.0,0.0,0,0.0
125.45,111.45400000000001,49.89992586220018,8.900050297784327,0.28785921717433266,3.612893509417302,-8.246135150007804,492822.0398981266,5527508.888159559,3.602990325598512,-8.246857180260122,0,1,0.0,0.0,4,5,4,5,WP4->WP5,1,0.5205940913458665,0.520594091337906,10.259183059362911,0.5521412293738491,utm,0,0.0,0.0,0,0.0
125.5,111.504,49.89992589864875,8.900049924578342,0.28785948860612887,3.5860807655327767,-8.242081079085901,492822.0131014811,5527508.892247772,3.576192774111405,-8.242774909362197,0,1,0.0,0.0,4,5,4,5,WP4->WP5,1,0.5189441448570733,0.5189441447303513,10.286239507243735,0.5535973862928714,utm,0,0.0,0.0,0,0.0
125.55,111.554,49.89992593506192,8.900049551750087,0.2878582276838557,3.5592951594061035,-8.238030946972243,492821.98633195733,5527508.896332011,3.5494223453570157,-8.238696607761085,0,1,0.0,0.0,4,5,4,5,WP4->WP5,1,0.5172957048935319,0.5172957048941442,10.313268585176496,0.5550520701826395,utm,0,0.0,0.0,0,0.0
125.6,111.604,49.899925971536994,8.900049178290466,0.287849551562198,3.5324641932541305,-8.233973929196315,492821.9595171009,5527508.900423193,3.522606582264416,-8.23461137060076,0,1,0.0,0.0,4,5,4,5,WP4->WP5,1,0.515644446390539,0.5156444461202141,10.340343437844199,0.5565092176329345,utm,0,0.0,0.0,0,0.0
125.65,111.65400000000001,49.899926007924925,8.900048805552322,0.2878467291871289,3.505685061096411,-8.229926603846142,492821.9327540449,5527508.904504619,3.4958426218945533,-8.230535881593823,0,1,0.0,0.0,4,5,4,5,WP4->WP5,1,0.5139982236685416,0.5139982238257126,10.367365820244862,0.557963541174388,utm,0,0.0,0.0,0,0.0
125.7,111.70400000000001,49.899926044166435,8.900048434252273,0.28784975748936603,3.4790092480108012,-8.225895564374937,492821.9060942451,5527508.908569626,3.469181921274867,-8.226476786658168,0,1,0.0,0.0,4,5,4,5,WP4->WP5,1,0.5123590220314242,0.5123590216625239,10.394283885242386,0.5594122504345794,utm,0,0.0,0.0,0,0.0
125.75,111.754,49.899926080253366,8.90004806467242,0.28785143279508196,3.452457021267087,-8.221881718541098,492821.87955795927,5527508.912617281,3.4426447385339998,-8.222435016185045,0,1,0.0,0.0,4,5,4,5,WP4->WP5,1,0.5107259381489476,0.5107259383578752,10.421077373612496,0.5608542550778619,utm,0,0.0,0.0,0,0.0
125.8,111.804,49.89992611628878,8.900047695758273,0.2878553693880178,3.425952621721985,-8.217873602268813,492821.85306947416,5527508.9166591475,3.4161553577287123,-8.218399023637176,0,1,0.0,0.0,4,5,4,5,WP4->WP5,1,0.5090943009365034,0.5090943008491571,10.44782273370038,0.5622936694945385,utm,0,0.0,0.0,0,0.0
125.85,111.854,49.89992615228137,8.90004732725544,0.2878571484774117,3.3994777727414105,-8.213870249782397,492821.82661052153,5527508.920696212,3.389695510501042,-8.214367826469243,0,1,0.0,0.0,4,5,4,5,WP4->WP5,1,0.5074647771596321,0.5074647768243726,10.474538248213976,0.5637314776456884,utm,0,0.0,0.0,0,0.0
125.9,111.90400000000001,49.89992618829964,8.900046958617695,0.28785947469614703,3.37299323118486,-8.209864041005538,492821.8001418839,5527508.924736143,3.363225977635011,-8.21033376455307,0,1,0.0,0.0,4,5,4,5,WP4->WP5,1,0.5058332727427367,0.5058332731240849,10.501263667147326,0.5651698188449834,utm,0,0.0,0.0,0,0.0
125.95,111.95400000000001,49.89992622430033,8.90004659018162,0.2878606906475778,3.3465231784647576,-8.20585978712848,492821.7736877269,5527508.9287741035,3.336770925845485,-8.206301670521498,0,1,0.0,0.0,4,5,4,5,WP4->WP5,1,0.5042024238560351,0.5042024234663299,10.5279744866323,0.5666073743133554,utm,0,0.0,0.0,0,0.0
126.0,112.004,49.89992626024177,8.900046222363232,0.2878610046064697,3.3200975029589856,-8.201862123874523,492821.7472779206,5527508.932805414,3.310360226256307,-8.202276216819882,0,1,0.0,0.0,4,5,4,5,WP4->WP5,1,0.502574188716199,0.5025741883898018,10.554640535922776,0.5680425202847834,utm,0,0.0,0.0,0,0.0
126.05,112.054,49.89992629609163,8.900045855450852,0.2878602724672103,3.293736919122063,-8.19787464690085,492821.72093316657,5527508.936826457,3.2840145811787806,-8.198261016048491,0,1,0.0,0.0,4,5,4,5,WP4->WP5,1,0.5009503001526864,0.5009503005415598,10.581240871256602,0.569474129582326,utm,0,0.0,0.0,0,0.0
126.1,112.104,49.89992633199469,8.900045487869951,0.2878579671949126,3.2673283058069016,-8.19388125145565,492821.69454041,5527508.940853481,3.2576209322432987,-8.194239845499396,0,1,0.0,0.0,4,5,4,5,WP4->WP5,1,0.4993247937747332,0.4993247940665494,10.607889553190105,0.5709083408561495,utm,0,0.0,0.0,0,0.0
126.15,112.15400000000001,49.89992636788373,8.900045120348889,0.2878558267798332,3.240923991539963,-8.189889416817168,492821.66815194883,5527508.944878939,3.2312315790331922,-8.190220239572227,0,1,0.0,0.0,4,5,4,5,WP4->WP5,1,0.4977004591427338,0.4977004595055117,10.634533815763065,0.572342314283436,utm,0,0.0,0.0,0,0.0
126.2,112.20400000000001,49.89992640379523,8.900044752605133,0.2878539118170717,3.214503678039505,-8.1858950838974,492821.6417474981,5527508.948906915,3.2048262357129715,-8.186198119074106,0,1,0.0,0.0,4,5,4,5,WP4->WP5,1,0.4960750612398727,0.4960750609540294,10.661194230098737,0.5737771569859921,utm,0,0.0,0.0,0,0.0
126.25,112.254,49.8999264395734,8.90004438683535,0.2878609981882913,3.1882251833580875,-8.181915580056495,492821.61548478995,5527508.95291988,3.1785626382916234,-8.182190977968276,0,1,0.0,0.0,4,5,4,5,WP4->WP5,1,0.4944518038966174,0.4944518040873098,10.687712125257576,0.575204329417626,utm,0,0.0,0.0,0,0.0
126.3,112.304,49.89992647540994,8.90004402078131,0.28787617561121404,3.1619262663471104,-8.177929583938878,492821.58920167625,5527508.95693936,3.1522786339046434,-8.178177325986326,0,1,0.0,0.0,4,5,4,5,WP4->WP5,1,0.49282390260330733,0.4928239023360206,10.7142509312287,0.5766326272528651,utm,0,0.0,0.0,0,0.0
126.35,112.354,49.89992651131779,8.900043653811077,0.2878907399698939,3.135561526014862,-8.173935657140168,492821.5628527762,5527508.960966857,3.1259288413566537,-8.174155672080815,0,1,0.0,0.0,4,5,4,5,WP4->WP5,1,0.4911939617475264,0.4911939614930935,10.740855978850579,0.5780644901620748,utm,0,0.0,0.0,0,0.0
126.4,112.40400000000001,49.89992654710021,8.90004328752406,0.28788985051372407,3.1092458709711566,-8.169955681378104,492821.5365529232,5527508.964980343,3.099628099007532,-8.170148017816246,0,1,0.0,0.0,4,5,4,5,WP4->WP5,1,0.48957354165176614,0.4895735418941737,10.767410913973334,0.5794936560556729,utm,0,0.0,0.0,0,0.0
126.45,112.45400000000001,49.89992658272858,8.900042922693595,0.2878885192564712,3.083034860983976,-8.165992839113526,492821.5103576507,5527508.968976562,3.0734319409239106,-8.16615760885179,0,1,0.0,0.0,4,5,4,5,WP4->WP5,1,0.48796086832361285,0.4879608686458101,10.793860136073858,0.580917132556878,utm,0,0.0,0.0,0,0.0
126.5,112.504,49.89992661834257,8.900042557932592,0.28788778392187564,3.0568288413691356,-8.162031597277231,492821.4841673646,5527508.972971176,3.0472407696652226,-8.162168802693486,0,1,0.0,0.0,4,5,4,5,WP4->WP5,1,0.48634934334846885,0.48634934289190623,10.820304247149267,0.5823403339866985,utm,0,0.0,0.0,0,0.0
126.55,112.554,49.899926654073404,8.90004219214876,0.28788753372617704,3.030549337331535,-8.158057358859532,492821.45790364064,5527508.97697888,3.020976157626137,-8.15816692262888,0,1,0.0,0.0,4,5,4,5,WP4->WP5,1,0.4847314163563637,0.48473141640681816,10.846822678592252,0.5837675352807268,utm,0,0.0,0.0,0,0.0
126.6,112.604,49.899926691534496,8.900041823057396,0.28788223320858186,3.004032205783619,-8.153890668586978,492821.4314026407,5527508.981179276,2.994474226841703,-8.153972405008972,0,1,0.0,0.0,4,5,4,5,WP4->WP5,1,0.4829430295165815,0.4829430296498755,10.873594828109509,0.5852083914835945,utm,0,0.0,0.0,0,0.0
126.65,112.65400000000001,49.89992672957292,8.900041451975278,0.2878822485467729,2.977372049779053,-8.14965976449031,492821.4047587591,5527508.985444047,2.9678294001496397,-8.149713542312384,0,1,0.0,0.0,4,5,4,5,WP4->WP5,1,0.4811034423456363,0.48110344230278546,10.900515092197743,0.5866572190971325,utm,0,0.0,0.0,0,0.0
126.7,112.70400000000001,49.89992676618932,8.900041078836558,0.28789653117449965,2.9505641385270462,-8.145587026857795,492821.3779669701,5527508.989550917,2.9410367010859773,-8.145612612366676,0,1,0.0,0.0,4,5,4,5,WP4->WP5,1,0.47943447493142977,0.479434475044633,10.927568389475658,0.588113206453164,utm,0,0.0,0.0,0,0.0
126.75,112.754,49.89992680292251,8.900040703329001,0.28788859292163654,2.9235860396639155,-8.141501299719154,492821.3510050788,5527508.993670996,2.914073896827176,-8.141498512588441,0,1,0.0,0.0,4,5,4,5,WP4->WP5,1,0.4777677256862791,0.47776772548639074,10.954792286638664,0.5895783753619311,utm,0,0.0,0.0,0,0.0
126.8,112.804,49.89992683968341,8.900040328897171,0.28789230231978974,2.8966852257833025,-8.137412489881118,492821.3241204459,5527508.9977940535,2.8871883501997218,-8.137381417676806,0,1,0.0,0.0,4,5,4,5,WP4->WP5,1,0.47609102833644473,0.4760910281214919,10.981939510720622,0.5910394177852867,utm,0,0.0,0.0,0,0.0
126.85,112.854,49.89992687644929,8.90003995445346,0.28789535536024435,2.869783558244388,-8.133323126048676,492821.29723496037,5527509.001917666,2.8603019509464502,-8.133263766765594,0,1,0.0,0.0,4,5,4,5,WP4->WP5,1,0.4744138549957739,0.47441385500358774,11.00908763404191,0.5925005086050015,utm,0,0.0,0.0,0,0.0
126.9,112.90400000000001,49.89992691322794,8.900039580094395,0.28789265220949306,2.8428879721115727,-8.129232342207585,492821.2703555557,5527509.006042691,2.833421632181853,-8.129144703038037,0,1,0.0,0.0,4,5,4,5,WP4->WP5,1,0.4727347253197555,0.47273472534124417,11.036229829077296,0.5939612803689935,utm,0,0.0,0.0,0,0.0
126.95,112.95400000000001,49.8999269499734,8.90003920637311,0.2878824720751081,2.816038206844263,-8.125145250247476,492821.2435219488,5527509.010163964,2.80658711201977,-8.125029380433261,0,1,0.0,0.0,4,5,4,5,WP4->WP5,1,0.4710551944640346,0.47105519400480367,11.063326074621365,0.5954195791672067,utm,0,0.0,0.0,0,0.0
127.0,113.004,49.89992698675109,8.900038832393165,0.287868151890409,2.7891698582690885,-8.12105457253558,492821.2166697709,5527509.014288846,2.7797340200049803,-8.1209104526788,0,1,0.0,0.0,4,5,4,5,WP4->WP5,1,0.46937374562182554,0.46937374584522157,11.090441141428288,0.5968788909111048,utm,0,0.0,0.0,0,0.0
127.05,113.054,49.89992702345086,8.900038458981276,0.2878594297191562,2.7623423214267615,-8.11697256274893,492821.18985837686,5527509.018405011,2.752921713865362,-8.116800234653056,0,1,0.0,0.0,4,5,4,5,WP4->WP5,1,0.46769729421701267,0.46769729459753956,11.117514803374311,0.5983359742776879,utm,0,0.0,0.0,0,0.0
127.1,113.104,49.89992706015554,8.900038085041075,0.28786165428491395,2.735476828248634,-8.112890006043152,492821.16300904244,5527509.0225217715,2.726071467215661,-8.112689428031445,0,1,0.0,0.0,4,5,4,5,WP4->WP5,1,0.46602367817837054,0.46602367831127883,11.144626304344325,0.5997950941110252,utm,0,0.0,0.0,0,0.0
127.15,113.15400000000001,49.89992709685914,8.90003771119673,0.28786138324424154,2.708618221766468,-8.108807569617131,492821.13616659184,5527509.026638404,2.6992281043785624,-8.108578748069704,0,1,0.0,0.0,4,5,4,5,WP4->WP5,1,0.4643495683736206,0.46434956795045035,11.171730938052564,0.6012538443536906,utm,0,0.0,0.0,0,0.0
127.2,113.20400000000001,49.89992713345431,8.900037338368287,0.28786236114584485,2.6818326022395667,-8.104737193713003,492821.10939708294,5527509.030742881,2.672457685926929,-8.104480207897723,0,1,0.0,0.0,4,5,4,5,WP4->WP5,1,0.46268097128399494,0.4626809710079746,11.198761830107154,0.6027086258780803,utm,0,0.0,0.0,0,0.0
127.25,113.254,49.899927170033614,8.900036965800695,0.2878611020222701,2.655065723249866,-8.100668582383648,492821.08264630486,5527509.034845572,2.6457059987005778,-8.100383448414505,0,1,0.0,0.0,4,5,4,5,WP4->WP5,1,0.4610124602250692,0.4610124603811106,11.225773906559958,0.6041623947614594,utm,0,0.0,0.0,0,0.0
127.3,113.304,49.89992720662102,8.900036593117745,0.2878580103118924,2.628290556538515,-8.09659906966365,492821.0558872437,5527509.038949174,2.6189460281748325,-8.096285780891776,0,1,0.0,0.0,4,5,4,5,WP4->WP5,1,0.45934379112262597,0.45934379116540636,11.25279431449876,0.6056166120389157,utm,0,0.0,0.0,0,0.0
127.35,113.354,49.89992724315902,8.900036220796633,0.2878568858031668,2.6015413857580114,-8.092535053020976,492821.0291541606,5527509.043047248,2.5922120369505137,-8.09219363424927,0,1,0.0,0.0,4,5,4,5,WP4->WP5,1,0.4576782790858014,0.4576782791714993,11.279788351209618,0.6070694100374555,utm,0,0.0,0.0,0,0.0
127.4,113.40400000000001,49.89992727970826,8.900035848406873,0.2878549814749582,2.5747872830556857,-8.088469786176368,492821.0024161495,5527509.047146578,2.5654731174581684,-8.088100234046578,0,1,0.0,0.0,4,5,4,5,WP4->WP5,1,0.45601196188599513,0.456011962219055,11.306787409183805,0.6085224782764708,utm,0,0.0,0.0,0,0.0
127.45,113.45400000000001,49.89992731614534,8.900035476991212,0.2878526224479491,2.548103163870971,-8.084416993757518,492820.97574807727,5527509.051233347,2.5388041396508925,-8.08401937969029,0,1,0.0,0.0,4,5,4,5,WP4->WP5,1,0.4543518353653788,0.4543518353640472,11.333715679256773,0.6099717367658619,utm,0,0.0,0.0,0,0.0
127.5,113.504,49.899927352442184,8.90003510716698,0.28785339789783587,2.5215333798939543,-8.080379799500443,492820.94919427385,5527509.05530437,2.512249434075784,-8.079954245127738,0,1,0.0,0.0,4,5,4,5,WP4->WP5,1,0.452697062573077,0.45269706287085515,11.36052872523459,0.6114147939843348,utm,0,0.0,0.0,0,0.0
127.55,113.554,49.89992738872224,8.900034737626303,0.28785657910956747,2.494983967708497,-8.076344473117228,492820.92266083177,5527509.059373499,2.4857150902971625,-8.07589100021869,0,1,0.0,0.0,4,5,4,5,WP4->WP5,1,0.4510423365403641,0.45104233693969564,11.387321322006164,0.6128567506424797,utm,0,0.0,0.0,0,0.0
127.6,113.604,49.89992742492031,8.900034368859453,0.2878576560336201,2.468490150642098,-8.072318265354578,492820.8961829504,5527509.0634334395,2.4592363092815503,-8.071836931630969,0,1,0.0,0.0,4,5,4,5,WP4->WP5,1,0.44939174105604224,0.44939174097253454,11.414057755045125,0.614295684612347,utm,0,0.0,0.0,0,0.0
127.65,113.65400000000001,49.89992746111606,8.900034000239467,0.2878598638900831,2.4420068849148264,-8.068292315839638,492820.86971561593,5527509.067493107,2.4327680752030574,-8.067783133126795,0,1,0.0,0.0,4,5,4,5,WP4->WP5,1,0.4477404638502657,0.447740463673938,11.440783659698438,0.6157340519527115,utm,0,0.0,0.0,0,0.0
127.7,113.70400000000001,49.89992749729134,8.900033631865576,0.28786130035074947,2.4155412997029484,-8.06426864314973,492820.8432659519,5527509.071550475,2.406317512039095,-8.063731630332768,0,1,0.0,0.0,4,5,4,5,WP4->WP5,1,0.4460898795907701,0.446089879572738,11.467491758407688,0.6171714609910564,utm,0,0.0,0.0,0,0.0
127.75,113.754,49.89992753346825,8.900033263527973,0.2878623989600157,2.3890783216648552,-8.060244788625129,492820.81681889424,5527509.0756080225,2.3798695552395657,-8.059679947793484,0,1,0.0,0.0,4,5,4,5,WP4->WP5,1,0.44443888199397363,0.444438881859225,11.494197277575347,0.6186087312004851,utm,0,0.0,0.0,0,0.0
127.8,113.804,49.89992756957161,8.900032895789428,0.28786041219944375,2.362658382477419,-8.056229115246525,492820.79041484743,5527509.079657336,2.3534646111074835,-8.055636489763856,0,1,0.0,0.0,4,5,4,5,WP4->WP5,1,0.4427921973095424,0.44279219750645127,11.520859217790568,0.6200436560246883,utm,0,0.0,0.0,0,0.0
127.85,113.854,49.899927605741354,8.900032527321134,0.2878583634376032,2.3361860149637335,-8.052206058105956,492820.76395840314,5527509.083714098,2.3270072678569704,-8.05158559512347,0,1,0.0,0.0,4,5,4,5,WP4->WP5,1,0.44114282967952484,0.4411428299291897,11.547574014230769,0.6214814255296882,utm,0,0.0,0.0,0,0.0
127.9,113.90400000000001,49.89992764172901,8.900032160628825,0.28785654438931024,2.309841241991417,-8.048203254661248,492820.73762947554,5527509.087750445,2.3006774458335713,-8.04755508620292,0,1,0.0,0.0,4,5,4,5,WP4->WP5,1,0.4395022702066512,0.4395022700839633,11.574159970906852,0.6229122609790875,utm,0,0.0,0.0,0,0.0
127.95,113.95400000000001,49.899927677855295,8.90003179268703,0.2878561193792487,2.283406700384652,-8.044185031351816,492820.71121083555,5527509.091802325,2.2742579079349525,-8.043509065173566,0,1,0.0,0.0,4,5,4,5,WP4->WP5,1,0.43785434831915415,0.43785434825389563,11.60083667654655,0.6243479804669179,utm,0,0.0,0.0,0,0.0
128.0,114.004,49.89992771400454,8.900031424961899,0.2878632531712924,2.256987724992625,-8.040164253866386,492820.6848077592,5527509.095856739,2.2478539331350476,-8.03946050722152,0,1,0.0,0.0,4,5,4,5,WP4->WP5,1,0.43620249599621097,0.43620249622164714,11.627498111244329,0.6257828780845667,utm,0,0.0,0.0,0,0.0
128.05,114.05400000000002,49.899927750147945,8.900031057617623,0.2878798587335679,2.2305961118441657,-8.036144126599169,492820.65843203326,5527509.099910466,2.221477308892645,-8.035412629134953,0,1,0.0,0.0,4,5,4,5,WP4->WP5,1,0.4345488575390359,0.43454885710908425,11.654132245294223,0.6272163064026427,utm,0,0.0,0.0,0,0.0
128.1,114.104,49.899927786286696,8.900030690101115,0.28789357901781054,2.20419212479802,-8.03212451724243,492820.63204393775,5527509.103963691,2.19508831523126,-8.031365255825222,0,1,0.0,0.0,4,5,4,5,WP4->WP5,1,0.4328968359582692,0.432896835731725,11.680778652964836,0.6286503952774115,utm,0,0.0,0.0,0,0.0
128.15,114.15400000000001,49.899927822317714,8.900030323060484,0.28789109949117575,2.177822326837053,-8.028116889871978,492820.6056900018,5527509.108004894,2.1687334837624803,-8.027329896576703,0,1,0.0,0.0,4,5,4,5,WP4->WP5,1,0.4312537001546171,0.4312536997734626,11.707389954474756,0.630082594765997,utm,0,0.0,0.0,0,0.0
128.2,114.204,49.89992785831331,8.900029956320589,0.28788930344094,2.1514741350200293,-8.024113202724827,492820.57935765805,5527509.112042131,2.142400245356839,-8.023298499174416,0,1,0.0,0.0,4,5,4,5,WP4->WP5,1,0.42961256277152043,0.42961256286224025,11.733979393696924,0.6315136176433099,utm,0,0.0,0.0,0,0.0
128.25,114.254,49.89992789422875,8.900029590309988,0.28788880899645547,2.1251783388582233,-8.020118431137714,492820.55307767726,5527509.116070384,2.116119371901732,-8.019276074133813,0,1,0.0,0.0,4,5,4,5,WP4->WP5,1,0.42797564102948266,0.4279756408346281,11.760515872372599,0.6329417902253235,utm,0,0.0,0.0,0,0.0
128.3,114.30400000000002,49.89992793025705,8.900029223570941,0.28788888513286714,2.09883020804414,-8.016111106589236,492820.5267453994,5527509.120111256,2.0897861986304633,-8.015241041779518,0,1,0.0,0.0,4,5,4,5,WP4->WP5,1,0.42633087807314834,0.42633087788937285,11.787105574453914,0.6343728272495106,utm,0,0.0,0.0,0,0.0
128.35,114.354,49.899927967857515,8.90002885341055,0.2878774114570878,2.072236272900927,-8.011928915086239,492820.5001676486,5527509.124327254,2.0632075135363266,-8.011030937545002,0,1,0.0,0.0,4,5,4,5,WP4->WP5,1,0.42453388786880814,0.4245338882883738,11.813955570771437,0.6358178731064428,utm,0,0.0,0.0,0,0.0
128.4,114.40400000000001,49.899928005602575,8.900028482100195,0.28788750852135747,2.045559719357032,-8.007730640057277,492820.4735073339,5527509.1285594385,2.0365462609915994,-8.006804664619267,0,1,0.0,0.0,4,5,4,5,WP4->WP5,1,0.4227282391085513,0.4227282386727867,11.840889255982914,0.6372674230343642,utm,0,0.0,0.0,0,0.0
128.45,114.454,49.89992804236246,8.900028108758796,0.28789719073664727,2.0187372467797275,-8.003641942716188,492820.44670101214,5527509.132682283,2.0097390256123617,-8.002687765285373,0,1,0.0,0.0,4,5,4,5,WP4->WP5,1,0.4210446758979974,0.4210446760135266,11.867958470095616,0.6387242670220277,utm,0,0.0,0.0,0,0.0
128.5,114.504,49.89992807925923,8.900027733294515,0.28789068219947456,1.991762257024617,-7.999538020788096,492820.4197422544,5527509.136820552,1.9827793508884497,-7.99855547491461,0,1,0.0,0.0,4,5,4,5,WP4->WP5,1,0.41935952760944906,0.41935952804648746,11.895180890278015,0.6401893564408507,utm,0,0.0,0.0,0,0.0
128.55,114.55400000000002,49.89992811609222,8.90002735959945,0.2878939450584307,1.9649143755740497,-7.995441193243027,492820.3929105449,5527509.140951558,1.9559467259095982,-7.994430419057608,0,1,0.0,0.0,4,5,4,5,WP4->WP5,1,0.41767013187090773,0.4176701318242022,11.922276125815367,0.6416476008812902,utm,0,0.0,0.0,0,0.0
128.6,114.604,49.89992815295143,8.900026985702837,0.2878968436241032,1.9380520139652762,-7.99134144856011,492820.3660643649,5527509.1450855,1.9290996298659593,-7.99030243139714,0,1,0.0,0.0,4,5,4,5,WP4->WP5,1,0.41597912018873,0.41597911973636037,11.949386037847292,0.6431066351992191,utm,0,0.0,0.0,0,0.0
128.65,114.65400000000001,49.899928189862145,8.90002661139273,0.28789561883995435,1.9111599452007455,-7.987235975730693,492820.3391884972,5527509.149225207,1.9022228448302485,-7.986168683506548,0,1,0.0,0.0,4,5,4,5,WP4->WP5,1,0.41428504777946795,0.4142850482181825,11.976526037164872,0.6445672887913916,utm,0,0.0,0.0,0,0.0
128.7,114.704,49.899928226804995,8.900026237184653,0.2878844978474091,1.884275206615895,-7.983126928469937,492820.3123199617,5527509.153368478,1.875353391165845,-7.982031371444464,0,1,0.0,0.0,4,5,4,5,WP4->WP5,1,0.41258676532051985,0.4125867654492706,12.003659056296035,0.6460275667153762,utm,0,0.0,0.0,0,0.0
128.75,114.754,49.89992826365802,8.900025863788912,0.28787334574580364,1.8574488298504055,-7.979027872211741,492820.28550975147,5527509.157501684,1.848542265011929,-7.977904110215604,0,1,0.0,0.0,4,5,4,5,WP4->WP5,1,0.4108932352972385,0.41089323561162766,12.03073307929536,0.6474846695135663,utm,0,0.0,0.0,0,0.0
128.8,114.80400000000002,49.89992830046294,8.900025490809062,0.28786316107081894,1.8306523325293123,-7.974934166280105,492820.25872940157,5527509.161629503,1.8217610003775917,-7.973782230168581,0,1,0.0,0.0,4,5,4,5,WP4->WP5,1,0.40920237230455647,0.40920237210554855,12.057776877325031,0.6489401456274674,utm,0,0.0,0.0,0,0.0
128.85,114.854,49.89992833730552,8.900025117132571,0.2878615971462117,1.8038057854861604,-7.970836271782848,492820.2318990275,5527509.165761575,1.7949297106824815,-7.96965610794723,0,1,0.0,0.0,4,5,4,5,WP4->WP5,1,0.4075117936004953,0.40751179320023107,12.084870879232453,0.6503983236749064,utm,0,0.0,0.0,0,0.0
128.9,114.90400000000001,49.899928374051406,8.900024744243602,0.28786337232835385,1.7770158173940072,-7.966749131710837,492820.2051251956,5527509.169882821,1.7681549655389972,-7.965540800243616,0,1,0.0,0.0,4,5,4,5,WP4->WP5,1,0.40582688751536006,0.405826887057416,12.11190759188616,0.6518534184594001,utm,0,0.0,0.0,0,0.0
128.95,114.954,49.89992841087536,8.900024370776624,0.28786055040158537,1.7501843226349643,-7.962653308855495,492820.1783098652,5527509.174012803,1.7413387199048884,-7.961416765116155,0,1,0.0,0.0,4,5,4,5,WP4->WP5,1,0.40413703075241697,0.4041370309630671,12.138986422749412,0.6533107800130764,utm,0,0.0,0.0,0,0.0
129.0,115.004,49.899928447631986,8.900023997816373,0.28785974130821695,1.7233892333587275,-7.95856497447626,492820.1515309159,5527509.17813525,1.714558857085649,-7.95730025600642,0,1,0.0,0.0,4,5,4,5,WP4->WP5,1,0.40245139057382534,0.4024513907789315,12.166028340475847,0.654766154930524,utm,0,0.0,0.0,0,0.0
129.05,115.05400000000002,49.89992848435127,8.900023625233436,0.28785790199564737,1.696621251976978,-7.954480793286248,492820.12477905804,5527509.18225351,1.6878060866729356,-7.953187928535044,0,1,0.0,0.0,4,5,4,5,WP4->WP5,1,0.4007674729326375,0.40076747250690353,12.19304289918345,0.65622005740692,utm,0,0.0,0.0,0,0.0
129.1,115.104,49.899928521006984,8.900023253209183,0.2878561428716907,1.6698934088709292,-7.950403683838363,492820.0980673131,5527509.186364648,1.6610934306518175,-7.949082713574171,0,1,0.0,0.0,4,5,4,5,WP4->WP5,1,0.39908702189365775,0.399087022029121,12.220016865554667,0.6576717752354366,utm,0,0.0,0.0,0,0.0
129.15,115.15400000000001,49.8999285577294,8.900022880555133,0.2878511488671974,1.6431203184291117,-7.946319153837059,492820.0713103488,5527509.190483264,1.63433555373922,-7.944970031268895,0,1,0.0,0.0,4,5,4,5,WP4->WP5,1,0.3974032108672778,0.3974032109025861,12.247036541960515,0.6591259531423601,utm,0,0.0,0.0,0,0.0
129.2,115.204,49.899928594303525,8.900022509291475,0.28785180027274326,1.6164471197916963,-7.942251119143005,492820.0446532146,5527509.194585258,1.6076775104738772,-7.940873948857188,0,1,0.0,0.0,4,5,4,5,WP4->WP5,1,0.39572693152386496,0.39572693171776646,12.273955294759139,0.6605746994194701,utm,0,0.0,0.0,0,0.0
129.25,115.254,49.899928630753635,8.90002213941824,0.287855080304745,1.5898738152558645,-7.938196877706859,492820.01809591614,5527509.19867333,1.5811193061526865,-7.936791765503585,0,1,0.0,0.0,4,5,4,5,WP4->WP5,1,0.3940554962487119,0.39405549602391526,12.300773362110313,0.6620180268843402,utm,0,0.0,0.0,0,0.0
129.3,115.30400000000002,49.89992866710317,8.900021770589781,0.2878546497110539,1.5633755719028934,-7.934153823703081,492819.9916136342,5527509.202750121,1.5546361208544113,-7.932720847427845,0,1,0.0,0.0,4,5,4,5,WP4->WP5,1,0.39238851603023456,0.39238851624702115,12.327515700427917,0.6634572786716975,utm,0,0.0,0.0,0,0.0
129.35,115.354,49.899928703443344,8.900021401911369,0.2878577217517015,1.536888108586265,-7.930111809765429,492819.9651421266,5527509.206825855,1.5281637100270018,-7.928650984540582,0,1,0.0,0.0,4,5,4,5,WP4->WP5,1,0.3907216152972719,0.3907216155527808,12.354247213009403,0.6648959478263816,utm,0,0.0,0.0,0,0.0
129.4,115.40400000000001,49.89992873981302,8.90002103302608,0.2878606869753324,1.5103857823754088,-7.9260665150205485,492819.93865576637,5527509.2109048925,1.5016764458850957,-7.924577821046114,0,1,0.0,0.0,4,5,4,5,WP4->WP5,1,0.3890527675777235,0.38905276716330955,12.380993815956845,0.6663354291327901,utm,0,0.0,0.0,0,0.0
129.45,115.454,49.899928776111565,8.900020664830937,0.2878616224115465,1.4839330391758316,-7.922029131853505,492819.912218959,5527509.214975953,1.4752387364278547,-7.920512623153627,0,1,0.0,0.0,4,5,4,5,WP4->WP5,1,0.38738738459483885,0.3873873849571192,12.40769034792969,0.6677722156584045,utm,0,0.0,0.0,0,0.0
129.5,115.504,49.89992881248234,8.900020295977917,0.2878623235768149,1.4574330313319528,-7.917983714706285,492819.8857349165,5527509.219055109,1.4487537899403833,-7.91643934044987,0,1,0.0,0.0,4,5,4,5,WP4->WP5,1,0.38571820957394964,0.38571820932828965,12.434434653335842,0.669211573312933,utm,0,0.0,0.0,0,0.0
129.55,115.55400000000002,49.89992884880531,8.900019927466266,0.2878604734426136,1.4309575488396713,-7.91394361463181,492819.85927538254,5527509.223128915,1.422293353243731,-7.9123714016750455,0,1,0.0,0.0,4,5,4,5,WP4->WP5,1,0.38405214673515464,0.3840521465568272,12.461154067028968,0.6706495913148837,utm,0,0.0,0.0,0,0.0
129.6,115.604,49.899928885001984,8.900019560193265,0.2878586253229414,1.4045710563648108,-7.909917562525314,492819.8329047844,5527509.227188562,1.395921855524648,-7.908317602239549,0,1,0.0,0.0,4,5,4,5,WP4->WP5,1,0.38239214740293415,0.382392147864438,12.487783629267208,0.6720827735816227,utm,0,0.0,0.0,0,0.0
129.65,115.65400000000001,49.89992892129994,8.900019191793625,0.2878569262274434,1.3781036212834332,-7.905880244450844,492819.80645329104,5527509.231259579,1.3694694600417279,-7.904252451844513,0,1,0.0,0.0,4,5,4,5,WP4->WP5,1,0.3807281362736882,0.38072813638711256,12.51449478322243,0.6735203470509226,utm,0,0.0,0.0,0,0.0
129.7,115.704,49.89992895746557,8.900018825047045,0.2878588775370202,1.3517549492277803,-7.9018576450808755,492819.78012049367,5527509.235315723,1.3431357638328336,-7.900202146731317,0,1,0.0,0.0,4,5,4,5,WP4->WP5,1,0.3790682098765371,0.3790682101173946,12.541086382838843,0.6749514861989685,utm,0,0.0,0.0,0,0.0
129.75,115.754,49.899928993805545,8.90001845690316,0.287868085546358,1.3253058886659599,-7.897815653784119,492819.7536873737,5527509.2393913865,1.316701740724966,-7.896132345311344,0,1,0.0,0.0,4,5,4,5,WP4->WP5,1,0.3773979108125751,0.37739791092657093,12.567779658425499,0.6763880974684184,utm,0,0.0,0.0,0,0.0
129.8,115.80400000000002,49.89992903010437,8.900018089436774,0.28788486990608625,1.298905502579994,-7.893778239485845,492819.72730290284,5527509.24346241,1.290316367696505,-7.892067172564566,0,1,0.0,0.0,4,5,4,5,WP4->WP5,1,0.3757278361820149,0.3757278363163067,12.594424064679144,0.6778220786284873,utm,0,0.0,0.0,0,0.0
129.85,115.854,49.899929066422544,8.900017721438061,0.2878947426835062,1.2724668718619043,-7.889738672887464,492819.70088020543,5527509.247535637,1.2638927676598541,-7.887999806553125,0,1,0.0,0.0,4,5,4,5,WP4->WP5,1,0.37405902119891266,0.3740590216401051,12.621106740196861,0.6792581194104959,utm,0,0.0,0.0,0,0.0
129.9,115.90400000000001,49.899929102587315,8.900017354510224,0.2878921519531294,1.2461051774651755,-7.885716169033772,492819.67453439103,5527509.251591704,1.2375460544717498,-7.88394958153367,0,1,0.0,0.0,4,5,4,5,WP4->WP5,1,0.37240034883680645,0.37240034866780236,12.647711296606243,0.680689955883032,utm,0,0.0,0.0,0,0.0
129.95,115.954,49.899929138787954,8.90001698714306,0.28789027488798424,1.2197119199173714,-7.8816896754298185,492819.6481570314,5527509.255651802,1.2111677951179445,-7.8798953322693706,0,1,0.0,0.0,4,5,4,5,WP4->WP5,1,0.370740512211964,0.37074051207940284,12.674347633432056,0.6821235027527898,utm,0,0.0,0.0,0,0.0
130.0,116.004,49.89992917496799,8.90001661993413,0.28788982209042335,1.1933300306120858,-7.877665474216511,492819.6217910325,5527509.259709593,1.1848008970264345,-7.875843388028443,0,1,0.0,0.0,4,5,4,5,WP4->WP5,1,0.36908194645940573,0.36908194629969593,12.700972447534845,0.6835564294785827,utm,0,0.0,0.0,0,0.0
130.05,116.05400000000002,49.89992921131119,8.900016251848337,0.2878910191011419,1.1668851436468335,-7.873623123495542,492819.59536208515,5527509.26378561,1.1583710464183241,-7.871773231774569,0,1,0.0,0.0,4,5,4,5,WP4->WP5,1,0.36741091797636827,0.3674109175864219,12.727661599558749,0.6849928188211021,utm,0,0.0,0.0,0,0.0
130.1,116.104,49.89992924935197,8.900015881438804,0.28788086687655856,1.140273309117843,-7.869391956905994,492819.56876650895,5527509.268050591,1.1317745250998996,-7.86751414835453,0,1,0.0,0.0,4,5,4,5,WP4->WP5,1,0.3655667551265771,0.36556675539242467,12.754533774876744,0.6864390583345384,utm,0,0.0,0.0,0,0.0
130.15,116.15400000000001,49.89992928718339,8.900015510231915,0.2878904430195963,1.1136041889991908,-7.865184076477217,492819.5421136389,5527509.272292372,1.1051207150449045,-7.863278278149664,0,1,0.0,0.0,4,5,4,5,WP4->WP5,1,0.3637508767818521,0.3637508768679306,12.781460913015922,0.6878882559041359,utm,0,0.0,0.0,0,0.0
130.2,116.204,49.8999293240413,8.900015137112561,0.2878980215187903,1.0867976690736616,-7.861084476130007,492819.5153232794,5527509.276426099,1.078329439566005,-7.8591504925861955,0,1,0.0,0.0,4,5,4,5,WP4->WP5,1,0.36205503412704504,0.3620550337620343,12.808515213573331,0.6893442972558872,utm,0,0.0,0.0,0,0.0
130.25,116.254,49.89992936104027,8.900014762259303,0.2878927760267863,1.0598665779533278,-7.85696918705744,492819.4884084195,5527509.280575676,1.051413660054095,-7.855006883852184,0,1,0.0,0.0,4,5,4,5,WP4->WP5,1,0.3603546569405678,0.36035465702218433,12.835694937473532,0.6908070887941083,utm,0,0.0,0.0,0,0.0
130.3,116.30400000000002,49.89992939804246,8.9000143885646,0.2878955529586766,1.0330187224098666,-7.852853539268189,492819.46157676226,5527509.2847255,1.0245810832711868,-7.850863010622561,0,1,0.0,0.0,4,5,4,5,WP4->WP5,1,0.35864651521121216,0.35864651476206544,12.86279182145473,0.6922654219525098,utm,0,0.0,0.0,0,0.0
130.35,116.354,49.899929435037166,8.9000140148767,0.28789808625419167,1.006171355655656,-7.848738724239366,492819.43474559265,5527509.288874491,0.997748994268477,-7.84671996999532,0,1,0.0,0.0,4,5,4,5,WP4->WP5,1,0.35693915900402234,0.35693915856167974,12.889888144501237,0.6937237249218438,utm,0,0.0,0.0,0,0.0
130.4,116.40400000000001,49.89992947203933,8.900013641171471,0.287898504285444,0.9793227439565009,-7.844623079280227,492819.40791317984,5527509.293024314,0.9709156618337147,-7.84257609769702,0,1,0.0,0.0,4,5,4,5,WP4->WP5,1,0.3552310864786476,0.3552310864375074,12.916985780816258,0.6951820985702647,utm,0,0.0,0.0,0,0.0
130.45,116.454,49.899929509068045,8.900013267526552,0.2878911774334796,0.9524784651251891,-7.840504481806841,492819.38108510204,5527509.297177082,0.9440866637742147,-7.838429278694093,0,1,0.0,0.0,4,5,4,5,WP4->WP5,1,0.3535196885678631,0.3535196888491883,12.944079366053847,0.6966402541928584,utm,0,0.0,0.0,0,0.0
130.5,116.504,49.89992954613866,8.9000128937388,0.2878748822990007,0.9256239246549067,-7.836381223139143,492819.354246773,5527509.301334522,0.9172474134829827,-7.834277790039778,0,1,0.0,0.0,4,5,4,5,WP4->WP5,1,0.3518045650194785,0.35180456523688614,12.97118358274267,0.6980989819918642,utm,0,0.0,0.0,0,0.0
130.55,116.55400000000002,49.89992958309094,8.900012520810131,0.2878660817557178,0.8988311043562373,-7.832271127321925,492819.32747012196,5527509.305478724,0.8904698441037908,-7.830139526166022,0,1,0.0,0.0,4,5,4,5,WP4->WP5,1,0.3500970517068035,0.350097051609675,12.99822517751944,0.6995543395284127,utm,0,0.0,0.0,0,0.0
130.6,116.604,49.8999296200729,8.900012147422753,0.2878613899324094,0.8720053284314241,-7.828157728764112,492819.3006605329,5527509.30962627,0.8636593359406106,-7.825997925363481,0,1,0.0,0.0,4,5,4,5,WP4->WP5,1,0.34838918397401475,0.34838918380563705,13.025299877780254,0.7010114787762879,utm,0,0.0,0.0,0,0.0
130.65,116.65400000000001,49.89992965694174,8.900011774883682,0.2878629418258187,0.8452404985279385,-7.824056914298894,492819.27391184884,5527509.313761157,0.8369097355753183,-7.821868970058858,0,1,0.0,0.0,4,5,4,5,WP4->WP5,1,0.3466884196362375,0.3466884198553718,13.052312778228059,0.7024652920064351,utm,0,0.0,0.0,0,0.0
130.7,116.704,49.89992969389788,8.90001140165622,0.2878610693209171,0.818426211702934,-7.8199463883046665,492819.2471137406,5527509.317905818,0.810110708931461,-7.817730251699686,0,1,0.0,0.0,4,5,4,5,WP4->WP5,1,0.34498238760610583,0.3449823879935098,13.079375783910736,0.7039218018612377,utm,0,0.0,0.0,0,0.0
130.75,116.754,49.89992973079558,8.900011028883682,0.2878599380669261,0.7916446085432655,-7.81584236307749,492819.2203482943,5527509.322043936,0.7833443456329405,-7.813598070293665,0,1,0.0,0.0,4,5,4,5,WP4->WP5,1,0.3432799212887323,0.34327992126095436,13.106405669965481,0.7053765292435005,utm,0,0.0,0.0,0,0.0
130.8,116.80400000000002,49.89992976771201,8.900010655928135,0.2878557056684076,0.7648498572080039,-7.811736254180421,492819.1935697079,5527509.326184156,0.7565648417803459,-7.8094637878239155,0,1,0.0,0.0,4,5,4,5,WP4->WP5,1,0.3415765478837305,0.34157654763982187,13.133448832381776,0.7068319711491854,utm,0,0.0,0.0,0,0.0
130.85,116.854,49.899929804542595,8.900010283713835,0.2878543783713742,0.7381083602911109,-7.8076396933734005,492819.1668443419,5527509.33031476,0.7298385603935458,-7.805339111015201,0,1,0.0,0.0,4,5,4,5,WP4->WP5,1,0.3398779418703102,0.33987794212973377,13.160438123131247,0.7082845137237855,utm,0,0.0,0.0,0,0.0
130.9,116.90400000000001,49.89992984131603,8.900009912123101,0.287854027577526,0.7114116631423879,-7.80354948970525,492819.14016374946,5527509.33443895,0.7031570540275425,-7.801220837980509,0,1,0.0,0.0,4,5,4,5,WP4->WP5,1,0.3381816784002451,0.3381816783311944,13.187382243888488,0.7097346252846396,utm,0,0.0,0.0,0,0.0
130.95,116.954,49.899929878037455,8.900009541051963,0.2878522597246388,0.6847522959645465,-7.799465070785837,492819.1135204645,5527509.338557308,0.6765128565020859,-7.797108388505876,0,1,0.0,0.0,4,5,4,5,WP4->WP5,1,0.33648785099271245,0.3364878512368342,13.214288682770666,0.7111827088363724,utm,0,0.0,0.0,0,0.0
131.0,117.004,49.899929914603966,8.900009171570467,0.28785367948100316,0.6582071356074616,-7.795397882295244,492819.0869913177,5527509.342658289,0.649982800881844,-7.793013290502131,0,1,0.0,0.0,4,5,4,5,WP4->WP5,1,0.33480101568574266,0.33480101531429834,13.241079880249046,0.7126245901856489,utm,0,0.0,0.0,0,0.0
131.05,117.05400000000002,49.89992995117165,8.900008802206328,0.2878553337236852,0.6316704066735144,-7.7913305636195025,492819.0604705993,5527509.346759391,0.6234611736726947,-7.7889180686324835,0,1,0.0,0.0,4,5,4,5,WP4->WP5,1,0.3331132976063409,0.3331132971628354,13.267862694742034,0.7140660203691911,utm,0,0.0,0.0,0,0.0
131.1,117.104,49.899929987685674,8.900008433335111,0.2878580789578619,0.6051690914779175,-7.787269213649774,492819.03398527246,5527509.350854479,0.5969749393989332,-7.784828854724765,0,1,0.0,0.0,4,5,4,5,WP4->WP5,1,0.33142837094761785,0.3314283706430047,13.29460971893064,0.7155055243464704,utm,0,0.0,0.0,0,0.0
131.15,117.15400000000001,49.89993002414832,8.900008065028544,0.2878599165275311,0.578708343110058,-7.783213577675984,492819.0075404888,5527509.354943799,0.5705292495549656,-7.780745399184525,0,1,0.0,0.0,4,5,4,5,WP4->WP5,1,0.32974552406050894,0.3297455244324485,13.321315844642465,0.716942827199633,utm,0,0.0,0.0,0,0.0
131.2,117.204,49.89993006067364,8.900007696229224,0.287862968805844,0.5522121932554848,-7.779150971136569,492818.9810603271,5527509.3590401355,0.5440481801051646,-7.776654935441911,0,1,0.0,0.0,4,5,4,5,WP4->WP5,1,0.3280588870114601,0.3280588873616689,13.34805783770908,0.7183820604058513,utm,0,0.0,0.0,0,0.0
131.25,117.254,49.89993009723343,8.900007326947904,0.2878619900892973,0.5256814144054073,-7.7750845305030465,492818.9545455552,5527509.363140352,0.5175324996234849,-7.77256059832871,0,1,0.0,0.0,4,5,4,5,WP4->WP5,1,0.32637151399815045,0.3263715139005461,13.374834649942311,0.7198231675524556,utm,0,0.0,0.0,0,0.0
131.3,117.30400000000002,49.899930133638996,8.900006959162129,0.28786041737986356,0.4992580820251277,-7.771035243177793,492818.9281381643,5527509.367223278,0.491124203952495,-7.768483528867364,0,1,0.0,0.0,4,5,4,5,WP4->WP5,1,0.324691656779121,0.3246916569107265,13.401502958078439,0.7212584350931944,utm,0,0.0,0.0,0,0.0
131.35,117.354,49.89993017017548,8.900006590033616,0.2878587634887219,0.47273828153475955,-7.766971394926778,492818.90163436317,5527509.371320888,0.4646194947999902,-7.764391795732081,0,1,0.0,0.0,4,5,4,5,WP4->WP5,1,0.32300588754132914,0.3230058872321182,13.428268608968626,0.7226989415450227,utm,0,0.0,0.0,0,0.0
131.4,117.40400000000001,49.89993020659265,8.900006221999103,0.28785747331234524,0.4462970787387188,-7.762920817070495,492818.8752091107,5527509.375405129,0.4381933372351341,-7.76031341496855,0,1,0.0,0.0,4,5,4,5,WP4->WP5,1,0.32132633425173623,0.3213263346939659,13.454954824404455,0.7241351728426626,utm,0,0.0,0.0,0,0.0
131.45,117.454,49.89993024297936,8.900005854755483,0.2878619089191939,0.4199126971187412,-7.758873627565693,492818.8488406522,5527509.379485905,0.4118239744566381,-7.756238486617804,0,1,0.0,0.0,4,5,4,5,WP4->WP5,1,0.319645100488907,0.3196451001802978,13.481584165103698,0.7255683431863457,utm,0,0.0,0.0,0,0.0
131.5,117.504,49.89993027940045,8.900005487614177,0.2878785421832797,0.3935356662254592,-7.754822613872177,492818.8224795467,5527509.383570497,0.3854619638295844,-7.752159740775824,0,1,0.0,0.0,4,5,4,5,WP4->WP5,1,0.3179594013931283,0.31795940118227917,13.508206527729053,0.7270011379755356,utm,0,0.0,0.0,0,0.0
131.55,117.55400000000002,49.89993031593836,8.900005118980086,0.28788695891734073,0.3670513871857462,-7.750758607134895,492818.79601125326,5527509.3876682175,0.35899276233976707,-7.748067889362574,0,1,0.0,0.0,4,5,4,5,WP4->WP5,1,0.3162703133203721,0.3162703133273108,13.534936826166819,0.7284397417859518,utm,0,0.0,0.0,0,0.0
131.6,117.604,49.899930352404084,8.900004751010107,0.2878958271967,0.34061482074079624,-7.746702629425093,492818.76959064265,5527509.3917578515,0.3325712454970926,-7.743984114378691,0,1,0.0,0.0,4,5,4,5,WP4->WP5,1,0.3145849705155116,0.3145849700922024,13.56161890608526,0.7298757505132719,utm,0,0.0,0.0,0,0.0
131.65,117.65400000000001,49.89993038878905,8.90000438341966,0.2878934281685813,0.3142055215892304,-7.742655633075429,492818.74319727643,5527509.395838468,0.30617697502020746,-7.73990935087204,0,1,0.0,0.0,4,5,4,5,WP4->WP5,1,0.31290614476892975,0.31290614502863967,13.58827303823971,0.7313102551137352,utm,0,0.0,0.0,0,0.0
131.7,117.704,49.89993042514319,8.900004016083502,0.287891362174989,0.28781449166972006,-7.738612066821396,492818.71682216774,5527509.399915635,0.27980096283135936,-7.7358380341902375,0,1,0.0,0.0,4,5,4,5,WP4->WP5,1,0.3112291060893519,0.3112291065143714,13.614908675746598,0.7327437643466939,utm,0,0.0,0.0,0,0.0
131.75,117.754,49.89993046152806,8.900003648378906,0.28789102498716634,0.26139699157892954,-7.734565081792179,492818.69042060396,5527509.4039962515,0.2533984947949648,-7.731763271614909,0,1,0.0,0.0,4,5,4,5,WP4->WP5,1,0.3095510219089238,0.3095510222417425,13.641570971920322,0.7341787083283059,utm,0,0.0,0.0,0,0.0
131.8,117.80400000000002,49.89993049814217,8.900003279968507,0.2878937773267588,0.2349287834958574,-7.730492599577263,492818.6639683866,5527509.408102425,0.22694536746712402,-7.727662964724004,0,1,0.0,0.0,4,5,4,5,WP4->WP5,1,0.307852063340934,0.3078520635357174,13.6682860238962,0.7356164915860368,utm,0,0.0,0.0,0,0.0
131.85,117.854,49.899930536453276,8.900002909467295,0.2878835984450142,0.20831036230838082,-7.726231364463758,492818.6373662679,5527509.412397476,0.20034229703014717,-7.723373812623322,0,1,0.0,0.0,4,5,4,5,WP4->WP5,1,0.30597854616476977,0.3059785459854859,13.695167432236799,0.7370632280135472,utm,0,0.0,0.0,0,0.0
131.9,117.90400000000001,49.89993057436368,8.900002538306502,0.28789404239114386,0.1816445539602374,-7.722014698660094,492818.6107167214,5527509.416648039,0.1736918085371144,-7.719129159115255,0,1,0.0,0.0,4,5,4,5,WP4->WP5,1,0.3041536202630642,0.30415362068283064,13.722092054072009,0.7385122901576281,utm,0,0.0,0.0,0,0.0
131.95,117.954,49.89993061149927,8.900002164791562,0.2878990594313739,0.1548096134284112,-7.717884213301642,492818.5838979953,5527509.420812681,0.14687215955927968,-7.714970463886857,0,1,0.0,0.0,4,5,4,5,WP4->WP5,1,0.30242955201511795,0.30242955222799556,13.749177398924532,0.7399700022891256,utm,0,0.0,0.0,0,0.0
132.0,118.004,49.89993064861183,8.900001790563378,0.2878941500633558,0.1279234302990371,-7.713756289901993,492818.55702804367,5527509.424974832,0.12000128562794998,-7.71081427205354,0,1,0.0,0.0,4,5,4,5,WP4->WP5,1,0.3007125946401407,0.30071259490640856,13.776313534508839,0.7414304479381874,utm,0,0.0,0.0,0,0.0
132.05,118.05400000000002,49.899930685815505,8.90000141672214,0.2878968704752915,0.10106504715399522,-7.709618231871605,492818.5301858945,5527509.429147075,0.0931582119083032,-7.706647981889546,0,1,0.0,0.0,4,5,4,5,WP4->WP5,1,0.29898307354280956,0.298983073702537,13.803422893418388,0.7428894524875013,utm,0,0.0,0.0,0,0.0
132.1,118.104,49.899930722923024,8.900001043585709,0.2878990715715613,0.07425730027811256,-7.705490868834114,492818.5033943472,5527509.433308561,0.0663657424156554,-7.702492437325418,0,1,0.0,0.0,4,5,4,5,WP4->WP5,1,0.2972596926234709,0.2972596925138403,13.830480885464114,0.7443456925122741,utm,0,0.0,0.0,0,0.0
132.15,118.15400000000001,49.89993076012437,8.900000669531291,0.2878999905995777,0.04738360131115422,-7.7013530690514385,492818.47653688805,5527509.437480568,0.03950735874241218,-7.698326386511326,0,1,0.0,0.0,4,5,4,5,WP4->WP5,1,0.2955317902733526,0.29553179042174516,13.85760547036779,0.7458055165127147,utm,0,0.0,0.0,0,0.0
132.2,118.204,49.89993079728416,8.900000296163908,0.28789466589407303,0.0205592618907282,-7.6972198922565624,492818.4497287626,5527509.441647887,0.012698309845291078,-7.694165011867881,0,1,0.0,0.0,4,5,4,5,WP4->WP5,1,0.2938040983229733,0.2938040983444243,13.884680499808923,0.7472626734768179,utm,0,0.0,0.0,0,0.0
132.25,118.254,49.899930834497496,8.899999922603877,0.2878787059172697,-0.006278918177999316,-7.693080759491178,492818.42290680995,5527509.445821179,-0.014124567620456219,-7.689997668378055,0,1,0.0,0.0,4,5,4,5,WP4->WP5,1,0.2920717072522209,0.292071707660929,13.91176983963083,0.7487206006144512,utm,0,0.0,0.0,0,0.0
132.3,118.30400000000002,49.89993087166636,8.899999549304864,0.2878673515435394,-0.03309834558551189,-7.688946573053879,492818.3961035961,5527509.449989501,-0.040928705187980086,-7.685835289768875,0,1,0.0,0.0,4,5,4,5,WP4->WP5,1,0.29034257237341765,0.2903425728086969,13.938840068246613,0.750177499201879,utm,0,0.0,0.0,0,0.0
132.35,118.354,49.89993090876748,8.899999176444648,0.2878611457378042,-0.0598862478730709,-7.684819921789533,492818.3693318847,5527509.454150249,-0.06770133855752647,-7.6816804790869355,0,1,0.0,0.0,4,5,4,5,WP4->WP5,1,0.2886181347389228,0.28861813461690405,13.96587823876273,0.7516326724473905,utm,0,0.0,0.0,0,0.0
132.4,118.40400000000001,49.89993094583932,8.8999988035813,0.2878625111612712,-0.08667437528445177,-7.680696527276464,492818.34255994397,5527509.458307743,-0.09447420062497258,-7.6775289215147495,0,1,0.0,0.0,4,5,4,5,WP4->WP5,1,0.28689695797075765,0.2868969578822312,13.99291634367792,0.7530878421623111,utm,0,0.0,0.0,0,0.0
132.45,118.454,49.89993098288229,8.899998431057465,0.28786277070850735,-0.11343811045316206,-7.676576344232881,492818.31581238145,5527509.462461993,-0.12122268369421363,-7.673380603082478,0,1,0.0,0.0,4,5,4,5,WP4->WP5,1,0.28517680892817143,0.2851768086774072,14.01992987696196,0.7545416894512109,utm,0,0.0,0.0,0,0.0
132.5,118.504,49.89993101996843,8.89999805818363,0.28785901897684807,-0.14022699121257035,-7.67245135919692,492818.28903968993,5527509.4666210795,-0.14799629687331617,-7.669227453880012,0,1,0.0,0.0,4,5,4,5,WP4->WP5,1,0.28345411348767635,0.2834541137414188,14.046968873483236,0.7559969071516756,utm,0,0.0,0.0,0,0.0
132.55,118.55400000000002,49.899931056990674,8.899997685806712,0.2878574130815548,-0.16698017134113882,-7.668333480571958,492818.2623026753,5527509.470773013,-0.17473423160845414,-7.665081448853016,0,1,0.0,0.0,4,5,4,5,WP4->WP5,1,0.28173531853923767,0.2817353180772359,14.073971692746772,0.7574501778203495,utm,0,0.0,0.0,0,0.0
132.6,118.604,49.89993109396164,8.899997313878561,0.28785457590979036,-0.1937011100118784,-7.664221306037545,492818.23559788155,5527509.474919201,-0.20143994415411726,-7.66094118449837,0,1,0.0,0.0,4,5,4,5,WP4->WP5,1,0.2800193337195211,0.2800193334475451,14.100941903659184,0.7589016935330027,utm,0,0.0,0.0,0,0.0
132.65,118.65400000000001,49.899931130907355,8.89999694220996,0.28785174026862015,-0.22040340156414714,-7.660111939681672,492818.208911724,5527509.479062556,-0.22812701982911676,-7.6568037467077374,0,1,0.0,0.0,4,5,4,5,WP4->WP5,1,0.2783044851057356,0.27830448528239693,14.12789329871535,0.7603521965909505,utm,0,0.0,0.0,0,0.0
132.7,118.704,49.89993116775451,8.899996571628167,0.2878542062486,-0.2470276120327636,-7.656013536471798,492818.1823036017,5527509.48319485,-0.2547360578319058,-7.652677353471518,0,1,0.0,0.0,4,5,4,5,WP4->WP5,1,0.27659360151886647,0.2765936013437909,14.154765978185493,0.7617984632374623,utm,0,0.0,0.0,0,0.0
132.75,118.754,49.89993120459217,8.899996201185298,0.28785385090962423,-0.27364184162908095,-7.651916188893666,492818.15570545493,5527509.487326078,-0.28133512008935213,-7.648552023805678,0,1,0.0,0.0,4,5,4,5,WP4->WP5,1,0.27488287784631926,0.27488287794685135,14.181628626593426,0.7632441900200306,utm,0,0.0,0.0,0,0.0
132.8,118.80400000000002,49.899931241370716,8.899995831371717,0.28785623930814525,-0.3002108603892973,-7.647825416373022,492818.1291524922,5527509.49145067,-0.3078889968455769,-7.644433320499957,0,1,0.0,0.0,4,5,4,5,WP4->WP5,1,0.27317468000861317,0.27317467991534633,14.208445676177849,0.7646874627094881,utm,0,0.0,0.0,0,0.0
132.85,118.854,49.89993127804682,8.899995462507654,0.2878581416934402,-0.32671166165426463,-7.643746038590445,492818.1026677047,5527509.495563783,-0.334374695783481,-7.640326080843806,0,1,0.0,0.0,4,5,4,5,WP4->WP5,1,0.2714717536048703,0.27147175359225667,14.235193792132199,0.7661270254447481,utm,0,0.0,0.0,0,0.0
132.9,118.90400000000001,49.89993131473811,8.899995093629357,0.2878612071779778,-0.3532134855480214,-7.639664971231059,492818.07618189714,5527509.499678585,-0.3608614152180962,-7.636217151768506,0,1,0.0,0.0,4,5,4,5,WP4->WP5,1,0.26976723651598006,0.26976723693966265,14.261943076612322,0.7675666510691536,utm,0,0.0,0.0,0,0.0
132.95,118.954,49.89993135146763,8.899994724400033,0.28786306667892475,-0.3797405287975379,-7.635579652336061,492818.0496708861,5527509.50379767,-0.38737333903554827,-7.632103946059942,0,1,0.0,0.0,4,5,4,5,WP4->WP5,1,0.2680607322261005,0.268060732230963,14.288717848538976,0.7690076484080495,utm,0,0.0,0.0,0,0.0
133.0,119.004,49.89993138814667,8.899994355542846,0.2878617902211964,-0.4062408360407851,-7.631499947675557,492818.0231865929,5527509.507911109,-0.41385854373220354,-7.627996379509568,0,1,0.0,0.0,4,5,4,5,WP4->WP5,1,0.2663574355030368,0.26635743567738995,14.315465501698858,0.7704471862360721,utm,0,0.0,0.0,0,0.0
133.05,119.05400000000002,49.89993142482641,8.899993986691825,0.28786037183908436,-0.4327407003107977,-7.6274201644794495,492817.9967027427,5527509.512024625,-0.44034330546855927,-7.623888737522066,0,1,0.0,0.0,4,5,4,5,WP4->WP5,1,0.2646540228216636,0.26465402303872104,14.342212720612013,0.7718867006932747,utm,0,0.0,0.0,0,0.0
133.1,119.104,49.89993146140976,8.89999361874659,0.2878589840239159,-0.45917548899223387,-7.623351103869829,492817.9702839278,5527509.516127338,-0.46676302957348526,-7.619791883975267,0,1,0.0,0.0,4,5,4,5,WP4->WP5,1,0.2629554925521494,0.26295549247846245,14.368894194045035,0.7733226767800226,utm,0,0.0,0.0,0,0.0
133.15,119.15400000000001,49.899931498059956,8.89999325007151,0.2878583904640173,-0.4856627128914645,-7.619274607141173,492817.9438127085,5527509.520237552,-0.49323515966534615,-7.6156875398010015,0,1,0.0,0.0,4,5,4,5,WP4->WP5,1,0.2612542260375349,0.26125422645147556,14.395628535398583,0.7747614981770126,utm,0,0.0,0.0,0,0.0
133.2,119.204,49.89993153466072,8.899992882438449,0.28786483405345437,-0.5120750736759592,-7.615203609319952,492817.9174163153,5527509.52434217,-0.5196324624703266,-7.61158877518028,0,1,0.0,0.0,4,5,4,5,WP4->WP5,1,0.2595517718830198,0.259551772013403,14.42228785105594,0.7761962817495588,utm,0,0.0,0.0,0,0.0
133.25,119.254,49.89993157130825,8.899992514702348,0.2878819878780898,-0.5384948372566047,-7.611127409753046,492817.89101252914,5527509.528451998,-0.5460371593362652,-7.607484802603722,0,1,0.0,0.0,4,5,4,5,WP4->WP5,1,0.2578447972199769,0.25784479715380576,14.44895500021709,0.7776314869151685,utm,0,0.0,0.0,0,0.0
133.3,119.30400000000002,49.8999316078972,8.899992147421381,0.2878979081708747,-0.5648819019849898,-7.607057725103751,492817.8646414202,5527509.532555271,-0.572409177548252,-7.603387377224863,0,1,0.0,0.0,4,5,4,5,WP4->WP5,1,0.25614139762371413,0.2561413971755228,14.475589013552362,0.7790649087364777,utm,0,0.0,0.0,0,0.0
133.35,119.354,49.89993164444983,8.89999177992841,0.28789675239490464,-0.5912841980500474,-7.60299208114673,492817.83825508057,5527509.536654524,-0.5987964256200939,-7.5992939760908484,0,1,0.0,0.0,4,5,4,5,WP4->WP5,1,0.25444337794702676,0.2544433776211162,14.502237831922931,0.7804991273532377,utm,0,0.0,0.0,0,0.0
133.4,119.40400000000001,49.899931680948995,8.899991412861329,0.28789438936827344,-0.617655896290894,-7.598932383254827,492817.81189931877,5527509.540747792,-0.6251530944718979,-7.595206552185118,0,1,0.0,0.0,4,5,4,5,WP4->WP5,1,0.252748553679557,0.2527485540979362,14.528855656844486,0.7819316779267488,utm,0,0.0,0.0,0,0.0
133.45,119.454,49.89993171755483,8.89999104467269,0.2878921620947034,-0.6441081721415851,-7.594860821533809,492817.7854630272,5527509.544853028,-0.6515902957762592,-7.591107179410756,0,1,0.0,0.0,4,5,4,5,WP4->WP5,1,0.25104909012589344,0.25104909022662114,14.555554763439742,0.783368603016533,utm,0,0.0,0.0,0,0.0
133.5,119.504,49.89993175408807,8.899990677117733,0.28789297661760327,-0.6705149215489125,-7.5907973334145336,492817.7590722334,5527509.548950133,-0.6779819974326529,-7.587015926837921,0,1,0.0,0.0,4,5,4,5,WP4->WP5,1,0.24935361217799418,0.2493536120258673,14.582207823677349,0.7848030499272679,utm,0,0.0,0.0,0,0.0
133.55,119.55400000000002,49.899931790916035,8.899990308584417,0.287895171610798,-0.6969919605095224,-7.586701064816566,492817.73261122167,5527509.553080099,-0.7044439243618399,-7.582891829311848,0,1,0.0,0.0,4,5,4,5,WP4->WP5,1,0.2476317527556023,0.24763175289119804,14.608933784096502,0.7862414202689064,utm,0,0.0,0.0,0,0.0
133.6,119.604,49.89993182919677,8.899989937843898,0.2878842052950864,-0.723627574571734,-7.58244320814915,492817.705991914,5527509.5573718,-0.7310641831136309,-7.578606030903757,0,1,0.0,0.0,4,5,4,5,WP4->WP5,1,0.24576312454700244,0.24576312492582164,14.635832008394383,0.7876890617181203,utm,0,0.0,0.0,0,0.0
133.65,119.65400000000001,49.89993186683648,8.899989566462745,0.2878934256519411,-0.7503092145867417,-7.57825665049101,492817.6793265034,5527509.561592293,-0.7577305289451033,-7.574391451664269,0,1,0.0,0.0,4,5,4,5,WP4->WP5,1,0.24396957942273,0.2439695797946273,14.662769712046147,0.7891388279153634,utm,0,0.0,0.0,0,0.0
133.7,119.704,49.89993190405068,8.899989192879476,0.2878998365767689,-0.7771490641961936,-7.57411742150182,492817.6525028833,5527509.565765687,-0.7845550739439204,-7.57022400572896,0,1,0.0,0.0,4,5,4,5,WP4->WP5,1,0.2422372379098829,0.24223723776992598,14.689860721778176,0.7905968449262568,utm,0,0.0,0.0,0,0.0
133.75,119.754,49.8999319412595,8.899988818975014,0.28789540998515145,-0.8040119896354913,-7.569978791081299,492817.6256561958,5527509.569938513,-0.8114026861148886,-7.5660571325570345,0,1,0.0,0.0,4,5,4,5,WP4->WP5,1,0.24050754568392405,0.24050754606035218,14.7169746531389,0.7920560955613262,utm,0,0.0,0.0,0,0.0
133.8,119.80400000000002,49.899931978547315,8.899988445622208,0.287897982996645,-0.8308352817962334,-7.565831374578362,492817.5988491375,5527509.574120071,-0.8382106710341759,-7.561881519854069,0,1,0.0,0.0,4,5,4,5,WP4->WP5,1,0.23876557775532078,0.2387655777455962,14.74404990647943,0.7935132645755203,utm,0,0.0,0.0,0,0.0
133.85,119.854,49.899932015783826,8.899988072464343,0.2878999737228372,-0.8576445685496867,-7.561689664288559,492817.5720560715,5527509.578295904,-0.8650046624243259,-7.557711628265679,0,1,0.0,0.0,4,5,4,5,WP4->WP5,1,0.23702804523731744,0.2370280454737415,14.771110707508681,0.7949696557775952,utm,0,0.0,0.0,0,0.0
133.9,119.90400000000001,49.89993205304055,8.899987699125045,0.2879012751802385,-0.8844668901510949,-7.557545705474845,492817.5452499789,5527509.582474003,-0.8918116808636114,-7.553539474494755,0,1,0.0,0.0,4,5,4,5,WP4->WP5,1,0.23528943449253775,0.2352894346690786,14.79818468650297,0.7964267562074686,utm,0,0.0,0.0,0,0.0
133.95,119.954,49.89993209037011,8.899987325346613,0.28789555789325155,-0.9113207611204874,-7.553393645465796,492817.51841236034,5527509.586660243,-0.918650227074977,-7.549359186552465,0,1,0.0,0.0,4,5,4,5,WP4->WP5,1,0.23354556447139313,0.23354556446892796,14.825290798212718,0.7978855859950224,utm,0,0.0,0.0,0,0.0
134.0,120.004,49.89993212770712,8.899986951792467,0.28788129603913626,-0.9381585183801324,-7.549240756941487,492817.4915908502,5527509.590847287,-0.9454726651310921,-7.545178089290857,0,1,0.0,0.0,4,5,4,5,WP4->WP5,1,0.23179943699956115,0.23179943722756216,14.852380940156861,0.7993435563022487,utm,0,0.0,0.0,0,0.0
134.05,120.05400000000002,49.89993216492501,8.899986579144315,0.2878731328454364,-0.9649311851195187,-7.545101116878543,492817.464834387,5527509.595021005,-0.9722300531575456,-7.541010305285454,0,1,0.0,0.0,4,5,4,5,WP4->WP5,1,0.23006070468405893,0.2300607045650626,14.879405096892512,0.8007979753370272,utm,0,0.0,0.0,0,0.0
134.1,120.104,49.899932202154204,8.899986206478571,0.28786109554292755,-0.9917051156917891,-7.5409602209534405,492817.43807666213,5527509.599195979,-0.9989887031842954,-7.53684126585722,0,1,0.0,0.0,4,5,4,5,WP4->WP5,1,0.22832083429708133,0.2283208347059706,14.906430623708427,0.8022524681084567,utm,0,0.0,0.0,0,0.0
134.15,120.15400000000001,49.89993223941267,8.899985833096522,0.28786204479936095,-1.0185305087529595,-7.53681606827706,492817.41126749973,5527509.603374275,-1.0257987914956175,-7.532668913714588,0,1,0.0,0.0,4,5,4,5,WP4->WP5,1,0.22658230397058854,0.22658230375187777,14.933507677882737,0.8037097340421201,utm,0,0.0,0.0,0,0.0
134.2,120.204,49.899932276572784,8.899985460643963,0.2878626633435296,-1.0452891232480712,-7.532682855398258,492817.3845250747,5527509.607541548,-1.0525421400088817,-7.528507571667433,0,1,0.0,0.0,4,5,4,5,WP4->WP5,1,0.22484872059081487,0.22484872088695532,14.96051727154445,0.8051633693036194,utm,0,0.0,0.0,0,0.0
134.25,120.254,49.89993231372066,8.899985088395923,0.28786059574589434,-1.072033044202307,-7.528551003095754,492817.35779733566,5527509.6117074415,-1.0792708022054285,-7.524347605183721,0,1,0.0,0.0,4,5,4,5,WP4->WP5,1,0.2231151848928819,0.22311518453162205,14.987512114625682,0.8066162107003837,utm,0,0.0,0.0,0,0.0
134.3,120.30400000000002,49.899932350824066,8.899984716519775,0.2878585373930233,-1.0987502467620007,-7.524424097828865,492817.33109629765,5527509.615868356,-1.1059727622778155,-7.520192611962557,0,1,0.0,0.0,4,5,4,5,WP4->WP5,1,0.22138419374309373,0.2213841937581877,15.014479916010618,0.8080675967341477,utm,0,0.0,0.0,0,0.0
134.35,120.354,49.89993238794985,8.899984344356737,0.287852349801386,-1.1254880607858944,-7.520294702771024,492817.3043746599,5527509.620031785,-1.1326953226234764,-7.5160351088270545,0,1,0.0,0.0,4,5,4,5,WP4->WP5,1,0.21965256014296217,0.21965256024490945,15.041468460096151,0.8095200991238772,utm,0,0.0,0.0,0,0.0
134.4,120.40400000000001,49.8999324249895,8.89998397305782,0.28785105827701185,-1.1521637925767905,-7.516174889057046,492817.2777150668,5527509.624185554,-1.1593558362219483,-7.51188725233078,0,1,0.0,0.0,4,5,4,5,WP4->WP5,1,0.21792494113291233,0.21792494100967463,15.068394340382358,0.8109692289968091,utm,0,0.0,0.0,0,0.0
134.45,120.454,49.89993246191583,8.899983602971615,0.28785302373794525,-1.1787523978752352,-7.5120676785389175,492817.25114254863,5527509.628326609,-1.1859292720328085,-7.50775209069252,0,1,0.0,0.0,4,5,4,5,WP4->WP5,1,0.21620211476241283,0.21620211451909252,15.095232353116728,0.8124136299066439,utm,0,0.0,0.0,0,0.0
134.5,120.504,49.89993249884689,8.899983232898304,0.28785296365181023,-1.2053400767712863,-7.507959943035031,492817.22457095725,5527509.632468187,-1.212501781177707,-7.503616404719651,0,1,0.0,0.0,4,5,4,5,WP4->WP5,1,0.21447868335239695,0.2144786830159455,15.122069490159154,0.8138579836874215,utm,0,0.0,0.0,0,0.0
134.55,120.55400000000002,49.89993253571994,8.899982863418936,0.2878554269966059,-1.2318850842381563,-7.503858659478764,492817.1980420117,5527509.63660326,-1.2390316430828534,-7.499487213790417,0,1,0.0,0.0,4,5,4,5,WP4->WP5,1,0.21275787597604057,0.2127578763969984,15.148863567978845,0.8153000200544206,utm,0,0.0,0.0,0,0.0
134.6,120.604,49.89993257252614,8.89998249457302,0.2878583079415766,-1.2583845817247996,-7.499764811334005,492817.1715585481,5527509.640730839,-1.265516021347139,-7.495365507900715,0,1,0.0,0.0,4,5,4,5,WP4->WP5,1,0.21104042296941117,0.21104042338860152,15.175611672690595,0.8167395821846126,utm,0,0.0,0.0,0,0.0
134.65,120.65400000000001,49.8999326093669,8.899982125490826,0.2878617802679366,-1.2849010544920072,-7.495667118482221,492817.1450581213,5527509.644862286,-1.2920173636521213,-7.491239937953651,0,1,0.0,0.0,4,5,4,5,WP4->WP5,1,0.2093206517241031,0.20932065134266323,15.202377020744155,0.8181800723380098,utm,0,0.0,0.0,0,0.0
134.7,120.704,49.89993264606774,8.899981757718356,0.2878623648091516,-1.3113234309893924,-7.491584989830869,492817.11865173234,5527509.648978046,-1.3184246646706015,-7.487130033783615,0,1,0.0,0.0,4,5,4,5,WP4->WP5,1,0.2076080035198824,0.20760800344026306,15.229047298175649,0.8196154458646892,utm,0,0.0,0.0,0,0.0
134.75,120.754,49.89993268279405,8.899981389693076,0.28786150393821663,-1.3377639704103617,-7.487500026822444,492817.0922271915,5527509.653096666,-1.3448501182137989,-7.4830172741785645,0,1,0.0,0.0,4,5,4,5,WP4->WP5,1,0.20589414803494535,0.20589414841171785,15.25573591159778,0.8210518062200812,utm,0,0.0,0.0,0,0.0
134.8,120.80400000000002,49.89993271951106,8.89998102174304,0.28786031457961414,-1.36419910405194,-7.483416099634975,492817.065808053,5527509.657214243,-1.3712701691547409,-7.478905555792153,0,1,0.0,0.0,4,5,4,5,WP4->WP5,1,0.20418084334671857,0.2041808430719026,15.282419050578001,0.8224878719452802,utm,0,0.0,0.0,0,0.0
134.85,120.854,49.89993275621613,8.899980653855646,0.2878590877324372,-1.3906297371313991,-7.479333499062463,492817.03939341166,5527509.6613304885,-1.3976857226807624,-7.4747951682657,0,1,0.0,0.0,4,5,4,5,WP4->WP5,1,0.20246845790897852,0.2024684576816264,15.309097590483956,0.8239236901518897,utm,0,0.0,0.0,0,0.0
134.9,120.90400000000001,49.899932792822916,8.89998028698373,0.28786009412321656,-1.4169874138846836,-7.475261831212248,492817.01305168285,5527509.665435707,-1.4240283611579798,-7.470695790834725,0,1,0.0,0.0,4,5,4,5,WP4->WP5,1,0.20076046487437857,0.20076046512787077,15.335702519698039,0.8253555466884841,utm,0,0.0,0.0,0,0.0
134.95,120.954,49.89993282957162,8.899979919216713,0.28786890597696224,-1.4434093985849414,-7.471174378412872,492816.98664569284,5527509.669556792,-1.450435264443513,-7.4665805622935295,0,1,0.0,0.0,4,5,4,5,WP4->WP5,1,0.19904247883053014,0.1990424785864298,15.362372880955341,0.8267909247266031,utm,0,0.0,0.0,0,0.0
135.0,121.004,49.899932866334964,8.899979551622314,0.287886165366123,-1.4698189816937088,-7.467085296884092,492816.9602521017,5527509.673679488,-1.4768297691480257,-7.462463719770312,0,1,0.0,0.0,4,5,4,5,WP4->WP5,1,0.19732176683889546,0.19732176699708784,15.389031039669092,0.8282256460333469,utm,0,0.0,0.0,0,0.0
135.05,121.05400000000002,49.89993290309889,8.899979183764755,0.2878997696813974,-1.4962474713748752,-7.4629961502627395,492816.93383961177,5527509.677802273,-1.5032431727158837,-7.458346791565418,0,1,0.0,0.0,4,5,4,5,WP4->WP5,1,0.19560267451146554,0.19560267419969044,15.415708027943163,0.8296613807323389,utm,0,0.0,0.0,0,0.0
135.1,121.104,49.89993293981611,8.899978815804829,0.28789768374879654,-1.522683315483753,-7.458912199726848,492816.9074197633,5527509.681919876,-1.5296639336156659,-7.4542350471019745,0,1,0.0,0.0,4,5,4,5,WP4->WP5,1,0.19388940816683792,0.1938894079793391,15.442391876307749,0.8310974846360509,utm,0,0.0,0.0,0,0.0
135.15,121.15400000000001,49.899932976531176,8.899978447838466,0.2878953235505272,-1.5491196220919108,-7.454828487627885,492816.8809994524,5527509.686037241,-1.5560851569171064,-7.45012354105711,0,1,0.0,0.0,4,5,4,5,WP4->WP5,1,0.19217642049841807,0.19217642006053526,15.469076163721015,0.8325336121690204,utm,0,0.0,0.0,0,0.0
135.2,121.204,49.89993301311349,8.899978081152291,0.2878940436561206,-1.5754639543881745,-7.4507595416377965,492816.85467105935,5527509.690139721,-1.582414459087886,-7.446026898920536,0,1,0.0,0.0,4,5,4,5,WP4->WP5,1,0.19046994895024474,0.1904699492742505,15.495667564282224,0.8339647406040706,utm,0,0.0,0.0,0,0.0
135.25,121.254,49.89993304973911,8.899977713966356,0.28789418501808867,-1.6018441916368422,-7.446685778797243,492816.8283067821,5527509.694247066,-1.6087796465144493,-7.441925400868058,0,1,0.0,0.0,4,5,4,5,WP4->WP5,1,0.18876187642486994,0.18876187684969056,15.52229514180482,0.8353978160549619,utm,0,0.0,0.0,0,0.0
135.3,121.30400000000002,49.89993308682818,8.899977345791655,0.2878981558369332,-1.6282954661714866,-7.442560468298413,492816.8018715648,5527509.698406032,-1.6352157854125835,-7.437772298231721,0,1,0.0,0.0,4,5,4,5,WP4->WP5,1,0.187008804539576,0.18700880494431488,15.548998034019082,0.836834944883808,utm,0,0.0,0.0,0,0.0
135.35,121.354,49.899933125490165,8.899976975320545,0.28789002317744306,-1.6549117246898675,-7.438260205941709,492816.7752716628,5527509.702740102,-1.6618166479165666,-7.43344412650913,0,1,0.0,0.0,4,5,4,5,WP4->WP5,1,0.18509622807380008,0.1850962280342437,15.575880760776881,0.8382817522675038,utm,0,0.0,0.0,0,0.0
135.4,121.40400000000001,49.899933163460666,8.899976604164852,0.2879007832722419,-1.6815771666375048,-7.4340368561212475,492816.7486224945,5527509.7069973545,-1.6884667596314102,-7.429192784242332,0,1,0.0,0.0,4,5,4,5,WP4->WP5,1,0.1832646064967105,0.1832646062324258,15.602805610455164,0.8397308266739211,utm,0,0.0,0.0,0,0.0
135.45,121.454,49.89993320082091,8.89997623078439,0.2878993706866996,-1.708402445732931,-7.429881382997239,492816.7218134622,5527509.711186972,-1.7152767203515396,-7.425009110942483,0,1,0.0,0.0,4,5,4,5,WP4->WP5,1,0.1815147889325611,0.18151478868527318,15.629883558129507,0.8411881406950592,utm,0,0.0,0.0,0,0.0
135.5,121.504,49.89993323824855,8.899975856758058,0.2878967319124442,-1.7352741268808718,-7.425718413614317,492816.6949580564,5527509.715384143,-1.7421330562792718,-7.420817895792425,0,1,0.0,0.0,4,5,4,5,WP4->WP5,1,0.1797616394325567,0.17976163966274702,15.657008372132843,0.8426479770254648,utm,0,0.0,0.0,0,0.0
135.55,121.55400000000002,49.899933275752026,8.899975482989042,0.2878989775428959,-1.7621273213302078,-7.421547009790384,492816.6681211412,5527509.719589723,-1.7689709033584222,-7.416618267074227,0,1,0.0,0.0,4,5,4,5,WP4->WP5,1,0.17799844549459443,0.17799844518415667,15.684115531027722,0.8441068631717054,utm,0,0.0,0.0,0,0.0
135.6,121.604,49.89993331324949,8.899975108930676,0.28790092294375613,-1.7890013039991253,-7.41737627387286,492816.64126344526,5527509.723794661,-1.7958295311545953,-7.412419284693897,0,1,0.0,0.0,4,5,4,5,WP4->WP5,1,0.17623776804271157,0.17623776766295865,15.711243327686521,0.8455668600263012,utm,0,0.0,0.0,0,0.0
135.65,121.65400000000001,49.89993335064292,8.899974735931993,0.28790212312478114,-1.8157991543603313,-7.413217110282925,492816.6144818359,5527509.727987931,-1.8226120697217993,-7.408231954090297,0,1,0.0,0.0,4,5,4,5,WP4->WP5,1,0.17448183554327826,0.1744818352026807,15.738294294589364,0.8470227219633641,utm,0,0.0,0.0,0,0.0
135.7,121.704,49.899933388083156,8.899974362635085,0.2878988187127356,-1.842618430536705,-7.409052739994609,492816.5876788162,5527509.732186434,-1.8494160198024474,-7.404039395041764,0,1,0.0,0.0,4,5,4,5,WP4->WP5,1,0.17272262627304813,0.17272262584649006,15.765367057142278,0.8484797569253117,utm,0,0.0,0.0,0,0.0
135.75,121.754,49.899933425582184,8.899973989111421,0.2878862115156248,-1.8694539978163143,-7.404881830025203,492816.5608595206,5527509.736391497,-1.8762362472480163,-7.399840280413628,0,1,0.0,0.0,4,5,4,5,WP4->WP5,1,0.1709583541135696,0.17095835390447844,15.792456621842717,0.8499376961657323,utm,0,0.0,0.0,0,0.0
135.8,121.80400000000002,49.89993346305605,8.899973615804333,0.2878725766026349,-1.8962740053898666,-7.400713719744002,492816.534055775,5527509.74059374,-1.9030409241095185,-7.3956439811736345,0,1,0.0,0.0,4,5,4,5,WP4->WP5,1,0.1691954856114038,0.16919548526333383,15.819530445382119,0.851394788229145,utm,0,0.0,0.0,0,0.0
135.85,121.854,49.89993350052958,8.899973242436836,0.2878606075652228,-1.9230983529780503,-7.396545646254254,492816.5072476909,5527509.744795951,-1.9298499393626116,-7.3914477145299315,0,1,0.0,0.0,4,5,4,5,WP4->WP5,1,0.16743303980056057,0.16743304020613003,15.84660858670115,0.8528521126720892,utm,0,0.0,0.0,0,0.0
135.9,121.90400000000001,49.89993353788082,8.899972869754164,0.28786138187422194,-1.949873499780492,-7.392391174989862,492816.48048877,5527509.748984501,-1.9566097884671763,-7.387265099212527,0,1,0.0,0.0,4,5,4,5,WP4->WP5,1,0.1656797584377796,0.16567975808733176,15.873636531490261,0.8543067355769499,utm,0,0.0,0.0,0,0.0
135.95,121.954,49.89993357526244,8.89997249685076,0.2878612611676307,-1.9766645049226321,-7.388233324571852,492816.4537140016,5527509.753176449,-1.9833854858297855,-7.383079088293016,0,1,0.0,0.0,4,5,4,5,WP4->WP5,1,0.16392452355900788,0.16392452357212597,15.900680566044533,0.8557622244204205,utm,0,0.0,0.0,0,0.0
136.0,122.004,49.89993361259252,8.899972124442375,0.28785962530058445,-2.003419945733389,-7.384081206545509,492816.4269747757,5527509.757362621,-2.01012563938275,-7.378898845985532,0,1,0.0,0.0,4,5,4,5,WP4->WP5,1,0.16217182947625214,0.16217182960610868,15.927688681524737,0.857215780127344,utm,0,0.0,0.0,0,0.0
136.05,122.05400000000002,49.899933649975125,8.89997175150894,0.2878532865425191,-2.030213108439776,-7.379923246460662,492816.4001978507,5527509.761554683,-2.036903493339196,-7.374712722375989,0,1,0.0,0.0,4,5,4,5,WP4->WP5,1,0.1604166768813116,0.16041667681463,15.954734874058845,0.858671385111606,utm,0,0.0,0.0,0,0.0
136.1,122.104,49.89993368723896,8.899971379687914,0.28785397312320826,-2.056926350785572,-7.375778495923142,492816.3735007968,5527509.765733432,-2.063601473288145,-7.370539893396199,0,1,0.0,0.0,4,5,4,5,WP4->WP5,1,0.15866756441578111,0.15866756415440975,15.981700319347402,0.8601226443421008,utm,0,0.0,0.0,0,0.0
136.15,122.15400000000001,49.89993372441765,8.899971008714905,0.2878513169239237,-2.0835786679122985,-7.371643217062647,492816.34686463105,5527509.7699026335,-2.0902385629015043,-7.366376598365605,0,1,0.0,0.0,4,5,4,5,WP4->WP5,1,0.15692245812960287,0.1569224580502709,16.008604262758247,0.861570593589513,utm,0,0.0,0.0,0,0.0
136.2,122.204,49.899933761472326,8.89997063904971,0.28785126329503596,-2.110137025962008,-7.36752173146006,492816.3203223685,5527509.774057924,-2.1167817462119274,-7.362227194942534,0,1,0.0,0.0,4,5,4,5,WP4->WP5,1,0.15518272053291393,0.1551827204181851,16.03541343004148,0.8630134420596691,utm,0,0.0,0.0,0,0.0
136.25,122.254,49.89993379855527,8.899970269183555,0.2878528515846916,-2.1367098219273006,-7.363397102310671,492816.2937656782,5527509.778216374,-2.1433393580955453,-7.358074634335935,0,1,0.0,0.0,4,5,4,5,WP4->WP5,1,0.15344113975035048,0.1534411395397635,16.062237251668424,0.8644570792151723,utm,0,0.0,0.0,0,0.0
136.3,122.30400000000002,49.899933835627294,8.89996989945251,0.28785627061943825,-2.1632729110230415,-7.35927368727929,492816.2672186892,5527509.782373597,-2.169887268333696,-7.353923298418522,0,1,0.0,0.0,4,5,4,5,WP4->WP5,1,0.15169990404965933,0.1516999044375102,16.08905130070965,0.8659001904177356,utm,0,0.0,0.0,0,0.0
136.35,122.354,49.89993387254617,8.899969531106585,0.28785712669439145,-2.189736486966523,-7.355167305983951,492816.240771151,5527509.78651366,-2.1963357239728794,-7.349789099767804,0,1,0.0,0.0,4,5,4,5,WP4->WP5,1,0.14996677140749332,0.1499667716535456,16.115764755227847,0.8673378877015402,utm,0,0.0,0.0,0,0.0
136.4,122.40400000000001,49.89993390946311,8.899969162923181,0.28786065164828,-2.2161883867174956,-7.351061141192172,492816.2143352841,5527509.790653493,-2.222772508277558,-7.345655129291117,0,1,0.0,0.0,4,5,4,5,WP4->WP5,1,0.14823281302349783,0.14823281325862697,16.142466565376917,0.8687749582944817,utm,0,0.0,0.0,0,0.0
136.45,122.454,49.89993394642439,8.89996879429525,0.2878619819048937,-2.242672223294459,-7.346950043515339,492816.18786749966,5527509.7947983,-2.2492412111605518,-7.34151619207114,0,1,0.0,0.0,4,5,4,5,WP4->WP5,1,0.1464967860979742,0.146496786248774,16.169200611886367,0.8702137638231923,utm,0,0.0,0.0,0,0.0
136.5,122.504,49.89993398329498,8.899968426469831,0.28786118920971554,-2.269098403797376,-7.3428490337724,492816.161457335,5527509.7989329435,-2.2756522920681164,-7.337387405335903,0,1,0.0,0.0,4,5,4,5,WP4->WP5,1,0.14476567337220336,0.14476567331096318,16.195876356017468,0.8716494315633802,utm,0,0.0,0.0,0,0.0
136.55,122.55400000000002,49.899934020165915,8.899968058664228,0.28786023454412285,-2.2955231606856485,-7.3387479844078936,492816.1350485933,5527509.803067627,-2.3020619500312023,-7.333258577622473,0,1,0.0,0.0,4,5,4,5,WP4->WP5,1,0.14303439232138127,0.1430343919025493,16.222550686644983,0.8730850232299076,utm,0,0.0,0.0,0,0.0
136.6,122.604,49.89993405700644,8.899967691097704,0.28785923393513535,-2.3219307411623227,-7.334650318442172,492816.1086570168,5527509.807198905,-2.328454441973008,-7.329133152030408,0,1,0.0,0.0,4,5,4,5,WP4->WP5,1,0.14130495164233703,0.1413049512279963,16.249207614462428,0.8745196782907723,utm,0,0.0,0.0,0,0.0
136.65,122.65400000000001,49.899934093946534,8.899967322694929,0.2878620136691569,-2.348398401495144,-7.33054157754103,492816.0822053992,5527509.811341335,-2.354906977619976,-7.324996587820351,0,1,0.0,0.0,4,5,4,5,WP4->WP5,1,0.1395698299441576,0.1395698302823378,16.275925345568663,0.875957605737209,utm,0,0.0,0.0,0,0.0
136.7,122.704,49.899934130819894,8.89996695553542,0.2878764746052796,-2.374776740123007,-7.326440259315893,492816.0558430578,5527509.815476225,-2.3812702352297492,-7.3208675449714065,0,1,0.0,0.0,4,5,4,5,WP4->WP5,1,0.1378341508883025,0.13783415082129116,16.30255348428906,0.8773907113913283,utm,0,0.0,0.0,0,0.0
136.75,122.754,49.89993416777649,8.89996658755121,0.28789031589001796,-2.401214328941504,-7.322329683087179,492816.0294215023,5527509.819620448,-2.4076927091227844,-7.316729181446135,0,1,0.0,0.0,4,5,4,5,WP4->WP5,1,0.13609452644634662,0.1360945268524304,16.32924143832716,0.8788270362591861,utm,0,0.0,0.0,0,0.0
136.8,122.80400000000002,49.89993420468432,8.899966219821579,0.28790050430926084,-2.427633627725688,-7.318224530767935,492816.0030182223,5527509.823759226,-2.434096906275954,-7.3125962587073445,0,1,0.0,0.0,4,5,4,5,WP4->WP5,1,0.13435867439105945,0.13435867454363293,16.355910699590094,0.8802623550964663,utm,0,0.0,0.0,0,0.0
136.85,122.854,49.89993424148421,8.8999658527028,0.287898612686081,-2.4540090401267314,-7.3141313844909295,492815.9766587952,5527509.827885944,-2.4604572478565387,-7.308475385420024,0,1,0.0,0.0,4,5,4,5,WP4->WP5,1,0.13263086929120707,0.13263086971780713,16.382535197522124,0.8816952648061958,utm,0,0.0,0.0,0,0.0
136.9,122.90400000000001,49.89993427825503,8.899965485867455,0.2878963247114047,-2.480364089542079,-7.310041471616778,492815.9503197187,5527509.832009402,-2.4867972381180152,-7.304357768967748,0,1,0.0,0.0,4,5,4,5,WP4->WP5,1,0.13090447345056042,0.13090447308734351,16.409139133508,0.8831270678880228,utm,0,0.0,0.0,0,0.0
136.95,122.954,49.89993431508184,8.899965118397816,0.2878953428367213,-2.506764709302488,-7.305945330373846,492815.92393509834,5527509.83613915,-2.5131827736622654,-7.300233871676028,0,1,0.0,0.0,4,5,4,5,WP4->WP5,1,0.12917592771732653,0.1291759277108963,16.43578899540314,0.8845613426664612,utm,0,0.0,0.0,0,0.0
137.0,123.004,49.89993435183838,8.899964751554952,0.28789652845925323,-2.5331202988108146,-7.301857005900002,492815.89759547997,5527509.840261021,-2.5395233054296114,-7.296117842197418,0,1,0.0,0.0,4,5,4,5,WP4->WP5,1,0.1274511609106865,0.12745116052697067,16.46239332761668,0.8859931670729523,utm,0,0.0,0.0,0,0.0
137.05,123.05400000000002,49.899934389152165,8.899964383294904,0.2878986677029892,-2.5595777050343167,-7.297706701267864,492815.8711541682,5527509.844444985,-2.5659655443159863,-7.291939741931856,0,1,0.0,0.0,4,5,4,5,WP4->WP5,1,0.12567374429927422,0.12567374400940223,16.48910454832112,0.8874307441346428,utm,0,0.0,0.0,0,0.0
137.1,123.104,49.899934427777794,8.899964012656516,0.2878922069199938,-2.5862059815148175,-7.293410483141075,492815.84454224916,5527509.848775032,-2.5925784229766577,-7.287615595385432,0,1,0.0,0.0,4,5,4,5,WP4->WP5,1,0.12376625879007211,0.12376625896996461,16.515998879449533,0.8888781760565128,utm,0,0.0,0.0,0,0.0
137.15,123.15400000000001,49.899934465736116,8.899963641704748,0.2879037481223766,-2.612856772674686,-7.289188487529162,492815.8179077254,5527509.853030915,-2.6192138898186386,-7.283365619368851,0,1,0.0,0.0,4,5,4,5,WP4->WP5,1,0.12193467742738605,0.12193467722553068,16.54290902080536,0.8903264588724892,utm,0,0.0,0.0,0,0.0
137.2,123.204,49.89993450295028,8.89996327077257,0.28789785052723277,-2.6395061563001825,-7.28504926278514,492815.79127449816,5527509.857204061,-2.6458480418659747,-7.279198380187154,0,1,0.0,0.0,4,5,4,5,WP4->WP5,1,0.12018537792876077,0.1201853775638118,16.56981039416379,0.8917742698016853,utm,0,0.0,0.0,0,0.0
137.25,123.254,49.89993453972368,8.899962905331316,0.2878979550019444,-2.6657610480761393,-7.28095906265463,492815.76503554,5527509.861327674,-2.6720879138447344,-7.275080585852265,0,1,0.0,0.0,4,5,4,5,WP4->WP5,1,0.11844977836894058,0.11844977861939406,16.596314635496867,0.8932007073950674,utm,0,0.0,0.0,0,0.0
137.3,123.30400000000002,49.89993457621276,8.899962543084705,0.2878999150127919,-2.691786422797564,-7.276900486902098,492815.7390259651,5527509.865419369,-2.6980983954272233,-7.2709946585819125,0,1,0.0,0.0,4,5,4,5,WP4->WP5,1,0.11672523880453879,0.1167252386306579,16.622587547686596,0.8946146950344077,utm,0,0.0,0.0,0,0.0
137.35,123.354,49.899934612162205,8.89996218590308,0.2879015838150351,-2.717447906811812,-7.272901932870419,492815.71338005573,5527509.869450581,-2.723745198105462,-7.266969133168459,0,1,0.0,0.0,4,5,4,5,WP4->WP5,1,0.11502807104516166,0.11502807060504716,16.6484928166219,0.8960088964005822,utm,0,0.0,0.0,0,0.0
137.4,123.40400000000001,49.899934647821276,8.89996183164885,0.28790278527696495,-2.742899074000342,-7.268935676783354,492815.6879443362,5527509.873449228,-2.7491818037233315,-7.262976127676666,0,1,0.0,0.0,4,5,4,5,WP4->WP5,1,0.1133443404423287,0.11334434061557201,16.674185812844417,0.8973916734149422,utm,0,0.0,0.0,0,0.0
137.45,123.454,49.89993468304214,8.899961481846148,0.2879008404600317,-2.7680304240851554,-7.265018160883552,492815.6628282411,5527509.877398726,-2.7742987740202807,-7.259032199159265,0,1,0.0,0.0,4,5,4,5,WP4->WP5,1,0.11168067438969496,0.11168067463869315,16.699556050939382,0.8987570798386513,utm,0,0.0,0.0,0,0.0
137.5,123.504,49.89993471797344,8.89996113524562,0.2878895089035884,-2.7929317160014895,-7.261132852364781,492815.6379420695,5527509.881315723,-2.799185813695658,-7.255120720714331,0,1,0.0,0.0,4,5,4,5,WP4->WP5,1,0.11002859856086211,0.11002859849912804,16.72469436933334,0.9001100045249657,utm,0,0.0,0.0,0,0.0
137.55,123.55400000000002,49.899934752370186,8.899960793940034,0.2878780822532912,-2.817452596261604,-7.257307000959539,492815.61343607854,5527509.885172779,-2.823692659381777,-7.25126909930259,0,1,0.0,0.0,4,5,4,5,WP4->WP5,1,0.10840186339583266,0.10840186301004724,16.749448645798775,0.9014422603742668,utm,0,0.0,0.0,0,0.0
137.6,123.604,49.89993478649013,8.899960455394464,0.28786499022632095,-2.8417751849325295,-7.253511936926679,492815.5891282588,5527509.888998794,-2.848001326958183,-7.2474484751001,0,1,0.0,0.0,4,5,4,5,WP4->WP5,1,0.106788132419751,0.10678813238031291,16.77400275683467,0.9027637434762928,utm,0,0.0,0.0,0,0.0
137.65,123.65400000000001,49.89993482008144,8.899960121808451,0.2878601672561966,-2.865741457342962,-7.249775672006329,492815.56517653493,5527509.89276556,-2.871953885536641,-7.243687020614743,0,1,0.0,0.0,4,5,4,5,WP4->WP5,1,0.10520122991416092,0.1052012297383107,16.798196874747603,0.904065852029261,utm,0,0.0,0.0,0,0.0
137.7,123.704,49.89993485337748,8.899959790956347,0.28786073494789943,-2.8895113139408126,-7.246072248412077,492815.54142110463,5527509.896499235,-2.89571014320245,-7.239958613179624,0,1,0.0,0.0,4,5,4,5,WP4->WP5,1,0.10362954415416162,0.1036295440164714,16.822192511888616,0.9053572785019134,utm,0,0.0,0.0,0,0.0
137.75,123.754,49.89993488618672,8.899959464960245,0.2878599571192667,-2.9129322940844724,-7.242422970518833,492815.5180143394,5527509.900178321,-2.9191177237662487,-7.236284718848765,0,1,0.0,0.0,4,5,4,5,WP4->WP5,1,0.10208071623584443,0.10208071651200824,16.845835977435623,0.9066297513740948,utm,0,0.0,0.0,0,0.0
137.8,123.80400000000002,49.899934918767826,8.899959141318584,0.28785492456004186,-2.9361841209869493,-7.238799067408947,492815.494776626,5527509.903831815,-2.9423562467563897,-7.232636377215385,0,1,0.0,0.0,4,5,4,5,WP4->WP5,1,0.1005420982664398,0.1005420984313732,16.869308770209727,0.9078930387707754,utm,0,0.0,0.0,0,0.0
137.85,123.854,49.89993495085637,8.89995882242552,0.2878530648329134,-2.959094788051953,-7.235229951020416,492815.4718798632,5527509.907430091,-2.9652538069640286,-7.229043179191649,0,1,0.0,0.0,4,5,4,5,WP4->WP5,1,0.09902766231051531,0.0990276627039208,16.892437017427294,0.9091377829943728,utm,0,0.0,0.0,0,0.0
137.9,123.90400000000001,49.899934982636886,8.899958506601466,0.28784904299554065,-2.981784963945178,-7.231695095259103,492815.449203458,5527509.910993824,-2.9879310018732212,-7.2254844745621085,0,1,0.0,0.0,4,5,4,5,WP4->WP5,1,0.09752771554139025,0.09752771528708234,16.91534268708707,0.9103705482674357,utm,0,0.0,0.0,0,0.0
137.95,123.954,49.8999350139339,8.899958195623409,0.2878485212535077,-3.004126982402135,-7.228214017991778,492815.4268749995,5527509.914503336,-3.010260238079354,-7.2219799142330885,0,1,0.0,0.0,4,5,4,5,WP4->WP5,1,0.09605032363306314,0.09605032370731692,16.93789693388227,0.911584400236062,utm,0,0.0,0.0,0,0.0
138.0,124.004,49.899935044832155,8.89995788863555,0.2878496024004133,-3.0261823276228093,-7.224777293530734,492815.4048330408,5527509.917968131,-3.0323029645951465,-7.218520007096231,0,1,0.0,0.0,4,5,4,5,WP4->WP5,1,0.09459157671841553,0.09459157642050028,16.960161812100157,0.9127826786135846,utm,0,0.0,0.0,0,0.0
138.05,124.05400000000002,49.89993507539134,8.89995758508793,0.287850455352009,-3.047990511007498,-7.221378282433436,492815.38303809497,5527509.921394897,-3.0540986697888,-7.215098074637353,0,1,0.0,0.0,4,5,4,5,WP4->WP5,1,0.09314838039062462,0.0931483803587488,16.98217725153816,0.913967532390554,utm,0,0.0,0.0,0,0.0
138.1,124.104,49.89993510535495,8.899957287265892,0.2878490435957043,-3.069387343780251,-7.218045516473076,492815.3616542472,5527509.924754895,-3.0754832621314563,-7.21174281835556,0,1,0.0,0.0,4,5,4,5,WP4->WP5,1,0.09173452902992488,0.09173452876239863,17.003777241322947,0.9151300269912669,utm,0,0.0,0.0,0,0.0
138.15,124.15400000000001,49.89993513491132,8.89995699360099,0.2878516895102435,-3.0904855097302537,-7.214758046453789,492815.3405688867,5527509.928069217,-3.0965693570906296,-7.208433172665536,0,1,0.0,0.0,4,5,4,5,WP4->WP5,1,0.09033919361948478,0.09033919352257876,17.025075837430784,0.9162763008193945,utm,0,0.0,0.0,0,0.0
138.2,124.204,49.899935164134114,8.89995670332986,0.2878535309908018,-3.1113398522876126,-7.211507678494077,492815.3197272028,5527509.931346127,-3.1174117671325803,-7.205160885117948,0,1,0.0,0.0,4,5,4,5,WP4->WP5,1,0.08895909738324742,0.08895909698605531,17.046128373111475,0.9174093318672776,utm,0,0.0,0.0,0,0.0
138.25,124.254,49.8999351929423,8.899956417162917,0.28785721261144687,-3.1318993321553745,-7.208303425792836,492815.2991802025,5527509.934576545,-3.137959483312443,-7.201935023069382,0,1,0.0,0.0,4,5,4,5,WP4->WP5,1,0.08759867201124426,0.08759867210869028,17.06688322960753,0.918526342053654,utm,0,0.0,0.0,0,0.0
138.3,124.30400000000002,49.89993522142248,8.899956134241663,0.28785923079417863,-3.152225627645394,-7.205135657479244,492815.2788662448,5527509.937770181,-3.1582741487654857,-7.198745891451836,0,1,0.0,0.0,4,5,4,5,WP4->WP5,1,0.08625381873245778,0.08625381897047892,17.087402673102314,0.9196306824959408,utm,0,0.0,0.0,0,0.0
138.35,124.354,49.89993524950638,8.899955855293538,0.2878609871276509,-3.172266476211379,-7.2020119660360225,492815.2588375613,5527509.94091938,-3.1783035300904885,-7.195601134561002,0,1,0.0,0.0,4,5,4,5,WP4->WP5,1,0.08492744304455159,0.08492744262229143,17.10763399381603,0.9207195163949062,utm,0,0.0,0.0,0,0.0
138.4,124.40400000000001,49.89993527730135,8.89995557913967,0.28786061541584906,-3.1921065731616505,-7.198920410513506,492815.23900950653,5527509.944036187,-3.198132275545504,-7.192488725297153,0,1,0.0,0.0,4,5,4,5,WP4->WP5,1,0.08361519466641393,0.08361519487873051,17.12766257956797,0.9217974392563766,utm,0,0.0,0.0,0,0.0
138.45,124.454,49.89993530479721,8.89995530596394,0.28786012636115965,-3.211732707658599,-7.195862125079042,492815.21939528437,5527509.94711945,-3.2177471809554845,-7.1894098110497,0,1,0.0,0.0,4,5,4,5,WP4->WP5,1,0.08231702962099231,0.08231702987350972,17.147475176390458,0.9228637377621501,utm,0,0.0,0.0,0,0.0
138.5,124.504,49.89993533194999,8.89995503614567,0.28785957793995526,-3.231117627723386,-7.192841998750949,492815.2000221295,5527509.950164249,-3.237121010548435,-7.186369308270514,0,1,0.0,0.0,4,5,4,5,WP4->WP5,1,0.081035387712428,0.0810353874532302,17.16704421628279,0.9239169282239343,utm,0,0.0,0.0,0,0.0
138.55,124.55400000000002,49.89993535876758,8.899954769635064,0.28785930667057197,-3.2502649107062664,-7.189859155609593,492815.1808864672,5527509.953171462,-3.256257339264266,-7.183366338722408,0,1,0.0,0.0,4,5,4,5,WP4->WP5,1,0.07976971627846646,0.07976971601572208,17.186373338748023,0.9249572065169444,utm,0,0.0,0.0,0,0.0
138.6,124.604,49.89993538529165,8.899954506328324,0.2878650922221808,-3.269182014025272,-7.186908959224142,492815.16198084917,5527509.956145734,-3.275163616403006,-7.180396259762347,0,1,0.0,0.0,4,5,4,5,WP4->WP5,1,0.07851606244452937,0.078516062214102,17.20547038141735,0.925984994456377,utm,0,0.0,0.0,0,0.0
138.65,124.65400000000001,49.899935411478474,8.899954246822452,0.28788074814867826,-3.2878260464874907,-7.183996273141908,492815.143348143,5527509.959082146,-3.2937969732447527,-7.177463979460299,0,1,0.0,0.0,4,5,4,5,WP4->WP5,1,0.07727545019458691,0.07727545040587791,17.22429220755669,0.9269979704568543,utm,0,0.0,0.0,0,0.0
138.7,124.704,49.89993543732378,8.899953990488159,0.2878900731544771,-3.306242218801401,-7.181121574236746,492815.12494315545,5527509.961980281,-3.3122026030905545,-7.174569925293326,0,1,0.0,0.0,4,5,4,5,WP4->WP5,1,0.07605238132912327,0.07605238104369834,17.242883787828795,0.9279985548043647,utm,0,0.0,0.0,0,0.0
138.75,124.754,49.89993546289753,8.89995373697556,0.287903106560803,-3.3244556683899456,-7.178277078993386,492815.1067407694,5527509.964847956,-3.3304056245833635,-7.171706288121641,0,1,0.0,0.0,4,5,4,5,WP4->WP5,1,0.07484133941244579,0.07484133927417803,17.26127084284458,0.928988131762124,utm,0,0.0,0.0,0,0.0
138.8,124.80400000000002,49.899935488228195,8.89995348530531,0.28790221400023563,-3.342536755508558,-7.175459621931658,492815.08867065696,5527509.967688425,-3.3484763664891943,-7.16886982601136,0,1,0.0,0.0,4,5,4,5,WP4->WP5,1,0.07364543755942082,0.07364543785884062,17.2795237070361,0.9299704866743996,utm,0,0.0,0.0,0,0.0
138.85,124.854,49.89993551328311,8.899953236359325,0.2879012377461677,-3.3604221196701602,-7.172672835500196,492815.07079614844,5527509.970497976,-3.3663514975924045,-7.166064239107072,0,1,0.0,0.0,4,5,4,5,WP4->WP5,1,0.07246265302903648,0.07246265272676877,17.29757897354199,0.9309422070333748,utm,0,0.0,0.0,0,0.0
138.9,124.90400000000001,49.899935537992825,8.899952990849373,0.28790018604101447,-3.3780606242028117,-7.16992444448945,492815.0531683497,5527509.973268817,-3.383979910344351,-7.163297306746244,0,1,0.0,0.0,4,5,4,5,WP4->WP5,1,0.07129612419990793,0.07129612422025654,17.315385041593483,0.9319005157259264,utm,0,0.0,0.0,0,0.0
138.95,124.954,49.89993556228235,8.899952749505069,0.2878991652818108,-3.3953998504794756,-7.167222789946737,492815.0358396476,5527509.975992541,-3.4013092160457745,-7.160577425733209,0,1,0.0,0.0,4,5,4,5,WP4->WP5,1,0.0701494915906673,0.07014949186908281,17.33288897894609,0.9328425639799469,utm,0,0.0,0.0,0,0.0
139.0,125.004,49.89993558645813,8.89995250926311,0.2878984387535848,-3.4126598793697274,-7.164533787419306,492815.0185900944,5527509.978703511,-3.4185593699803576,-7.157870281487703,0,1,0.0,0.0,4,5,4,5,WP4->WP5,1,0.0690084081483054,0.06900840839304469,17.35031293866149,0.9337803078999213,utm,0,0.0,0.0,0,0.0
139.05,125.05400000000002,49.8999356102668,8.899952272632811,0.28789863619205636,-3.429660430976823,-7.161885617038942,492815.0015998605,5527509.98137332,-3.4355501955142245,-7.1552042393013835,0,1,0.0,0.0,4,5,4,5,WP4->WP5,1,0.06788488306211726,0.06788488327142567,17.36747492053471,0.9347039523767906,utm,0,0.0,0.0,0,0.0
139.1,125.104,49.89993563385183,8.899952038231888,0.2878988890580997,-3.44650081451432,-7.159262321927186,492814.98476969753,5527509.984018049,-3.452380944567267,-7.152563243173063,0,1,0.0,0.0,4,5,4,5,WP4->WP5,1,0.06677187091624597,0.06677187087792395,17.384475219928166,0.9356188952287227,utm,0,0.0,0.0,0,0.0
139.15,125.15400000000001,49.8999356573092,8.899951806288405,0.2879005276577585,-3.463164644822151,-7.156653225486869,492814.96811599843,5527509.986648349,-3.4690352265606634,-7.14993663597852,0,1,0.0,0.0,4,5,4,5,WP4->WP5,1,0.06565728210836978,0.06565728187492649,17.401298473556228,0.9365243096156692,utm,0,0.0,0.0,0,0.0
139.2,125.204,49.89993568220158,8.899951574327746,0.2879026531144849,-3.4798297090995014,-7.153884517810269,492814.9514612789,5527509.989438199,-3.4856905643246137,-7.147150479257107,0,1,0.0,0.0,4,5,4,5,WP4->WP5,1,0.06438388728922563,0.0643838874271201,17.418137161584287,0.9374305546699838,utm,0,0.0,0.0,0,0.0
139.25,125.254,49.89993570752856,8.899951343781224,0.2878995107126645,-3.49639317565968,-7.151067469699712,492814.93490818125,5527509.9922762355,-3.5022442909539677,-7.144316113553941,0,1,0.0,0.0,4,5,4,5,WP4->WP5,1,0.06305332120822912,0.0630533211397341,17.434878997903592,0.9383315872408843,utm,0,0.0,0.0,0,0.0
139.3,125.30400000000002,49.89993573230862,8.899951116268168,0.28790470505462734,-3.512738704748577,-7.148311254844598,492814.9185728528,5527509.99505317,-3.5185802347841673,-7.141542801633477,0,1,0.0,0.0,4,5,4,5,WP4->WP5,1,0.061763926919644746,0.06176392693476378,17.45139843448999,0.9392206504316472,utm,0,0.0,0.0,0,0.0
139.35,125.354,49.89993575666966,8.89995088972916,0.2879074701966083,-3.5290142540208773,-7.145601646272371,492814.90230741416,5527509.997783424,-3.5348462784895673,-7.138816154561937,0,1,0.0,0.0,4,5,4,5,WP4->WP5,1,0.060514706625503234,0.06051470666641754,17.467844048802927,0.9401057405652389,utm,0,0.0,0.0,0,0.0
139.4,125.40400000000001,49.89993577978197,8.89995066290711,0.2879004735836395,-3.545310138329828,-7.143030930394682,492814.886021463,5527510.000374869,-3.551132803899236,-7.136228321120143,0,1,0.0,0.0,4,5,4,5,WP4->WP5,1,0.05940558095906593,0.05940558109355641,17.48429754789973,0.9409912550517475,utm,0,0.0,0.0,0,0.0
139.45,125.454,49.89993580272396,8.899950437187268,0.28789846631692534,-3.5615268350791993,-7.140479158578571,492814.86981464265,5527510.002947271,-3.5673401943058707,-7.133659514598548,0,1,0.0,0.0,4,5,4,5,WP4->WP5,1,0.05830827089312347,0.05830827045880171,17.50067051907996,0.9418724355886037,utm,0,0.0,0.0,0,0.0
139.5,125.504,49.899935825377646,8.89995021427387,0.2878986884305179,-3.5775419047313273,-7.137959454052951,492814.85380932613,5527510.005487351,-3.583346073748544,-7.1311229839921,0,1,0.0,0.0,4,5,4,5,WP4->WP5,1,0.05722493944219386,0.0572249397801693,17.51683989003899,0.9427426585203773,utm,0,0.0,0.0,0,0.0
139.55,125.55400000000002,49.89993584772768,8.899949994573207,0.287899728270178,-3.593326157506858,-7.135473523375303,492814.8380346894,5527510.007993361,-3.599121265753638,-7.128620471805334,0,1,0.0,0.0,4,5,4,5,WP4->WP5,1,0.05615469351549088,0.05615469344739768,17.53277644622988,0.9436003515429413,utm,0,0.0,0.0,0,0.0
139.6,125.604,49.89993586987882,8.899949776936168,0.28790064286094286,-3.608962150548288,-7.133009716389961,492814.82240822364,5527510.0104770595,-3.6147482819505967,-7.126140238717198,0,1,0.0,0.0,4,5,4,5,WP4->WP5,1,0.05509327727333225,0.05509327772257534,17.548563421495384,0.9444499942367847,utm,0,0.0,0.0,0,0.0
139.65,125.65400000000001,49.89993589189142,8.899949560724707,0.2879016289891652,-3.6244957238643054,-7.130561317948898,492814.80688411626,5527510.012945217,-3.630272936250549,-7.123675523325801,0,1,0.0,0.0,4,5,4,5,WP4->WP5,1,0.05403808911067043,0.05403808954395376,17.56424705275911,0.945294075037068,utm,0,0.0,0.0,0,0.0
139.7,125.704,49.89993591357313,8.89994934761702,0.2879024012982589,-3.6398063084613828,-7.128149722990602,492814.79158285947,5527510.015376289,-3.645574731810484,-7.121247843839228,0,1,0.0,0.0,4,5,4,5,WP4->WP5,1,0.05299969622640862,0.05299969650053261,17.57970539392942,0.9461260309002657,utm,0,0.0,0.0,0,0.0
139.75,125.754,49.899935934956595,8.89994913749433,0.2879030368690949,-3.6549024379872503,-7.125771301189026,492814.7764959279,5527510.017773916,-3.66066219471395,-7.118853563442826,0,1,0.0,0.0,4,5,4,5,WP4->WP5,1,0.05197524453055243,0.05197524429074137,17.594947264411267,0.9469463364798727,utm,0,0.0,0.0,0,0.0
139.8,125.80400000000002,49.89993595620733,8.899948928672572,0.287903548668766,-3.6699051028406844,-7.123407642666214,492814.76150240406,5527510.020156658,-3.675656246545259,-7.116474146023393,0,1,0.0,0.0,4,5,4,5,WP4->WP5,1,0.05095717429910981,0.05095717457680918,17.61009476425362,0.9477615631052777,utm,0,0.0,0.0,0,0.0
139.85,125.854,49.8999359772066,8.899948722329878,0.28790393732058633,-3.6847296609314104,-7.121071954139379,492814.74668687856,5527510.022511207,-3.6904722938197665,-7.114122883416712,0,1,0.0,0.0,4,5,4,5,WP4->WP5,1,0.049951098280007176,0.04995109821601299,17.62506244623798,0.948567112073836,utm,0,0.0,0.0,0,0.0
139.9,125.90400000000001,49.899935998056,8.899948517469026,0.28790366176463245,-3.699447757022386,-7.118752934971678,492814.7319777504,5527510.024848948,-3.7051819400512613,-7.1117884032428265,0,1,0.0,0.0,4,5,4,5,WP4->WP5,1,0.04895214529147178,0.04895214490484198,17.639922647457684,0.9493668765114831,utm,0,0.0,0.0,0,0.0
139.95,125.954,49.899936018487026,8.899948316911168,0.28789939983291984,-3.7138567073127113,-7.116480450626536,492814.7175775825,5527510.027139762,-3.7195826155366376,-7.109500782564282,0,1,0.0,0.0,4,5,4,5,WP4->WP5,1,0.047972007492471484,0.047972007176211015,17.65447091175101,0.9501498527470852,utm,0,0.0,0.0,0,0.0
140.0,126.004,49.8999360388893,8.899948117029991,0.2878837844855394,-3.7282170418329423,-7.114211164307851,492814.7032260068,5527510.029427313,-3.7339346981607378,-7.107216414064169,0,1,0.0,0.0,4,5,4,5,WP4->WP5,1,0.046990727885647204,0.04699072830963412,17.66897048779555,0.950930208619118,utm,0,0.0,0.0,0,0.0
140.05,126.05400000000002,49.8999360590151,8.89994791939521,0.28788026891828866,-3.742415985544722,-7.11197262927762,492814.68903571647,5527510.0316839125,-3.7481254886370152,-7.104962961748242,0,1,0.0,0.0,4,5,4,5,WP4->WP5,1,0.04602569928465762,0.046025699466543966,17.683306641391212,0.9517017692224329,utm,0,0.0,0.0,0,0.0
140.1,126.104,49.899936078886554,8.899947724175462,0.2878779733579624,-3.7564414227280816,-7.109762384046012,492814.6750188257,5527510.033911998,-3.7621428731363267,-7.102737984620035,0,1,0.0,0.0,4,5,4,5,WP4->WP5,1,0.04507339805669228,0.0450733976900397,17.697467528200338,0.9524638971040169,utm,0,0.0,0.0,0,0.0
140.15,126.15400000000001,49.899936098530674,8.899947531481715,0.287867927318954,-3.77028538101339,-7.107577425156767,492814.6611833076,5527510.036114568,-3.7759788793628104,-7.100538482889533,0,1,0.0,0.0,4,5,4,5,WP4->WP5,1,0.04413011728271473,0.044130117738138665,17.71144547856437,0.9532161794888292,utm,0,0.0,0.0,0,0.0
140.2,126.204,49.89993611789878,8.899947341487698,0.2878586677619244,-3.7839353789182777,-7.105423165906434,492814.6475416316,5527510.03828619,-3.7896210365579464,-7.098369886167347,0,1,0.0,0.0,4,5,4,5,WP4->WP5,1,0.04320014179724468,0.04320014203406799,17.725227583254753,0.953957921612259,utm,0,0.0,0.0,0,0.0
140.25,126.254,49.899936137117784,8.899947152596031,0.28785869694694294,-3.7975061791815095,-7.103285491111877,492814.6339790995,5527510.040441129,-3.8031840461771935,-7.096217954531312,0,1,0.0,0.0,4,5,4,5,WP4->WP5,1,0.04227962814408826,0.04227962790870095,17.73892936035991,0.9546953405677132,utm,0,0.0,0.0,0,0.0
140.3,126.30400000000002,49.89993615614956,8.899946965535424,0.28785862478187557,-3.8109454281352475,-7.101168641695788,492814.6205480384,5527510.042575075,-3.816615580173675,-7.094086987897754,0,1,0.0,0.0,4,5,4,5,WP4->WP5,1,0.041368141484844745,0.041368141090529005,17.752498307252434,0.9554256107047402,utm,0,0.0,0.0,0,0.0
140.35,126.354,49.89993617494573,8.899946780822189,0.28785797611605973,-3.8242160316526133,-7.099077996993376,492814.60728552047,5527510.044682602,-3.8298785651568323,-7.091982400976121,0,1,0.0,0.0,4,5,4,5,WP4->WP5,1,0.04046773447235547,0.040467734222142254,17.76589701314838,0.9561467186041313,utm,0,0.0,0.0,0,0.0
140.4,126.40400000000001,49.89993619358325,8.899946597712288,0.28785581991533005,-3.837371444644904,-7.0970049987462325,492814.5941381236,5527510.046772336,-3.8430264251073822,-7.089895583689213,0,1,0.0,0.0,4,5,4,5,WP4->WP5,1,0.03957464499622548,0.039574645224248466,17.779179461005338,0.9568615695865536,utm,0,0.0,0.0,0,0.0
140.45,126.454,49.899936211911104,8.899946417576544,0.28785493801071266,-3.850313181310634,-7.0949664443760545,492814.5812042719,5527510.048827355,-3.855960732209496,-7.087843433022499,0,1,0.0,0.0,4,5,4,5,WP4->WP5,1,0.03869683116709305,0.03869683082684415,17.79224610045378,0.957564805928775,utm,0,0.0,0.0,0,0.0
140.5,126.504,49.899936230139254,8.899946238506864,0.28785112948352315,-3.8631783272532507,-7.092938979799384,492814.5683469655,5527510.050871185,-3.8688184915226884,-7.085802453570068,0,1,0.0,0.0,4,5,4,5,WP4->WP5,1,0.037823242348821555,0.03782324236705646,17.805235496631543,0.9582638850984239,utm,0,0.0,0.0,0,0.0
140.55,126.55400000000002,49.89993624809416,8.899946062044581,0.28784952998431007,-3.8758561464385393,-7.090941907086957,492814.55567687046,5527510.052884387,-3.881489032704849,-7.083792061544955,0,1,0.0,0.0,4,5,4,5,WP4->WP5,1,0.0369632393713298,0.03696323921892248,17.81803567959905,0.9589527809606961,utm,0,0.0,0.0,0,0.0
140.6,126.604,49.899936265891014,8.89994588714935,0.28784667030320377,-3.8884213817620528,-7.088962413614641,492814.543119291,5527510.054879866,-3.8940470543457195,-7.081799367442727,0,1,0.0,0.0,4,5,4,5,WP4->WP5,1,0.03611071851889994,0.03611071890145678,17.83072220575479,0.9596355599020193,utm,0,0.0,0.0,0,0.0
140.65,126.65400000000001,49.89993628342872,8.899945714750293,0.2878437826386741,-3.9008072810753234,-7.08701174412457,492814.5307409376,5527510.056846293,-3.9064258434809744,-7.079835685901344,0,1,0.0,0.0,4,5,4,5,WP4->WP5,1,0.03527093532102817,0.035270935230429123,17.843227613847404,0.9603085912104701,utm,0,0.0,0.0,0,0.0
140.7,126.704,49.899936300611984,8.899945545844583,0.28784533803268886,-3.9129422031887877,-7.085100499508422,492814.5186134085,5527510.058772975,-3.918553799565416,-7.077911692671478,0,1,0.0,0.0,4,5,4,5,WP4->WP5,1,0.034448068028986735,0.03444806776533595,17.855479632266096,0.9609679852843319,utm,0,0.0,0.0,0,0.0
140.75,126.754,49.89993631762842,8.899945378666963,0.2878425096100989,-3.924952971684061,-7.083207809813465,492814.5066099588,5527510.060680944,-3.930557672108989,-7.076006385497749,0,1,0.0,0.0,4,5,4,5,WP4->WP5,1,0.03363262395534036,0.03363262408515461,17.867606387898135,0.9616206378127298,utm,0,0.0,0.0,0,0.0
140.8,126.80400000000002,49.89993633436552,8.899945214164106,0.2878434634488235,-3.936771573642699,-7.081346190502081,492814.49479855754,5527510.0625575995,-3.942369489232078,-7.074132349342108,0,1,0.0,0.0,4,5,4,5,WP4->WP5,1,0.03283101071894306,0.03283101032122456,17.87953905113771,0.9622628444399709,utm,0,0.0,0.0,0,0.0
140.85,126.854,49.89993635080572,8.899945052599154,0.28784430982836473,-3.9483791036408955,-7.079517594351484,492814.4831980999,5527510.064400962,-3.953970355389174,-7.072291559539735,0,1,0.0,0.0,4,5,4,5,WP4->WP5,1,0.03204349205586815,0.032043491795274597,17.89125862520343,0.9628935827740998,utm,0,0.0,0.0,0,0.0
140.9,126.90400000000001,49.89993636704288,8.899944893072096,0.28784534366219394,-3.959840222498279,-7.07771158107885,492814.47174396476,5527510.066221557,-3.965424893947784,-7.070473504252732,0,1,0.0,0.0,4,5,4,5,WP4->WP5,1,0.0312654240055408,0.031265424464088705,17.90283041801063,0.9635163676361747,utm,0,0.0,0.0,0,0.0
140.95,126.954,49.899936383129656,8.89994473509787,0.28784519731229125,-3.9711897791017075,-7.075922295182644,492814.4604013251,5527510.068025281,-3.9767679333454,-7.0686722956597805,0,1,0.0,0.0,4,5,4,5,WP4->WP5,1,0.03049408340797106,0.030494083477944373,17.914289646986976,0.9641330944006807,utm,0,0.0,0.0,0,0.0
141.0,127.004,49.89993639893876,8.89994457971268,0.2878438866400006,-3.9823533281682986,-7.074163893590152,492814.4492445776,5527510.069797884,-3.98792507359758,-7.066902167163789,0,1,0.0,0.0,4,5,4,5,WP4->WP5,1,0.029736937437566197,0.029736937666227807,17.925560931994745,0.9647397061674075,utm,0,0.0,0.0,0,0.0
141.05,127.05400000000002,49.89993641446631,8.899944427109846,0.28784374320052064,-3.9933169805536903,-7.072436808600967,492814.4382876052,5527510.071538917,-3.998882431886159,-7.065163563936949,0,1,0.0,0.0,4,5,4,5,WP4->WP5,1,0.028993179982792307,0.028993179537619294,17.936630406451563,0.9653354566477083,utm,0,0.0,0.0,0,0.0
141.1,127.104,49.89993642588374,8.899944315723577,0.28783686727516344,-4.001319455390043,-7.071166881493532,492814.43029001856,5527510.0728190215,-4.006880302156787,-7.063885232433677,0,1,0.0,0.0,4,5,4,5,WP4->WP5,1,0.028441032641148396,0.02844103226569703,17.944710950576724,0.9657703452291343,utm,0,0.0,0.0,0,0.0
141.15,127.15400000000001,49.89993643533687,8.8999442223121,0.2878408900034184,-4.00803054277341,-7.070115436195215,492814.4235830125,5527510.073879005,-4.013587543158792,-7.062826735898852,0,1,0.0,0.0,4,5,4,5,WP4->WP5,1,0.027991478602078484,0.027991479036898328,17.951486302831295,0.9661349894022262,utm,0,0.0,0.0,0,0.0
141.2,127.204,49.89993644472958,8.899944129933376,0.2878390062278401,-4.014667432841914,-7.069070711705149,492814.41695016506,5527510.074932174,-4.02022062393371,-7.061775038018823,0,1,0.0,0.0,4,5,4,5,WP4->WP5,1,0.027542011521220593,0.027542011827504872,17.95818718395915,0.9664956255973709,utm,0,0.0,0.0,0,0.0
141.25,127.254,49.89993645408328,8.899944038079521,0.2878422598856362,-4.0212666139045306,-7.068030326484165,492814.4103550059,5527510.075980955,-4.026816015539225,-7.060727720148861,0,1,0.0,0.0,4,5,4,5,WP4->WP5,1,0.02709350857437375,0.027093508344964375,17.96485013456722,0.9668542204015294,utm,0,0.0,0.0,0,0.0
141.3,127.30400000000002,49.89993646342183,8.89994394636992,0.2878438732636583,-4.027855431231205,-7.066991626594821,492814.4037702041,5527510.077028037,-4.033401049324311,-7.059682099148631,0,1,0.0,0.0,4,5,4,5,WP4->WP5,1,0.026645760305091245,0.026645760673494716,17.971502616629795,0.9672122517967352,utm,0,0.0,0.0,0,0.0
141.35,127.354,49.899936472656485,8.899943855592646,0.2878429599816075,-4.034377266053121,-7.065964482052395,492814.39725234255,5527510.078063479,-4.039919140341226,-7.058648101985455,0,1,0.0,0.0,4,5,4,5,WP4->WP5,1,0.02620355652830665,0.026203556772859005,17.97808738044142,0.9675666386485001,utm,0,0.0,0.0,0,0.0
141.4,127.40400000000001,49.899936481945474,8.899943764440886,0.2878459227505953,-4.0409260055965515,-7.064931294513518,492814.39070759516,5527510.079104997,-4.0464641185244545,-7.057608035393059,0,1,0.0,0.0,4,5,4,5,WP4->WP5,1,0.025757730909373115,0.025757730454296173,17.984699469228417,0.9679224961091241,utm,0,0.0,0.0,0,0.0
141.45,127.454,49.89993649116211,8.89994367387904,0.28784575390587136,-4.047432363155715,-7.063906155105378,492814.3842052022,5527510.080138412,-4.0529667405062355,-7.056576061993837,0,1,0.0,0.0,4,5,4,5,WP4->WP5,1,0.02531614713853972,0.025316146962550693,17.99126864456763,0.9682760440014638,utm,0,0.0,0.0,0,0.0
141.5,127.504,49.89993650042884,8.89994358293768,0.2878483557228876,-4.053965986604428,-7.062875442499363,492814.3776755615,5527510.081177437,-4.059496611414943,-7.055538485758007,0,1,0.0,0.0,4,5,4,5,WP4->WP5,1,0.024871439038533977,0.024871439371033813,17.99786546308774,0.968631079628236,utm,0,0.0,0.0,0,0.0
141.55,127.55400000000002,49.899936509659675,8.899943492255186,0.2878493252135796,-4.0604810120688395,-7.061848723888779,492814.3711645061,5527510.082212444,-4.066007896210067,-7.054504921659827,0,1,0.0,0.0,4,5,4,5,WP4->WP5,1,0.02442905289777538,0.024429052636720232,18.00444340936408,0.9689850995655699,utm,0,0.0,0.0,0,0.0
141.6,127.604,49.899936518824234,8.899943402198783,0.2878496646970338,-4.066951056415336,-7.0608293755971285,492814.36469840416,5527510.083240025,-4.072474225889891,-7.053478775545955,0,1,0.0,0.0,4,5,4,5,WP4->WP5,1,0.02399000057419623,0.023990000493490034,18.01097591495519,0.9693366739206717,utm,0,0.0,0.0,0,0.0
141.65,127.65400000000001,49.89993652805475,8.89994331159852,0.28785218040827004,-4.073460174038498,-7.059802691655414,492814.3581932541,5527510.084274989,-4.078979605284985,-7.052445254288614,0,1,0.0,0.0,4,5,4,5,WP4->WP5,1,0.02354712349194658,0.02354712370272588,18.017547976095788,0.9696903771245908,utm,0,0.0,0.0,0,0.0
141.7,127.704,49.899936537277576,8.899943220989329,0.28785389146021867,-4.079969933085884,-7.058776863822552,492814.3516874619,5527510.0853090985,-4.085485626652371,-7.051412587054074,0,1,0.0,0.0,4,5,4,5,WP4->WP5,1,0.0231051553681297,0.02310515546958905,18.024120599580268,0.970044110593419,utm,0,0.0,0.0,0,0.0
141.75,127.754,49.89993654638723,8.899943131430593,0.28785379205097794,-4.086404222817766,-7.057763622912397,492814.34525709203,5527510.086330525,-4.091916222881991,-7.050392586737871,0,1,0.0,0.0,4,5,4,5,WP4->WP5,1,0.02266900294032123,0.02266900331341474,18.030616963121226,0.9703937398115751,utm,0,0.0,0.0,0,0.0
141.8,127.80400000000002,49.899936555541004,8.899943041542224,0.2878559047951481,-4.0928621948355035,-7.056745474588195,492814.33880305587,5527510.087356889,-4.098370486462954,-7.049367654137313,0,1,0.0,0.0,4,5,4,5,WP4->WP5,1,0.022230072176944553,0.022230072147050108,18.037137342357298,0.970744661535708,utm,0,0.0,0.0,0,0.0
141.85,127.854,49.89993656470602,8.899942951489072,0.2878565651664473,-4.099332005635177,-7.055726076769586,492814.3323371874,5527510.0883845175,-4.104836582671851,-7.048341458663344,0,1,0.0,0.0,4,5,4,5,WP4->WP5,1,0.021790950649384504,0.021790950669805395,18.04366961975112,0.9710962236094101,utm,0,0.0,0.0,0,0.0
141.9,127.90400000000001,49.89993657384649,8.899942861645226,0.2878566919534208,-4.105786778954802,-7.054709407886383,492814.32588634675,5527510.089409398,-4.111287650419399,-7.047318008728325,0,1,0.0,0.0,4,5,4,5,WP4->WP5,1,0.021353208463940662,0.02135320826305402,18.05018668250874,0.9714469668432598,utm,0,0.0,0.0,0,0.0
141.95,127.954,49.89993658302336,8.89994277143546,0.28785675770574337,-4.112267841478826,-7.053688690528097,492814.3194092327,5527510.09043836,-4.117764992523007,-7.04629048332572,0,1,0.0,0.0,4,5,4,5,WP4->WP5,1,0.020913774601474658,0.020913774822826126,18.056730280013603,0.9717991381565073,utm,0,0.0,0.0,0,0.0
142.0,128.004,49.89993659210258,8.89994268217403,0.2878569112478117,-4.118680771503328,-7.052678835846839,492814.3130002095,5527510.091456374,-4.12417424126761,-7.045273890718818,0,1,0.0,0.0,4,5,4,5,WP4->WP5,1,0.020479092220863183,0.020479092030965835,18.063205075858015,0.9721476066180595,utm,0,0.0,0.0,0,0.0
142.05,128.054,49.899936601249216,8.899942592245456,0.28785708923052555,-4.125141632099629,-7.0516614813690275,492814.30654328497,5527510.092481948,-4.130631393112708,-7.044249747879803,0,1,0.0,0.0,4,5,4,5,WP4->WP5,1,0.020041208829141125,0.02004120840985858,18.06972826028827,0.9724986793155552,utm,0,0.0,0.0,0,0.0
142.1,128.10399999999998,49.89993661042296,8.899942502039433,0.2878573284860556,-4.1316224257257534,-7.050641111406978,492814.3000664393,5527510.093510564,-4.137108466704376,-7.043222567997873,0,1,0.0,0.0,4,5,4,5,WP4->WP5,1,0.01960209571757064,0.01960209574995731,18.07627155918783,0.9728508345580983,utm,0,0.0,0.0,0,0.0
142.15,128.154,49.89993661957349,8.899942412062183,0.28785759286058327,-4.138086783398565,-7.049623324629572,492814.2936060196,5527510.0945365755,-4.143569113803096,-7.042197990231216,0,1,0.0,0.0,4,5,4,5,WP4->WP5,1,0.0191640926311904,0.019164092976893574,18.082798263984483,0.9732020967189674,utm,0,0.0,0.0,0,0.0
142.2,128.20399999999998,49.89993662871073,8.89994232222369,0.2878578587948924,-4.144541172067851,-7.048607015170582,492814.28715556295,5527510.0955610955,-4.150019797496498,-7.041174900718033,0,1,0.0,0.0,4,5,4,5,WP4->WP5,1,0.018726674938250785,0.018726674811397823,18.089314911688977,0.9735528176149819,utm,0,0.0,0.0,0,0.0
142.25,128.254,49.89993663781517,8.899942232742543,0.28785865953540585,-4.150969887560339,-7.047594354433367,492814.2807307644,5527510.096581936,-4.156444822263438,-7.040155484341085,0,1,0.0,0.0,4,5,4,5,WP4->WP5,1,0.018290602928729204,0.018290602598322925,18.095805673799447,0.9739021453685185,utm,0,0.0,0.0,0,0.0
142.3,128.304,49.89993664695195,8.899942143150135,0.2878643116685923,-4.157406596479958,-7.04657809662392,492814.2742979803,5527510.097606381,-4.162877833354287,-7.039132465608418,0,1,0.0,0.0,4,5,4,5,WP4->WP5,1,0.017851661889078732,0.017851661614508636,18.102304714533755,0.9742519186711323,utm,0,0.0,0.0,0,0.0
142.35,128.35399999999998,49.89993665617161,8.89994205292662,0.28787436176116477,-4.163888646792179,-7.045552620432462,492814.26781988534,5527510.098640102,-4.169356157421134,-7.038100182078779,0,1,0.0,0.0,4,5,4,5,WP4->WP5,1,0.017407578458884913,0.01740757815771705,18.10884971891958,0.9746041657016157,utm,0,0.0,0.0,0,0.0
142.4,128.404,49.89993666531241,8.89994196339926,0.2878809085891783,-4.170320682478176,-7.044535915465333,492814.2613917733,5527510.099664989,-4.175784496590495,-7.037076720036566,0,1,0.0,0.0,4,5,4,5,WP4->WP5,1,0.016967775209870258,0.01696777533394728,18.11534414662393,0.9749536907345554,utm,0,0.0,0.0,0,0.0
142.45,128.45399999999998,49.89993667450554,8.899941873058529,0.2878811663249141,-4.176811154131459,-7.043513390373066,492814.25490525644,5527510.10069577,-4.182271241850685,-7.036047377623618,0,1,0.0,0.0,4,5,4,5,WP4->WP5,1,0.016527380011709638,0.016527380168501225,18.121897272831188,0.9753063748751328,utm,0,0.0,0.0,0,0.0
142.5,128.504,49.89993668359861,8.899941783834258,0.28788496537018143,-4.183221414447782,-7.042501993988346,492814.248498904,5527510.101715323,-4.188677820202429,-7.0350292455405,0,1,0.0,0.0,4,5,4,5,WP4->WP5,1,0.016090923654464635,0.01609092377906179,18.128369547894884,0.9756547076702333,utm,0,0.0,0.0,0,0.0
142.55,128.554,49.89993669273917,8.89994169438947,0.2878950422534287,-4.189647517661637,-7.04148531590728,492814.242076722,5527510.102740174,-4.195100229349919,-7.0340058179572225,0,1,0.0,0.0,4,5,4,5,WP4->WP5,1,0.01565062009941702,0.015650620320964717,18.134858066641872,0.9760039146876972,utm,0,0.0,0.0,0,0.0
142.6,128.60399999999998,49.89993670189116,8.899941604880206,0.2879048036796429,-4.196078253142703,-7.040467366398439,492814.2356499113,5527510.103766303,-4.201527267461643,-7.032981115393341,0,1,0.0,0.0,4,5,4,5,WP4->WP5,1,0.015209463683766918,0.015209463524290923,18.141351310508696,0.9763533760074249,utm,0,0.0,0.0,0,0.0
142.65,128.654,49.89993671111449,8.899941514238712,0.2879048497817388,-4.202590332981869,-7.039441481255811,492814.22914179927,5527510.104800473,-4.208035608637147,-7.031948387622833,0,1,0.0,0.0,4,5,4,5,WP4->WP5,1,0.014767644259965806,0.014767644637556062,18.14792624978029,0.9767072341101091,utm,0,0.0,0.0,0,0.0
142.7,128.70399999999998,49.89993672023619,8.899941424606089,0.28790486531600146,-4.209029931118155,-7.038426900995196,492814.22270612494,5527510.105823246,-4.214471509621944,-7.030927042476833,0,1,0.0,0.0,4,5,4,5,WP4->WP5,1,0.01433063055030522,0.014330630648770425,18.15442801777912,0.977057154191972,utm,0,0.0,0.0,0,0.0
142.75,128.754,49.89993672935801,8.89994133496778,0.28790485169399893,-4.2154699377699485,-7.037412306584021,492814.21627004235,5527510.106846033,-4.2209078188752756,-7.029905682429671,0,1,0.0,0.0,4,5,4,5,WP4->WP5,1,0.01389363929555695,0.013893639641409277,18.16093019363848,0.9774070962245703,utm,0,0.0,0.0,0,0.0
142.8,128.804,49.89993673841483,8.899941245974341,0.28790481655996414,-4.22186361409235,-7.036404943108769,492814.20988026186,5527510.107861531,-4.2272978244000115,-7.028891601599753,0,1,0.0,0.0,4,5,4,5,WP4->WP5,1,0.013459722806815816,0.013459723150093441,18.167385598199168,0.9777545210623589,utm,0,0.0,0.0,0,0.0
142.85,128.85399999999998,49.899936747576135,8.899941155949854,0.28790475609811855,-4.22833136546849,-7.035385957071442,492814.20341645146,5527510.108888745,-4.233761862386018,-7.02786582056433,0,1,0.0,0.0,4,5,4,5,WP4->WP5,1,0.01302082851623393,0.013020828435554781,18.17391578851354,0.9781059708110729,utm,0,0.0,0.0,0,0.0
142.9,128.904,49.89993675674927,8.899941065814918,0.28790466739517984,-4.234807051948865,-7.034365655739608,492814.19694471086,5527510.109917285,-4.240233830932993,-7.026838716119528,0,1,0.0,0.0,4,5,4,5,WP4->WP5,1,0.012581330124167886,0.012581330502778895,18.18045399635444,0.9784578520568102,utm,0,0.0,0.0,0,0.0
142.95,128.95399999999998,49.89993676590886,8.899940975815518,0.2879045451114311,-4.241273000930596,-7.033346860027306,492814.19048270193,5527510.110944307,-4.246696067450102,-7.025813126005232,0,1,0.0,0.0,4,5,4,5,WP4->WP5,1,0.012142463890391243,0.012142464061932817,18.186982375233427,0.9788092043154846,utm,0,0.0,0.0,0,0.0
143.0,129.004,49.899936775031264,8.899940886171946,0.28790444790981257,-4.247713385724047,-7.032332201938614,492814.1840462414,5527510.1119671585,-4.253132754645776,-7.024791702628136,0,1,0.0,0.0,4,5,4,5,WP4->WP5,1,0.011705443635545452,0.011705443209849706,18.193484933295892,0.9791591669179559,utm,0,0.0,0.0,0,0.0
143.05,129.054,49.899936784120094,8.899940796858107,0.28790432582705217,-4.254130080957234,-7.031321277475055,492814.17763345595,5527510.112986247,-4.259545765933581,-7.023774036206305,0,1,0.0,0.0,4,5,4,5,WP4->WP5,1,0.011270029975574225,0.01127003005344481,18.199963573121114,0.9795078422595568,utm,0,0.0,0.0,0,0.0
143.1,129.10399999999998,49.89993679328217,8.899940706815512,0.2879042841971365,-4.260599133304031,-7.030302205119315,492814.17116834526,5527510.11401355,-4.266011104278732,-7.022748166695237,0,1,0.0,0.0,4,5,4,5,WP4->WP5,1,0.010831164679829794,0.01083116472988277,18.206495066411552,0.9798593621334262,utm,0,0.0,0.0,0,0.0
143.15,129.154,49.89993680231669,8.899940618044656,0.2879039960290541,-4.266976818305428,-7.0292973222371495,492814.16479454644,5527510.115026547,-4.272385127609596,-7.0217365846037865,0,1,0.0,0.0,4,5,4,5,WP4->WP5,1,0.01039829555222315,0.010398295316391032,18.212934328634475,0.9802059182031884,utm,0,0.0,0.0,0,0.0
143.2,129.20399999999998,49.89993681148312,8.899940527960137,0.28790383501764594,-4.273448882640502,-7.028277765932274,492814.15832642553,5527510.116054336,-4.278853476222139,-7.020710229873657,0,1,0.0,0.0,4,5,4,5,WP4->WP5,1,0.009959217980675322,0.009959217855859254,18.21946886374993,0.9805576017857074,utm,0,0.0,0.0,0,0.0
143.25,129.254,49.89993682064867,8.89994043788669,0.2879037130909111,-4.279920151512547,-7.027258308681315,492814.1518590997,5527510.117082027,-4.285321029834449,-7.019683972932398,0,1,0.0,0.0,4,5,4,5,WP4->WP5,1,0.009520165657096168,0.009520165936848388,18.22600259822301,0.9809092422782781,utm,0,0.0,0.0,0,0.0
143.3,129.304,49.89993682982694,8.899940347685718,0.28790359552691425,-4.286400582311561,-7.026237435666874,492814.14538261737,5527510.118111145,-4.291797740210313,-7.0186562910676,0,1,0.0,0.0,4,5,4,5,WP4->WP5,1,0.00908052044107878,0.009080520514602895,18.232545580639734,0.9812613804879619,utm,0,0.0,0.0,0,0.0
143.35,129.35399999999998,49.899936838937045,8.899940258158141,0.2879034284298467,-4.292832633439725,-7.025224144522233,492814.1389544854,5527510.119132618,-4.2982260985299945,-7.017636243253946,0,1,0.0,0.0,4,5,4,5,WP4->WP5,1,0.00864411925941205,0.00864411882153881,18.239039719719358,0.981610889987344,utm,0,0.0,0.0,0,0.0
143.4,129.404,49.8999368480874,8.899940168223601,0.28790343143346664,-4.299293922588062,-7.024206376848082,492814.13249713305,5527510.120158608,-4.304683678259607,-7.0166116850450635,0,1,0.0,0.0,4,5,4,5,WP4->WP5,1,0.0082058599412162,0.008205860191533219,18.245563367761306,0.9819619876360595,utm,0,0.0,0.0,0,0.0
143.45,129.45399999999998,49.8999368571961,8.899940078708438,0.2879032708920775,-4.3057250818991815,-7.023193242067124,492814.1260698924,5527510.121179925,-4.311111145245377,-7.015591793693602,0,1,0.0,0.0,4,5,4,5,WP4->WP5,1,0.007769533570683356,0.007769533778361389,18.252056605072816,0.9823114486029852,utm,0,0.0,0.0,0,0.0
143.5,129.504,49.89993686630054,8.899939989234943,0.2879032106005074,-4.312153247599478,-7.022180581329909,492814.1196456434,5527510.122200763,-4.317535620473791,-7.0145723801106215,0,1,0.0,0.0,4,5,4,5,WP4->WP5,1,0.007333414806833125,0.007333414682275526,18.258546819582737,0.9826607468850874,utm,0,0.0,0.0,0,0.0
143.55,129.554,49.899936875439124,8.899939899423938,0.2879031508421948,-4.318605661458094,-7.021164123290044,492814.113197161,5527510.12322543,-4.323984329937957,-7.013549143448472,0,1,0.0,0.0,4,5,4,5,WP4->WP5,1,0.006895671683357073,0.006895671564198921,18.265061514432983,0.9830113626800095,utm,0,0.0,0.0,0,0.0
143.6,129.60399999999998,49.89993687994573,8.899939851409636,0.28785150364516104,-4.322055218082948,-7.0206628666045585,492814.1097496499,5527510.123731093,-4.3274319531046785,-7.013044245541096,0,1,0.0,0.0,4,5,4,5,WP4->WP5,1,0.006703620191901252,0.006703620063406055,18.26854061542463,0.9831986051814378,utm,0,0.0,0.0,0,0.0
143.65,129.654,49.89993688016488,8.899939851196095,0.2878775036132258,-4.322070559811971,-7.020638490850702,492814.10973434686,5527510.123755479,-4.327447261486668,-7.013019861653447,0,1,0.0,0.0,4,5,4,5,WP4->WP5,1,0.006680715601150539,0.0066807160521632734,18.268558059596753,0.9831995440131738,utm,0,0.0,0.0,0,0.0
143.7,129.70399999999998,49.89993688020422,8.899939851563213,0.2878837772768,-4.322044184463253,-7.020634114790166,492814.1097607176,5527510.123759817,-4.327420891728252,-7.013015517964959,0,1,0.0,0.0,4,5,4,5,WP4->WP5,1,0.006674012453069324,0.006674012648857547,18.2685321887667,0.9831981516652812,utm,0,0.0,0.0,0,0.0
143.75,129.754,49.89993688019884,8.899939851730455,0.2878868713642724,-4.322032169053556,-7.020634714066362,492814.10977272736,5527510.123759202,-4.327408881857991,-7.013016130775213,0,1,0.0,0.0,4,5,4,5,WP4->WP5,1,0.006673540198581543,0.006673540445877254,18.268520172520184,0.9831975049602674,utm,0,0.0,0.0,0,0.0
143.8,129.804,49.89993688019147,8.899939851872999,0.2878890467689948,-4.322021928089224,-7.020635533383759,492814.10978296306,5527510.123758371,-4.327398645924404,-7.013016959652305,0,1,0.0,0.0,5,0,,,completed_or_unknown,0,,,,,,0,0.0,0.0,0,0.0
143.85,129.85399999999998,49.89993688018456,8.899939851990476,0.2878906088740069,-4.322013487987843,-7.020636301759142,492814.10979139886,5527510.1237575915,-4.327390210004523,-7.0130177373066545,0,1,0.0,0.0,5,0,,,completed_or_unknown,0,,,,,,0,0.0,0.0,0,0.0
143.9,129.904,49.899936880178444,8.899939852086394,0.28789173759818887,-4.32200659682514,-7.020636981693528,492814.10979828634,5527510.123756903,-4.327383322350215,-7.013018423691392,0,1,0.0,0.0,5,0,,,completed_or_unknown,0,,,,,,0,0.0,0.0,0,0.0
143.95,129.95399999999998,49.89993688017297,8.899939852165849,0.28789254586554663,-4.322000888455849,-7.0206375901675875,492814.1098039916,5527510.123756287,-4.327377616951708,-7.013019039295614,0,1,0.0,0.0,5,0,,,completed_or_unknown,0,,,,,,0,0.0,0.0,0,0.0
144.0,130.004,49.89993688016793,8.899939852233596,0.2878931154180263,-4.321996021237982,-7.020638151944802,492814.1098088561,5527510.123755719,-4.327372752304655,-7.013019606471062,0,1,0.0,0.0,5,0,,,completed_or_unknown,0,,,,,,0,0.0,0.0,0,0.0
144.05,130.054,49.8999368801632,8.899939852292963,0.28789351901098126,-4.321991756009382,-7.0206386769305595,492814.109813119,5527510.123755188,-4.327368489291985,-7.013020136393607,0,1,0.0,0.0,5,0,,,completed_or_unknown,0,,,,,,0,0.0,0.0,0,0.0
144.1,130.10399999999998,49.89993688015871,8.899939852346291,0.2878938077913369,-4.321987924692911,-7.020639176445312,492814.1098169481,5527510.123754683,-4.327364660042804,-7.0130206402391195,0,1,0.0,0.0,5,0,,,completed_or_unknown,0,,,,,,0,0.0,0.0,0,0.0
144.15,130.154,49.89993688015441,8.899939852395281,0.2878940154976309,-4.321984405027445,-7.020639655441752,492814.10982046573,5527510.1237542,-4.327361142379232,-7.013021122664213,0,1,0.0,0.0,5,0,,,completed_or_unknown,0,,,,,,0,0.0,0.0,0,0.0
144.2,130.20399999999998,49.899936880150236,8.89993985244116,0.28789416550079294,-4.321981108954345,-7.020640119580104,492814.1098237599,5527510.123753732,-4.327357848116662,-7.013021589256823,0,1,0.0,0.0,5,0,,,completed_or_unknown,0,,,,,,0,0.0,0.0,0,0.0
144.25,130.254,49.89993688014615,8.899939852484804,0.28789427425268654,-4.321977973301112,-7.020640573813066,492814.10982689366,5527510.123753274,-4.327354714216199,-7.013022046536207,0,1,0.0,0.0,5,0,,,completed_or_unknown,0,,,,,,0,0.0,0.0,0,0.0
