stamp_sec,elapsed_sec,latitude_deg,longitude_deg,altitude_m,local_east_m,local_north_m,utm_easting_m,utm_northing_m,map_x_m,map_y_m,navsat_status,valid_fix,covariance_xx_m2,covariance_yy_m2,last_reached_wp,active_target_wp,segment_start_wp,segment_end_wp,segment_label,rmse_used,cross_track_error_m,signed_cross_track_error_m,along_track_m,projection_unclamped,metric_frame,noise_active,noise_east_m,noise_north_m,outage_active,outage_distance_m
1789003664.6681998,0.06148695945739746,21.0352987,105.8686312,-8.365,-6.314715677650658,-0.009964573777514142,590257.152053638,2326299.8416727497,-1.3657437628135085,-3.8777116340352222,1,1,4.0,4.0,0,1,,,approach_to_wp1,0,,,,,,0,0.0,0.0,0,0.0
1789003664.7635443,0.1568315029144287,21.0352987,105.8686312,-8.368,-6.314715677650658,-0.009964573777514142,590257.152053638,2326299.8416727497,-1.3657437628135085,-3.8777116340352222,1,1,4.0,4.0,0,1,,,approach_to_wp1,0,,,,,,0,0.0,0.0,0,0.0
1789003664.8673403,0.26062750816345215,21.0352987,105.8686312,-8.366,-6.314715677650658,-0.009964573777514142,590257.152053638,2326299.8416727497,-1.3657437628135085,-3.8777116340352222,1,1,4.0,4.0,0,1,,,approach_to_wp1,0,,,,,,0,0.0,0.0,0,0.0
1789003664.9648213,0.3581085205078125,21.0352987,105.8686312,-8.367,-6.314715677650658,-0.009964573777514142,590257.152053638,2326299.8416727497,-1.3657437628135085,-3.8777116340352222,1,1,4.0,4.0,0,1,,,approach_to_wp1,0,,,,,,0,0.0,0.0,0,0.0
1789003665.066733,0.4600200653076172,21.0352987,105.8686312,-8.368,-6.314715677650658,-0.009964573777514142,590257.152053638,2326299.8416727497,-1.3657437628135085,-3.8777116340352222,1,1,4.0,4.0,0,1,,,approach_to_wp1,0,,,,,,0,0.0,0.0,0,0.0
1789003665.1640248,0.55731201171875,21.0352987,105.8686312,-8.366,-6.314715677650658,-0.009964573777514142,590257.152053638,2326299.8416727497,-1.3657437628135085,-3.8777116340352222,1,1,4.0,4.0,0,1,,,approach_to_wp1,0,,,,,,0,0.0,0.0,0,0.0
1789003665.277456,0.6707432270050049,21.035298599999997,105.8686312,-8.374,-6.314715677650658,-0.02103632253657753,590257.1521138734,2326299.8306044796,-1.3546804464422166,-3.8773751008557156,1,1,4.0,4.0,0,1,,,approach_to_wp1,0,,,,,,0,0.0,0.0,0,0.0
1789003665.3644712,0.757758378982544,21.035298599999997,105.86863129999999,-8.371,-6.304321084560203,-0.02103632253657753,590257.1625052016,2326299.8306610305,-1.354996396228671,-3.866988422931172,1,1,4.0,4.0,0,1,,,approach_to_wp1,0,,,,,,0,0.0,0.0,0,0.0
1789003665.4595513,0.8528385162353516,21.035298599999997,105.8686314,-8.366,-6.293926489992586,-0.02103632253657753,590257.1728965312,2326299.8307175823,-1.3553123474121094,-3.856601743842475,1,1,4.0,4.0,0,1,,,approach_to_wp1,0,,,,,,0,0.0,0.0,0,0.0
1789003665.5628016,0.9560887813568115,21.0352989,105.8686317,-8.383,-6.262742709244058,0.012178923740612631,590257.2038898094,2326299.864092049,-1.3894501524046063,-3.826451310538687,1,1,4.0,4.0,0,1,,,approach_to_wp1,0,,,,,,0,0.0,0.0,0,0.0
1789003665.6668255,1.060112714767456,21.0352993,105.8686319,-8.392,-6.241953521585986,0.05646591807258014,590257.2244315252,2326299.908478234,-1.4343353221192956,-3.8070240870583802,1,1,4.0,4.0,0,1,,,approach_to_wp1,0,,,,,,0,0.0,0.0,0,0.0
1789003665.7598832,1.1531703472137451,21.0352996,105.8686321,-8.393,-6.221164333927914,0.08968116399762728,590257.2450334751,2326299.941796148,-1.4681571745313704,-3.7872603315627202,1,1,4.0,4.0,0,1,,,approach_to_wp1,0,,,,,,0,0.0,0.0,0,0.0
1789003665.8667526,1.2600398063659668,21.0352999,105.8686323,-8.407,-6.200375146269842,0.12289640992267442,590257.2656354262,2326299.975114064,-1.5019790288060904,-3.7674965750193223,1,1,4.0,4.0,0,1,,,approach_to_wp1,0,,,,,,0,0.0,0.0,0,0.0
1789003665.9598591,1.3531463146209717,21.0353002,105.86863249999999,-8.416,-6.17958596008893,0.15611165584772155,590257.2862373745,2326300.0084319785,-1.5358008821494877,-3.7477328210370615,1,1,4.0,4.0,0,1,,,approach_to_wp1,0,,,,,,0,0.0,0.0,0,0.0
1789003666.0638568,1.457144021987915,21.035300499999998,105.86863269999999,-8.421,-6.1587967724308585,0.1893269017727687,590257.3068393241,2326300.041749893,-1.5696227350272238,-3.727969066007063,1,1,4.0,4.0,0,1,,,approach_to_wp1,0,,,,,,0,0.0,0.0,0,0.0
1789003666.1635447,1.5568318367004395,21.0353009,105.8686329,-8.43,-6.138007584772787,0.23361389645687922,590257.3273810394,2326300.086136079,-1.6145079056732357,-3.7085418429924175,1,1,4.0,4.0,0,1,,,approach_to_wp1,0,,,,,,0,0.0,0.0,0,0.0
1789003666.2767544,1.670041561126709,21.0353012,105.86863319999999,-8.427,-6.106823804024258,0.26682914238192634,590257.3583743168,2326300.119510545,-1.6486457092687488,-3.678391410387121,1,1,4.0,4.0,0,1,,,approach_to_wp1,0,,,,,,0,0.0,0.0,0,0.0
1789003666.3666265,1.759913682937622,21.0353015,105.8686334,-8.423,-6.086034616366185,0.3000443883069735,590257.3789762675,2326300.15282846,-1.6824675635434687,-3.658627654192969,1,1,4.0,4.0,0,1,,,approach_to_wp1,0,,,,,,0,0.0,0.0,0,0.0
1789003666.467266,1.86055326461792,21.0353018,105.8686336,-8.424,-6.065245428708114,0.33325963423202065,590257.3995782167,2326300.1861463743,-1.7162894159555435,-3.638863899395801,1,1,4.0,4.0,0,1,,,approach_to_wp1,0,,,,,,0,0.0,0.0,0,0.0
1789003666.5628278,1.9561150074005127,21.0353022,105.8686338,-8.42,-6.0444562410500415,0.37754662891613117,590257.4201199316,2326300.2305325605,-1.7611745870672166,-3.6194366769632325,1,1,4.0,4.0,0,1,,,approach_to_wp1,0,,,,,,0,0.0,0.0,0,0.0
1789003666.6647754,2.0580625534057617,21.0353025,105.8686341,-8.426,-6.013272460301514,0.4107618751933213,590257.4511132085,2326300.2639070274,-1.7953123920597136,-3.5892862448235974,1,1,4.0,4.0,0,1,,,approach_to_wp1,0,,,,,,0,0.0,0.0,0,0.0
1789003666.7635853,2.156872510910034,21.0353028,105.8686343,-8.429,-5.992483272643442,0.44397712111836846,590257.4717151588,2326300.297224942,-1.8291342449374497,-3.5695224890951067,1,1,4.0,4.0,0,1,,,approach_to_wp1,0,,,,,,0,0.0,0.0,0,0.0
1789003666.866473,2.2597601413726807,21.0353031,105.8686346,-8.432,-5.9612994918949145,0.4771923670434156,590257.5027084355,2326300.330599409,-1.8632720494642854,-3.5393720571883023,1,1,4.0,4.0,0,1,,,approach_to_wp1,0,,,,,,0,0.0,0.0,0,0.0
1789003666.9609184,2.35420560836792,21.0353034,105.8686348,-8.429,-5.940510304236842,0.5104076129684627,590257.5233103842,2326300.3639173247,-1.8970939037390053,-3.519608302973211,1,1,4.0,4.0,0,1,,,approach_to_wp1,0,,,,,,0,0.0,0.0,0,0.0
1789003667.0645673,2.4578545093536377,21.0353037,105.86863509999999,-8.431,-5.909326523488314,0.5436228588935099,590257.5543036622,2326300.3972917907,-1.9312317073345184,-3.489457869902253,1,1,4.0,4.0,0,1,,,approach_to_wp1,0,,,,,,0,0.0,0.0,0,0.0
1789003667.1637406,2.557027816772461,21.035304,105.8686354,-8.437,-5.878142741262626,0.576838104818557,590257.5852969398,2326300.4306662576,-1.9653695118613541,-3.4593074371805415,1,1,4.0,4.0,0,1,,,approach_to_wp1,0,,,,,,0,0.0,0.0,0,0.0
1789003667.2647965,2.65808367729187,21.0353043,105.8686357,-8.441,-5.846958960514098,0.6100533507436041,590257.6162902161,2326300.464040725,-1.9995073173195124,-3.4291570057393983,1,1,4.0,4.0,0,1,,,approach_to_wp1,0,,,,,,0,0.0,0.0,0,0.0
1789003667.3629208,2.7562079429626465,21.0353045,105.868636,-8.439,-5.815775179765571,0.632196847909588,590257.647343728,2326300.486346921,-2.0225818040780723,-3.398670040885918,1,1,4.0,4.0,0,1,,,approach_to_wp1,0,,,,,,0,0.0,0.0,0,0.0
1789003667.4649286,2.858215808868408,21.0353048,105.8686362,-8.448,-5.794985992107497,0.6654120938346351,590257.6679456775,2326300.5196648366,-2.056403657887131,-3.378906285855919,1,1,4.0,4.0,0,1,,,approach_to_wp1,0,,,,,,0,0.0,0.0,0,0.0
1789003667.559748,2.9530351161956787,21.0353051,105.8686365,-8.462,-5.7638022113589695,0.6986273397596822,590257.6989389535,2326300.5530393035,-2.090541462879628,-3.3487558548804373,1,1,4.0,4.0,0,1,,,approach_to_wp1,0,,,,,,0,0.0,0.0,0,0.0
1789003667.6643775,3.057664632797241,21.0353054,105.86863679999999,-8.456,-5.732618430610442,0.7318425856847294,590257.7299322293,2326300.586413771,-2.124679267872125,-3.3186054239049554,1,1,4.0,4.0,0,1,,,approach_to_wp1,0,,,,,,0,0.0,0.0,0,0.0
1789003667.7619739,3.1552610397338867,21.0353057,105.8686371,-8.456,-5.701434648384755,0.7650578316097765,590257.7609255075,2326300.619788238,-2.158817072864622,-3.288454990601167,1,1,4.0,4.0,0,1,,,approach_to_wp1,0,,,,,,0,0.0,0.0,0,0.0
1789003667.8645144,3.2578015327453613,21.035306,105.8686374,-8.453,-5.670250867636226,0.7982730775348236,590257.7919187831,2326300.6531627052,-2.192954877857119,-3.258304559974931,1,1,4.0,4.0,0,1,,,approach_to_wp1,0,,,,,,0,0.0,0.0,0,0.0
1789003667.962427,3.3557140827178955,21.0353063,105.8686377,-8.455,-5.639067086887698,0.8314883234598708,590257.8229120586,2326300.686537172,-2.2270926819182932,-3.2281541293486953,1,1,4.0,4.0,0,1,,,approach_to_wp1,0,,,,,,0,0.0,0.0,0,0.0
1789003668.0637088,3.456995964050293,21.0353066,105.86863799999999,-8.457,-5.60788330613917,0.8647035693849179,590257.8539053338,2326300.71991164,-2.261230487842113,-3.1980036990717053,1,1,4.0,4.0,0,1,,,approach_to_wp1,0,,,,,,0,0.0,0.0,0,0.0
1789003668.1585271,3.551814317703247,21.0353068,105.8686383,-8.463,-5.576699523913482,0.8868470669030447,590257.8849588475,2326300.742217837,-2.2843049755319953,-3.1675167323555797,1,1,4.0,4.0,0,1,,,approach_to_wp1,0,,,,,,0,0.0,0.0,0,0.0
1789003668.277308,3.670595169067383,21.0353071,105.86863869999999,-8.463,-5.535121150074498,0.9200623128280918,590257.9263434502,2326300.7756488565,-2.318758732639253,-3.1269796250853688,1,1,4.0,4.0,0,1,,,approach_to_wp1,0,,,,,,0,0.0,0.0,0,0.0
1789003668.3687823,3.7620694637298584,21.0353074,105.868639,-8.469,-5.50393736784881,0.9532775587531389,590257.9573367265,2326300.809023324,-2.35289653763175,-3.096829193760641,1,1,4.0,4.0,0,1,,,approach_to_wp1,0,,,,,,0,0.0,0.0,0,0.0
1789003668.4633908,3.856678009033203,21.0353076,105.86863939999999,-8.476,-5.4623589940098265,0.9754210559191226,590257.9987815649,2326300.831386073,-2.376286976970732,-3.055955552845262,1,1,4.0,4.0,0,1,,,approach_to_wp1,0,,,,,,0,0.0,0.0,0,0.0
1789003668.5620713,3.9553585052490234,21.0353079,105.86863969999999,-8.476,-5.431175213261299,1.0086363018441697,590258.0297748395,2326300.8647605404,-2.410424781963229,-3.0258051231503487,1,1,4.0,4.0,0,1,,,approach_to_wp1,0,,,,,,0,0.0,0.0,0,0.0
1789003668.662588,4.055875062942505,21.035308099999998,105.86864,-8.474,-5.39999143103561,1.0307797990101535,590258.0608283514,2326300.8870667377,-2.4334992705844343,-2.995318158296868,1,1,4.0,4.0,0,1,,,approach_to_wp1,0,,,,,,0,0.0,0.0,0,0.0
1789003668.759575,4.152862071990967,21.035308399999998,105.86864039999999,-8.482,-5.3584130571966275,1.0639950449352007,590258.1022129534,2326300.9204977574,-2.4679530267603695,-2.954781051725149,1,1,4.0,4.0,0,1,,,approach_to_wp1,0,,,,,,0,0.0,0.0,0,0.0
1789003668.8636503,4.256937503814697,21.035308699999998,105.8686408,-8.482,-5.316834681880482,1.097210290860248,590258.1435975565,2326300.9539287775,-2.5024067843332887,-2.914243943989277,1,1,4.0,4.0,0,1,,,approach_to_wp1,0,,,,,,0,0.0,0.0,0,0.0
1789003668.958664,4.3519511222839355,21.0353089,105.8686412,-8.484,-5.275256306564338,1.1193537883783746,590258.1850423956,2326300.976291527,-2.5257972236722708,-2.873370302375406,1,1,4.0,4.0,0,1,,,approach_to_wp1,0,,,,,,0,0.0,0.0,0,0.0
1789003669.0566611,4.449948310852051,21.0353092,105.8686415,-8.477,-5.24407252581581,1.1525690343034218,590258.216035671,2326301.009665995,-2.5599350295960903,-2.8432198719820008,1,1,4.0,4.0,0,1,,,approach_to_wp1,0,,,,,,0,0.0,0.0,0,0.0
1789003669.1618154,4.555102586746216,21.0353094,105.8686419,-8.477,-5.202494150499667,1.1747125314694056,590258.2574805098,2326301.032028745,-2.583325469866395,-2.8023462306009606,1,1,4.0,4.0,0,1,,,approach_to_wp1,0,,,,,,0,0.0,0.0,0,0.0
1789003669.2698846,4.663171768188477,21.0353097,105.86864229999999,-8.481,-5.160915776660683,1.2079277773944528,590258.2988651111,2326301.065459765,-2.617779226973653,-2.7618091247277334,1,1,4.0,4.0,0,1,,,approach_to_wp1,0,,,,,,0,0.0,0.0,0,0.0
1789003669.367792,4.7610790729522705,21.035309899999998,105.8686427,-8.483,-5.119337401344539,1.2300712745604365,590258.3403099496,2326301.087822515,-2.6411696672439575,-2.7209354838123545,1,1,4.0,4.0,0,1,,,approach_to_wp1,0,,,,,,0,0.0,0.0,0,0.0
1789003669.4661186,4.859405755996704,21.0353101,105.8686432,-8.479,-5.067364432937939,1.2522147720785632,590258.3921461143,2326301.110241818,-2.664876059629023,-2.6696751670679078,1,1,4.0,4.0,0,1,,,approach_to_wp1,0,,,,,,0,0.0,0.0,0,0.0
1789003669.5602012,4.953488349914551,21.0353104,105.86864369999999,-8.473,-5.015391464531339,1.2854300180036105,590258.4439220438,2326301.14372939,-2.6996457683853805,-2.6187513833865523,1,1,4.0,4.0,0,1,,,approach_to_wp1,0,,,,,,0,0.0,0.0,0,0.0
1789003669.6669166,5.060203790664673,21.0353106,105.8686441,-8.469,-4.973813089215195,1.3075735151695942,590258.4853668819,2326301.1660921406,-2.7230362091213465,-2.5778777428204194,1,1,4.0,4.0,0,1,,,approach_to_wp1,0,,,,,,0,0.0,0.0,0,0.0
1789003669.7688615,5.162148714065552,21.035310799999998,105.8686445,-8.46,-4.932234713899049,1.329717012335578,590258.5268117201,2326301.1884548906,-2.746426649391651,-2.5370041022542864,1,1,4.0,4.0,0,1,,,approach_to_wp1,0,,,,,,0,0.0,0.0,0,0.0
1789003669.8639252,5.257212400436401,21.035311,105.868645,-8.463,-4.88026174549245,1.3518605098537047,590258.5786478855,2326301.2108741933,-2.770133042242378,-2.4857437848113477,1,1,4.0,4.0,0,1,,,approach_to_wp1,0,,,,,,0,0.0,0.0,0,0.0
1789003669.9545958,5.347882986068726,21.0353112,105.8686453,-8.464,-4.8490779647439215,1.3740040070196884,590258.6097013947,2326301.233180392,-2.7932075317949057,-2.455256822751835,1,1,4.0,4.0,0,1,,,approach_to_wp1,0,,,,,,0,0.0,0.0,0,0.0
1789003670.0639372,5.457224369049072,21.035311399999998,105.8686457,-8.466,-4.8074995894277786,1.3961475041856721,590258.6511462325,2326301.2555431426,-2.8165979725308716,-2.4143831824185327,1,1,4.0,4.0,0,1,,,approach_to_wp1,0,,,,,,0,0.0,0.0,0,0.0
1789003670.1610866,5.554373741149902,21.0353116,105.8686462,-8.46,-4.755526621021178,1.4182910017037988,590258.7029823975,2326301.2779624457,-2.840304364915937,-2.3631228654412553,1,1,4.0,4.0,0,1,,,approach_to_wp1,0,,,,,,0,0.0,0.0,0,0.0
1789003670.2759297,5.669216871261597,21.0353118,105.8686467,-8.45,-4.703553652614579,1.4404344988697826,590258.7548185624,2326301.3003817494,-2.8640107586979866,-2.311862548580393,1,1,4.0,4.0,0,1,,,approach_to_wp1,0,,,,,,0,0.0,0.0,0,0.0
1789003670.3629158,5.756202936172485,21.035311999999998,105.86864709999999,-8.454,-4.661975278775595,1.4625779960357663,590258.7962633985,2326301.3227445004,-2.887401199899614,-2.270988910109736,1,1,4.0,4.0,0,1,,,approach_to_wp1,0,,,,,,0,0.0,0.0,0,0.0
1789003670.465013,5.85830020904541,21.0353121,105.8686477,-8.454,-4.599607715801379,1.4736497447948298,590258.8585511269,2326301.3341520852,-2.900360227096826,-2.209005382261239,1,1,4.0,4.0,0,1,,,approach_to_wp1,0,,,,,,0,0.0,0.0,0,0.0
1789003670.5628498,5.95613694190979,21.0353122,105.8686481,-8.448,-4.558029340485234,1.4847214935538933,590258.9000562008,2326301.3454465657,-2.9126873509958386,-2.167795208049938,1,1,4.0,4.0,0,1,,,approach_to_wp1,0,,,,,,0,0.0,0.0,0,0.0
1789003670.6679277,6.061214923858643,21.0353124,105.8686487,-8.446,-4.495661778988179,1.506864990719877,590258.9622836926,2326301.367922423,-2.9367096973583102,-2.106148214894347,1,1,4.0,4.0,0,1,,,approach_to_wp1,0,,,,,,0,0.0,0.0,0,0.0
1789003670.7626503,6.155937433242798,21.0353125,105.8686492,-8.435,-4.4436888105815795,1.5179367394789403,590259.0141800921,2326301.379273456,-2.949352773372084,-2.0545513654360548,1,1,4.0,4.0,0,1,,,approach_to_wp1,0,,,,,,0,0.0,0.0,0,0.0
1789003670.8585577,6.251844882965088,21.035312599999997,105.8686496,-8.428,-4.402110435265434,1.5290084878858607,590259.0556851658,2326301.3905679374,-2.9616798982024193,-2.013341191574,1,1,4.0,4.0,0,1,,,approach_to_wp1,0,,,,,,0,0.0,0.0,0,0.0
1789003670.9667645,6.36005163192749,21.0353127,105.86865019999999,-8.412,-4.339742873768379,1.540080236644924,590259.1179728939,2326301.4019755237,-2.9746389272622764,-1.9513576640747488,1,1,4.0,4.0,0,1,,,approach_to_wp1,0,,,,,,0,0.0,0.0,0,0.0
1789003671.0672872,6.460574388504028,21.0353128,105.8686508,-8.394,-4.277375310794162,1.5511519854039875,590259.180260622,2326301.4133831104,-2.9875979563221335,-1.889374136691913,1,1,4.0,4.0,0,1,,,approach_to_wp1,0,,,,,,0,0.0,0.0,0,0.0
1789003671.1636052,6.556892395019531,21.035313,105.8686513,-8.393,-4.225402342387563,1.5732954825699712,590259.2320967858,2326301.435802415,-3.0113043505698442,-1.8381138208787888,1,1,4.0,4.0,0,1,,,approach_to_wp1,0,,,,,,0,0.0,0.0,0,0.0
1789003671.2773786,6.670665740966797,21.0353131,105.8686517,-8.387,-4.183823967071419,1.5843672313290347,590259.2736018591,2326301.447096897,-3.023631475865841,-1.7969036473659799,1,1,4.0,4.0,0,1,,,approach_to_wp1,0,,,,,,0,0.0,0.0,0,0.0
1789003671.364665,6.7579522132873535,21.0353131,105.8686523,-8.38,-4.121456405574363,1.5843672313290347,590259.3359498238,2326301.447436213,-3.0255271876230836,-1.7345835854066536,1,1,4.0,4.0,0,1,,,approach_to_wp1,0,,,,,,0,0.0,0.0,0,0.0
1789003671.4665234,6.8598105907440186,21.035313199999997,105.8686529,-8.386,-4.059088842600147,1.595438979735955,590259.3982375516,2326301.4588438007,-3.0384862176142633,-1.6726000583730638,1,1,4.0,4.0,0,1,,,approach_to_wp1,0,,,,,,0,0.0,0.0,0,0.0
1789003671.564697,6.957984209060669,21.035313199999997,105.86865329999999,-8.385,-4.017510468761163,1.595438979735955,590259.4398028605,2326301.459070012,-3.039750026538968,-1.6310533513315022,1,1,4.0,4.0,0,1,,,approach_to_wp1,0,,,,,,0,0.0,0.0,0,0.0
1789003671.6645234,7.057810544967651,21.035313199999997,105.86865399999999,-8.385,-3.9447483126964915,1.595438979735955,590259.5125421523,2326301.4594658823,-3.0419616918079555,-1.5583466128446162,1,1,4.0,4.0,0,1,,,approach_to_wp1,0,,,,,,0,0.0,0.0,0,0.0
1789003671.7591643,7.152451515197754,21.035313199999997,105.8686546,-8.391,-3.882380749722274,1.595438979735955,590259.5748901183,2326301.4598051994,-3.0438574044965208,-1.4960265496047214,1,1,4.0,4.0,0,1,,,approach_to_wp1,0,,,,,,0,0.0,0.0,0,0.0
1789003671.8679302,7.261217355728149,21.0353131,105.86865519999999,-8.388,-3.820013188225219,1.5843672313290347,590259.6372983202,2326301.449076247,-3.0346898012794554,-1.433369952836074,1,1,4.0,4.0,0,1,,,approach_to_wp1,0,,,,,,0,0.0,0.0,0,0.0
1789003671.9608455,7.354132652282715,21.035313199999997,105.8686558,-8.386,-3.757645625251003,1.595438979735955,590259.6995860477,2326301.4604838355,-3.0476488317362964,-1.3713864260353148,1,1,4.0,4.0,0,1,,,approach_to_wp1,0,,,,,,0,0.0,0.0,0,0.0
1789003672.0676877,7.460974931716919,21.0353131,105.86865639999999,-8.397,-3.695278063753947,1.5843672313290347,590259.7619942495,2326301.4497548826,-3.03848122805357,-1.308729829150252,1,1,4.0,4.0,0,1,,,approach_to_wp1,0,,,,,,0,0.0,0.0,0,0.0
1789003672.1648822,7.558169364929199,21.035313,105.8686571,-8.412,-3.6225159076892752,1.5732954825699712,590259.8347937788,2326301.4390824838,-3.0296295774169266,-1.2356865552719682,1,1,4.0,4.0,0,1,,,approach_to_wp1,0,,,,,,0,0.0,0.0,0,0.0
1789003672.2728648,7.666152000427246,21.035312899999997,105.8686578,-8.429,-3.549753751624603,1.5622237338109077,590259.9075933081,2326301.4284100845,-3.0207779272459447,-1.1626432815100998,1,1,4.0,4.0,0,1,,,approach_to_wp1,0,,,,,,0,0.0,0.0,0,0.0
1789003672.3777025,7.770989656448364,21.0353127,105.86865859999999,-8.428,-3.4665970024694754,1.540080236644924,590259.9908444022,2326301.406725969,-3.001178912818432,-1.0788767955964431,1,1,4.0,4.0,0,1,,,approach_to_wp1,0,,,,,,0,0.0,0.0,0,0.0
1789003672.4680905,7.861377716064453,21.035312599999997,105.8686592,-8.425,-3.4042294394952584,1.5290084878858607,590260.0532526058,2326301.3959970176,-2.992011310532689,-1.0162201969651505,1,1,4.0,4.0,0,1,,,approach_to_wp1,0,,,,,,0,0.0,0.0,0,0.0
1789003672.5606415,7.953928709030151,21.0353125,105.8686599,-8.443,-3.331467283430587,1.5179367394789403,590260.1260521355,2326301.3853246197,-2.98315966129303,-0.9431769228540361,1,1,4.0,4.0,0,1,,,approach_to_wp1,0,,,,,,0,0.0,0.0,0,0.0
1789003672.6598732,8.053160429000854,21.035312299999998,105.8686606,-8.459,-3.2587051273659147,1.4957932419608135,590260.1989119028,2326301.3635839503,-2.9632446938194335,-0.8697971131186932,1,1,4.0,4.0,0,1,,,approach_to_wp1,0,,,,,,0,0.0,0.0,0,0.0
1789003672.762852,8.156139135360718,21.0353121,105.8686613,-8.478,-3.185942971301243,1.4736497447948298,590260.2717716703,2326301.341843283,-2.9433297282084823,-0.796417303266935,1,1,4.0,4.0,0,1,,,approach_to_wp1,0,,,,,,0,0.0,0.0,0,0.0
1789003672.8640673,8.257354497909546,21.0353119,105.86866189999999,-8.479,-3.1235754098041872,1.451506247628846,590260.3342401107,2326301.320046062,-2.923098810017109,-0.7334241701755673,1,1,4.0,4.0,0,1,,,approach_to_wp1,0,,,,,,0,0.0,0.0,0,0.0
1789003672.960832,8.354119300842285,21.035311699999998,105.8686626,-8.491,-3.0508132537395154,1.4293627501107193,590260.4070998786,2326301.2983053946,-2.9031838444061577,-0.6600443598581478,1,1,4.0,4.0,0,1,,,approach_to_wp1,0,,,,,,0,0.0,0.0,0,0.0
1789003673.0713954,8.464682579040527,21.0353115,105.8686633,-8.491,-2.978051097674843,1.4072192529447356,590260.4799596467,2326301.2765647275,-2.883268879260868,-0.5866645495407283,1,1,4.0,4.0,0,1,,,approach_to_wp1,0,,,,,,0,0.0,0.0,0,0.0
1789003673.1697628,8.563050031661987,21.0353113,105.8686638,-8.511,-2.926078129268243,1.3850757557787519,590260.5320367602,2326301.254710954,-2.862722009420395,-0.5340580927440897,1,1,4.0,4.0,0,1,,,approach_to_wp1,0,,,,,,0,0.0,0.0,0,0.0
1789003673.2729323,8.666219472885132,21.035311099999998,105.86866459999999,-8.514,-2.8429213801131152,1.362932258260625,590260.6152878561,2326301.2330268407,-2.843122996855527,-0.4502916050842032,1,1,4.0,4.0,0,1,,,approach_to_wp1,0,,,,,,0,0.0,0.0,0,0.0
1789003673.3668716,8.760158777236938,21.035310799999998,105.8686654,-8.539,-2.759764629480827,1.329717012335578,590260.6985991913,2326301.200274457,-2.8124606679193676,-0.3661885802866891,1,1,4.0,4.0,0,1,,,approach_to_wp1,0,,,,,,0,0.0,0.0,0,0.0
1789003673.4787729,8.872060060501099,21.0353106,105.8686659,-8.541,-2.707791661074227,1.3075735151695942,590260.7506763054,2326301.1784206843,-2.791913798544556,-0.3135821229079738,1,1,4.0,4.0,0,1,,,approach_to_wp1,0,,,,,,0,0.0,0.0,0,0.0
1789003673.5586424,8.951929569244385,21.0353103,105.8686666,-8.545,-2.635029505009555,1.274358269244547,590260.8235963124,2326301.145611748,-2.7609355174936354,-0.2398657756857574,1,1,4.0,4.0,0,1,,,approach_to_wp1,0,,,,,,0,0.0,0.0,0,0.0
1789003673.6689093,9.062196493148804,21.0353101,105.86866719999999,-8.548,-2.5726619435124998,1.2522147720785632,590260.8860647543,2326301.123814529,-2.740704601164907,-0.17687264108099043,1,1,4.0,4.0,0,1,,,approach_to_wp1,0,,,,,,0,0.0,0.0,0,0.0
1789003673.7675948,9.160881996154785,21.035309899999998,105.8686678,-8.57,-2.510294380538283,1.2300712745604365,590260.9485331965,2326301.1020173095,-2.7204736843705177,-0.1138795061269775,1,1,4.0,4.0,0,1,,,approach_to_wp1,0,,,,,,0,0.0,0.0,0,0.0
1789003673.8648503,9.258137464523315,21.035309599999998,105.8686687,-8.593,-2.416743036815539,1.1968560286353893,590261.0422358606,2326301.069321482,-2.690127310808748,-0.019389802939258516,1,1,4.0,4.0,0,1,,,approach_to_wp1,0,,,,,,0,0.0,0.0,0,0.0
1789003673.962792,9.3560791015625,21.035309299999998,105.8686692,-8.602,-2.3647700684089394,1.163640782710342,590261.0943732136,2326301.0363994394,-2.6585171250626445,0.0335531912278384,1,1,4.0,4.0,0,1,,,approach_to_wp1,0,,,,,,0,0.0,0.0,0,0.0
1789003674.063015,9.456302165985107,21.0353089,105.8686699,-8.619,-2.292007912344267,1.1193537883783746,590261.1673534601,2326300.992522234,-2.6164755285717547,0.10760607558768243,1,1,4.0,4.0,0,1,,,approach_to_wp1,0,,,,,,0,0.0,0.0,0,0.0
1789003674.1615193,9.554806470870972,21.035308699999998,105.8686707,-8.616,-2.208851163189139,1.097210290860248,590261.2506045583,2326300.970838124,-2.5968765197321773,0.19137256557587534,1,1,4.0,4.0,0,1,,,approach_to_wp1,0,,,,,,0,0.0,0.0,0,0.0
1789003674.2818568,9.675143957138062,21.035308399999998,105.86867129999999,-8.624,-2.1464836016920836,1.0639950449352007,590261.3131332383,2326300.9379726355,-2.5655822874978185,0.2547022361541167,1,1,4.0,4.0,0,1,,,approach_to_wp1,0,,,,,,0,0.0,0.0,0,0.0
1789003674.3597717,9.753058910369873,21.035308099999998,105.8686719,-8.614,-2.0841160387178674,1.0307797990101535,590261.3756619213,2326300.9051071475,-2.534288055729121,0.3180319097591564,1,1,4.0,4.0,0,1,,,approach_to_wp1,0,,,,,,0,0.0,0.0,0,0.0
1789003674.4570131,9.850300312042236,21.0353079,105.8686726,-8.622,-2.0113538826531956,1.0086363018441697,590261.4485216925,2326300.8833664847,-2.5143730947747827,0.39141172310337424,1,1,4.0,4.0,0,1,,,approach_to_wp1,0,,,,,,0,0.0,0.0,0,0.0
1789003674.5669727,9.960259914398193,21.0353076,105.86867319999999,-8.641,-1.9489863211561396,0.9754210559191226,590261.5110503747,2326300.8505009976,-2.4830788639374077,0.4547413958935067,1,1,4.0,4.0,0,1,,,approach_to_wp1,0,,,,,,0,0.0,0.0,0,0.0
1789003674.6687353,10.06202244758606,21.0353074,105.8686738,-8.635,-1.8866187581819234,0.9532775587531389,590261.5735188187,2326300.828703781,-2.462847949936986,0.5177345325937495,1,1,4.0,4.0,0,1,,,approach_to_wp1,0,,,,,,0,0.0,0.0,0,0.0
1789003674.7687016,10.161988735198975,21.0353071,105.86867439999999,-8.652,-1.8242511966848678,0.9200623128280918,590261.6360475013,2326300.795838294,-2.431553719099611,0.5810642057331279,1,1,4.0,4.0,0,1,,,approach_to_wp1,0,,,,,,0,0.0,0.0,0,0.0
1789003674.864341,10.257628202438354,21.0353068,105.86867509999999,-8.674,-1.7514890406201955,0.8868470669030447,590261.708967512,2326300.763029361,-2.400575441773981,0.654780556447804,1,1,4.0,4.0,0,1,,,approach_to_wp1,0,,,,,,0,0.0,0.0,0,0.0
1789003674.9627619,10.356049060821533,21.0353065,105.8686755,-8.677,-1.7099106653040514,0.8536318209779975,590261.7507135397,2326300.7300507664,-2.368649304844439,0.6973368756007403,1,1,4.0,4.0,0,1,,,approach_to_wp1,0,,,,,,0,0.0,0.0,0,0.0
1789003675.0690036,10.46229076385498,21.0353063,105.868676,-8.698,-1.6579376968974517,0.8314883234598708,590261.8027906567,2326300.708196996,-2.348102437797934,0.7499433358898386,1,1,4.0,4.0,0,1,,,approach_to_wp1,0,,,,,,0,0.0,0.0,0,0.0
1789003675.1620522,10.555339336395264,21.035305899999997,105.8686766,-8.708,-1.5955701339232353,0.7872013287757602,590261.8653795789,2326300.664263239,-2.3057448901236057,0.8136095463996753,1,1,4.0,4.0,0,1,,,approach_to_wp1,0,,,,,,0,0.0,0.0,0,0.0
1789003675.2799456,10.673232793807983,21.0353058,105.8686771,-8.733,-1.5435971655166354,0.7761295803688398,590261.9173964577,2326300.6534777405,-2.296261341776699,0.8658794705988839,1,1,4.0,4.0,0,1,,,approach_to_wp1,0,,,,,,0,0.0,0.0,0,0.0
1789003675.3636024,10.756889581680298,21.0353055,105.86867749999999,-8.731,-1.5020187916776517,0.7429143344437927,590261.9591424848,2326300.620499146,-2.2643352053128183,0.9084357891697437,1,1,4.0,4.0,0,1,,,approach_to_wp1,0,,,,,,0,0.0,0.0,0,0.0
1789003675.473018,10.866305112838745,21.035305299999997,105.86867799999999,-8.746,-1.4500458232710518,0.7207708369256659,590262.0112196024,2326300.598645376,-2.2437883387319744,0.9610422500409186,1,1,4.0,4.0,0,1,,,approach_to_wp1,0,,,,,,0,0.0,0.0,0,0.0
1789003675.5660508,10.959337949752808,21.0353052,105.8686784,-8.75,-1.4084674479549077,0.7096990885187456,590262.0528451538,2326300.5878033233,-2.2339888364076614,1.0029254972469062,1,1,4.0,4.0,0,1,,,approach_to_wp1,0,,,,,,0,0.0,0.0,0,0.0
1789003675.6711655,11.064452648162842,21.035304999999997,105.86867869999999,-8.748,-1.37728366720638,0.6875555910006188,590262.0841396147,2326300.565836445,-2.212810062803328,1.0347586022689939,1,1,4.0,4.0,0,1,,,approach_to_wp1,0,,,,,,0,0.0,0.0,0,0.0
1789003675.7635472,11.156834363937378,21.0353048,105.868679,-8.754,-1.3460998849806916,0.6654120938346351,590262.1154340771,2326300.543869568,-2.1916312905959785,1.0665917088044807,1,1,4.0,4.0,0,1,,,approach_to_wp1,0,,,,,,0,0.0,0.0,0,0.0
1789003675.8658392,11.259126424789429,21.0353046,105.86867939999999,-8.748,-1.304521511141708,0.6432685966686513,590262.157119866,2326300.521959244,-2.170768470969051,1.108811491401866,1,1,4.0,4.0,0,1,,,approach_to_wp1,0,,,,,,0,0.0,0.0,0,0.0
1789003675.9618466,11.355133771896362,21.0353045,105.8686797,-8.744,-1.2733377289160193,0.632196847909588,590262.1883540911,2326300.5110606365,-2.160653014667332,1.1403080628952011,1,1,4.0,4.0,0,1,,,approach_to_wp1,0,,,,,,0,0.0,0.0,0,0.0
1789003676.0695271,11.462814331054688,21.0353043,105.86868,-8.75,-1.2421539481674917,0.6100533507436041,590262.2196485524,2326300.4890937596,-2.139474242925644,1.1721411682665348,1,1,4.0,4.0,0,1,,,approach_to_wp1,0,,,,,,0,0.0,0.0,0,0.0
1789003676.1636071,11.556894302368164,21.0353042,105.86868039999999,-8.75,-1.200575574328508,0.5989816019845408,590262.2612741028,2326300.4782517063,-2.1296747401356697,1.2140244145411998,1,1,4.0,4.0,0,1,,,approach_to_wp1,0,,,,,,0,0.0,0.0,0,0.0
1789003676.2675998,11.660887002944946,21.035304099999998,105.8686807,-8.75,-1.1693917921028196,0.5879098528733344,590262.2925083267,2326300.4673530995,-2.1195592847652733,1.2455209847539663,1,1,4.0,4.0,0,1,,,approach_to_wp1,0,,,,,,0,0.0,0.0,0,0.0
1789003676.366817,11.760104179382324,21.0353039,105.868681,-8.76,-1.1382080113542916,0.5657663560594937,590262.3238027882,2326300.4453862226,-2.098380512557924,1.2773540903581306,1,1,4.0,4.0,0,1,,,approach_to_wp1,0,,,,,,0,0.0,0.0,0,0.0
1789003676.4689062,11.86219334602356,21.0353039,105.86868129999999,-8.76,-1.1070242306057638,0.5657663560594937,590262.3549767733,2326300.4455558863,-2.099328374490142,1.3085141238989308,1,1,4.0,4.0,0,1,,,approach_to_wp1,0,,,,,,0,0.0,0.0,0,0.0
1789003676.5650253,11.958312511444092,21.035303799999998,105.8686816,-8.761,-1.0758404483800754,0.5546946069482872,590262.3862109972,2326300.434657279,-2.089212918188423,1.3400106941116974,1,1,4.0,4.0,0,1,,,approach_to_wp1,0,,,,,,0,0.0,0.0,0,0.0
1789003676.668782,12.062069177627563,21.0353037,105.8686819,-8.76,-1.0446566676315476,0.5436228588935099,590262.41744522,2326300.4237586726,-2.079097463283688,1.371507263276726,1,1,4.0,4.0,0,1,,,approach_to_wp1,0,,,,,,0,0.0,0.0,0,0.0
1789003676.7639666,12.157253742218018,21.0353036,105.8686821,-8.758,-1.0238674799734755,0.5325511101344464,590262.4382881161,2326300.4128035116,-2.0686660544015467,1.3926171561470255,1,1,4.0,4.0,0,1,,,approach_to_wp1,0,,,,,,0,0.0,0.0,0,0.0
1789003676.8676775,12.260964632034302,21.0353034,105.8686824,-8.762,-0.9926836992249477,0.5104076129684627,590262.4695825779,2326300.3908366347,-2.047487282194197,1.4244502621004358,1,1,4.0,4.0,0,1,,,approach_to_wp1,0,,,,,,0,0.0,0.0,0,0.0
1789003676.9666767,12.35996389389038,21.0353033,105.8686826,-8.759,-0.9718945115668756,0.49933586420939935,590262.4904254728,2326300.379881473,-2.0370558728463948,1.4455601539229974,1,1,4.0,4.0,0,1,,,approach_to_wp1,0,,,,,,0,0.0,0.0,0,0.0
1789003677.0673575,12.460644721984863,21.035303199999998,105.8686828,-8.755,-0.9511053239088034,0.48826411509819295,590262.5112683692,2326300.3689263114,-2.0266244634985924,1.4666700470261276,1,1,4.0,4.0,0,1,,,approach_to_wp1,0,,,,,,0,0.0,0.0,0,0.0
1789003677.1581051,12.551392316818237,21.035303199999998,105.86868299999999,-8.746,-0.930316137727892,0.48826411509819295,590262.5320510238,2326300.3690394205,-2.027256370987743,1.4874434006633237,1,1,4.0,4.0,0,1,,,approach_to_wp1,0,,,,,,0,0.0,0.0,0,0.0
1789003677.2778046,12.671091794967651,21.0353031,105.86868319999999,-8.742,-0.90952695006982,0.4771923670434156,590262.5528939201,2326300.3580842605,-2.0168249630369246,1.5085532937664539,1,1,4.0,4.0,0,1,,,approach_to_wp1,0,,,,,,0,0.0,0.0,0,0.0
1789003677.3714914,12.76477861404419,21.035303,105.8686834,-8.732,-0.888737762411748,0.4661206179322092,590262.5737368151,2326300.347129098,-2.0063935527577996,1.5296631855890155,1,1,4.0,4.0,0,1,,,approach_to_wp1,0,,,,,,0,0.0,0.0,0,0.0
1789003677.4686131,12.861900329589844,21.035303,105.8686836,-8.724,-0.8679485747536757,0.4661206179322092,590262.5945194724,2326300.3472422077,-2.0070254607126117,1.550436541903764,1,1,4.0,4.0,0,1,,,approach_to_wp1,0,,,,,,0,0.0,0.0,0,0.0
1789003677.5647576,12.95804476737976,21.035302899999998,105.8686838,-8.717,-0.8471593870956038,0.4550488691731458,590262.6153623675,2326300.336287047,-1.9965940522961318,1.5715464337263256,1,1,4.0,4.0,0,1,,,approach_to_wp1,0,,,,,,0,0.0,0.0,0,0.0
1789003677.6674674,13.060754537582397,21.0353028,105.868684,-8.714,-0.8263701994375314,0.44397712111836846,590262.6362052639,2326300.3253318863,-1.986162643879652,1.5926563269458711,1,1,4.0,4.0,0,1,,,approach_to_wp1,0,,,,,,0,0.0,0.0,0,0.0
1789003677.7634845,13.156771659851074,21.0353028,105.8686841,-8.706,-0.8159756063470759,0.44397712111836846,590262.6465965919,2326300.3253884413,-1.9864785983227193,1.6030430044047534,1,1,4.0,4.0,0,1,,,approach_to_wp1,0,,,,,,0,0.0,0.0,0,0.0
1789003677.8697248,13.263011932373047,21.0353027,105.8686843,-8.698,-0.7951864186890036,0.43290537200716206,590262.6674394871,2326300.3144332794,-1.9760471880435944,1.6241528964601457,1,1,4.0,4.0,0,1,,,approach_to_wp1,0,,,,,,0,0.0,0.0,0,0.0
1789003677.9627979,13.356085062026978,21.0353027,105.86868439999999,-8.69,-0.784791825598548,0.43290537200716206,590262.6778308151,2326300.314489834,-1.9763631420210004,1.634539573919028,1,1,4.0,4.0,0,1,,,approach_to_wp1,0,,,,,,0,0.0,0.0,0,0.0
1789003678.0592725,13.45255970954895,21.035302599999998,105.8686845,-8.681,-0.7743972310309317,0.4218336232480987,590262.6882823835,2326300.303478118,-1.9656157791614532,1.6452627896796912,1,1,4.0,4.0,0,1,,,approach_to_wp1,0,,,,,,0,0.0,0.0,0,0.0
1789003678.166541,13.559828281402588,21.035302599999998,105.86868469999999,-8.673,-0.7536080448500202,0.4218336232480987,590262.7090650382,2326300.303591228,-1.9662476875819266,1.6660361433168873,1,1,4.0,4.0,0,1,,,approach_to_wp1,0,,,,,,0,0.0,0.0,0,0.0
1789003678.2795045,13.672791719436646,21.0353025,105.8686848,-8.661,-0.7432134502824037,0.4107618751933213,590262.7195166067,2326300.2925795126,-1.9555003247223794,1.6767593590775505,1,1,4.0,4.0,0,1,,,approach_to_wp1,0,,,,,,0,0.0,0.0,0,0.0
1789003678.3647907,13.75807785987854,21.0353025,105.86868489999999,-8.653,-0.7328188571919482,0.4107618751933213,590262.7299079348,2326300.292636067,-1.9558162786997855,1.6871460366528481,1,1,4.0,4.0,0,1,,,approach_to_wp1,0,,,,,,0,0.0,0.0,0,0.0
1789003678.4695635,13.862850666046143,21.0353024,105.868685,-8.643,-0.7224242626243318,0.3996901260821149,590262.7403595019,2326300.2816243516,-1.9450689158402383,1.6978692511329427,1,1,4.0,4.0,0,1,,,approach_to_wp1,0,,,,,,0,0.0,0.0,0,0.0
1789003678.5667205,13.960007667541504,21.035302299999998,105.8686851,-8.632,-0.7120296695338759,0.38861837732305154,590262.750811069,2326300.270612635,-1.93432155251503,1.7085924656130373,1,1,4.0,4.0,0,1,,,approach_to_wp1,0,,,,,,0,0.0,0.0,0,0.0
1789003678.6689548,14.062242031097412,21.035302299999998,105.8686852,-8.621,-0.7016350749662597,0.38861837732305154,590262.7612023985,2326300.27066919,-1.9346375069580972,1.7189791445853189,1,1,4.0,4.0,0,1,,,approach_to_wp1,0,,,,,,0,0.0,0.0,0,0.0
1789003678.7674243,14.160711526870728,21.035302299999998,105.8686853,-8.61,-0.6912404818758039,0.38861837732305154,590262.7715937265,2326300.2707257452,-1.9349534614011645,1.7293658220442012,1,1,4.0,4.0,0,1,,,approach_to_wp1,0,,,,,,0,0.0,0.0,0,0.0
1789003678.8690372,14.262324333190918,21.035302299999998,105.8686853,-8.603,-0.6912404818758039,0.38861837732305154,590262.7715937265,2326300.2707257452,-1.9349534614011645,1.7293658220442012,1,1,4.0,4.0,0,1,,,approach_to_wp1,0,,,,,,0,0.0,0.0,0,0.0
1789003678.9595203,14.352807521820068,21.0353022,105.86868539999999,-8.596,-0.6808458887853481,0.37754662891613117,590262.7820452924,2326300.2597140293,-1.924206098075956,1.7400890353601426,1,1,4.0,4.0,0,1,,,approach_to_wp1,0,,,,,,0,0.0,0.0,0,0.0
1789003679.0709593,14.46424651145935,21.0353022,105.86868539999999,-8.589,-0.6808458887853481,0.37754662891613117,590262.7820452924,2326300.2597140293,-1.924206098075956,1.7400890353601426,1,1,4.0,4.0,1,2,1,2,WP1->WP2,1,0.42822991200591126,0.42822991189728404,0.6498837891685794,0.0675270018208906,utm,0,0.0,0.0,0,0.0
1789003679.1683369,14.56162405014038,21.0353022,105.86868539999999,-8.576,-0.6808458887853481,0.37754662891613117,590262.7820452924,2326300.2597140293,-1.924206098075956,1.7400890353601426,1,1,4.0,4.0,1,2,1,2,WP1->WP2,1,0.42822991200591126,0.42822991189728404,0.6498837891685794,0.0675270018208906,utm,0,0.0,0.0,0,0.0
1789003679.2780716,14.671358823776245,21.0353022,105.86868539999999,-8.562,-0.6808458887853481,0.37754662891613117,590262.7820452924,2326300.2597140293,-1.924206098075956,1.7400890353601426,1,1,4.0,4.0,1,2,1,2,WP1->WP2,1,0.42822991200591126,0.42822991189728404,0.6498837891685794,0.0675270018208906,utm,0,0.0,0.0,0,0.0
1789003679.3693128,14.76259994506836,21.0353022,105.86868539999999,-8.554,-0.6808458887853481,0.37754662891613117,590262.7820452924,2326300.2597140293,-1.924206098075956,1.7400890353601426,1,1,4.0,4.0,1,2,1,2,WP1->WP2,1,0.42822991200591126,0.42822991189728404,0.6498837891685794,0.0675270018208906,utm,0,0.0,0.0,0,0.0
1789003679.4684122,14.861699342727661,21.0353022,105.86868559999999,-8.548,-0.660056701127276,0.37754662891613117,590262.8028279499,2326300.2598271393,-1.9248380064964294,1.7608623916748911,1,1,4.0,4.0,1,2,1,2,WP1->WP2,1,0.4098133674057511,0.409813367441443,0.6402524583061697,0.06652624613576175,utm,0,0.0,0.0,0,0.0
1789003679.5642834,14.957570552825928,21.035302299999998,105.86868559999999,-8.533,-0.660056701127276,0.38861837732305154,590262.8027677106,2326300.27089541,-1.9359013233333826,1.7605258546536788,1,1,4.0,4.0,1,2,1,2,WP1->WP2,1,0.40468398609308637,0.40468398601485417,0.6500606022554413,0.06754537380960224,utm,0,0.0,0.0,0,0.0
1789003679.6694582,15.062745332717896,21.035302299999998,105.86868559999999,-8.526,-0.660056701127276,0.38861837732305154,590262.8027677106,2326300.27089541,-1.9359013233333826,1.7605258546536788,1,1,4.0,4.0,1,2,1,2,WP1->WP2,1,0.40468398609308637,0.40468398601485417,0.6500606022554413,0.06754537380960224,utm,0,0.0,0.0,0,0.0
1789003679.7696543,15.162941455841064,21.035302299999998,105.86868559999999,-8.513,-0.660056701127276,0.38861837732305154,590262.8027677106,2326300.27089541,-1.9359013233333826,1.7605258546536788,1,1,4.0,4.0,1,2,1,2,WP1->WP2,1,0.40468398609308637,0.40468398601485417,0.6500606022554413,0.06754537380960224,utm,0,0.0,0.0,0,0.0
1789003679.8626149,15.25590205192566,21.035302299999998,105.86868559999999,-8.5,-0.660056701127276,0.38861837732305154,590262.8027677106,2326300.27089541,-1.9359013233333826,1.7605258546536788,1,1,4.0,4.0,1,2,1,2,WP1->WP2,1,0.40468398609308637,0.40468398601485417,0.6500606022554413,0.06754537380960224,utm,0,0.0,0.0,0,0.0
1789003679.967881,15.361168146133423,21.035302299999998,105.86868559999999,-8.491,-0.660056701127276,0.38861837732305154,590262.8027677106,2326300.27089541,-1.9359013233333826,1.7605258546536788,1,1,4.0,4.0,1,2,1,2,WP1->WP2,1,0.40468398609308637,0.40468398601485417,0.6500606022554413,0.06754537380960224,utm,0,0.0,0.0,0,0.0
1789003680.0684946,15.461781740188599,21.035302299999998,105.86868559999999,-8.486,-0.660056701127276,0.38861837732305154,590262.8027677106,2326300.27089541,-1.9359013233333826,1.7605258546536788,1,1,4.0,4.0,1,2,1,2,WP1->WP2,1,0.40468398609308637,0.40468398601485417,0.6500606022554413,0.06754537380960224,utm,0,0.0,0.0,0,0.0
1789003680.1647136,15.558000802993774,21.035302299999998,105.86868559999999,-8.479,-0.660056701127276,0.38861837732305154,590262.8027677106,2326300.27089541,-1.9359013233333826,1.7605258546536788,1,1,4.0,4.0,1,2,1,2,WP1->WP2,1,0.40468398609308637,0.40468398601485417,0.6500606022554413,0.06754537380960224,utm,0,0.0,0.0,0,0.0
1789003680.2876952,15.6809823513031,21.035302299999998,105.86868559999999,-8.474,-0.660056701127276,0.38861837732305154,590262.8027677106,2326300.27089541,-1.9359013233333826,1.7605258546536788,1,1,4.0,4.0,1,2,1,2,WP1->WP2,1,0.40468398609308637,0.40468398601485417,0.6500606022554413,0.06754537380960224,utm,0,0.0,0.0,0,0.0
1789003680.3647602,15.758047342300415,21.035302299999998,105.8686857,-8.463,-0.6496621065596596,0.38861837732305154,590262.8131590401,2326300.2709519644,-1.9362172773107886,1.770912533509545,1,1,4.0,4.0,1,2,1,2,WP1->WP2,1,0.3954757134329797,0.39547571338778664,0.6452449360857156,0.06704499589030087,utm,0,0.0,0.0,0,0.0
1789003680.4701138,15.863400936126709,21.035302299999998,105.86868559999999,-8.457,-0.660056701127276,0.38861837732305154,590262.8027677106,2326300.27089541,-1.9359013233333826,1.7605258546536788,1,1,4.0,4.0,1,2,1,2,WP1->WP2,1,0.40468398609308637,0.40468398601485417,0.6500606022554413,0.06754537380960224,utm,0,0.0,0.0,0,0.0
1789003680.5678742,15.961161375045776,21.035302299999998,105.8686857,-8.451,-0.6496621065596596,0.38861837732305154,590262.8131590401,2326300.2709519644,-1.9362172773107886,1.770912533509545,1,1,4.0,4.0,1,2,1,2,WP1->WP2,1,0.3954757134329797,0.39547571338778664,0.6452449360857156,0.06704499589030087,utm,0,0.0,0.0,0,0.0
1789003680.669551,16.062838077545166,21.035302299999998,105.8686857,-8.445,-0.6496621065596596,0.38861837732305154,590262.8131590401,2326300.2709519644,-1.9362172773107886,1.770912533509545,1,1,4.0,4.0,1,2,1,2,WP1->WP2,1,0.3954757134329797,0.39547571338778664,0.6452449360857156,0.06704499589030087,utm,0,0.0,0.0,0,0.0
1789003680.7596672,16.15295433998108,21.035302299999998,105.8686857,-8.437,-0.6496621065596596,0.38861837732305154,590262.8131590401,2326300.2709519644,-1.9362172773107886,1.770912533509545,1,1,4.0,4.0,1,2,1,2,WP1->WP2,1,0.3954757134329797,0.39547571338778664,0.6452449360857156,0.06704499589030087,utm,0,0.0,0.0,0,0.0
1789003680.8706412,16.263928413391113,21.035302299999998,105.8686858,-8.431,-0.639267513469204,0.38861837732305154,590262.8235503668,2326300.27100852,-1.9365332326851785,1.7812992096878588,1,1,4.0,4.0,1,2,1,2,WP1->WP2,1,0.3862674427519266,0.386267442690525,0.6404292719926455,0.06654461818677702,utm,0,0.0,0.0,0,0.0
1789003680.9659708,16.35925793647766,21.035302299999998,105.8686858,-8.422,-0.639267513469204,0.38861837732305154,590262.8235503668,2326300.27100852,-1.9365332326851785,1.7812992096878588,1,1,4.0,4.0,1,2,1,2,WP1->WP2,1,0.3862674427519266,0.386267442690525,0.6404292719926455,0.06654461818677702,utm,0,0.0,0.0,0,0.0
1789003681.0689213,16.46220850944519,21.035302299999998,105.8686858,-8.417,-0.639267513469204,0.38861837732305154,590262.8235503668,2326300.27100852,-1.9365332326851785,1.7812992096878588,1,1,4.0,4.0,1,2,1,2,WP1->WP2,1,0.3862674427519266,0.386267442690525,0.6404292719926455,0.06654461818677702,utm,0,0.0,0.0,0,0.0
1789003681.1678436,16.56113076210022,21.035302299999998,105.86868589999999,-8.407,-0.6288729203787482,0.38861837732305154,590262.8339416948,2326300.271065075,-1.9368491866625845,1.7916858872631565,1,1,4.0,4.0,1,2,1,2,WP1->WP2,1,0.37705917113277904,0.37705917107979287,0.6356136068885025,0.06604424037819638,utm,0,0.0,0.0,0,0.0
1789003681.2793322,16.672619342803955,21.035302299999998,105.86868589999999,-8.401,-0.6288729203787482,0.38861837732305154,590262.8339416948,2326300.271065075,-1.9368491866625845,1.7916858872631565,1,1,4.0,4.0,1,2,1,2,WP1->WP2,1,0.37705917113277904,0.37705917107979287,0.6356136068885025,0.06604424037819638,utm,0,0.0,0.0,0,0.0
1789003681.370914,16.764201164245605,21.035302299999998,105.868686,-8.394,-0.6184783258111318,0.38861837732305154,590262.8443330241,2326300.2711216295,-1.9371651406399906,1.8020725660026073,1,1,4.0,4.0,1,2,1,2,WP1->WP2,1,0.3678508985755371,0.36785089855559006,0.6307979407732872,0.06554386246455897,utm,0,0.0,0.0,0,0.0
1789003681.4714804,16.86476755142212,21.035302299999998,105.868686,-8.388,-0.6184783258111318,0.38861837732305154,590262.8443330241,2326300.2711216295,-1.9371651406399906,1.8020725660026073,1,1,4.0,4.0,1,2,1,2,WP1->WP2,1,0.3678508985755371,0.36785089855559006,0.6307979407732872,0.06554386246455897,utm,0,0.0,0.0,0,0.0
1789003681.5667245,16.96001172065735,21.035302299999998,105.868686,-8.38,-0.6184783258111318,0.38861837732305154,590262.8443330241,2326300.2711216295,-1.9371651406399906,1.8020725660026073,1,1,4.0,4.0,1,2,1,2,WP1->WP2,1,0.3678508985755371,0.36785089855559006,0.6307979407732872,0.06554386246455897,utm,0,0.0,0.0,0,0.0
1789003681.6618783,17.0551655292511,21.035302299999998,105.86868609999999,-8.376,-0.6080837327206762,0.38861837732305154,590262.8547243522,2326300.271178184,-1.9374810946173966,1.812459243577905,1,1,4.0,4.0,1,2,1,2,WP1->WP2,1,0.3586426270592543,0.35864262706003436,0.6259822752031753,0.06504348460756122,utm,0,0.0,0.0,0,0.0
1789003681.7675464,17.160833597183228,21.035302299999998,105.86868609999999,-8.37,-0.6080837327206762,0.38861837732305154,590262.8547243522,2326300.271178184,-1.9374810946173966,1.812459243577905,1,1,4.0,4.0,1,2,1,2,WP1->WP2,1,0.3586426270592543,0.35864262706003436,0.6259822752031753,0.06504348460756122,utm,0,0.0,0.0,0,0.0
1789003681.8689446,17.262231826782227,21.0353022,105.86868609999999,-8.363,-0.6080837327206762,0.37754662891613117,590262.8547845914,2326300.2601099135,-1.9264177773147821,1.8127957805991173,1,1,4.0,4.0,1,2,1,2,WP1->WP2,1,0.3637720084747837,0.36377200858948794,0.6161741313084141,0.06402435693938471,utm,0,0.0,0.0,0,0.0
1789003681.9666452,17.35993242263794,21.0353022,105.8686862,-8.359,-0.5976891381530599,0.37754662891613117,590262.8651759195,2326300.260166469,-1.9267337322235107,1.823182458174415,1,1,4.0,4.0,1,2,1,2,WP1->WP2,1,0.3545637366499067,0.3545637366578497,0.61135846656122,0.06352397916789328,utm,0,0.0,0.0,0,0.0
1789003682.0677516,17.461038827896118,21.0353022,105.8686863,-8.353,-0.587294545062604,0.37754662891613117,590262.8755672475,2326300.260223024,-1.9270496862009168,1.8335691356332973,1,1,4.0,4.0,1,2,1,2,WP1->WP2,1,0.3453554650307592,0.3453554650471175,0.6065428014570771,0.06302360135931263,utm,0,0.0,0.0,0,0.0
1789003682.1642697,17.557556867599487,21.0353022,105.8686863,-8.349,-0.587294545062604,0.37754662891613117,590262.8755672475,2326300.260223024,-1.9270496862009168,1.8335691356332973,1,1,4.0,4.0,1,2,1,2,WP1->WP2,1,0.3453554650307592,0.3453554650471175,0.6065428014570771,0.06302360135931263,utm,0,0.0,0.0,0,0.0
1789003682.282815,17.67610216140747,21.0353022,105.8686864,-8.343,-0.5768999504949877,0.37754662891613117,590262.8859585769,2326300.2602795786,-1.9273656401783228,1.8439558146055788,1,1,4.0,4.0,1,2,1,2,WP1->WP2,1,0.33614719237065255,0.3361471924200499,0.6017271352873514,0.06252322344001127,utm,0,0.0,0.0,0,0.0
1789003682.3638453,17.757132530212402,21.0353022,105.8686864,-8.34,-0.5768999504949877,0.37754662891613117,590262.8859585769,2326300.2602795786,-1.9273656401783228,1.8439558146055788,1,1,4.0,4.0,1,2,1,2,WP1->WP2,1,0.33614719237065255,0.3361471924200499,0.6017271352873514,0.06252322344001127,utm,0,0.0,0.0,0,0.0
1789003682.46677,17.86005711555481,21.0353022,105.8686865,-8.335,-0.5665053574045319,0.37754662891613117,590262.896349905,2326300.260336134,-1.9276815955527127,1.8543424920644611,1,1,4.0,4.0,1,2,1,2,WP1->WP2,1,0.32693892064864033,0.3269389205912764,0.5969114705946675,0.0620228456741838,utm,0,0.0,0.0,0,0.0
1789003682.5564365,17.949723720550537,21.0353022,105.86868659999999,-8.329,-0.5561107643140761,0.37754662891613117,590262.9067412317,2326300.260392689,-1.9279975495301187,1.864729168242775,1,1,4.0,4.0,1,2,1,2,WP1->WP2,1,0.3177306501733166,0.3177306501120562,0.5920958060901383,0.061522467927906783,utm,0,0.0,0.0,0,0.0
1789003682.6661222,18.059409379959106,21.0353022,105.86868659999999,-8.325,-0.5561107643140761,0.37754662891613117,590262.9067412317,2326300.260392689,-1.9279975495301187,1.864729168242775,1,1,4.0,4.0,1,2,1,2,WP1->WP2,1,0.3177306501733166,0.3177306501120562,0.5920958060901383,0.061522467927906783,utm,0,0.0,0.0,0,0.0
1789003682.7615728,18.154860019683838,21.0353022,105.8686867,-8.321,-0.5457161697464599,0.37754662891613117,590262.9171325611,2326300.2604492437,-1.9283135035075247,1.8751158472150564,1,1,4.0,4.0,1,2,1,2,WP1->WP2,1,0.30852237751321,0.30852237748498856,0.5872801399204127,0.061022090008605416,utm,0,0.0,0.0,0,0.0
1789003682.8645718,18.257858991622925,21.0353022,105.86868679999999,-8.317,-0.5353215766560041,0.37754662891613117,590262.9275238891,2326300.2605057987,-1.9286294574849308,1.8855025246739388,1,1,4.0,4.0,1,2,1,2,WP1->WP2,1,0.29931410589406243,0.2993141058742564,0.5824644748162698,0.06052171220002478,utm,0,0.0,0.0,0,0.0
1789003682.9635296,18.35681676864624,21.035302299999998,105.86868679999999,-8.312,-0.5353215766560041,0.38861837732305154,590262.9274636499,2326300.2715740697,-1.9396927752532065,1.8851659875363111,1,1,4.0,4.0,1,2,1,2,WP1->WP2,1,0.294184724157627,0.2941847242296262,0.5922726191770004,0.06154083991661843,utm,0,0.0,0.0,0,0.0
1789003683.0644794,18.45776653289795,21.035302299999998,105.8686869,-8.308,-0.5249269820883877,0.38861837732305154,590262.9378549792,2326300.271630625,-1.9400087296962738,1.895552666275762,1,1,4.0,4.0,1,2,1,2,WP1->WP2,1,0.2849764514975203,0.28497645148738215,0.5874569534732439,0.061040462045734184,utm,0,0.0,0.0,0,0.0
1789003683.163015,18.556302070617676,21.035302299999998,105.868687,-8.307,-0.5145323889979321,0.38861837732305154,590262.9482463059,2326300.2716871793,-1.9403246832080185,1.9059393425704911,1,1,4.0,4.0,1,2,1,2,WP1->WP2,1,0.27576818112506135,0.27576818122620317,0.5826412885572558,0.06054008425670401,utm,0,0.0,0.0,0,0.0
1789003683.2747393,18.668026447296143,21.035302299999998,105.868687,-8.303,-0.5145323889979321,0.38861837732305154,590262.9482463059,2326300.2716871793,-1.9403246832080185,1.9059393425704911,1,1,4.0,4.0,1,2,1,2,WP1->WP2,1,0.27576818112506135,0.27576818122620317,0.5826412885572558,0.06054008425670401,utm,0,0.0,0.0,0,0.0
1789003683.36156,18.754847288131714,21.035302299999998,105.86868709999999,-8.301,-0.5041377959074763,0.38861837732305154,590262.958637634,2326300.271743735,-1.9406406385824084,1.9163260200293735,1,1,4.0,4.0,1,2,1,2,WP1->WP2,1,0.2665599094030491,0.26655990939742963,0.5778256238645719,0.06003970649087653,utm,0,0.0,0.0,0,0.0
1789003683.4584303,18.851717472076416,21.0353024,105.8686872,-8.299,-0.4937432013398599,0.3996901260821149,590262.9689687241,2326300.2828685604,-1.952019909862429,1.9263761618640274,1,1,4.0,4.0,1,2,1,2,WP1->WP2,1,0.252222255006507,0.252222255125732,0.5828181020555767,0.06055845628816882,utm,0,0.0,0.0,0,0.0
1789003683.5635157,18.95680284500122,21.0353024,105.86868729999999,-8.3,-0.48334860824940423,0.3996901260821149,590262.9793600522,2326300.2829251154,-1.952335863839835,1.9367628393229097,1,1,4.0,4.0,1,2,1,2,WP1->WP2,1,0.2430139834902242,0.24301398351499984,0.5780024369514339,0.06005807847958818,utm,0,0.0,0.0,0,0.0
1789003683.6681886,19.06147575378418,21.0353024,105.86868729999999,-8.302,-0.48334860824940423,0.3996901260821149,590262.9793600522,2326300.2829251154,-1.952335863839835,1.9367628393229097,1,1,4.0,4.0,1,2,1,2,WP1->WP2,1,0.2430139834902242,0.24301398351499984,0.5780024369514339,0.06005807847958818,utm,0,0.0,0.0,0,0.0
1789003683.7628555,19.156142711639404,21.0353025,105.8686874,-8.301,-0.4729540136817878,0.4107618751933213,590262.9896911408,2326300.294049941,-1.9637151355855167,1.9468129796441644,1,1,4.0,4.0,1,2,1,2,WP1->WP2,1,0.22867633055841197,0.22867633058054354,0.582994915851073,0.06057682835051201,utm,0,0.0,0.0,0,0.0
1789003683.8666928,19.259979963302612,21.0353025,105.8686875,-8.3,-0.46255942059133204,0.4107618751933213,590263.0000824688,2326300.2941064965,-1.964031090028584,1.9571996571030468,1,1,4.0,4.0,1,2,1,2,WP1->WP2,1,0.21946805883639972,0.21946805875177003,0.5781792511583891,0.06007645058468453,utm,0,0.0,0.0,0,0.0
1789003683.9618618,19.355149030685425,21.0353025,105.8686876,-8.304,-0.45216482602371577,0.4107618751933213,590263.0104737983,2326300.2941630515,-1.9643470444716513,1.967586335958913,1,1,4.0,4.0,1,2,1,2,WP1->WP2,1,0.21025978585538707,0.2102597859066612,0.5733635854001223,0.05957607270813632,utm,0,0.0,0.0,0,0.0
1789003684.0646048,19.457891941070557,21.035302599999998,105.8686877,-8.304,-0.44177023293326007,0.4218336232480987,590263.0208048869,2326300.3052878766,-1.9757263152860105,1.9776364762801677,1,1,4.0,4.0,1,2,1,2,WP1->WP2,1,0.1959221331293043,0.19592213319024618,0.5783560638883025,0.060094822536306984,utm,0,0.0,0.0,0,0.0
1789003684.1648123,19.558099508285522,21.035302599999998,105.8686877,-8.303,-0.44177023293326007,0.4218336232480987,590263.0208048869,2326300.3052878766,-1.9757263152860105,1.9776364762801677,1,1,4.0,4.0,1,2,1,2,WP1->WP2,1,0.1959221331293043,0.19592213319024618,0.5783560638883025,0.060094822536306984,utm,0,0.0,0.0,0,0.0
1789003684.2759469,19.669234037399292,21.0353027,105.86868779999999,-8.308,-0.43137563984280425,0.43290537200716206,590263.0311359742,2326300.3164127027,-1.9871055870316923,1.9876866152044386,1,1,4.0,4.0,1,2,1,2,WP1->WP2,1,0.18158448134131588,0.18158448127212523,0.5833485438535244,0.06061357251795155,utm,0,0.0,0.0,0,0.0
1789003684.3681562,19.761443376541138,21.0353028,105.8686879,-8.312,-0.4209810452751879,0.44397712111836846,590263.0414670643,2326300.327537529,-1.9984848597086966,1.9977367568062618,1,1,4.0,4.0,1,2,1,2,WP1->WP2,1,0.16724682673904434,0.16724682666720964,0.5883410229219572,0.0611323224064141,utm,0,0.0,0.0,0,0.0
1789003684.469203,19.86249017715454,21.035302899999998,105.8686879,-8.309,-0.4209810452751879,0.4550488691731458,590263.0414068248,2326300.3386057997,-2.009548177011311,1.997400219552219,1,1,4.0,4.0,1,2,1,2,WP1->WP2,1,0.16211744531120306,0.1621174454463503,0.5981491669802494,0.062151450091582516,utm,0,0.0,0.0,0,0.0
1789003684.564033,19.95732021331787,21.035302899999998,105.86868799999999,-8.317,-0.41058645218473216,0.4550488691731458,590263.0517981529,2326300.3386623543,-2.009864130523056,2.0077868970111012,1,1,4.0,4.0,1,2,1,2,WP1->WP2,1,0.1529091741158263,0.15290917405365942,0.5933335014646477,0.061651072240248725,utm,0,0.0,0.0,0,0.0
1789003684.666911,20.060198068618774,21.035303,105.8686881,-8.32,-0.4001918576171158,0.4661206179322092,590263.0621292428,2326300.3497871803,-2.0212434022687376,2.0178370386129245,1,1,4.0,4.0,1,2,1,2,WP1->WP2,1,0.13857151982214894,0.13857151976964988,0.598325980176132,0.06216982209162209,utm,0,0.0,0.0,0,0.0
1789003684.7648435,20.158130645751953,21.0353031,105.8686881,-8.324,-0.4001918576171158,0.4771923670434156,590263.0620690035,2326300.360855452,-2.0323067205026746,2.0175005013588816,1,1,4.0,4.0,1,2,1,2,WP1->WP2,1,0.13344213798284876,0.13344213800984311,0.6081341250028316,0.06318894985663286,utm,0,0.0,0.0,0,0.0
1789003684.8665733,20.259860515594482,21.035303199999998,105.8686882,-8.33,-0.38979726452666,0.48826411509819295,590263.0724000908,2326300.371980277,-2.0436859913170338,2.0275506402831525,1,1,4.0,4.0,1,2,1,2,WP1->WP2,1,0.11910448650345455,0.11910448652780486,0.6131266041451358,0.0637076997527711,utm,0,0.0,0.0,0,0.0
1789003684.963083,20.356370210647583,21.0353033,105.8686883,-8.335,-0.37940266995904376,0.49933586420939935,590263.0827311807,2326300.3831051034,-2.055065263528377,2.0376007818849757,1,1,4.0,4.0,1,2,1,2,WP1->WP2,1,0.10476683200404774,0.104766832025754,0.618119083268079,0.06422644964689762,utm,0,0.0,0.0,0,0.0
1789003685.0674508,20.460737943649292,21.0353034,105.8686883,-8.34,-0.37940266995904376,0.5104076129684627,590263.0826709413,2326300.394173375,-2.066128581762314,2.0372642445145175,1,1,4.0,4.0,1,2,1,2,WP1->WP2,1,0.09963745026761228,0.09963745036881197,0.6279272281492889,0.06524557741757236,utm,0,0.0,0.0,0,0.0
1789003685.1633873,20.556674480438232,21.035303499999998,105.8686884,-8.351,-0.36900807686858794,0.5214793610232401,590263.0930020299,2326300.405298199,-2.0775078516453505,2.047314384835772,1,1,4.0,4.0,1,2,1,2,WP1->WP2,1,0.08529979817102973,0.08529979808847964,0.6329197058145513,0.0657643271602367,utm,0,0.0,0.0,0,0.0
1789003685.2664258,20.65971302986145,21.0353036,105.8686884,-8.351,-0.36900807686858794,0.5325511101344464,590263.0929417905,2326300.4163664705,-2.088571169413626,2.0469778475817293,1,1,4.0,4.0,1,2,1,2,WP1->WP2,1,0.08017041643459427,0.08017041643153766,0.6427278506957612,0.06678345493091144,utm,0,0.0,0.0,0,0.0
1789003685.363456,20.75674319267273,21.0353037,105.8686884,-8.357,-0.36900807686858794,0.5436228588935099,590263.0928815511,2326300.427434741,-2.0996344867162406,2.0466413103276864,1,1,4.0,4.0,1,2,1,2,WP1->WP2,1,0.07504103500675299,0.0750410351078136,0.652535994699543,0.06780258261041588,utm,0,0.0,0.0,0,0.0
1789003685.4643872,20.85767436027527,21.035303799999998,105.86868849999999,-8.365,-0.35861348377813224,0.5546946069482872,590263.1032126397,2326300.4385595666,-2.111013757996261,2.0566914505325258,1,1,4.0,4.0,1,2,1,2,WP1->WP2,1,0.06070338228067023,0.06070338227622198,0.6575284736536925,0.06832133248700367,utm,0,0.0,0.0,0,0.0
1789003685.56287,20.956157207489014,21.0353039,105.86868849999999,-8.36,-0.35861348377813224,0.5657663560594937,590263.1031524002,2326300.449627838,-2.122077075764537,2.0563549131620675,1,1,4.0,4.0,1,2,1,2,WP1->WP2,1,0.05557400054423477,0.055574000619280056,0.6673366185349024,0.06934046025767841,utm,0,0.0,0.0,0,0.0
1789003685.6675673,21.06085443496704,21.0353039,105.8686886,-8.371,-0.34821888921051586,0.5657663560594937,590263.1135437283,2326300.449684393,-2.122393030207604,2.06674159062095,1,1,4.0,4.0,1,2,1,2,WP1->WP2,1,0.046365728925087245,0.046365729008547824,0.6625209534307596,0.06884008244909777,utm,0,0.0,0.0,0,0.0
1789003685.7632205,21.15650773048401,21.035304099999998,105.8686886,-8.378,-0.34821888921051586,0.5879098528733344,590263.1134232495,2326300.471820934,-2.144519664347172,2.066068516112864,1,1,4.0,4.0,1,2,1,2,WP1->WP2,1,0.036106966505487316,0.03610696646396438,0.6821372414928337,0.07087833781377065,utm,0,0.0,0.0,0,0.0
1789003685.8672404,21.26052761077881,21.035304099999998,105.86868869999999,-8.372,-0.33782429612006015,0.5879098528733344,590263.1238145774,2326300.4718774897,-2.1448356192559004,2.0764551935717463,1,1,4.0,4.0,1,2,1,2,WP1->WP2,1,0.02689869478347506,0.026898694738055555,0.6773215768546601,0.07037796005360714,utm,0,0.0,0.0,0,0.0
1789003685.9645379,21.35782504081726,21.0353042,105.86868869999999,-8.382,-0.33782429612006015,0.5989816019845408,590263.1237543379,2326300.48294576,-2.1558989360928535,2.076118656201288,1,1,4.0,4.0,1,2,1,2,WP1->WP2,1,0.021769313882269263,0.02176931373523758,0.6871297205014933,0.07139708769602239,utm,0,0.0,0.0,0,0.0
1789003686.0666168,21.459903955459595,21.035304399999998,105.86868869999999,-8.385,-0.33782429612006015,0.6211250991505245,590263.1236338591,2326300.505082302,-2.1780255711637437,2.0754455816932023,1,1,4.0,4.0,1,2,1,2,WP1->WP2,1,0.011510550615127815,0.01151055075457145,0.7067460093864851,0.07343534314620158,utm,0,0.0,0.0,0,0.0
1789003686.1584506,21.551737785339355,21.035304399999998,105.8686888,-8.38,-0.32742970155244383,0.6211250991505245,590263.1340251883,2326300.505138857,-2.1783415251411498,2.085832260316238,1,1,4.0,4.0,1,2,1,2,WP1->WP2,1,0.0023022780578859075,0.002302278115192053,0.7019303437372391,0.0729349652809813,utm,0,0.0,0.0,0,0.0
1789003686.285721,21.67900824546814,21.0353045,105.8686888,-8.399,-0.32742970155244383,0.632196847909588,590263.1339649488,2326300.516207128,-2.1894048429094255,2.085495723062195,1,1,4.0,4.0,1,2,1,2,WP1->WP2,1,0.002827103254778782,-0.0028271033237086494,0.71173848820699,0.07395409300890286,utm,0,0.0,0.0,0,0.0
1789003686.363721,21.75700807571411,21.035304699999998,105.8686888,-8.401,-0.32742970155244383,0.6543403450755717,590263.13384447,2326300.53834367,-2.2115314779803157,2.0848226484376937,1,1,4.0,4.0,1,2,1,2,WP1->WP2,1,0.01308586620101419,-0.013085866304374735,0.7313547770919818,0.07599234845908205,utm,0,0.0,0.0,0,0.0
1789003686.4676847,21.860971927642822,21.035304699999998,105.8686888,-8.406,-0.32742970155244383,0.6543403450755717,590263.13384447,2326300.53834367,-2.2115314779803157,2.0848226484376937,1,1,4.0,4.0,1,2,1,2,WP1->WP2,1,0.01308586620101419,-0.013085866304374735,0.7313547770919818,0.07599234845908205,utm,0,0.0,0.0,0,0.0
1789003686.5645308,21.957818031311035,21.0353048,105.8686888,-8.417,-0.32742970155244383,0.6654120938346351,590263.1337842306,2326300.5494119404,-2.222594794817269,2.084486111183651,1,1,4.0,4.0,1,2,1,2,WP1->WP2,1,0.01821524762885547,-0.018215247525234072,0.741162921150274,0.07701147614425047,utm,0,0.0,0.0,0,0.0
1789003686.6666045,22.05989170074463,21.0353049,105.8686888,-8.419,-0.32742970155244383,0.6764838425936984,590263.1337239912,2326300.5604802114,-2.2336581125855446,2.084149573929608,1,1,4.0,4.0,1,2,1,2,WP1->WP2,1,0.023344629044384876,-0.023344629066999502,0.7509710655655147,0.07803060386650808,utm,0,0.0,0.0,0,0.0
1789003686.762628,22.15591526031494,21.035304999999997,105.8686889,-8.41,-0.31703510846198807,0.6875555910006188,590263.1440550797,2326300.571605037,-2.245037383865565,2.094199714018032,1,1,4.0,4.0,1,2,1,2,WP1->WP2,1,0.03768228166760293,-0.037682281795726344,0.7559635445741746,0.07854935374875983,utm,0,0.0,0.0,0,0.0
1789003686.8674238,22.260710954666138,21.0353052,105.86868899999999,-8.421,-0.3066405153715323,0.7096990885187456,590263.1543259273,2326300.593798133,-2.2674799719825387,2.103913315339014,1,1,4.0,4.0,1,2,1,2,WP1->WP2,1,0.05714931457483845,-0.057149314510935856,0.7707641682952504,0.08008723138414758,utm,0,0.0,0.0,0,0.0
1789003686.9630692,22.356356382369995,21.0353055,105.8686891,-8.417,-0.29624592080391593,0.7429143344437927,590263.1645365381,2326300.627059501,-2.300985879264772,2.1132903820835054,1,1,4.0,4.0,1,2,1,2,WP1->WP2,1,0.08174573139098044,-0.08174573146701727,0.7953729360552575,0.08264423670269203,utm,0,0.0,0.0,0,0.0
1789003687.0592484,22.45253562927246,21.0353057,105.8686893,-8.418,-0.2754567331458439,0.7650578316097765,590263.1851987162,2326300.6493091527,-2.323744422290474,2.133390663424507,1,1,4.0,4.0,1,2,1,2,WP1->WP2,1,0.11042103830787586,-0.11042103827402426,0.805357893884422,0.08368173644764505,utm,0,0.0,0.0,0,0.0
1789003687.168304,22.561591148376465,21.035305899999997,105.8686895,-8.43,-0.25466754548777176,0.7872013287757602,590263.2058608929,2326300.671558805,-2.346502966247499,2.1534909433685243,1,1,4.0,4.0,1,2,1,2,WP1->WP2,1,0.13909634408094745,-0.13909634396183113,0.81534285283368,0.08471923630898281,utm,0,0.0,0.0,0,0.0
1789003687.277337,22.670624256134033,21.035306199999997,105.8686896,-8.429,-0.24427295239731606,0.8204165747008074,590263.2160715022,2326300.704820172,-2.3800088721327484,2.1628680084832013,1,1,4.0,4.0,1,2,1,2,WP1->WP2,1,0.16369275902090072,-0.16369275914458856,0.8399516204794036,0.08727624161565249,utm,0,0.0,0.0,0,0.0
1789003687.3684413,22.761728525161743,21.0353064,105.8686898,-8.413,-0.22348376473924392,0.8425600722189341,590263.2367336787,2326300.7270698245,-2.402767416089773,2.1829682883108035,1,1,4.0,4.0,1,2,1,2,WP1->WP2,1,0.192368064896837,-0.19236806494757203,0.8499365798946306,0.08831374152540736,utm,0,0.0,0.0,0,0.0
1789003687.4698215,22.86310863494873,21.0353067,105.86869,-8.41,-0.20269457708117183,0.8757753181439812,590263.2573356171,2326300.7603877466,-2.43658927641809,2.202732032048516,1,1,4.0,4.0,1,2,1,2,WP1->WP2,1,0.22617275271493822,-0.22617275266684414,0.8697296819456184,0.09037036897252071,utm,0,0.0,0.0,0,0.0
1789003687.5614438,22.954730987548828,21.0353069,105.86869019999999,-8.419,-0.18190539090026034,0.8979188153099651,590263.2779977922,2326300.7826373987,-2.4593478199094534,2.222832310362719,1,1,4.0,4.0,1,2,1,2,WP1->WP2,1,0.25484805702327995,-0.2548480570174096,0.8797146416035106,0.09140786890749002,utm,0,0.0,0.0,0,0.0
1789003687.6646836,23.057970762252808,21.0353072,105.86869039999999,-8.421,-0.16111620324218826,0.9311340612350122,590263.2985997304,2326300.8159553213,-2.4931696811690927,2.242596053867601,1,1,4.0,4.0,1,2,1,2,WP1->WP2,1,0.2886527447385164,-0.28865274474899366,0.899507744174978,0.09346449640868446,utm,0,0.0,0.0,0,0.0
1789003687.7615,23.154787063598633,21.0353075,105.8686905,-8.416,-0.1507216086745719,0.9643493071600593,590263.3088103408,2326300.849216689,-2.5266755875200033,2.251973120146431,1,1,4.0,4.0,1,2,1,2,WP1->WP2,1,0.3132491611431995,-0.31324916117843965,0.9241165116870574,0.09602150170146766,utm,0,0.0,0.0,0,0.0
1789003687.8645701,23.25785732269287,21.0353077,105.8686907,-8.416,-0.12993242101649982,0.9864928046781861,590263.329472517,2326300.8714663414,-2.549434131477028,2.2720733996247873,1,1,4.0,4.0,1,2,1,2,WP1->WP2,1,0.3419244665953651,-0.34192446667282894,0.9341014712658152,0.0970590016282144,utm,0,0.0,0.0,0,0.0
1789003687.9548936,23.348180770874023,21.035308,105.8686908,-8.417,-0.11953782792604406,1.0197080506032332,590263.339683126,2326300.904727709,-2.582940037827939,2.2814504643902183,1,1,4.0,4.0,1,2,1,2,WP1->WP2,1,0.3665208817533597,-0.36652088176503356,0.9587102394865288,0.09961600699462914,utm,0,0.0,0.0,0,0.0
1789003688.0646014,23.45788860321045,21.0353083,105.868691,-8.424,-0.09874864026797199,1.0529232965282804,590263.3602850626,2326300.938045632,-2.6167618986219168,2.301214206381701,1,1,4.0,4.0,1,2,1,2,WP1->WP2,1,0.40032556842763706,-0.40032556837741745,0.9785033431780893,0.10167263461220828,utm,0,0.0,0.0,0,0.0
1789003688.1645901,23.5578773021698,21.0353086,105.86869109999999,-8.426,-0.08835404717751623,1.0861385424533274,590263.3704956714,2326300.971306999,-2.650267804507166,2.310591271147132,1,1,4.0,4.0,1,2,1,2,WP1->WP2,1,0.4249219831618609,-0.424921983148716,1.0031121110418544,0.10422963994153382,utm,0,0.0,0.0,0,0.0
1789003688.2877402,23.68102741241455,21.0353089,105.8686912,-8.433,-0.07795945260989989,1.1193537883783746,590263.3807062816,2326301.004568367,-2.683773711323738,2.3199683371931314,1,1,4.0,4.0,1,2,1,2,WP1->WP2,1,0.44951839936081456,-0.4495183993724325,1.0277208786629541,0.10678664524564492,utm,0,0.0,0.0,0,0.0
1789003688.3618872,23.75517439842224,21.0353092,105.8686913,-8.437,-0.06756485951944416,1.1525690343034218,590263.3909168903,2326301.0378297344,-2.7172796176746488,2.329345401842147,1,1,4.0,4.0,1,2,1,2,WP1->WP2,1,0.47411481419790313,-0.47411481425890767,1.0523296469926884,0.10934365062338759,utm,0,0.0,0.0,0,0.0
1789003688.4644163,23.85770344734192,21.0353095,105.86869139999999,-8.425,-0.057170266428988405,1.1857842802284688,590263.4011274977,2326301.071091102,-2.7507855240255594,2.338722465094179,1,1,4.0,4.0,1,2,1,2,WP1->WP2,1,0.49871122800634443,-0.49871122791100614,1.0769384159765463,0.11190065606909781,utm,0,0.0,0.0,0,0.0
1789003688.562827,23.956114292144775,21.035309899999998,105.8686913,-8.424,-0.06756485951944416,1.2300712745604365,590263.3904952131,2326301.1153076296,-2.79472283879295,2.3269896395504475,1,1,4.0,4.0,1,2,1,2,WP1->WP2,1,0.5100204824853971,-0.5100204825332646,1.120986657125703,0.11647754459880165,utm,0,0.0,0.0,0,0.0
1789003688.6645348,24.05782198905945,21.0353103,105.8686913,-8.419,-0.06756485951944416,1.274358269244547,590263.3902542546,2326301.159580712,-2.8389761075377464,2.325643489602953,1,1,4.0,4.0,1,2,1,2,WP1->WP2,1,0.5305380070283147,-0.530538007017555,1.1602192340973927,0.12055405541621227,utm,0,0.0,0.0,0,0.0
1789003688.7636425,24.15692973136902,21.0353107,105.8686915,-8.415,-0.046775671861372055,1.3186452639286574,590263.4107959511,2326301.2039669063,-2.8838612861,2.345070693641901,1,1,4.0,4.0,1,2,1,2,WP1->WP2,1,0.5694720746037978,-0.5694720745545161,1.1898204825312557,0.12362981079003281,utm,0,0.0,0.0,0,0.0
1789003688.8617702,24.255057334899902,21.035311099999998,105.8686915,-8.417,-0.046775671861372055,1.362932258260625,590263.4105549926,2326301.2482399894,-2.928114555310458,2.3437245436944067,1,1,4.0,4.0,1,2,1,2,WP1->WP2,1,0.5899895993524448,-0.5899895992568478,1.2290530599144045,0.1277063216501966,utm,0,0.0,0.0,0,0.0
1789003688.9627173,24.35600447654724,21.0353115,105.8686915,-8.433,-0.046775671861372055,1.4072192529447356,590263.4103140341,2326301.2925130725,-2.9723678240552545,2.3423783937469125,1,1,4.0,4.0,1,2,1,2,WP1->WP2,1,0.6105071241010918,-0.6105071239591795,1.2682856372975528,0.13178283251036035,utm,0,0.0,0.0,0,0.0
1789003689.0645096,24.457796812057495,21.0353119,105.8686915,-8.428,-0.046775671861372055,1.451506247628846,590263.4100730756,2326301.336786155,-3.016621092800051,2.341032243799418,1,1,4.0,4.0,1,2,1,2,WP1->WP2,1,0.6310246483231032,-0.6310246484434701,1.3075182142692423,0.13585934332777097,utm,0,0.0,0.0,0,0.0
1789003689.1627095,24.555996656417847,21.0353124,105.8686915,-8.435,-0.046775671861372055,1.506864990719877,590263.4097718773,2326301.3921275097,-3.071937680244446,2.339349556248635,1,1,4.0,4.0,1,2,1,2,WP1->WP2,1,0.6566715546024563,-0.6566715545970143,1.3565589366426214,0.14095498196993742,utm,0,0.0,0.0,0,0.0
1789003689.2760026,24.6692898273468,21.035312899999997,105.86869139999999,-8.458,-0.057170266428988405,1.5622237338109077,590263.3990793505,2326301.447412308,-3.126938310917467,2.327280190656893,1,1,4.0,4.0,1,2,1,2,WP1->WP2,1,0.6731101879007966,-0.6731101879713788,1.4104153231583183,0.14655099832074484,utm,0,0.0,0.0,0,0.0
1789003689.364413,24.757700204849243,21.0353133,105.86869139999999,-8.435,-0.057170266428988405,1.6065107284950184,590263.3988383921,2326301.4916853905,-3.1711915796622634,2.325934040825814,1,1,4.0,4.0,1,2,1,2,WP1->WP2,1,0.693627712546579,-0.693627712558534,1.4496479000754974,0.15062750913249146,utm,0,0.0,0.0,0,0.0
1789003689.4664285,24.859715700149536,21.035313799999997,105.8686913,-8.455,-0.06756485951944416,1.6618694715860491,590263.388145868,2326301.546970189,-3.2261922117322683,2.3138646779116243,1,1,4.0,4.0,1,2,1,2,WP1->WP2,1,0.7100663485563377,-0.7100663485168284,1.5035042857489158,0.15622352539578085,utm,0,0.0,0.0,0,0.0
1789003689.56289,24.956177234649658,21.0353143,105.8686912,-8.448,-0.07795945260989989,1.717228215029223,590263.3774533427,2326301.602254988,-3.2811928442679346,2.3017953138332814,1,1,4.0,4.0,1,2,1,2,WP1->WP2,1,0.726504983628002,-0.726504983664517,1.557360672378896,0.16181954175846303,utm,0,0.0,0.0,0,0.0
1789003689.6682997,25.06158685684204,21.0353148,105.8686912,-8.422,-0.07795945260989989,1.772586958120254,590263.3771521446,2326301.6575963413,-3.3365094298496842,2.3001126263989136,1,1,4.0,4.0,1,2,1,2,WP1->WP2,1,0.7521518892778549,-0.752151889266802,1.6064013934633878,0.16691518026670601,utm,0,0.0,0.0,0,0.0
1789003689.7556775,25.148964643478394,21.035315399999998,105.86869109999999,-8.432,-0.08835404717751623,1.8390174499703484,590263.3663993784,2326301.7239494114,-3.4025733792223036,2.287706723669544,1,1,4.0,4.0,1,2,1,2,WP1->WP2,1,0.77371990451836,-0.7737199046190145,1.6700659252172432,0.17353032442527735,utm,0,0.0,0.0,0,0.0
1789003689.8656735,25.258960723876953,21.0353159,105.86869089999999,-8.439,-0.10914323483558833,1.8943761934135221,590263.3453155261,2326301.779177654,-3.45725805638358,2.265250683063641,1,1,4.0,4.0,1,2,1,2,WP1->WP2,1,0.7809502684975123,-0.7809502684276294,1.7287379752263965,0.179626718417305,utm,0,0.0,0.0,0,0.0
1789003689.9606066,25.353893756866455,21.0353165,105.8686907,-8.424,-0.12993242101649982,1.9608066852636166,590263.3241714344,2326301.845474168,-3.5230060508474708,2.242458105320111,1,1,4.0,4.0,1,2,1,2,WP1->WP2,1,0.7933100139950588,-0.7933100138931863,1.7972181701167598,0.18674224018000735,utm,0,0.0,0.0,0,0.0
1789003690.070744,25.464031219482422,21.0353171,105.8686906,-8.43,-0.14032701558411617,2.0272371771137108,590263.3134186685,2326301.9118272373,-3.5890699992887676,2.2300522027071565,1,1,4.0,4.0,1,2,1,2,WP1->WP2,1,0.8148780290298346,-0.8148780290150457,1.860882700938677,0.19335738424174448,utm,0,0.0,0.0,0,0.0
1789003690.1658823,25.55916953086853,21.0353177,105.86869039999999,-8.444,-0.16111620324218826,2.093667668963805,590263.292274577,2326301.978123752,-3.654817994683981,2.2072596250800416,1,1,4.0,4.0,1,2,1,2,WP1->WP2,1,0.8272377748359752,-0.8272377749043732,1.9293628961314784,0.20047290603587206,utm,0,0.0,0.0,0,0.0
1789003690.2766197,25.669906854629517,21.0353182,105.8686903,-8.446,-0.171510796332644,2.149026412054836,590263.2815820521,2326302.03340855,-3.7098186262883246,2.19519026146736,1,1,4.0,4.0,1,2,1,2,WP1->WP2,1,0.8436764099076394,-0.8436764100274381,1.9832192817205,0.20606892229039211,utm,0,0.0,0.0,0,0.0
1789003690.378417,25.77170419692993,21.0353188,105.8686901,-8.456,-0.19229998399071607,2.21545690390493,590263.260437961,2326302.099705064,-3.7755666212178767,2.1723976843059063,1,1,4.0,4.0,1,2,1,2,WP1->WP2,1,0.8560361560346862,-0.8560361560073186,2.0516994763383116,0.21318444402477466,utm,0,0.0,0.0,0,0.0
1789003690.4701893,25.863476514816284,21.0353195,105.8686898,-8.501,-0.22348376473924392,2.292959144514088,590263.2288423022,2326302.1770132934,-3.852061977609992,2.1388818920822814,1,1,4.0,4.0,1,2,1,2,WP1->WP2,1,0.8643170113409262,-0.8643170112764202,2.1348034797616102,0.22181947121581708,utm,0,0.0,0.0,0,0.0
1789003690.5669925,25.96027970314026,21.0353201,105.8686895,-8.499,-0.25466754548777176,2.3593896363641824,590263.1973068845,2326302.243253253,-3.917494018562138,2.105702638742514,1,1,4.0,4.0,1,2,1,2,WP1->WP2,1,0.8674684871983787,-0.8674684870979865,2.2080993392408996,0.22943537073356585,utm,0,0.0,0.0,0,0.0
1789003690.6607542,26.054041385650635,21.0353207,105.8686893,-8.511,-0.2754567331458439,2.4258201282142764,590263.1761627939,2326302.309549767,-3.983242013026029,2.0829100620467216,1,1,4.0,4.0,1,2,1,2,WP1->WP2,1,0.8798282336340195,-0.8798282335921908,2.2765795335861596,0.23655089243962857,utm,0,0.0,0.0,0,0.0
1789003690.7707975,26.164084672927856,21.035321399999997,105.8686889,-8.502,-0.31703510846198807,2.503322368471291,590263.1341758091,2326302.3868014417,-4.0594214159063995,2.039007594343275,1,1,4.0,4.0,1,2,1,2,WP1->WP2,1,0.878900819184989,-0.8789008192173018,2.3644992015983837,0.24568629738571734,utm,0,0.0,0.0,0,0.0
1789003690.8688028,26.26208996772766,21.0353221,105.8686886,-8.5,-0.34821888921051586,2.580824609080449,590263.1025801514,2326302.464109672,-4.13591677416116,2.005491803283803,1,1,4.0,4.0,1,2,1,2,WP1->WP2,1,0.8871816758407824,-0.8871816758482686,2.4476032053540067,0.25432132461129037,utm,0,0.0,0.0,0,0.0
1789003690.9639227,26.35720992088318,21.0353228,105.8686882,-8.512,-0.38979726452666,2.6583268496896064,590263.0605931673,2326302.541361346,-4.212096176575869,1.9615893362788484,1,1,4.0,4.0,1,2,1,2,WP1->WP2,1,0.8862542618155227,-0.8862542618725265,2.53552287262771,0.2634567294806422,utm,0,0.0,0.0,0,0.0
1789003691.0679111,26.461198329925537,21.0353235,105.86868779999999,-8.516,-0.43137563984280425,2.7358290902987643,590263.0186061837,2326302.6186130214,-4.2882755803875625,1.9176868697395548,1,1,4.0,4.0,1,2,1,2,WP1->WP2,1,0.8853268489340868,-0.8853268489623672,2.6234425409177486,0.27259213445559766,utm,0,0.0,0.0,0,0.0
1789003691.1704683,26.56375551223755,21.035324199999998,105.86868729999999,-8.523,-0.48334860824940423,2.8133313305557786,590262.9662278752,2326302.695808141,-4.364139029756188,1.8633977288845927,1,1,4.0,4.0,1,2,1,2,WP1->WP2,1,0.875191166721151,-0.8751911667827408,2.7161778720172336,0.2822279170007004,utm,0,0.0,0.0,0,0.0
1789003691.2847989,26.678086042404175,21.0353249,105.86868679999999,-8.528,-0.5353215766560041,2.8908335715170796,590262.9138495658,2326302.7730032615,-4.440002479590476,1.809108587098308,1,1,4.0,4.0,1,2,1,2,WP1->WP2,1,0.8650554841996212,-0.8650554842162793,2.808913204375719,0.2918636996766211,utm,0,0.0,0.0,0,0.0
1789003691.3691206,26.762407779693604,21.0353256,105.8686864,-8.521,-0.5768999504949877,2.968335812126237,590262.8718625847,2326302.8502549366,-4.5161818829365075,1.7652061231201515,1,1,4.0,4.0,1,2,1,2,WP1->WP2,1,0.8641280732972386,-0.8641280733511028,2.8968328710550715,0.3009991044842162,utm,0,0.0,0.0,0,0.0
1789003691.4740138,26.867300987243652,21.0353262,105.868686,-8.534,-0.6184783258111318,3.0347663039763315,590262.829935842,2326302.9164383416,-4.5812979699112475,1.7216401952318847,1,1,4.0,4.0,1,2,1,2,WP1->WP2,1,0.8580712804526913,-0.8580712804544608,2.974944394632694,0.30911538170603564,utm,0,0.0,0.0,0,0.0
1789003691.5613952,26.95468235015869,21.035326899999998,105.86868539999999,-8.558,-0.6808458887853481,3.112268544233346,590262.7671662063,2326302.993576907,-4.656845465302467,1.6569643777329475,1,1,4.0,4.0,1,2,1,2,WP1->WP2,1,0.8387273278796085,-0.8387273278202377,3.072495391277667,0.31925154210557755,utm,0,0.0,0.0,0,0.0
1789003691.670756,27.064043283462524,21.035327499999998,105.8686848,-8.564,-0.7432134502824037,3.17869903608344,590262.7044568129,2326303.059647202,-4.721329643856734,1.5926251002820209,1,1,4.0,4.0,1,2,1,2,WP1->WP2,1,0.814253996474926,-0.8142539965367735,3.1602382425015896,0.3283685746783519,utm,0,0.0,0.0,0,0.0
1789003691.7629485,27.156235694885254,21.0353282,105.86868439999999,-8.588,-0.784791825598548,3.256201276692598,590262.6624698322,2326303.136898877,-4.797509047668427,1.5487226367695257,1,1,4.0,4.0,1,2,1,2,WP1->WP2,1,0.8133265859963144,-0.8133265859801911,3.248157909017411,0.33750397946895505,utm,0,0.0,0.0,0,0.0
1789003691.8707025,27.263989686965942,21.035328999999997,105.868684,-8.598,-0.8263701994375314,3.3447752657086762,590262.620422614,2326303.225218824,-4.8847517697140574,1.5044836377492175,1,1,4.0,4.0,1,2,1,2,WP1->WP2,1,0.8175285591180151,-0.8175285590472923,3.3458857198992256,0.34765851197669867,utm,0,0.0,0.0,0,0.0
1789003691.9657867,27.359073877334595,21.0353297,105.86868349999999,-8.611,-0.8783431693212921,3.4222775063178337,590262.5680443065,2326303.302413945,-4.960615220014006,1.4501944977091625,1,1,4.0,4.0,1,2,1,2,WP1->WP2,1,0.8073928784726739,-0.8073928783447075,3.438621051797005,0.35729429460474915,utm,0,0.0,0.0,0,0.0
1789003692.06737,27.460657119750977,21.0353303,105.86868299999999,-8.626,-0.930316137727892,3.488707998167928,590262.5157262399,2326303.3685407955,-5.02541535301134,1.396241896552965,1,1,4.0,4.0,1,2,1,2,WP1->WP2,1,0.79212781764618,-0.7921278177585048,3.5215482389278576,0.3659109494739997,utm,0,0.0,0.0,0,0.0
1789003692.1658914,27.559178590774536,21.0353311,105.86868249999999,-8.628,-0.9822891061344919,3.577281987536149,590262.4632876969,2326303.456804188,-5.112342121545225,1.3416162233334035,1,1,4.0,4.0,1,2,1,2,WP1->WP2,1,0.787121522386787,-0.7871215223131274,3.6240917137989848,0.3765658596744861,utm,0,0.0,0.0,0,0.0
1789003692.2838151,27.6771023273468,21.0353317,105.8686819,-8.65,-1.0446566676315476,3.6437124793862434,590262.4005783054,2326303.522874484,-5.176826301030815,1.277276947745122,1,1,4.0,4.0,1,2,1,2,WP1->WP2,1,0.762648192961158,-0.7626481930087168,3.71183456502817,0.3856828922478073,utm,0,0.0,0.0,0,0.0
1789003692.366805,27.76009225845337,21.0353323,105.86868129999999,-8.684,-1.1070242306057638,3.7101429712363374,590262.3378689141,2326303.58894478,-5.2413104814477265,1.2129376725060865,1,1,4.0,4.0,1,2,1,2,WP1->WP2,1,0.738174864280206,-0.7381748642309416,3.799577416505284,0.39479992484688975,utm,0,0.0,0.0,0,0.0
1789003692.463002,27.85628914833069,21.0353328,105.86868079999999,-8.699,-1.1589971990123638,3.7655017143273684,590262.2856110884,2326303.6440033605,-5.295047298073769,1.1593216100009158,1,1,4.0,4.0,1,2,1,2,WP1->WP2,1,0.7177804239143714,-0.7177804238762973,3.8726964593351783,0.4023974520057574,utm,0,0.0,0.0,0,0.0
1789003692.5711124,27.964399576187134,21.035333599999998,105.8686803,-8.729,-1.2109701674189637,3.8540757033434465,590262.2331725461,2326303.732266753,-5.381974066141993,1.1046959374798462,1,1,4.0,4.0,1,2,1,2,WP1->WP2,1,0.7127741289512608,-0.7127741290481082,3.9752399338792435,0.41305236217226,utm,0,0.0,0.0,0,0.0
1789003692.6712608,28.064548015594482,21.035334199999998,105.8686798,-8.759,-1.2629431358255636,3.920506195193541,590262.1808544822,2326303.7983936043,-5.446774200536311,1.050743339001201,1,1,4.0,4.0,1,2,1,2,WP1->WP2,1,0.6975090712599559,-0.6975090712638768,4.0581671205792755,0.4216690169967456,utm,0,0.0,0.0,0,0.0
1789003692.7691395,28.162426710128784,21.035334799999998,105.8686791,-8.809,-1.3357052918902357,3.986936687043635,590262.1077537672,2326303.864407347,-5.510942427441478,0.9760173903778195,1,1,4.0,4.0,1,2,1,2,WP1->WP2,1,0.6638274753294221,-0.6638274752326229,4.150725636432537,0.4312864273287655,utm,0,0.0,0.0,0,0.0
1789003692.8712537,28.264540910720825,21.0353355,105.8686785,-8.826,-1.3980728533872913,4.064438927652793,590262.0449841409,2326303.941545915,-5.586489925626665,0.911341582192108,1,1,4.0,4.0,1,2,1,2,WP1->WP2,1,0.644483532124971,-0.6444835320206495,4.2482766307194675,0.44142258748329194,utm,0,0.0,0.0,0,0.0
1789003692.9643793,28.357666492462158,21.0353361,105.86867799999999,-8.831,-1.4500458232710518,4.130869419502887,590261.9926660771,2326304.007672767,-5.6512900604866445,0.857388983713463,1,1,4.0,4.0,1,2,1,2,WP1->WP2,1,0.6292184748451252,-0.6292184747753651,4.331203818187908,0.45003924238761994,utm,0,0.0,0.0,0,0.0
1789003693.0765705,28.469857692718506,21.0353367,105.8686774,-8.865,-1.5124133847681074,4.197299911352982,590261.9299566894,2326304.073743065,-5.715774241834879,0.7930497119668871,1,1,4.0,4.0,1,2,1,2,WP1->WP2,1,0.604745149801374,-0.6047451497376555,4.418946669264089,0.45915627494504296,utm,0,0.0,0.0,0,0.0
1789003693.1648166,28.558103799819946,21.0353373,105.86867679999999,-8.906,-1.574780947742324,4.263730403203075,590261.8672473021,2326304.139813362,-5.780258423183113,0.7287104405695572,1,1,4.0,4.0,1,2,1,2,WP1->WP2,1,0.5802718248604875,-0.5802718248933634,4.506689519710768,0.4682733074370569,utm,0,0.0,0.0,0,0.0
1789003693.274665,28.667952299118042,21.0353379,105.86867629999999,-8.908,-1.626753916148924,4.33016089505317,590261.8149292408,2326304.2059402145,-5.8450585580430925,0.6747578447684646,1,1,4.0,4.0,1,2,1,2,WP1->WP2,1,0.5650067699834659,-0.5650067699111032,4.589616705979981,0.4768899622167776,utm,0,0.0,0.0,0,0.0
1789003693.3587554,28.752042531967163,21.0353386,105.8686757,-8.929,-1.6891214776459795,4.407663135662328,590261.7521596174,2326304.283078784,-5.920606058090925,0.6100820392603055,1,1,4.0,4.0,1,2,1,2,WP1->WP2,1,0.5456628300047569,-0.5456628300400478,4.6871677006044985,0.48702612240638155,utm,0,0.0,0.0,0,0.0
1789003693.4658122,28.85909938812256,21.035339099999998,105.86867509999999,-8.98,-1.7514890406201955,4.463021878753358,590261.6895104689,2326304.3380808113,-5.9740269226022065,0.5460793045349419,1,1,4.0,4.0,1,2,1,2,WP1->WP2,1,0.5160601234302996,-0.5160601235757492,4.7651024077314075,0.4951240272899641,utm,0,0.0,0.0,0,0.0
1789003693.565631,28.95891809463501,21.035339699999998,105.8686745,-8.998,-1.8138566021172513,4.529452370603453,590261.6268010848,2326304.4041511104,-6.038511105347425,0.48174003639724106,1,1,4.0,4.0,1,2,1,2,WP1->WP2,1,0.49158680234465535,-0.49158680248383474,4.852845258297633,0.5042410597943996,utm,0,0.0,0.0,0,0.0
1789003693.6685681,29.06185531616211,21.035340299999998,105.86867389999999,-9.013,-1.876224165091468,4.595882862453547,590261.5640916987,2326304.470221409,-6.102995287626982,0.4174007661640644,1,1,4.0,4.0,1,2,1,2,WP1->WP2,1,0.46711347927995767,-0.46711347932231373,4.9405881094335875,0.5133580923580334,utm,0,0.0,0.0,0,0.0
1789003693.7637186,29.157005786895752,21.035341,105.8686733,-9.022,-1.9385917265885233,4.673385103062705,590261.5013220772,2326304.54735998,-6.178542789071798,0.3527249626349658,1,1,4.0,4.0,1,2,1,2,WP1->WP2,1,0.4477695418069376,-0.4477695418540827,5.038139104365807,0.5234942525796095,utm,0,0.0,0.0,0,0.0
1789003693.8646533,29.257940530776978,21.035341499999998,105.8686726,-9.056,-2.0113538826531956,4.728743846153735,590261.4282816052,2326304.6023054537,-6.231647700536996,0.2783355548745021,1,1,4.0,4.0,1,2,1,2,WP1->WP2,1,0.4089585684066695,-0.40895856844490014,5.120889475705332,0.5320925351791375,utm,0,0.0,0.0,0,0.0
1789003693.9627643,29.356051445007324,21.035342099999998,105.86867199999999,-9.078,-2.073721445627412,4.79517433800383,590261.365572222,2326304.668375754,-6.296131884679198,0.21399628755170852,1,1,4.0,4.0,1,2,1,2,WP1->WP2,1,0.3844852483619843,-0.38448524850912125,5.208632326712904,0.5412095677294316,utm,0,0.0,0.0,0,0.0
1789003694.0648932,29.45818042755127,21.035342699999998,105.8686714,-9.086,-2.1360890071244674,4.861604829853924,590261.3028628392,2326304.734446054,-6.360616068355739,0.14965702057816088,1,1,4.0,4.0,1,2,1,2,WP1->WP2,1,0.3600119288439347,-0.3600119288819367,5.2963751775569445,0.5503266002627338,utm,0,0.0,0.0,0,0.0
1789003694.1629214,29.556208610534668,21.035343299999997,105.8686707,-9.1,-2.208851163189139,4.9280353217040185,590261.2297621318,2326304.8004598,-6.4247842989861965,0.07493107952177525,1,1,4.0,4.0,1,2,1,2,WP1->WP2,1,0.3263303411382089,-0.3263303411660436,5.388933692692737,0.5599440105202041,utm,0,0.0,0.0,0,0.0
1789003694.266698,29.659985065460205,21.035343899999997,105.8686702,-9.123,-2.260824131595739,4.994465813554113,590261.1774440751,2326304.866586654,-6.489584436174482,0.02097848814446479,1,1,4.0,4.0,1,2,1,2,WP1->WP2,1,0.31106529093934726,-0.3110652910676731,5.4718608784818805,0.5685606652500427,utm,0,0.0,0.0,0,0.0
1789003694.3697014,29.762988567352295,21.0353444,105.8686694,-9.125,-2.343980880750867,5.049824556997287,590261.0940122819,2326304.9214755762,-6.542373397387564,-0.06379759043920785,1,1,4.0,4.0,1,2,1,2,WP1->WP2,1,0.26304605373328077,-0.2630460537582426,5.559426915055622,0.5776593256716667,utm,0,0.0,0.0,0,0.0
1789003694.4648151,29.858102321624756,21.0353449,105.8686688,-9.145,-2.4063484437250833,5.105183300088317,590261.0313631393,2326304.9764776058,-6.595794264227152,-0.12780031922739,1,1,4.0,4.0,1,2,1,2,WP1->WP2,1,0.2334433536226195,-0.2334433536302517,5.637361621459798,0.5857572304801527,utm,0,0.0,0.0,0,0.0
1789003694.5626645,29.955951690673828,21.0353455,105.8686682,-9.145,-2.468716005222139,5.1716137919384115,590260.968653759,2326305.0425479077,-6.660278450231999,-0.19213958375621587,1,1,4.0,4.0,1,2,1,2,WP1->WP2,1,0.2089700371245824,-0.20897003713825604,5.725104472750447,0.5948742630598604,utm,0,0.0,0.0,0,0.0
1789003694.6677022,30.060989379882812,21.035346099999998,105.8686676,-9.141,-2.5310835681963555,5.238044283788506,590260.9059443793,2326305.1086182087,-6.724762634839863,-0.2564788475865498,1,1,4.0,4.0,1,2,1,2,WP1->WP2,1,0.18449672083227475,-0.18449672072450157,5.812847322945627,0.6039912955257419,utm,0,0.0,0.0,0,0.0
1789003694.76303,30.156317234039307,21.035346699999998,105.868667,-9.161,-2.5934511296934106,5.3044747756386,590260.8432349999,2326305.1746885097,-6.789246819913387,-0.3208181111840531,1,1,4.0,4.0,1,2,1,2,WP1->WP2,1,0.1600234047456965,-0.16002340461934111,5.9005901729772745,0.6131083279746314,utm,0,0.0,0.0,0,0.0
1789003694.8665783,30.259865522384644,21.0353472,105.8686664,-9.181,-2.6558186926676273,5.359833519433917,590260.7805858591,2326305.2296905415,-6.842667689081281,-0.38482083834242076,1,1,4.0,4.0,1,2,1,2,WP1->WP2,1,0.1304207071284123,-0.13042070712452755,5.978524880621091,0.6212062329119239,utm,0,0.0,0.0,0,0.0
1789003694.9643545,30.35764169692993,21.0353478,105.8686658,-9.174,-2.7181862541646833,5.426264011284012,590260.7178764808,2326305.2957608434,-6.907151875086129,-0.44916010089218616,1,1,4.0,4.0,1,2,1,2,WP1->WP2,1,0.10594739250656397,-0.10594739238123206,6.066267730985064,0.6303232653953441,utm,0,0.0,0.0,0,0.0
1789003695.0657425,30.45902967453003,21.0353484,105.8686652,-9.165,-2.780553817138899,5.492694503134106,590260.6551671029,2326305.361831146,-6.971636061090976,-0.5134993629762903,1,1,4.0,4.0,1,2,1,2,WP1->WP2,1,0.08147407839903922,-0.08147407826743716,6.154010581542455,0.6394402978988616,utm,0,0.0,0.0,0,0.0
1789003695.1575286,30.55081582069397,21.035348799999998,105.86866459999999,-9.184,-2.8429213801131152,5.536981497466074,590260.5925782,2326305.4057649067,-7.013993612956256,-0.5771655542775989,1,1,4.0,4.0,1,2,1,2,WP1->WP2,1,0.04674199790149575,-0.04674199799648103,6.222137145425154,0.6465190751818639,utm,0,0.0,0.0,0,0.0
1789003695.276341,30.669628143310547,21.035349399999998,105.868664,-9.198,-2.905288941610171,5.603411989316167,590260.5298688244,2326305.471835209,-7.078477798961103,-0.6415048141498119,1,1,4.0,4.0,1,2,1,2,WP1->WP2,1,0.0222686857730245,-0.022268685837115745,6.309879994946848,0.6556361075777661,utm,0,0.0,0.0,0,0.0
1789003695.3688366,30.762123823165894,21.035349999999998,105.86866339999999,-9.222,-2.9676565045843875,5.6698424811662615,590260.4671594467,2326305.537905512,-7.142961985897273,-0.7058440761175007,1,1,4.0,4.0,1,2,1,2,WP1->WP2,1,0.00220462791072948,0.0022046279557732897,6.397622845861188,0.6647531401183729,utm,0,0.0,0.0,0,0.0
1789003695.4677207,30.861007928848267,21.035350599999997,105.86866289999999,-9.202,-3.0196294729909874,5.736272973016356,590260.4148413953,2326305.604032369,-7.207762126345187,-0.7597966621397063,1,1,4.0,4.0,1,2,1,2,WP1->WP2,1,0.017469672069565973,0.017469672014118805,6.480550031611611,0.6733697948441881,utm,0,0.0,0.0,0,0.0
1789003695.5678055,30.961092710494995,21.0353511,105.86866219999999,-9.223,-3.0923916290556592,5.79163171645953,590260.341800933,2326305.6589778475,-7.260867042932659,-0.8341860603541136,1,1,4.0,4.0,1,2,1,2,WP1->WP2,1,0.05628063453360765,0.056280634487074765,6.5633004029528275,0.6819680774438918,utm,0,0.0,0.0,0,0.0
1789003695.6647048,31.057991981506348,21.0353517,105.8686616,-9.253,-3.1547591905527153,5.858062208309624,590260.2790915594,2326305.7250481513,-7.325351230800152,-0.8985253182472661,1,1,4.0,4.0,1,2,1,2,WP1->WP2,1,0.08075394415638994,0.08075394424361594,6.651043252782223,0.6910851098717661,utm,0,0.0,0.0,0,0.0
1789003695.7636395,31.15692663192749,21.0353522,105.86866099999999,-9.235,-3.217126753526931,5.9134209514006555,590260.2164424212,2326305.780050184,-7.3787721008993685,-0.9625280428444967,1,1,4.0,4.0,1,2,1,2,WP1->WP2,1,0.11035663895939103,0.11035663893645836,6.72897795999522,0.6991830147642936,utm,0,0.0,0.0,0,0.0
1789003695.866616,31.25990319252014,21.0353528,105.86866049999999,-9.247,-3.269099721933531,5.97985144325075,590260.1641243716,2326305.846177042,-7.443572242278606,-1.0164806271204725,1,1,4.0,4.0,1,2,1,2,WP1->WP2,1,0.12562168113917405,0.12562168101575052,6.811905145750905,0.7077996694906556,utm,0,0.0,0.0,0,0.0
1789003695.961421,31.354708194732666,21.035353399999998,105.86865999999999,-9.265,-3.321072690340131,6.046281935100843,590260.1118063238,2326305.912303899,-7.50837238272652,-1.0704332097666338,1,1,4.0,4.0,1,2,1,2,WP1->WP2,1,0.14088672195709195,0.14088672198815463,6.894832329866019,0.716416324046552,utm,0,0.0,0.0,0,0.0
1789003696.0596175,31.45290470123291,21.0353539,105.8686594,-9.274,-3.383440251837187,6.101640678544018,590260.0491571883,2326305.9673059336,-7.561793254688382,-1.1344359315698966,1,1,4.0,4.0,1,2,1,2,WP1->WP2,1,0.17048941341917442,0.1704894134429429,6.9727670374711135,0.724514228979821,utm,0,0.0,0.0,0,0.0
1789003696.1674337,31.560720920562744,21.0353545,105.86865879999999,-9.288,-3.445807814811403,6.168071170394112,590259.9864478156,2326306.033376238,-7.626277443021536,-1.198775188648142,1,1,4.0,4.0,1,2,1,2,WP1->WP2,1,0.19496272221903893,0.19496272215852495,7.060509887275885,0.7336312614051367,utm,0,0.0,0.0,0,0.0
1789003696.2765503,31.669837474822998,21.035355,105.86865829999999,-9.292,-3.497780783218003,6.223429913485143,590259.9341900052,2326306.0884348247,-7.680014266632497,-1.2523912359029055,1,1,4.0,4.0,1,2,1,2,WP1->WP2,1,0.2153571458143514,0.2153571458824475,7.133628928670841,0.7412287884149051,utm,0,0.0,0.0,0,0.0
1789003696.3667219,31.760009050369263,21.0353556,105.8686577,-9.297,-3.560148344715059,6.289860405335237,590259.8714806334,2326306.1545051294,-7.744498455431312,-1.3167304919334128,1,1,4.0,4.0,1,2,1,2,WP1->WP2,1,0.23983045367612152,0.23983045355707042,7.22137177845099,0.7503458208376623,utm,0,0.0,0.0,0,0.0
1789003696.4678147,31.861101865768433,21.0353562,105.8686572,-9.311,-3.612121313121659,6.356290897185332,590259.8191625878,2326306.2206319887,-7.809298597741872,-1.370683072367683,1,1,4.0,4.0,1,2,1,2,WP1->WP2,1,0.2550954914740268,0.25509549148483796,7.3042989635877005,0.758962475499709,utm,0,0.0,0.0,0,0.0
1789003696.5613015,31.954588651657104,21.035356699999998,105.86865669999999,-9.322,-3.664094283005419,6.411649640276362,590259.7669047771,2326306.2756905765,-7.863035422284156,-1.4242991198552772,1,1,4.0,4.0,1,2,1,2,WP1->WP2,1,0.27548991496647457,0.27548991497840736,7.3774180059145955,0.7665600026063117,utm,0,0.0,0.0,0,0.0
1789003696.6667993,32.060086488723755,21.035357299999998,105.8686561,-9.336,-3.7264618445024746,6.478080132126457,590259.7041954068,2326306.3417608817,-7.927519611548632,-1.4886383744888008,1,1,4.0,4.0,1,2,1,2,WP1->WP2,1,0.2999632211577854,0.2999632212006122,7.465160855452078,0.7756770350038544,utm,0,0.0,0.0,0,0.0
1789003696.7623396,32.15562677383423,21.0353578,105.8686556,-9.348,-3.778434812909074,6.53343887556963,590259.6519375996,2326306.39681947,-7.981256437022239,-1.5422544186003506,1,1,4.0,4.0,1,2,1,2,WP1->WP2,1,0.32035764142449114,0.3203576413901981,7.538279896555123,0.7832745619832915,utm,0,0.0,0.0,0,0.0
1789003696.8637452,32.25703239440918,21.0353583,105.8686551,-9.349,-3.830407781315674,6.588797618660662,590259.5996797915,2326306.4518780587,-8.034993262495846,-1.595870463643223,1,1,4.0,4.0,1,2,1,2,WP1->WP2,1,0.3407520622055204,0.3407520622875251,7.611398938560218,0.7908720890564573,utm,0,0.0,0.0,0,0.0
1789003696.9577117,32.350998878479004,21.0353589,105.8686546,-9.359,-3.882380749722274,6.655228110510755,590259.5473617464,2326306.5180049175,-8.099793404806405,-1.6498230434954166,1,1,4.0,4.0,1,2,1,2,WP1->WP2,1,0.35601709990056096,0.3560170999190108,7.694326123012919,0.799488743647431,utm,0,0.0,0.0,0,0.0
1789003697.067373,32.460660219192505,21.0353595,105.8686541,-9.366,-3.934353718128874,6.72165860236085,590259.4950437018,2326306.5841317773,-8.164593547582626,-1.703775622881949,1,1,4.0,4.0,1,2,1,2,WP1->WP2,1,0.37128213665750726,0.37128213670295435,7.777253308070496,0.8081053983012553,utm,0,0.0,0.0,0,0.0
1789003697.1617508,32.55503797531128,21.03536,105.8686536,-9.363,-3.9863266865354747,6.7770173458040235,590259.4427858961,2326306.639190366,-8.218330373056233,-1.7573916654800996,1,1,4.0,4.0,1,2,1,2,WP1->WP2,1,0.3916765554717949,0.3916765554401222,7.850372348930875,0.8157029252554778,utm,0,0.0,0.0,0,0.0
1789003697.2787192,32.672006368637085,21.0353605,105.86865309999999,-9.359,-4.038299656419235,6.832376088895055,590259.3905280881,2326306.6942489548,-8.27206719852984,-1.8110077104065567,1,1,4.0,4.0,1,2,1,2,WP1->WP2,1,0.41207097625282424,0.412070976234585,7.923491390881459,0.8233004523229795,utm,0,0.0,0.0,0,0.0
1789003697.3679082,32.76119542121887,21.035360999999998,105.86865259999999,-9.358,-4.090272624825834,6.887734831986085,590259.3382702818,2326306.7493075435,-8.325804024469107,-1.8646237537031993,1,1,4.0,4.0,1,2,1,2,WP1->WP2,1,0.43246539558143554,0.43246539548607704,7.99661043201439,0.830897979305522,utm,0,0.0,0.0,0,0.0
1789003697.4648514,32.85813856124878,21.0353615,105.86865209999999,-9.373,-4.142245593232435,6.94309357542926,590259.2860124757,2326306.804366133,-8.379540850874037,-1.918239796650596,1,1,4.0,4.0,1,2,1,2,WP1->WP2,1,0.45285981417768195,0.45285981409575626,8.069729473861218,0.8384955063622427,utm,0,0.0,0.0,0,0.0
1789003697.5626302,32.95591735839844,21.035362,105.8686517,-9.382,-4.183823967071419,6.9984523185202905,590259.2441459952,2326306.859481275,-8.433593628928065,-1.961469164583832,1,1,4.0,4.0,1,2,1,2,WP1->WP2,1,0.46404596448338753,0.46404596456311087,8.138032849279865,0.8455926554728072,utm,0,0.0,0.0,0,0.0
1789003697.6668181,33.060105323791504,21.035362499999998,105.8686513,-9.385,-4.225402342387563,7.053811061611321,590259.2022795137,2326306.914596418,-8.487646407913417,-2.004698533564806,1,1,4.0,4.0,1,2,1,2,WP1->WP2,1,0.4752321154185934,0.47523211552016525,8.206336226012024,0.8526898047198536,utm,0,0.0,0.0,0,0.0
1789003697.7626448,33.15593194961548,21.035363,105.8686508,-9.392,-4.277375310794162,7.109169805054496,590259.1500217086,2326306.9696550076,-8.541383234318346,-2.0583145756972954,1,1,4.0,4.0,1,2,1,2,WP1->WP2,1,0.4956265333976514,0.495626533306927,8.279455267422769,0.8602873317312626,utm,0,0.0,0.0,0,0.0
1789003697.8593185,33.252605676651,21.035363399999998,105.8686505,-9.399,-4.308559091542691,7.153456799386463,590259.1186067896,2326307.0137584317,-8.584688647184521,-2.090820734621957,1,1,4.0,4.0,1,2,1,2,WP1->WP2,1,0.5027337997578054,0.5027337997207156,8.333134834401712,0.8658649754231742,utm,0,0.0,0.0,0,0.0
1789003697.967752,33.36103916168213,21.0353638,105.86865019999999,-9.413,-4.339742873768379,7.197743794070573,590259.0871918695,2326307.0578618567,-8.627994060982019,-2.123326894827187,1,1,4.0,4.0,1,2,1,2,WP1->WP2,1,0.5098410667474594,0.5098410667270696,8.38681440274868,0.8714426192572321,utm,0,0.0,0.0,0,0.0
1789003698.0657556,33.45904278755188,21.0353642,105.8686498,-9.406,-4.381321247607362,7.2420307887546835,590259.0453856271,2326307.101908729,-8.670983522664756,-2.1662197267869487,1,1,4.0,4.0,1,2,1,2,WP1->WP2,1,0.5261565990981947,0.5261565992135776,8.445309635586076,0.8775206408361019,utm,0,0.0,0.0,0,0.0
1789003698.1633255,33.556612730026245,21.035364599999998,105.86864949999999,-9.409,-4.412505029833051,7.286317783086651,590259.0139707073,2326307.146012153,-8.71428893553093,-2.1987258865265176,1,1,4.0,4.0,1,2,1,2,WP1->WP2,1,0.5332638662935782,0.5332638663474194,8.498989202946596,0.8830982845676616,utm,0,0.0,0.0,0,0.0
1789003698.2876084,33.68089556694031,21.035364899999998,105.8686492,-9.409,-4.4436888105815795,7.319533029011699,590258.9826160246,2326307.1790473075,-8.746531032025814,-2.2308955114567652,1,1,4.0,4.0,1,2,1,2,WP1->WP2,1,0.545500516369221,0.5455005164261981,8.542860628216454,0.8876568008185022,utm,0,0.0,0.0,0,0.0
1789003698.3618007,33.75508785247803,21.0353653,105.86864899999999,-9.423,-4.464477998239651,7.363820023695809,590258.96159243,2326307.223207285,-8.790152397472411,-2.2530149965314195,1,1,4.0,4.0,1,2,1,2,WP1->WP2,1,0.5433995149654697,0.5433995150721858,8.591724530546701,0.8927340667491569,utm,0,0.0,0.0,0,0.0
1789003698.464605,33.85789227485657,21.0353656,105.8686487,-9.415,-4.495661778988179,7.397035269620856,590258.9302377488,2326307.256242439,-8.822394493501633,-2.285184619948268,1,1,4.0,4.0,1,2,1,2,WP1->WP2,1,0.5556361640001535,0.5556361640317631,8.635595954696468,0.8972925828836128,utm,0,0.0,0.0,0,0.0
1789003698.5628116,33.956098794937134,21.0353659,105.8686484,-9.422,-4.5268455597367065,7.430250515545903,590258.8988830664,2326307.2892775936,-8.854636590462178,-2.3173542445292696,1,1,4.0,4.0,1,2,1,2,WP1->WP2,1,0.5678728137672021,0.5678728138019477,8.679467379802796,0.9018510991174616,utm,0,0.0,0.0,0,0.0
1789003698.664558,34.05784511566162,21.0353662,105.8686482,-9.429,-4.547634747394779,7.4634657614709505,590258.8779197088,2326307.3223693003,-8.8871946381405,-2.3391371947946027,1,1,4.0,4.0,1,2,1,2,WP1->WP2,1,0.5709011960789396,0.5709011960469943,8.71852313880801,0.905909237439138,utm,0,0.0,0.0,0,0.0
1789003698.7568228,34.1501100063324,21.0353665,105.868648,-9.423,-4.568423935052851,7.496681007395997,590258.8569563502,2326307.3554610074,-8.919752686750144,-2.3609201461076736,1,1,4.0,4.0,1,2,1,2,WP1->WP2,1,0.5739295790078656,0.5739295791026475,8.757578898769784,0.9099673758602072,utm,0,0.0,0.0,0,0.0
1789003698.867133,34.260420083999634,21.035366699999997,105.8686479,-9.435,-4.578818528143307,7.518824504561981,590258.8464445545,2326307.3775409963,-8.941563369706273,-2.3719798870151863,1,1,4.0,4.0,1,2,1,2,WP1->WP2,1,0.5728790768474159,0.5728790769855344,8.782010849171762,0.9125060087462389,utm,0,0.0,0.0,0,0.0
1789003698.961663,34.354950189590454,21.0353669,105.8686477,-9.427,-4.599607715801379,7.540968002080108,590258.8255414327,2326307.399564433,-8.963058100547642,-2.3934263036353514,1,1,4.0,4.0,1,2,1,2,WP1->WP2,1,0.5810368436070074,0.5810368435250706,8.811258466274472,0.9155450196067468,utm,0,0.0,0.0,0,0.0
1789003699.067823,34.46111011505127,21.0353671,105.86864759999999,-9.421,-4.610002310368994,7.563111499246092,590258.8150296344,2326307.4216444218,-8.98486878350377,-2.404486047104001,1,1,4.0,4.0,1,2,1,2,WP1->WP2,1,0.5799863437342053,0.5799863437738467,8.835690417930188,0.9180836526230498,utm,0,0.0,0.0,0,0.0
1789003699.1634655,34.55675268173218,21.0353673,105.8686475,-9.428,-4.620396903459451,7.585254997116362,590258.8045178388,2326307.443724411,-9.006679466925561,-2.4155457880115137,1,1,4.0,4.0,1,2,1,2,WP1->WP2,1,0.578935841470891,0.5789358414386927,8.860122368743625,0.9206222855518348,utm,0,0.0,0.0,0,0.0
1789003699.2732956,34.66658282279968,21.0353675,105.8686474,-9.438,-4.630791496549906,7.607398493930202,590258.794006042,2326307.4658044,-9.02849014988169,-2.4266055300831795,1,1,4.0,4.0,1,2,1,2,WP1->WP2,1,0.5778853403514005,0.577885340350228,8.884554319690706,0.9231609184945062,utm,0,0.0,0.0,0,0.0
1789003699.3617563,34.755043506622314,21.0353677,105.8686472,-9.451,-4.651580684207978,7.629541991096186,590258.7731029203,2326307.4878278356,-9.04998488072306,-2.4480519465869293,1,1,4.0,4.0,1,2,1,2,WP1->WP2,1,0.58604310709868,0.5860431072229818,8.91380193591599,0.926199929263844,utm,0,0.0,0.0,0,0.0
1789003699.4664783,34.85976552963257,21.0353679,105.86864709999999,-9.445,-4.661975278775595,7.651685488966456,590258.7625911235,2326307.509907825,-9.071795563213527,-2.459111688658595,1,1,4.0,4.0,1,2,1,2,WP1->WP2,1,0.5849926058763247,0.5849926059164755,8.93823388727453,0.9287385622492685,utm,0,0.0,0.0,0,0.0
1789003699.5612051,34.95449233055115,21.035368,105.868647,-9.454,-4.672369871866051,7.662757237021233,590258.7521395633,2326307.5209195428,-9.082542928867042,-2.4698348961537704,1,1,4.0,4.0,1,2,1,2,WP1->WP2,1,0.5890714886780527,0.5890714887356644,8.952857695060107,0.9302580675999534,utm,0,0.0,0.0,0,0.0
1789003699.6583421,35.051629304885864,21.0353682,105.8686469,-9.468,-4.682764464956507,7.684900734891503,590258.7416277665,2326307.542999532,-9.104353612288833,-2.480894638225436,1,1,4.0,4.0,1,2,1,2,WP1->WP2,1,0.5880209873528327,0.588020987429158,8.977289646418647,0.9327967005853781,utm,0,0.0,0.0,0,0.0
1789003699.7632477,35.156534910202026,21.0353683,105.8686469,-9.472,-4.682764464956507,7.695972482946281,590258.7415675299,2326307.554067802,-9.115416928660125,-2.4812311728019267,1,1,4.0,4.0,1,2,1,2,WP1->WP2,1,0.5828916039582498,0.5828916039575863,8.987097788757232,0.9338158280918581,utm,0,0.0,0.0,0,0.0
1789003699.8639522,35.25723934173584,21.0353684,105.8686468,-9.481,-4.693159059524122,7.707044232057487,590258.7311159684,2326307.5650795214,-9.126164295244962,-2.4919543815776706,1,1,4.0,4.0,1,2,1,2,WP1->WP2,1,0.5869704871714365,0.5869704872541627,9.001721598376802,0.9353353336331064,utm,0,0.0,0.0,0,0.0
1789003699.9620044,35.35529160499573,21.0353685,105.8686468,-9.479,-4.693159059524122,7.71811598081655,590258.7310557317,2326307.576147792,-9.137227612547576,-2.4922909162705764,1,1,4.0,4.0,1,2,1,2,WP1->WP2,1,0.581841103673989,0.5818411036674149,9.011529741181358,0.9363544611880036,utm,0,0.0,0.0,0,0.0
1789003700.0673034,35.46059060096741,21.035368599999998,105.8686467,-9.485,-4.703553652614579,7.729187728871327,590258.720604173,2326307.58715951,-9.14797497773543,-2.5030141222523525,1,1,4.0,4.0,1,2,1,2,WP1->WP2,1,0.5859199852290283,0.5859199851493623,9.026153548258302,0.937873966465057,utm,0,0.0,0.0,0,0.0
1789003700.1632292,35.55651640892029,21.0353687,105.8686467,-9.487,-4.703553652614579,7.7402594779825336,590258.7205439364,2326307.5982277803,-9.159038295038044,-2.503350656828843,1,1,4.0,4.0,1,2,1,2,WP1->WP2,1,0.5807906015135393,0.5807906014597496,9.035961691008346,0.9388930940142903,utm,0,0.0,0.0,0,0.0
1789003700.2786503,35.671937465667725,21.0353688,105.8686467,-9.493,-4.703553652614579,7.7513312267415975,590258.7204836997,2326307.609296052,-9.170101613271981,-2.5036871912889183,1,1,4.0,4.0,1,2,1,2,WP1->WP2,1,0.5756612173865915,0.5756612173340543,9.045769834581307,0.9399122216490299,utm,0,0.0,0.0,0,0.0
1789003700.3795292,35.77281641960144,21.035368899999998,105.8686467,-9.497,-4.703553652614579,7.762402975148517,590258.720423463,2326307.6203643214,-9.181164929177612,-2.504023725865409,1,1,4.0,4.0,1,2,1,2,WP1->WP2,1,0.5705318340825615,0.570531834080525,9.055577976508433,0.9409313491127568,utm,0,0.0,0.0,0,0.0
1789003700.471484,35.864771127700806,21.035369,105.8686467,-9.504,-4.703553652614579,7.773474723907581,590258.7203632263,2326307.631432593,-9.192228247411549,-2.5043602604418993,1,1,4.0,4.0,1,2,1,2,WP1->WP2,1,0.5654024500584783,0.5654024500576939,9.065386120135905,0.9419504767531602,utm,0,0.0,0.0,0,0.0
1789003700.5596142,35.9529013633728,21.0353691,105.86864659999999,-9.519,-4.713948247182194,7.784546472666644,590258.709911665,2326307.642444311,-9.202975613065064,-2.515083469217643,1,1,4.0,4.0,1,2,1,2,WP1->WP2,1,0.5694813336954359,0.569481333687488,9.080009928878047,0.9434699822032382,utm,0,0.0,0.0,0,0.0
1789003700.6690955,36.06238269805908,21.035369199999998,105.86864659999999,-9.528,-4.713948247182194,7.795618221073565,590258.7098514283,2326307.6535125817,-9.214038930367678,-2.5154200036777183,1,1,4.0,4.0,1,2,1,2,WP1->WP2,1,0.564351949979947,0.5643519499978753,9.089818071628091,0.9444891097524715,utm,0,0.0,0.0,0,0.0
1789003700.7645142,36.157801389694214,21.035369199999998,105.86864659999999,-9.547,-4.713948247182194,7.795618221073565,590258.7098514283,2326307.6535125817,-9.214038930367678,-2.5154200036777183,1,1,4.0,4.0,1,2,1,2,WP1->WP2,1,0.564351949979947,0.5643519499978753,9.089818071628091,0.9444891097524715,utm,0,0.0,0.0,0,0.0
1789003700.868096,36.261383295059204,21.0353693,105.86864659999999,-9.552,-4.713948247182194,7.806689969832628,590258.7097911916,2326307.6645808523,-9.22510224673897,-2.515756538254209,1,1,4.0,4.0,1,2,1,2,WP1->WP2,1,0.5592225661615933,0.5592225663082634,9.099626214378135,0.9455082373017047,utm,0,0.0,0.0,0,0.0
1789003700.9667027,36.3599898815155,21.0353694,105.86864659999999,-9.562,-4.713948247182194,7.817761718591692,590258.709730955,2326307.6756491237,-9.236165564972907,-2.516093072714284,1,1,4.0,4.0,1,2,1,2,WP1->WP2,1,0.5540931821375102,0.5540931821825681,9.109434357951098,0.9465273649364443,utm,0,0.0,0.0,0,0.0
1789003701.0686755,36.46196269989014,21.035369499999998,105.86864659999999,-9.571,-4.713948247182194,7.828833466998612,590258.7096707183,2326307.686717394,-9.24722888180986,-2.5164296072907746,1,1,4.0,4.0,1,2,1,2,WP1->WP2,1,0.5489637987429274,0.5489637987109963,9.119242500289683,0.9475464924429244,utm,0,0.0,0.0,0,0.0
1789003701.1682343,36.56152153015137,21.0353696,105.8686465,-9.574,-4.72434284027265,7.839905215757676,590258.6992191583,2326307.697729112,-9.257976247463375,-2.5271528146695346,1,1,4.0,4.0,1,2,1,2,WP1->WP2,1,0.5530426813389258,0.5530426812092787,9.133866308432209,0.9490659978306986,utm,0,0.0,0.0,0,0.0
1789003701.2814717,36.67475891113281,21.0353697,105.8686465,-9.58,-4.72434284027265,7.850976964516739,590258.6991589216,2326307.708797383,-9.269039565231651,-2.527489349246025,1,1,4.0,4.0,1,2,1,2,WP1->WP2,1,0.5479132974177074,0.547913297301625,9.143674451593714,0.9500851254226851,utm,0,0.0,0.0,0,0.0
1789003701.3660395,36.759326696395874,21.035369799999998,105.8686465,-9.583,-4.72434284027265,7.862048712923659,590258.6990986849,2326307.719865653,-9.280102881602943,-2.5278258837061003,1,1,4.0,4.0,1,2,1,2,WP1->WP2,1,0.5427839138050832,0.5427839138300533,9.153482593932297,0.951104252929165,utm,0,0.0,0.0,0,0.0
1789003701.461808,36.85509514808655,21.0353699,105.8686465,-9.588,-4.72434284027265,7.873120461682722,590258.6990384483,2326307.730933924,-9.291166199371219,-2.528162418282591,1,1,4.0,4.0,1,2,1,2,WP1->WP2,1,0.5376545298838649,0.5376545299223997,9.163290737093801,0.9521233805211515,utm,0,0.0,0.0,0,0.0
1789003701.5690148,36.9623019695282,21.03537,105.8686465,-9.592,-4.72434284027265,7.884192210441786,590258.6989782116,2326307.742002195,-9.302229516673833,-2.528498952742666,1,1,4.0,4.0,1,2,1,2,WP1->WP2,1,0.5325251460655112,0.5325251460147461,9.173098880255305,0.9531425081131379,utm,0,0.0,0.0,0,0.0
1789003701.670445,37.0637321472168,21.03537,105.8686465,-9.596,-4.72434284027265,7.884192210441786,590258.6989782116,2326307.742002195,-9.302229516673833,-2.528498952742666,1,1,4.0,4.0,1,2,1,2,WP1->WP2,1,0.5325251460655112,0.5325251460147461,9.173098880255305,0.9531425081131379,utm,0,0.0,0.0,0,0.0
1789003701.7675161,37.16080331802368,21.0353702,105.8686465,-9.603,-4.72434284027265,7.90633570760777,590258.6988577383,2326307.7641387368,-9.324356151744723,-2.529172021895647,1,1,4.0,4.0,1,2,1,2,WP1->WP2,1,0.5222663783259391,0.522266378417479,9.192715166166852,0.9551807632543575,utm,0,0.0,0.0,0,0.0
1789003701.8712842,37.26457142829895,21.0353702,105.8686465,-9.607,-4.72434284027265,7.90633570760777,590258.6988577383,2326307.7641387368,-9.324356151744723,-2.529172021895647,1,1,4.0,4.0,1,2,1,2,WP1->WP2,1,0.5222663783259391,0.522266378417479,9.192715166166852,0.9551807632543575,utm,0,0.0,0.0,0,0.0
1789003701.9668605,37.36014771461487,21.0353703,105.8686465,-9.61,-4.72434284027265,7.917407456366833,590258.6987975016,2326307.775207008,-9.335419469047338,-2.5295085563557222,1,1,4.0,4.0,1,2,1,2,WP1->WP2,1,0.5171369945075854,0.5171369945098246,9.202523309328354,0.9561998908463438,utm,0,0.0,0.0,0,0.0
1789003702.0697548,37.46304202079773,21.035370399999998,105.8686465,-9.616,-4.72434284027265,7.928479204773754,590258.698737265,2326307.786275278,-9.346482785884291,-2.5298450909322128,1,1,4.0,4.0,1,2,1,2,WP1->WP2,1,0.5120076111130026,0.5120076110382537,9.212331451666941,0.9572190183528242,utm,0,0.0,0.0,0,0.0
1789003702.1694202,37.56270742416382,21.0353705,105.8686465,-9.625,-4.72434284027265,7.939550953532817,590258.6986770283,2326307.7973435493,-9.357546104118228,-2.530181625392288,1,1,4.0,4.0,1,2,1,2,WP1->WP2,1,0.5068782267680135,0.5068782269125583,9.222139595239902,0.9582381459875636,utm,0,0.0,0.0,0,0.0
1789003702.284394,37.67768120765686,21.0353706,105.86864659999999,-9.627,-4.713948247182194,7.95062270229188,590258.7090081148,2326307.808468372,-9.36892537260428,-2.5201314872829244,1,1,4.0,4.0,1,2,1,2,WP1->WP2,1,0.49254057716480804,0.49254057724077976,9.227132072706485,0.9587568957095839,utm,0,0.0,0.0,0,0.0
1789003702.359111,37.75239825248718,21.0353706,105.86864659999999,-9.632,-4.713948247182194,7.95062270229188,590258.7090081148,2326307.808468372,-9.36892537260428,-2.5201314872829244,1,1,4.0,4.0,1,2,1,2,WP1->WP2,1,0.49254057716480804,0.49254057724077976,9.227132072706485,0.9587568957095839,utm,0,0.0,0.0,0,0.0
1789003702.4712405,37.86452770233154,21.035370699999998,105.8686467,-9.639,-4.703553652614579,7.9616944506988006,590258.7193392027,2326307.819593195,-9.380304641090333,-2.5100813475437462,1,1,4.0,4.0,1,2,1,2,WP1->WP2,1,0.47820292621204924,0.47820292623175953,9.232124549464432,0.9592756453579724,utm,0,0.0,0.0,0,0.0
1789003702.5668652,37.96015238761902,21.0353708,105.8686467,-9.64,-4.703553652614579,7.972766199457864,590258.719278966,2326307.8306614663,-9.39136795885861,-2.510417882236652,1,1,4.0,4.0,1,2,1,2,WP1->WP2,1,0.4730735422908309,0.47307354220892917,9.241932693091906,0.9602947729983761,utm,0,0.0,0.0,0,0.0
1789003702.666834,38.060121297836304,21.0353708,105.8686468,-9.648,-4.693159059524122,7.972766199457864,590258.7296702879,2326307.830718019,-9.391683911439031,-2.500031210714951,1,1,4.0,4.0,1,2,1,2,WP1->WP2,1,0.46386527702030267,0.4638652770373692,9.237117028765004,0.9597943952705558,utm,0,0.0,0.0,0,0.0
1789003702.7634594,38.15674662590027,21.0353709,105.8686469,-9.654,-4.682764464956507,7.9838379482169275,590258.7400013758,2326307.841842842,-9.403063179925084,-2.4899810712086037,1,1,4.0,4.0,1,2,1,2,WP1->WP2,1,0.44952762617040865,0.4495276261312139,9.242109505577462,0.9603131449246083,utm,0,0.0,0.0,0,0.0
1789003702.8645835,38.2578706741333,21.0353709,105.8686469,-9.658,-4.682764464956507,7.9838379482169275,590258.7400013758,2326307.841842842,-9.403063179925084,-2.4899810712086037,1,1,4.0,4.0,1,2,1,2,WP1->WP2,1,0.44952762617040865,0.4495276261312139,9.242109505577462,0.9603131449246083,utm,0,0.0,0.0,0,0.0
1789003702.9617348,38.355021953582764,21.0353709,105.868647,-9.663,-4.672369871866051,7.9838379482169275,590258.7503926989,2326307.8418993945,-9.403379131574184,-2.4795943985227495,1,1,4.0,4.0,1,2,1,2,WP1->WP2,1,0.4403193598589214,0.4403193599310063,9.23729384070546,0.9598127671401486,utm,0,0.0,0.0,0,0.0
1789003703.0659375,38.459224700927734,21.035370999999998,105.86864709999999,-9.673,-4.661975278775595,7.994909696623847,590258.7607237855,2326307.8530242178,-9.414758400525898,-2.4695442602969706,1,1,4.0,4.0,1,2,1,2,WP1->WP2,1,0.4259817099471217,0.4259817099383211,9.24228631852899,0.9603315168992579,utm,0,0.0,0.0,0,0.0
1789003703.1618884,38.55517554283142,21.035370999999998,105.8686472,-9.679,-4.651580684207978,7.994909696623847,590258.7711151086,2326307.853080771,-9.415074352640659,-2.4591575876111165,1,1,4.0,4.0,1,2,1,2,WP1->WP2,1,0.4167734435327697,0.4167734435200733,9.237470654068446,0.9598311391575512,utm,0,0.0,0.0,0,0.0
1789003703.2664437,38.65973091125488,21.0353711,105.8686472,-9.685,-4.651580684207978,8.005981445382911,590258.771054872,2326307.8641490415,-9.426137669943273,-2.459494122187607,1,1,4.0,4.0,1,2,1,2,WP1->WP2,1,0.4116440598172807,0.4116440598304606,9.24727879681849,0.9608502667067845,utm,0,0.0,0.0,0,0.0
1789003703.3678985,38.76118564605713,21.0353711,105.86864729999999,-9.689,-4.641186091117523,8.005981445382911,590258.7814461951,2326307.8642055937,-9.426453621126711,-2.449107449501753,1,1,4.0,4.0,1,2,1,2,WP1->WP2,1,0.4024357938266995,0.4024357938482947,9.242463131535027,0.9603498888795714,utm,0,0.0,0.0,0,0.0
1789003703.4666865,38.859973669052124,21.0353711,105.8686474,-9.699,-4.630791496549906,8.005981445382911,590258.7918375196,2326307.864262147,-9.426769573707134,-2.438720775418915,1,1,4.0,4.0,1,2,1,2,WP1->WP2,1,0.39322752626852353,0.39322752619566864,9.237647466420357,0.959849511069897,utm,0,0.0,0.0,0,0.0
1789003703.5636408,38.95692801475525,21.0353711,105.8686475,-9.699,-4.620396903459451,8.005981445382911,590258.8022288429,2326307.864318699,-9.427085525356233,-2.4283341026166454,1,1,4.0,4.0,1,2,1,2,WP1->WP2,1,0.384019260059901,0.3840192601106386,9.232831801082385,0.95934913323702,utm,0,0.0,0.0,0,0.0
1789003703.6678948,39.06118202209473,21.0353711,105.8686475,-9.701,-4.620396903459451,8.005981445382911,590258.8022288429,2326307.864318699,-9.427085525356233,-2.4283341026166454,1,1,4.0,4.0,1,2,1,2,WP1->WP2,1,0.384019260059901,0.3840192601106386,9.232831801082385,0.95934913323702,utm,0,0.0,0.0,0,0.0
1789003703.7635784,39.15686559677124,21.0353712,105.86864759999999,-9.707,-4.610002310368994,8.017053194141974,590258.8125599279,2326307.8754435224,-9.438464794307947,-2.4182839659042656,1,1,4.0,4.0,1,2,1,2,WP1->WP2,1,0.3696816113947899,0.36968161145519574,9.23782427961455,0.9598678830697609,utm,0,0.0,0.0,0,0.0
1789003703.8667138,39.26000094413757,21.0353712,105.86864759999999,-9.707,-4.610002310368994,8.017053194141974,590258.8125599279,2326307.8754435224,-9.438464794307947,-2.4182839659042656,1,1,4.0,4.0,1,2,1,2,WP1->WP2,1,0.3696816113947899,0.36968161145519574,9.23782427961455,0.9598678830697609,utm,0,0.0,0.0,0,0.0
1789003703.9644365,39.35772371292114,21.0353712,105.86864759999999,-9.706,-4.610002310368994,8.017053194141974,590258.8125599279,2326307.8754435224,-9.438464794307947,-2.4182839659042656,1,1,4.0,4.0,1,2,1,2,WP1->WP2,1,0.3696816113947899,0.36968161145519574,9.23782427961455,0.9598678830697609,utm,0,0.0,0.0,0,0.0
1789003704.0647495,39.45803666114807,21.035371299999998,105.86864759999999,-9.706,-4.610002310368994,8.028124942548894,590258.8124996912,2326307.8865117934,-9.449528112076223,-2.4186205005971715,1,1,4.0,4.0,1,2,1,2,WP1->WP2,1,0.3645522275764362,0.3645522276504063,9.247632422830565,0.9608870106674113,utm,0,0.0,0.0,0,0.0
1789003704.157283,39.550570249557495,21.035371299999998,105.8686477,-9.71,-4.599607715801379,8.028124942548894,590258.8228910157,2326307.8865683456,-9.449844063259661,-2.4082338265143335,1,1,4.0,4.0,1,2,1,2,WP1->WP2,1,0.35534396044203115,0.3553439604338629,9.242816756892978,0.9603866327722307,utm,0,0.0,0.0,0,0.0
1789003704.281198,39.674485206604004,21.035371299999998,105.8686477,-9.706,-4.599607715801379,8.028124942548894,590258.8228910157,2326307.8865683456,-9.449844063259661,-2.4082338265143335,1,1,4.0,4.0,1,2,1,2,WP1->WP2,1,0.35534396044203115,0.3553439604338629,9.242816756892978,0.9603866327722307,utm,0,0.0,0.0,0,0.0
1789003704.3629966,39.7562837600708,21.035371299999998,105.8686477,-9.709,-4.599607715801379,8.028124942548894,590258.8228910157,2326307.8865683456,-9.449844063259661,-2.4082338265143335,1,1,4.0,4.0,1,2,1,2,WP1->WP2,1,0.35534396044203115,0.3553439604338629,9.242816756892978,0.9603866327722307,utm,0,0.0,0.0,0,0.0
1789003704.4648566,39.85814380645752,21.0353714,105.8686477,-9.704,-4.599607715801379,8.039196691307959,590258.822830779,2326307.8976366166,-9.460907381027937,-2.4085703609744087,1,1,4.0,4.0,1,2,1,2,WP1->WP2,1,0.3502145765208128,0.3502145765262086,9.252624900054482,0.9614057603642172,utm,0,0.0,0.0,0,0.0
1789003704.5627475,39.956034660339355,21.0353714,105.86864779999999,-9.704,-4.589213122710922,8.039196691307959,590258.8332221021,2326307.897693169,-9.461223332211375,-2.3981836882885545,1,1,4.0,4.0,1,2,1,2,WP1->WP2,1,0.3410063104150549,0.3410063105440434,9.247809234771019,0.9609053825370041,utm,0,0.0,0.0,0,0.0
1789003704.66421,40.05749726295471,21.0353714,105.86864779999999,-9.706,-4.589213122710922,8.039196691307959,590258.8332221021,2326307.897693169,-9.461223332211375,-2.3981836882885545,1,1,4.0,4.0,1,2,1,2,WP1->WP2,1,0.3410063104150549,0.3410063105440434,9.247809234771019,0.9609053825370041,utm,0,0.0,0.0,0,0.0
1789003704.7615843,40.154871463775635,21.0353715,105.86864779999999,-9.701,-4.589213122710922,8.050268440067022,590258.8331618654,2326307.90876144,-9.472286649979651,-2.3985202229814604,1,1,4.0,4.0,1,2,1,2,WP1->WP2,1,0.33587692681474257,0.33587692673925396,9.257617377987033,0.9619245101346545,utm,0,0.0,0.0,0,0.0
1789003704.8640258,40.25731301307678,21.0353715,105.86864779999999,-9.699,-4.589213122710922,8.050268440067022,590258.8331618654,2326307.90876144,-9.472286649979651,-2.3985202229814604,1,1,4.0,4.0,1,2,1,2,WP1->WP2,1,0.33587692681474257,0.33587692673925396,9.257617377987033,0.9619245101346545,utm,0,0.0,0.0,0,0.0
1789003704.9608297,40.354116916656494,21.035371599999998,105.86864779999999,-9.701,-4.589213122710922,8.061340188473942,590258.8331016286,2326307.9198297104,-9.483349966816604,-2.3988567576743662,1,1,4.0,4.0,1,2,1,2,WP1->WP2,1,0.3307475432021184,0.33074754315250615,9.267425520791587,0.9629436376895517,utm,0,0.0,0.0,0,0.0
1789003705.057644,40.45093107223511,21.035371599999998,105.86864779999999,-9.698,-4.589213122710922,8.061340188473942,590258.8331016286,2326307.9198297104,-9.483349966816604,-2.3988567576743662,1,1,4.0,4.0,1,2,1,2,WP1->WP2,1,0.3307475432021184,0.33074754315250615,9.267425520791587,0.9629436376895517,utm,0,0.0,0.0,0,0.0
1789003705.163484,40.55677127838135,21.0353717,105.86864779999999,-9.697,-4.589213122710922,8.072411937233005,590258.8330413918,2326307.9308979814,-9.49441328458488,-2.3991932922508568,1,1,4.0,4.0,2,3,2,3,WP2->WP3,1,0.30005945526526284,0.3000594552833575,0.369159452997371,0.03267946467502736,utm,0,0.0,0.0,0,0.0
1789003705.2726357,40.66592288017273,21.035371899999998,105.86864779999999,-9.703,-4.589213122710922,8.09455543439899,590258.8329209182,2326307.9530345225,-9.516539918724447,-2.399866361520253,1,1,4.0,4.0,2,3,2,3,WP2->WP3,1,0.281994904768833,0.28199490481495204,0.3563644156237416,0.03154679702024525,utm,0,0.0,0.0,0,0.0
1789003705.369212,40.7624990940094,21.0353718,105.86864779999999,-9.698,-4.589213122710922,8.08348368599207,590258.832981155,2326307.941966252,-9.505476601421833,-2.3995298269437626,1,1,4.0,4.0,2,3,2,3,WP2->WP3,1,0.29102718020631163,0.2910271800491548,0.3627619343105563,0.032113130847636305,utm,0,0.0,0.0,0,0.0
1789003705.4645112,40.8577983379364,21.0353717,105.86864779999999,-9.696,-4.589213122710922,8.072411937233005,590258.8330413918,2326307.9308979814,-9.49441328458488,-2.3991932922508568,1,1,4.0,4.0,2,3,2,3,WP2->WP3,1,0.30005945526526284,0.3000594552833575,0.369159452997371,0.03267946467502736,utm,0,0.0,0.0,0,0.0
1789003705.5605757,40.95386290550232,21.035371899999998,105.8686477,-9.701,-4.599607715801379,8.09455543439899,590258.8225295951,2326307.95297797,-9.516223967075348,-2.4102530342061073,1,1,4.0,4.0,2,3,2,3,WP2->WP3,1,0.2759886654493896,0.27598866535419475,0.36484426716214524,0.03229746724295986,utm,0,0.0,0.0,0,0.0
1789003705.663442,41.05672907829285,21.035371899999998,105.86864759999999,-9.703,-4.610002310368994,8.09455543439899,590258.8121382707,2326307.9529214175,-9.515908015426248,-2.42063970817253,1,1,4.0,4.0,2,3,2,3,WP2->WP3,1,0.26998242458754185,0.2699824247690695,0.37332411947028465,0.03304813753381454,utm,0,0.0,0.0,0,0.0
1789003705.7624464,41.155733585357666,21.035371899999998,105.86864759999999,-9.708,-4.610002310368994,8.09455543439899,590258.8121382707,2326307.9529214175,-9.515908015426248,-2.42063970817253,1,1,4.0,4.0,2,3,2,3,WP2->WP3,1,0.26998242458754185,0.2699824247690695,0.37332411947028465,0.03304813753381454,utm,0,0.0,0.0,0,0.0
1789003705.864361,41.257648229599,21.035371899999998,105.8686475,-9.707,-4.620396903459451,8.09455543439899,590258.8017469489,2326307.9528648653,-9.515592063777149,-2.4310263795778155,1,1,4.0,4.0,2,3,2,3,WP2->WP3,1,0.2639761857822333,0.26397618567562525,0.38180396969652325,0.03379880764037107,utm,0,0.0,0.0,0,0.0
1789003705.9558685,41.34915566444397,21.035372,105.86864759999999,-9.709,-4.610002310368994,8.105627183158052,590258.8120780339,2326307.9639896885,-9.526971333194524,-2.4209762427490205,1,1,4.0,4.0,2,3,2,3,WP2->WP3,1,0.26095014901445585,0.26095014915633935,0.36692660051225523,0.032481803682414476,utm,0,0.0,0.0,0,0.0
1789003706.0657716,41.45905876159668,21.035372,105.86864759999999,-9.711,-4.610002310368994,8.105627183158052,590258.8120780339,2326307.9639896885,-9.526971333194524,-2.4209762427490205,1,1,4.0,4.0,2,3,2,3,WP2->WP3,1,0.26095014901445585,0.26095014915633935,0.36692660051225523,0.032481803682414476,utm,0,0.0,0.0,0,0.0
1789003706.1617832,41.55507040023804,21.035372,105.8686475,-9.71,-4.620396903459451,8.105627183158052,590258.8016867121,2326307.963933136,-9.526655381079763,-2.431362914154306,1,1,4.0,4.0,2,3,2,3,WP2->WP3,1,0.25494391034475467,0.2549439104414225,0.37540645100970854,0.033232473812980015,utm,0,0.0,0.0,0,0.0
1789003706.2782354,41.67152261734009,21.035372,105.86864759999999,-9.713,-4.610002310368994,8.105627183158052,590258.8120780339,2326307.9639896885,-9.526971333194524,-2.4209762427490205,1,1,4.0,4.0,2,3,2,3,WP2->WP3,1,0.26095014901445585,0.26095014915633935,0.36692660051225523,0.032481803682414476,utm,0,0.0,0.0,0,0.0
1789003706.3633556,41.75664281845093,21.035372,105.86864759999999,-9.711,-4.610002310368994,8.105627183158052,590258.8120780339,2326307.9639896885,-9.526971333194524,-2.4209762427490205,1,1,4.0,4.0,2,3,2,3,WP2->WP3,1,0.26095014901445585,0.26095014915633935,0.36692660051225523,0.032481803682414476,utm,0,0.0,0.0,0,0.0
1789003706.4664943,41.85978150367737,21.035372,105.86864759999999,-9.715,-4.610002310368994,8.105627183158052,590258.8120780339,2326307.9639896885,-9.526971333194524,-2.4209762427490205,1,1,4.0,4.0,2,3,2,3,WP2->WP3,1,0.26095014901445585,0.26095014915633935,0.36692660051225523,0.032481803682414476,utm,0,0.0,0.0,0,0.0
1789003706.5627625,41.95604968070984,21.035372,105.86864759999999,-9.717,-4.610002310368994,8.105627183158052,590258.8120780339,2326307.9639896885,-9.526971333194524,-2.4209762427490205,1,1,4.0,4.0,2,3,2,3,WP2->WP3,1,0.26095014901445585,0.26095014915633935,0.36692660051225523,0.032481803682414476,utm,0,0.0,0.0,0,0.0
1789003706.6677315,42.06101870536804,21.035372,105.86864759999999,-9.717,-4.610002310368994,8.105627183158052,590258.8120780339,2326307.9639896885,-9.526971333194524,-2.4209762427490205,1,1,4.0,4.0,2,3,2,3,WP2->WP3,1,0.26095014901445585,0.26095014915633935,0.36692660051225523,0.032481803682414476,utm,0,0.0,0.0,0,0.0
1789003706.7630937,42.15638089179993,21.035372,105.86864759999999,-9.718,-4.610002310368994,8.105627183158052,590258.8120780339,2326307.9639896885,-9.526971333194524,-2.4209762427490205,1,1,4.0,4.0,2,3,2,3,WP2->WP3,1,0.26095014901445585,0.26095014915633935,0.36692660051225523,0.032481803682414476,utm,0,0.0,0.0,0,0.0
1789003706.8599718,42.25325894355774,21.035372,105.86864759999999,-9.722,-4.610002310368994,8.105627183158052,590258.8120780339,2326307.9639896885,-9.526971333194524,-2.4209762427490205,1,1,4.0,4.0,2,3,2,3,WP2->WP3,1,0.26095014901445585,0.26095014915633935,0.36692660051225523,0.032481803682414476,utm,0,0.0,0.0,0,0.0
1789003706.9646692,42.357956409454346,21.035372,105.86864759999999,-9.72,-4.610002310368994,8.105627183158052,590258.8120780339,2326307.9639896885,-9.526971333194524,-2.4209762427490205,1,1,4.0,4.0,2,3,2,3,WP2->WP3,1,0.26095014901445585,0.26095014915633935,0.36692660051225523,0.032481803682414476,utm,0,0.0,0.0,0,0.0
1789003707.0665522,42.45983934402466,21.035372,105.86864759999999,-9.721,-4.610002310368994,8.105627183158052,590258.8120780339,2326307.9639896885,-9.526971333194524,-2.4209762427490205,1,1,4.0,4.0,2,3,2,3,WP2->WP3,1,0.26095014901445585,0.26095014915633935,0.36692660051225523,0.032481803682414476,utm,0,0.0,0.0,0,0.0
1789003707.1658022,42.55908942222595,21.035372,105.86864759999999,-9.721,-4.610002310368994,8.105627183158052,590258.8120780339,2326307.9639896885,-9.526971333194524,-2.4209762427490205,1,1,4.0,4.0,2,3,2,3,WP2->WP3,1,0.26095014901445585,0.26095014915633935,0.36692660051225523,0.032481803682414476,utm,0,0.0,0.0,0,0.0
1789003707.2756941,42.668981313705444,21.035372,105.86864759999999,-9.724,-4.610002310368994,8.105627183158052,590258.8120780339,2326307.9639896885,-9.526971333194524,-2.4209762427490205,1,1,4.0,4.0,2,3,2,3,WP2->WP3,1,0.26095014901445585,0.26095014915633935,0.36692660051225523,0.032481803682414476,utm,0,0.0,0.0,0,0.0
1789003707.3658183,42.75910544395447,21.035372,105.8686475,-9.726,-4.620396903459451,8.105627183158052,590258.8016867121,2326307.963933136,-9.526655381079763,-2.431362914154306,1,1,4.0,4.0,2,3,2,3,WP2->WP3,1,0.25494391034475467,0.2549439104414225,0.37540645100970854,0.033232473812980015,utm,0,0.0,0.0,0,0.0
1789003707.4666336,42.85992074012756,21.0353721,105.8686475,-9.731,-4.620396903459451,8.116698931917115,590258.8016264754,2326307.9750014064,-9.537718697916716,-2.4316994487307966,1,1,4.0,4.0,2,3,2,3,WP2->WP3,1,0.2459116352858034,0.2459116352750235,0.3690089322282619,0.03266613997721177,utm,0,0.0,0.0,0,0.0
1789003707.5646312,42.95791840553284,21.0353721,105.8686475,-9.728,-4.620396903459451,8.116698931917115,590258.8016264754,2326307.9750014064,-9.537718697916716,-2.4316994487307966,1,1,4.0,4.0,2,3,2,3,WP2->WP3,1,0.2459116352858034,0.2459116352750235,0.3690089322282619,0.03266613997721177,utm,0,0.0,0.0,0,0.0
1789003707.6674025,43.06068968772888,21.0353721,105.8686474,-9.733,-4.630791496549906,8.116698931917115,590258.7912351523,2326307.974944854,-9.537402746733278,-2.4420861214166507,1,1,4.0,4.0,2,3,2,3,WP2->WP3,1,0.23990539545222528,0.23990539543573874,0.37748878349545095,0.033416810175917376,utm,0,0.0,0.0,0,0.0
1789003707.7577522,43.151039361953735,21.035372199999998,105.8686474,-9.732,-4.630791496549906,8.127770680324037,590258.7911749155,2326307.986013124,-9.54846606310457,-2.4424226559931412,1,1,4.0,4.0,2,3,2,3,WP2->WP3,1,0.2308731205288814,0.23087312058006343,0.3710912650798509,0.032850476372535325,utm,0,0.0,0.0,0,0.0
1789003707.8686197,43.26190686225891,21.035372199999998,105.8686474,-9.73,-4.630791496549906,8.127770680324037,590258.7911749155,2326307.986013124,-9.54846606310457,-2.4424226559931412,1,1,4.0,4.0,2,3,2,3,WP2->WP3,1,0.2308731205288814,0.23087312058006343,0.3710912650798509,0.032850476372535325,utm,0,0.0,0.0,0,0.0
1789003707.9636521,43.3569393157959,21.035372199999998,105.86864729999999,-9.733,-4.641186091117523,8.127770680324037,590258.7807835911,2326307.9859565715,-9.54815011145547,-2.452809329959564,1,1,4.0,4.0,2,3,2,3,WP2->WP3,1,0.22486688018116846,0.22486688037346558,0.37957111765920504,0.03360114668739901,utm,0,0.0,0.0,0,0.0
1789003708.0666444,43.45993161201477,21.035372199999998,105.86864729999999,-9.733,-4.641186091117523,8.127770680324037,590258.7807835911,2326307.9859565715,-9.54815011145547,-2.452809329959564,1,1,4.0,4.0,2,3,2,3,WP2->WP3,1,0.22486688018116846,0.22486688037346558,0.37957111765920504,0.03360114668739901,utm,0,0.0,0.0,0,0.0
1789003708.1673074,43.56059455871582,21.0353723,105.8686472,-9.729,-4.651580684207978,8.1388424290831,590258.7703320312,2326307.9969682903,-9.558897477574646,-2.4635325372219086,1,1,4.0,4.0,2,3,2,3,WP2->WP3,1,0.2098283647745043,0.20982836492145074,0.3816534499683646,0.03378548303470456,utm,0,0.0,0.0,0,0.0
1789003708.2789547,43.67224192619324,21.0353723,105.86864709999999,-9.731,-4.661975278775595,8.1388424290831,590258.7599407082,2326307.9969117376,-9.558581525925547,-2.4739192097913474,1,1,4.0,4.0,2,3,2,3,WP2->WP3,1,0.2038221255228646,0.20382212552849704,0.3901333014121365,0.03453615324904198,utm,0,0.0,0.0,0,0.0
1789003708.367223,43.760510206222534,21.0353723,105.86864709999999,-9.732,-4.661975278775595,8.1388424290831,590258.7599407082,2326307.9969117376,-9.558581525925547,-2.4739192097913474,1,1,4.0,4.0,2,3,2,3,WP2->WP3,1,0.2038221255228646,0.20382212552849704,0.3901333014121365,0.03453615324904198,utm,0,0.0,0.0,0,0.0
1789003708.473346,43.86663317680359,21.0353724,105.868647,-9.727,-4.672369871866051,8.149914177842163,590258.7494891483,2326308.007923456,-9.569328891579062,-2.4846424171701074,1,1,4.0,4.0,2,3,2,3,WP2->WP3,1,0.18878361056253154,0.1887836104550096,0.3922156339925107,0.03472048962035652,utm,0,0.0,0.0,0,0.0
1789003708.5646617,43.95794892311096,21.0353724,105.8686469,-9.731,-4.682764464956507,8.149914177842163,590258.7390978253,2326308.0078669037,-9.569012939929962,-2.495029089623131,1,1,4.0,4.0,2,3,2,3,WP2->WP3,1,0.18277737079675707,0.18277737068352853,0.40069548516506787,0.035471159810684945,utm,0,0.0,0.0,0,0.0
1789003708.6605797,44.05386686325073,21.0353724,105.8686468,-9.735,-4.693159059524122,8.149914177842163,590258.7287065007,2326308.0078103505,-9.568696987815201,-2.505415763705969,1,1,4.0,4.0,2,3,2,3,WP2->WP3,1,0.1767711309631789,0.1767711307876544,0.4091753381102685,0.03622183015793482,utm,0,0.0,0.0,0,0.0
1789003708.764634,44.15792107582092,21.035372499999998,105.8686467,-9.737,-4.703553652614579,8.160985926249083,590258.7182549423,2326308.0188220683,-9.579444353003055,-2.5161389694549143,1,1,4.0,4.0,2,3,2,3,WP2->WP3,1,0.16173261685599905,0.16173261697414223,0.41125766973164335,0.036406166444354925,utm,0,0.0,0.0,0,0.0
1789003708.8671935,44.260480642318726,21.035372499999998,105.86864659999999,-9.735,-4.713948247182194,8.160985926249083,590258.7078636179,2326308.018765516,-9.579128401353955,-2.526525643421337,1,1,4.0,4.0,2,3,2,3,WP2->WP3,1,0.15572637637267875,0.15572637638901696,0.4197375220397828,0.03715683673520961,utm,0,0.0,0.0,0,0.0
1789003708.9635916,44.35687875747681,21.035372499999998,105.8686465,-9.74,-4.72434284027265,8.160985926249083,590258.6974722948,2326308.0187089634,-9.578812449704856,-2.536912316107191,1,1,4.0,4.0,2,3,2,3,WP2->WP3,1,0.14972013705323534,0.1497201369282596,0.42821737357818657,0.03790750695792422,utm,0,0.0,0.0,0,0.0
1789003709.0686448,44.46193194389343,21.0353726,105.86864639999999,-9.745,-4.734737434840267,8.172057675008146,590258.6870207337,2326308.029720682,-9.589559815824032,-2.5476355246501043,1,1,4.0,4.0,2,3,2,3,WP2->WP3,1,0.13468162068610529,0.13468162079820792,0.43029970683366464,0.03809184338900165,utm,0,0.0,0.0,0,0.0
1789003709.1646502,44.55793738365173,21.0353726,105.8686463,-9.742,-4.7451320279307225,8.172057675008146,590258.676629412,2326308.02966413,-9.589243864640594,-2.5580221959389746,1,1,4.0,4.0,2,3,2,3,WP2->WP3,1,0.1286753818807967,0.12867538177256735,0.4387795569652714,0.03884251348718099,utm,0,0.0,0.0,0,0.0
1789003709.2777944,44.67108154296875,21.0353727,105.8686462,-9.737,-4.755526621021178,8.18312942376721,590258.6661778522,2326308.0406758473,-9.599991228897125,-2.568745403084904,1,1,4.0,4.0,2,3,2,3,WP2->WP3,1,0.11363686763800948,0.1136368675239384,0.44086188999344333,0.03902684989813637,utm,0,0.0,0.0,0,0.0
1789003709.3699508,44.763237953186035,21.0353727,105.868646,-9.74,-4.77631580867925,8.18312942376721,590258.6453952048,2326308.040562743,-9.599359326530248,-2.58951874950435,1,1,4.0,4.0,2,3,2,3,WP2->WP3,1,0.10162438701038727,0.10162438716733205,0.4578215934741398,0.04052819037931946,utm,0,0.0,0.0,0,0.0
1789003709.4690368,44.86232399940491,21.035372799999998,105.86864589999999,-9.737,-4.786710403246866,8.19420117217413,590258.634943645,2326308.0515744607,-9.610106691718102,-2.600241956766695,1,1,4.0,4.0,2,3,2,3,WP2->WP3,1,0.08658587263199267,0.08658587254017566,0.4599039262310969,0.04071252676626583,utm,0,0.0,0.0,0,0.0
1789003709.5582469,44.951534032821655,21.035372799999998,105.8686458,-9.725,-4.797104996337322,8.19420117217413,590258.624552322,2326308.051517908,-9.609790740069002,-2.6106286293361336,1,1,4.0,4.0,2,3,2,3,WP2->WP3,1,0.08057963293402187,0.08057963314722205,0.4683837776748687,0.041463196980603245,utm,0,0.0,0.0,0,0.0
1789003709.6697245,45.06301164627075,21.0353729,105.8686457,-9.728,-4.8074995894277786,8.205272920933194,590258.6141007623,2326308.0625296263,-9.620538105722517,-2.6213518363656476,1,1,4.0,4.0,2,3,2,3,WP2->WP3,1,0.06554111810929618,0.0655411182093419,0.4704661100659793,0.041647533335163425,utm,0,0.0,0.0,0,0.0
1789003709.764441,45.15772819519043,21.0353729,105.8686455,-9.731,-4.82828877708585,8.205272920933194,590258.5933181162,2326308.062416522,-9.619906202424318,-2.6421251816209406,1,1,4.0,4.0,2,3,2,3,WP2->WP3,1,0.053528638509943535,0.05352863859857613,0.4874258125057254,0.04314887372419744,utm,0,0.0,0.0,0,0.0
1789003709.869756,45.26304316520691,21.035373,105.8686455,-9.72,-4.82828877708585,8.216344669692257,590258.5932578795,2326308.0734847924,-9.630969519726932,-2.6424617160810158,1,1,4.0,4.0,2,3,2,3,WP2->WP3,1,0.04449636345099232,0.04449636343217709,0.4810282937242788,0.042582539888429194,utm,0,0.0,0.0,0,0.0
1789003709.965578,45.35886526107788,21.035373,105.86864539999999,-9.722,-4.838683371653467,8.216344669692257,590258.5828665551,2326308.07342824,-9.630653568077832,-2.6528483900474384,1,1,4.0,4.0,2,3,2,3,WP2->WP3,1,0.038490122967672014,0.038490122847051784,0.4895081460324182,0.043333210179283876,utm,0,0.0,0.0,0,0.0
1789003710.0674996,45.46078681945801,21.035373099999997,105.86864519999999,-9.725,-4.8594725593115395,8.227416418099178,590258.5620236711,2326308.0843834057,-9.641084982082248,-2.67395827092696,1,1,4.0,4.0,2,3,2,3,WP2->WP3,1,0.01744536779523337,0.017445367770377546,0.500070330908251,0.04426821684033054,utm,0,0.0,0.0,0,0.0
1789003710.164487,45.55777406692505,21.035373099999997,105.86864519999999,-9.723,-4.8594725593115395,8.227416418099178,590258.5620236711,2326308.0843834057,-9.641084982082248,-2.67395827092696,1,1,4.0,4.0,2,3,2,3,WP2->WP3,1,0.01744536779523337,0.017445367770377546,0.500070330908251,0.04426821684033054,utm,0,0.0,0.0,0,0.0
1789003710.2826567,45.67594385147095,21.035373099999997,105.8686451,-9.722,-4.869867152401994,8.227416418099178,590258.5516323494,2326308.084326853,-9.640769030433148,-2.68434494221583,1,1,4.0,4.0,2,3,2,3,WP2->WP3,1,0.011439129125532133,0.0114391291232644,0.5085501813110725,0.0450188869625189,utm,0,0.0,0.0,0,0.0
1789003710.3618445,45.75513172149658,21.0353732,105.868645,-9.719,-4.88026174549245,8.238488166858241,590258.5411807897,2326308.095338572,-9.651516396552324,-2.6950681493617594,1,1,4.0,4.0,2,3,2,3,WP2->WP3,1,0.0035993862133283454,-0.003599386193143108,0.5106325134309684,0.04520322329307006,utm,0,0.0,0.0,0,0.0
1789003710.461268,45.85455513000488,21.0353732,105.86864489999999,-9.714,-4.890656340060067,8.238488166858241,590258.5307894654,2326308.095282019,-9.651200444437563,-2.7054548230953515,1,1,4.0,4.0,2,3,2,3,WP2->WP3,1,0.009605626493237604,-0.009605626331937284,0.5191123659156907,0.04595389359955656,utm,0,0.0,0.0,0,0.0
1789003710.5646167,45.95790386199951,21.0353732,105.8686448,-9.707,-4.901050933150522,8.238488166858241,590258.5203981424,2326308.095225467,-9.650884492788464,-2.7158414956647903,1,1,4.0,4.0,2,3,2,3,WP2->WP3,1,0.015611865948288353,-0.015611866103418352,0.5275922170882478,0.046704563789884974,utm,0,0.0,0.0,0,0.0
1789003710.666459,46.05974626541138,21.0353733,105.86864469999999,-9.697,-4.911445527718139,8.249559915617304,590258.5099465828,2326308.1062371847,-9.661631858441979,-2.7265647026943043,1,1,4.0,4.0,2,3,2,3,WP2->WP3,1,0.03065038063740668,-0.030650380594967365,0.5296745496559412,0.04688890016007696,utm,0,0.0,0.0,0,0.0
1789003710.76278,46.15606713294983,21.0353733,105.8686446,-9.697,-4.921840120808595,8.249559915617304,590258.4995552597,2326308.1061806325,-9.661315906792879,-2.7369513753801584,1,1,4.0,4.0,2,3,2,3,WP2->WP3,1,0.03665662047098484,-0.036656620434252114,0.5381544009231303,0.04763957035878257,utm,0,0.0,0.0,0,0.0
1789003710.8647647,46.25805187225342,21.0353733,105.8686445,-9.691,-4.932234713899049,8.249559915617304,590258.4891639367,2326308.1061240803,-9.66099995560944,-2.747338047833182,1,1,4.0,4.0,2,3,2,3,WP2->WP3,1,0.042662860236759324,-0.042662860205733184,0.5466342520956874,0.04839024054911099,utm,0,0.0,0.0,0,0.0
1789003710.9618254,46.35511255264282,21.035373399999997,105.8686445,-9.684,-4.932234713899049,8.260631664024224,590258.4891037002,2326308.1171923513,-9.672063273377717,-2.747674582293257,1,1,4.0,4.0,2,3,2,3,WP2->WP3,1,0.05169513580984532,-0.05169513568285594,0.5402367329483941,0.04782390668095654,utm,0,0.0,0.0,0,0.0
1789003711.0664904,46.45977759361267,21.035373399999997,105.8686444,-9.683,-4.942629308466667,8.260631664024224,590258.4787123757,2326308.1171357986,-9.671747321262956,-2.75806125625968,1,1,4.0,4.0,2,3,2,3,WP2->WP3,1,0.057701375711227174,-0.0577013758894538,0.5487165855277483,0.048574576995820226,utm,0,0.0,0.0,0,0.0
1789003711.164238,46.55752515792847,21.035373399999997,105.8686443,-9.679,-4.953023901557122,8.260631664024224,590258.4683210541,2326308.1170792463,-9.671431369613856,-2.7684479274321347,1,1,4.0,4.0,2,3,2,3,WP2->WP3,1,0.06370761489506317,-0.06370761484729066,0.5571964355647231,0.04932524708562238,utm,0,0.0,0.0,0,0.0
1789003711.2733014,46.66658854484558,21.035373399999997,105.86864419999999,-9.673,-4.963418496124739,8.260631664024224,590258.4579297297,2326308.117022694,-9.671115418430418,-2.7788346013985574,1,1,4.0,4.0,2,3,2,3,WP2->WP3,1,0.0697138553783835,-0.06971385543241597,0.5656762878728625,0.05007591737647706,utm,0,0.0,0.0,0,0.0
1789003711.356903,46.75019025802612,21.0353733,105.86864419999999,-9.665,-4.963418496124739,8.249559915617304,590258.4579899663,2326308.105954423,-9.660052100662142,-2.7784980669384822,1,1,4.0,4.0,2,3,2,3,WP2->WP3,1,0.060681579805297495,-0.06068157995529322,0.5720738070201558,0.0506422512446315,utm,0,0.0,0.0,0,0.0
1789003711.4671054,46.860392570495605,21.035373399999997,105.8686439,-9.66,-4.994602276873267,8.260631664024224,590258.4267557607,2326308.1168530365,-9.670167563483119,-2.8099946189904585,1,1,4.0,4.0,2,3,2,3,WP2->WP3,1,0.08773257416157214,-0.08773257398980436,0.5911158419329634,0.05232792799548032,utm,0,0.0,0.0,0,0.0
1789003711.561517,46.95480418205261,21.0353736,105.86864349999999,-9.651,-5.03618065218941,8.282775161542352,590258.3850699943,2326308.1387633686,-9.69103039149195,-2.8522143793525174,1,1,4.0,4.0,2,3,2,3,WP2->WP3,1,0.12982208399231462,-0.12982208401875986,0.6122402099119855,0.05419794116065219,utm,0,0.0,0.0,0,0.0
1789003711.6647093,47.05799651145935,21.0353738,105.8686433,-9.643,-5.056969838370322,8.304918658708335,590258.3641668754,2326308.1607868057,-9.712525123730302,-2.8736607930622995,1,1,4.0,4.0,2,3,2,3,WP2->WP3,1,0.15989911415590083,-0.15989911400183268,0.6164048740444644,0.05456661381225478,utm,0,0.0,0.0,0,0.0
1789003711.7635167,47.15680384635925,21.035373999999997,105.86864299999999,-9.642,-5.08815362059601,8.32706215587432,590258.3328724322,2326308.1827536896,-9.73370390292257,-2.9054938805056736,1,1,4.0,4.0,2,3,2,3,WP2->WP3,1,0.19598238370673404,-0.19598238374517235,0.6290493909328803,0.055685956794352856,utm,0,0.0,0.0,0,0.0
1789003711.8658488,47.25913596153259,21.0353741,105.8686427,-9.636,-5.119337401344539,8.338133904633382,590258.3016382268,2326308.1936523034,-9.743819366209209,-2.9369904323248193,1,1,4.0,4.0,2,3,2,3,WP2->WP3,1,0.2230333780630087,-0.22303337802260348,0.6480914253852097,0.0573716335044383,utm,0,0.0,0.0,0,0.0
1789003711.9633536,47.35664081573486,21.0353742,105.8686424,-9.635,-5.150521182093066,8.349205653392445,590258.2704040202,2326308.2045509177,-9.753934829030186,-2.968486985540949,1,1,4.0,4.0,2,3,2,3,WP2->WP3,1,0.25008437358316027,-0.25008437342440265,0.6671334606072745,0.059057310282663804,utm,0,0.0,0.0,0,0.0
1789003712.0674646,47.46075177192688,21.0353744,105.868642,-9.634,-5.19209955740921,8.37134915055843,590258.2287182542,2326308.2264612503,-9.774797658436,-3.010706745320931,1,1,4.0,4.0,2,3,2,3,WP2->WP3,1,0.2921738835495101,-0.2921738835606708,0.6882578279365544,0.060927323390317915,utm,0,0.0,0.0,0,0.0
1789003712.1638207,47.55710792541504,21.0353745,105.8686417,-9.625,-5.223283338157739,8.382420899317493,590258.197484049,2326308.2373598646,-9.784913121722639,-3.0422032971400768,1,1,4.0,4.0,2,3,2,3,WP2->WP3,1,0.31922487804139216,-0.31922487814882566,0.7072998620230373,0.06261300006801716,utm,0,0.0,0.0,0,0.0
1789003712.267527,47.66081428527832,21.0353746,105.8686413,-9.623,-5.264861713473882,8.393492648076556,590258.1558585196,2326308.2482019262,-9.794712633360177,-3.084086522576399,1,1,4.0,4.0,2,3,2,3,WP2->WP3,1,0.35228211281318345,-0.3522821128079711,0.7348217484996102,0.0650493470438257,utm,0,0.0,0.0,0,0.0
1789003712.3693514,47.762638568878174,21.0353747,105.868641,-9.636,-5.29604549422241,8.404564396483476,590258.1246243145,2326308.25910054,-9.804828096181154,-3.115583074162714,1,1,4.0,4.0,2,3,2,3,WP2->WP3,1,0.37933310679093074,-0.379333106949795,0.7538637827626758,0.06673502373715677,utm,0,0.0,0.0,0,0.0
1789003712.4676602,47.860947370529175,21.0353749,105.86864059999999,-9.64,-5.337623869538554,8.426707894001604,590258.0829385489,2326308.281010873,-9.82569092605263,-3.157802833709866,1,1,4.0,4.0,2,3,2,3,WP2->WP3,1,0.42142261713580803,-0.4214226172611794,0.7749881495368454,0.0686050367956703,utm,0,0.0,0.0,0,0.0
1789003712.563484,47.9567711353302,21.035375,105.8686402,-9.625,-5.379202243377538,8.437779642408524,590258.041313021,2326308.2918529348,-9.835490437224507,-3.199686057632789,1,1,4.0,4.0,2,3,2,3,WP2->WP3,1,0.45447985087932974,-0.45447985103887695,0.8025100347832044,0.0710413836625754,utm,0,0.0,0.0,0,0.0
1789003712.66882,48.06210708618164,21.035375,105.8686398,-9.629,-5.420780618693683,8.437779642408524,590257.999747728,2326308.2916267267,-9.834226632490754,-3.2412327487254515,1,1,4.0,4.0,2,3,2,3,WP2->WP3,1,0.47850481124191196,-0.4785048114242857,0.8364294396880584,0.07404406444288857,utm,0,0.0,0.0,0,0.0
1789003712.762893,48.15618014335632,21.0353751,105.8686393,-9.646,-5.472753587100282,8.448851391167587,590257.947730876,2326308.302412237,-9.843710193410516,-3.2935026463819668,1,1,4.0,4.0,2,3,2,3,WP2->WP3,1,0.5175682864292198,-0.5175682863407522,0.8724311764162318,0.07723108152749876,utm,0,0.0,0.0,0,0.0
1789003712.865004,48.258291244506836,21.0353752,105.868639,-9.626,-5.50393736784881,8.459923139926651,590257.9164966712,2326308.313310852,-9.853825657162815,-3.324999197735451,1,1,4.0,4.0,2,3,2,3,WP2->WP3,1,0.5446192809211018,-0.5446192811040235,0.891473209947604,0.07891675815605742,utm,0,0.0,0.0,0,0.0
1789003712.9676862,48.3609733581543,21.0353753,105.86863849999999,-9.621,-5.555910337732571,8.470994888333571,590257.8644798179,2326308.324096362,-9.863309218548238,-3.3772690965561196,1,1,4.0,4.0,2,3,2,3,WP2->WP3,1,0.5836827566903482,-0.5836827567663306,0.9274749477167279,0.0821037753328167,utm,0,0.0,0.0,0,0.0
1789003713.0645406,48.45782780647278,21.0353754,105.8686381,-9.624,-5.597488711571554,8.482066637092634,590257.8228542903,2326308.3349384246,-9.873108730651438,-3.4191523203626275,1,1,4.0,4.0,2,3,2,3,WP2->WP3,1,0.6167399910158083,-0.6167399911654756,0.9549968322313936,0.0845401221349494,utm,0,0.0,0.0,0,0.0
1789003713.1575341,48.55082130432129,21.0353755,105.8686377,-9.621,-5.639067086887698,8.493138385851697,590257.7812287613,2326308.3457804876,-9.88290824368596,-3.4610355453332886,1,1,4.0,4.0,2,3,2,3,WP2->WP3,1,0.6497972268836729,-0.6497972266889885,0.9825187175157951,0.08697646900522217,utm,0,0.0,0.0,0,0.0
1789003713.2779863,48.67127346992493,21.0353755,105.86863729999999,-9.628,-5.680645462203843,8.493138385851697,590257.7396634686,2326308.34555428,-9.881644439417869,-3.502582236309536,1,1,4.0,4.0,2,3,2,3,WP2->WP3,1,0.6738221873818625,-0.6738221873173171,1.0164381219601706,0.08997914974477195,utm,0,0.0,0.0,0,0.0
1789003713.371237,48.76452422142029,21.0353755,105.86863679999999,-9.614,-5.732618430610442,8.493138385851697,590257.6877068529,2326308.3452715203,-9.880064683500677,-3.5545155997388065,1,1,4.0,4.0,2,3,2,3,WP2->WP3,1,0.7038533876458266,-0.7038533876493231,1.0588373774824713,0.09373250066627294,utm,0,0.0,0.0,0,0.0
1789003713.4640617,48.857348918914795,21.0353755,105.86863629999999,-9.623,-5.784591399017043,8.493138385851697,590257.6357502386,2326308.3449887605,-9.878484928049147,-3.6064489617710933,1,1,4.0,4.0,2,3,2,3,WP2->WP3,1,0.7338845872600485,-0.7338845872354887,1.1012366319638218,0.09748585149562487,utm,0,0.0,0.0,0,0.0
1789003713.5594633,48.95275044441223,21.0353756,105.8686359,-9.605,-5.826169772856026,8.504210134258619,590257.5941247111,2326308.3558308235,-9.88828444108367,-3.6483321853447706,1,1,4.0,4.0,2,3,2,3,WP2->WP3,1,0.7669418220318397,-0.7669418218775538,1.1287585160180091,0.09992219825699418,utm,0,0.0,0.0,0,0.0
1789003713.6643918,49.05767893791199,21.0353757,105.8686353,-9.608,-5.888537335830242,8.515281883017682,590257.5317165354,2326308.366559784,-9.8974520531483,-3.710988756152801,1,1,4.0,4.0,2,3,2,3,WP2->WP3,1,0.8120115389341486,-0.8120115388649606,1.1732401031304571,0.10385988546215089,utm,0,0.0,0.0,0,0.0
1789003713.7614849,49.15477204322815,21.0353757,105.8686348,-9.61,-5.940510304236842,8.515281883017682,590257.4797599199,2326308.366277025,-9.89587229816243,-3.7629221194656566,1,1,4.0,4.0,2,3,2,3,WP2->WP3,1,0.8420427397800511,-0.8420427398862178,1.2156393580156966,0.10761323632725668,utm,0,0.0,0.0,0,0.0
1789003713.8648577,49.25814485549927,21.0353757,105.8686343,-9.597,-5.992483272643442,8.515281883017682,590257.4278033057,2326308.365994266,-9.8942925427109,-3.8148554814979434,1,1,4.0,4.0,2,3,2,3,WP2->WP3,1,0.8720739399084078,-0.872073939783107,1.2580386121312004,0.11136658712422241,utm,0,0.0,0.0,0,0.0
1789003713.961501,49.354788064956665,21.0353758,105.8686338,-9.602,-6.0444562410500415,8.526353631776745,590257.3757864543,2326308.376779778,-9.903776105493307,-3.867125378572382,1,1,4.0,4.0,2,3,2,3,WP2->WP3,1,0.9111374158132615,-0.9111374158746648,1.2940403473013555,0.11455360407091063,utm,0,0.0,0.0,0,0.0
1789003714.0589633,49.452250480651855,21.0353758,105.86863319999999,-9.604,-6.106823804024258,8.526353631776745,590257.3134385146,2326308.3764404682,-9.901880400720984,-3.9294454156188294,1,1,4.0,4.0,2,3,2,3,WP2->WP3,1,0.9471748586848887,-0.9471748584810221,1.3449194534918263,0.11905762513808969,utm,0,0.0,0.0,0,0.0
1789003714.161354,49.554641246795654,21.0353757,105.86863269999999,-9.598,-6.1587967724308585,8.515281883017682,590257.2615421348,2326308.3650894393,-9.889237329829484,-3.981042245286517,1,1,4.0,4.0,2,3,2,3,WP2->WP3,1,0.9681737851893857,-0.9681737852568373,1.3937162276443527,0.12337730988197224,utm,0,0.0,0.0,0,0.0
1789003714.2834408,49.67672801017761,21.0353756,105.8686321,-9.592,-6.221164333927914,8.504210134258619,590257.1992544334,2326308.353681858,-9.876278306823224,-4.0430257462430745,1,1,4.0,4.0,2,3,2,3,WP2->WP3,1,0.995178950877719,-0.9951789509904893,1.4509928518338537,0.12844766471565694,utm,0,0.0,0.0,0,0.0
1789003714.3667824,49.760069608688354,21.0353756,105.8686316,-9.592,-6.273137302334514,8.504210134258619,590257.1472978179,2326308.3533991002,-9.874698552768677,-4.09495910955593,1,1,4.0,4.0,2,3,2,3,WP2->WP3,1,1.0252101527518909,-1.0252101527688011,1.4933921061766637,0.13220101553274471,utm,0,0.0,0.0,0,0.0
1789003714.4718206,49.8651077747345,21.0353755,105.868631,-9.593,-6.335504865308731,8.493138385851697,590257.085010115,2326308.3419915205,-9.861739531159401,-4.1569426119094715,1,1,4.0,4.0,2,3,2,3,WP2->WP3,1,1.0522153202538431,-1.0522153204516795,1.5506687306881028,0.13727137039492865,utm,0,0.0,0.0,0,0.0
1789003714.564528,49.957815170288086,21.0353754,105.8686304,-9.588,-6.397872426805786,8.482066637092634,590257.0227224121,2326308.3305839403,-9.848780509550124,-4.218926114263013,1,1,4.0,4.0,2,3,2,3,WP2->WP3,1,1.079220487620188,-1.0792204878238343,1.6079453555653884,0.14234172528949876,utm,0,0.0,0.0,0,0.0
1789003714.663572,50.056859254837036,21.0353753,105.8686299,-9.581,-6.449845395212385,8.470994888333571,590256.9708260335,2326308.319232912,-9.836137438658625,-4.2705229428829625,1,1,4.0,4.0,2,3,2,3,WP2->WP3,1,1.100219414435409,-1.1002194143001398,1.6567421285003812,0.1466614099256004,utm,0,0.0,0.0,0,0.0
1789003714.7618325,50.15511965751648,21.0353751,105.8686293,-9.602,-6.512212958186602,8.448851391167587,590256.9085985646,2326308.2967570624,-9.812115101143718,-4.332169913453981,1,1,4.0,4.0,2,3,2,3,WP2->WP3,1,1.1181923092061636,-1.1181923092009622,1.720416273522002,0.1522980987765871,utm,0,0.0,0.0,0,0.0
1789003714.8658803,50.259167432785034,21.0353749,105.8686287,-9.595,-6.574580519683658,8.426707894001604,590256.8463710982,2326308.2742812126,-9.788092762697488,-4.393816881580278,1,1,4.0,4.0,2,3,2,3,WP2->WP3,1,1.1361652022311033,-1.1361652022315765,1.7840904167329368,0.15793478746728465,utm,0,0.0,0.0,0,0.0
1789003714.9571114,50.350398540496826,21.0353747,105.868628,-9.593,-6.647342675748329,8.404564396483476,590256.7737523061,2326308.2517488115,-9.763754474464804,-4.465850524837151,1,1,4.0,4.0,2,3,2,3,WP2->WP3,1,1.1601443372817675,-1.1601443373502114,1.8562444127505318,0.16432214649296792,utm,0,0.0,0.0,0,0.0
1789003715.0671504,50.460437536239624,21.035374299999997,105.8686274,-9.605,-6.709710238722546,8.360277401799367,590256.7116453088,2326308.2071364205,-9.717605501879007,-4.526824428234249,1,1,4.0,4.0,2,3,2,3,WP2->WP3,1,1.1600526825843618,-1.1600526825567639,1.9327135970257379,0.1710915031651579,utm,0,0.0,0.0,0,0.0
1789003715.1597238,50.55301094055176,21.0353741,105.8686267,-9.61,-6.782472394787218,8.338133904633382,590256.6390265162,2326308.1846040203,-9.693267214111984,-4.5988580719567835,1,1,4.0,4.0,2,3,2,3,WP2->WP3,1,1.1840318187310992,-1.184031818703668,2.004867592879431,0.17747886217633194,utm,0,0.0,0.0,0,0.0
1789003715.2708216,50.664108753204346,21.0353738,105.8686262,-9.621,-6.834445363193818,8.304918658708335,590256.5872506073,2326308.1511164526,-9.6584975104779,-4.649781835149042,1,1,4.0,4.0,2,3,2,3,WP2->WP3,1,1.1869661986093247,-1.1869661984631994,2.066459405226045,0.18293121464762685,utm,0,0.0,0.0,0,0.0
1789003715.3687124,50.76199960708618,21.0353735,105.8686256,-9.614,-6.896812924690873,8.271703412783289,590256.525083374,2326308.1175723327,-9.623411855660379,-4.711092272307724,1,1,4.0,4.0,2,3,2,3,WP2->WP3,1,1.1959068189030668,-1.195906818807856,2.1365310698807995,0.1891342374097765,utm,0,0.0,0.0,0,0.0
1789003715.463612,50.85689926147461,21.0353732,105.8686249,-9.636,-6.969575080755545,8.238488166858241,590256.4525248173,2326308.083971663,-9.588010251522064,-4.78278938238509,1,1,4.0,4.0,2,3,2,3,WP2->WP3,1,1.2108536808440062,-1.2108536810200423,2.2150825846359328,0.19608793026734106,utm,0,0.0,0.0,0,0.0
1789003715.5696769,50.96296405792236,21.035372799999998,105.8686244,-9.631,-7.021548049162146,8.19420117217413,590256.4008091416,2326308.039415824,-9.542177231051028,-4.833376614609733,1,1,4.0,4.0,2,3,2,3,WP2->WP3,1,1.204755787341292,-1.2047557872687578,2.283071918874164,0.2021066168497289,utm,0,0.0,0.0,0,0.0
1789003715.667302,51.0605890750885,21.0353724,105.8686238,-9.628,-7.083915612136361,8.149914177842163,590256.3387021425,2326307.994803436,-9.496028261259198,-4.894350519753061,1,1,4.0,4.0,2,3,2,3,WP2->WP3,1,1.2046641356213827,-1.2046641357635297,2.35954110294156,0.2088759735035227,utm,0,0.0,0.0,0,0.0
1789003715.759595,51.15288209915161,21.035372,105.8686232,-9.607,-7.1462831736334165,8.105627183158052,590256.276595143,2326307.950191046,-9.449879289604723,-4.95532442512922,1,1,4.0,4.0,2,3,2,3,WP2->WP3,1,1.20457248304832,-1.2045724829476032,2.43601028837771,0.21564533027848407,utm,0,0.0,0.0,0,0.0
1789003715.8573296,51.250616788864136,21.035371599999998,105.86862269999999,-9.605,-7.198256143517178,8.061340188473942,590256.2248794651,2326307.9056352084,-9.404046269133687,-5.005911659565754,1,1,4.0,4.0,2,3,2,3,WP2->WP3,1,1.198474591359225,-1.1984745912416435,2.503999623871517,0.22166401697202046,utm,0,0.0,0.0,0,0.0
1789003715.963722,51.357009172439575,21.0353712,105.8686221,-9.602,-7.2606237050142335,8.017053194141974,590256.1627724663,2326307.8610228198,-9.357897299341857,-5.066885564359836,1,1,4.0,4.0,2,3,2,3,WP2->WP3,1,1.1983829390573772,-1.1983829391544774,2.5804688079262323,0.2284333736246917,utm,0,0.0,0.0,0,0.0
1789003716.0633616,51.45664882659912,21.0353708,105.86862149999999,-9.593,-7.322991267988449,7.972766199457864,590256.1006654646,2326307.816410431,-9.311748329084367,-5.127859471947886,1,1,4.0,4.0,2,3,2,3,WP2->WP3,1,1.198291288879872,-1.198291288762403,2.6569379943467437,0.23520273048679263,utm,0,0.0,0.0,0,0.0
1789003716.1646147,51.55790185928345,21.035370399999998,105.86862099999999,-9.608,-7.3749642363950505,7.928479204773754,590256.0489497884,2326307.7718545943,-9.265915309544653,-5.178446704638191,1,1,4.0,4.0,2,3,2,3,WP2->WP3,1,1.192193396744446,-1.1921933967964433,2.724927327878644,0.24122141700665323,utm,0,0.0,0.0,0,0.0
1789003716.2758384,51.6691255569458,21.0353699,105.86862049999999,-9.595,-7.426937204801649,7.873120461682722,590255.9972943455,2326307.716230487,-9.209018973167986,-5.228697406244464,1,1,4.0,4.0,2,3,2,3,WP2->WP3,1,1.1770632317422152,-1.1770632316303908,2.799314182936314,0.24780643760522048,utm,0,0.0,0.0,0,0.0
1789003716.3706844,51.76397156715393,21.035369499999998,105.86861999999999,-9.597,-7.4789101732082495,7.828833466998612,590255.9455786673,2326307.67167465,-9.163185954093933,-5.279284640797414,1,1,4.0,4.0,2,3,2,3,WP2->WP3,1,1.1709653407028626,-1.1709653408170932,2.8673035180769557,0.25382512426749326,utm,0,0.0,0.0,0,0.0
1789003716.4634385,51.85672569274902,21.0353691,105.8686194,-9.597,-7.541277734705305,7.784546472666644,590255.8834716671,2326307.627062262,-9.117036984302104,-5.340258547104895,1,1,4.0,4.0,2,3,2,3,WP2->WP3,1,1.1708736900112224,-1.1708736899899024,2.94377270309067,0.26059448100505894,utm,0,0.0,0.0,0,0.0
1789003716.5617023,51.954989433288574,21.035368599999998,105.8686188,-9.592,-7.603645297679522,7.729187728871327,590255.8214248985,2326307.5713816043,-9.059824698138982,-5.40089592395816,1,1,4.0,4.0,2,3,2,3,WP2->WP3,1,1.1617497676844586,-1.1617497676689255,3.026639410412571,0.2679301718905939,utm,0,0.0,0.0,0,0.0
1789003716.667558,52.060845136642456,21.0353682,105.8686183,-9.6,-7.655618266086121,7.684900734891503,590255.7697092195,2326307.526825769,-9.013991679996252,-5.451483159442432,1,1,4.0,4.0,2,3,2,3,WP2->WP3,1,1.155651878390921,-1.155651878465836,3.094628745401992,0.27394885853948003,utm,0,0.0,0.0,0,0.0
1789003716.755439,52.14872622489929,21.0353677,105.8686178,-9.598,-7.707591234492722,7.629541991096186,590255.7180537762,2326307.471201662,-8.957095344550908,-5.5017338612815365,1,1,4.0,4.0,2,3,2,3,WP2->WP3,1,1.1405217139706287,-1.1405217138817225,3.1690156004723424,0.28053387913916983,utm,0,0.0,0.0,0,0.0
1789003716.8644676,52.25775480270386,21.0353672,105.86861719999999,-9.585,-7.769958797466938,7.574183248005156,590255.6560070064,2326307.4155210047,-8.899883058853447,-5.562371239298955,1,1,4.0,4.0,2,3,2,3,WP2->WP3,1,1.1313977924292142,-1.1313977926173098,3.251882308469347,0.2878695700844677,utm,0,0.0,0.0,0,0.0
1789003716.9615722,52.354859352111816,21.0353668,105.86861669999999,-9.608,-7.821931765873538,7.529896253321045,590255.6042913265,2326307.3709651683,-8.854050039779395,-5.612958475714549,1,1,4.0,4.0,2,3,2,3,WP2->WP3,1,1.1252999030678732,-1.125299903199595,3.3198716447582517,0.29388825684838926,utm,0,0.0,0.0,0,0.0
1789003717.0637517,52.45703887939453,21.0353663,105.86861619999999,-9.604,-7.873904734280138,7.474537510230014,590255.5526358822,2326307.315341063,-8.797153705265373,-5.663209178717807,1,1,4.0,4.0,2,3,2,3,WP2->WP3,1,1.1101697403255926,-1.1101697403612965,3.3942584998666456,0.3004732774514468,utm,0,0.0,0.0,0,0.0
1789003717.1615887,52.55487585067749,21.035365799999997,105.86861549999999,-9.582,-7.946666890344809,7.41917876678684,590255.4801977878,2326307.2596038547,-8.739625469315797,-5.734233230934478,1,1,4.0,4.0,2,3,2,3,WP2->WP3,1,1.1070520608099026,-1.1070520609531989,3.48560505954741,0.30855963863232677,utm,0,0.0,0.0,0,0.0
1789003717.2716398,52.66492700576782,21.0353653,105.86861499999999,-9.595,-7.99863985875141,7.363820023695809,590255.4285423426,2326307.203979749,-8.682729135267437,-5.784483934636228,1,1,4.0,4.0,2,3,2,3,WP2->WP3,1,1.0919218986495605,-1.0919218985895263,3.559991915318226,0.3151446592940245,utm,0,0.0,0.0,0,0.0
1789003717.3625574,52.755844593048096,21.0353647,105.86861449999999,-9.595,-8.050612827158009,7.297389531845715,590255.3769471303,2326307.137287373,-8.614769482985139,-5.834398107719608,1,1,4.0,4.0,2,3,2,3,WP2->WP3,1,1.06775946331169,-1.0677594632969762,3.6407762929933405,0.32229601406793784,utm,0,0.0,0.0,0,0.0
1789003717.470763,52.8640501499176,21.0353642,105.8686139,-9.603,-8.112980388655064,7.2420307887546835,590255.3149003595,2326307.081606718,-8.557557199150324,-5.895035486901179,1,1,4.0,4.0,2,3,2,3,WP2->WP3,1,1.0586355440302258,-1.0586355441569066,3.723643000757173,0.32963170499259437,utm,0,0.0,0.0,0,0.0
1789003717.5598469,52.953134059906006,21.0353636,105.8686134,-9.601,-8.164953357061664,7.175600296904589,590255.2633051476,2326307.0149143417,-8.489597547799349,-5.9449496595188975,1,1,4.0,4.0,2,3,2,3,WP2->WP3,1,1.0344731086245513,-1.0344731085931416,3.8044273780537603,0.33678305973299894,utm,0,0.0,0.0,0,0.0
1789003717.6574225,53.05070972442627,21.035363,105.8686127,-9.601,-8.237715513126338,7.109169805054496,590255.1909272854,2326306.948108865,-8.421005996409804,-6.015637181699276,1,1,4.0,4.0,2,3,2,3,WP2->WP3,1,1.0223231581234795,-1.0223231581770984,3.9021714591217536,0.34543575498032136,utm,0,0.0,0.0,0,0.0
1789003717.761153,53.15444016456604,21.035362499999998,105.8686122,-9.588,-8.289688481532938,7.053811061611321,590255.1392718382,2326306.892484761,-8.364109663292766,-6.065887887496501,1,1,4.0,4.0,2,3,2,3,WP2->WP3,1,1.0071929982908912,-1.0071929981016705,3.9765583156876674,0.35202077571240437,utm,0,0.0,0.0,0,0.0
1789003717.8627267,53.25601387023926,21.035361899999998,105.8686116,-9.573,-8.352056044507153,6.9873805697612275,590255.0772852986,2326306.825735835,-8.295834062155336,-6.126188737573102,1,1,4.0,4.0,2,3,2,3,WP2->WP3,1,0.9890368069279717,-0.9890368069819748,4.065822546680644,0.359922800866557,utm,0,0.0,0.0,0,0.0
1789003717.9633968,53.35668396949768,21.0353614,105.868611,-9.594,-8.41442360600421,6.932021826670196,590255.0152385271,2326306.770055181,-8.238621779717505,-6.18682611733675,1,1,4.0,4.0,2,3,2,3,WP2->WP3,1,0.9799128892567155,-0.9799128893843095,4.148689254198623,0.36725849176944964,utm,0,0.0,0.0,0,0.0
1789003718.0696666,53.46295380592346,21.0353607,105.86861049999999,-9.598,-8.466396575887968,6.854519586061039,590254.9637035445,2326306.692294535,-8.159598811529577,-6.236403762944974,1,1,4.0,4.0,2,3,2,3,WP2->WP3,1,0.9467181835832049,-0.9467181837506362,4.235871155790667,0.3749761808337445,utm,0,0.0,0.0,0,0.0
1789003718.1613386,53.55462574958801,21.0353603,105.8686099,-9.607,-8.528764137385025,6.810232591729071,590254.9015965365,2326306.6476821518,-8.11344984639436,-6.297377677052282,1,1,4.0,4.0,2,3,2,3,WP2->WP3,1,0.9466265412816237,-0.9466265411837625,4.312340344337935,0.38174553788411447,utm,0,0.0,0.0,0,0.0
1789003718.2776484,53.67093563079834,21.0353597,105.8686094,-9.609,-8.580737105791625,6.743802099878977,590254.8500013216,2326306.580989777,-8.045490195509046,-6.347291852813214,1,1,4.0,4.0,2,3,2,3,WP2->WP3,1,0.9224641084071143,-0.9224641085184759,4.393124723281307,0.388896892770299,utm,0,0.0,0.0,0,0.0
1789003718.3715312,53.7648184299469,21.035359099999997,105.86860879999999,-9.615,-8.643104668765842,6.677371607676739,590254.7880147797,2326306.5142408526,-7.977214595768601,-6.407592705101706,1,1,4.0,4.0,2,3,2,3,WP2->WP3,1,0.9043079197504761,-0.9043079198904362,4.482388955353276,0.3967989180199683,utm,0,0.0,0.0,0,0.0
1789003718.4634385,53.85672569274902,21.0353586,105.86860829999999,-9.623,-8.69507763717244,6.622012864585709,590254.7363593286,2326306.45861675,-7.9203182640485466,-6.457843414973468,1,1,4.0,4.0,2,3,2,3,WP2->WP3,1,0.8891777633417148,-0.8891777632559158,4.556775814323029,0.4033839389648487,utm,0,0.0,0.0,0,0.0
1789003718.554559,53.94784617424011,21.035358,105.86860779999999,-9.616,-8.747050605579041,6.555582372735614,590254.6847641111,2326306.3919243757,-7.852358614094555,-6.507757593295537,1,1,4.0,4.0,2,3,2,3,WP2->WP3,1,0.8650153325915482,-0.8650153325286412,4.637560195171718,0.4105352940196994,utm,0,0.0,0.0,0,0.0
1789003718.6637917,54.05707883834839,21.0353575,105.8686072,-9.615,-8.809418167076098,6.500223629644584,590254.6227173365,2326306.3362437226,-7.7951463321223855,-6.5683949762023985,1,1,4.0,4.0,2,3,2,3,WP2->WP3,1,0.8558914173158494,-0.8558914174509262,4.720426904607695,0.4178709850923809,utm,0,0.0,0.0,0,0.0
1789003718.7606676,54.15395474433899,21.0353569,105.8686068,-9.625,-8.850996542392242,6.433793137794489,590254.5815134422,2326306.269607899,-7.727502631954849,-6.607922481722198,1,1,4.0,4.0,2,3,2,3,WP2->WP3,1,0.8257227454326204,-0.8257227453024536,4.792731435179423,0.42427167003618493,utm,0,0.0,0.0,0,0.0
1789003718.8640702,54.257357358932495,21.035356399999998,105.8686063,-9.625,-8.90296951079884,6.3784343943513155,590254.5298579896,2326306.2139837956,-7.670606299303472,-6.658173192990944,1,1,4.0,4.0,2,3,2,3,WP2->WP3,1,0.8105925891594665,-0.8105925891708539,4.867118295650604,0.4308566911139778,utm,0,0.0,0.0,0,0.0
1789003718.9649963,54.35828351974487,21.035355799999998,105.8686058,-9.635,-8.95494247920544,6.312003902501221,590254.4782627706,2326306.1472914233,-7.602646650746465,-6.708087372942828,1,1,4.0,4.0,2,3,2,3,WP2->WP3,1,0.7864301607370539,-0.7864301608391364,4.947902676644649,0.438008046181696,utm,0,0.0,0.0,0,0.0
1789003719.067327,54.46061420440674,21.0353553,105.86860519999999,-9.627,-9.017310042179657,6.25664515941019,590254.416215993,2326306.091610771,-7.545434370171279,-6.768724758876488,1,1,4.0,4.0,2,3,2,3,WP2->WP3,1,0.77730624823544,-0.7773062482813723,5.0307693879986255,0.4453437374241664,utm,0,0.0,0.0,0,0.0
1789003719.1614425,54.5547297000885,21.0353547,105.86860469999999,-9.641,-9.069283010586258,6.190214667560095,590254.364620773,2326306.0249183984,-7.477474721614271,-6.818638939759694,1,1,4.0,4.0,2,3,2,3,WP2->WP3,1,0.7531438202593583,-0.7531438201135575,5.111553770020939,0.45249509258291104,utm,0,0.0,0.0,0,0.0
1789003719.2733629,54.66665005683899,21.0353542,105.8686042,-9.636,-9.121255978992858,6.134855924469065,590254.312965319,2326305.9692942966,-7.4205783903598785,-6.868889652425423,1,1,4.0,4.0,2,3,2,3,WP2->WP3,1,0.7380136657998236,-0.7380136659311839,5.185940630814058,0.4590801136892031,utm,0,0.0,0.0,0,0.0
1789003719.368176,54.7614631652832,21.0353536,105.8686037,-9.628,-9.173228947399457,6.06842543261897,590254.2613700995,2326305.9026019243,-7.352618741802871,-6.918803832842968,1,1,4.0,4.0,2,3,2,3,WP2->WP3,1,0.713851237823742,-0.7138512378706814,5.26672501218663,0.46623146879043,utm,0,0.0,0.0,0,0.0
1789003719.4585056,54.85179281234741,21.0353531,105.8686032,-9.632,-9.225201915806059,6.013066689175797,590254.2097146447,2326305.846977822,-7.295722410548478,-6.96905454644002,1,1,4.0,4.0,2,3,2,3,WP2->WP3,1,0.6987210838105383,-0.6987210837844064,5.341111873913388,0.4728164899793715,utm,0,0.0,0.0,0,0.0
1789003719.5618682,54.95515537261963,21.0353525,105.8686027,-9.637,-9.277174884212657,5.946636197325702,590254.1581194232,2326305.78028545,-7.227762762457132,-7.018968728836626,1,1,4.0,4.0,2,3,2,3,WP2->WP3,1,0.6745586571339409,-0.6745586572550942,5.4218962566234845,0.4799678451990015,utm,0,0.0,0.0,0,0.0
1789003719.664722,55.05800914764404,21.0353519,105.8686022,-9.652,-9.329147852619258,5.880205705475608,590254.1065242011,2326305.7135930783,-7.159803114365786,-7.068882911815308,1,1,4.0,4.0,2,3,2,3,WP2->WP3,1,0.6503962309714785,-0.6503962310648003,5.5026806398067425,0.4871192004605176,utm,0,0.0,0.0,0,0.0
1789003719.761445,55.15473222732544,21.0353513,105.86860159999999,-9.632,-9.391515415593473,5.813775213625513,590254.0445376543,2326305.646844157,-7.091527518350631,-7.129183769109659,1,1,4.0,4.0,2,3,2,3,WP2->WP3,1,0.6322400479986174,-0.6322400479342074,5.591944873954747,0.49502122589396585,utm,0,0.0,0.0,0,0.0
1789003719.8648374,55.258124589920044,21.0353507,105.86860109999999,-9.639,-9.443488384000073,5.74734472177542,590253.9929424314,2326305.5801517856,-7.023567870724946,-7.179097952903248,1,1,4.0,4.0,2,3,2,3,WP2->WP3,1,0.6080776224858969,-0.6080776225970667,5.6727292575292125,0.5021725811901132,utm,0,0.0,0.0,0,0.0
1789003719.9641,55.35738706588745,21.0353501,105.8686007,-9.64,-9.485066757839057,5.6809142299253255,590253.9517385339,2326305.513515964,-6.955924172420055,-7.218625461682677,1,1,4.0,4.0,2,3,2,3,WP2->WP3,1,0.5779089541621024,-0.5779089541719306,5.745033789299925,0.5085732662400562,utm,0,0.0,0.0,0,0.0
1789003720.0637338,55.4570209980011,21.0353495,105.8686001,-9.637,-9.547434320813272,5.614483738075231,590253.8897519857,2326305.446767044,-6.887648576870561,-7.278926320490427,1,1,4.0,4.0,2,3,2,3,WP2->WP3,1,0.5597527724209219,-0.5597527726120365,5.834298024041082,0.5164752917260127,utm,0,0.0,0.0,0,0.0
1789003720.162782,55.556069135665894,21.0353489,105.8685996,-9.647,-9.59940728921987,5.548053246225137,590253.8381567615,2326305.380074673,-6.819688929710537,-7.328840505564585,1,1,4.0,4.0,2,3,2,3,WP2->WP3,1,0.5355903484506059,-0.5355903483992634,5.915082408385283,0.5236266470903,utm,0,0.0,0.0,0,0.0
1789003720.27197,55.66525721549988,21.0353483,105.8685991,-9.63,-9.651380257626473,5.481622754375042,590253.786561537,2326305.3133823015,-6.7517292820848525,-7.378754690987989,1,1,4.0,4.0,2,3,2,3,WP2->WP3,1,0.5114279240339588,-0.5114279240113742,5.995866793284597,0.5307780025037282,utm,0,0.0,0.0,0,0.0
1789003720.36411,55.757397174835205,21.0353477,105.8685986,-9.631,-9.703353226033073,5.415192262524948,590253.734966312,2326305.246689931,-6.683769635856152,-7.42866887699347,1,1,4.0,4.0,2,3,2,3,WP2->WP3,1,0.4872655007133848,-0.4872655006517549,6.076651178020005,0.5379293579026468,utm,0,0.0,0.0,0,0.0
1789003720.471528,55.86481523513794,21.0353471,105.8685981,-9.632,-9.755326194439672,5.348761770674854,590253.6833710879,2326305.179997561,-6.615809989627451,-7.478583061951213,1,1,4.0,4.0,2,3,2,3,WP2->WP3,1,0.4631030769464798,-0.46310307712823273,6.1574355617271435,0.545080713210539,utm,0,0.0,0.0,0,0.0
1789003720.5631628,55.95644998550415,21.0353465,105.8685976,-9.63,-9.807299162846272,5.28233127882476,590253.6317758621,2326305.113305191,-6.54785034339875,-7.5284972487716,1,1,4.0,4.0,2,3,2,3,WP2->WP3,1,0.43894065465417537,-0.4389406546217667,6.2382199468537625,0.5522320686440891,utm,0,0.0,0.0,0,0.0
1789003720.6665223,56.05980944633484,21.0353459,105.86859709999999,-9.628,-9.859272132730034,5.215900786622522,590253.5801806345,2326305.0466128206,-6.479890697170049,-7.578411437221803,1,1,4.0,4.0,2,3,2,3,WP2->WP3,1,0.4147782326330858,-0.4147782327538282,6.319004333671072,0.5593834242273059,utm,0,0.0,0.0,0,0.0
1789003720.763659,56.15694618225098,21.0353453,105.86859659999999,-9.626,-9.911245101136632,5.149470294772428,590253.5285854078,2326304.979920451,-6.411931051407009,-7.628325624857098,1,1,4.0,4.0,2,3,2,3,WP2->WP3,1,0.39061581105832727,-0.3906158111683189,6.39978871928353,0.5665347797038645,utm,0,0.0,0.0,0,0.0
1789003720.8660197,56.25930690765381,21.0353447,105.86859609999999,-9.626,-9.963218069543233,5.083039802922333,590253.4769901821,2326304.9132280815,-6.3439714051783085,-7.67823981156107,1,1,4.0,4.0,2,3,2,3,WP2->WP3,1,0.3664533889016302,-0.36645338897257607,6.480573104044303,0.5736861351050284,utm,0,0.0,0.0,0,0.0
1789003720.964608,56.35789513587952,21.0353441,105.86859559999999,-9.62,-10.015191037949833,5.01660931107224,590253.4253949545,2326304.846535712,-6.276011759415269,-7.728154000127688,1,1,4.0,4.0,2,3,2,3,WP2->WP3,1,0.3422909678410065,-0.3422909678616919,6.561357490319182,0.5808374906402272,utm,0,0.0,0.0,0,0.0
1789003721.0698805,56.463167667388916,21.0353435,105.8685951,-9.612,-10.067164006356434,4.950178819222145,590253.3737997266,2326304.779843342,-6.208052113652229,-7.778068188927136,1,1,4.0,4.0,2,3,2,3,WP2->WP3,1,0.318128546712579,-0.3181285465756923,6.642141877149174,0.5879888462245667,utm,0,0.0,0.0,0,0.0
1789003721.167371,56.56065821647644,21.0353429,105.8685946,-9.607,-10.119136974763034,4.883748327372051,590253.3222044982,2326304.7131509734,-6.140092468820512,-7.827982378308661,1,1,4.0,4.0,2,3,2,3,WP2->WP3,1,0.2939661268836359,-0.2939661266964893,6.722926263544048,0.5951402017703878,utm,0,0.0,0.0,0,0.0
1789003721.2690642,56.66235136985779,21.0353423,105.86859419999999,-9.602,-10.160715350079178,4.817317835521957,590253.2810005946,2326304.6465151533,-6.072448771912605,-7.867509893258102,1,1,4.0,4.0,2,3,2,3,WP2->WP3,1,0.2637974631475454,-0.26379746300053,6.795230799516605,0.6015408871922948,utm,0,0.0,0.0,0,0.0
1789003721.3737206,56.76700782775879,21.0353417,105.86859369999999,-9.597,-10.212688318485776,4.750887343671862,590253.2294053667,2326304.5798227848,-6.004489127080888,-7.9174240820575505,1,1,4.0,4.0,2,3,2,3,WP2->WP3,1,0.2396350428044674,-0.23963504285011256,6.876015185532952,0.6086922427046072,utm,0,0.0,0.0,0,0.0
1789003721.4716537,56.864940881729126,21.035341199999998,105.86859319999999,-9.595,-10.264661286892379,4.6955286002286885,590253.1777499042,2326304.5241986867,-5.947592799086124,-7.967674803454429,1,1,4.0,4.0,2,3,2,3,WP2->WP3,1,0.22450489673499116,-0.22450489664562737,6.95040205106448,0.6152772642303621,utm,0,0.0,0.0,0,0.0
1789003721.5731778,56.96646499633789,21.035340599999998,105.8685928,-9.584,-10.30623966073136,4.629098108378594,590253.1365460008,2326304.4575628666,-5.879949102178216,-8.00720231817104,1,1,4.0,4.0,2,3,2,3,WP2->WP3,1,0.1943362329989006,-0.19433623281406115,7.0227065868477725,0.6216779496355146,utm,0,0.0,0.0,0,0.0
1789003721.6745665,57.067853689193726,21.035339999999998,105.8685924,-9.582,-10.347818036047505,4.5626676165285,590253.0953420957,2326304.3909270475,-5.8123054057359695,-8.04672983463388,1,1,4.0,4.0,2,3,2,3,WP2->WP3,1,0.16416757063009801,-0.16416757075660465,7.095011123508114,0.628078635118307,utm,0,0.0,0.0,0,0.0
1789003721.7666256,57.15991282463074,21.035339399999998,105.8685919,-9.57,-10.399791004454105,4.496237124678405,590253.043746865,2326304.32423468,-5.744345762301236,-8.09664402634371,1,1,4.0,4.0,2,3,2,3,WP2->WP3,1,0.14000515299330135,-0.14000515299053085,7.175795511253196,0.6352299907836539,utm,0,0.0,0.0,0,0.0
1789003721.8668213,57.26010847091675,21.0353389,105.8685914,-9.567,-10.451763972860704,4.440878381587375,590252.9920914011,2326304.268610582,-5.687449434772134,-8.146894749021158,1,1,4.0,4.0,2,3,2,3,WP2->WP3,1,0.12487500808770206,-0.12487500797821714,7.250182377649091,0.641815012385926,utm,0,0.0,0.0,0,0.0
1789003721.9676979,57.36098504066467,21.0353383,105.868591,-9.563,-10.49334234817685,4.37444788973728,590252.950887495,2326304.201974763,-5.619805738795549,-8.186422266531736,1,1,4.0,4.0,2,3,2,3,WP2->WP3,1,0.09470634661156167,-0.09470634653099388,7.322486915161119,0.648215697944113,utm,0,0.0,0.0,0,0.0
1789003722.0694587,57.462745904922485,21.0353376,105.8685905,-9.557,-10.545315316583448,4.296945649128123,590252.8993524971,2326304.1242141253,-5.540782778058201,-8.235999927623197,1,1,4.0,4.0,2,3,2,3,WP2->WP3,1,0.061511656379175016,-0.06151165621456937,7.409668824539284,0.6559333876976664,utm,0,0.0,0.0,0,0.0
1789003722.1588693,57.55215644836426,21.0353371,105.86859,-9.563,-10.597288284990048,4.241586906037091,590252.847697032,2326304.0685900287,-5.483886451926082,-8.286250651581213,1,1,4.0,4.0,2,3,2,3,WP2->WP3,1,0.046381512705256325,-0.04638151263734786,7.4840556913390675,0.6625184093356923,utm,0,0.0,0.0,0,0.0
1789003722.2825267,57.67581391334534,21.0353365,105.86858939999999,-9.551,-10.659655847964265,4.175156414186998,590252.7857104725,2326304.001841112,-5.415610859636217,-8.34655152168125,1,1,4.0,4.0,2,3,2,3,WP2->WP3,1,0.02822534065361878,-0.02822534068263069,7.573319933089797,0.6704204354421641,utm,0,0.0,0.0,0,0.0
1789003722.3675148,57.760802030563354,21.0353359,105.86858889999999,-9.556,-10.711628816370865,4.1087259223369035,590252.7341152392,2326303.935148745,-5.347651216201484,-8.396465715952218,1,1,4.0,4.0,2,3,2,3,WP2->WP3,1,0.004062924830441195,-0.004062924786763469,7.654104322645565,0.6775717912678001,utm,0,0.0,0.0,0,0.0
1789003722.4712288,57.86451601982117,21.035335399999997,105.8685885,-9.555,-10.753207190209848,4.05336717889373,590252.6928511013,2326303.879581197,-5.291070837993175,-8.436329763149843,1,1,4.0,4.0,2,3,2,3,WP2->WP3,1,0.017073463400367046,0.017073463584759495,7.72001133685918,0.6834061425903591,utm,0,0.0,0.0,0,0.0
1789003722.5687997,57.96208691596985,21.035334799999998,105.8685879,-9.545,-10.815574753184064,3.986936687043635,590252.6308645403,2326303.812832282,-5.222795247100294,-8.496630634763278,1,1,4.0,4.0,2,3,2,3,WP2->WP3,1,0.03522963363838552,0.03522963359025061,7.809275578931846,0.69130816872533,utm,0,0.0,0.0,0,0.0
1789003722.6678634,58.061150550842285,21.0353343,105.8685874,-9.537,-10.867547721590665,3.931577943952604,590252.5792090734,2326303.757208186,-5.165898921433836,-8.546881360583939,1,1,4.0,4.0,2,3,2,3,WP2->WP3,1,0.050359775120157727,0.0503597753255586,7.88366244670331,0.6978931904493729,utm,0,0.0,0.0,0,0.0
1789003722.7644398,58.157727003097534,21.0353337,105.86858699999999,-9.539,-10.909126096906808,3.86514745210251,590252.5380051644,2326303.6905723684,-5.098255226854235,-8.5864088810049,1,1,4.0,4.0,2,3,2,3,WP2->WP3,1,0.0805284340651332,0.08052843394210753,7.95596698576749,0.7042938761449626,utm,0,0.0,0.0,0,0.0
1789003722.8688197,58.26210689544678,21.0353331,105.8685864,-9.527,-10.971493658403864,3.7987169602524156,590252.4760186047,2326303.623823453,-5.029979635961354,-8.646709751337767,1,1,4.0,4.0,2,3,2,3,WP2->WP3,1,0.0986846045743664,0.09868460469343876,8.045231226799208,0.7121959021877846,utm,0,0.0,0.0,0,0.0
1789003722.9662123,58.35949945449829,21.0353326,105.8685859,-9.525,-11.023466626810464,3.7433582171613846,590252.4243631368,2326303.568199359,-4.97308331169188,-8.696960478206165,1,1,4.0,4.0,2,3,2,3,WP2->WP3,1,0.11381474475665432,0.11381474468293198,8.119618094608713,0.7187809239151951,utm,0,0.0,0.0,0,0.0
1789003723.064554,58.45784115791321,21.035332,105.8685854,-9.523,-11.075439595217063,3.6769277253112906,590252.3727679006,2326303.5015069926,-4.905123669654131,-8.746874675387517,1,1,4.0,4.0,2,3,2,3,WP2->WP3,1,0.13797715825207804,0.1379771581266506,8.200402485987848,0.7259322799022428,utm,0,0.0,0.0,0,0.0
1789003723.1697292,58.563016414642334,21.035331499999998,105.868585,-9.52,-11.11701797053321,3.6215689818681165,590252.3315037577,2326303.4459394463,-4.848543292377144,-8.786738727474585,1,1,4.0,4.0,2,3,2,3,WP2->WP3,1,0.15911354247712073,0.15911354251483778,8.266309503362356,0.7317666315046167,utm,0,0.0,0.0,0,0.0
1789003723.28104,58.67432713508606,21.035331,105.8685845,-9.52,-11.168990938939809,3.5662102387770855,590252.2798482886,2326303.3903153515,-4.7916469681076705,-8.836989455507137,1,1,4.0,4.0,2,3,2,3,WP2->WP3,1,0.17424368221307754,0.17424368220482098,8.340696372389395,0.7383516533398081,utm,0,0.0,0.0,0,0.0
1789003723.373519,58.76680612564087,21.0353304,105.868584,-9.515,-11.220963907346409,3.4997797469269916,590252.2282530528,2326303.323622986,-4.7236873265355825,-8.886903652455658,1,1,4.0,4.0,2,3,2,3,WP2->WP3,1,0.1984060951265628,0.19840609509489693,8.421480762942204,0.7455030092537063,utm,0,0.0,0.0,0,0.0
1789003723.4706602,58.86394739151001,21.0353299,105.86858339999999,-9.514,-11.283331470320626,3.4444210038359606,590252.1662062557,2326303.267942343,-4.666475053876638,-8.947541058063507,1,1,4.0,4.0,2,3,2,3,WP2->WP3,1,0.2075299892773605,0.20752998906962097,8.504347485041253,0.7528387014473732,utm,0,0.0,0.0,0,0.0
1789003723.564542,58.95782923698425,21.0353294,105.86858289999999,-9.511,-11.335304438727224,3.3890622603927865,590252.1145507855,2326303.2123182486,-4.609578729607165,-8.997791787143797,1,1,4.0,4.0,2,3,2,3,WP2->WP3,1,0.22266012784944036,0.22266012777084335,8.578734354648764,0.7594237233339504,utm,0,0.0,0.0,0,0.0
1789003723.6681237,59.061410903930664,21.0353289,105.8685824,-9.512,-11.387277407133825,3.3337035173017555,590252.0628953163,2326303.1566941547,-4.552682406734675,-9.048042515292764,1,1,4.0,4.0,2,3,2,3,WP2->WP3,1,0.23779026655712762,0.2377902666359682,8.653121223228007,0.766008745129501,utm,0,0.0,0.0,0,0.0
1789003723.770475,59.16376209259033,21.0353283,105.8685819,-9.509,-11.439250375540423,3.2672730254516615,590252.0113000774,2326303.09000179,-4.484722765162587,-9.097956715268083,1,1,4.0,4.0,2,3,2,3,WP2->WP3,1,0.2619526772784664,0.26195267738462125,8.73390561597003,0.773160101237197,utm,0,0.0,0.0,0,0.0
1789003723.8657618,59.25904893875122,21.035327799999997,105.86858129999999,-9.496,-11.50161793851464,3.2119142820084874,590251.9492532788,2326303.034321148,-4.427510493900627,-9.158594122505747,1,1,4.0,4.0,2,3,2,3,WP2->WP3,1,0.27107656916931394,0.2710765693423155,8.816772338485649,0.7804957934677403,utm,0,0.0,0.0,0,0.0
1789003723.9567418,59.35002899169922,21.0353273,105.86858079999999,-9.486,-11.55359090692124,3.1565555389174564,590251.8975978085,2326302.9786970546,-4.370614170562476,-9.208844851702452,1,1,4.0,4.0,2,3,2,3,WP2->WP3,1,0.28620670715945534,0.2862067072186795,8.891159207645362,0.7870808153146767,utm,0,0.0,0.0,0,0.0
1789003724.068886,59.46217322349548,21.0353268,105.8685804,-9.482,-11.595169280760224,3.1011967958264255,590251.8563336639,2326302.923129509,-4.314033795148134,-9.24870890553575,1,1,4.0,4.0,2,3,2,3,WP2->WP3,1,0.30734309001721,0.3073430898327563,8.957066225896918,0.7929151669946903,utm,0,0.0,0.0,0,0.0
1789003724.1676815,59.56096863746643,21.035326299999998,105.86857979999999,-9.487,-11.65753684373444,3.045838052383252,590251.7942868641,2326302.8674488678,-4.256821524351835,-9.309346313937567,1,1,4.0,4.0,2,3,2,3,WP2->WP3,1,0.31646698074418067,0.31646698073388596,9.03993294908764,0.8002508592849966,utm,0,0.0,0.0,0,0.0
1789003724.2774262,59.67071342468262,21.0353258,105.8685793,-9.48,-11.70950981214104,2.990479309292221,590251.7426313914,2326302.8118247744,-4.199925201013684,-9.35959704569541,1,1,4.0,4.0,2,3,2,3,WP2->WP3,1,0.33159711712411405,0.3315971171863735,9.114319820234623,0.8068358813078538,utm,0,0.0,0.0,0,0.0
1789003724.3746161,59.767903327941895,21.0353253,105.8685788,-9.472,-11.76148278054764,2.93512056620119,590251.6909759197,2326302.7562006824,-4.143028879538178,-9.409847776289098,1,1,4.0,4.0,2,3,2,3,WP2->WP3,1,0.34672725330063636,0.3467272531135109,9.188706689716275,0.8134209031832894,utm,0,0.0,0.0,0,0.0
1789003724.4634295,59.85671663284302,21.0353249,105.8685782,-9.47,-11.823850342044695,2.8908335715170796,590251.6288688882,2326302.7115883115,-4.096879926044494,-9.470821714261547,1,1,4.0,4.0,2,3,2,3,WP2->WP3,1,0.34681887194615174,0.34681887176380044,9.265175890056382,0.8201902612776083,utm,0,0.0,0.0,0,0.0
1789003724.5612435,59.95453071594238,21.0353244,105.86857769999999,-9.466,-11.875823311928455,2.8354748284260487,590251.5772134132,2326302.6559642195,-4.039983604103327,-9.52107244823128,1,1,4.0,4.0,2,3,2,3,WP2->WP3,1,0.3619490058627239,0.3619490057246312,9.339562762282357,0.8267752833959823,utm,0,0.0,0.0,0,0.0
1789003724.6666722,60.059959411621094,21.035323899999998,105.8685773,-9.461,-11.91740168576744,2.780116084630732,590251.5359492667,2326302.600396674,-3.983403228688985,-9.560936504043639,1,1,4.0,4.0,2,3,2,3,WP2->WP3,1,0.38308538724587793,0.3830853872538491,9.405469782048023,0.8326096352100308,utm,0,0.0,0.0,0,0.0
1789003724.7604516,60.15373873710632,21.0353235,105.8685768,-9.457,-11.96937465417404,2.7358290902987643,590251.4842335619,2326302.5558408527,-3.9375702240504324,-9.611523765721358,1,1,4.0,4.0,2,3,2,3,WP2->WP3,1,0.3891832501770682,0.3891832500486981,9.473459129909273,0.8386283229983826,utm,0,0.0,0.0,0,0.0
1789003724.85741,60.25069713592529,21.0353231,105.8685764,-9.455,-12.010953029490185,2.6915420956146536,590251.4429091819,2326302.5113415793,-3.8920531664043665,-9.651724352850579,1,1,4.0,4.0,2,3,2,3,WP2->WP3,1,0.40128735708320945,0.40128735710663416,9.532968627524786,0.8438963406784518,utm,0,0.0,0.0,0,0.0
1789003724.9606621,60.353949308395386,21.0353228,105.86857599999999,-9.462,-12.052531404806327,2.6583268496896064,590251.4015245701,2326302.477910576,-3.857599426060915,-9.692261469783261,1,1,4.0,4.0,2,3,2,3,WP2->WP3,1,0.4043591923542267,0.4043591921566496,9.586080602750167,0.8485980242032973,utm,0,0.0,0.0,0,0.0
1789003725.063821,60.45710825920105,21.0353224,105.8685756,-9.465,-12.09410977864531,2.6140398550054957,590251.360200191,2326302.433411302,-3.8120823679491878,-9.73246205598116,1,1,4.0,4.0,2,3,2,3,WP2->WP3,1,0.41646329997791376,0.4164633001355428,9.64559009987984,0.853866041840358,utm,0,0.0,0.0,0,0.0
1789003725.1607022,60.55398941040039,21.0353221,105.86857529999999,-9.468,-12.125293560871002,2.580824609080449,590251.3292069038,2326302.4000368477,-3.777944575995207,-9.762612498598173,1,1,4.0,4.0,2,3,2,3,WP2->WP3,1,0.4255413784385325,0.4255413785559826,9.690222224506318,0.8578170552256572,utm,0,0.0,0.0,0,0.0
1789003725.276535,60.669822216033936,21.0353217,105.86857499999999,-9.475,-12.15647734161953,2.5365376147484815,590251.2982738508,2326302.3555941223,-3.732743465807289,-9.792426409083419,1,1,4.0,4.0,2,3,2,3,WP2->WP3,1,0.44365173092983284,0.4436517310974716,9.741251870172725,0.8623344026466548,utm,0,0.0,0.0,0,0.0
1789003725.3634918,60.756778955459595,21.035321399999997,105.8685747,-9.479,-12.187661122368057,2.503322368471291,590251.267280566,2326302.3222196675,-3.6986056729219854,-9.82257684925571,1,1,4.0,4.0,2,3,2,3,WP2->WP3,1,0.4527298112040707,0.45272981132031676,9.78588399308315,0.8662854158800423,utm,0,0.0,0.0,0,0.0
1789003725.46802,60.86130714416504,21.0353212,105.86857429999999,-9.479,-12.2292394976842,2.4811788713053073,590251.2258357218,2326302.2998569356,-3.675215250812471,-9.863450496457517,1,1,4.0,4.0,2,3,2,3,WP2->WP3,1,0.4467693730941483,0.44676937295561436,9.832598445483274,0.8704207652111454,utm,0,0.0,0.0,0,0.0
1789003725.566617,60.959904193878174,21.0353209,105.86857409999999,-9.477,-12.250028685342272,2.44796362538026,590251.205233762,2326302.266539029,-3.6413934053853154,-9.883214261964895,1,1,4.0,4.0,2,3,2,3,WP2->WP3,1,0.4618536973433373,0.46185369750934974,9.868750718053331,0.8736211083278733,utm,0,0.0,0.0,0,0.0
1789003725.6634524,61.05673956871033,21.0353207,105.8685738,-9.477,-12.2812124660908,2.4258201282142764,590251.1741802455,2326302.2442328446,-3.6183189298026264,-9.913701231707819,1,1,4.0,4.0,2,3,2,3,WP2->WP3,1,0.46189950540051256,0.46189950541354985,9.906985318207768,0.8770057873736503,utm,0,0.0,0.0,0,0.0
1789003725.755421,61.14870810508728,21.0353204,105.8685735,-9.478,-12.312396246839327,2.392604882289229,590251.1431869603,2326302.2108583897,-3.584181136917323,-9.943851672345772,1,1,4.0,4.0,2,3,2,3,WP2->WP3,1,0.47097758522841926,0.4709775853651799,9.95161744149672,0.8809568006405466,utm,0,0.0,0.0,0,0.0
1789003725.8647487,61.25803589820862,21.035320199999997,105.8685732,-9.482,-12.343580027587855,2.3704613847711027,590251.1121334435,2326302.1885522055,-3.561106661800295,-9.974338642437942,1,1,4.0,4.0,2,3,2,3,WP2->WP3,1,0.47102339321779074,0.4710233931337731,9.989852041840424,0.8843414797030782,utm,0,0.0,0.0,0,0.0
1789003725.9595773,61.352864503860474,21.0353201,105.86857289999999,-9.486,-12.374763809813544,2.3593896363641824,590251.0810196926,2326302.1773142926,-3.549095503985882,-10.00516214442905,1,1,4.0,4.0,2,3,2,3,WP2->WP3,1,0.46203692648722955,0.46203692647059325,10.02168912077835,0.8871598246975254,utm,0,0.0,0.0,0,0.0
1789003726.063402,61.45668911933899,21.035319899999998,105.8685726,-9.49,-12.405947590562072,2.3372461388460555,590251.0499661756,2326302.155008108,-3.5260210279375315,-10.035649114637636,1,1,4.0,4.0,2,3,2,3,WP2->WP3,1,0.4620827346122085,0.4620827344821065,10.05992372158253,0.8905445038008204,utm,0,0.0,0.0,0,0.0
1789003726.1614325,61.55471968650818,21.0353197,105.86857239999999,-9.489,-12.426736778220143,2.3151026416800717,590251.0293039852,2326302.132758472,-3.503262500744313,-10.055749408667907,1,1,4.0,4.0,2,3,2,3,WP2->WP3,1,0.46813478715846957,0.46813478701670685,10.089678470179068,0.8931785126221571,utm,0,0.0,0.0,0,0.0
1789003726.2705712,61.66385841369629,21.035319599999998,105.8685721,-9.501,-12.457920558968672,2.3040308929210083,590250.9981902355,2326302.1215205593,-3.4912513429298997,-10.086572909611277,1,1,4.0,4.0,2,3,2,3,WP2->WP3,1,0.45914832100984676,0.45914832103156333,10.121515548170677,0.8959968575328325,utm,0,0.0,0.0,0,0.0
1789003726.3656323,61.75891947746277,21.0353195,105.86857189999999,-9.505,-12.478709746626743,2.292959144514088,590250.9774678135,2326302.110339193,-3.479556131642312,-10.10700973297935,1,1,4.0,4.0,2,3,2,3,WP2->WP3,1,0.45616810205659114,0.45616810214018194,10.144872774364398,0.8980645321978227,utm,0,0.0,0.0,0,0.0
1789003726.4634778,61.856765031814575,21.0353194,105.86857169999999,-9.505,-12.499498934284816,2.2818873957550245,590250.9567453903,2326302.0991578274,-3.467860920820385,-10.12744655762799,1,1,4.0,4.0,2,3,2,3,WP2->WP3,1,0.4531878819394586,0.4531878821244328,10.168230001327855,0.9001322069309531,utm,0,0.0,0.0,0,0.0
1789003726.5604935,61.95378065109253,21.035319299999998,105.8685714,-9.512,-12.530682715033343,2.270815646995961,590250.9256316419,2326302.0879199146,-3.455849763005972,-10.158270057174377,1,1,4.0,4.0,2,3,2,3,WP2->WP3,1,0.4442014168191053,0.44420141688513004,10.200067078278513,0.9029505517494795,utm,0,0.0,0.0,0,0.0
1789003726.6568582,62.050145387649536,21.0353192,105.86857119999999,-9.513,-12.551471902691418,2.259743898589041,590250.9049092198,2326302.0767385494,-3.4441545526497066,-10.178706880658865,1,1,4.0,4.0,2,3,2,3,WP2->WP3,1,0.4412211971483038,0.44122119716888963,10.223424304024435,0.9050182263748289,utm,0,0.0,0.0,0,0.0
1789003726.7625167,62.1558039188385,21.0353191,105.8685709,-9.515,-12.582655683439945,2.2486721498299773,590250.8737954699,2326302.0655006357,-3.4321433948352933,-10.209530381835066,1,1,4.0,4.0,2,3,2,3,WP2->WP3,1,0.432234731960147,0.43223473180519384,10.255261382747737,0.9078365713502765,utm,0,0.0,0.0,0,0.0
1789003726.8637898,62.25707697868347,21.035318999999998,105.86857069999999,-9.512,-12.603444871098015,2.237600401070914,590250.8530730479,2326302.05431927,-3.4204481835477054,-10.229967205203138,1,1,4.0,4.0,2,3,2,3,WP2->WP3,1,0.42925451256056024,0.4292545125352848,10.278618608670243,0.9099042459912579,utm,0,0.0,0.0,0,0.0
1789003726.9609516,62.354238748550415,21.0353189,105.86857049999999,-9.502,-12.624234058756088,2.2265286526639936,590250.8323506245,2326302.043137905,-3.4087529736571014,-10.25040403008461,1,1,4.0,4.0,2,3,2,3,WP2->WP3,1,0.4262742917936855,0.4262742916268729,10.301975835280533,0.9119719206931245,utm,0,0.0,0.0,0,0.0
1789003727.064628,62.45791506767273,21.0353189,105.8685703,-9.5,-12.645023244937,2.2265286526639936,590250.8115679725,2326302.04302481,-3.4081210801377892,-10.2711773813935,1,1,4.0,4.0,2,3,2,3,WP2->WP3,1,0.4142618012053057,0.4142618010553746,10.318935537027576,0.9134732610208377,utm,0,0.0,0.0,0,0.0
1789003727.1609426,62.554229736328125,21.0353189,105.8685701,-9.498,-12.665812432595072,2.2265286526639936,590250.7907853179,2326302.042911716,-3.4074891870841384,-10.291950735379942,1,1,4.0,4.0,2,3,2,3,WP2->WP3,1,0.4022493079784483,0.40224930816733645,10.335895240408725,0.9149746014932083,utm,0,0.0,0.0,0,0.0
1789003727.2713811,62.6646683216095,21.0353188,105.8685699,-9.495,-12.686601620253143,2.21545690390493,590250.7700628958,2326302.03173035,-3.395793976262212,-10.31238755886443,1,1,4.0,4.0,2,3,2,3,WP2->WP3,1,0.39926908888958534,0.39926908882962364,10.359252466425863,0.9170422761425668,utm,0,0.0,0.0,0,0.0
1789003727.3693948,62.76268196105957,21.0353188,105.8685697,-9.497,-12.707390807911215,2.21545690390493,590250.7492802412,2326302.031617255,-3.3951620827428997,-10.333160912850872,1,1,4.0,4.0,2,3,2,3,WP2->WP3,1,0.3872565966909976,0.38725659669864065,10.37621217034944,0.9185436166629555,utm,0,0.0,0.0,0,0.0
1789003727.463896,62.85718321800232,21.035318699999998,105.8685696,-9.499,-12.71778540100167,2.204385155145867,590250.738949147,2326302.0204924364,-3.383782817982137,-10.343211058760062,1,1,4.0,4.0,2,3,2,3,WP2->WP3,1,0.39028262435117056,0.3902826241439655,10.391089544202844,0.9198606210342426,utm,0,0.0,0.0,0,0.0
1789003727.5549452,62.94823241233826,21.035318699999998,105.8685694,-9.496,-12.738574588659743,2.204385155145867,590250.7181664924,2326302.0203793417,-3.383150924462825,-10.363984412746504,1,1,4.0,4.0,2,3,2,3,WP2->WP3,1,0.37827013163844797,0.3782701316344549,10.408049247855207,0.9213619615306222,utm,0,0.0,0.0,0,0.0
1789003727.665815,63.059102296829224,21.035318699999998,105.8685692,-9.502,-12.759363776317816,2.204385155145867,590250.697383839,2326302.020266247,-3.382519031409174,-10.384757765452377,1,1,4.0,4.0,2,3,2,3,WP2->WP3,1,0.3662576398861913,0.3662576398707851,10.42500895046662,0.9228633019348528,utm,0,0.0,0.0,0,0.0
1789003727.7608285,63.15411567687988,21.035318699999998,105.868569,-9.503,-12.780152963975887,2.204385155145867,590250.6766011843,2326302.0201531523,-3.3818871383555233,-10.405531119555235,1,1,4.0,4.0,2,3,2,3,WP2->WP3,1,0.3542451471734687,0.3542451472934708,10.441968654213612,0.9243646424396096,utm,0,0.0,0.0,0,0.0
1789003727.8637557,63.25704288482666,21.035318699999998,105.8685689,-9.498,-12.790547557066345,2.204385155145867,590250.6662098577,2326302.0200966047,-3.3815711913630366,-10.415917795849964,1,1,4.0,4.0,2,3,2,3,WP2->WP3,1,0.3482389015883096,0.34823890163480153,10.450448505607609,0.9251153126495407,utm,0,0.0,0.0,0,0.0
1789003727.96253,63.35581707954407,21.035318699999998,105.86856879999999,-9.501,-12.80094215163396,2.204385155145867,590250.655818531,2326302.0200400576,-3.381255244836211,-10.426304472144693,1,1,4.0,4.0,2,3,2,3,WP2->WP3,1,0.34223265548901577,0.3422326555976047,10.458928356730393,0.925865982835463,utm,0,0.0,0.0,0,0.0
1789003728.0639,63.45718717575073,21.035318699999998,105.86856859999999,-9.499,-12.821731339292032,2.204385155145867,590250.6350358764,2326302.019926963,-3.3806233517825603,-10.447077826131135,1,1,4.0,4.0,2,3,2,3,WP2->WP3,1,0.33022016315482056,0.33022016308809415,10.475888060382754,0.9273673233318426,utm,0,0.0,0.0,0,0.0
1789003728.161285,63.554572105407715,21.035318699999998,105.8685685,-9.497,-12.832125932382487,2.204385155145867,590250.6246445497,2326302.019870416,-3.380307405255735,-10.457464502425864,1,1,4.0,4.0,2,3,2,3,WP2->WP3,1,0.32421391705552666,0.32421391698309354,10.484367911600168,0.9281179935261419,utm,0,0.0,0.0,0,0.0
1789003728.2745512,63.66783833503723,21.0353188,105.8685684,-9.501,-12.842520525472942,2.21545690390493,590250.6141929933,2326302.030882139,-3.3910547764971852,-10.46818770642858,1,1,4.0,4.0,2,3,2,3,WP2->WP3,1,0.30917539990304715,0.3091753997799156,10.486450238358225,0.9283023293820417,utm,0,0.0,0.0,0,0.0
1789003728.3688686,63.76215577125549,21.0353188,105.8685682,-9.503,-12.863309713131015,2.21545690390493,590250.5934103386,2326302.030769044,-3.390422882512212,-10.488961060415022,1,1,4.0,4.0,2,3,2,3,WP2->WP3,1,0.2971629077044593,0.2971629076489326,10.5034099422818,0.9298036699024302,utm,0,0.0,0.0,0,0.0
1789003728.4571862,63.850473403930664,21.0353188,105.8685682,-9.51,-12.863309713131015,2.21545690390493,590250.5934103386,2326302.030769044,-3.390422882512212,-10.488961060415022,1,1,4.0,4.0,2,3,2,3,WP2->WP3,1,0.2971629077044593,0.2971629076489326,10.5034099422818,0.9298036699024302,utm,0,0.0,0.0,0,0.0
1789003728.561316,63.95460319519043,21.0353188,105.868568,-9.508,-12.884098900789088,2.21545690390493,590250.5726276853,2326302.03065595,-3.389790989458561,-10.509734413120896,1,1,4.0,4.0,2,3,2,3,WP2->WP3,1,0.28515041550587156,0.2851504155067352,10.520369644621999,0.9313050102826518,utm,0,0.0,0.0,0,0.0
1789003728.6631901,64.05647730827332,21.0353188,105.8685679,-9.516,-12.894493493879542,2.21545690390493,590250.5622363586,2326302.0305994027,-3.389475043397397,-10.520121089415625,1,1,4.0,4.0,2,3,2,3,WP2->WP3,1,0.27914416940657766,0.2791441694695384,10.528849495744781,0.932055680468574,utm,0,0.0,0.0,0,0.0
1789003728.7604947,64.15378189086914,21.0353188,105.8685678,-9.514,-12.90488808844716,2.21545690390493,590250.5518450306,2326302.0305428556,-3.3891590968705714,-10.530507767107338,1,1,4.0,4.0,2,3,2,3,WP2->WP3,1,0.2731379226575416,0.27313792261869707,10.537329348003148,0.9328063507550225,utm,0,0.0,0.0,0,0.0
1789003728.863583,64.25687026977539,21.0353188,105.8685677,-9.514,-12.915282681537615,2.21545690390493,590250.541453704,2326302.030486308,-3.388843150343746,-10.540894443402067,1,1,4.0,4.0,2,3,2,3,WP2->WP3,1,0.2671316770723825,0.2671316769600278,10.545809199397144,0.9335570209649536,utm,0,0.0,0.0,0,0.0
1789003728.9608037,64.35409092903137,21.0353188,105.8685675,-9.524,-12.936071869195688,2.21545690390493,590250.5206710506,2326302.0303732133,-3.388211256824434,-10.561667795991525,1,1,4.0,4.0,2,3,2,3,WP2->WP3,1,0.2551191853201258,0.255119185196358,10.562768902008555,0.9350583613691841,utm,0,0.0,0.0,0,0.0
1789003729.0641975,64.45748472213745,21.0353188,105.86856739999999,-9.529,-12.946466463763304,2.21545690390493,590250.5102797227,2326302.0303166662,-3.3878953102976084,-10.572054473566823,1,1,4.0,4.0,2,3,2,3,WP2->WP3,1,0.249112938260366,0.24911293841332108,10.571248754172288,0.9358090316472554,utm,0,0.0,0.0,0,0.0
1789003729.1624515,64.55573868751526,21.0353188,105.8685673,-9.535,-12.956861056853759,2.21545690390493,590250.499888396,2326302.0302601187,-3.3875793633051217,-10.582441149977967,1,1,4.0,4.0,2,3,2,3,WP2->WP3,1,0.2431066926074032,0.24310669268684745,10.579728605660918,0.9365597018655638,utm,0,0.0,0.0,0,0.0
1789003729.272754,64.66604113578796,21.0353188,105.8685672,-9.545,-12.967255649944216,2.21545690390493,590250.4894970707,2326302.0302035715,-3.3872634172439575,-10.592827824992128,1,1,4.0,4.0,2,3,2,3,WP2->WP3,1,0.2371004475363789,0.23710044739549138,10.58820845574275,0.9373103719593369,utm,0,0.0,0.0,0,0.0
1789003729.3555334,64.74882054328918,21.0353189,105.86856709999999,-9.547,-12.977650244511832,2.2265286526639936,590250.4790455117,2326302.041215295,-3.3980107880197465,-10.60355103155598,1,1,4.0,4.0,2,3,2,3,WP2->WP3,1,0.2220619287736913,0.2220619287006313,10.590290784582708,0.9374947079995348,utm,0,0.0,0.0,0,0.0
1789003729.4657638,64.859050989151,21.0353189,105.86856689999999,-9.557,-12.998439432169905,2.2265286526639936,590250.458262857,2326302.0411022007,-3.397378895431757,-10.624324385542423,1,1,4.0,4.0,2,3,2,3,WP2->WP3,1,0.21004943592536135,0.21004943581259375,10.607250487963853,0.9389960484719053,utm,0,0.0,0.0,0,0.0
1789003729.5612562,64.95454335212708,21.0353189,105.86856689999999,-9.561,-12.998439432169905,2.2265286526639936,590250.458262857,2326302.0411022007,-3.397378895431757,-10.624324385542423,1,1,4.0,4.0,2,3,2,3,WP2->WP3,1,0.21004943592536135,0.21004943581259375,10.607250487963853,0.9389960484719053,utm,0,0.0,0.0,0,0.0
1789003729.6644936,65.05778074264526,21.0353189,105.86856669999999,-9.569,-13.019228619827977,2.2265286526639936,590250.4374802038,2326302.040989106,-3.396747001912445,-10.64509773813188,1,1,4.0,4.0,2,3,2,3,WP2->WP3,1,0.19803694424090837,0.1980369441167277,10.624210190480634,0.9404973888677587,utm,0,0.0,0.0,0,0.0
1789003729.7625895,65.15587663650513,21.0353189,105.8685666,-9.575,-13.029623212918432,2.2265286526639936,590250.4270888772,2326302.040932559,-3.3964310558512807,-10.65548441442661,1,1,4.0,4.0,2,3,2,3,WP2->WP3,1,0.19203069814161447,0.19203069807953088,10.632690041603414,0.9412480590536808,utm,0,0.0,0.0,0,0.0
1789003729.8647368,65.25802397727966,21.0353189,105.8685665,-9.574,-13.040017806008887,2.2265286526639936,590250.4166975504,2326302.0408760114,-3.396115108858794,-10.665871090721339,1,1,4.0,4.0,2,3,2,3,WP2->WP3,1,0.18602445217792793,0.1860244523530579,10.641169893092044,0.9419987292719892,utm,0,0.0,0.0,0,0.0
1789003729.9609933,65.35428047180176,21.0353189,105.8685665,-9.583,-13.040017806008887,2.2265286526639936,590250.4166975504,2326302.0408760114,-3.396115108858794,-10.665871090721339,1,1,4.0,4.0,2,3,2,3,WP2->WP3,1,0.18602445217792793,0.1860244523530579,10.641169893092044,0.9419987292719892,utm,0,0.0,0.0,0,0.0
1789003730.0638247,65.45711183547974,21.0353189,105.86856639999999,-9.59,-13.050412400576505,2.2265286526639936,590250.4063062225,2326302.0408194647,-3.39579916279763,-10.676257768413052,1,1,4.0,4.0,2,3,2,3,WP2->WP3,1,0.18001820529328455,0.18001820519149334,10.649649744984563,0.9427493995260515,utm,0,0.0,0.0,0,0.0
1789003730.1610377,65.55432486534119,21.0353189,105.8685663,-9.59,-13.06080699366696,2.2265286526639936,590250.3959148972,2326302.040762917,-3.3954832162708044,-10.686644443310797,1,1,4.0,4.0,2,3,2,3,WP2->WP3,1,0.17401196035786756,0.1740119602786636,10.658129595337611,0.9435000696438336,utm,0,0.0,0.0,0,0.0
1789003730.2645433,65.65783047676086,21.0353189,105.86856619999999,-9.59,-13.071201588234576,2.2265286526639936,590250.3855235692,2326302.0407063696,-3.3951672688126564,-10.69703112100251,1,1,4.0,4.0,2,3,2,3,WP2->WP3,1,0.1680057137444389,0.16800571380635052,10.66660944786719,0.9442507399542911,utm,0,0.0,0.0,0,0.0
1789003730.3705812,65.76386833190918,21.035318699999998,105.8685661,-9.593,-13.081596181325033,2.204385155145867,590250.3752527045,2326302.0185132814,-3.3727246881462634,-10.706744739669375,1,1,4.0,4.0,3,4,3,4,WP3->WP4,1,0.624660276148061,0.624660276282957,0.11172362688260444,0.01325217502008185,utm,0,0.0,0.0,0,0.0
1789003730.4626775,65.85596466064453,21.035318699999998,105.868566,-9.599,-13.091990774415487,2.204385155145867,590250.3648613791,2326302.018456734,-3.3724087411537766,-10.717131414683536,1,1,4.0,4.0,3,4,3,4,WP3->WP4,1,0.6155686686674563,0.6155686686797172,0.10669118104070355,0.012655247987395825,utm,0,0.0,0.0,0,0.0
1789003730.5609064,65.95419359207153,21.035318699999998,105.868566,-9.601,-13.091990774415487,2.204385155145867,590250.3648613791,2326302.018456734,-3.3724087411537766,-10.717131414683536,1,1,4.0,4.0,3,4,3,4,WP3->WP4,1,0.6155686686674563,0.6155686686797172,0.10669118104070355,0.012655247987395825,utm,0,0.0,0.0,0,0.0
1789003730.6636355,66.05692267417908,21.035318699999998,105.8685659,-9.599,-13.102385368983105,2.204385155145867,590250.3544700511,2326302.018400187,-3.372092795558274,-10.727518092375249,1,1,4.0,4.0,3,4,3,4,WP3->WP4,1,0.6064770590820467,0.606477059196405,0.10165873307701652,0.012058320703032673,utm,0,0.0,0.0,0,0.0
1789003730.7606773,66.15396451950073,21.0353185,105.8685658,-9.601,-13.11277996207356,2.182241657979883,590250.3441991863,2326301.9962071,-3.349650215357542,-10.737231711158529,1,1,4.0,4.0,3,4,3,4,WP3->WP4,1,0.5866648788785833,0.5866648790267645,0.11599404972530725,0.013758714169412533,utm,0,0.0,0.0,0,0.0
1789003730.863586,66.25687313079834,21.035318399999998,105.86856569999999,-9.601,-13.123174556641175,2.17116990922082,590250.3338680892,2326301.9850822813,-3.338270951062441,-10.747281860094517,1,1,4.0,4.0,3,4,3,4,WP3->WP4,1,0.5722129829056096,0.5722129828447489,0.12064548517610917,0.014310447391906388,utm,0,0.0,0.0,0,0.0
1789003730.9617743,66.3550615310669,21.035318399999998,105.86856569999999,-9.604,-13.123174556641175,2.17116990922082,590250.3338680892,2326301.9850822813,-3.338270951062441,-10.747281860094517,1,1,4.0,4.0,3,4,3,4,WP3->WP4,1,0.5722129829056096,0.5722129828447489,0.12064548517610917,0.014310447391906388,utm,0,0.0,0.0,0,0.0
1789003731.063581,66.4568681716919,21.035318399999998,105.8685656,-9.604,-13.133569149731633,2.17116990922082,590250.3234767639,2326301.985025734,-3.3379550045356154,-10.757668535108678,1,1,4.0,4.0,3,4,3,4,WP3->WP4,1,0.5631213754003672,0.563121375469236,0.11561303892802986,0.013713520311041229,utm,0,0.0,0.0,0,0.0
1789003731.1549835,66.54827070236206,21.035318399999998,105.86856549999999,-9.606,-13.143963744299247,2.17116990922082,590250.3130854359,2326301.984969187,-3.33763905800879,-10.768055212800391,1,1,4.0,4.0,3,4,3,4,WP3->WP4,1,0.5540297658395953,0.554029765758197,0.11058059137052124,0.01311659307485721,utm,0,0.0,0.0,0,0.0
1789003731.2723334,66.66562056541443,21.035318399999998,105.86856549999999,-9.606,-13.143963744299247,2.17116990922082,590250.3130854359,2326301.984969187,-3.33763905800879,-10.768055212800391,1,1,4.0,4.0,3,4,3,4,WP3->WP4,1,0.5540297658395953,0.554029765758197,0.11058059137052124,0.01311659307485721,utm,0,0.0,0.0,0,0.0
1789003731.364487,66.75777411460876,21.035318399999998,105.8685654,-9.604,-13.154358337389702,2.17116990922082,590250.3026941093,2326301.98491264,-3.3373231114819646,-10.77844188909512,1,1,4.0,4.0,3,4,3,4,WP3->WP4,1,0.5449381572942693,0.5449381572656934,0.10554814449619318,0.012519665919709124,utm,0,0.0,0.0,0,0.0
1789003731.4693046,66.86259174346924,21.0353183,105.8685654,-9.609,-13.154358337389702,2.160098160813899,590250.3027543401,2326301.9738443694,-3.32625979417935,-10.778105360339396,1,1,4.0,4.0,3,4,3,4,WP3->WP4,1,0.539577871211339,0.5395778711486257,0.11523202663521515,0.013668326275275734,utm,0,0.0,0.0,0,0.0
1789003731.5636556,66.95694279670715,21.0353183,105.8685653,-9.609,-13.16475293048016,2.160098160813899,590250.2923630135,2326301.9737878228,-3.3259438485838473,-10.788492036634125,1,1,4.0,4.0,3,4,3,4,WP3->WP4,1,0.5304862627675576,0.530486262883849,0.11019957935470859,0.013071399071948505,utm,0,0.0,0.0,0,0.0
1789003731.664733,67.05802011489868,21.0353183,105.8685653,-9.613,-13.16475293048016,2.160098160813899,590250.2923630135,2326301.9737878228,-3.3259438485838473,-10.788492036634125,1,1,4.0,4.0,3,4,3,4,WP3->WP4,1,0.5304862627675576,0.530486262883849,0.11019957935470859,0.013071399071948505,utm,0,0.0,0.0,0,0.0
1789003731.7617834,67.15507054328918,21.0353183,105.8685653,-9.61,-13.16475293048016,2.160098160813899,590250.2923630135,2326301.9737878228,-3.3259438485838473,-10.788492036634125,1,1,4.0,4.0,3,4,3,4,WP3->WP4,1,0.5304862627675576,0.530486262883849,0.11019957935470859,0.013071399071948505,utm,0,0.0,0.0,0,0.0
1789003731.8665562,67.25984334945679,21.0353183,105.86856519999999,-9.614,-13.175147525047777,2.160098160813899,590250.2819716855,2326301.973731275,-3.3256279015913606,-10.798878714325838,1,1,4.0,4.0,3,4,3,4,WP3->WP4,1,0.5213946528775142,0.5213946529450832,0.10516713220337842,0.012474471883943624,utm,0,0.0,0.0,0,0.0
1789003731.9617846,67.3550717830658,21.0353183,105.8685651,-9.613,-13.185542118138232,2.160098160813899,590250.2715803601,2326301.973674728,-3.3253119555301964,-10.809265389339998,1,1,4.0,4.0,3,4,3,4,WP3->WP4,1,0.5123030455999988,0.5123030455695703,0.10013468595529913,0.011877544803078467,utm,0,0.0,0.0,0,0.0
1789003732.0598493,67.4531364440918,21.0353182,105.8685651,-9.614,-13.185542118138232,2.149026412054836,590250.271640591,2326301.9626064575,-3.314248638227582,-10.808928860584274,1,1,4.0,4.0,3,4,3,4,WP3->WP4,1,0.5069427593908863,0.5069427594525027,0.10981856809432108,0.013026205158645075,utm,0,0.0,0.0,0,0.0
1789003732.1633883,67.55667543411255,21.0353182,105.86856499999999,-9.617,-13.19593671270585,2.149026412054836,590250.261249263,2326301.962549911,-3.313932692166418,-10.819315538392402,1,1,4.0,4.0,3,4,3,4,WP3->WP4,1,0.49785115003320346,0.49785114996919066,0.10478612013063403,0.01242927787428192,utm,0,0.0,0.0,0,0.0
1789003732.2819777,67.67526483535767,21.0353182,105.86856499999999,-9.618,-13.19593671270585,2.149026412054836,590250.261249263,2326301.962549911,-3.313932692166418,-10.819315538392402,1,1,4.0,4.0,3,4,3,4,WP3->WP4,1,0.49785115003320346,0.49785114996919066,0.10478612013063403,0.01242927787428192,utm,0,0.0,0.0,0,0.0
1789003732.3675935,67.76088070869446,21.0353182,105.8685649,-9.62,-13.206331305796304,2.149026412054836,590250.2508579362,2326301.962493364,-3.3136167461052537,-10.829702214803547,1,1,4.0,4.0,3,4,3,4,WP3->WP4,1,0.48875954128478827,0.48875954137514244,0.09975367319937423,0.011832350712380837,utm,0,0.0,0.0,0,0.0
1789003732.4712749,67.86456203460693,21.0353182,105.8685649,-9.623,-13.206331305796304,2.149026412054836,590250.2508579362,2326301.962493364,-3.3136167461052537,-10.829702214803547,1,1,4.0,4.0,3,4,3,4,WP3->WP4,1,0.48875954128478827,0.48875954137514244,0.09975367319937423,0.011832350712380837,utm,0,0.0,0.0,0,0.0
1789003732.5657246,67.9590117931366,21.035318099999998,105.8685648,-9.621,-13.216725898886759,2.1379546632957727,590250.2405268417,2326301.9513685456,-3.3022374813444912,-10.839752361061983,1,1,4.0,4.0,3,4,3,4,WP3->WP4,1,0.47430764759507127,0.4743076476548351,0.10440510949649535,0.012384084035261428,utm,0,0.0,0.0,0,0.0
1789003732.667545,68.06083226203918,21.035318099999998,105.8685648,-9.623,-13.216725898886759,2.1379546632957727,590250.2405268417,2326301.9513685456,-3.3022374813444912,-10.839752361061983,1,1,4.0,4.0,3,4,3,4,WP3->WP4,1,0.47430764759507127,0.4743076476548351,0.10440510949649535,0.012384084035261428,utm,0,0.0,0.0,0,0.0
1789003732.7648203,68.15810751914978,21.035318099999998,105.8685647,-9.624,-13.227120493454377,2.1379546632957727,590250.2301355137,2326301.951311999,-3.3019215357489884,-10.850139038753696,1,1,4.0,4.0,3,4,3,4,WP3->WP4,1,0.4652160382373884,0.46521603817152296,0.0993726615328083,0.011787156750898274,utm,0,0.0,0.0,0,0.0
1789003732.8676136,68.2609007358551,21.035318099999998,105.8685647,-9.625,-13.227120493454377,2.1379546632957727,590250.2301355137,2326301.951311999,-3.3019215357489884,-10.850139038753696,1,1,4.0,4.0,3,4,3,4,WP3->WP4,1,0.4652160382373884,0.46521603817152296,0.0993726615328083,0.011787156750898274,utm,0,0.0,0.0,0,0.0
1789003732.9586685,68.35195565223694,21.035318,105.8685646,-9.623,-13.237515086544832,2.1268829148888524,590250.2198044178,2326301.9401871813,-3.2905422719195485,-10.860189186409116,1,1,4.0,4.0,3,4,3,4,WP3->WP4,1,0.45076414338140536,0.4507641434604071,0.10402409674057046,0.0123388899445638,utm,0,0.0,0.0,0,0.0
1789003733.068715,68.46200227737427,21.035318,105.8685646,-9.626,-13.237515086544832,2.1268829148888524,590250.2198044178,2326301.9401871813,-3.2905422719195485,-10.860189186409116,1,1,4.0,4.0,3,4,3,4,WP3->WP4,1,0.45076414338140536,0.4507641434604071,0.10402409674057046,0.0123388899445638,utm,0,0.0,0.0,0,0.0
1789003733.1668618,68.56014895439148,21.035318,105.86856449999999,-9.626,-13.247909681112448,2.1268829148888524,590250.2094130898,2326301.9401306342,-3.2902263258583844,-10.870575864100829,1,1,4.0,4.0,3,4,3,4,WP3->WP4,1,0.44167253382063326,0.44167253374936816,0.09899164918306186,0.011741962708379782,utm,0,0.0,0.0,0,0.0
1789003733.2747645,68.66805171966553,21.035318,105.86856449999999,-9.626,-13.247909681112448,2.1268829148888524,590250.2094130898,2326301.9401306342,-3.2902263258583844,-10.870575864100829,1,1,4.0,4.0,3,4,3,4,WP3->WP4,1,0.44167253382063326,0.44167253374936816,0.09899164918306186,0.011741962708379782,utm,0,0.0,0.0,0,0.0
1789003733.3667262,68.76001334190369,21.0353179,105.86856449999999,-9.626,-13.247909681112448,2.115811166129789,590250.2094733206,2326301.9290623637,-3.27916300855577,-10.87023933546152,1,1,4.0,4.0,3,4,3,4,WP3->WP4,1,0.4363122476115208,0.43631224763230053,0.10867553132208384,0.012890623063946394,utm,0,0.0,0.0,0,0.0
1789003733.467342,68.86062908172607,21.0353179,105.8685644,-9.626,-13.258304274202905,2.115811166129789,590250.1990819939,2326301.9290058166,-3.2788470620289445,-10.880626011872664,1,1,4.0,4.0,3,4,3,4,WP3->WP4,1,0.42722063919237707,0.42722063903825236,0.10364308439082402,0.012293695902045309,utm,0,0.0,0.0,0,0.0
1789003733.5632696,68.95655679702759,21.0353179,105.8685644,-9.627,-13.258304274202905,2.115811166129789,590250.1990819939,2326301.9290058166,-3.2788470620289445,-10.880626011872664,1,1,4.0,4.0,3,4,3,4,WP3->WP4,1,0.42722063919237707,0.42722063903825236,0.10364308439082402,0.012293695902045309,utm,0,0.0,0.0,0,0.0
1789003733.6685898,69.06187701225281,21.035317799999998,105.8685644,-9.628,-13.258304274202905,2.1047394173707255,590250.1991422249,2326301.917937546,-3.26778374472633,-10.880289483000524,1,1,4.0,4.0,3,4,3,4,WP3->WP4,1,0.4218603529832646,0.4218603530227293,0.11332696658677771,0.013442356264364914,utm,0,0.0,0.0,0,0.0
1789003733.7635667,69.15685391426086,21.035317799999998,105.86856429999999,-9.632,-13.26869886877052,2.1047394173707255,590250.188750898,2326301.917880999,-3.267467798665166,-10.890676159528084,1,1,4.0,4.0,3,4,3,4,WP3->WP4,1,0.4127687442348494,0.41276874432713645,0.10829451959858619,0.012845429095710835,utm,0,0.0,0.0,0,0.0
1789003733.8587904,69.25207757949829,21.035317799999998,105.86856429999999,-9.632,-13.26869886877052,2.1047394173707255,590250.188750898,2326301.917880999,-3.267467798665166,-10.890676159528084,1,1,4.0,4.0,3,4,3,4,WP3->WP4,1,0.4127687442348494,0.41276874432713645,0.10829451959858619,0.012845429095710835,utm,0,0.0,0.0,0,0.0
1789003733.9627805,69.3560676574707,21.0353177,105.86856429999999,-9.632,-13.26869886877052,2.093667668963805,590250.1888111288,2326301.9068127284,-3.2564044813625515,-10.890339630888775,1,1,4.0,4.0,3,4,3,4,WP3->WP4,1,0.40740845825346383,0.40740845821006877,0.11797840173760818,0.013994089451277447,utm,0,0.0,0.0,0,0.0
1789003734.0633516,69.4566388130188,21.0353177,105.86856429999999,-9.63,-13.26869886877052,2.093667668963805,590250.1888111288,2326301.9068127284,-3.2564044813625515,-10.890339630888775,1,1,4.0,4.0,3,4,3,4,WP3->WP4,1,0.40740845825346383,0.40740845821006877,0.11797840173760818,0.013994089451277447,utm,0,0.0,0.0,0,0.0
1789003734.1614223,69.55470943450928,21.0353177,105.86856429999999,-9.634,-13.26869886877052,2.093667668963805,590250.1888111288,2326301.9068127284,-3.2564044813625515,-10.890339630888775,1,1,4.0,4.0,3,4,3,4,WP3->WP4,1,0.40740845825346383,0.40740845821006877,0.11797840173760818,0.013994089451277447,utm,0,0.0,0.0,0,0.0
1789003734.2771862,69.67047333717346,21.0353176,105.86856429999999,-9.633,-13.26869886877052,2.0825959202047417,590250.1888713597,2326301.895744458,-3.245341164059937,-10.89000310213305,1,1,4.0,4.0,3,4,3,4,WP3->WP4,1,0.4020481721705335,0.40204817209300114,0.12766228387663014,0.015142749806844057,utm,0,0.0,0.0,0,0.0
1789003734.3698032,69.76309037208557,21.0353176,105.86856429999999,-9.635,-13.26869886877052,2.0825959202047417,590250.1888713597,2326301.895744458,-3.245341164059937,-10.89000310213305,1,1,4.0,4.0,3,4,3,4,WP3->WP4,1,0.4020481721705335,0.40204817209300114,0.12766228387663014,0.015142749806844057,utm,0,0.0,0.0,0,0.0
1789003734.4657784,69.85906553268433,21.0353176,105.86856429999999,-9.634,-13.26869886877052,2.0825959202047417,590250.1888713597,2326301.895744458,-3.245341164059937,-10.89000310213305,1,1,4.0,4.0,3,4,3,4,WP3->WP4,1,0.4020481721705335,0.40204817209300114,0.12766228387663014,0.015142749806844057,utm,0,0.0,0.0,0,0.0
1789003734.5616636,69.95495080947876,21.035317499999998,105.86856429999999,-9.632,-13.26869886877052,2.0715241714456782,590250.1889315905,2326301.8846761873,-3.2342778467573225,-10.889666573493741,1,1,4.0,4.0,3,4,3,4,WP3->WP4,1,0.39668788596142107,0.39668788597593346,0.13734616601565214,0.01629141016241067,utm,0,0.0,0.0,0,0.0
1789003734.66346,70.05674719810486,21.035317499999998,105.86856429999999,-9.637,-13.26869886877052,2.0715241714456782,590250.1889315905,2326301.8846761873,-3.2342778467573225,-10.889666573493741,1,1,4.0,4.0,3,4,3,4,WP3->WP4,1,0.39668788596142107,0.39668788597593346,0.13734616601565214,0.01629141016241067,utm,0,0.0,0.0,0,0.0
1789003734.754982,70.14826917648315,21.0353174,105.8685642,-9.635,-13.279093461860976,2.060452423038758,590250.1786004946,2326301.8735513696,-3.2228985829278827,-10.899716721149161,1,1,4.0,4.0,3,4,3,4,WP3->WP4,1,0.3822359912316203,0.3822359912648176,0.1419976012234143,0.016843143356076194,utm,0,0.0,0.0,0,0.0
1789003734.86448,70.25776720046997,21.0353174,105.8685642,-9.637,-13.279093461860976,2.060452423038758,590250.1786004946,2326301.8735513696,-3.2228985829278827,-10.899716721149161,1,1,4.0,4.0,3,4,3,4,WP3->WP4,1,0.3822359912316203,0.3822359912648176,0.1419976012234143,0.016843143356076194,utm,0,0.0,0.0,0,0.0
1789003734.9598873,70.3531744480133,21.0353174,105.86856429999999,-9.636,-13.26869886877052,2.060452423038758,590250.1889918214,2326301.873607917,-3.2232145299203694,-10.889330044738017,1,1,4.0,4.0,3,4,3,4,WP3->WP4,1,0.39132760008158,0.3913276000865927,0.14703004774849565,0.017440070469798143,utm,0,0.0,0.0,0,0.0
1789003735.0638168,70.45710396766663,21.0353173,105.86856429999999,-9.636,-13.26869886877052,2.0493806742796945,590250.1890520522,2326301.8625396467,-3.212151212617755,-10.888993516098708,1,1,4.0,4.0,3,4,3,4,WP3->WP4,1,0.3859673141001944,0.38596731396952505,0.15671392988751764,0.018588730825364757,utm,0,0.0,0.0,0,0.0
1789003735.1617522,70.55503940582275,21.035317199999998,105.8685642,-9.633,-13.279093461860976,2.038308925520631,590250.1787209562,2326301.851414829,-3.200771948788315,-10.899043663870543,1,1,4.0,4.0,3,4,3,4,WP3->WP4,1,0.3715154190411221,0.37151541915686453,0.16136536503834803,0.019140464012277283,utm,0,0.0,0.0,0,0.0
1789003735.2727382,70.66602540016174,21.035317199999998,105.8685642,-9.636,-13.279093461860976,2.038308925520631,590250.1787209562,2326301.851414829,-3.200771948788315,-10.899043663870543,1,1,4.0,4.0,3,4,3,4,WP3->WP4,1,0.3715154190411221,0.37151541915686453,0.16136536503834803,0.019140464012277283,utm,0,0.0,0.0,0,0.0
1789003735.36272,70.75600719451904,21.0353171,105.8685642,-9.635,-13.279093461860976,2.0272371771137108,590250.178781187,2326301.8403465585,-3.1897086314857006,-10.898707135231234,1,1,4.0,4.0,3,4,3,4,WP3->WP4,1,0.36615513305973646,0.36615513303979685,0.17104924717737002,0.020289124367843896,utm,0,0.0,0.0,0,0.0
1789003735.4648006,70.85808777809143,21.0353168,105.86856399999999,-9.634,-13.299882649519047,1.9940219311886636,590250.1581792246,2326301.8070286536,-3.155886787455529,-10.918470903416164,1,1,4.0,4.0,3,4,3,4,WP3->WP4,1,0.33189105655402784,0.3318910566358712,0.19003599817944725,0.02254125092659437,utm,0,0.0,0.0,0,0.0
1789003735.560644,70.95393109321594,21.035316599999998,105.8685639,-9.643,-13.310277242609505,1.9718784336705368,590250.1479083607,2326301.7848355644,-3.1334442058578134,-10.928184521268122,1,1,4.0,4.0,3,4,3,4,WP3->WP4,1,0.3120788762490199,0.3120788763676801,0.2043713169079054,0.02424164463971472,utm,0,0.0,0.0,0,0.0
1789003735.6574655,71.05075263977051,21.0353164,105.8685637,-9.633,-13.331066430267574,1.949734936504553,590250.1272461674,2326301.76258593,-3.1106856795959175,-10.948284818208776,1,1,4.0,4.0,3,4,3,4,WP3->WP4,1,0.2831750859524238,0.28317508608082215,0.21367418577096062,0.02534511084289858,utm,0,0.0,0.0,0,0.0
1789003735.7610416,71.1543288230896,21.0353162,105.8685635,-9.625,-13.351855617925647,1.9275914393385694,590250.1065839753,2326301.740336295,-3.0879271528683603,-10.968385113985278,1,1,4.0,4.0,3,4,3,4,WP3->WP4,1,0.25427129659436676,0.2542712965816834,0.22297705560951137,0.02644857716179151,utm,0,0.0,0.0,0,0.0
1789003735.8617873,71.2550745010376,21.035315999999998,105.8685634,-9.632,-13.362250211016102,1.9054479418204426,590250.09631311,2326301.718143207,-3.0654845722019672,-10.97809873323422,1,1,4.0,4.0,3,4,3,4,WP3->WP4,1,0.23445911545236425,0.23445911555041066,0.23731237284243212,0.028148970697517667,utm,0,0.0,0.0,0,0.0
1789003735.9595,71.35278725624084,21.0353158,105.8685632,-9.625,-13.383039398674175,1.883304444654459,590250.0756509164,2326301.6958935717,-3.0427260445430875,-10.998199030407704,1,1,4.0,4.0,3,4,3,4,WP3->WP4,1,0.20555532464804507,0.20555532460500983,0.24661524240398078,0.029252436983553808,utm,0,0.0,0.0,0,0.0
1789003736.0635855,71.4568727016449,21.0353155,105.868563,-9.624,-13.403828586332247,1.8500891987294117,590250.0550489549,2326301.6625756673,-3.0089042014442384,-11.017962797777727,1,1,4.0,4.0,3,4,3,4,WP3->WP4,1,0.1712912491824202,0.17129124924116784,0.26560199345533325,0.031504563548149095,utm,0,0.0,0.0,0,0.0
1789003736.1599407,71.55322790145874,21.0353153,105.86856279999999,-9.624,-13.42461777399032,1.827945701563428,590250.0343867613,2326301.640326032,-2.98614567425102,-11.038063095067628,1,1,4.0,4.0,3,4,3,4,WP3->WP4,1,0.14238745815037418,0.14238745819422238,0.2749048629599502,0.032608029827432244,utm,0,0.0,0.0,0,0.0
1789003736.273632,71.6669192314148,21.035315,105.8685627,-9.618,-13.435012367080777,1.7947304556383807,590250.0241761277,2326301.607064673,-2.952639775816351,-11.047440184629522,1,1,4.0,4.0,3,4,3,4,WP3->WP4,1,0.11721499186398049,0.11721499185823887,0.2989240627873466,0.03545708377274896,utm,0,0.0,0.0,0,0.0
1789003736.3730502,71.76633739471436,21.0353147,105.8685625,-9.621,-13.455801554738848,1.7615152097133338,590250.0035741647,2326301.5737467683,-2.9188179317861795,-11.067203953512944,1,1,4.0,4.0,3,4,3,4,WP3->WP4,1,0.08295091495209347,0.08295091494659015,0.3179108135047653,0.03770921029773446,utm,0,0.0,0.0,0,0.0
1789003736.4626803,71.85596752166748,21.0353144,105.8685624,-9.625,-13.466196147829304,1.7282999637882865,590249.9933635311,2326301.5404854096,-2.885312033817172,-11.076581043191254,1,1,4.0,4.0,3,4,3,4,WP3->WP4,1,0.05777844856415521,0.05777844850906203,0.3419300132752299,0.04055826423629818,utm,0,0.0,0.0,0,0.0
1789003736.5543506,71.94763779640198,21.0353142,105.8685622,-9.624,-13.486985335487375,1.7061564662701598,590249.9727013372,2326301.518235774,-2.8625535061582923,-11.096681340713985,1,1,4.0,4.0,3,4,3,4,WP3->WP4,1,0.028874656999748546,0.02887465703130047,0.351232883072162,0.04166173055025448,utm,0,0.0,0.0,0,0.0
1789003736.6632926,72.05657982826233,21.0353139,105.868562,-9.621,-13.507774523145446,1.6729412203451126,590249.9520993739,2326301.48491787,-2.8287316635251045,-11.116445109830238,1,1,4.0,4.0,3,4,3,4,WP3->WP4,1,0.005389419709049275,-0.005389419627983741,0.3702196328633603,0.04391385696537572,utm,0,0.0,0.0,0,0.0
1789003736.7610795,72.15436673164368,21.0353136,105.86856189999999,-9.624,-13.518169117713063,1.6397259744200654,590249.9418887389,2326301.451656511,-2.7952257650904357,-11.125822200905532,1,1,4.0,4.0,3,4,3,4,WP3->WP4,1,0.030561887238615863,-0.030561887284047188,0.39423883195064446,0.046762910822903514,utm,0,0.0,0.0,0,0.0
1789003736.8626106,72.25589776039124,21.0353134,105.8685617,-9.616,-13.538958303893974,1.6175824772540817,590249.9212265462,2326301.429406876,-2.7724672378972173,-11.14592249726411,1,1,4.0,4.0,3,4,3,4,WP3->WP4,1,0.05946567723057815,-0.05946567729090897,0.40354170150453667,0.047866377108031474,utm,0,0.0,0.0,0,0.0
1789003736.9628375,72.35612463951111,21.0353131,105.86856159999999,-9.612,-13.54935289846159,1.5843672313290347,590249.9110159096,2326301.3961455175,-2.73896133992821,-11.155299589852802,1,1,4.0,4.0,3,4,3,4,WP3->WP4,1,0.08463814623104451,-0.08463814626705235,0.4275608998517086,0.05071543087777035,utm,0,0.0,0.0,0,0.0
1789003737.0613556,72.45464277267456,21.0353128,105.86856139999999,-9.621,-13.570142086119665,1.5511519854039875,590249.8904139474,2326301.3628276126,-2.7051394963636994,-11.175063357921317,1,1,4.0,4.0,3,4,3,4,WP3->WP4,1,0.11890222240748165,-0.11890222246788877,0.4465476509676492,0.052967557450026806,utm,0,0.0,0.0,0,0.0
1789003737.161317,72.5546042919159,21.0353124,105.8685613,-9.613,-13.580536679210118,1.506864990719877,590249.8802635428,2326301.318497984,-2.6605702820234,-11.184103920822963,1,1,4.0,4.0,3,4,3,4,WP3->WP4,1,0.14943497627234295,-0.14943497619174467,0.48025073115387173,0.05696527153975097,utm,0,0.0,0.0,0,0.0
1789003737.2716143,72.66490149497986,21.0353121,105.8685612,-9.606,-13.590931272300574,1.4736497447948298,590249.8700529088,2326301.285236626,-2.6270643840543926,-11.193481010966934,1,1,4.0,4.0,3,4,3,4,WP3->WP4,1,0.17460744266028125,-0.17460744270617978,0.5042699303473628,0.05981432540987657,utm,0,0.0,0.0,0,0.0
1789003737.3677104,72.76099753379822,21.035311699999998,105.868561,-9.593,-13.611720459958647,1.4293627501107193,590249.8495111755,2326301.2408504495,-2.582179222255945,-11.21290825214237,1,1,4.0,4.0,3,4,3,4,WP3->WP4,1,0.21423180712599826,-0.2142318071042513,0.5329405635037748,0.06321511232601,utm,0,0.0,0.0,0,0.0
1789003737.457115,72.85040211677551,21.0353113,105.86856089999999,-9.575,-13.622115054526265,1.3850757557787519,590249.8393607694,2326301.196520821,-2.5376100074499846,-11.221948816557415,1,1,4.0,4.0,3,4,3,4,WP3->WP4,1,0.2447645621078503,-0.24476456214818712,0.566643642949885,0.06721282632794523,utm,0,0.0,0.0,0,0.0
1789003737.5614245,72.95471167564392,21.035311,105.86856069999999,-9.574,-13.642904242184335,1.3518605098537047,590249.8187588067,2326301.1632029163,-2.503788163885474,-11.241712584975176,1,1,4.0,4.0,3,4,3,4,WP3->WP4,1,0.27902863871510347,-0.27902863875520195,0.5856303938380989,0.06946495287318973,utm,0,0.0,0.0,0,0.0
1789003737.6681597,73.06144690513611,21.0353106,105.8685605,-9.567,-13.663693428365248,1.3075735151695942,590249.7982170745,2326301.1188167403,-2.458903002552688,-11.261139825102873,1,1,4.0,4.0,3,4,3,4,WP3->WP4,1,0.3186530020391922,-0.31865300201164515,0.614301027100718,0.07286573980192097,utm,0,0.0,0.0,0,0.0
1789003737.7638712,73.15715837478638,21.035310199999998,105.86856039999999,-9.548,-13.674088022932862,1.2632865204854835,590249.7880666681,2326301.0744871115,-2.414333787281066,-11.270180389750749,1,1,4.0,4.0,3,4,3,4,WP3->WP4,1,0.34918575755340486,-0.34918575748639696,0.6480041068391433,0.07686345383852937,utm,0,0.0,0.0,0,0.0
1789003737.8647275,73.25801467895508,21.0353098,105.8685603,-9.548,-13.68448261602332,1.218999526153516,590249.7779162643,2326301.0301574836,-2.369764573406428,-11.279220951837488,1,1,4.0,4.0,3,4,3,4,WP3->WP4,1,0.37971851035354487,-0.3797185102717138,0.6817071870177092,0.08086116792734534,utm,0,0.0,0.0,0,0.0
1789003737.9606512,73.35393834114075,21.0353094,105.8685601,-9.547,-13.70527180368139,1.1747125314694056,590249.7573745304,2326300.985771308,-2.324879412073642,-11.298648193595,1,1,4.0,4.0,3,4,3,4,WP3->WP4,1,0.41934287481926186,-0.41934287472205467,0.710377819077106,0.08426195471335554,utm,0,0.0,0.0,0,0.0
1789003738.0673115,73.4605987071991,21.035308999999998,105.86856,-9.547,-13.715666396771848,1.1304255367852951,590249.7472241252,2326300.941441679,-2.28031019680202,-11.307688757078722,1,1,4.0,4.0,3,4,3,4,WP3->WP4,1,0.4498756293949355,-0.4498756294090872,0.7440808997910268,0.088259668865673,utm,0,0.0,0.0,0,0.0
1789003738.166648,73.55993509292603,21.0353086,105.8685599,-9.551,-13.726060991339462,1.0861385424533274,590249.7370737199,2326300.8971120506,-2.2357409819960594,-11.31672932067886,1,1,4.0,4.0,3,4,3,4,WP3->WP4,1,0.4804083838690644,-0.4804083837422108,0.7777839796356588,0.09225738291487919,utm,0,0.0,0.0,0,0.0
1789003738.2716734,73.66496062278748,21.035308099999998,105.8685598,-9.547,-13.736455584429917,1.0307797990101535,590249.7269835449,2326300.841714151,-2.1801084498874843,-11.32543335610535,1,1,4.0,4.0,3,4,3,4,WP3->WP4,1,0.5163014247307575,-0.5163014248263074,0.8211709417977647,0.09740375734081917,utm,0,0.0,0.0,0,0.0
1789003738.3614538,73.75474095344543,21.0353077,105.86855969999999,-9.541,-13.746850178997535,0.9864928046781861,590249.7168331381,2326300.7973845233,-2.135539235547185,-11.334473921102472,1,1,4.0,4.0,3,4,3,4,WP3->WP4,1,0.5468341801434256,-0.5468341801502394,0.8548740205530377,0.10140147126081028,utm,0,0.0,0.0,0,0.0
1789003738.4669764,73.86026358604431,21.0353072,105.86855969999999,-9.541,-13.746850178997535,0.9311340612350122,590249.7171342905,2326300.74204317,-2.0802226490341127,-11.332791279419325,1,1,4.0,4.0,3,4,3,4,WP3->WP4,1,0.5736356125859748,-0.5736356125880182,0.9032934307434187,0.10714477297877457,utm,0,0.0,0.0,0,0.0
1789003738.5611815,73.95446872711182,21.0353067,105.8685596,-9.542,-13.75724477208799,0.8757753181439812,590249.7070441154,2326300.6866452713,-2.0245901169255376,-11.34149531496223,1,1,4.0,4.0,3,4,3,4,WP3->WP4,1,0.6095286535738501,-0.6095286535459324,0.9466803924424144,0.11229114734978242,utm,0,0.0,0.0,0,0.0
1789003738.6646602,74.05794739723206,21.0353063,105.8685596,-9.543,-13.75724477208799,0.8314883234598708,590249.7072850373,2326300.6423721896,-1.980336848180741,-11.340149201685563,1,1,4.0,4.0,3,4,3,4,WP3->WP4,1,0.6309697991980192,-0.6309697991065563,0.9854159198522117,0.1168857886360808,utm,0,0.0,0.0,0,0.0
1789003738.7624433,74.15573048591614,21.0353058,105.86855949999999,-9.541,-13.767639366655608,0.7761295803688398,590249.6971948621,2326300.5869742897,-1.9247043156065047,-11.348853237228468,1,1,4.0,4.0,3,4,3,4,WP3->WP4,1,0.6668628405920729,-0.6668628406214687,1.0288028823066324,0.12203216309669392,utm,0,0.0,0.0,0,0.0
1789003738.863388,74.25667524337769,21.035305299999997,105.8685594,-9.538,-13.778033959746063,0.7207708369256659,590249.6871046867,2326300.5315763913,-1.8690717844292521,-11.357557273004204,1,1,4.0,4.0,3,4,3,4,WP3->WP4,1,0.7027558816814928,-0.7027558815547453,1.0721898434855859,0.1271785374060166,utm,0,0.0,0.0,0,0.0
1789003738.961154,74.35444116592407,21.035304699999998,105.8685594,-9.545,-13.778033959746063,0.6543403450755717,590249.6874660695,2326300.4651667685,-1.8026918810792267,-11.35553810314741,1,1,4.0,4.0,3,4,3,4,WP3->WP4,1,0.7349176000038831,-0.7349176000603166,1.1302931347749055,0.1340704993561773,utm,0,0.0,0.0,0,0.0
1789003739.0645459,74.45783305168152,21.0353042,105.8685594,-9.544,-13.778033959746063,0.5989816019845408,590249.6877672217,2326300.4098254163,-1.7473752950318158,-11.353855461580679,1,1,4.0,4.0,3,4,3,4,WP3->WP4,1,0.7617190321417987,-0.7617190321441865,1.1787125440959978,0.1398138009710303,utm,0,0.0,0.0,0,0.0
1789003739.1611235,74.55441069602966,21.0353037,105.8685594,-9.547,-13.778033959746063,0.5436228588935099,590249.688068374,2326300.354484064,-1.6920587089844048,-11.352172820130363,1,1,4.0,4.0,3,4,3,4,WP3->WP4,1,0.7885204643812588,-0.7885204642280563,1.22713195341709,0.1455571025858833,utm,0,0.0,0.0,0,0.0
1789003739.2657905,74.65907764434814,21.035303199999998,105.8685594,-9.562,-13.778033959746063,0.48826411509819295,590249.6883695262,2326300.299142711,-1.6367421220056713,-11.350490178563632,1,1,4.0,4.0,3,4,3,4,WP3->WP4,1,0.8153218968238081,-0.8153218967673798,1.2755513635505393,0.15130040429709463,utm,0,0.0,0.0,0,0.0
1789003739.3626816,74.75596880912781,21.0353027,105.86855949999999,-9.561,-13.767639366655608,0.43290537200716206,590249.6990620061,2326300.2438579057,-1.581741482950747,-11.33842085977085,1,1,4.0,4.0,3,4,3,4,WP3->WP4,1,0.8330317194778585,-0.8330317194448446,1.329003220258345,0.15764063312787266,utm,0,0.0,0.0,0,0.0
1789003739.4668267,74.86011385917664,21.0353021,105.86855949999999,-9.561,-13.767639366655608,0.3664748801570678,590249.6994233888,2326300.1774482825,-1.5153615791350603,-11.33640168979764,1,1,4.0,4.0,3,4,3,4,WP3->WP4,1,0.8651934382310649,-0.8651934381781428,1.3871065119538428,0.16453259512621246,utm,0,0.0,0.0,0,0.0
1789003739.5686016,74.96188879013062,21.0353016,105.86855949999999,-9.577,-13.767639366655608,0.3111161370660369,590249.699724541,2326300.1221069302,-1.4600449935533106,-11.334719048347324,1,1,4.0,4.0,3,4,3,4,WP3->WP4,1,0.8919948701412534,-0.8919948702620125,1.4355259212749352,0.17027589674106547,utm,0,0.0,0.0,0,0.0
1789003739.6645827,75.05786991119385,21.035301,105.86855969999999,-9.56,-13.746850178997535,0.2446856452159426,590249.7208685795,2326300.0558104008,-1.3942969818599522,-11.31192652345635,1,1,4.0,4.0,3,4,3,4,WP3->WP4,1,0.9059733701544567,-0.9059733701055934,1.5036941083208335,0.17836171323969346,utm,0,0.0,0.0,0,0.0
1789003739.7599442,75.15323138237,21.035300499999998,105.8685598,-9.564,-13.736455584429917,0.1893269017727687,590249.731561061,2326300.000525595,-1.3392963418737054,-11.299857202917337,1,1,4.0,4.0,3,4,3,4,WP3->WP4,1,0.9236831915653343,-0.9236831915891606,1.5571459662318616,0.18470194221319258,utm,0,0.0,0.0,0,0.0
1789003739.863432,75.25671911239624,21.0352999,105.86856019999999,-9.559,-13.694877210590935,0.12289640992267442,590249.7734877556,2326299.93434216,-1.2741802232339978,-11.256291322526522,1,1,4.0,4.0,3,4,3,4,WP3->WP4,1,0.9194784720015395,-0.9194784719091191,1.6353790484497086,0.19398161319094157,utm,0,0.0,0.0,0,0.0
1789003739.961236,75.35452318191528,21.0352993,105.8685605,-9.535,-13.663693428365248,0.05646591807258014,590249.8050231239,2326299.8681021766,-1.2087481580674648,-11.22311211808119,1,1,4.0,4.0,3,4,3,4,WP3->WP4,1,0.9243653608568886,-0.9243653608724011,1.70857968477638,0.20266435713015976,utm,0,0.0,0.0,0,0.0
1789003740.0637424,75.45702958106995,21.0352988,105.86856089999999,-9.52,-13.622115054526265,0.0011071749815492447,590249.8468895885,2326299.812987012,-1.1546953562647104,-11.17988276539836,1,1,4.0,4.0,3,4,3,4,WP3->WP4,1,0.9148003542716245,-0.914800354262935,1.7771288853106586,0.2107953678063661,utm,0,0.0,0.0,0,0.0
1789003740.1557212,75.5490083694458,21.0352982,105.8685613,-9.509,-13.580536679210118,-0.06532331686854503,590249.8888162853,2326299.746803576,-1.0895792376250029,-11.136316882795654,1,1,4.0,4.0,3,4,3,4,WP3->WP4,1,0.9105956329322964,-0.910595632881273,1.8553619690163865,0.2200750389606011,utm,0,0.0,0.0,0,0.0
1789003740.28471,75.67799711227417,21.035297699999997,105.86856159999999,-9.502,-13.54935289846159,-0.12068206031171895,590249.9202914224,2326299.6916318643,-1.0352104897610843,-11.103474207338877,1,1,4.0,4.0,3,4,3,4,WP3->WP4,1,0.9101222356031706,-0.9101222355766674,1.9188787222208836,0.22760912242763542,utm,0,0.0,0.0,0,0.0
1789003740.360716,75.7540032863617,21.035297099999998,105.8685622,-9.485,-13.486985335487375,-0.18711255216181322,590249.9830007775,2326299.6255615233,-0.9707262646406889,-11.039134967024438,1,1,4.0,4.0,3,4,3,4,WP3->WP4,1,0.8877342926066772,-0.8877342925143085,2.0071767017740845,0.2380826481411192,utm,0,0.0,0.0,0,0.0
1789003740.4665534,75.85984063148499,21.035296499999998,105.86856259999999,-9.47,-13.445406961648391,-0.2535430440119075,590250.024927474,2326299.5593780875,-0.90561014553532,-10.995569084770977,1,1,4.0,4.0,3,4,3,4,WP3->WP4,1,0.8835295713688937,-0.88352957143728,2.0854097853090177,0.2473623192750953,utm,0,0.0,0.0,0,0.0
1789003740.566688,75.95997524261475,21.035296,105.8685632,-9.464,-13.383039398674175,-0.3089017871029384,590250.0875765979,2326299.504376017,-0.8521892372518778,-10.931566373445094,1,1,4.0,4.0,3,4,3,4,WP3->WP4,1,0.8557813425941037,-0.8557813425624872,2.164023882552401,0.25668718461275347,utm,0,0.0,0.0,0,0.0
1789003740.6657681,76.05905532836914,21.0352954,105.86856379999999,-9.452,-13.32067183717712,-0.37533227895303267,590250.150285953,2326299.438305676,-0.7877050116658211,-10.86722713324707,1,1,4.0,4.0,3,4,3,4,WP3->WP4,1,0.8333933995976104,-0.8333933996016727,2.2523218620486705,0.2671607103194843,utm,0,0.0,0.0,0,0.0
1789003740.764372,76.15765929222107,21.0352948,105.86856429999999,-9.429,-13.26869886877052,-0.441762770803127,590250.2026039802,2326299.3721787883,-0.7229048404842615,-10.813274570507929,1,1,4.0,4.0,3,4,3,4,WP3->WP4,1,0.8200970659834375,-0.8200970659210811,2.3355873936951164,0.2770373087553579,utm,0,0.0,0.0,0,0.0
1789003740.865652,76.25893926620483,21.035294099999998,105.86856499999999,-9.402,-13.19593671270585,-0.5192650114122846,590250.2757648955,2326299.2950967248,-0.6476732450537384,-10.7382121225819,1,1,4.0,4.0,3,4,3,4,WP3->WP4,1,0.7939777978351132,-0.7939777976923067,2.4386017027587394,0.289256422038517,utm,0,0.0,0.0,0,0.0
1789003740.965541,76.35882806777954,21.035293499999998,105.8685656,-9.395,-13.133569149731633,-0.585695503262379,590250.3384742533,2326299.2290263833,-0.5831890190020204,-10.673872879473493,1,1,4.0,4.0,3,4,3,4,WP3->WP4,1,0.7715898524291809,-0.7715898525221484,2.526899684027548,0.2997299479554988,utm,0,0.0,0.0,0,0.0
1789003741.0610516,76.4543387889862,21.035292899999998,105.86856619999999,-9.364,-13.071201588234576,-0.6521259951124732,590250.4011836092,2326299.1629560436,-0.5187047948129475,-10.609533638576977,1,1,4.0,4.0,3,4,3,4,WP3->WP4,1,0.7492019081895146,-0.7492019081673411,2.615197662703804,0.31020347356496314,utm,0,0.0,0.0,0,0.0
1789003741.1636927,76.55697989463806,21.0352923,105.86856689999999,-9.354,-12.998439432169905,-0.7185564869625675,590250.4742842952,2326299.096942251,-0.4545365171507001,-10.534807717660442,1,1,4.0,4.0,3,4,3,4,WP3->WP4,1,0.7177223522842712,-0.7177223521721475,2.7085280900192714,0.32127392653891845,utm,0,0.0,0.0,0,0.0
1789003741.2713566,76.66464376449585,21.0352917,105.86856739999999,-9.335,-12.946466463763304,-0.7849869788126618,590250.5266023248,2326299.0308153643,-0.3897363464348018,-10.480855152592994,1,1,4.0,4.0,3,4,3,4,WP3->WP4,1,0.7044260160575702,-0.7044260160052102,2.7917936219919937,0.3311505250134936,utm,0,0.0,0.0,0,0.0
1789003741.3679955,76.76128268241882,21.0352911,105.86856809999999,-9.32,-12.873704307698633,-0.851417470662756,590250.599703012,2326298.9648015713,-0.3255680683068931,-10.406129230512306,1,1,4.0,4.0,3,4,3,4,WP3->WP4,1,0.6729464593153323,-0.672946459222297,2.8851240502829563,0.342220978103158,utm,0,0.0,0.0,0,0.0
1789003741.4643583,76.8576455116272,21.0352905,105.86856879999999,-9.302,-12.80094215163396,-0.9178479625128503,590250.6728037011,2326298.89878778,-0.26139979250729084,-10.331403306685388,1,1,4.0,4.0,3,4,3,4,WP3->WP4,1,0.6414668999605663,-0.641466899903763,2.9784544778601125,0.3532914311081537,utm,0,0.0,0.0,0,0.0
1789003741.5606,76.95388722419739,21.035289799999997,105.8685694,-9.283,-12.738574588659743,-0.995350203122008,590250.7355732919,2326298.821649171,-0.1858522524125874,-10.266727532958612,1,1,4.0,4.0,3,4,3,4,WP3->WP4,1,0.6244392377450398,-0.6244392376565084,3.076436339855643,0.3649136172131811,utm,0,0.0,0.0,0,0.0
1789003741.6647456,77.05803275108337,21.0352893,105.8685701,-9.281,-12.665812432595072,-1.0507089462130388,590250.8086137497,2326298.76670365,-0.132747292984277,-10.192338138236664,1,1,4.0,4.0,3,4,3,4,WP3->WP4,1,0.5875993928150668,-0.5875993928548122,3.160082885472229,0.3748354098837774,utm,0,0.0,0.0,0,0.0
1789003741.762447,77.1557343006134,21.035288599999998,105.86857069999999,-9.259,-12.603444871098015,-1.1282111868221965,590250.8713833416,2326298.6895650406,-0.05719975242391229,-10.127662363345735,1,1,4.0,4.0,3,4,3,4,WP3->WP4,1,0.5705717295594567,-0.5705717295921114,3.2580647480370764,0.3864575960563348,utm,0,0.0,0.0,0,0.0
1789003741.869711,77.26299810409546,21.035287999999998,105.8685713,-9.243,-12.541077308123798,-1.1946416786722909,590250.9340927028,2326298.6234947024,0.007284469902515411,-10.063323116977699,1,1,4.0,4.0,3,4,3,4,WP3->WP4,1,0.548183779891645,-0.5481837798830719,3.346362728113656,0.3969311218318995,utm,0,0.0,0.0,0,0.0
1789003741.9566221,77.34990930557251,21.035287399999998,105.868572,-9.229,-12.468315152059127,-1.261072170522385,590251.0071933947,2326298.5574809117,0.07145274570211768,-9.988597190356813,1,1,4.0,4.0,3,4,3,4,WP3->WP4,1,0.5167042180505331,-0.5167042178997404,3.439693156650995,0.4080015749507879,utm,0,0.0,0.0,0,0.0
1789003742.0695214,77.46280860900879,21.035286799999998,105.8685726,-9.217,-12.405947590562072,-1.3275026623724793,590251.0699027557,2326298.491410574,0.13593696802854538,-9.924257944221608,1,1,4.0,4.0,3,4,3,4,WP3->WP4,1,0.49431626828117686,-0.49431626816606283,3.527991136207532,0.4184751006646675,utm,0,0.0,0.0,0,0.0
1789003742.1614287,77.55471587181091,21.035286199999998,105.8685733,-9.186,-12.3331854344974,-1.3939331542225737,590251.1430034474,2326298.4253967837,0.20010524289682508,-9.849532017717138,1,1,4.0,4.0,3,4,3,4,WP3->WP4,1,0.4628367061107936,-0.46283670605654925,3.62132156428176,0.4295455537286237,utm,0,0.0,0.0,0,0.0
1789003742.2771435,77.6704306602478,21.0352855,105.868574,-9.15,-12.260423278432727,-1.4714353944795884,590251.2161643724,2326298.3483147244,0.27533683413639665,-9.774469560245052,1,1,4.0,4.0,3,4,3,4,WP3->WP4,1,0.43671742743545,-0.4367174273500304,3.724335874415109,0.441764667138669,utm,0,0.0,0.0,0,0.0
1789003742.3746705,77.76795768737793,21.035285,105.8685747,-9.148,-12.187661122368057,-1.5267941379227623,590251.2892048339,2326298.2933692057,0.3284417912364006,-9.700080161797814,1,1,4.0,4.0,3,4,3,4,WP3->WP4,1,0.3998775782435974,-0.3998775781602723,3.807982419822618,0.4516864597844655,utm,0,0.0,0.0,0,0.0
1789003742.4691346,77.86242175102234,21.0352844,105.86857529999999,-9.136,-12.125293560871002,-1.5932246297728565,590251.351914197,2326298.2272988684,0.39292601263150573,-9.635740913683549,1,1,4.0,4.0,3,4,3,4,WP3->WP4,1,0.37748962649561824,-0.37748962637106526,3.8962803999977473,0.4621599855717197,utm,0,0.0,0.0,0,0.0
1789003742.563147,77.95643424987793,21.0352838,105.86857599999999,-9.118,-12.052531404806327,-1.6596551216229507,590251.4250148924,2326298.1612850795,0.45709428610280156,-9.561014983570203,1,1,4.0,4.0,3,4,3,4,WP3->WP4,1,0.346010060469534,-0.34601006043048793,3.9896108286183236,0.4732304387004814,utm,0,0.0,0.0,0,0.0
1789003742.6643066,78.05759382247925,21.0352832,105.8685766,-9.091,-11.990163841832112,-1.7260856134730451,590251.4877242577,2326298.0952147436,0.5215785061009228,-9.496675733127631,1,1,4.0,4.0,3,4,3,4,WP3->WP4,1,0.32362210590593754,-0.32362210592720814,4.077908808713551,0.48370396447825814,utm,0,0.0,0.0,0,0.0
1789003742.7646148,78.1579020023346,21.0352827,105.86857719999999,-9.082,-11.927796280335057,-1.7814443565640758,590251.5503733921,2326298.0402126783,0.5749994092620909,-9.432673011557199,1,1,4.0,4.0,3,4,3,4,WP3->WP4,1,0.29587386556404466,-0.29587386550995,4.156522906555895,0.4930288298869624,utm,0,0.0,0.0,0,0.0
1789003742.8575125,78.2507996559143,21.0352821,105.86857789999999,-9.075,-11.855034124270382,-1.8478748484141703,590251.6234740877,2326297.97419889,0.6391676822677255,-9.357947081327438,1,1,4.0,4.0,3,4,3,4,WP3->WP4,1,0.2643942992333265,-0.2643942991385567,4.249853334884156,0.5040992829810509,utm,0,0.0,0.0,0,0.0
1789003742.9637501,78.35703730583191,21.035281599999998,105.8685785,-9.059,-11.792666561296167,-1.9032335922094872,590251.6861232229,2326297.9191968245,0.6925885854288936,-9.293944358825684,1,1,4.0,4.0,3,4,3,4,WP3->WP4,1,0.2366460578267123,-0.23664605790894147,4.328467433181952,0.5134241484437789,utm,0,0.0,0.0,0,0.0
1789003743.0686364,78.46192359924316,21.035280999999998,105.86857909999999,-9.047,-11.730298999799112,-1.9696640840595814,590251.7488325903,2326297.853126489,0.7570728049613535,-9.229605106404051,1,1,4.0,4.0,3,4,3,4,WP3->WP4,1,0.21425810138603768,-0.21425810145167645,4.416765413838842,0.5238976742881776,utm,0,0.0,0.0,0,0.0
1789003743.166706,78.55999326705933,21.035280399999998,105.86857979999999,-9.026,-11.65753684373444,-2.036094575909676,590251.8219332875,2326297.787112702,0.8212410765700042,-9.154879174544476,1,1,4.0,4.0,3,4,3,4,WP3->WP4,1,0.18277853297515215,-0.18277853297547833,4.510095841745611,0.5349681273322705,utm,0,0.0,0.0,0,0.0
1789003743.2746942,78.66798138618469,21.0352799,105.86858029999999,-9.018,-11.60556387532784,-2.0914533190007067,590251.8741910948,2326297.7320540897,0.8749779257923365,-9.101263129734434,1,1,4.0,4.0,3,4,3,4,WP3->WP4,1,0.16412190148321903,-0.16412190145690195,4.5836774924859,0.5436960655588147,utm,0,0.0,0.0,0,0.0
1789003743.3636832,78.75697040557861,21.0352793,105.8685811,-9.003,-11.522407124695553,-2.1578838108508007,590251.9576831238,2326297.6660968517,0.9388302494771779,-9.016150516457856,1,1,4.0,4.0,3,4,3,4,WP3->WP4,1,0.12355071909886216,-0.12355071910932995,4.682040368147279,0.555363445862471,utm,0,0.0,0.0,0,0.0
1789003743.468547,78.86183428764343,21.0352788,105.8685817,-8.988,-11.460039563198496,-2.2132425539418317,590252.0203322599,2326297.6110947873,0.9922511512413621,-8.952147793141194,1,1,4.0,4.0,3,4,3,4,WP3->WP4,1,0.09580247667680188,-0.09580247661190451,4.760654466088172,0.5646883112828648,utm,0,0.0,0.0,0,0.0
1789003743.5630417,78.95632886886597,21.0352782,105.8685824,-8.97,-11.387277407133825,-2.279673045791926,590252.0934329607,2326297.5450810012,1.0564194223843515,-8.877421857672743,1,1,4.0,4.0,3,4,3,4,WP3->WP4,1,0.06432290471484914,-0.06432290463391431,4.853984894890536,0.5757587644331894,utm,0,0.0,0.0,0,0.0
1789003743.6655767,79.05886387825012,21.0352776,105.8685831,-8.949,-11.314515251069153,-2.3461035376420205,590252.1665336606,2326297.479067216,1.120587692130357,-8.802695923135616,1,1,4.0,4.0,3,4,3,4,WP3->WP4,1,0.03284333285444102,-0.03284333291128276,4.947315322482022,0.5868292174398848,utm,0,0.0,0.0,0,0.0
1789003743.7588,79.15208721160889,21.0352771,105.8685837,-8.944,-11.252147688094936,-2.401462281085194,590252.2291828009,2326297.424065153,1.1740085924975574,-8.738693195744418,1,1,4.0,4.0,3,4,3,4,WP3->WP4,1,0.005095086145863665,-0.00509508617661504,5.025929421196989,0.5961540829520958,utm,0,0.0,0.0,0,0.0
1789003743.867687,79.26097416877747,21.0352765,105.86858439999999,-8.925,-11.179385533507425,-2.4678927729352886,590252.3022835006,2326297.3580513676,1.2381768631748855,-8.66396726144012,1,1,4.0,4.0,3,4,3,4,WP3->WP4,1,0.02638448508063919,0.026384485115200154,5.119259849080789,0.6072245359934644,utm,0,0.0,0.0,0,0.0
1789003743.9628124,79.3560996055603,21.035276,105.868585,-8.932,-11.11701797053321,-2.5232515160263196,590252.3649326405,2326297.303049305,1.2915977630764246,-8.599964534398168,1,1,4.0,4.0,3,4,3,4,WP3->WP4,1,0.05413273178921654,0.05413273177296099,5.197873947218785,0.6165494014372375,utm,0,0.0,0.0,0,0.0
1789003744.0668085,79.46009564399719,21.0352754,105.86858559999999,-8.915,-11.054650409036153,-2.5896820078764136,590252.4276420128,2326297.2369789723,1.3560819798149168,-8.535625277087092,1,1,4.0,4.0,3,4,3,4,WP3->WP4,1,0.0765206939626704,0.07652069396300502,5.286171927886667,0.62702292728294,utm,0,0.0,0.0,0,0.0
1789003744.1646771,79.55796432495117,21.035275,105.86858629999999,-8.909,-10.98188825297148,-2.6339690025605242,590252.5006222511,2326297.193101729,1.3981236144900322,-8.461572399944998,1,1,4.0,4.0,3,4,3,4,WP3->WP4,1,0.11872083821666585,0.11872083814749902,5.360134590793929,0.6357960595303229,utm,0,0.0,0.0,0,0.0
1789003744.2710452,79.66433238983154,21.0352744,105.86858699999999,-8.876,-10.909126096906808,-2.7003994944106187,590252.5737229541,2326297.1270879447,1.4622918828390539,-8.386846462264657,1,1,4.0,4.0,3,4,3,4,WP3->WP4,1,0.1502004130957805,0.1502004130672888,5.453465019110213,0.6468665126229908,utm,0,0.0,0.0,0,0.0
1789003744.3695958,79.76288294792175,21.0352739,105.86858749999999,-8.876,-10.85715312850021,-2.755758237501649,590252.625980766,2326297.072029335,1.5160287297330797,-8.333230412914418,1,1,4.0,4.0,3,4,3,4,WP3->WP4,1,0.16885705001585896,0.16885705001400989,5.527046669690699,0.6555944508305798,utm,0,0.0,0.0,0,0.0
1789003744.4648733,79.85816049575806,21.035273399999998,105.86858819999999,-8.867,-10.784390972435537,-2.8111169809448233,590252.6990212378,2326297.0170838214,1.569133680779487,-8.258841004455462,1,1,4.0,4.0,3,4,3,4,WP3->WP4,1,0.20569691067327006,0.20569691064468906,5.610693215640236,0.6655162435406693,utm,0,0.0,0.0,0,0.0
1789003744.5610404,79.95432758331299,21.035272799999998,105.86858889999999,-8.846,-10.711628816370865,-2.8775474727949177,590252.7721219425,2326296.9510700386,1.633301948197186,-8.184115065145306,1,1,4.0,4.0,3,4,3,4,WP3->WP4,1,0.2371764876325521,0.2371764876692837,5.704023643535027,0.6765866965833416,utm,0,0.0,0.0,0,0.0
1789003744.6606805,80.05396771430969,21.0352723,105.86858959999999,-8.838,-10.638866660306192,-2.9329062158859487,590252.8451624167,2326296.896124526,1.6864068992435932,-8.109725654241629,1,1,4.0,4.0,3,4,3,4,WP3->WP4,1,0.27401635090249127,0.27401635088785337,5.7876701898677725,0.6865084893388855,utm,0,0.0,0.0,0,0.0
1789003744.7645693,80.15785646438599,21.0352717,105.8685903,-8.802,-10.566104504241519,-2.9993367077360427,590252.9182631224,2326296.8301107436,1.750575166195631,-8.03499971400015,1,1,4.0,4.0,3,4,3,4,WP3->WP4,1,0.30549592912958384,0.30549592905407613,5.881000617868773,0.6975789423941559,utm,0,0.0,0.0,0,0.0
1789003744.863593,80.25688028335571,21.0352712,105.868591,-8.813,-10.49334234817685,-3.0546954508270736,590252.9913035964,2326296.7751652324,1.803680115379393,-7.960610303329304,1,1,4.0,4.0,3,4,3,4,WP3->WP4,1,0.3423357928057015,0.34233579275273696,5.964647162869118,0.7075007349916562,utm,0,0.0,0.0,0,0.0
1789003744.9612858,80.35457301139832,21.035270699999998,105.8685916,-8.801,-10.430974785202633,-3.1100541942702478,590253.053952742,2326296.7201631716,1.857101013418287,-7.896607570583001,1,1,4.0,4.0,3,4,3,4,WP3->WP4,1,0.3700840453486027,0.37008404529709055,6.043261262172052,0.7168256005736094,utm,0,0.0,0.0,0,0.0
1789003745.063708,80.45699524879456,21.035270099999998,105.8685922,-8.787,-10.368607223705576,-3.1764846861203417,590253.116662118,2326296.6540928413,1.9215852273628116,-7.83226830966305,1,1,4.0,4.0,3,4,3,4,WP3->WP4,1,0.3924720116823914,0.39247201177365204,6.1315592425739265,0.7272991263877592,utm,0,0.0,0.0,0,0.0
1789003745.1646597,80.5579469203949,21.0352696,105.8685928,-8.779,-10.30623966073136,-3.2318434292113727,590253.1793112645,2326296.599090781,1.9750061249360442,-7.7682655761018395,1,1,4.0,4.0,3,4,3,4,WP3->WP4,1,0.42022026549310304,0.42022026535808976,6.210173341926135,0.7366239919755571,utm,0,0.0,0.0,0,0.0
1789003745.2718043,80.6650915145874,21.0352691,105.8685934,-8.774,-10.243872099234306,-3.2872021723024036,590253.2419604089,2326296.544088722,2.028427021112293,-7.70426284475252,1,1,4.0,4.0,3,4,3,4,WP3->WP4,1,0.4479685176051882,0.4479685176963595,6.288787438978108,0.745948857290511,utm,0,0.0,0.0,0,0.0
1789003745.3640127,80.75729990005493,21.0352686,105.8685939,-8.772,-10.191899130827705,-3.3425609157455773,590253.2942182247,2326296.489030114,2.0821638661436737,-7.650646791560575,1,1,4.0,4.0,3,4,3,4,WP3->WP4,1,0.46662515891332834,0.4666251587787788,6.362369090275736,0.7546767955831644,utm,0,0.0,0.0,0,0.0
1789003745.4634812,80.85676836967468,21.0352681,105.8685945,-8.753,-10.129531567853489,-3.3979196588366083,590253.3568673724,2326296.434028055,2.135584761854261,-7.586644056835212,1,1,4.0,4.0,3,4,3,4,WP3->WP4,1,0.49437341394257533,0.4943734140618426,6.440983188978728,0.764001661093955,utm,0,0.0,0.0,0,0.0
1789003745.5556014,80.94888854026794,21.035267599999997,105.868595,-8.754,-10.077558599446888,-3.4532784022797824,590253.4091251877,2326296.378969447,2.1893216064199805,-7.533028004108928,1,1,4.0,4.0,3,4,3,4,WP3->WP4,1,0.5130300548198994,0.5130300548642653,6.5145648395855185,0.7727295993046641,utm,0,0.0,0.0,0,0.0
1789003745.6649299,81.05821704864502,21.0352671,105.86859559999999,-8.766,-10.015191037949833,-3.5086371453708134,590253.4717743349,2326296.3239673884,2.242742502130568,-7.469025269849226,1,1,4.0,4.0,3,4,3,4,WP3->WP4,1,0.5407783097722395,0.5407783097411512,6.593178938060783,0.7820544647884428,utm,0,0.0,0.0,0,0.0
1789003745.7614105,81.15469765663147,21.0352665,105.8685962,-8.744,-9.952823474975617,-3.5750676372209074,590253.5344837154,2326296.2578970594,2.30722671514377,-7.404686004505493,1,1,4.0,4.0,3,4,3,4,WP3->WP4,1,0.5631662807987238,0.5631662808611329,6.6814769194644565,0.7925279907214217,utm,0,0.0,0.0,0,0.0
1789003745.8672886,81.26057577133179,21.035266,105.86859679999999,-8.732,-9.890455913478561,-3.6304263803119383,590253.5971328635,2326296.202895002,2.360647609923035,-7.340683269430883,1,1,4.0,4.0,3,4,3,4,WP3->WP4,1,0.5909145370957812,0.5909145371320106,6.760091017119708,0.8018528561079339,utm,0,0.0,0.0,0,0.0
1789003745.962432,81.35571908950806,21.035265499999998,105.8685972,-8.73,-9.848877538162418,-3.6857851237551125,590253.6389993511,2326296.147779845,2.414700402878225,-7.297453894047067,1,1,4.0,4.0,3,4,3,4,WP3->WP4,1,0.6004795676768835,0.6004795676171212,6.8286402219645,0.8099838672954347,utm,0,0.0,0.0,0,0.0
1789003746.0646555,81.4579427242279,21.0352651,105.8685977,-8.733,-9.796904569755815,-3.73007211808708,590253.6911969365,2326296.1037895093,2.4573739282786846,-7.244174369028769,1,1,4.0,4.0,3,4,3,4,WP3->WP4,1,0.6244964962095821,0.6244964961336936,6.89253798972612,0.8175631450668169,utm,0,0.0,0.0,0,0.0
1789003746.1643662,81.55765342712402,21.0352647,105.8685981,-8.719,-9.755326194439672,-3.77435911277119,590253.7330031916,2326296.0597426235,2.500363403465599,-7.201281524030492,1,1,4.0,4.0,3,4,3,4,WP3->WP4,1,0.6394218116304416,0.6394218115419738,6.951403311228668,0.8245454957560301,utm,0,0.0,0.0,0,0.0
1789003746.2829864,81.67627358436584,21.035264299999998,105.86859849999999,-8.718,-9.71374782060069,-3.818646107455301,590253.7748094457,2326296.015695737,2.543352878652513,-7.158388680079952,1,1,4.0,4.0,3,4,3,4,WP3->WP4,1,0.6543471257834905,0.6543471258086253,7.010268632625008,0.8315278464326454,utm,0,0.0,0.0,0,0.0
1789003746.3626678,81.75595498085022,21.035263999999998,105.8685989,-8.71,-9.672169445284545,-3.851861353380348,590253.8165554684,2326295.982717123,2.57527903560549,-7.115832365350798,1,1,4.0,4.0,3,4,3,4,WP3->WP4,1,0.6746327263487413,0.6746327263678022,7.059450070379134,0.8373615365753919,utm,0,0.0,0.0,0,0.0
1789003746.4594862,81.85277342796326,21.035263699999998,105.86859919999999,-8.713,-9.640985664536018,-3.8850765993053953,590253.8479101593,2326295.9496819586,2.6075211418792605,-7.083662732038647,1,1,4.0,4.0,3,4,3,4,WP3->WP4,1,0.6858267126605244,0.6858267126001518,7.103599061191006,0.8425982995549333,utm,0,0.0,0.0,0,0.0
1789003746.5685806,81.96186780929565,21.0352633,105.8685995,-8.703,-9.609801882310327,-3.9293635936373628,590253.8793250846,2326295.905578525,2.6508265645243227,-7.051156566478312,1,1,4.0,4.0,3,4,3,4,WP3->WP4,1,0.6916604161880799,0.6916604163187706,7.157431935094426,0.8489837230030257,utm,0,0.0,0.0,0,0.0
1789003746.6697848,82.06307196617126,21.035263099999998,105.86859969999999,-8.694,-9.589012696129418,-3.9515070911554893,590253.900228212,2326295.8835550826,2.6723213009536266,-7.029710144153796,1,1,4.0,4.0,3,4,3,4,WP3->WP4,1,0.6991230741015988,0.6991230742121836,7.186864595151033,0.852474898265234,utm,0,0.0,0.0,0,0.0
1789003746.7631876,82.15647482872009,21.035262799999998,105.8686,-8.69,-9.557828913903728,-3.9847223370805365,590253.9315829045,2326295.850519919,2.7045634067617357,-6.997540509211831,1,1,4.0,4.0,3,4,3,4,WP3->WP4,1,0.7103170621889155,0.710317062093885,7.231013586353772,0.8577116612911383,utm,0,0.0,0.0,0,0.0
1789003746.867614,82.26090121269226,21.035262499999998,105.86860019999999,-8.69,-9.537039727722817,-4.017937583005584,590253.9525462639,2326295.817428205,2.737121461890638,-6.975757556967437,1,1,4.0,4.0,3,4,3,4,WP3->WP4,1,0.7124194344256827,0.7124194344302236,7.2701301299310765,0.8623514970728015,utm,0,0.0,0.0,0,0.0
1789003746.967571,82.36085820198059,21.0352622,105.86860039999999,-8.678,-9.516250540064744,-4.051152828930631,590253.973509626,2326295.7843364924,2.769679515622556,-6.953974602045491,1,1,4.0,4.0,3,4,3,4,WP3->WP4,1,0.7145218095796118,0.7145218095575412,7.309246674005453,0.8669913329134252,utm,0,0.0,0.0,0,0.0
1789003747.0675025,82.46078968048096,21.035262,105.8686007,-8.665,-9.485066757839057,-4.073296326096615,590254.0048040857,2326295.762369599,2.790858304128051,-6.922141497838311,1,1,4.0,4.0,3,4,3,4,WP3->WP4,1,0.7310760818727805,0.7310760818300511,7.34371178210133,0.8710794354689619,utm,0,0.0,0.0,0,0.0
1789003747.1635864,82.55687355995178,21.0352617,105.86860089999999,-8.664,-9.464277571658144,-4.106511572021661,590254.0257674467,2326295.7292778865,2.823416357859969,-6.900358543964103,1,1,4.0,4.0,3,4,3,4,WP3->WP4,1,0.7331784560881704,0.7331784560434677,7.382828325663321,0.8757192712488088,utm,0,0.0,0.0,0,0.0
1789003747.273365,82.6666522026062,21.0352616,105.868601,-8.649,-9.45388297709053,-4.117583320780725,590254.0362190106,2326295.7182661653,2.8341637263074517,-6.889635332627222,1,1,4.0,4.0,3,4,3,4,WP3->WP4,1,0.7369097850957022,0.7369097851424913,7.397544655777023,0.8774648588900424,utm,0,0.0,0.0,0,0.0
1789003747.357419,82.7507061958313,21.0352614,105.86860109999999,-8.641,-9.443488384000073,-4.139726817946709,590254.0467308077,2326295.696186174,2.8559744115918875,-6.87857559020631,1,1,4.0,4.0,3,4,3,4,WP3->WP4,1,0.7352808304051051,0.7352808304846111,7.421944868819135,0.8803591069804765,utm,0,0.0,0.0,0,0.0
1789003747.4679198,82.86120700836182,21.0352612,105.8686013,-8.633,-9.422699196342002,-4.161870315112693,590254.067633937,2326295.6741627315,2.877469148952514,-6.857129166019149,1,1,4.0,4.0,3,4,3,4,WP3->WP4,1,0.7427434897895239,0.7427434897750113,7.451377530192829,0.883850282398912,utm,0,0.0,0.0,0,0.0
1789003747.5619287,82.95521593093872,21.035261,105.86860139999999,-8.618,-9.412304603251545,-4.18401381263082,590254.0781457329,2326295.65208274,2.899279834702611,-6.8460694247623906,1,1,4.0,4.0,3,4,3,4,WP3->WP4,1,0.7411145338557537,0.7411145337724135,7.475777743014869,0.8867445304632421,utm,0,0.0,0.0,0,0.0
1789003747.6649797,83.05826687812805,21.0352609,105.86860159999999,-8.614,-9.391515415593473,-4.1950855610377396,590254.0989886288,2326295.641127568,2.9097112538293004,-6.824959531775676,1,1,4.0,4.0,3,4,3,4,WP3->WP4,1,0.7539374773444798,0.7539374772751715,7.495526520647798,0.8890870453361189,utm,0,0.0,0.0,0,0.0
1789003747.7624843,83.15577149391174,21.0352607,105.8686018,-8.603,-9.3707262279354,-4.2172290585558665,590254.1198917569,2326295.619104126,2.9312059907242656,-6.803513108752668,1,1,4.0,4.0,3,4,3,4,WP3->WP4,1,0.7614001356641772,0.7614001357778525,7.524959181045998,0.8925782206388454,utm,0,0.0,0.0,0,0.0
1789003747.864921,83.25820827484131,21.035260599999997,105.8686019,-8.589,-9.360331633367785,-4.228300807667073,590254.1303433223,2326295.6080924044,2.9419533596374094,-6.792789895902388,1,1,4.0,4.0,3,4,3,4,WP3->WP4,1,0.7651314660410641,0.765131465969229,7.5396755123059895,0.8943238084160471,utm,0,0.0,0.0,0,0.0
1789003747.9624221,83.35570931434631,21.0352604,105.868602,-8.585,-9.349937040277329,-4.250444304480913,590254.1408551196,2326295.5860124133,2.963764044921845,-6.781730153248645,1,1,4.0,4.0,3,4,3,4,WP3->WP4,1,0.7635025114520114,0.7635025114128934,7.564075725405033,0.8972180565132342,utm,0,0.0,0.0,0,0.0
1789003748.064848,83.45813512802124,21.035260299999997,105.86860209999999,-8.579,-9.339542447186872,-4.26151605359212,590254.1513066837,2326295.575000691,2.974511413834989,-6.771006941678934,1,1,4.0,4.0,3,4,3,4,WP3->WP4,1,0.7672338402564541,0.7672338402595524,7.5787920564449545,0.8989636442643321,utm,0,0.0,0.0,0,0.0
1789003748.161927,83.55521416664124,21.035260299999997,105.86860209999999,-8.573,-9.339542447186872,-4.26151605359212,590254.1513066837,2326295.575000691,2.974511413834989,-6.771006941678934,1,1,4.0,4.0,3,4,3,4,WP3->WP4,1,0.7672338402564541,0.7672338402595524,7.5787920564449545,0.8989636442643321,utm,0,0.0,0.0,0,0.0
1789003748.26586,83.65914726257324,21.0352602,105.8686022,-8.565,-9.329147852619258,-4.272587801646898,590254.1617582478,2326295.5639889706,2.9852587818168104,-6.760283730109222,1,1,4.0,4.0,3,4,3,4,WP3->WP4,1,0.7709651698978911,0.7709651697893923,7.5935083862663415,0.9007092318708926,utm,0,0.0,0.0,0,0.0
1789003748.3724523,83.76573944091797,21.0352601,105.8686022,-8.567,-9.329147852619258,-4.283659550758104,590254.161818481,2326295.5529207,2.996322099119425,-6.759947199025191,1,1,4.0,4.0,3,4,3,4,WP3->WP4,1,0.7656048856674015,0.7656048858047612,7.603192269600928,0.901857892368272,utm,0,0.0,0.0,0,0.0
1789003748.4641736,83.8574607372284,21.035259999999997,105.8686022,-8.559,-9.329147852619258,-4.294731299517167,590254.1618787143,2326295.541852429,3.0073854168877006,-6.759610667824745,1,1,4.0,4.0,3,4,3,4,WP3->WP4,1,0.760244601563094,0.7602446015924035,7.612876153341696,0.9030065529138307,utm,0,0.0,0.0,0,0.0
1789003748.5614002,83.95468735694885,21.0352599,105.86860229999999,-8.559,-9.318753259528801,-4.305803047571945,590254.1723302784,2326295.530840709,3.0181327844038606,-6.748887456371449,1,1,4.0,4.0,3,4,3,4,WP3->WP4,1,0.7639759314076203,0.7639759313499703,7.627592482756904,0.9047521404722121,utm,0,0.0,0.0,0,0.0
1789003748.6657445,84.05903172492981,21.0352598,105.86860229999999,-8.554,-9.318753259528801,-4.316874796683151,590254.1723905117,2326295.519772438,3.0291961021721363,-6.748550925171003,1,1,4.0,4.0,3,4,3,4,WP3->WP4,1,0.758615647075586,0.7586156471376126,7.63727636649767,0.9059008010177707,utm,0,0.0,0.0,0,0.0
1789003748.7611628,84.15444993972778,21.035259699999997,105.8686024,-8.548,-9.308358664961185,-4.327946545442215,590254.1828420772,2326295.5087607168,3.039943470619619,-6.737827712204307,1,1,4.0,4.0,3,4,3,4,WP3->WP4,1,0.7623469776555621,0.7623469776582602,7.651992697408416,0.9076463887535463,utm,0,0.0,0.0,0,0.0
1789003748.8655896,84.25887680053711,21.0352596,105.8686024,-8.543,-9.308358664961185,-4.339018293496991,590254.1829023105,2326295.4976924467,3.0510067869909108,-6.737491181003861,1,1,4.0,4.0,3,4,3,4,WP3->WP4,1,0.7569866938558886,0.7569866939013564,7.661676580336824,0.9087950492027465,utm,0,0.0,0.0,0,0.0
1789003748.9625475,84.35583472251892,21.0352595,105.8686025,-8.54,-9.29796407187073,-4.3500900426081985,590254.1933538746,2326295.486680725,3.0617541559040546,-6.72676796943415,1,1,4.0,4.0,3,4,3,4,WP3->WP4,1,0.7607180228634203,0.7607180229757429,7.676392910970567,0.9105406369056652,utm,0,0.0,0.0,0,0.0
1789003749.06451,84.45779728889465,21.0352595,105.8686025,-8.534,-9.29796407187073,-4.3500900426081985,590254.1933538746,2326295.486680725,3.0617541559040546,-6.72676796943415,1,1,4.0,4.0,3,4,3,4,WP3->WP4,1,0.7607180228634203,0.7607180229757429,7.676392910970567,0.9105406369056652,utm,0,0.0,0.0,0,0.0
1789003749.1567266,84.55001378059387,21.035259399999997,105.86860259999999,-8.526,-9.287569478780274,-4.361161791367262,590254.2038054375,2326295.475669004,3.0725015243515372,-6.716044759028591,1,1,4.0,4.0,3,4,3,4,WP3->WP4,1,0.7644493513632291,0.7644493512624094,7.691109240628816,0.9122862244928751,utm,0,0.0,0.0,0,0.0
1789003749.276098,84.66938519477844,21.0352593,105.8686027,-8.534,-9.277174884212657,-4.372233539422039,590254.214257003,2326295.4646572834,3.0832488923333585,-6.705321546178311,1,1,4.0,4.0,3,4,3,4,WP3->WP4,1,0.7681806821462944,0.7681806820107848,7.705825571133384,0.9140318121804716,utm,0,0.0,0.0,0,0.0
1789003749.3671188,84.76040601730347,21.0352592,105.8686027,-8.537,-9.277174884212657,-4.383305288533245,590254.2143172363,2326295.4535890124,3.094312209635973,-6.704985014977865,1,1,4.0,4.0,3,4,3,4,WP3->WP4,1,0.7628203978142603,0.7628203977984263,7.715509454874151,0.9151804727260303,utm,0,0.0,0.0,0,0.0
1789003749.4641776,84.85746479034424,21.035259099999998,105.86860279999999,-8.54,-9.2667802911222,-4.394377037292308,590254.2247688005,2326295.4425772913,3.1050595780834556,-6.694261803291738,1,1,4.0,4.0,3,4,3,4,WP3->WP4,1,0.766551727252608,0.7665517272020845,7.730225785158647,0.9169260603875229,utm,0,0.0,0.0,0,0.0
1789003749.5626476,84.95593476295471,21.035259,105.86860279999999,-8.544,-9.2667802911222,-4.405448785699229,590254.2248290338,2326295.4315090207,3.11612289538607,-6.693925272091292,1,1,4.0,4.0,3,4,3,4,WP3->WP4,1,0.761191443123663,0.7611914432174538,7.739909668493236,0.9180747208849025,utm,0,0.0,0.0,0,0.0
1789003749.6646996,85.05798673629761,21.035259,105.86860279999999,-8.546,-9.2667802911222,-4.405448785699229,590254.2248290338,2326295.4315090207,3.11612289538607,-6.693925272091292,1,1,4.0,4.0,3,4,3,4,WP3->WP4,1,0.761191443123663,0.7611914432174538,7.739909668493236,0.9180747208849025,utm,0,0.0,0.0,0,0.0
1789003749.7643938,85.15768098831177,21.0352589,105.8686029,-8.542,-9.256385696554586,-4.416520534458292,590254.2352805994,2326295.4204973,3.1268702633678913,-6.683202059124596,1,1,4.0,4.0,3,4,3,4,WP3->WP4,1,0.7649227739067284,0.7649227740673732,7.754625999054734,0.9198203085792518,utm,0,0.0,0.0,0,0.0
1789003749.8681138,85.26140093803406,21.035258799999998,105.8686029,-8.543,-9.256385696554586,-4.427592283217356,590254.2353408327,2326295.409429029,3.137933581136167,-6.68286552792415,1,1,4.0,4.0,3,4,3,4,WP3->WP4,1,0.7595624898024209,0.7595624898550155,7.7643098827955015,0.9209689691248105,utm,0,0.0,0.0,0,0.0
1789003749.9635284,85.35681557655334,21.0352587,105.8686029,-8.546,-9.256385696554586,-4.438664031624276,590254.235401066,2326295.3983607595,3.148996897507459,-6.682528996840119,1,1,4.0,4.0,3,4,3,4,WP3->WP4,1,0.7542022062058366,0.7542022063258378,7.773993765317733,0.9221176295258318,utm,0,0.0,0.0,0,0.0
1789003750.0597355,85.45302271842957,21.0352587,105.8686029,-8.542,-9.256385696554586,-4.438664031624276,590254.235401066,2326295.3983607595,3.148996897507459,-6.682528996840119,1,1,4.0,4.0,3,4,3,4,WP3->WP4,1,0.7542022062058366,0.7542022063258378,7.773993765317733,0.9221176295258318,utm,0,0.0,0.0,0,0.0
1789003750.164767,85.5580542087555,21.0352586,105.868603,-8.538,-9.24599110346413,-4.44973578038334,590254.245852629,2326295.3873490384,3.1597442659549415,-6.671805786434561,1,1,4.0,4.0,3,4,3,4,WP3->WP4,1,0.7579335347056452,0.7579335346125052,7.788710094975978,0.9238632171130412,utm,0,0.0,0.0,0,0.0
1789003750.2809749,85.67426204681396,21.035258499999998,105.8686029,-8.54,-9.256385696554586,-4.460807529142403,590254.2355215327,2326295.376224218,3.171123532112688,-6.681855934322812,1,1,4.0,4.0,3,4,3,4,WP3->WP4,1,0.7434816383018554,0.7434816382303947,7.7933615324500165,0.9244149505755227,utm,0,0.0,0.0,0,0.0
1789003750.364056,85.75734329223633,21.035258499999998,105.868603,-8.542,-9.24599110346413,-4.460807529142403,590254.2459128624,2326295.376280767,3.1708075841888785,-6.6714692551176995,1,1,4.0,4.0,3,4,3,4,WP3->WP4,1,0.7525732502720663,0.7525732502739649,7.798393979179857,0.9250118777135322,utm,0,0.0,0.0,0,0.0
1789003750.468582,85.86186909675598,21.0352584,105.868603,-8.537,-9.24599110346413,-4.4718792775493235,590254.2459730958,2326295.3652124973,3.1818709005601704,-6.671132723917253,1,1,4.0,4.0,3,4,3,4,WP3->WP4,1,0.7472129670047534,0.7472129668463318,7.808077861759019,0.9261605381213064,utm,0,0.0,0.0,0,0.0
1789003750.563769,85.9570562839508,21.0352584,105.868603,-8.542,-9.24599110346413,-4.4718792775493235,590254.2459730958,2326295.3652124973,3.1818709005601704,-6.671132723917253,1,1,4.0,4.0,3,4,3,4,WP3->WP4,1,0.7472129670047534,0.7472129668463318,7.808077861759019,0.9261605381213064,utm,0,0.0,0.0,0,0.0
1789003750.6665998,86.05988693237305,21.0352583,105.868603,-8.542,-9.24599110346413,-4.4829510263083865,590254.246033329,2326295.354144226,3.192934218328446,-6.670796192716807,1,1,4.0,4.0,3,4,3,4,WP3->WP4,1,0.74185268246963,0.7418526824062476,7.817761745905962,0.9273091987150439,utm,0,0.0,0.0,0,0.0
1789003750.76442,86.15770721435547,21.035258199999998,105.868603,-8.54,-9.24599110346413,-4.49402277506745,590254.2460935623,2326295.343075956,3.203997534699738,-6.670459661632776,1,1,4.0,4.0,3,4,3,4,WP3->WP4,1,0.7364923988730455,0.7364923988770707,7.827445628428194,0.9284578591160653,utm,0,0.0,0.0,0,0.0
1789003750.8671618,86.2604489326477,21.035258199999998,105.868603,-8.543,-9.24599110346413,-4.49402277506745,590254.2460935623,2326295.343075956,3.203997534699738,-6.670459661632776,1,1,4.0,4.0,3,4,3,4,WP3->WP4,1,0.7364923988730455,0.7364923988770707,7.827445628428194,0.9284578591160653,utm,0,0.0,0.0,0,0.0
1789003750.9574213,86.35070848464966,21.0352581,105.868603,-8.541,-9.24599110346413,-4.50509452347437,590254.2461537957,2326295.3320076857,3.2150608520023525,-6.670123130315915,1,1,4.0,4.0,3,4,3,4,WP3->WP4,1,0.7311321149718274,0.731132114993984,7.837129511819713,0.9296065196201977,utm,0,0.0,0.0,0,0.0
1789003751.0674598,86.4607470035553,21.035258,105.868603,-8.544,-9.24599110346413,-4.516166272233434,590254.246214029,2326295.3209394147,3.226124169770628,-6.669786599115469,1,1,4.0,4.0,3,4,3,4,WP3->WP4,1,0.72577183086752,0.7257718307816268,7.84681339556048,0.9307551801657564,utm,0,0.0,0.0,0,0.0
1789003751.1642025,86.55748963356018,21.035257899999998,105.868603,-8.539,-9.24599110346413,-4.527238020992497,590254.2462742624,2326295.3098711446,3.2371874866075814,-6.669450067915022,1,1,4.0,4.0,3,4,3,4,WP3->WP4,1,0.7204115471693908,0.720411547126267,7.856497278545822,0.9319038406217098,utm,0,0.0,0.0,0,0.0
1789003751.2761476,86.6694347858429,21.035257899999998,105.868603,-8.537,-9.24599110346413,-4.527238020992497,590254.2462742624,2326295.3098711446,3.2371874866075814,-6.669450067915022,1,1,4.0,4.0,3,4,3,4,WP3->WP4,1,0.7204115471693908,0.720411547126267,7.856497278545822,0.9319038406217098,utm,0,0.0,0.0,0,0.0
1789003751.3648307,86.75811791419983,21.0352578,105.868603,-8.532,-9.24599110346413,-4.538309769399418,590254.2463344957,2326295.2988028736,3.248250803910196,-6.669113536714576,1,1,4.0,4.0,3,4,3,4,WP3->WP4,1,0.7150512628373566,0.7150512629139093,7.866181162286589,0.9330525011672685,utm,0,0.0,0.0,0,0.0
1789003751.4675088,86.86079597473145,21.0352578,105.868603,-8.53,-9.24599110346413,-4.538309769399418,590254.2463344957,2326295.2988028736,3.248250803910196,-6.669113536714576,1,1,4.0,4.0,3,4,3,4,WP3->WP4,1,0.7150512628373566,0.7150512629139093,7.866181162286589,0.9330525011672685,utm,0,0.0,0.0,0,0.0
1789003751.563628,86.95691514015198,21.0352577,105.8686029,-8.525,-9.256385696554586,-4.549381518158481,590254.2360033995,2326295.2876780536,3.259630070067942,-6.679163684719242,1,1,4.0,4.0,3,4,3,4,WP3->WP4,1,0.7005993668643828,0.7005993667595257,7.870832599354446,0.9336042345815705,utm,0,0.0,0.0,0,0.0
1789003751.6681137,87.06140089035034,21.035257599999998,105.8686029,-8.52,-9.256385696554586,-4.560453266917544,590254.2360636328,2326295.276609783,3.2706933873705566,-6.678827153635211,1,1,4.0,4.0,3,4,3,4,WP3->WP4,1,0.6952390828616201,0.695239082774895,7.880516482689034,0.93475289507895,utm,0,0.0,0.0,0,0.0
1789003751.7634275,87.15671467781067,21.035257599999998,105.8686029,-8.517,-9.256385696554586,-4.560453266917544,590254.2360636328,2326295.276609783,3.2706933873705566,-6.678827153635211,1,1,4.0,4.0,3,4,3,4,WP3->WP4,1,0.6952390828616201,0.695239082774895,7.880516482689034,0.93475289507895,utm,0,0.0,0.0,0,0.0
1789003751.8598304,87.25311756134033,21.035257599999998,105.86860279999999,-8.515,-9.2667802911222,-4.560453266917544,590254.2256723004,2326295.2765532336,3.2710093362256885,-6.689213835517876,1,1,4.0,4.0,3,4,3,4,WP3->WP4,1,0.6861474682788811,0.6861474681680709,7.875484035055946,0.9341559678338011,utm,0,0.0,0.0,0,0.0
1789003751.964589,87.35787630081177,21.0352575,105.86860279999999,-8.512,-9.2667802911222,-4.571525015324465,590254.2257325338,2326295.2654849635,3.2820726525969803,-6.68887730431743,1,1,4.0,4.0,3,4,3,4,WP3->WP4,1,0.680787184580752,0.680787184512712,7.885167918041286,0.9353046282897542,utm,0,0.0,0.0,0,0.0
1789003752.0666096,87.45989680290222,21.0352575,105.86860279999999,-8.507,-9.2667802911222,-4.571525015324465,590254.2257325338,2326295.2654849635,3.2820726525969803,-6.68887730431743,1,1,4.0,4.0,3,4,3,4,WP3->WP4,1,0.680787184580752,0.680787184512712,7.885167918041286,0.9353046282897542,utm,0,0.0,0.0,0,0.0
1789003752.1648057,87.55809283256531,21.0352575,105.86860279999999,-8.505,-9.2667802911222,-4.571525015324465,590254.2257325338,2326295.2654849635,3.2820726525969803,-6.68887730431743,1,1,4.0,4.0,3,4,3,4,WP3->WP4,1,0.680787184580752,0.680787184512712,7.885167918041286,0.9353046282897542,utm,0,0.0,0.0,0,0.0
1789003752.2836888,87.67697596549988,21.0352574,105.86860279999999,-8.499,-9.2667802911222,-4.582596764083528,590254.2257927671,2326295.2544166935,3.2931359694339335,-6.6885407731169835,1,1,4.0,4.0,3,4,3,4,WP3->WP4,1,0.6754269007810784,0.6754269007558082,7.894851800969695,0.9364532887389546,utm,0,0.0,0.0,0,0.0
1789003752.3636737,87.75696086883545,21.0352574,105.86860279999999,-8.496,-9.2667802911222,-4.582596764083528,590254.2257927671,2326295.2544166935,3.2931359694339335,-6.6885407731169835,1,1,4.0,4.0,3,4,3,4,WP3->WP4,1,0.6754269007810784,0.6754269007558082,7.894851800969695,0.9364532887389546,utm,0,0.0,0.0,0,0.0
1789003752.4733279,87.86661505699158,21.035257299999998,105.86860279999999,-8.497,-9.2667802911222,-4.593668512842592,590254.2258530005,2326295.2433484225,3.3041992872022092,-6.688204241916537,1,1,4.0,4.0,3,4,3,4,WP3->WP4,1,0.6700666165505887,0.6700666166449946,7.904535684767394,0.9376019492912663,utm,0,0.0,0.0,0,0.0
1789003752.571031,87.96431827545166,21.035257299999998,105.8686027,-8.492,-9.277174884212657,-4.593668512842592,590254.2154616695,2326295.2432918726,3.3045152365230024,-6.698590922518633,1,1,4.0,4.0,3,4,3,4,WP3->WP4,1,0.6609750028048443,0.6609750029274354,7.899503238166731,0.9370050221685792,utm,0,0.0,0.0,0,0.0
1789003752.668682,88.06196928024292,21.0352572,105.8686027,-8.487,-9.277174884212657,-4.604740261249512,590254.2155219028,2326295.2322236025,3.3155785533599555,-6.698254391434602,1,1,4.0,4.0,3,4,3,4,WP3->WP4,1,0.6556147191067153,0.6556147191705307,7.90918712109514,0.9381536826177795,utm,0,0.0,0.0,0,0.0
1789003752.760711,88.15399813652039,21.0352572,105.8686027,-8.486,-9.277174884212657,-4.604740261249512,590254.2155219028,2326295.2322236025,3.3155785533599555,-6.698254391434602,1,1,4.0,4.0,3,4,3,4,WP3->WP4,1,0.6556147191067153,0.6556147191705307,7.90918712109514,0.9381536826177795,utm,0,0.0,0.0,0,0.0
1789003752.8693998,88.26268696784973,21.0352572,105.86860259999999,-8.48,-9.287569478780274,-4.604740261249512,590254.2051305705,2326295.2321670535,3.315894501283765,-6.708641073317267,1,1,4.0,4.0,3,4,3,4,WP3->WP4,1,0.6465231048532477,0.6465231047914345,7.9041546730558725,0.9375567553244513,utm,0,0.0,0.0,0,0.0
1789003752.9676964,88.3609836101532,21.0352571,105.86860259999999,-8.48,-9.287569478780274,-4.615812010008575,590254.2051908037,2326295.2210987825,3.3269578190520406,-6.708304542233236,1,1,4.0,4.0,3,4,3,4,WP3->WP4,1,0.6411628205212133,0.6411628205790768,7.913838556796637,0.9387054158700098,utm,0,0.0,0.0,0,0.0
1789003753.0726552,88.4659423828125,21.0352571,105.86860259999999,-8.476,-9.287569478780274,-4.615812010008575,590254.2051908037,2326295.2210987825,3.3269578190520406,-6.708304542233236,1,1,4.0,4.0,3,4,3,4,WP3->WP4,1,0.6411628205212133,0.6411628205790768,7.913838556796637,0.9387054158700098,utm,0,0.0,0.0,0,0.0
1789003753.1683807,88.56166791915894,21.0352571,105.8686025,-8.473,-9.29796407187073,-4.615812010008575,590254.1947994741,2326295.2210422326,3.3272737683728337,-6.718691221438348,1,1,4.0,4.0,3,4,3,4,WP3->WP4,1,0.6320712081448241,0.6320712080800517,7.908806110879158,0.9381084888283588,utm,0,0.0,0.0,0,0.0
1789003753.2815053,88.67479252815247,21.035256999999998,105.8686025,-8.47,-9.29796407187073,-4.626883758767638,590254.1948597074,2326295.209973963,3.3383370847441256,-6.718354690354317,1,1,4.0,4.0,3,4,3,4,WP3->WP4,1,0.6267109245482397,0.6267109245508748,7.918489993401387,0.9392571492293799,utm,0,0.0,0.0,0,0.0
1789003753.3682013,88.76148843765259,21.035256999999998,105.8686024,-8.467,-9.308358664961185,-4.626883758767638,590254.1844683765,2326295.209917413,3.3386530335992575,-6.728741370839998,1,1,4.0,4.0,3,4,3,4,WP3->WP4,1,0.6176193109040398,0.6176193109348592,7.913457546857658,0.938660222113446,utm,0,0.0,0.0,0,0.0
1789003753.4731162,88.86640334129333,21.035256999999998,105.8686024,-8.46,-9.308358664961185,-4.626883758767638,590254.1844683765,2326295.209917413,3.3386530335992575,-6.728741370839998,1,1,4.0,4.0,3,4,3,4,WP3->WP4,1,0.6176193109040398,0.6176193109348592,7.913457546857658,0.938660222113446,utm,0,0.0,0.0,0,0.0
1789003753.568276,88.96156311035156,21.035256999999998,105.86860229999999,-8.462,-9.318753259528801,-4.626883758767638,590254.174077044,2326295.209860864,3.3389689824543893,-6.739128052955493,1,1,4.0,4.0,3,4,3,4,WP3->WP4,1,0.6085276964228453,0.6085276964542181,7.908425098761457,0.9380632948133647,utm,0,0.0,0.0,0,0.0
1789003753.664429,89.05771613121033,21.035256999999998,105.8686022,-8.46,-9.329147852619258,-4.626883758767638,590254.1636857131,2326295.209804314,3.3392849317751825,-6.749514733441174,1,1,4.0,4.0,3,4,3,4,WP3->WP4,1,0.5994360827786455,0.5994360828382029,7.903392652217726,0.9374663676974306,utm,0,0.0,0.0,0,0.0
1789003753.7695293,89.16281652450562,21.0352569,105.8686022,-8.459,-9.329147852619258,-4.637955507174559,590254.1637459463,2326295.198736044,3.3503482486121356,-6.7491782024735585,1,1,4.0,4.0,3,4,3,4,WP3->WP4,1,0.5940757989789719,0.5940757989797543,7.913076535089204,0.938615028139878,utm,0,0.0,0.0,0,0.0
1789003753.871609,89.26489615440369,21.0352569,105.86860209999999,-8.454,-9.339542447186872,-4.637955507174559,590254.1533546153,2326295.1986794947,3.3506641974672675,-6.759564882959239,1,1,4.0,4.0,3,4,3,4,WP3->WP4,1,0.5849841855378612,0.5849841855914665,7.908044088139295,0.9380181009757648,utm,0,0.0,0.0,0,0.0
1789003753.9682448,89.36153197288513,21.0352569,105.86860209999999,-8.448,-9.339542447186872,-4.637955507174559,590254.1533546153,2326295.1986794947,3.3506641974672675,-6.759564882959239,1,1,4.0,4.0,3,4,3,4,WP3->WP4,1,0.5849841855378612,0.5849841855914665,7.908044088139295,0.9380181009757648,utm,0,0.0,0.0,0,0.0
1789003754.0716586,89.46494579315186,21.0352569,105.868602,-8.445,-9.349937040277329,-4.637955507174559,590254.1429632843,2326295.1986229457,3.350980145391077,-6.7699515636777505,1,1,4.0,4.0,3,4,3,4,WP3->WP4,1,0.5758925723244774,0.5758925723293594,7.903011640726276,0.9374211737567195,utm,0,0.0,0.0,0,0.0
1789003754.1693304,89.5626175403595,21.0352569,105.8686019,-8.444,-9.360331633367785,-4.637955507174559,590254.1325719532,2326295.1985663953,3.3512960951775312,-6.7803382442798465,1,1,4.0,4.0,3,4,3,4,WP3->WP4,1,0.5668009584771883,0.5668009583840733,7.897979194531793,0.9368242466822116,utm,0,0.0,0.0,0,0.0
1789003754.296881,89.69016814231873,21.0352569,105.8686019,-8.443,-9.360331633367785,-4.637955507174559,590254.1325719532,2326295.1985663953,3.3512960951775312,-6.7803382442798465,1,1,4.0,4.0,3,4,3,4,WP3->WP4,1,0.5668009584771883,0.5668009583840733,7.897979194531793,0.9368242466822116,utm,0,0.0,0.0,0,0.0
1789003754.4682586,89.86154580116272,21.0352568,105.8686019,-8.438,-9.360331633367785,-4.649027255933622,590254.1326321865,2326295.1874981252,3.3623594120144844,-6.780001713195816,1,1,4.0,4.0,3,4,3,4,WP3->WP4,1,0.5614406746775146,0.5614406746271695,7.907663077460201,0.9379729071314119,utm,0,0.0,0.0,0,0.0
1789003754.5640833,89.95737051963806,21.0352569,105.8686018,-8.431,-9.3707262279354,-4.637955507174559,590254.1221806209,2326295.198509846,3.351612044032663,-6.790724926162511,1,1,4.0,4.0,3,4,3,4,WP3->WP4,1,0.5577093438944493,0.5577093437772496,7.892946746898702,0.9362273194370625,utm,0,0.0,0.0,0,0.0
1789003754.6687493,90.06203651428223,21.0352569,105.8686018,-8.429,-9.3707262279354,-4.637955507174559,590254.1221806209,2326295.198509846,3.351612044032663,-6.790724926162511,1,1,4.0,4.0,3,4,3,4,WP3->WP4,1,0.5577093438944493,0.5577093437772496,7.892946746898702,0.9362273194370625,utm,0,0.0,0.0,0,0.0
1789003754.768,90.16128706932068,21.0352569,105.8686017,-8.424,-9.381120821025856,-4.637955507174559,590254.1117892913,2326295.198453297,3.3519279924221337,-6.801111605484039,1,1,4.0,4.0,3,4,3,4,WP3->WP4,1,0.5486177316965115,0.5486177317336789,7.887914300168863,0.9356303922990531,utm,0,0.0,0.0,0,0.0
1789003754.864702,90.25798916816711,21.0352569,105.8686017,-8.415,-9.381120821025856,-4.637955507174559,590254.1117892913,2326295.198453297,3.3519279924221337,-6.801111605484039,1,1,4.0,4.0,3,4,3,4,WP3->WP4,1,0.5486177316965115,0.5486177317336789,7.887914300168863,0.9356303922990531,utm,0,0.0,0.0,0,0.0
1789003754.968543,90.36183023452759,21.0352569,105.86860159999999,-8.417,-9.391515415593473,-4.637955507174559,590254.1013979588,2326295.198396748,3.3522439412772655,-6.811498287599534,1,1,4.0,4.0,3,4,3,4,WP3->WP4,1,0.5395261171137725,0.5395261172530378,7.882881852072664,0.9350334649989719,utm,0,0.0,0.0,0,0.0
1789003755.064194,90.45748114585876,21.035256999999998,105.86860159999999,-8.419,-9.391515415593473,-4.626883758767638,590254.1013377256,2326295.2094650185,3.341180623974651,-6.811834818567149,1,1,4.0,4.0,3,4,3,4,WP3->WP4,1,0.5448864014458068,0.5448864013392134,7.87319796879501,0.9338848045083455,utm,0,0.0,0.0,0,0.0
1789003755.167579,90.56086611747742,21.035256999999998,105.8686015,-8.41,-9.40191000868393,-4.626883758767638,590254.0909463946,2326295.209408469,3.341496572829783,-6.822221499285661,1,1,4.0,4.0,3,4,3,4,WP3->WP4,1,0.5357947879031515,0.5357947878493803,7.868165521788168,0.9332878773374793,utm,0,0.0,0.0,0,0.0
1789003755.2733436,90.66663074493408,21.0352571,105.8686015,-8.412,-9.40191000868393,-4.615812010008575,590254.0908861614,2326295.220476739,3.33043325599283,-6.822558030253276,1,1,4.0,4.0,3,4,3,4,WP3->WP4,1,0.5411550717028252,0.541155071707829,7.858481638916689,0.9321392168950318,utm,0,0.0,0.0,0,0.0
1789003755.3694649,90.76275205612183,21.0352571,105.86860139999999,-8.413,-9.412304603251545,-4.615812010008575,590254.080494829,2326295.2204201897,3.3307492048479617,-6.832944712368771,1,1,4.0,4.0,3,4,3,4,WP3->WP4,1,0.5320634570185415,0.5320634569994609,7.853449191226669,0.9315422896431298,utm,0,0.0,0.0,0,0.0
1789003755.4582598,90.85154700279236,21.0352571,105.86860139999999,-8.409,-9.412304603251545,-4.615812010008575,590254.080494829,2326295.2204201897,3.3307492048479617,-6.832944712368771,1,1,4.0,4.0,3,4,3,4,WP3->WP4,1,0.5320634570185415,0.5320634569994609,7.853449191226669,0.9315422896431298,utm,0,0.0,0.0,0,0.0
1789003755.5675943,90.96088147163391,21.0352572,105.86860139999999,-8.401,-9.412304603251545,-4.604740261249512,590254.0804345958,2326295.23148846,3.319685887545347,-6.833281243336387,1,1,4.0,4.0,3,4,3,4,WP3->WP4,1,0.5374237410213043,0.5374237410856356,7.8437653079490115,0.9303936291525032,utm,0,0.0,0.0,0,0.0
1789003755.6640956,91.05738282203674,21.0352572,105.8686013,-8.401,-9.422699196342002,-4.604740261249512,590254.0700432662,2326295.2314319112,3.3200018354691565,-6.8436679226579145,1,1,4.0,4.0,3,4,3,4,WP3->WP4,1,0.5283321290510934,0.528332129042065,7.838732861219173,0.9297967020144938,utm,0,0.0,0.0,0,0.0
1789003755.7664964,91.15978360176086,21.0352572,105.8686012,-8.402,-9.433093789432458,-4.604740261249512,590254.0596519351,2326295.2313753623,3.320317783858627,-6.8540546032600105,1,1,4.0,4.0,3,4,3,4,WP3->WP4,1,0.5192405157115274,0.5192405157799592,7.833700413806154,0.9291997747954486,utm,0,0.0,0.0,0,0.0
1789003755.8647723,91.25805950164795,21.035257299999998,105.8686012,-8.386,-9.433093789432458,-4.593668512842592,590254.059591702,2326295.242443632,3.309254467487335,-6.854391134344041,1,1,4.0,4.0,3,4,3,4,WP3->WP4,1,0.5246007994096564,0.5246007994106809,7.824016531340855,0.9280511144011804,utm,0,0.0,0.0,0,0.0
1789003755.9677472,91.36103439331055,21.035257299999998,105.86860109999999,-8.384,-9.443488384000073,-4.593668512842592,590254.0492003696,2326295.2423870824,3.309570416342467,-6.864777816226706,1,1,4.0,4.0,3,4,3,4,WP3->WP4,1,0.5155091847253728,0.5155091848038573,7.818984083707765,0.9274541871560312,utm,0,0.0,0.0,0,0.0
1789003756.0642407,91.45752787590027,21.0352574,105.868601,-8.39,-9.45388297709053,-4.582596764083528,590254.0387488054,2326295.2533988045,3.298823047429323,-6.875501027912833,1,1,4.0,4.0,3,4,3,4,WP3->WP4,1,0.5117778558193856,0.5117778558556537,7.804267752610911,0.9257085993981803,utm,0,0.0,0.0,0,0.0
1789003756.1690423,91.56232953071594,21.0352575,105.868601,-8.381,-9.45388297709053,-4.571525015324465,590254.0386885721,2326295.2644670745,3.28775973059237,-6.875837559113279,1,1,4.0,4.0,3,4,3,4,WP3->WP4,1,0.5171381396190593,0.5171381396125575,7.794583869682501,0.9245599389489799,utm,0,0.0,0.0,0,0.0
1789003756.2718997,91.66518688201904,21.0352575,105.868601,-8.372,-9.45388297709053,-4.571525015324465,590254.0386885721,2326295.2644670745,3.28775973059237,-6.875837559113279,1,1,4.0,4.0,3,4,3,4,WP3->WP4,1,0.5171381396190593,0.5171381396125575,7.794583869682501,0.9245599389489799,utm,0,0.0,0.0,0,0.0
1789003756.3691416,91.76242876052856,21.0352575,105.86860089999999,-8.383,-9.464277571658144,-4.571525015324465,590254.0282972412,2326295.264410525,3.288075679447502,-6.88622423959896,1,1,4.0,4.0,3,4,3,4,WP3->WP4,1,0.508046526076404,0.5080465262242694,7.789551422732592,0.9239630117848667,utm,0,0.0,0.0,0,0.0
1789003756.4647655,91.8580527305603,21.035257599999998,105.86860089999999,-8.376,-9.464277571658144,-4.560453266917544,590254.028237008,2326295.2754787956,3.2770123621448874,-6.8865607706829906,1,1,4.0,4.0,3,4,3,4,WP3->WP4,1,0.5134068104084383,0.513406810310445,7.779867539454935,0.9228143512942402,utm,0,0.0,0.0,0,0.0
1789003756.5668902,91.96017742156982,21.035257599999998,105.86860089999999,-8.368,-9.464277571658144,-4.560453266917544,590254.028237008,2326295.2754787956,3.2770123621448874,-6.8865607706829906,1,1,4.0,4.0,3,4,3,4,WP3->WP4,1,0.5134068104084383,0.513406810310445,7.779867539454935,0.9228143512942402,utm,0,0.0,0.0,0,0.0
1789003756.6637573,92.057044506073,21.0352577,105.8686008,-8.377,-9.4746721647486,-4.549381518158481,590254.0177854439,2326295.286490517,3.2662649932317436,-6.897283982252702,1,1,4.0,4.0,3,4,3,4,WP3->WP4,1,0.5096754812993619,0.5096754812360585,7.765151208821193,0.9210687635913214,utm,0,0.0,0.0,0,0.0
1789003756.767964,92.16125106811523,21.0352578,105.8686008,-8.372,-9.4746721647486,-4.538309769399418,590254.0177252106,2326295.2975587877,3.255201675929129,-6.897620513336733,1,1,4.0,4.0,3,4,3,4,WP3->WP4,1,0.5150357653021246,0.5150357652206897,7.755467325486604,0.9199201030939419,utm,0,0.0,0.0,0,0.0
1789003756.8636694,92.25695657730103,21.0352578,105.8686007,-8.366,-9.485066757839057,-4.538309769399418,590254.0073338797,2326295.2975022383,3.255517624784261,-6.908007193938829,1,1,4.0,4.0,3,4,3,4,WP3->WP4,1,0.505944151861014,0.505944151832401,7.750434878536695,0.9193231759298287,utm,0,0.0,0.0,0,0.0
1789003756.966686,92.35997319221497,21.0352578,105.8686007,-8.366,-9.485066757839057,-4.538309769399418,590254.0073338797,2326295.2975022383,3.255517624784261,-6.908007193938829,1,1,4.0,4.0,3,4,3,4,WP3->WP4,1,0.505944151861014,0.505944151832401,7.750434878536695,0.9193231759298287,utm,0,0.0,0.0,0,0.0
1789003757.0640304,92.4573175907135,21.035257899999998,105.8686007,-8.371,-9.485066757839057,-4.527238020992497,590254.0072736465,2326295.3085705084,3.244454307947308,-6.9083437249064445,1,1,4.0,4.0,3,4,3,4,WP3->WP4,1,0.5113044356606876,0.5113044356908497,7.740750995665219,0.9181745154873815,utm,0,0.0,0.0,0,0.0
1789003757.167272,92.56055927276611,21.035257899999998,105.8686007,-8.359,-9.485066757839057,-4.527238020992497,590254.0072736465,2326295.3085705084,3.244454307947308,-6.9083437249064445,1,1,4.0,4.0,3,4,3,4,WP3->WP4,1,0.5113044356606876,0.5113044356908497,7.740750995665219,0.9181745154873815,utm,0,0.0,0.0,0,0.0
1789003757.2643847,92.65767192840576,21.035258,105.8686007,-8.355,-9.485066757839057,-4.516166272233434,590254.0072134134,2326295.3196387785,3.233390991576016,-6.90868025587406,1,1,4.0,4.0,3,4,3,4,WP3->WP4,1,0.5166647194603612,0.5166647195492984,7.731067112793741,0.9170258550449342,utm,0,0.0,0.0,0,0.0
1789003757.3676052,92.76089239120483,21.0352581,105.8686007,-8.363,-9.485066757839057,-4.50509452347437,590254.0071531802,2326295.3307070495,3.22232767380774,-6.909016786958091,1,1,4.0,4.0,3,4,3,4,WP3->WP4,1,0.5220250038939401,0.5220250038632006,7.721383229109906,0.9158771945061285,utm,0,0.0,0.0,0,0.0
1789003757.4636173,92.85690450668335,21.0352581,105.8686007,-8.352,-9.485066757839057,-4.50509452347437,590254.0071531802,2326295.3307070495,3.22232767380774,-6.909016786958091,1,1,4.0,4.0,3,4,3,4,WP3->WP4,1,0.5220250038939401,0.5220250038632006,7.721383229109906,0.9158771945061285,utm,0,0.0,0.0,0,0.0
1789003757.5666018,92.95988893508911,21.035258199999998,105.8686008,-8.348,-9.4746721647486,-4.49402277506745,590254.017484278,2326295.3418318694,3.210948407649994,-6.898966637440026,1,1,4.0,4.0,3,4,3,4,WP3->WP4,1,0.5364769014393582,0.5364769013376645,7.716731792782158,0.9153254611796151,utm,0,0.0,0.0,0,0.0
1789003757.666491,93.05977821350098,21.035258199999998,105.8686008,-8.355,-9.4746721647486,-4.49402277506745,590254.017484278,2326295.3418318694,3.210948407649994,-6.898966637440026,1,1,4.0,4.0,3,4,3,4,WP3->WP4,1,0.5364769014393582,0.5364769013376645,7.716731792782158,0.9153254611796151,utm,0,0.0,0.0,0,0.0
1789003757.7675502,93.1608374118805,21.035258199999998,105.86860089999999,-8.343,-9.464277571658144,-4.49402277506745,590254.0278756088,2326295.341888419,3.210632458794862,-6.88857995707076,1,1,4.0,4.0,3,4,3,4,WP3->WP4,1,0.5455685145511975,0.5455685146244083,7.721764239675136,0.9159223883369754,utm,0,0.0,0.0,0,0.0
1789003757.8643122,93.25759935379028,21.0352583,105.86860089999999,-8.347,-9.464277571658144,-4.4829510263083865,590254.0278153756,2326295.352956689,3.19956914242357,-6.888916488038376,1,1,4.0,4.0,3,4,3,4,WP3->WP4,1,0.5509287984524157,0.5509287984828569,7.712080356803658,0.9147737278945279,utm,0,0.0,0.0,0,0.0
1789003757.9685154,93.36180257797241,21.0352583,105.868601,-8.343,-9.45388297709053,-4.4829510263083865,590254.0382067065,2326295.353013238,3.1992531940340996,-6.878529807552695,1,1,4.0,4.0,3,4,3,4,WP3->WP4,1,0.5600204116904371,0.5600204116434182,7.717112804159746,0.9153706551068204,utm,0,0.0,0.0,0,0.0
1789003758.063996,93.45728325843811,21.0352583,105.868601,-8.336,-9.45388297709053,-4.4829510263083865,590254.0382067065,2326295.353013238,3.1992531940340996,-6.878529807552695,1,1,4.0,4.0,3,4,3,4,WP3->WP4,1,0.5600204116904371,0.5600204116434182,7.717112804159746,0.9153706551068204,utm,0,0.0,0.0,0,0.0
1789003758.1611373,93.55442452430725,21.0352583,105.868601,-8.338,-9.45388297709053,-4.4829510263083865,590254.0382067065,2326295.353013238,3.1992531940340996,-6.878529807552695,1,1,4.0,4.0,3,4,3,4,WP3->WP4,1,0.5600204116904371,0.5600204116434182,7.717112804159746,0.9153706551068204,utm,0,0.0,0.0,0,0.0
1789003758.2792017,93.67248892784119,21.0352583,105.868601,-8.335,-9.45388297709053,-4.4829510263083865,590254.0382067065,2326295.353013238,3.1992531940340996,-6.878529807552695,1,1,4.0,4.0,3,4,3,4,WP3->WP4,1,0.5600204116904371,0.5600204116434182,7.717112804159746,0.9153706551068204,utm,0,0.0,0.0,0,0.0
1789003758.3675487,93.76083588600159,21.0352584,105.868601,-8.332,-9.45388297709053,-4.4718792775493235,590254.0381464734,2326295.364081509,3.188189876265824,-6.878866338520311,1,1,4.0,4.0,3,4,3,4,WP3->WP4,1,0.5653806958962891,0.5653806959573208,7.707428920475912,0.9142219945680147,utm,0,0.0,0.0,0,0.0
1789003758.4644315,93.85771870613098,21.0352584,105.868601,-8.33,-9.45388297709053,-4.4718792775493235,590254.0381464734,2326295.364081509,3.188189876265824,-6.878866338520311,1,1,4.0,4.0,3,4,3,4,WP3->WP4,1,0.5653806958962891,0.5653806959573208,7.707428920475912,0.9142219945680147,utm,0,0.0,0.0,0,0.0
1789003758.5676677,93.96095490455627,21.0352584,105.868601,-8.33,-9.45388297709053,-4.4718792775493235,590254.0381464734,2326295.364081509,3.188189876265824,-6.878866338520311,1,1,4.0,4.0,3,4,3,4,WP3->WP4,1,0.5653806958962891,0.5653806959573208,7.707428920475912,0.9142219945680147,utm,0,0.0,0.0,0,0.0
1789003758.664324,94.05761122703552,21.0352584,105.868601,-8.329,-9.45388297709053,-4.4718792775493235,590254.0381464734,2326295.364081509,3.188189876265824,-6.878866338520311,1,1,4.0,4.0,3,4,3,4,WP3->WP4,1,0.5653806958962891,0.5653806959573208,7.707428920475912,0.9142219945680147,utm,0,0.0,0.0,0,0.0
1789003758.7673216,94.16060876846313,21.0352584,105.868601,-8.326,-9.45388297709053,-4.4718792775493235,590254.0381464734,2326295.364081509,3.188189876265824,-6.878866338520311,1,1,4.0,4.0,3,4,3,4,WP3->WP4,1,0.5653806958962891,0.5653806959573208,7.707428920475912,0.9142219945680147,utm,0,0.0,0.0,0,0.0
1789003758.8642542,94.25754141807556,21.0352584,105.868601,-8.327,-9.45388297709053,-4.4718792775493235,590254.0381464734,2326295.364081509,3.188189876265824,-6.878866338520311,1,1,4.0,4.0,3,4,3,4,WP3->WP4,1,0.5653806958962891,0.5653806959573208,7.707428920475912,0.9142219945680147,utm,0,0.0,0.0,0,0.0
1789003758.9674325,94.36071968078613,21.0352584,105.868601,-8.327,-9.45388297709053,-4.4718792775493235,590254.0381464734,2326295.364081509,3.188189876265824,-6.878866338520311,1,1,4.0,4.0,3,4,3,4,WP3->WP4,1,0.5653806958962891,0.5653806959573208,7.707428920475912,0.9142219945680147,utm,0,0.0,0.0,0,0.0
1789003759.0578284,94.45111560821533,21.0352584,105.868601,-8.321,-9.45388297709053,-4.4718792775493235,590254.0381464734,2326295.364081509,3.188189876265824,-6.878866338520311,1,1,4.0,4.0,3,4,3,4,WP3->WP4,1,0.5653806958962891,0.5653806959573208,7.707428920475912,0.9142219945680147,utm,0,0.0,0.0,0,0.0
1789003759.169445,94.56273221969604,21.0352584,105.86860089999999,-8.323,-9.464277571658144,-4.4718792775493235,590254.0277551424,2326295.3640249604,3.188505824189633,-6.889253019122407,1,1,4.0,4.0,4,5,4,5,WP4->WP5,1,0.43187595787187405,0.4318759579279804,0.808210066526894,0.14563007052346263,utm,0,0.0,0.0,0,0.0
1789003759.271563,94.66485023498535,21.0352584,105.86860089999999,-8.324,-9.464277571658144,-4.4718792775493235,590254.0277551424,2326295.3640249604,3.188505824189633,-6.889253019122407,1,1,4.0,4.0,4,5,4,5,WP4->WP5,1,0.43187595787187405,0.4318759579279804,0.808210066526894,0.14563007052346263,utm,0,0.0,0.0,0,0.0
1789003759.3689134,94.76220059394836,21.0352584,105.868601,-8.317,-9.45388297709053,-4.4718792775493235,590254.0381464734,2326295.364081509,3.188189876265824,-6.878866338520311,1,1,4.0,4.0,4,5,4,5,WP4->WP5,1,0.4235259299214318,0.4235259299483321,0.8143955324705002,0.14674461967212493,utm,0,0.0,0.0,0,0.0
1789003759.4647462,94.8580334186554,21.0352584,105.86860089999999,-8.314,-9.464277571658144,-4.4718792775493235,590254.0277551424,2326295.3640249604,3.188505824189633,-6.889253019122407,1,1,4.0,4.0,4,5,4,5,WP4->WP5,1,0.43187595787187405,0.4318759579279804,0.808210066526894,0.14563007052346263,utm,0,0.0,0.0,0,0.0
1789003759.5674584,94.96074557304382,21.0352584,105.86860089999999,-8.316,-9.464277571658144,-4.4718792775493235,590254.0277551424,2326295.3640249604,3.188505824189633,-6.889253019122407,1,1,4.0,4.0,4,5,4,5,WP4->WP5,1,0.43187595787187405,0.4318759579279804,0.808210066526894,0.14563007052346263,utm,0,0.0,0.0,0,0.0
1789003759.664474,95.05776119232178,21.0352584,105.86860089999999,-8.313,-9.464277571658144,-4.4718792775493235,590254.0277551424,2326295.3640249604,3.188505824189633,-6.889253019122407,1,1,4.0,4.0,4,5,4,5,WP4->WP5,1,0.43187595787187405,0.4318759579279804,0.808210066526894,0.14563007052346263,utm,0,0.0,0.0,0,0.0
1789003759.7682667,95.1615538597107,21.0352584,105.86860089999999,-8.314,-9.464277571658144,-4.4718792775493235,590254.0277551424,2326295.3640249604,3.188505824189633,-6.889253019122407,1,1,4.0,4.0,4,5,4,5,WP4->WP5,1,0.43187595787187405,0.4318759579279804,0.808210066526894,0.14563007052346263,utm,0,0.0,0.0,0,0.0
1789003759.8643613,95.25764846801758,21.0352584,105.86860089999999,-8.313,-9.464277571658144,-4.4718792775493235,590254.0277551424,2326295.3640249604,3.188505824189633,-6.889253019122407,1,1,4.0,4.0,4,5,4,5,WP4->WP5,1,0.43187595787187405,0.4318759579279804,0.808210066526894,0.14563007052346263,utm,0,0.0,0.0,0,0.0
1789003759.960293,95.35358023643494,21.0352584,105.86860089999999,-8.312,-9.464277571658144,-4.4718792775493235,590254.0277551424,2326295.3640249604,3.188505824189633,-6.889253019122407,1,1,4.0,4.0,4,5,4,5,WP4->WP5,1,0.43187595787187405,0.4318759579279804,0.808210066526894,0.14563007052346263,utm,0,0.0,0.0,0,0.0
1789003760.0647166,95.45800375938416,21.0352584,105.86860089999999,-8.311,-9.464277571658144,-4.4718792775493235,590254.0277551424,2326295.3640249604,3.188505824189633,-6.889253019122407,1,1,4.0,4.0,4,5,4,5,WP4->WP5,1,0.43187595787187405,0.4318759579279804,0.808210066526894,0.14563007052346263,utm,0,0.0,0.0,0,0.0
1789003760.167966,95.5612530708313,21.0352584,105.86860089999999,-8.31,-9.464277571658144,-4.4718792775493235,590254.0277551424,2326295.3640249604,3.188505824189633,-6.889253019122407,1,1,4.0,4.0,4,5,4,5,WP4->WP5,1,0.43187595787187405,0.4318759579279804,0.808210066526894,0.14563007052346263,utm,0,0.0,0.0,0,0.0
1789003760.277748,95.6710352897644,21.0352584,105.86860089999999,-8.31,-9.464277571658144,-4.4718792775493235,590254.0277551424,2326295.3640249604,3.188505824189633,-6.889253019122407,1,1,4.0,4.0,4,5,4,5,WP4->WP5,1,0.43187595787187405,0.4318759579279804,0.808210066526894,0.14563007052346263,utm,0,0.0,0.0,0,0.0
1789003760.3679566,95.76124382019043,21.0352584,105.86860089999999,-8.309,-9.464277571658144,-4.4718792775493235,590254.0277551424,2326295.3640249604,3.188505824189633,-6.889253019122407,1,1,4.0,4.0,4,5,4,5,WP4->WP5,1,0.43187595787187405,0.4318759579279804,0.808210066526894,0.14563007052346263,utm,0,0.0,0.0,0,0.0
1789003760.463607,95.85689425468445,21.0352584,105.86860089999999,-8.309,-9.464277571658144,-4.4718792775493235,590254.0277551424,2326295.3640249604,3.188505824189633,-6.889253019122407,1,1,4.0,4.0,4,5,4,5,WP4->WP5,1,0.43187595787187405,0.4318759579279804,0.808210066526894,0.14563007052346263,utm,0,0.0,0.0,0,0.0
1789003760.5664306,95.95971775054932,21.035258499999998,105.86860089999999,-8.307,-9.464277571658144,-4.460807529142403,590254.0276949093,2326295.37509323,3.1774425078183413,-6.889589550090022,1,1,4.0,4.0,4,5,4,5,WP4->WP5,1,0.4384643740333509,0.4384643740017943,0.8171040529133141,0.147232663609509,utm,0,0.0,0.0,0,0.0
1789003760.6644971,96.05778431892395,21.035258499999998,105.868601,-8.304,-9.45388297709053,-4.460807529142403,590254.0380862402,2326295.375149779,3.1771265594288707,-6.879202869604342,1,1,4.0,4.0,4,5,4,5,WP4->WP5,1,0.4301143463646708,0.43011434629728773,0.8232895192326032,0.148347212825865,utm,0,0.0,0.0,0,0.0
1789003760.7666483,96.15993547439575,21.035258499999998,105.868601,-8.303,-9.45388297709053,-4.460807529142403,590254.0380862402,2326295.375149779,3.1771265594288707,-6.879202869604342,1,1,4.0,4.0,4,5,4,5,WP4->WP5,1,0.4301143463646708,0.43011434629728773,0.8232895192326032,0.148347212825865,utm,0,0.0,0.0,0,0.0
1789003760.857229,96.25051617622375,21.035258499999998,105.86860109999999,-8.298,-9.443488384000073,-4.460807529142403,590254.0484775711,2326295.375206328,3.1768106110394,-6.868816189002246,1,1,4.0,4.0,4,5,4,5,WP4->WP5,1,0.4217643186959905,0.42176431859278113,0.8294749855518923,0.14946176204222097,utm,0,0.0,0.0,0,0.0
1789003760.9679034,96.36119055747986,21.035258499999998,105.86860109999999,-8.299,-9.443488384000073,-4.460807529142403,590254.0484775711,2326295.375206328,3.1768106110394,-6.868816189002246,1,1,4.0,4.0,4,5,4,5,WP4->WP5,1,0.4217643186959905,0.42176431859278113,0.8294749855518923,0.14946176204222097,utm,0,0.0,0.0,0,0.0
1789003761.0637782,96.45706534385681,21.035258499999998,105.868601,-8.299,-9.45388297709053,-4.460807529142403,590254.0380862402,2326295.375149779,3.1771265594288707,-6.879202869604342,1,1,4.0,4.0,4,5,4,5,WP4->WP5,1,0.4301143463646708,0.43011434629728773,0.8232895192326032,0.148347212825865,utm,0,0.0,0.0,0,0.0
1789003761.1668787,96.5601658821106,21.035258499999998,105.86860109999999,-8.293,-9.443488384000073,-4.460807529142403,590254.0484775711,2326295.375206328,3.1768106110394,-6.868816189002246,1,1,4.0,4.0,4,5,4,5,WP4->WP5,1,0.4217643186959905,0.42176431859278113,0.8294749855518923,0.14946176204222097,utm,0,0.0,0.0,0,0.0
1789003761.2724674,96.66575455665588,21.035258499999998,105.86860109999999,-8.293,-9.443488384000073,-4.460807529142403,590254.0484775711,2326295.375206328,3.1768106110394,-6.868816189002246,1,1,4.0,4.0,4,5,4,5,WP4->WP5,1,0.4217643186959905,0.42176431859278113,0.8294749855518923,0.14946176204222097,utm,0,0.0,0.0,0,0.0
1789003761.3720012,96.76528835296631,21.035258499999998,105.86860109999999,-8.294,-9.443488384000073,-4.460807529142403,590254.0484775711,2326295.375206328,3.1768106110394,-6.868816189002246,1,1,4.0,4.0,4,5,4,5,WP4->WP5,1,0.4217643186959905,0.42176431859278113,0.8294749855518923,0.14946176204222097,utm,0,0.0,0.0,0,0.0
1789003761.463131,96.85641813278198,21.0352586,105.86860109999999,-8.291,-9.443488384000073,-4.44973578038334,590254.0484173378,2326295.3862745995,3.1657472932711244,-6.869152720202692,1,1,4.0,4.0,4,5,4,5,WP4->WP5,1,0.42835273588397454,0.4283527358610822,0.8383689733722578,0.15106435538664767,utm,0,0.0,0.0,0,0.0
1789003761.567419,96.96070623397827,21.0352586,105.8686012,-8.29,-9.433093789432458,-4.44973578038334,590254.05880867,2326295.386331149,3.165431343950331,-6.858766038320027,1,1,4.0,4.0,4,5,4,5,WP4->WP5,1,0.4200027074705493,0.42000270739858975,0.8445544408238692,0.152178904807035,utm,0,0.0,0.0,0,0.0
1789003761.6635823,97.05686950683594,21.0352586,105.8686012,-8.29,-9.433093789432458,-4.44973578038334,590254.05880867,2326295.386331149,3.165431343950331,-6.858766038320027,1,1,4.0,4.0,4,5,4,5,WP4->WP5,1,0.4200027074705493,0.42000270739858975,0.8445544408238692,0.152178904807035,utm,0,0.0,0.0,0,0.0
1789003761.7595391,97.1528263092041,21.0352586,105.8686012,-8.287,-9.433093789432458,-4.44973578038334,590254.05880867,2326295.386331149,3.165431343950331,-6.858766038320027,1,1,4.0,4.0,4,5,4,5,WP4->WP5,1,0.4200027074705493,0.42000270739858975,0.8445544408238692,0.152178904807035,utm,0,0.0,0.0,0,0.0
1789003761.864231,97.25751829147339,21.0352586,105.8686013,-8.285,-9.422699196342002,-4.44973578038334,590254.069200001,2326295.3863876984,3.1651153950951993,-6.848379357834347,1,1,4.0,4.0,4,5,4,5,WP4->WP5,1,0.4116526798957898,0.4116526799692247,0.8507399075188411,0.15329345409108466,utm,0,0.0,0.0,0,0.0
1789003761.966523,97.35981011390686,21.0352586,105.8686013,-8.281,-9.422699196342002,-4.44973578038334,590254.069200001,2326295.3863876984,3.1651153950951993,-6.848379357834347,1,1,4.0,4.0,4,5,4,5,WP4->WP5,1,0.4116526798957898,0.4116526799692247,0.8507399075188411,0.15329345409108466,utm,0,0.0,0.0,0,0.0
1789003762.0631762,97.45646333694458,21.0352586,105.86860139999999,-8.281,-9.412304603251545,-4.44973578038334,590254.0795913306,2326295.3864442473,3.1647994467057288,-6.837992678512819,1,1,4.0,4.0,4,5,4,5,WP4->WP5,1,0.403302653159696,0.4033026532978457,0.8569253730814905,0.15440800317110298,utm,0,0.0,0.0,0,0.0
1789003762.1692977,97.56258487701416,21.0352586,105.86860139999999,-8.279,-9.412304603251545,-4.44973578038334,590254.0795913306,2326295.3864442473,3.1647994467057288,-6.837992678512819,1,1,4.0,4.0,4,5,4,5,WP4->WP5,1,0.403302653159696,0.4033026532978457,0.8569253730814905,0.15440800317110298,utm,0,0.0,0.0,0,0.0
1789003762.2711937,97.66448092460632,21.0352587,105.86860139999999,-8.278,-9.412304603251545,-4.438664031624276,590254.0795310973,2326295.397512518,3.1537361298687756,-6.838329209713265,1,1,4.0,4.0,4,5,4,5,WP4->WP5,1,0.4098910700659179,0.40989107001586345,0.8658193601504907,0.15601059638014234,utm,0,0.0,0.0,0,0.0
1789003762.374536,97.76782321929932,21.0352587,105.8686015,-8.279,-9.40191000868393,-4.438664031624276,590254.0899224295,2326295.3975690673,3.1534201810136437,-6.827942527830601,1,1,4.0,4.0,4,5,4,5,WP4->WP5,1,0.4015410416524927,0.401541041553371,0.8720048276021021,0.15712514580052966,utm,0,0.0,0.0,0,0.0
1789003762.4643242,97.85761141777039,21.0352587,105.86860159999999,-8.275,-9.391515415593473,-4.438664031624276,590254.1003137605,2326295.3976256168,3.153104232158512,-6.81755584734492,1,1,4.0,4.0,4,5,4,5,WP4->WP5,1,0.3931910140777332,0.39319101412400603,0.878190294297074,0.15823969508457933,utm,0,0.0,0.0,0,0.0
1789003762.5675662,97.96085333824158,21.0352587,105.86860159999999,-8.278,-9.391515415593473,-4.438664031624276,590254.1003137605,2326295.3976256168,3.153104232158512,-6.81755584734492,1,1,4.0,4.0,4,5,4,5,WP4->WP5,1,0.3931910140777332,0.39319101412400603,0.878190294297074,0.15823969508457933,utm,0,0.0,0.0,0,0.0
1789003762.6567144,98.05000162124634,21.0352587,105.8686017,-8.28,-9.381120821025856,-4.438664031624276,590254.1107050927,2326295.397682166,3.15278828330338,-6.8071691654622555,1,1,4.0,4.0,4,5,4,5,WP4->WP5,1,0.38484098566430797,0.38484098566151365,0.8843757617486852,0.15935424450496663,utm,0,0.0,0.0,0,0.0
1789003762.7671888,98.16047596931458,21.035258799999998,105.8686017,-8.279,-9.381120821025856,-4.427592283217356,590254.1106448594,2326295.408750436,3.141724966932088,-6.807505696662702,1,1,4.0,4.0,4,5,4,5,WP4->WP5,1,0.3914294019197055,0.3914294018292481,0.89326974806632,0.16095683757861867,utm,0,0.0,0.0,0,0.0
1789003762.8626661,98.25595331192017,21.035258799999998,105.8686018,-8.286,-9.3707262279354,-4.427592283217356,590254.1210361889,2326295.4088069852,3.1414090185426176,-6.7971190174575895,1,1,4.0,4.0,4,5,4,5,WP4->WP5,1,0.3830793753714531,0.3830793755269314,0.8994552139358669,0.16207138671393637,utm,0,0.0,0.0,0,0.0
1789003762.9658744,98.3591616153717,21.035258799999998,105.8686019,-8.277,-9.360331633367785,-4.427592283217356,590254.1314275212,2326295.4088635347,3.1410930692218244,-6.786732335574925,1,1,4.0,4.0,4,5,4,5,WP4->WP5,1,0.3747293468641072,0.3747293469705183,0.9056406814562635,0.16318593614671797,utm,0,0.0,0.0,0,0.0
1789003763.063057,98.45634412765503,21.035258799999998,105.8686019,-8.281,-9.360331633367785,-4.427592283217356,590254.1314275212,2326295.4088635347,3.1410930692218244,-6.786732335574925,1,1,4.0,4.0,4,5,4,5,WP4->WP5,1,0.3747293468641072,0.3747293469705183,0.9056406814562635,0.16318593614671797,utm,0,0.0,0.0,0,0.0
1789003763.1671398,98.56042695045471,21.0352589,105.868602,-8.28,-9.349937040277329,-4.416520534458292,590254.1417586188,2326295.419988355,3.129713802598417,-6.77668218628969,1,1,4.0,4.0,4,5,4,5,WP4->WP5,1,0.37296773647733167,0.3729677366282334,0.9207201355271328,0.16590307869510634,utm,0,0.0,0.0,0,0.0
1789003763.2711425,98.66442966461182,21.0352589,105.86860209999999,-8.278,-9.339542447186872,-4.416520534458292,590254.1521499497,2326295.4200449046,3.129397853743285,-6.766295505687594,1,1,4.0,4.0,4,5,4,5,WP4->WP5,1,0.3646177092716345,0.3646177091988685,0.9269056022221048,0.16701762797915604,utm,0,0.0,0.0,0,0.0
1789003763.376839,98.77012610435486,21.0352589,105.86860209999999,-8.286,-9.339542447186872,-4.416520534458292,590254.1521499497,2326295.4200449046,3.129397853743285,-6.766295505687594,1,1,4.0,4.0,4,5,4,5,WP4->WP5,1,0.3646177092716345,0.3646177091988685,0.9269056022221048,0.16701762797915604,utm,0,0.0,0.0,0,0.0
1789003763.471327,98.86461424827576,21.0352589,105.8686022,-8.282,-9.329147852619258,-4.416520534458292,590254.1625412805,2326295.420101454,3.1290819053538144,-6.755908825318329,1,1,4.0,4.0,4,5,4,5,WP4->WP5,1,0.35626768179079565,0.35626768186342417,0.9330910688482912,0.16813217725081134,utm,0,0.0,0.0,0,0.0
1789003763.5611477,98.95443487167358,21.0352589,105.86860229999999,-8.282,-9.318753259528801,-4.416520534458292,590254.1729326114,2326295.420158004,3.128765956033021,-6.745522144716233,1,1,4.0,4.0,4,5,4,5,WP4->WP5,1,0.3479176547729399,0.3479176547092009,0.9392765359189457,0.16924672660255466,utm,0,0.0,0.0,0,0.0
1789003763.6645117,99.05779886245728,21.035259,105.86860229999999,-8.284,-9.318753259528801,-4.405448785699229,590254.1728723781,2326295.4312262735,3.1177026396617293,-6.745858675916679,1,1,4.0,4.0,4,5,4,5,WP4->WP5,1,0.3545060707531958,0.35450607087693553,0.9481705222365803,0.17084931967620667,utm,0,0.0,0.0,0,0.0
1789003763.7656703,99.15895748138428,21.035259,105.8686024,-8.28,-9.308358664961185,-4.405448785699229,590254.1832637104,2326295.431282823,3.1173866908065975,-6.735471994034015,1,1,4.0,4.0,4,5,4,5,WP4->WP5,1,0.34615604252099147,0.34615604241444303,0.9543559896881917,0.171963869096594,utm,0,0.0,0.0,0,0.0
1789003763.8643317,99.25761890411377,21.035259,105.8686025,-8.274,-9.29796407187073,-4.405448785699229,590254.1936550413,2326295.4313393733,3.1170707414858043,-6.725085313548334,1,1,4.0,4.0,4,5,4,5,WP4->WP5,1,0.33780601569097707,0.3378060155353612,0.960541457134529,0.173078418516031,utm,0,0.0,0.0,0,0.0
1789003763.969554,99.36284112930298,21.035259,105.86860259999999,-8.284,-9.287569478780274,-4.405448785699229,590254.2040463708,2326295.431395923,3.116754792165011,-6.714698634459637,1,1,4.0,4.0,4,5,4,5,WP4->WP5,1,0.3294559891427246,0.3294559892330446,0.9667269230040759,0.17419296765134867,utm,0,0.0,0.0,0,0.0
1789003764.066437,99.45972418785095,21.035259,105.8686027,-8.277,-9.277174884212657,-4.405448785699229,590254.214437703,2326295.4314524713,3.116438844241202,-6.7043119525769725,1,1,4.0,4.0,4,5,4,5,WP4->WP5,1,0.32110596035361666,0.3211059602202688,0.9729123897043217,0.17530751693634863,utm,0,0.0,0.0,0,0.0
1789003764.1707563,99.5640435218811,21.035259,105.86860279999999,-8.271,-9.2667802911222,-4.405448785699229,590254.2248290338,2326295.4315090207,3.11612289538607,-6.693925272091292,1,1,4.0,4.0,4,5,4,5,WP4->WP5,1,0.31275593287277786,0.3127559328848245,0.9790978563305083,0.176422066208004,utm,0,0.0,0.0,0,0.0
1789003764.284459,99.67774629592896,21.035259099999998,105.8686029,-8.277,-9.256385696554586,-4.394377037292308,590254.2351601328,2326295.4426338407,3.104743629693985,-6.6838751214090735,1,1,4.0,4.0,4,5,4,5,WP4->WP5,1,0.3109943209965122,0.31099432114034986,0.9941773108511196,0.17913920883743065,utm,0,0.0,0.0,0,0.0
1789003764.3714201,99.76470732688904,21.035259099999998,105.868603,-8.281,-9.24599110346413,-4.394377037292308,590254.2455514623,2326295.44269039,3.104427680838853,-6.673488442320377,1,1,4.0,4.0,4,5,4,5,WP4->WP5,1,0.30264429481732213,0.3026442948380331,1.0003627767206666,0.18025375797274834,utm,0,0.0,0.0,0,0.0
1789003764.466649,99.8599362373352,21.035259099999998,105.8686031,-8.27,-9.235596508896514,-4.394377037292308,590254.2559427945,2326295.4427469396,3.1041117319837213,-6.663101760554127,1,1,4.0,4.0,4,5,4,5,WP4->WP5,1,0.2942942663099762,0.2942942663755406,1.006548244172278,0.18136830739313564,utm,0,0.0,0.0,0,0.0
1789003764.5697846,99.96307182312012,21.035259099999998,105.8686032,-8.276,-9.225201915806059,-4.394377037292308,590254.2663341253,2326295.442803489,3.1037957831285894,-6.652715080068447,1,1,4.0,4.0,4,5,4,5,WP4->WP5,1,0.285944239104279,0.28594423904009636,1.0127337107984644,0.18248285666479097,utm,0,0.0,0.0,0,0.0
1789003764.6672616,100.06054878234863,21.035259099999998,105.86860329999999,-8.285,-9.214807322715602,-4.394377037292308,590254.2767254561,2326295.4428600385,3.1034798342734575,-6.642328399699181,1,1,4.0,4.0,4,5,4,5,WP4->WP5,1,0.2775942117173609,0.27759421170465215,1.0189191774246509,0.1835974059364463,utm,0,0.0,0.0,0,0.0
1789003764.7686417,100.16192889213562,21.035259099999998,105.8686034,-8.275,-9.204412728147984,-4.394377037292308,590254.287116787,2326295.442916588,3.1031638854183257,-6.631941719097085,1,1,4.0,4.0,4,5,4,5,WP4->WP5,1,0.2692441841426014,0.2692441842752872,1.0251046441196225,0.18471195522049597,utm,0,0.0,0.0,0,0.0
1789003764.8682332,100.26152038574219,21.035259099999998,105.86860349999999,-8.278,-9.194018135057531,-4.394377037292308,590254.297508118,2326295.442973138,3.1028479360975325,-6.621555038611405,1,1,4.0,4.0,4,5,4,5,WP4->WP5,1,0.26089415712474556,0.2608941571210638,1.0312901111902772,0.1858265045722393,utm,0,0.0,0.0,0,0.0
1789003764.9683425,100.36162972450256,21.035259,105.8686037,-8.289,-9.173228947399457,-4.405448785699229,590254.3183510144,2326295.432017966,3.1132793556898832,-6.600445145042613,1,1,4.0,4.0,4,5,4,5,WP4->WP5,1,0.23760568450548047,0.23760568451118852,1.0347670582678603,0.1864530100676369,utm,0,0.0,0.0,0,0.0
1789003765.0647671,100.45805430412292,21.035259,105.86860379999999,-8.276,-9.162834354309002,-4.405448785699229,590254.3287423439,2326295.4320745156,3.1129634073004127,-6.590058465953916,1,1,4.0,4.0,4,5,4,5,WP4->WP5,1,0.22925565823236974,0.22925565820887184,1.0409525241374071,0.18756755920295456,utm,0,0.0,0.0,0,0.0
1789003765.170842,100.564129114151,21.035259,105.8686039,-8.282,-9.152439759741386,-4.405448785699229,590254.3391336761,2326295.432131065,3.1126474579796195,-6.579671784071252,1,1,4.0,4.0,4,5,4,5,WP4->WP5,1,0.22090562981894452,0.22090562974637934,1.0471379915890184,0.1886821086233419,utm,0,0.0,0.0,0,0.0
1789003765.2768872,100.67017436027527,21.035259,105.86860399999999,-8.291,-9.142045166650929,-4.405448785699229,590254.3495250071,2326295.4321876145,3.1123315091244876,-6.569285103585571,1,1,4.0,4.0,4,5,4,5,WP4->WP5,1,0.212555602244185,0.21255560231701442,1.0533234582839903,0.18979665790739153,utm,0,0.0,0.0,0,0.0
1789003765.3640988,100.75738596916199,21.035259,105.8686041,-8.281,-9.131650572083313,-4.405448785699229,590254.3599163393,2326295.4322441644,3.1120155598036945,-6.5588984217029065,1,1,4.0,4.0,4,5,4,5,WP4->WP5,1,0.20420557429374275,0.20420557412966353,1.0595089261112844,0.19091120739547254,utm,0,0.0,0.0,0,0.0
1789003765.468671,100.86195826530457,21.035259,105.8686043,-8.292,-9.11086138442524,-4.405448785699229,590254.380699001,2326295.4323572633,3.111383662559092,-6.53812506084796,1,1,4.0,4.0,4,5,4,5,WP4->WP5,1,0.18750551923814443,0.18750551936485432,1.0718798594324426,0.1931403059511775,utm,0,0.0,0.0,0,0.0
1789003765.5693457,100.96263289451599,21.035259,105.8686044,-8.299,-9.100466791334785,-4.405448785699229,590254.3910903318,2326295.4324138127,3.11106771370396,-6.52773838036228,1,1,4.0,4.0,4,5,4,5,WP4->WP5,1,0.17915549212636792,0.17915549202941,1.0780653260586293,0.19425485522283287,utm,0,0.0,0.0,0,0.0
1789003765.6654954,101.05878257751465,21.0352589,105.86860449999999,-8.3,-9.09007219824433,-4.416520534458292,590254.4015418962,2326295.421402092,3.1218150816857815,-6.5170151685597375,1,1,4.0,4.0,4,5,4,5,WP4->WP5,1,0.1642170480144488,0.16421704806324822,1.075356806129069,0.19376681137793117,utm,0,0.0,0.0,0,0.0
1789003765.7676237,101.16091084480286,21.035259,105.86860469999999,-8.306,-9.069283010586258,-4.405448785699229,590254.4222643245,2326295.432583461,3.1101198671385646,-6.496578338905238,1,1,4.0,4.0,4,5,4,5,WP4->WP5,1,0.15410540986507243,0.15410540983523582,1.0966217260747593,0.1975985030625875,utm,0,0.0,0.0,0,0.0
1789003765.8635683,101.25685548782349,21.0352589,105.8686048,-8.312,-9.058888416018641,-4.416520534458292,590254.4327158902,2326295.421571741,3.1208672341890633,-6.4858551257057115,1,1,4.0,4.0,4,5,4,5,WP4->WP5,1,0.13916696500840825,0.13916696501716747,1.0939132073463067,0.19711045943411143,utm,0,0.0,0.0,0,0.0
1789003765.9648783,101.35816550254822,21.0352589,105.8686049,-8.31,-9.048493822928185,-4.416520534458292,590254.443107221,2326295.421628291,3.1205512853339314,-6.475468445336446,1,1,4.0,4.0,4,5,4,5,WP4->WP5,1,0.13081693799055244,0.13081693795686472,1.100098674348176,0.19822500877346044,utm,0,0.0,0.0,0,0.0
1789003766.062868,101.45615530014038,21.035259099999998,105.8686048,-8.316,-9.058888416018641,-4.394377037292308,590254.4325954233,2326295.443708281,3.0987406009808183,-6.486528188339435,1,1,4.0,4.0,4,5,4,5,WP4->WP5,1,0.1523437980827275,0.15234379818468188,1.111701180526585,0.20031564567961982,utm,0,0.0,0.0,0,0.0
1789003766.1675372,101.56082439422607,21.035259099999998,105.8686048,-8.319,-9.058888416018641,-4.394377037292308,590254.4325954233,2326295.443708281,3.0987406009808183,-6.486528188339435,1,1,4.0,4.0,4,5,4,5,WP4->WP5,1,0.1523437980827275,0.15234379818468188,1.111701180526585,0.20031564567961982,utm,0,0.0,0.0,0,0.0
1789003766.2658637,101.65915083885193,21.0352593,105.8686048,-8.316,-9.058888416018641,-4.372233539422039,590254.4324749563,2326295.465844823,3.076613965444267,-6.487201251089573,1,1,4.0,4.0,4,5,4,5,WP4->WP5,1,0.16552063255261612,0.16552063254668348,1.1294891551408095,0.20352083218350858,utm,0,0.0,0.0,0,0.0
1789003766.368422,101.76170921325684,21.035259399999997,105.8686046,-8.32,-9.079677603676712,-4.361161791367262,590254.4116320598,2326295.4767999942,3.0661825463175774,-6.508311144541949,1,1,4.0,4.0,4,5,4,5,WP4->WP5,1,0.1888091049840398,0.18880910488141714,1.1260122076875436,0.2028943266204173,utm,0,0.0,0.0,0,0.0
1789003766.4636323,101.85691952705383,21.0352596,105.8686046,-8.327,-9.079677603676712,-4.339018293496991,590254.4115115929,2326295.4989365353,3.0440559117123485,-6.508984207175672,1,1,4.0,4.0,4,5,4,5,WP4->WP5,1,0.20198593870918338,0.20198593859921493,1.1438001816191876,0.20609951300131302,utm,0,0.0,0.0,0,0.0
1789003766.5665548,101.95984196662903,21.0352598,105.86860449999999,-8.333,-9.09007219824433,-4.316874796683151,590254.4009997952,2326295.521016527,3.022245226893574,-6.520043950295076,1,1,4.0,4.0,4,5,4,5,WP4->WP5,1,0.22351279954610348,0.22351279965245688,1.1554026889246454,0.20819015011055345,utm,0,0.0,0.0,0,0.0
1789003766.6644168,102.0577039718628,21.035259999999997,105.8686044,-8.329,-9.100466791334785,-4.294731299517167,590254.3904879974,2326295.543096517,3.000434542540461,-6.531103693298064,1,1,4.0,4.0,4,5,4,5,WP4->WP5,1,0.24503966000734084,0.24503965988027399,1.1670051951030544,0.21028078701671282,utm,0,0.0,0.0,0,0.0
1789003766.767422,102.16070914268494,21.035260299999997,105.8686044,-8.332,-9.100466791334785,-4.26151605359212,590254.3903072971,2326295.576301329,2.9672445906326175,-6.532113287248649,1,1,4.0,4.0,4,5,4,5,WP4->WP5,1,0.2648049103635647,0.26480491041001025,1.1936871560349134,0.2150885665942536,utm,0,0.0,0.0,0,0.0
1789003766.8634877,102.25677490234375,21.0352605,105.8686043,-8.331,-9.11086138442524,-4.23937255572185,590254.3797954994,2326295.598381321,2.9454339048825204,-6.543173030251637,1,1,4.0,4.0,4,5,4,5,WP4->WP5,1,0.2863317717573885,0.2863317717383938,1.205289663716054,0.2171792037711877,utm,0,0.0,0.0,0,0.0
1789003766.9678638,102.36115097999573,21.0352608,105.8686043,-8.323,-9.11086138442524,-4.2061573097968035,590254.379614799,2326295.631586133,2.912243952509016,-6.544182624202222,1,1,4.0,4.0,4,5,4,5,WP4->WP5,1,0.3060970225765954,0.30609702254327165,1.2319716250235955,0.22198698341642215,utm,0,0.0,0.0,0,0.0
1789003767.064385,102.45767211914062,21.0352612,105.8686042,-8.319,-9.121255978992858,-4.161870315112693,590254.3689825332,2326295.6758026653,2.8683066330850124,-6.555915431003086,1,1,4.0,4.0,4,5,4,5,WP4->WP5,1,0.3408007179773248,0.34080071797837663,1.26136210519716,0.22728280671492126,utm,0,0.0,0.0,0,0.0
1789003767.1610892,102.55437636375427,21.0352615,105.8686042,-8.313,-9.121255978992858,-4.128655069187645,590254.368801833,2326295.7090074765,2.8351166816428304,-6.5569250248372555,1,1,4.0,4.0,4,5,4,5,WP4->WP5,1,0.3605659681457073,0.36056596813905056,1.2880440658221215,0.2320905862371627,utm,0,0.0,0.0,0,0.0
1789003767.2789414,102.67222857475281,21.0352618,105.8686041,-8.305,-9.131650572083313,-4.095439823262598,590254.3582298033,2326295.7421557386,2.8022426795214415,-6.5683212977601215,1,1,4.0,4.0,4,5,4,5,WP4->WP5,1,0.3886812450501836,0.3886812448771828,1.3085405609532188,0.23578381669178014,utm,0,0.0,0.0,0,0.0
1789003767.3748515,102.76813864707947,21.0352622,105.86860399999999,-8.287,-9.142045166650929,-4.051152828930631,590254.3475975376,2326295.7863722714,2.7583053591661155,-6.580054104444571,1,1,4.0,4.0,4,5,4,5,WP4->WP5,1,0.423384940450913,0.42338494049350867,1.3379310415712518,0.24107964007036728,utm,0,0.0,0.0,0,0.0
1789003767.4655786,102.85886573791504,21.035262499999998,105.86860399999999,-8.285,-9.142045166650929,-4.017937583005584,590254.3474168374,2326295.819577083,2.7251154077239335,-6.58106369827874,1,1,4.0,4.0,4,5,4,5,WP4->WP5,1,0.4431501908071369,0.4431501909293242,1.3646130025718959,0.2458874196603024,utm,0,0.0,0.0,0,0.0
1789003767.5680103,102.96129751205444,21.0352629,105.8686039,-8.277,-9.152439759741386,-3.973650588321473,590254.336784573,2326295.8637936157,2.6811780873686075,-6.5927965035662055,1,1,4.0,4.0,4,5,4,5,WP4->WP5,1,0.4778538855504215,0.47785388541860196,1.394003484015354,0.25118324318762153,utm,0,0.0,0.0,0,0.0
1789003767.6635985,103.05688571929932,21.0352632,105.8686039,-8.272,-9.152439759741386,-3.9404353423964262,590254.3366038727,2326295.896998427,2.6479881363920867,-6.59380609751679,1,1,4.0,4.0,4,5,4,5,WP4->WP5,1,0.4976191358127247,0.4976191356731963,1.4206854445715296,0.2559910226974686,utm,0,0.0,0.0,0,0.0
1789003767.7675252,103.16081237792969,21.0352636,105.8686039,-8.266,-9.152439759741386,-3.8961483477123156,590254.336362939,2326295.941271509,2.6037348676472902,-6.595152222667821,1,1,4.0,4.0,4,5,4,5,WP4->WP5,1,0.5239728028939495,0.5239728030148711,1.4562613925036032,0.2624013954716544,utm,0,0.0,0.0,0,0.0
1789003767.8668697,103.2601568698883,21.035263999999998,105.8686039,-8.255,-9.152439759741386,-3.851861353380348,590254.3361220054,2326295.9855445907,2.559481599368155,-6.596498347702436,1,1,4.0,4.0,4,5,4,5,WP4->WP5,1,0.5503264700624747,0.5503264699874837,1.4918373401287792,0.26881176819054087,utm,0,0.0,0.0,0,0.0
1789003767.96881,103.36209726333618,21.0352644,105.8686039,-8.245,-9.152439759741386,-3.8075743586962374,590254.3358810716,2326296.0298176734,2.515228329692036,-6.597844472853467,1,1,4.0,4.0,4,5,4,5,WP4->WP5,1,0.5766801376066826,0.5766801376043,1.5274132884365355,0.2752221410324203,utm,0,0.0,0.0,0,0.0
1789003768.0589519,103.45223903656006,21.0352648,105.86860399999999,-8.231,-9.142045166650929,-3.763287364012127,590254.3460314685,2326296.0741473045,2.470659112557769,-6.5888039177516475,1,1,4.0,4.0,4,5,4,5,WP4->WP5,1,0.5946837774822102,0.5946837775232302,1.569174702481542,0.2827470629857791,utm,0,0.0,0.0,0,0.0
1789003768.1698372,103.56312441825867,21.0352651,105.86860399999999,-8.212,-9.142045166650929,-3.73007211808708,590254.3458507681,2326296.1073521166,2.4374691606499255,-6.589813511702232,1,1,4.0,4.0,4,5,4,5,WP4->WP5,1,0.6144490283953378,0.6144490283281081,1.5958566637890836,0.2875548426310136,utm,0,0.0,0.0,0,0.0
1789003768.2718587,103.66514587402344,21.035265499999998,105.86860399999999,-8.199,-9.142045166650929,-3.6857851237551125,590254.3456098344,2326296.151625198,2.3932158928364515,-6.591159636853263,1,1,4.0,4.0,4,5,4,5,WP4->WP5,1,0.6408026951008798,0.6408026951194995,1.6314326109697916,0.29396521526981206,utm,0,0.0,0.0,0,0.0
1789003768.3774981,103.77078533172607,21.035266,105.8686039,-8.183,-9.152439759741386,-3.6304263803119383,590254.3349173368,2326296.2069100016,2.338215255178511,-6.603228973341174,1,1,4.0,4.0,4,5,4,5,WP4->WP5,1,0.6820948066630862,0.6820948066019367,1.669717079857932,0.3008636320738642,utm,0,0.0,0.0,0,0.0
1789003768.4712002,103.86448740959167,21.0352663,105.86860399999999,-8.172,-9.142045166650929,-3.597211134386891,590254.345127967,2326296.240171362,2.304709354881197,-6.593851887155324,1,1,4.0,4.0,4,5,4,5,WP4->WP5,1,0.6935100299075336,0.693510029802849,1.7025845068339385,0.30678596081818366,utm,0,0.0,0.0,0,0.0
1789003768.576614,103.9699010848999,21.035266699999998,105.8686041,-8.163,-9.131650572083313,-3.5529241400549236,590254.3552783648,2326296.2845009933,2.26014013774693,-6.584811331122182,1,1,4.0,4.0,4,5,4,5,WP4->WP5,1,0.7115136689443955,0.7115136688764931,1.7443459214980135,0.31431088288309145,utm,0,0.0,0.0,0,0.0
1789003768.6639545,104.05724167823792,21.0352672,105.8686041,-8.149,-9.131650572083313,-3.49756539661175,590254.3549771976,2326296.3398423465,2.204823551233858,-6.5864939875900745,1,1,4.0,4.0,4,5,4,5,WP4->WP5,1,0.744455753307525,0.7444557533991686,1.788815856737199,0.3223238489092216,utm,0,0.0,0.0,0,0.0
1789003768.7682824,104.16156959533691,21.035267599999997,105.8686042,-8.145,-9.121255978992858,-3.4532784022797824,590254.3651275928,2326296.384171978,2.160254334099591,-6.577453434234485,1,1,4.0,4.0,4,5,4,5,WP4->WP5,1,0.7624593950416052,0.7624593949081301,1.8305772701948924,0.3298487707567534,utm,0,0.0,0.0,0,0.0
1789003768.8626466,104.25593376159668,21.035268,105.8686043,-8.144,-9.11086138442524,-3.4089914075956718,590254.3752779905,2326296.4285016097,2.1156851164996624,-6.568412878317758,1,1,4.0,4.0,4,5,4,5,WP4->WP5,1,0.7804630343602291,0.7804630344447573,1.8723386850970793,0.3373736928645662,utm,0,0.0,0.0,0,0.0
1789003768.959639,104.35292625427246,21.0352684,105.8686044,-8.146,-9.100466791334785,-3.364704412911561,590254.385428387,2326296.472831242,2.0711158984340727,-6.5593723236816,1,1,4.0,4.0,4,5,4,5,WP4->WP5,1,0.7984666753495642,0.7984666751957328,1.914100099687095,0.34489861491612933,utm,0,0.0,0.0,0,0.0
1789003769.0655477,104.4588348865509,21.0352687,105.86860449999999,-8.15,-9.09007219824433,-3.3314891669865143,590254.3956390168,2326296.506092603,2.0376099976710975,-6.549995237844996,1,1,4.0,4.0,4,5,4,5,WP4->WP5,1,0.8098818989696943,0.8098818989535487,1.9469675268324274,0.3508209436909594,utm,0,0.0,0.0,0,0.0
1789003769.1696038,104.56289100646973,21.0352692,105.8686048,-8.151,-9.058888416018641,-3.2761304238954834,590254.4265118411,2326296.561603604,1.9813455655239522,-6.520517853903584,1,1,4.0,4.0,4,5,4,5,WP4->WP5,1,0.8177739019035735,0.8177739018521946,2.0099938610929917,0.3621775573776016,utm,0,0.0,0.0,0,0.0
1789003769.277855,104.67114210128784,21.0352697,105.868605,-8.159,-9.038099228360569,-3.220771680452309,590254.4469933353,2326296.6170580555,1.9253970817662776,-6.501427149865776,1,1,4.0,4.0,4,5,4,5,WP4->WP5,1,0.8340159315801671,0.8340159316166814,2.0668347290712967,0.37241962185456007,utm,0,0.0,0.0,0,0.0
1789003769.3685892,104.76187634468079,21.03527,105.86860519999999,-8.15,-9.017310042179657,-3.187556434527262,590254.4675952937,2326296.6503759664,1.8915752321481705,-6.481663385871798,1,1,4.0,4.0,4,5,4,5,WP4->WP5,1,0.8370811301349145,0.837081130098688,2.105887621911576,0.3794564997332469,utm,0,0.0,0.0,0,0.0
1789003769.4649138,104.8582010269165,21.0352706,105.8686053,-8.163,-9.006915447612041,-3.121125942677168,590254.4776252239,2326296.716842139,1.8248793799430132,-6.4732958930544555,1,1,4.0,4.0,4,5,4,5,WP4->WP5,1,0.8682616037355858,0.8682616037287955,2.165437010470265,0.39018660817237805,utm,0,0.0,0.0,0,0.0
1789003769.5635898,104.95687699317932,21.035270999999998,105.8686055,-8.158,-8.986126259953968,-3.0768389483452006,590254.4981669498,2326296.7612283207,1.779994213487953,-6.453868659446016,1,1,4.0,4.0,4,5,4,5,WP4->WP5,1,0.8779152182705889,0.8779152182713748,2.2133838908610426,0.3988260793468646,utm,0,0.0,0.0,0,0.0
1789003769.6616461,105.05493330955505,21.0352715,105.86860569999999,-8.156,-8.965337073773059,-3.0214802049020264,590254.5186484421,2326296.816682773,1.7240457287989557,-6.434777957154438,1,1,4.0,4.0,4,5,4,5,WP4->WP5,1,0.894157250087497,0.8941572500888758,2.270224758490146,0.40906814376090106,utm,0,0.0,0.0,0,0.0
1789003769.7674634,105.1607506275177,21.035272,105.868606,-8.174,-8.934153291547368,-2.9661214618109955,590254.5495212656,2326296.872193774,1.6677812961861491,-6.405300574260764,1,1,4.0,4.0,4,5,4,5,WP4->WP5,1,0.902049253860042,0.9020492537388871,2.333251092200427,0.4204247573483886,utm,0,0.0,0.0,0,0.0
1789003769.8557363,105.2490234375,21.035272499999998,105.8686062,-8.184,-8.913364103889297,-2.9107627187199645,590254.5700027588,2326296.9276482263,1.6118328124284744,-6.386209871037863,1,1,4.0,4.0,4,5,4,5,WP4->WP5,1,0.9182912843753013,0.918291284529881,2.3900919600041313,0.4306668217938861,utm,0,0.0,0.0,0,0.0
1789003769.9667146,105.36000180244446,21.035273,105.8686065,-8.174,-8.88218032314077,-2.855403975276791,590254.6008755805,2326296.983159228,1.5555683793500066,-6.356732489890419,1,1,4.0,4.0,4,5,4,5,WP4->WP5,1,0.9261832900130192,0.9261832901389857,2.4531182934339966,0.4420234353308459,utm,0,0.0,0.0,0,0.0
1789003770.0665505,105.4598376750946,21.035273399999998,105.8686068,-8.184,-8.850996542392242,-2.8111169809448233,590254.6318086355,2326297.027601959,1.510367263108492,-6.326918577309698,1,1,4.0,4.0,4,5,4,5,WP4->WP5,1,0.9274868787378947,0.9274868786610109,2.507250639487965,0.45177745560346716,utm,0,0.0,0.0,0,0.0
1789003770.1674135,105.56070065498352,21.0352739,105.868607,-8.194,-8.830207354734169,-2.755758237501649,590254.6522901271,2326297.0830564117,1.454418778885156,-6.307827875833027,1,1,4.0,4.0,4,5,4,5,WP4->WP5,1,0.9437289109304854,0.9437289110420356,2.564091506704356,0.46201951994313767,utm,0,0.0,0.0,0,0.0
1789003770.2785952,105.67188239097595,21.035274299999998,105.8686074,-8.186,-8.788628979418023,-2.7114712431696817,590254.6936145143,2326297.1275556926,1.4089017137885094,-6.267627281718887,1,1,4.0,4.0,4,5,4,5,WP4->WP5,1,0.9366824714297771,0.9366824714706302,2.6244093205168326,0.47288808969144547,utm,0,0.0,0.0,0,0.0
1789003770.37648,105.76976728439331,21.0352748,105.86860779999999,-8.187,-8.747050605579041,-2.656112499726508,590254.7348786638,2326297.1831232444,1.3523213313892484,-6.227763223112561,1,1,4.0,4.0,4,5,4,5,WP4->WP5,1,0.9362244524717157,0.9362244524613703,2.6936211191601465,0.4853592522455017,utm,0,0.0,0.0,0,0.0
1789003770.466625,105.85991215705872,21.035275199999997,105.86860809999999,-8.185,-8.715866824830513,-2.6118255053945405,590254.7658117195,2326297.2275659763,1.3071202146820724,-6.197949309949763,1,1,4.0,4.0,4,5,4,5,WP4->WP5,1,0.9375280410153702,0.9375280410640748,2.7477534663094065,0.49511327271548183,utm,0,0.0,0.0,0,0.0
1789003770.5672193,105.96050643920898,21.0352756,105.8686085,-8.178,-8.67428844951437,-2.56753851071043,590254.8071361047,2326297.272065257,1.2616031500510871,-6.157748717814684,1,1,4.0,4.0,4,5,4,5,WP4->WP5,1,0.9304816030980728,0.9304816030893213,2.8080712789525317,0.5059818422530861,utm,0,0.0,0.0,0,0.0
1789003770.6625977,106.05588483810425,21.0352761,105.8686089,-8.174,-8.632710074198224,-2.512179767267256,590254.848400256,2326297.32763281,1.2050227662548423,-6.117884657345712,1,1,4.0,4.0,4,5,4,5,WP4->WP5,1,0.930023583207425,0.9300235831276135,2.877283079447777,0.5184530051408389,utm,0,0.0,0.0,0,0.0
1789003770.7593465,106.15263366699219,21.0352765,105.86860929999999,-8.172,-8.591131700359242,-2.4678927729352886,590254.8897246395,2326297.372132092,1.1595057006925344,-6.077684066956863,1,1,4.0,4.0,4,5,4,5,WP4->WP5,1,0.9229771471553002,0.9229771471119536,2.937600891810486,0.5293215746279154,utm,0,0.0,0.0,0,0.0
1789003770.8633883,106.25667548179626,21.0352769,105.8686097,-8.166,-8.549553325043096,-2.423605778251178,590254.9310490241,2326297.416631373,1.1139886351302266,-6.037483475287445,1,1,4.0,4.0,4,5,4,5,WP4->WP5,1,0.9159307099827477,0.9159307098819446,2.9979187044853663,0.5401901441712416,utm,0,0.0,0.0,0,0.0
1789003770.9655547,106.35884189605713,21.0352773,105.86861019999999,-8.159,-8.497580356636496,-2.3793187835670673,590254.9827647367,2326297.4611872053,1.0681556202471256,-5.986896206042729,1,1,4.0,4.0,4,5,4,5,WP4->WP5,1,0.900534248496178,0.9005342483960129,3.064421983262631,0.5521732628918401,utm,0,0.0,0.0,0,0.0
1789003771.0625484,106.4558355808258,21.035277699999998,105.86861069999999,-8.156,-8.445607388229897,-2.3350317892351,590255.0344804504,2326297.5057430374,1.022322604432702,-5.936308935866691,1,1,4.0,4.0,4,5,4,5,WP4->WP5,1,0.8851377861709424,0.885137786064795,3.1309252626589656,0.5641563817239877,utm,0,0.0,0.0,0,0.0
1789003771.1685956,106.5618827342987,21.0352781,105.8686111,-8.153,-8.404029012913753,-2.2907447945509896,590255.0758048344,2326297.5502423197,0.9768055379390717,-5.896108344895765,1,1,4.0,4.0,4,5,4,5,WP4->WP5,1,0.8780913500248971,0.8780913499485938,3.1912430756724985,0.5750249513283352,utm,0,0.0,0.0,0,0.0
1789003771.278632,106.67191910743713,21.035278599999998,105.86861169999999,-8.155,-8.341661451416698,-2.2353860514599586,590255.1378516431,2326297.6059229723,0.9195932564325631,-5.835470927879214,1,1,4.0,4.0,4,5,4,5,WP4->WP5,1,0.860933279178059,0.8609332792474255,3.272825807695208,0.5897252124485901,utm,0,0.0,0.0,0,0.0
1789003771.3677688,106.7610559463501,21.035279,105.8686122,-8.154,-8.289688481532938,-2.191099056775848,590255.1895673573,2326297.650478805,0.8737602401524782,-5.7848836571210995,1,1,4.0,4.0,4,5,4,5,WP4->WP5,1,0.8455368168528234,0.8455368168156663,3.339329087742367,0.6017083313980087,utm,0,0.0,0.0,0,0.0
1789003771.4625876,106.85587477684021,21.035279499999998,105.8686128,-8.144,-8.227320920035883,-2.135740313684817,590255.2516141639,2326297.706159458,0.816547957714647,-5.72424624231644,1,1,4.0,4.0,4,5,4,5,WP4->WP5,1,0.8283787481462997,0.8283787481741325,3.4209118188338357,0.6164085923504649,utm,0,0.0,0.0,0,0.0
1789003771.5647497,106.95803689956665,21.0352799,105.8686134,-8.133,-8.164953357061664,-2.0914533190007067,590255.313721207,2326297.7507718415,0.7703989916481078,-5.663272293051705,1,1,4.0,4.0,4,5,4,5,WP4->WP5,1,0.8046322606683813,0.8046322607350854,3.493600565533662,0.6295062605763104,utm,0,0.0,0.0,0,0.0
1789003771.6563108,107.04959797859192,21.035280399999998,105.868614,-8.136,-8.10258579556461,-2.036094575909676,590255.3757680128,2326297.8064524955,0.713186708278954,-5.602634878829122,1,1,4.0,4.0,4,5,4,5,WP4->WP5,1,0.7874741931695857,0.787474193207359,3.5751832969637847,0.6442065215897881,utm,0,0.0,0.0,0,0.0
1789003771.7675831,107.16087031364441,21.0352808,105.8686146,-8.124,-8.040218232590393,-1.9918075812255651,590255.4378750551,2326297.8510648794,0.6670377417467535,-5.541660930495709,1,1,4.0,4.0,4,5,4,5,WP4->WP5,1,0.7637277066242536,0.7637277067008981,3.647872043557796,0.657304189796567,utm,0,0.0,0.0,0,0.0
1789003771.8611467,107.25443387031555,21.0352812,105.8686152,-8.116,-7.977850671093337,-1.9475205861893117,590255.4999820944,2326297.895677264,0.6208887752145529,-5.48068698507268,1,1,4.0,4.0,4,5,4,5,WP4->WP5,1,0.7399812228700604,0.7399812229115166,3.720560788739069,0.6704018577487869,utm,0,0.0,0.0,0,0.0
1789003771.9649339,107.35822105407715,21.0352817,105.8686158,-8.101,-7.915483108119122,-1.8921618430982807,590255.5620289018,2326297.951357918,0.5636764918453991,-5.420049569453113,1,1,4.0,4.0,4,5,4,5,WP4->WP5,1,0.722823154069616,0.7228231541628212,3.8021435210634023,0.6851021189233909,utm,0,0.0,0.0,0,0.0
1789003772.0668554,107.46014261245728,21.0352821,105.8686164,-8.096,-7.853115546622066,-1.8478748484141703,590255.6241359403,2326297.9959703027,0.5175275239162147,-5.359075624728575,1,1,4.0,4.0,4,5,4,5,WP4->WP5,1,0.6990766711540884,0.6990766712121053,3.8748322662076458,0.6981997868689385,utm,0,0.0,0.0,0,0.0
1789003772.1688802,107.56216740608215,21.0352826,105.8686171,-8.081,-7.780353390557393,-1.7925161053231393,590255.6965740749,2326298.051707508,0.45999929029494524,-5.288051532348618,1,1,4.0,4.0,4,5,4,5,WP4->WP5,1,0.6735685792473549,0.6735685791400734,3.962600464528548,0.7140145972017481,utm,0,0.0,0.0,0,0.0
1789003772.2874205,107.68070769309998,21.035283,105.8686178,-8.069,-7.707591234492722,-1.7482291106390289,590255.7690724446,2326298.0963764437,0.41353437257930636,-5.216690906905569,1,1,4.0,4.0,4,5,4,5,WP4->WP5,1,0.6414720694078923,0.6414720693975763,4.041474677632382,0.728226814659215,utm,0,0.0,0.0,0,0.0
1789003772.3676028,107.76089000701904,21.0352835,105.86861839999999,-8.065,-7.645223672995666,-1.692870367547998,590255.8311192477,2326298.1520571,0.3563220868818462,-5.156053495709784,1,1,4.0,4.0,4,5,4,5,WP4->WP5,1,0.6243140055455216,0.6243140054996547,4.12305740929007,0.7429270757136971,utm,0,0.0,0.0,0,0.0
1789003772.4643888,107.85767602920532,21.0352839,105.86861909999999,-8.051,-7.572461516930995,-1.6485833728638875,590255.9036176155,2326298.1967260353,0.3098571700975299,-5.084692872245796,1,1,4.0,4.0,4,5,4,5,WP4->WP5,1,0.5922174971955492,0.5922174970786672,4.201931620848869,0.7571392928927667,utm,0,0.0,0.0,0,0.0
1789003772.558346,107.95163321495056,21.0352844,105.86861979999999,-8.035,-7.4996993608663205,-1.5932246297728565,590255.9760557495,2326298.2524632416,0.25232893507927656,-5.013668780447915,1,1,4.0,4.0,4,5,4,5,WP4->WP5,1,0.5667094061274813,0.5667094060265223,4.289699819577209,0.772954103298992,utm,0,0.0,0.0,0,0.0
1789003772.6623244,108.0556116104126,21.0352848,105.86862049999999,-8.011,-7.426937204801649,-1.548937635088746,590256.0485541163,2326298.297132179,0.20586401550099254,-4.9423081579152495,1,1,4.0,4.0,4,5,4,5,WP4->WP5,1,0.5346128997366022,0.5346128997326084,4.3685740324641404,0.7871663207173754,utm,0,0.0,0.0,0,0.0
1789003772.7646072,108.15789437294006,21.0352852,105.8686211,-8.006,-7.364569641827433,-1.5046506404046354,590256.1106611537,2326298.3417445654,0.15971504664048553,-4.881334214471281,1,1,4.0,4.0,4,5,4,5,WP4->WP5,1,0.5108664184984062,0.5108664185465244,4.441262778047578,0.8002639887420606,utm,0,0.0,0.0,0,0.0
1789003772.8646145,108.25790166854858,21.035285599999998,105.86862169999999,-7.986,-7.302202080330378,-1.4603636460726679,590256.1727681907,2326298.3863569517,0.1135660782456398,-4.820360271376558,1,1,4.0,4.0,4,5,4,5,WP4->WP5,1,0.4871199377231932,0.4871199376422021,4.51395152342466,0.813361656729563,utm,0,0.0,0.0,0,0.0
1789003772.9673505,108.36063766479492,21.035285899999998,105.8686223,-7.966,-7.239834517356162,-1.4271484001476207,590256.2349354622,2326298.4199010683,0.07848042575642467,-4.759049795917235,1,1,4.0,4.0,4,5,4,5,WP4->WP5,1,0.4567850394848546,0.4567850396309387,4.577746283171961,0.8248567317673565,utm,0,0.0,0.0,0,0.0
1789003773.059645,108.4529321193695,21.035286199999998,105.8686228,-7.974,-7.187861548949562,-1.3939331542225737,590256.2867114044,2326298.4533886337,0.043710723519325256,-4.7081259994301945,1,1,4.0,4.0,4,5,4,5,WP4->WP5,1,0.43480016667434057,0.4348001666335843,4.635355575684554,0.8352372574238464,utm,0,0.0,0.0,0,0.0
1789003773.1671362,108.56042337417603,21.035286499999998,105.8686233,-7.968,-7.135888580542962,-1.3607179082975265,590256.3384873464,2326298.4868761995,0.008941021282225847,-4.657202203175984,1,1,4.0,4.0,4,5,4,5,WP4->WP5,1,0.41281529423950925,0.41281529409921275,4.692964868435259,0.8456177831232411,utm,0,0.0,0.0,0,0.0
1789003773.2696009,108.66288805007935,21.035286799999998,105.8686238,-7.962,-7.083915612136361,-1.3275026623724793,590256.3902632883,2326298.520363766,-0.02582868142053485,-4.606278406921774,1,1,4.0,4.0,4,5,4,5,WP4->WP5,1,0.3908304218985987,0.3908304219339034,4.750574161492864,0.8559983088779356,utm,0,0.0,0.0,0,0.0
1789003773.3690903,108.76237750053406,21.035287,105.8686242,-7.959,-7.042337236820217,-1.3053591648543525,590256.4317081358,2326298.5427265107,-0.049219117034226656,-4.565404756926,1,1,4.0,4.0,4,5,4,5,WP4->WP5,1,0.3706071569654834,0.3706071570247374,4.793104001585438,0.8636616922835011,utm,0,0.0,0.0,0,0.0
1789003773.456828,108.85011529922485,21.0352872,105.86862459999999,-7.948,-7.000758862981233,-1.2832156676883688,590256.4731529818,2326298.565089255,-0.07260955218225718,-4.524531108210795,1,1,4.0,4.0,4,5,4,5,WP4->WP5,1,0.35038389305225487,0.35038389296747735,4.835633840476904,0.8713250754726408,utm,0,0.0,0.0,0,0.0
1789003773.5658596,108.95914673805237,21.035287399999998,105.868625,-7.953,-6.9591804876650905,-1.261072170522385,590256.5145978291,2326298.587452,-0.0959999873302877,-4.483657458447851,1,1,4.0,4.0,4,5,4,5,WP4->WP5,1,0.3301606281191396,0.3301606282461529,4.878163680431907,0.8789884588534176,utm,0,0.0,0.0,0,0.0
1789003773.6627483,109.05603551864624,21.0352876,105.86862529999999,-7.948,-6.927996706916562,-1.2389286730042584,590256.545651346,2326298.609758194,-0.11907447315752506,-4.453170488472097,1,1,4.0,4.0,4,5,4,5,WP4->WP5,1,0.3182873896403561,0.31828738965916453,4.914508052908818,0.8855372928090356,utm,0,0.0,0.0,0,0.0
1789003773.7692692,109.16255640983582,21.035287699999998,105.8686256,-7.938,-6.896812924690873,-1.2278569245973379,590256.5767650992,2326298.6209961176,-0.1310856407508254,-4.422346984385513,1,1,4.0,4.0,4,5,4,5,WP4->WP5,1,0.2998257318332741,0.2998257319122209,4.941958440105149,0.8904835338778666,utm,0,0.0,0.0,0,0.0
1789003773.8632545,109.25654172897339,21.0352879,105.8686259,-7.941,-6.865629143942345,-1.2057134270792111,590256.607818616,2326298.643302312,-0.15416012657806277,-4.391860014642589,1,1,4.0,4.0,4,5,4,5,WP4->WP5,1,0.2879524936362526,0.2879524936942947,4.978302812888957,0.8970323678887838,utm,0,0.0,0.0,0,0.0
1789003773.9684737,109.36176085472107,21.035287999999998,105.8686262,-7.942,-6.834445363193818,-1.1946416786722909,590256.638932369,2326298.654540235,-0.16617129417136312,-4.361036510788836,1,1,4.0,4.0,4,5,4,5,WP4->WP5,1,0.2694908357352499,0.2694908358600508,5.005753199572035,0.9019786088651326,utm,0,0.0,0.0,0,0.0
1789003774.0628402,109.45612740516663,21.0352882,105.86862649999999,-7.939,-6.803261582445289,-1.172498181154164,590256.6699858856,2326298.67684643,-0.18924578046426177,-4.330549541162327,1,1,4.0,4.0,4,5,4,5,WP4->WP5,1,0.25761759800121137,0.2576175980111871,5.0420975726627395,0.908527442931349,utm,0,0.0,0.0,0,0.0
1789003774.169676,109.5629632472992,21.0352884,105.8686267,-7.942,-6.782472394787218,-1.1503546839881802,590256.6906480733,2326298.699096073,-0.21200431557372212,-4.310449249926023,1,1,4.0,4.0,4,5,4,5,WP4->WP5,1,0.2540943843060486,0.25409438434418735,5.0722564779737285,0.9139617275180575,utm,0,0.0,0.0,0,0.0
1789003774.2812672,109.67455434799194,21.0352885,105.86862699999999,-7.942,-6.751288614038691,-1.139282935229117,590256.7217618262,2326298.7103339974,-0.22401548409834504,-4.279625746305101,1,1,4.0,4.0,4,5,4,5,WP4->WP5,1,0.2356327273376323,0.23563272742928873,5.099706865715069,0.9189079686850931,utm,0,0.0,0.0,0,0.0
1789003774.360838,109.75412511825562,21.0352887,105.86862719999999,-7.942,-6.730499426380618,-1.1171394380631332,590256.7424240138,2326298.7325836406,-0.2467740192078054,-4.259525455185212,1,1,4.0,4.0,4,5,4,5,WP4->WP5,1,0.23210951419937312,0.2321095141313511,5.1298657713329545,0.9243422533271007,utm,0,0.0,0.0,0,0.0
1789003774.469641,109.86292815208435,21.0352888,105.8686274,-7.946,-6.709710238722546,-1.1060676893040697,590256.7631464377,2326298.7437650138,-0.2584692379459739,-4.23908863007091,1,1,4.0,4.0,4,5,4,5,WP4->WP5,1,0.22199788182673616,0.22199788194859926,5.151130692045944,0.9281739451500155,utm,0,0.0,0.0,0,0.0
1789003774.5710762,109.96436333656311,21.035289,105.8686276,-7.944,-6.688921051064474,-1.083924192138086,590256.7838086251,2326298.766014657,-0.2812277730554342,-4.218988339300267,1,1,4.0,4.0,4,5,4,5,WP4->WP5,1,0.21847466878239763,0.21847466883850317,5.18128959752626,0.9336082297672348,utm,0,0.0,0.0,0,0.0
1789003774.6685445,110.06183171272278,21.0352891,105.8686278,-7.948,-6.668131863406402,-1.0728524433790225,590256.804531049,2326298.777196029,-0.29292299039661884,-4.19855151406955,1,1,4.0,4.0,4,5,4,5,WP4->WP5,1,0.20836303612799864,0.2083630361054682,5.202554517487884,0.9374399214547622,utm,0,0.0,0.0,0,0.0
1789003774.7714071,110.16469430923462,21.0352891,105.86862789999999,-7.95,-6.657737270315946,-1.0728524433790225,590256.8149223765,2326298.777252581,-0.29323894158005714,-4.188164836959913,1,1,4.0,4.0,4,5,4,5,WP4->WP5,1,0.20001301292778878,0.20001301277551112,5.208739984066493,0.9385544707178446,utm,0,0.0,0.0,0,0.0
1789003774.8680034,110.26129055023193,21.035289199999998,105.8686281,-7.946,-6.636948082657875,-1.0617806949721023,590256.8356448003,2326298.788433953,-0.30493415938690305,-4.167728011845611,1,1,4.0,4.0,4,5,4,5,WP4->WP5,1,0.18990138027338976,0.1899013801363969,5.230004903959331,0.9423861623929776,utm,0,0.0,0.0,0,0.0
1789003774.9714565,110.36474370956421,21.035289199999998,105.86862819999999,-7.951,-6.626553489567418,-1.0617806949721023,590256.8460361292,2326298.788490505,-0.30525011010468006,-4.157341333455406,1,1,4.0,4.0,4,5,4,5,WP4->WP5,1,0.18155135586545185,0.18155135577331227,5.236190371294579,0.9435007117923976,utm,0,0.0,0.0,0,0.0
1789003775.0692089,110.46249604225159,21.0352893,105.8686283,-7.95,-6.616158894999802,-1.0507089462130388,590256.8563672228,2326298.799615326,-0.31662937719374895,-4.147291188011877,1,1,4.0,4.0,4,5,4,5,WP4->WP5,1,0.17978974873941855,0.17978974880555162,5.251269823471213,0.9462178539994668,utm,0,0.0,0.0,0,0.0
1789003775.1726115,110.56589865684509,21.0352893,105.8686283,-7.947,-6.616158894999802,-1.0507089462130388,590256.8563672228,2326298.799615326,-0.31662937719374895,-4.147291188011877,1,1,4.0,4.0,4,5,4,5,WP4->WP5,1,0.17978974873941855,0.17978974880555162,5.251269823471213,0.9462178539994668,utm,0,0.0,0.0,0,0.0
1789003775.268672,110.66195917129517,21.0352894,105.8686285,-7.948,-6.595369707341729,-1.0396371974539755,590256.8770896466,2326298.8107966995,-0.32832459593191743,-4.12685436301399,1,1,4.0,4.0,4,5,4,5,WP4->WP5,1,0.16967811692368526,0.16967811699186258,5.272534744491098,0.9500495458776806,utm,0,0.0,0.0,0,0.0
1789003775.3766112,110.76989841461182,21.0352894,105.8686285,-7.942,-6.595369707341729,-1.0396371974539755,590256.8770896466,2326298.8107966995,-0.32832459593191743,-4.12685436301399,1,1,4.0,4.0,4,5,4,5,WP4->WP5,1,0.16967811692368526,0.16967811699186258,5.272534744491098,0.9500495458776806,utm,0,0.0,0.0,0,0.0
1789003775.4682426,110.86152982711792,21.0352894,105.8686286,-7.945,-6.584975114251274,-1.0396371974539755,590256.8874809755,2326298.8108532513,-0.32864054664969444,-4.116467684623785,1,1,4.0,4.0,4,5,4,5,WP4->WP5,1,0.1613280925157473,0.16132809262877798,5.278720211826347,0.9511640952771008,utm,0,0.0,0.0,0,0.0
1789003775.5708482,110.96413540840149,21.035289499999998,105.8686288,-7.944,-6.564185926593201,-1.028565449047055,590256.9082033979,2326298.822034623,-0.34033576399087906,-4.096030860906467,1,1,4.0,4.0,4,5,4,5,WP4->WP5,1,0.15121646070001407,0.15121646084157,5.299985130518078,0.9549957867358081,utm,0,0.0,0.0,0,0.0
1789003775.6691012,111.06238842010498,21.035289499999998,105.8686288,-7.944,-6.564185926593201,-1.028565449047055,590256.9082033979,2326298.822034623,-0.34033576399087906,-4.096030860906467,1,1,4.0,4.0,4,5,4,5,WP4->WP5,1,0.15121646070001407,0.15121646084157,5.299985130518078,0.9549957867358081,utm,0,0.0,0.0,0,0.0
1789003775.770605,111.16389226913452,21.035289499999998,105.86862889999999,-7.948,-6.553791333502746,-1.028565449047055,590256.9185947267,2326298.8220911743,-0.3406517147086561,-4.085644182516262,1,1,4.0,4.0,4,5,4,5,WP4->WP5,1,0.14286643610423477,0.1428664362033443,5.306170597477643,0.9561103360675345,utm,0,0.0,0.0,0,0.0
1789003775.8678086,111.26109576225281,21.0352896,105.86862889999999,-7.948,-6.553791333502746,-1.0174937002879918,590256.9185344914,2326298.8331594453,-0.3517150324769318,-4.085980715579353,1,1,4.0,4.0,4,5,4,5,WP4->WP5,1,0.14945485478170886,0.14945485479315496,5.315064583752974,0.957712929133564,utm,0,0.0,0.0,0,0.0
1789003775.9685295,111.36181664466858,21.0352896,105.86862889999999,-7.952,-6.553791333502746,-1.0174937002879918,590256.9185344914,2326298.8331594453,-0.3517150324769318,-4.085980715579353,1,1,4.0,4.0,4,5,4,5,WP4->WP5,1,0.14945485478170886,0.14945485479315496,5.315064583752974,0.957712929133564,utm,0,0.0,0.0,0,0.0
1789003776.064126,111.45741319656372,21.0352896,105.868629,-7.952,-6.54339673893513,-1.0174937002879918,590256.9289258216,2326298.8332159966,-0.35203098272904754,-4.07559403590858,1,1,4.0,4.0,4,5,4,5,WP4->WP5,1,0.1411048289782015,0.1411048291218017,5.321250051469179,0.958827478601628,utm,0,0.0,0.0,0,0.0
1789003776.1605995,111.5538866519928,21.0352896,105.868629,-7.953,-6.54339673893513,-1.0174937002879918,590256.9289258216,2326298.8332159966,-0.35203098272904754,-4.07559403590858,1,1,4.0,4.0,4,5,4,5,WP4->WP5,1,0.1411048289782015,0.1411048291218017,5.321250051469179,0.958827478601628,utm,0,0.0,0.0,0,0.0
1789003776.2780626,111.67134976387024,21.0352896,105.868629,-7.952,-6.54339673893513,-1.0174937002879918,590256.9289258216,2326298.8332159966,-0.35203098272904754,-4.07559403590858,1,1,4.0,4.0,5,0,,,completed_or_unknown,0,,,,,,0,0.0,0.0,0,0.0
1789003776.3771515,111.77043867111206,21.0352897,105.86862909999999,-7.951,-6.533002145844674,-1.0064219515289283,590256.9392569138,2326298.844340818,-0.3634102502837777,-4.065543891862035,1,1,4.0,4.0,5,0,,,completed_or_unknown,0,,,,,,0,0.0,0.0,0,0.0
1789003776.4633174,111.85660457611084,21.0352896,105.868629,-7.949,-6.54339673893513,-1.0174937002879918,590256.9289258216,2326298.8332159966,-0.35203098272904754,-4.07559403590858,1,1,4.0,4.0,5,0,,,completed_or_unknown,0,,,,,,0,0.0,0.0,0,0.0
1789003776.567852,111.96113920211792,21.0352897,105.868629,-7.942,-6.54339673893513,-1.0064219515289283,590256.9288655864,2326298.844284267,-0.363094300031662,-4.075930568971671,1,1,4.0,4.0,5,0,,,completed_or_unknown,0,,,,,,0,0.0,0.0,0,0.0
1789003776.6633122,112.05659937858582,21.0352896,105.868629,-7.946,-6.54339673893513,-1.0174937002879918,590256.9289258216,2326298.8332159966,-0.35203098272904754,-4.07559403590858,1,1,4.0,4.0,5,0,,,completed_or_unknown,0,,,,,,0,0.0,0.0,0,0.0
1789003776.7656183,112.15890550613403,21.0352897,105.868629,-7.946,-6.54339673893513,-1.0064219515289283,590256.9288655864,2326298.844284267,-0.363094300031662,-4.075930568971671,1,1,4.0,4.0,5,0,,,completed_or_unknown,0,,,,,,0,0.0,0.0,0,0.0
