stamp_sec,elapsed_sec,map_x_m,map_y_m,yaw_rad,linear_x_mps,angular_z_rps,last_reached_wp,active_target_wp,target_local_east_m,target_local_north_m,target_map_x_m,target_map_y_m,latest_cmd_linear_x_mps,latest_cmd_angular_z_radps,noise_active,outage_active
12.58,0.009999999999999787,0.001407372185048447,-1.6819079027301445e-08,-2.6369767063272324e-06,0.00013170146923253894,-0.11177177479818222,0,1,0.0,0.0,0.0007097915513440967,8.960254490375519e-06,0.0,0.0,0,0
12.6,0.02999999999999936,0.0014050331515953487,-1.6824588752302206e-08,-2.644894307124446e-06,0.00013170682553634386,-0.05846963970298022,0,1,0.0,0.0,0.0007097915513440967,8.960254490375519e-06,0.0,0.0,0,0
12.62,0.049999999999998934,0.0014076673455797632,-1.6831551249007335e-08,-2.631677432418656e-06,0.00013171221896538735,-0.11072263894600225,0,1,0.0,0.0,0.0007097915513440967,8.960254490375519e-06,0.0,0.0,0,0
12.64,0.07000000000000028,0.0014103016473200692,-1.6838478266228055e-08,-2.594044829606901e-06,0.00013171760856214534,-0.1039679522315471,0,1,0.0,0.0,0.0007097915513440967,8.960254490375519e-06,0.0,0.0,0,0
12.66,0.08999999999999986,0.0014078757715893853,-1.6843369268653088e-08,-2.574629176521626e-06,0.0001317229647268839,-0.04936005617543709,0,1,0.0,0.0,0.0007097915513440967,8.960254490375519e-06,0.0,0.0,0,0
12.68,0.10999999999999943,0.0014105102883823623,-1.685014971907684e-08,-2.57335247999535e-06,0.00013172835876837025,-0.04481583895280258,0,1,0.0,0.0,0.0007097915513440967,8.960254490375519e-06,0.0,0.0,0,0
12.7,0.129999999999999,0.0014081147904467677,-1.6854700680959702e-08,-2.550874911744217e-06,0.00013173371669013273,-0.052144309645070955,0,1,0.0,0.0,0.0007097915513440967,8.960254490375519e-06,0.0,0.0,0,0
12.74,0.16999999999999993,0.0014133843620630106,-1.6868118311669562e-08,-2.5446620135483045e-06,0.00013174450256912116,-0.04751973997663399,0,1,0.0,0.0,0.0007097915513440967,8.960254490375519e-06,0.0,0.0,0,0
12.76,0.1899999999999995,0.0014109023755874883,-1.6872126194943284e-08,-2.5437096771163685e-06,0.00013174985967308065,0.005510128324893079,0,1,0.0,0.0,0.0007097915513440967,8.960254490375519e-06,0.0,0.0,0,0
12.78,0.20999999999999908,0.001413537430388287,-1.6878829062435474e-08,-2.5291358816126315e-06,0.0001317552553126488,-0.0024361913367697227,0,1,0.0,0.0,0.0007097915513440967,8.960254490375519e-06,0.0,0.0,0,0
12.8,0.23000000000000043,0.001411086645560581,-1.688253920378023e-08,-2.5538448222839354e-06,0.00013176061429226034,-0.05451646316053052,0,1,0.0,0.0,0.0007097915513440967,8.960254490375519e-06,0.0,0.0,0,0
12.82,0.25,0.0014137219155570032,-1.6889265526983684e-08,-2.553148378048321e-06,0.00013176601211837655,-0.08342817061381327,0,1,0.0,0.0,0.0007097915513440967,8.960254490375519e-06,0.0,0.0,0,0
12.84,0.2699999999999996,0.001411299818468801,-1.6892788500821938e-08,-2.564700141149956e-06,0.00013177137429727108,-0.12944679779394008,0,1,0.0,0.0,0.0007097915513440967,8.960254490375519e-06,0.0,0.0,0,0
12.86,0.28999999999999915,0.0014139353037600582,-1.6899542234605556e-08,-2.5240772347778777e-06,0.0001317767741237746,-0.08634751264316018,1,2,7.5034246024485665,0.0,7.5011377721093595,1.405365765094757e-05,0.0,0.0,0,0
12.88,0.3100000000000005,0.0014165708969240394,-1.690619213959439e-08,-2.5692891449935473e-06,0.00013178216961149002,-0.02098263756228888,1,2,7.5034246024485665,0.0,7.5011377721093595,1.405365765094757e-05,0.0,0.0,0,0
12.9,0.33000000000000007,0.0014140606824391444,-1.6909320428446896e-08,-2.5756875685623024e-06,0.00013178668560839916,-0.016727682567753113,1,2,7.5034246024485665,0.0,7.5011377721093595,1.405365765094757e-05,0.0,0.0,0,0
12.92,0.34999999999999964,0.0014166964913942303,-1.6916105750907874e-08,-2.567970731615077e-06,0.00013179212848978708,-0.11122039875236846,1,2,7.5034246024485665,0.0,7.5011377721093595,1.405365765094757e-05,0.0,0.0,0,0
12.94,0.3699999999999992,0.0014193324195047486,-1.692287207805764e-08,-2.5737127904434942e-06,0.00013179832547067336,-0.020996870311191913,1,2,7.5034246024485665,0.0,7.5011377721093595,1.405365765094757e-05,0.0,0.0,0,0
12.96,0.39000000000000057,0.0014167367184813712,-1.6925573171301652e-08,-2.5760609507763377e-06,0.00013180368572407247,-0.053852196705972105,1,2,7.5034246024485665,0.0,7.5011377721093595,1.405365765094757e-05,0.0,0.0,0,0
12.98,0.41000000000000014,0.0014193728500174704,-1.6932362845170956e-08,-2.5776848500136396e-06,0.00013180908566856798,0.0007412062822340944,1,2,7.5034246024485665,0.0,7.5011377721093595,1.405365765094757e-05,0.0,0.0,0,0
13.0,0.4299999999999997,0.0014168103312899923,-1.693486085680667e-08,-2.5869159192559725e-06,0.0001318144476331687,-0.027208501783254176,1,2,7.5034246024485665,0.0,7.5011377721093595,1.405365765094757e-05,0.0,0.0,0,0
13.02,0.4499999999999993,0.0014194466781472207,-1.694167988877425e-08,-2.5885034440342744e-06,0.00013181984839381983,-0.01239294090944032,1,2,7.5034246024485665,0.0,7.5011377721093595,1.405365765094757e-05,0.0,0.0,0,0
13.04,0.46999999999999886,0.001422083121213896,-1.6948502704616902e-08,-2.563191314308711e-06,0.00013182445827460143,-0.04524723481490087,1,2,7.5034246024485665,0.0,7.5011377721093595,1.405365765094757e-05,0.0,0.0,0,0
13.06,0.4900000000000002,0.0014194355069230464,-1.6950534517158948e-08,-2.569405216590326e-06,0.00013183060571524837,-0.09155857554309285,1,2,7.5034246024485665,0.0,7.5011377721093595,1.405365765094757e-05,0.0,0.0,0,0
13.08,0.5099999999999998,0.001422072176962761,-1.6957304732688666e-08,-2.5659448361636805e-06,0.0001318360073829485,-0.07976952154257738,1,2,7.5034246024485665,0.0,7.5011377721093595,1.405365765094757e-05,0.0,0.0,0,0
13.1,0.5299999999999994,0.0014194585907874719,-1.6959150772115912e-08,-2.5545821253913922e-06,0.00013184137066872572,-0.05781382962694628,1,2,7.5034246024485665,0.0,7.5011377721093595,1.405365765094757e-05,0.0,0.0,0,0
13.12,0.5499999999999989,0.0014220954762106726,-1.696588325253128e-08,-2.5511742847150747e-06,0.0001318467733079515,-0.07806954514486442,1,2,7.5034246024485665,0.0,7.5011377721093595,1.405365765094757e-05,0.0,0.0,0,0
13.14,0.5700000000000003,0.0014247324695562114,-1.6972607671820056e-08,-2.5652143649246284e-06,0.00013185217153465864,-0.042300221324002386,1,2,7.5034246024485665,0.0,7.5011377721093595,1.405365765094757e-05,0.4001318306021858,0.0005466875277066463,0,0
13.18,0.6099999999999994,0.0028817183072057714,-1.1190870321526334e-08,3.098113403909864e-05,0.04312523143143439,-0.082218608992088,1,2,7.5034246024485665,0.0,7.5011377721093595,1.405365765094757e-05,0.4001318306021858,0.0005466875277066463,0,0
13.2,0.629999999999999,0.007211085428047452,7.397879409669912e-08,4.1772184603772196e-05,0.1903763732911139,-0.11848697767672697,1,2,7.5034246024485665,0.0,7.5011377721093595,1.405365765094757e-05,0.4001318306021858,0.0005466875277066463,0,0
13.22,0.6500000000000004,0.012161854125241046,2.56177752582661e-07,4.5511371462580996e-05,0.26976769873910944,-0.06722662925073518,1,2,7.5034246024485665,0.0,7.5011377721093595,1.405365765094757e-05,0.4001318306021858,0.0005466875277066463,0,0
13.24,0.6699999999999999,0.01871154386444456,5.301652122654601e-07,4.642873263804859e-05,0.35029036583838513,-0.008211241722217847,1,2,7.5034246024485665,0.0,7.5011377721093595,1.405365765094757e-05,0.40013185216812425,0.023489253105301564,0,0
13.26,0.6899999999999995,0.024244506143926845,7.75417135669872e-07,0.0004236946867681724,0.3898627529320876,-0.00681615832039744,1,2,7.5034246024485665,0.0,7.5011377721093595,1.405365765094757e-05,0.40013185216812425,0.023489253105301564,0,0
13.28,0.7099999999999991,0.03215215533519885,4.128109069839284e-06,0.0007543350038443641,0.40110095453035305,-0.07344194458128948,1,2,7.5034246024485665,0.0,7.5011377721093595,1.405365765094757e-05,0.40013185216812425,0.023489253105301564,0,0
13.3,0.7300000000000004,0.04102083293544277,1.0249466400182359e-05,0.0010662922300870294,0.4039188223788974,-0.06379713023964903,1,2,7.5034246024485665,0.0,7.5011377721093595,1.405365765094757e-05,0.40013185216812425,0.023489253105301564,0,0
13.32,0.75,0.04909038680007356,1.8904448624401687e-05,0.0013606507029035877,0.40464141606165205,-0.06899639304022037,1,2,7.5034246024485665,0.0,7.5011377721093595,1.405365765094757e-05,0.40013185216812425,0.023489253105301564,0,0
13.34,0.7699999999999996,0.05765422242920523,2.9975773189506036e-05,0.0016373624483483342,0.4048337993433532,-0.02894515843585837,1,2,7.5034246024485665,0.0,7.5011377721093595,1.405365765094757e-05,0.7502903580665589,-0.021369136771873437,0,0
13.38,0.8100000000000005,0.0751344578493744,5.6151956130882494e-05,0.0008080546907232037,0.45476020284428076,-0.10944317123404866,1,2,7.5034246024485665,0.0,7.5011377721093595,1.405365765094757e-05,0.7502903580665589,-0.021369136771873437,0,0
13.4,0.8300000000000001,0.08721434826971204,6.57750085140713e-05,0.00028454041496095433,0.5900412261321224,-0.0037733735126920277,1,2,7.5034246024485665,0.0,7.5011377721093595,1.405365765094757e-05,0.7502903580665589,-0.021369136771873437,0,0
13.42,0.8499999999999996,0.09989397378236248,6.951354620269729e-05,-0.00011309816211291238,0.6719691065071999,-0.0290273616147929,1,2,7.5034246024485665,0.0,7.5011377721093595,1.405365765094757e-05,0.7502903580665589,-0.021369136771873437,0,0
13.44,0.8699999999999992,0.11399298634231744,6.805712801661047e-05,-0.00042082988951275274,0.7328931922237845,-0.08820086299554745,1,2,7.5034246024485665,0.0,7.5011377721093595,1.405365765094757e-05,0.8048337936401366,-0.015787264430209252,0,0
13.46,0.8900000000000006,0.12723582946274467,6.20474432850838e-05,-0.000606158254587097,0.7824832246231196,-0.10711096515350375,1,2,7.5034246024485665,0.0,7.5011377721093595,1.405365765094757e-05,0.8048337936401366,-0.015787264430209252,0,0
13.48,0.9100000000000001,0.14310937237955318,5.243162200650098e-05,-0.0007954140667330023,0.8047272449868123,-0.15374794251947507,1,2,7.5034246024485665,0.0,7.5011377721093595,1.405365765094757e-05,0.8048337936401366,-0.015787264430209252,0,0
13.5,0.9299999999999997,0.16001308945780787,3.952027795791102e-05,-0.0009598043748075825,0.811363029274837,-0.12806856112336756,1,2,7.5034246024485665,0.0,7.5011377721093595,1.405365765094757e-05,0.8048337936401366,-0.015787264430209252,0,0
13.52,0.9499999999999993,0.17624408284770218,2.3867350174702468e-05,-0.0011151381852196882,0.8131895294476567,-0.11382357884477898,1,2,7.5034246024485665,0.0,7.5011377721093595,1.405365765094757e-05,0.8048337936401366,-0.015787264430209252,0,0
13.54,0.9699999999999989,0.19249212583097605,5.663483757935257e-06,-0.0012610553525411736,0.8136448875831034,-0.0706467200075989,1,2,7.5034246024485665,0.0,7.5011377721093595,1.405365765094757e-05,0.8048337936401366,-0.015787264430209252,0,0
13.56,0.9900000000000002,0.20701904727509637,-1.235085894963045e-05,-0.001396559860190827,0.8137164629660447,-0.05026030612206944,1,2,7.5034246024485665,0.0,7.5011377721093595,1.405365765094757e-05,0.8048337936401366,-0.015787264430209252,0,0
13.58,1.0099999999999998,0.22327639740340136,-3.513712497592083e-05,-0.0015208529555725827,0.8136789725646709,-0.10987721826162192,1,2,7.5034246024485665,0.0,7.5011377721093595,1.405365765094757e-05,0.8048337936401366,-0.015787264430209252,0,0
13.6,1.0299999999999994,0.2381235184459667,-5.729295377031838e-05,-0.001633288615143336,0.8135838643428657,-0.06633076873067706,1,2,7.5034246024485665,0.0,7.5011377721093595,1.405365765094757e-05,0.8048337936401366,-0.015787264430209252,0,0
13.62,1.049999999999999,0.25437900734820734,-8.391803359740152e-05,-0.0017331953971866376,0.8134457547188109,-0.10762697297620934,1,2,7.5034246024485665,0.0,7.5011377721093595,1.405365765094757e-05,0.8048337936401366,-0.015787264430209252,0,0
13.64,1.0700000000000003,0.27057259525462724,-0.0001120831503661076,-0.001543160334957161,0.8083344143883567,-0.10550233467710154,1,2,7.5034246024485665,0.0,7.5011377721093595,1.405365765094757e-05,1.2136448860168456,0.0,0,0
13.66,1.0899999999999999,0.2859830323197702,-0.0001347371824987581,-0.0011250228912698117,0.8503142002940259,-0.043056839095771446,1,2,7.5034246024485665,0.0,7.5011377721093595,1.405365765094757e-05,1.2136448860168456,0.0,0,0
13.68,1.1099999999999994,0.3037328357507532,-0.0001546747271194757,-0.0008281460141463803,0.9194016262139552,-0.02743680311655721,1,2,7.5034246024485665,0.0,7.5011377721093595,1.405365765094757e-05,1.2136448860168456,0.0,0,0
13.7,1.129999999999999,0.32392150322456964,-0.00017160216621551013,-0.0005474074385816152,0.9971970484359358,0.010844257762867822,1,2,7.5034246024485665,0.0,7.5011377721093595,1.405365765094757e-05,1.2136448860168456,0.0,0,0
13.72,1.1500000000000004,0.3447465793570842,-0.0001830876856501618,-0.0003291281058461771,1.0792907714429012,0.011163188078125776,1,2,7.5034246024485665,0.0,7.5011377721093595,1.405365765094757e-05,1.2136448860168456,0.0,0,0
13.74,1.17,0.36722966621610315,-0.00019061010405555814,-0.000177639860052814,1.1616629867786852,0.012623513766875897,1,2,7.5034246024485665,0.0,7.5011377721093595,1.405365765094757e-05,1.2083344101905822,0.0,0,0
13.76,1.1899999999999995,0.3918245506969397,-0.00019570470920344022,-9.668039174393074e-05,1.1979451485711052,-0.04406098217690989,1,2,7.5034246024485665,0.0,7.5011377721093595,1.405365765094757e-05,1.2083344101905822,0.0,0,0
13.78,1.209999999999999,0.4158696595515491,-0.0001979969922114938,-2.942585675880239e-05,1.2082175090229716,0.013293491561052258,1,2,7.5034246024485665,0.0,7.5011377721093595,1.405365765094757e-05,1.2083344101905822,0.0,0,0
13.8,1.2300000000000004,0.44111209339824287,-0.00019945462061618134,-7.2674480842138695e-06,1.2326455322208083,-0.023665431397881125,1,2,7.5034246024485665,0.0,7.5011377721093595,1.405365765094757e-05,1.2083344101905822,0.0,0,0
13.82,1.25,0.4651450214606027,-0.00019954032516550078,8.971175970984292e-07,1.2149179383650501,-0.06473727894430341,1,2,7.5034246024485665,0.0,7.5011377721093595,1.405365765094757e-05,1.2083344101905822,0.0,0,0
13.84,1.2699999999999996,0.4894346662908306,-0.00019947830430421058,4.1826832833713474e-05,1.21688152315349,-0.08867463540366538,1,2,7.5034246024485665,0.0,7.5011377721093595,1.405365765094757e-05,1.2083344101905822,0.0,0,0
13.86,1.2899999999999991,0.5144562215214514,-0.00019907131213433454,7.829544764836882e-05,1.217619544272155,-0.11930335304195816,1,2,7.5034246024485665,0.0,7.5011377721093595,1.405365765094757e-05,1.2083344101905822,0.0,0,0
13.88,1.3100000000000005,0.5387704488084752,-0.00019712454814149402,0.00010022345545745993,1.216614882851649,-0.13748571564023826,1,2,7.5034246024485665,0.0,7.5011377721093595,1.405365765094757e-05,1.5616629362106318,0.0,0,0
13.9,1.33,0.5638357490259592,-0.00019521641742347294,0.0001487771651431658,1.2297497898694776,-0.10086687661506176,1,2,7.5034246024485665,0.0,7.5011377721093595,1.405365765094757e-05,1.5616629362106318,0.0,0,0
13.92,1.3499999999999996,0.5891373460940209,-0.00019153511430193576,-0.00014258561548752271,1.295002582163869,-0.14477015875120997,1,2,7.5034246024485665,0.0,7.5011377721093595,1.405365765094757e-05,1.5616629362106318,0.0,0,0
13.94,1.3699999999999992,0.6158606763638216,-0.0001953475870225176,-0.00011250960870823337,1.3696977375298907,-0.11696426498043101,1,2,7.5034246024485665,0.0,7.5011377721093595,1.405365765094757e-05,1.5616629362106318,0.0,0,0
13.96,1.3900000000000006,0.6446573683572052,-0.0001990560390720368,-0.00010099720254297398,1.44875165916708,-0.09174498018529137,1,2,7.5034246024485665,0.0,7.5011377721093595,1.405365765094757e-05,1.5616629362106318,0.0,0,0
14.0,1.4299999999999997,0.7091323534187858,-0.00020583233028168314,-9.362823287251132e-05,1.5742126433889334,-0.051535558093866174,1,2,7.5034246024485665,0.0,7.5011377721093595,1.405365765094757e-05,1.6176195383071894,0.0,0,0
14.02,1.4499999999999993,0.7408980056695735,-0.0002088064271165093,-9.3323637732734e-05,1.6023525956125864,-0.14339161901271702,1,2,7.5034246024485665,0.0,7.5011377721093595,1.405365765094757e-05,1.6176195383071894,0.0,0,0
14.04,1.4699999999999989,0.7733643443413827,-0.0002118326458137424,-9.854222633798318e-05,1.623614125795591,-0.09115248979798801,1,2,7.5034246024485665,0.0,7.5011377721093595,1.405365765094757e-05,1.6176195383071894,0.0,0,0
14.06,1.4900000000000002,0.8060095619168572,-0.00021544814763616577,-0.00011919097736390329,1.6261200238496152,-0.12483503590984119,1,2,7.5034246024485665,0.0,7.5011377721093595,1.405365765094757e-05,1.6176195383071894,0.0,0,0
14.08,1.5099999999999998,0.8384594753650408,-0.00021930677439060904,-0.00010420607627104063,1.6232394428033665,-0.1580357217713729,1,2,7.5034246024485665,0.0,7.5011377721093595,1.405365765094757e-05,1.6176195383071894,0.0,0,0
14.1,1.5299999999999994,0.8709894297584435,-0.00022307081068317477,-0.00011333133383217842,1.6252288901514387,-0.1259900815132052,1,2,7.5034246024485665,0.0,7.5011377721093595,1.405365765094757e-05,1.6176195383071894,0.0,0,0
14.12,1.549999999999999,0.9034677592331577,-0.00022674446167051217,-0.000123313114311685,1.6260281246464636,-0.11720994027874475,1,2,7.5034246024485665,0.0,7.5011377721093595,1.405365765094757e-05,1.6176195383071894,0.0,0,0
14.14,1.5700000000000003,0.9360406466900576,-0.00023108865085185603,-0.0001316089442444657,1.626145677871019,-0.07619756164221668,1,2,7.5034246024485665,0.0,7.5011377721093595,1.405365765094757e-05,1.6176195383071894,0.0,0,0
14.16,1.5899999999999999,0.9685304786163531,-0.00023536062918050817,-0.00013906340497849,1.6260688659334404,-0.07830246102664995,1,2,7.5034246024485665,0.0,7.5011377721093595,1.405365765094757e-05,1.6176195383071894,0.0,0,0
14.2,1.629999999999999,1.0368459094567286,-0.00024540114444679244,-0.0001525385588947437,1.6258218532677775,-0.08203673479461569,1,2,7.5034246024485665,0.0,7.5011377721093595,1.405365765094757e-05,1.6176195383071894,0.0,0,0
14.22,1.6500000000000004,1.0693274358851697,-0.0002503545353994372,-0.00015866183706281237,1.625702177920276,-0.07850870294269396,1,2,7.5034246024485665,0.0,7.5011377721093595,1.405365765094757e-05,1.6176195383071894,0.0,0,0
14.24,1.67,1.101803756037474,-0.0002555065850190354,-0.0001644412126164952,1.6255900980590645,-0.10428374916571442,1,2,7.5034246024485665,0.0,7.5011377721093595,1.405365765094757e-05,2.026119971275329,0.0,0,0
14.26,1.6899999999999995,1.130728049062165,-0.000260597186036038,-0.00011739718767911357,1.6643105661869415,-0.09258541998113529,1,2,7.5034246024485665,0.0,7.5011377721093595,1.405365765094757e-05,2.026119971275329,0.0,0,0
14.28,1.709999999999999,1.1647881797119668,-0.00026461004973103556,-4.81031370553886e-05,1.7338157752028318,-0.08559623167120578,1,2,7.5034246024485665,0.0,7.5011377721093595,1.405365765094757e-05,2.026119971275329,0.0,0,0
14.3,1.7300000000000004,1.2003196501192666,-0.00026665717592154996,-1.6493808334239194e-05,1.8106921786054446,-0.008773049235800134,1,2,7.5034246024485665,0.0,7.5011377721093595,1.405365765094757e-05,2.026119971275329,0.0,0,0
14.32,1.75,1.2374185044695705,-0.0002673051949715385,7.24541048846561e-06,1.8906354883818772,-0.054224899205010516,1,2,7.5034246024485665,0.0,7.5011377721093595,1.405365765094757e-05,2.026119971275329,0.0,0,0
14.34,1.7699999999999996,1.2761228939087108,-0.00026706238867659475,4.3517679046090066e-05,1.9703431066867982,-0.05613015611867368,1,2,7.5034246024485665,0.0,7.5011377721093595,1.405365765094757e-05,1.6705132749345564,0.013802805229237129,0,0
14.36,1.7899999999999991,1.3155410806742343,-0.0002656994460397388,0.00013117180584298896,1.9677596817356415,-0.05071957119412307,1,2,7.5034246024485665,0.0,7.5011377721093595,1.405365765094757e-05,1.6705132749345564,0.013802805229237129,0,0
14.38,1.8100000000000005,1.354152456607796,-0.0002605305401083477,0.00048085723945678893,1.9074063647944746,-0.07981853376723169,1,2,7.5034246024485665,0.0,7.5011377721093595,1.405365765094757e-05,1.6705132749345564,0.013802805229237129,0,0
14.4,1.83,1.3914080791379237,-0.0002426938947166867,0.0004942145877881999,1.8321462676935871,-0.032429712986082,1,2,7.5034246024485665,0.0,7.5011377721093595,1.405365765094757e-05,1.6705132749345564,0.013802805229237129,0,0
14.42,1.8499999999999996,1.4282550398751335,-0.0002244835384117674,0.0006885504458096217,1.8525502560196045,-0.07774900528466103,1,2,7.5034246024485665,0.0,7.5011377721093595,1.405365765094757e-05,1.6705132749345564,0.013802805229237129,0,0
14.44,1.8699999999999992,1.4614554559300121,-0.00020091801276668342,0.0007031996813973153,1.695862978871588,-0.06492733065807019,1,2,7.5034246024485665,0.0,7.5011377721093595,1.405365765094757e-05,1.6705132749345564,0.013802805229237129,0,0
14.46,1.8900000000000006,1.4913262065795967,-0.0001800224097724861,0.0006561410836893878,1.6805352274619887,-0.05750654496643538,1,2,7.5034246024485665,0.0,7.5011377721093595,1.405365765094757e-05,1.6705132749345564,0.013802805229237129,0,0
14.48,1.9100000000000001,1.5248657372409875,-0.0001579762978427609,0.0006120726503833219,1.6763013781049008,-0.08696143023933224,1,2,7.5034246024485665,0.0,7.5011377721093595,1.405365765094757e-05,1.640552363029957,0.0,0,0
14.5,1.9299999999999997,1.5584380109099816,-0.00013749994918242915,0.0005925735104979071,1.6639596734403432,-0.05545579113314812,1,2,7.5034246024485665,0.0,7.5011377721093595,1.405365765094757e-05,1.640552363029957,0.0,0,0
14.52,1.9499999999999993,1.5915501148688658,-0.00011783870534473358,0.0005829851188039469,1.6511080745354074,-0.12753018147916692,1,2,7.5034246024485665,0.0,7.5011377721093595,1.405365765094757e-05,1.640552363029957,0.0,0,0
14.54,1.9699999999999989,1.6245090343328894,-9.860125113366207e-05,0.0005965646972541095,1.6474322425897825,-0.15711119820018912,1,2,7.5034246024485665,0.0,7.5011377721093595,1.405365765094757e-05,1.640552363029957,0.0,0,0
14.56,1.9900000000000002,1.6540588358219843,-8.100344421890471e-05,0.0006099151451048891,1.6443457002715307,-0.11643207217645249,1,2,7.5034246024485665,0.0,7.5011377721093595,1.405365765094757e-05,1.640552363029957,0.0,0,0
14.58,2.01,1.6869202395975351,-6.094486790882032e-05,0.0006180391967687272,1.643595941013534,-0.10053883051374612,1,2,7.5034246024485665,0.0,7.5011377721093595,1.405365765094757e-05,1.534984479786827,-0.025453647892726167,0,0
14.6,2.0299999999999994,1.7201007848361487,-4.0476110273812925e-05,0.0004669921512361342,1.6295190577133272,-0.09426908226048841,1,2,7.5034246024485665,0.0,7.5011377721093595,1.405365765094757e-05,1.534984479786827,-0.025453647892726167,0,0
14.62,2.049999999999999,1.7527823483058356,-2.5214005433483148e-05,9.494348394811782e-05,1.6386376456214446,-0.1576736032512911,1,2,7.5034246024485665,0.0,7.5011377721093595,1.405365765094757e-05,1.534984479786827,-0.025453647892726167,0,0
14.64,2.0700000000000003,1.7831784867872345,-2.2645881925908842e-05,-0.0002555555757890459,1.5463271269150136,-0.11304800559615763,1,2,7.5034246024485665,0.0,7.5011377721093595,1.405365765094757e-05,1.534984479786827,-0.025453647892726167,0,0
14.66,2.09,1.8112037148078495,-3.066493468469172e-05,-0.0005711468276219379,1.5521068093936046,-0.0812629627479238,1,2,7.5034246024485665,0.0,7.5011377721093595,1.405365765094757e-05,1.534984479786827,-0.025453647892726167,0,0
14.68,2.1099999999999994,1.8417912030364487,-4.825413418018958e-05,-0.0008743532845860714,1.536567953715597,-0.08879027998982403,1,2,7.5034246024485665,0.0,7.5011377721093595,1.405365765094757e-05,1.534984479786827,-0.025453647892726167,0,0
14.7,2.129999999999999,1.8731837988768494,-7.493101469056337e-05,-0.001163685272790538,1.537657385219815,-0.11445220263193,1,2,7.5034246024485665,0.0,7.5011377721093595,1.405365765094757e-05,1.534984479786827,-0.025453647892726167,0,0
14.72,2.1500000000000004,1.9039158166117207,-0.00011072890766794375,-0.0014378618318726668,1.536499993282262,-0.11047605831245003,1,2,7.5034246024485665,0.0,7.5011377721093595,1.405365765094757e-05,1.534984479786827,-0.025453647892726167,0,0
14.74,2.17,1.9346438811689233,-0.00015493992379772572,-0.0016957283440421913,1.5370575177417598,-0.14105209869009927,1,2,7.5034246024485665,0.0,7.5011377721093595,1.405365765094757e-05,1.534984479786827,-0.025453647892726167,0,0
14.76,2.1899999999999995,1.9626960759787342,-0.00020216536875065919,-0.00193655240042423,1.5376363499649581,-0.19374688460602177,1,2,7.5034246024485665,0.0,7.5011377721093595,1.405365765094757e-05,1.534984479786827,-0.025453647892726167,0,0
14.78,2.209999999999999,1.9934459782580198,-0.0002617450518046287,-0.002160163206819554,1.5380294848468115,-0.22820168811862915,1,2,7.5034246024485665,0.0,7.5011377721093595,1.405365765094757e-05,1.3959831011182768,0.005373050507746112,0,0
14.8,2.2300000000000004,2.0248934455806094,-0.000328292171764722,-0.002172381874638419,1.5235423991231904,-0.11760110258717682,1,2,7.5034246024485665,0.0,7.5011377721093595,1.405365765094757e-05,1.3959831011182768,0.005373050507746112,0,0
14.82,2.25,2.055401151735772,-0.0003945665492717062,-0.0014717443687151113,1.5272354150467082,-0.17618732946458862,1,2,7.5034246024485665,0.0,7.5011377721093595,1.405365765094757e-05,1.3959831011182768,0.005373050507746112,0,0
14.84,2.2699999999999996,2.083322817795504,-0.0004356841022891189,-0.000712119265014799,1.4153934206130057,-0.11933744478462129,1,2,7.5034246024485665,0.0,7.5011377721093595,1.405365765094757e-05,1.3959831011182768,0.005373050507746112,0,0
14.86,2.289999999999999,2.109142963795711,-0.00045147755578732565,-0.00023801177830362621,1.402243874639208,-0.055013294774169635,1,2,7.5034246024485665,0.0,7.5011377721093595,1.405365765094757e-05,1.3959831011182768,0.005373050507746112,0,0
14.88,2.3100000000000005,2.137120053771172,-0.0004581195654546713,0.00029494672594720944,1.3963472323527004,-0.046977074166323206,1,2,7.5034246024485665,0.0,7.5011377721093595,1.405365765094757e-05,1.3959831011182768,0.005373050507746112,0,0
14.9,2.33,2.165980172845743,-0.00045061273736976077,0.00041381196117962215,1.3970646030877434,-0.08373848204570214,1,2,7.5034246024485665,0.0,7.5011377721093595,1.405365765094757e-05,1.3959831011182768,0.005373050507746112,0,0
14.92,2.3499999999999996,2.193921993019394,-0.0004390529145161228,0.0004998574680978861,1.3970168505313094,-0.05569988179775416,1,2,7.5034246024485665,0.0,7.5011377721093595,1.405365765094757e-05,1.3959831011182768,0.005373050507746112,0,0
14.94,2.369999999999999,2.221862881973657,-0.00042508916715635817,0.0005844642729404549,1.396962270911457,-0.0211854429036845,1,2,7.5034246024485665,0.0,7.5011377721093595,1.405365765094757e-05,1.3703937810698534,0.0,0,0
14.96,2.3900000000000006,2.247453041955667,-0.000410964259605599,0.000612323006701221,1.3786612707962604,-0.060990774143826136,1,2,7.5034246024485665,0.0,7.5011377721093595,1.405365765094757e-05,1.3703937810698534,0.0,0,0
14.98,2.41,2.2749418376986466,-0.0003941074242899303,0.00041702211496064123,1.3712424101481322,-0.09233033976917548,1,2,7.5034246024485665,0.0,7.5011377721093595,1.405365765094757e-05,1.3703937810698534,0.0,0,0
15.0,2.4299999999999997,2.303404169832893,-0.00038309636399627776,0.0005230576007031473,1.3699757816282008,-0.07121903455670041,1,2,7.5034246024485665,0.0,7.5011377721093595,1.405365765094757e-05,1.3703937810698534,0.0,0,0
15.02,2.4499999999999993,2.3308025803754004,-0.00036876893958572027,0.0005466614987374995,1.369684108557101,0.006948893716764031,1,2,7.5034246024485665,0.0,7.5011377721093595,1.405365765094757e-05,1.3703937810698534,0.0,0,0
15.04,2.469999999999999,2.3582013589637336,-0.0003537960096456837,0.0007391269714882577,1.369901804240719,0.04292002339164602,1,2,7.5034246024485665,0.0,7.5011377721093595,1.405365765094757e-05,1.2586537071732646,0.0,0,0
15.06,2.49,2.386058033735578,-0.00033414019866750977,0.0007638551989068709,1.3263146460143052,0.0031061582587470814,1,2,7.5034246024485665,0.0,7.5011377721093595,1.405365765094757e-05,1.2586537071732646,0.0,0,0
15.08,2.51,2.412002200992425,-0.00031415954196949164,0.0007636970458619886,1.275996091367484,-0.021435229519265235,1,2,7.5034246024485665,0.0,7.5011377721093595,1.405365765094757e-05,1.2586537071732646,0.0,0,0
15.1,2.5299999999999994,2.438188501994493,-0.0002950679155360338,0.000766670992959906,1.2654707570390158,0.01685297495114232,1,2,7.5034246024485665,0.0,7.5011377721093595,1.405365765094757e-05,1.2586537071732646,0.0,0,0
15.12,2.549999999999999,2.4634787541635648,-0.00027568497658449843,0.0007219147877401967,1.263191869644981,-0.010158289276940407,1,2,7.5034246024485665,0.0,7.5011377721093595,1.405365765094757e-05,1.2586537071732646,0.0,0,0
15.14,2.5700000000000003,2.4893824144467995,-0.00025776789892435336,0.000711659955382693,1.2588281308819536,0.009495025714680812,1,2,7.5034246024485665,0.0,7.5011377721093595,1.405365765094757e-05,1.2586537071732646,0.0,0,0
15.16,2.59,2.514535294809356,-0.000239871423928001,0.0007299767617201526,1.256179006652516,0.04547963631731885,1,2,7.5034246024485665,0.0,7.5011377721093595,1.405365765094757e-05,1.2586537071732646,0.0,0,0
15.18,2.6099999999999994,2.5396646315394538,-0.00022153669630298387,0.000730217434523617,1.2560084787927985,0.008628599519171545,1,2,7.5034246024485665,0.0,7.5011377721093595,1.405365765094757e-05,1.1858853073023443,-0.010051736510113679,0,0
15.22,2.6500000000000004,2.590094832111902,-0.00018673913887155315,0.0005484933312858155,1.2385921010547207,-0.02043564922860474,1,2,7.5034246024485665,0.0,7.5011377721093595,1.405365765094757e-05,1.1858853073023443,-0.010051736510113679,0,0
15.24,2.67,2.6135479750221995,-0.0001738712095487762,0.0004341242132759327,1.1875799484820966,-0.0273038554141253,1,2,7.5034246024485665,0.0,7.5011377721093595,1.405365765094757e-05,1.1858853073023443,-0.010051736510113679,0,0
15.26,2.6899999999999995,2.635242322369652,-0.00016522715187587561,0.0003357144533304712,1.1833376820154782,0.00206422232484874,1,2,7.5034246024485665,0.0,7.5011377721093595,1.405365765094757e-05,1.1858853073023443,-0.010051736510113679,0,0
15.28,2.709999999999999,2.658907299282968,-0.00015728098411206363,0.00024291736936010724,1.1823128529067584,0.03384327698604985,1,2,7.5034246024485665,0.0,7.5011377721093595,1.405365765094757e-05,1.1228456417719521,0.0,0,0
15.3,2.7300000000000004,2.6831719576132844,-0.0001516345022099034,0.00022983325155490067,1.1700436757665305,0.005633256620785258,1,2,7.5034246024485665,0.0,7.5011377721093595,1.405365765094757e-05,1.1228456417719521,0.0,0,0
15.32,2.75,2.7061850509596517,-0.00014635983399252848,0.0002842808269964969,1.135791179934354,-0.017087829176226484,1,2,7.5034246024485665,0.0,7.5011377721093595,1.405365765094757e-05,1.1228456417719521,0.0,0,0
15.34,2.7699999999999996,2.728772901051482,-0.00013993903474708802,0.0003576913354774725,1.1238866356312005,-0.03134621164602837,1,2,7.5034246024485665,0.0,7.5011377721093595,1.405365765094757e-05,1.1228456417719521,0.0,0,0
15.36,2.789999999999999,2.749463941650493,-0.00013265457928010886,0.0004277477951157849,1.120610857048887,0.0018482281276705817,1,2,7.5034246024485665,0.0,7.5011377721093595,1.405365765094757e-05,1.1228456417719521,0.0,0,0
15.38,2.8100000000000005,2.7718793751298785,-0.00012307008349932678,0.0004906744229105088,1.11987047055195,-0.04007269229893369,1,2,7.5034246024485665,0.0,7.5011377721093595,1.405365765094757e-05,1.1388932440016004,0.0,0,0
15.4,2.83,2.795169110188511,-0.0001120360441128934,0.0005636521509653216,1.125010600283872,-0.056235588285612106,1,2,7.5034246024485665,0.0,7.5011377721093595,1.405365765094757e-05,1.1388932440016004,0.0,0,0
15.42,2.8499999999999996,2.817604868608197,-9.939003463766082e-05,0.0006037462858694553,1.1185655980834264,-0.13574669803256517,1,2,7.5034246024485665,0.0,7.5011377721093595,1.405365765094757e-05,1.1388932440016004,0.0,0,0
15.44,2.869999999999999,2.8404713431048902,-8.56157742280792e-05,0.0006248783514180013,1.1355212006964,-0.047714445027097714,1,2,7.5034246024485665,0.0,7.5011377721093595,1.405365765094757e-05,1.1388932440016004,0.0,0,0
15.46,2.8900000000000006,2.861549428152491,-7.286482479370375e-05,0.0006545161171263025,1.1363932268368895,-0.036123436368268494,1,2,7.5034246024485665,0.0,7.5011377721093595,1.405365765094757e-05,1.1388932440016004,0.0,0,0
15.48,2.91,2.884290364084876,-5.7986936754913646e-05,0.000676301799477308,1.1367309502029799,-0.0018174232236631595,1,2,7.5034246024485665,0.0,7.5011377721093595,1.405365765094757e-05,1.0794421407911512,-0.018188318335696313,0,0
15.5,2.9299999999999997,2.9078305532009256,-4.252657597808011e-05,0.0006105264336118132,1.1233355416407167,-0.0691842941997232,1,2,7.5034246024485665,0.0,7.5011377721093595,1.405365765094757e-05,1.0794421407911512,-0.018188318335696313,0,0
15.52,2.9499999999999993,2.9299327992695026,-2.9017297298092696e-05,0.0003850881023392816,1.0911388974538097,-0.046705726039684994,1,2,7.5034246024485665,0.0,7.5011377721093595,1.405365765094757e-05,1.0794421407911512,-0.018188318335696313,0,0
15.54,2.969999999999999,2.95247671430904,-2.0500744648919556e-05,0.00016014904059957757,1.0820077952520306,-0.04433616671218579,1,2,7.5034246024485665,0.0,7.5011377721093595,1.405365765094757e-05,1.0794421407911512,-0.018188318335696313,0,0
15.56,2.99,2.974098619124278,-1.7031192318531834e-05,-5.770282723815967e-05,1.0795576699210223,-0.03669437854577942,1,2,7.5034246024485665,0.0,7.5011377721093595,1.405365765094757e-05,1.0794421407911512,-0.018188318335696313,0,0
15.6,3.0299999999999994,3.020130796770863,-2.389834411507116e-05,-0.0004517921699860318,1.0729438893985683,-0.05572676422336352,1,2,7.5034246024485665,0.0,7.5011377721093595,1.405365765094757e-05,1.0794421407911512,-0.018188318335696313,0,0
15.62,3.049999999999999,3.0418024485399813,-3.3633008719482616e-05,-0.0006251997199973047,1.0795503675142877,-0.10772622998449186,1,2,7.5034246024485665,0.0,7.5011377721093595,1.405365765094757e-05,1.0794421407911512,-0.018188318335696313,0,0
15.64,3.0700000000000003,3.0634077513020688,-4.711451888335178e-05,-0.0007813085757857331,1.079827241829485,-0.0734931372871273,1,2,7.5034246024485665,0.0,7.5011377721093595,1.405365765094757e-05,1.0794421407911512,-0.018188318335696313,0,0
15.66,3.09,3.0831375846920896,-6.236660183273312e-05,-0.0009185035533136879,1.0799531785863432,-0.07250055234174232,1,2,7.5034246024485665,0.0,7.5011377721093595,1.405365765094757e-05,1.0794421407911512,-0.018188318335696313,0,0
15.68,3.1099999999999994,3.1047419135016323,-8.218646536386847e-05,-0.0010247190216987614,1.0796104462634766,-0.1432424709109289,1,2,7.5034246024485665,0.0,7.5011377721093595,1.405365765094757e-05,1.037563321325514,0.0,0,0
15.7,3.129999999999999,3.1267816207405428,-0.00010418503152909584,-0.0007467869995378962,1.0599790736443446,-0.16034683517704118,1,2,7.5034246024485665,0.0,7.5011377721093595,1.405365765094757e-05,1.037563321325514,0.0,0,0
15.72,3.1500000000000004,3.147792556009757,-0.00011990347513345495,-0.0003064967058077351,1.042969339086334,-0.11212416292836234,1,2,7.5034246024485665,0.0,7.5011377721093595,1.405365765094757e-05,1.037563321325514,0.0,0,0
15.74,3.17,3.168571374083755,-0.00012627200779410483,0.0002953520804811483,1.0352252506265944,-0.12003749088553173,1,2,7.5034246024485665,0.0,7.5011377721093595,1.405365765094757e-05,1.037563321325514,0.0,0,0
15.76,3.1899999999999995,3.189892223947461,-0.00012019867964786737,0.0001235553938574441,1.0370728736454236,-0.0764765165644189,1,2,7.5034246024485665,0.0,7.5011377721093595,1.405365765094757e-05,1.037563321325514,0.0,0,0
15.78,3.209999999999999,3.2106353269302184,-0.00011763984218301123,5.452737917277518e-05,1.0363619414562162,-0.08413382436842931,1,2,7.5034246024485665,0.0,7.5011377721093595,1.405365765094757e-05,0.944107042334356,0.018612125202229077,0,0
15.8,3.2300000000000004,3.231710681048364,-0.00011653955210786883,0.00048756219256951283,1.020503286185104,-0.07075730138063582,1,2,7.5034246024485665,0.0,7.5011377721093595,1.405365765094757e-05,0.944107042334356,0.018612125202229077,0,0
15.82,3.25,3.2515151767735566,-0.00010674588385872404,0.00016530631755351524,0.9675293116643132,-0.06762204438594144,1,2,7.5034246024485665,0.0,7.5011377721093595,1.405365765094757e-05,0.944107042334356,0.018612125202229077,0,0
15.84,3.2699999999999996,3.270789754001858,-0.00010355962857570828,0.0001762350112315403,0.9599284375017242,-0.15655401044255618,1,2,7.5034246024485665,0.0,7.5011377721093595,1.405365765094757e-05,0.944107042334356,0.018612125202229077,0,0
15.86,3.289999999999999,3.2879252019870333,-0.00010061528585712662,0.0001608973498319344,0.9404040095674041,-0.17966481671861378,1,2,7.5034246024485665,0.0,7.5011377721093595,1.405365765094757e-05,0.944107042334356,0.018612125202229077,0,0
15.88,3.3100000000000005,3.3068168764944734,-9.758030196613843e-05,0.00014468917150489702,0.9420955116746244,-0.17080792995625965,1,2,7.5034246024485665,0.0,7.5011377721093595,1.405365765094757e-05,0.944107042334356,0.018612125202229077,0,0
15.9,3.33,3.3261099672273646,-9.485919214569151e-05,0.00019749909181054906,0.9280174927753501,-0.08817277803465721,1,2,7.5034246024485665,0.0,7.5011377721093595,1.405365765094757e-05,0.9018919388453166,0.0,0,0
15.92,3.3499999999999996,3.344447463635056,-9.122860043931218e-05,0.0002474080661727385,0.9077216749775525,-0.05109889575173864,1,2,7.5034246024485665,0.0,7.5011377721093595,1.405365765094757e-05,0.9018919388453166,0.0,0,0
15.94,3.369999999999999,3.3625672356812437,-8.674944163697561e-05,0.00023736054410328228,0.903508876980852,-0.04078009256371741,1,2,7.5034246024485665,0.0,7.5011377721093595,1.405365765094757e-05,0.9018919388453166,0.0,0,0
15.96,3.3900000000000006,3.3811939816534564,-8.245017202928258e-05,0.00024190041895089115,0.9041042878202724,-0.06641626126624821,1,2,7.5034246024485665,0.0,7.5011377721093595,1.405365765094757e-05,0.9018919388453166,0.0,0,0
15.98,3.41,3.399271918960605,-7.808139158280007e-05,0.000232969361746882,0.9026188012189903,-0.027678330108244692,1,2,7.5034246024485665,0.0,7.5011377721093595,1.405365765094757e-05,0.8959595534536574,0.017703600619968424,0,0
16.02,3.4499999999999993,3.435695173181317,-6.869154852764382e-05,0.00016466722544450366,0.8967681235632247,0.009455971908029315,1,2,7.5034246024485665,0.0,7.5011377721093595,1.405365765094757e-05,0.8959595534536574,0.017703600619968424,0,0
16.04,3.469999999999999,3.453610810550136,-6.574134498558919e-05,0.0003159399630305871,0.8939693506685739,-0.039115431023124245,1,2,7.5034246024485665,0.0,7.5011377721093595,1.405365765094757e-05,0.8959595534536574,0.017703600619968424,0,0
16.06,3.4899999999999984,3.4718656394091263,-6.0104136720037505e-05,0.00011378881017032329,0.8867846568679438,-0.006481855149371697,1,2,7.5034246024485665,0.0,7.5011377721093595,1.405365765094757e-05,0.8959595534536574,0.017703600619968424,0,0
16.08,3.509999999999998,3.489879316221752,-5.804018168452686e-05,0.00019501341191796587,0.8943452692037774,-0.010398516302115782,1,2,7.5034246024485665,0.0,7.5011377721093595,1.405365765094757e-05,0.8959595534536574,0.017703600619968424,0,0
16.1,3.530000000000001,3.50815589673986,-5.45448903320746e-05,0.0004859023275756159,0.8927498047006295,0.027864448168294875,1,2,7.5034246024485665,0.0,7.5011377721093595,1.405365765094757e-05,0.8959595534536574,0.017703600619968424,0,0
16.12,3.5500000000000007,3.5260119496383493,-4.587979738522904e-05,0.0006792210298249836,0.8919445854203634,0.018071963091950527,1,2,7.5034246024485665,0.0,7.5011377721093595,1.405365765094757e-05,0.8959595534536574,0.017703600619968424,0,0
16.14,3.5700000000000003,3.5438569236409174,-3.3774819908083754e-05,0.000870259666807538,0.8914855541788466,-0.12004746994351442,1,2,7.5034246024485665,0.0,7.5011377721093595,1.405365765094757e-05,0.8959595534536574,0.017703600619968424,0,0
16.16,3.59,3.560155942807733,-1.955545075805366e-05,0.001071152360532235,0.891416366872723,-0.06313568722305199,1,2,7.5034246024485665,0.0,7.5011377721093595,1.405365765094757e-05,0.8959595534536574,0.017703600619968424,0,0
16.18,3.6099999999999994,3.57792492856261,-5.221273732103573e-07,0.001260884721197453,0.8854832279958473,-0.06575885084658067,1,2,7.5034246024485665,0.0,7.5011377721093595,1.405365765094757e-05,0.8959595534536574,0.017703600619968424,0,0
16.2,3.629999999999999,3.5943824456520956,2.0769585521123046e-05,0.0013355832905093128,0.8799949928597713,-0.02925825791151014,1,2,7.5034246024485665,0.0,7.5011377721093595,1.405365765094757e-05,0.8423402282926772,0.0,0,0
16.22,3.6499999999999986,3.611678530572063,4.3955191192801745e-05,0.001215296290564716,0.8529707842887067,-0.06046761435771046,1,2,7.5034246024485665,0.0,7.5011377721093595,1.405365765094757e-05,0.8423402282926772,0.0,0,0
16.24,3.669999999999998,3.628634440503801,6.457103727807536e-05,0.0010998908768846682,0.8431921198420109,-0.02899128092114782,1,2,7.5034246024485665,0.0,7.5011377721093595,1.405365765094757e-05,0.7581522385279338,0.0,0,0
16.26,3.6900000000000013,3.6419874300963975,7.944595960401559e-05,0.0009838457140518564,0.8010160890232015,-0.018696157430566757,1,2,7.5034246024485665,0.0,7.5011377721093595,1.405365765094757e-05,0.7581522385279338,0.0,0,0
16.28,3.710000000000001,3.6576537581749884,9.489282161830123e-05,0.0008840775986924676,0.7695461824206904,-0.01212806866380922,1,2,7.5034246024485665,0.0,7.5011377721093595,1.405365765094757e-05,0.7581522385279338,0.0,0,0
16.3,3.7300000000000004,3.6720140702313366,0.00010773211253226107,0.0008026579444737615,0.7587751379412954,0.01902465106583868,1,2,7.5034246024485665,0.0,7.5011377721093595,1.405365765094757e-05,0.7581522385279338,0.0,0,0
16.32,3.75,3.6871677954109767,0.00011989240600901862,0.0007297952459097702,0.7556903710165624,0.004301121049339346,1,2,7.5034246024485665,0.0,7.5011377721093595,1.405365765094757e-05,0.7581522385279338,0.0,0,0
16.34,3.7699999999999996,3.7022891253166446,0.00013092623972299288,0.000672325327752077,0.7550063888872802,-0.05295930087710098,1,2,7.5034246024485665,0.0,7.5011377721093595,1.405365765094757e-05,0.7565716478559706,0.0,0,0
16.38,3.8099999999999987,3.7300109619263897,0.0001487815141402409,0.0006062443477659052,0.7535497625792335,-0.0730567695871271,1,2,7.5034246024485665,0.0,7.5011377721093595,1.405365765094757e-05,0.7565716478559706,0.0,0,0
16.4,3.8299999999999983,3.7445398994610213,0.0001575154035296311,0.0005889866820796286,0.753459898884734,-0.019155378450600186,1,2,7.5034246024485665,0.0,7.5011377721093595,1.405365765094757e-05,0.7565716478559706,0.0,0,0
16.42,3.8500000000000014,3.7596243571206505,0.0001664018924283358,0.0005738528012684264,0.7537384648527662,0.003141047308404638,1,2,7.5034246024485665,0.0,7.5011377721093595,1.405365765094757e-05,0.7565716478559706,0.0,0,0
16.44,3.870000000000001,3.7747129340227406,0.00017506269005443495,0.0005604305746085281,0.753785267824526,-0.00846144928383647,1,2,7.5034246024485665,0.0,7.5011377721093595,1.405365765094757e-05,0.710561928484175,0.0,0,0
16.46,3.8900000000000006,3.7889753706637386,0.00018295279308271957,0.0005602716232995243,0.7244343731345367,0.008215663958234642,1,2,7.5034246024485665,0.0,7.5011377721093595,1.405365765094757e-05,0.710561928484175,0.0,0,0
16.48,3.91,3.8033347815415213,0.00019099676854386367,0.0005463481446299491,0.7122387413455353,0.039482561026273635,1,2,7.5034246024485665,0.0,7.5011377721093595,1.405365765094757e-05,0.710561928484175,0.0,0,0
16.5,3.9299999999999997,3.81710756351829,0.0001984365338882069,0.000533619026758636,0.7088973285893168,-0.0368891255227879,1,2,7.5034246024485665,0.0,7.5011377721093595,1.405365765094757e-05,0.710561928484175,0.0,0,0
16.52,3.9499999999999993,3.8312887493266157,0.00020600636456792642,0.0005231213984195903,0.7081070315201152,-0.05638988276934838,1,2,7.5034246024485665,0.0,7.5011377721093595,1.405365765094757e-05,0.710561928484175,0.0,0,0
16.56,3.9899999999999984,3.860708208778431,0.0002211894697163091,0.0005066440719110333,0.7080716525157729,0.016517722673712553,1,2,7.5034246024485665,0.0,7.5011377721093595,1.405365765094757e-05,0.710561928484175,0.0,0,0
16.58,4.009999999999998,3.874798972342016,0.00022832846077918385,0.0004999284164561858,0.701004884688901,0.046446519369099465,1,2,7.5034246024485665,0.0,7.5011377721093595,1.405365765094757e-05,0.710561928484175,0.0,0,0
16.62,4.050000000000001,3.9027281959510067,0.00024212214234265185,0.0004886746936691999,0.7084404000345408,0.04777269395526952,1,2,7.5034246024485665,0.0,7.5011377721093595,1.405365765094757e-05,0.710561928484175,0.0,0,0
16.64,4.07,3.9169102627290933,0.0002490549921766255,0.0004839308277180266,0.7085652487505254,-0.019100706650437838,1,2,7.5034246024485665,0.0,7.5011377721093595,1.405365765094757e-05,0.710561928484175,0.0,0,0
16.66,4.09,3.929125120751956,0.00025486764072948426,0.00047958630160538373,0.708688275973423,-0.023660615897661906,1,2,7.5034246024485665,0.0,7.5011377721093595,1.405365765094757e-05,0.710561928484175,0.0,0,0
16.68,4.109999999999999,3.943310371195049,0.0002616728098211252,0.0004755978521275851,0.7088097699495068,-0.05739914720639865,1,2,7.5034246024485665,0.0,7.5011377721093595,1.405365765094757e-05,0.710561928484175,0.0,0,0
16.7,4.129999999999999,3.9572803313385108,0.0002682352864399702,0.00047189931365965165,0.7089299664678356,-0.026548142859697192,1,2,7.5034246024485665,0.0,7.5011377721093595,1.405365765094757e-05,0.710561928484175,0.0,0,0
16.72,4.149999999999999,3.9714692261908113,0.00027493284053616837,0.00046843469111834685,0.7090492698359275,-0.07717634395636531,1,2,7.5034246024485665,0.0,7.5011377721093595,1.405365765094757e-05,0.710561928484175,0.0,0,0
16.74,4.169999999999998,3.9854757721288103,0.0002814204266273027,0.00046512028512823994,0.7091681546860427,-0.09565628310173843,1,2,7.5034246024485665,0.0,7.5011377721093595,1.405365765094757e-05,0.710561928484175,0.0,0,0
16.76,4.190000000000001,3.9996684850414637,0.00028802333352386796,0.0004619543032862162,0.7092859430546297,-0.15853166875302044,1,2,7.5034246024485665,0.0,7.5011377721093595,1.405365765094757e-05,0.710561928484175,0.0,0,0
16.78,4.210000000000001,4.01386441461486,0.0002945827572283304,0.00045887473202110845,0.7094023558545024,-0.11277700502239424,1,2,7.5034246024485665,0.0,7.5011377721093595,1.405365765094757e-05,0.710561928484175,0.0,0,0
16.8,4.23,4.027846204950084,0.0003009275647612755,0.000455863499650544,0.7045898645035515,-0.1502975532753695,1,2,7.5034246024485665,0.0,7.5011377721093595,1.405365765094757e-05,0.710561928484175,0.0,0,0
16.82,4.25,4.042101107358905,0.0003074286706495905,0.0004528583952998489,0.70962769793768,-0.08314122956152886,1,2,7.5034246024485665,0.0,7.5011377721093595,1.405365765094757e-05,0.710561928484175,0.0,0,0
16.84,4.27,4.056303288096988,0.00031386153658843,0.0004498623748117049,0.7097351692256036,-0.06452458075436185,1,2,7.5034246024485665,0.0,7.5011377721093595,1.405365765094757e-05,0.710561928484175,0.0,0,0
16.86,4.289999999999999,4.068836630473518,0.0003194299321990027,0.00044685119590859307,0.7098363466698608,-0.04592503144114153,1,2,7.5034246024485665,0.0,7.5011377721093595,1.405365765094757e-05,0.710561928484175,0.0,0,0
16.88,4.309999999999999,4.083041915787246,0.0003257786956864593,0.00044214994705926724,0.7099588064039437,-0.07889563025158389,1,2,7.5034246024485665,0.0,7.5011377721093595,1.405365765094757e-05,0.710561928484175,0.0,0,0
16.9,4.329999999999998,4.097294903660567,0.0003320244919491121,0.00043827490711079164,0.7100191222928034,-0.024362588924385795,1,2,7.5034246024485665,0.0,7.5011377721093595,1.405365765094757e-05,0.710561928484175,0.0,0,0
16.92,4.350000000000001,4.11150238958051,0.0003382522690728713,0.00043266610595971155,0.7100882077919575,0.00010192228787983849,1,2,7.5034246024485665,0.0,7.5011377721093595,1.405365765094757e-05,0.710561928484175,0.0,0,0
16.94,4.370000000000001,4.12571150527651,0.0003444010945716071,0.0004264315758417681,0.7101238267642618,-0.016479642026295593,1,2,7.5034246024485665,0.0,7.5011377721093595,1.405365765094757e-05,0.710561928484175,0.0,0,0
16.96,4.390000000000001,4.138441477526532,0.0003497694437136773,0.0004197736016946507,0.7101413273494167,-0.043491971836260856,1,2,7.5034246024485665,0.0,7.5011377721093595,1.405365765094757e-05,0.710561928484175,0.0,0,0
17.0,4.43,4.168452335411638,0.0003622718219412522,0.0004129508206092148,0.7066989003447023,-0.11664607578187451,1,2,7.5034246024485665,0.0,7.5011377721093595,1.405365765094757e-05,0.710561928484175,0.0,0,0
17.02,4.449999999999999,4.182694737976834,0.0003681550489700194,0.00040622968408676746,0.7099884651852127,-0.09437204809230973,1,2,7.5034246024485665,0.0,7.5011377721093595,1.405365765094757e-05,0.710561928484175,0.0,0,0
17.04,4.469999999999999,4.196898567740294,0.0003739259452401751,0.00040651788618184536,0.7098261821809452,-0.09634261063201016,1,2,7.5034246024485665,0.0,7.5011377721093595,1.405365765094757e-05,0.710561928484175,0.0,0,0
17.06,4.489999999999998,4.211141340132466,0.00037967805019033615,0.0003875658640133396,0.7096743681967105,-0.10480731682835269,1,2,7.5034246024485665,0.0,7.5011377721093595,1.405365765094757e-05,0.710561928484175,0.0,0,0
17.08,4.509999999999998,4.225338308680563,0.0003851812918684725,0.00037288816875769026,0.7095359277555073,-0.087320103554789,1,2,7.5034246024485665,0.0,7.5011377721093595,1.405365765094757e-05,0.710561928484175,0.0,0,0
17.1,4.530000000000001,4.239572806755171,0.0003904580569405213,0.00036212844576377634,0.7094165662009091,-0.04603782985367663,1,2,7.5034246024485665,0.0,7.5011377721093595,1.405365765094757e-05,0.710561928484175,0.0,0,0
17.12,4.550000000000001,4.253765153474343,0.00039559856092886677,0.0003591354214145249,0.7093725873190323,-0.06317639160886457,1,2,7.5034246024485665,0.0,7.5011377721093595,1.405365765094757e-05,0.710561928484175,0.0,0,0
17.14,4.57,4.267995660338924,0.00040068272090764345,0.0003607188142784602,0.7093945365375771,-0.018016922949535066,1,2,7.5034246024485665,0.0,7.5011377721093595,1.405365765094757e-05,0.710561928484175,0.0,0,0
17.16,4.59,4.28215749212787,0.00040579118064832883,0.00035829291735778323,0.7067887344933614,-0.12035669578309295,1,2,7.5034246024485665,0.0,7.5011377721093595,1.405365765094757e-05,0.710561928484175,0.0,0,0
17.18,4.609999999999999,4.294200338717916,0.0004100728085923642,0.0003351092550971657,0.5951738065441984,-0.02732352779856998,1,2,7.5034246024485665,0.0,7.5011377721093595,1.405365765094757e-05,0.710561928484175,0.0,0,0
17.2,4.629999999999999,4.305195213952371,0.0004136985762239226,0.0003148189063697515,0.5160677587147284,-0.042718646226076136,1,2,7.5034246024485665,0.0,7.5011377721093595,1.405365765094757e-05,0.710561928484175,0.0,0,0
17.22,4.649999999999999,4.314594122818068,0.0004166241779911029,0.00030574386818527094,0.4356392657582201,-0.07556242268490107,1,2,7.5034246024485665,0.0,7.5011377721093595,1.405365765094757e-05,0.710561928484175,0.0,0,0
17.24,4.669999999999998,4.3223693459347015,0.0004189686532974608,0.000304917187668341,0.3548962592129381,-0.11011824084726753,1,2,7.5034246024485665,0.0,7.5011377721093595,1.405365765094757e-05,0.710561928484175,0.0,0,0
17.26,4.690000000000001,4.327621523960021,0.00042050668179706094,0.0003045639555305791,0.2740954797658174,-0.08181272939058096,1,2,7.5034246024485665,0.0,7.5011377721093595,1.405365765094757e-05,0.710561928484175,0.0,0,0
17.28,4.710000000000001,4.332184297536634,0.0004218720322173009,0.0003028993668934277,0.1933008419874802,0.027273129427472457,1,2,7.5034246024485665,0.0,7.5011377721093595,1.405365765094757e-05,0.710561928484175,0.0,0,0
17.3,4.73,4.3351612955093435,0.00042271016768764184,0.0003007558954410961,0.11252779769379842,-0.00941942840120975,1,2,7.5034246024485665,0.0,7.5011377721093595,1.405365765094757e-05,0.710561928484175,0.0,0,0
17.32,4.75,4.337211792536511,0.00042332686658220825,0.0002990001031268896,0.092521914296783,-0.011323660864957612,1,2,7.5034246024485665,0.0,7.5011377721093595,1.405365765094757e-05,0.710561928484175,0.0,0,0
17.34,4.77,4.336915753424122,0.00042321513832953766,0.00029857656990328607,0.003454462811359589,-0.035638871972023076,1,2,7.5034246024485665,0.0,7.5011377721093595,1.405365765094757e-05,0.710561928484175,0.0,0,0
17.36,4.789999999999999,4.336733784582251,0.0004231587903491272,0.00029616999718662395,-0.01880965511578986,-0.03806172223255397,1,2,7.5034246024485665,0.0,7.5011377721093595,1.405365765094757e-05,0.710561928484175,0.0,0,0
17.38,4.809999999999999,4.3368762695884175,0.0004232132248332637,0.0003050638821968654,-0.002884754739769565,-0.041955265589346834,1,2,7.5034246024485665,0.0,7.5011377721093595,1.405365765094757e-05,0.710561928484175,0.0,0,0
17.4,4.829999999999998,4.3368295812738875,0.00042320184661407545,0.0002930712431354898,-0.0034440622939738534,-0.07226604694008973,1,2,7.5034246024485665,0.0,7.5011377721093595,1.405365765094757e-05,0.710561928484175,0.0,0,0
17.42,4.850000000000001,4.33677305584963,0.0004231908807360438,0.00029728619462998657,-0.006470344098451122,-0.007461764540543301,1,2,7.5034246024485665,0.0,7.5011377721093595,1.405365765094757e-05,0.710561928484175,0.0,0,0
17.44,4.870000000000001,4.33667691914485,0.00042316723903917925,-8.36795056224915e-06,-0.007933302919938053,-0.046784051242049374,1,2,7.5034246024485665,0.0,7.5011377721093595,1.405365765094757e-05,0.710561928484175,0.0,0,0
17.46,4.890000000000001,4.3365401994365484,0.000423202411667108,-8.956560273176708e-05,-0.007765600813533044,-0.03653743722048691,1,2,7.5034246024485665,0.0,7.5011377721093595,1.405365765094757e-05,0.710561928484175,0.0,0,0
17.48,4.91,4.33642918429972,0.00042325675766928327,-0.0005100937292019658,-0.008450340668410848,-0.09133236391607388,1,2,7.5034246024485665,0.0,7.5011377721093595,1.405365765094757e-05,0.710561928484175,0.0,0,0
17.5,4.93,4.336049207867057,0.0004234204787201087,-0.0005888488838432516,-0.026316167640279865,-0.18237528598214126,1,2,7.5034246024485665,0.0,7.5011377721093595,1.405365765094757e-05,0.710561928484175,0.0,0,0
17.52,4.949999999999999,4.335991895856584,0.0004235758593039341,-0.0006030246314074895,-0.024078277797027505,-0.17225051485757406,1,2,7.5034246024485665,0.0,7.5011377721093595,1.405365765094757e-05,0.710561928484175,0.0,0,0
17.54,4.969999999999999,4.336135092251745,0.00042365083331584756,-0.0009383614964284526,-0.00816751069995001,-0.1102881178837138,1,2,7.5034246024485665,0.0,7.5011377721093595,1.405365765094757e-05,0.710561928484175,0.0,0,0
17.56,4.989999999999998,4.335998538024765,0.00042384513216633967,-0.0014318966923667633,-0.007701573536818291,-0.13656085972398602,1,2,7.5034246024485665,0.0,7.5011377721093595,1.405365765094757e-05,0.710561928484175,0.0,0,0
17.58,5.009999999999998,4.33591174699523,0.0004241359190791272,-0.0015224064163792406,-0.006691300656958277,-0.11757711993024265,1,2,7.5034246024485665,0.0,7.5011377721093595,1.405365765094757e-05,0.710561928484175,0.0,0,0
17.6,5.030000000000001,4.335798775277818,0.00042437875454265,-0.0018288059874747025,-0.006631013637178813,-0.11793658307592947,1,2,7.5034246024485665,0.0,7.5011377721093595,1.405365765094757e-05,0.710561928484175,0.0,0,0
17.62,5.050000000000001,4.335717198241595,0.00042469048339199676,-0.0018501762235603183,-0.00675168617138561,-0.06516620719541144,1,2,7.5034246024485665,0.0,7.5011377721093595,1.405365765094757e-05,0.710561928484175,0.0,0,0
17.64,5.07,4.33563782517562,0.00042498803647279847,-0.001807068816399582,-0.0065275903660682415,-0.09586541601509582,1,2,7.5034246024485665,0.0,7.5011377721093595,1.405365765094757e-05,0.710561928484175,0.0,0,0
17.66,5.09,4.33553426962828,0.00042521941960663276,-0.001784901905278247,-0.00593445325663469,-0.17327594588504425,1,2,7.5034246024485665,0.0,7.5011377721093595,1.405365765094757e-05,0.710561928484175,0.0,0,0
17.68,5.109999999999999,4.335471838091753,0.00042545337527546083,-0.0017664545154381097,-0.005559686678305935,-0.12891676203332633,1,2,7.5034246024485665,0.0,7.5011377721093595,1.405365765094757e-05,0.710561928484175,0.0,0,0
17.7,5.129999999999999,4.335382382366096,0.00042562670847386385,-0.001741451009681594,-0.0052489529371864616,-0.09400892183032125,1,2,7.5034246024485665,0.0,7.5011377721093595,1.405365765094757e-05,0.710561928484175,0.0,0,0
17.72,5.149999999999999,4.335329721483202,0.00042581918778697913,-0.001723866641277994,-0.00503766287729095,-0.04056994224539382,1,2,7.5034246024485665,0.0,7.5011377721093595,1.405365765094757e-05,0.710561928484175,0.0,0,0
17.74,5.169999999999998,4.335279515664864,0.00042599781390739315,-0.0017170522039995366,-0.004919837113259355,-0.01094317423445999,1,2,7.5034246024485665,0.0,7.5011377721093595,1.405365765094757e-05,0.710561928484175,0.0,0,0
17.76,5.190000000000001,4.335198997237084,0.0004261188281765643,-0.0017029736398006534,-0.00471562426804901,0.026341053428553175,1,2,7.5034246024485665,0.0,7.5011377721093595,1.405365765094757e-05,0.710561928484175,0.0,0,0
17.78,5.210000000000001,4.335153045689258,0.0004262749725594599,-0.001690400052875685,-0.004613703756722326,-0.009347344250794632,1,2,7.5034246024485665,0.0,7.5011377721093595,1.405365765094757e-05,0.710561928484175,0.0,0,0
17.8,5.23,4.335074933085572,0.0004263715696596255,-0.0016866551458587509,-0.004545493207959951,-0.03515408934501954,1,2,7.5034246024485665,0.0,7.5011377721093595,1.405365765094757e-05,0.710561928484175,0.0,0,0
17.82,5.25,4.335031687124166,0.0004265112934410243,-0.0016766324786621212,-0.004354189507718766,-0.013415460342400836,1,2,7.5034246024485665,0.0,7.5011377721093595,1.405365765094757e-05,0.710561928484175,0.0,0,0
17.84,5.27,4.334957548232003,0.0004265861266766437,-0.0016674637040514642,-0.004247119328880479,-0.08214518374421291,1,2,7.5034246024485665,0.0,7.5011377721093595,1.405365765094757e-05,0.710561928484175,0.0,0,0
17.86,5.289999999999999,4.33477711104668,0.0004268869987230929,-0.0016654498999373326,-0.013796624288070667,-0.06453423093766167,1,2,7.5034246024485665,0.0,7.5011377721093595,1.405365765094757e-05,0.710561928484175,0.0,0,0
17.88,5.309999999999999,4.334877563993821,0.0004268273157311725,-0.0016580682149651695,-0.004006464917449007,-0.054441032558856434,1,2,7.5034246024485665,0.0,7.5011377721093595,1.405365765094757e-05,0.710561928484175,0.0,0,0
17.9,5.329999999999998,4.334807573927247,0.00042687482921546267,-0.0016511835048196313,-0.003909869192730241,-0.06699140627907679,1,2,7.5034246024485665,0.0,7.5011377721093595,1.405365765094757e-05,0.710561928484175,0.0,0,0
17.92,5.350000000000001,4.334770803885257,0.00042697933860650993,-0.0016468041579966732,-0.003816223157059708,-0.07033130052420225,1,2,7.5034246024485665,0.0,7.5011377721093595,1.405365765094757e-05,0.710561928484175,0.0,0,0
17.94,5.370000000000001,4.334735165879917,0.00042707865327645437,-0.00165040554893281,-0.00372828556375584,-0.11890097106844794,1,2,7.5034246024485665,0.0,7.5011377721093595,1.405365765094757e-05,0.710561928484175,0.0,0,0
17.96,5.390000000000001,4.334667225067476,0.000427106596925388,-0.0016454086472559308,-0.003690676012620988,-0.11409104506731839,1,2,7.5034246024485665,0.0,7.5011377721093595,1.405365765094757e-05,0.710561928484175,0.0,0,0
17.98,5.41,4.334632135094769,0.0004271993004602241,-0.0016483948805916528,-0.003589843787684111,-0.12464344411490741,1,2,7.5034246024485665,0.0,7.5011377721093595,1.405365765094757e-05,0.710561928484175,0.0,0,0
18.0,5.43,4.334565723300832,0.0004272167257861097,-0.001644926381639156,-0.0035250293073484417,-0.06703331604834584,1,2,7.5034246024485665,0.0,7.5011377721093595,1.405365765094757e-05,0.710561928484175,0.0,0,0
18.02,5.449999999999999,4.3345314193194575,0.0004273030972058005,-0.0016461795142332925,-0.003454937922926919,-0.07417078315654388,1,2,7.5034246024485665,0.0,7.5011377721093595,1.405365765094757e-05,0.710561928484175,0.0,0,0
18.04,5.469999999999999,4.334392365343092,0.0004275320045130504,-0.0016407546486099105,-0.010450478554731094,-0.10560983353783965,1,2,7.5034246024485665,0.0,7.5011377721093595,1.405365765094757e-05,0.710561928484175,0.0,0,0
18.06,5.489999999999998,4.334434775350769,0.00042738631712941087,-0.0016381621357024476,-0.003265319265395486,-0.06466548137426262,1,2,7.5034246024485665,0.0,7.5011377721093595,1.405365765094757e-05,0.710561928484175,0.0,0,0
18.08,5.509999999999998,4.334403151428855,0.00042746185646923724,-0.0016367437248931973,-0.0031822947205584658,-0.12308039187726055,1,2,7.5034246024485665,0.0,7.5011377721093595,1.405365765094757e-05,0.710561928484175,0.0,0,0
18.1,5.530000000000001,4.334341431556431,0.00042745356171106303,-0.0016395411643661544,-0.0030985656462063594,-0.13208615097952878,1,2,7.5034246024485665,0.0,7.5011377721093595,1.405365765094757e-05,0.710561928484175,0.0,0,0
18.12,5.550000000000001,4.334311231120938,0.00042752361891596293,-0.0016345177678873666,-0.0030133480660274143,-0.13723447995715893,1,2,7.5034246024485665,0.0,7.5011377721093595,1.405365765094757e-05,0.710561928484175,0.0,0,0
18.14,5.57,4.334281727972015,0.0004275906345328306,-0.0016323853274462512,-0.002954740072567002,-0.14750142953410936,1,2,7.5034246024485665,0.0,7.5011377721093595,1.405365765094757e-05,0.710561928484175,0.0,0,0
18.16,5.59,4.334222334569967,0.0004275695461269892,-0.00163142201618971,-0.00288506642873857,-0.12454141105374128,1,2,7.5034246024485665,0.0,7.5011377721093595,1.405365765094757e-05,0.710561928484175,0.0,0,0
18.18,5.609999999999999,4.334193744205219,0.0004276322762918211,-0.001630622702565088,-0.002810853291001384,-0.12723563124996073,1,2,7.5034246024485665,0.0,7.5011377721093595,1.405365765094757e-05,0.710561928484175,0.0,0,0
18.2,5.629999999999999,4.334136065907449,0.0004276045504679489,-0.0016299910218946505,-0.0027424995876218676,-0.07591905378180624,1,2,7.5034246024485665,0.0,7.5011377721093595,1.405365765094757e-05,0.710561928484175,0.0,0,0
18.22,5.649999999999999,4.334030009120863,0.0004277774214655231,-0.0016340640953731449,-0.007863193159835004,-0.13329903251572656,1,2,7.5034246024485665,0.0,7.5011377721093595,1.405365765094757e-05,0.710561928484175,0.0,0,0
18.24,5.669999999999998,4.334081435225985,0.00042772052761461343,-0.0016306084452946126,-0.002595035598951312,-0.10983985940084504,1,2,7.5034246024485665,0.0,7.5011377721093595,1.405365765094757e-05,0.710561928484175,0.0,0,0
18.26,5.690000000000001,4.334025970903238,0.0004276826279000268,-0.001627684463620938,-0.002556836418697273,-0.05290132364495827,1,2,7.5034246024485665,0.0,7.5011377721093595,1.405365765094757e-05,0.710561928484175,0.0,0,0
18.28,5.710000000000001,4.333999526998603,0.00042773652894019136,-0.001626888810674743,-0.0025094456492427497,-0.15328897018090978,1,2,7.5034246024485665,0.0,7.5011377721093595,1.405365765094757e-05,0.710561928484175,0.0,0,0
18.3,5.73,4.3338769445297585,0.00042779528898315546,-0.0016264223661717203,-0.006967738323089745,-0.16693922794153288,1,2,7.5034246024485665,0.0,7.5011377721093595,1.405365765094757e-05,0.710561928484175,0.0,0,0
18.32,5.75,4.33391953388473,0.0004277453062771638,-0.0016260605117270897,-0.0023913769644906243,-0.09501536170690275,1,2,7.5034246024485665,0.0,7.5011377721093595,1.405365765094757e-05,0.710561928484175,0.0,0,0
18.34,5.77,4.333894419552901,0.00042779482164094365,-0.0016257886850454821,-0.0023390124096520698,-0.10569805918380944,1,2,7.5034246024485665,0.0,7.5011377721093595,1.405365765094757e-05,0.710561928484175,0.0,0,0
18.36,5.789999999999999,4.333842119449905,0.0004277443245340387,-0.0016255889225500477,-0.0022894220029383346,-0.10493661544678953,1,2,7.5034246024485665,0.0,7.5011377721093595,1.405365765094757e-05,0.710561928484175,0.0,0,0
18.38,5.809999999999999,4.3338174847708775,0.00042779179358284946,-0.0016254186032447218,-0.0022411275094172166,-0.10000165950971027,1,2,7.5034246024485665,0.0,7.5011377721093595,1.405365765094757e-05,0.710561928484175,0.0,0,0
18.4,5.829999999999998,4.333708911309916,0.0004278246297419467,-0.0016298400452705586,-0.005989979290985868,-0.13487591257485373,1,2,7.5034246024485665,0.0,7.5011377721093595,1.405365765094757e-05,0.710561928484175,0.0,0,0
18.42,5.850000000000001,4.333742374833668,0.0004277837085537208,-0.0016267105434826237,-0.002126134522648548,-0.017044127951781198,1,2,7.5034246024485665,0.0,7.5011377721093595,1.405365765094757e-05,0.710561928484175,0.0,0,0
18.44,5.870000000000001,4.333718798373107,0.0004278279707648667,-0.0016240528080575525,-0.0021043038662544185,0.000224868125395416,1,2,7.5034246024485665,0.0,7.5011377721093595,1.405365765094757e-05,0.710561928484175,0.0,0,0
18.46,5.890000000000001,4.333669413643346,0.00042776768844824726,-0.0016234860874599912,-0.0020724272736263056,-0.024522736902765477,1,2,7.5034246024485665,0.0,7.5011377721093595,1.405365765094757e-05,0.710561928484175,0.0,0,0
18.48,5.91,4.333645968387778,0.00042781077552169643,-0.0016232541391918434,-0.0020273547852971874,-0.02059524021136329,1,2,7.5034246024485665,0.0,7.5011377721093595,1.405365765094757e-05,0.710561928484175,0.0,0,0
18.5,5.93,4.333597950950369,0.00042774781327025964,-0.00162308421443802,-0.0019835953579391864,-0.04607059632068582,1,2,7.5034246024485665,0.0,7.5011377721093595,1.405365765094757e-05,0.710561928484175,0.0,0,0
18.52,5.949999999999999,4.333574982153242,0.00042778938575733046,-0.001622955720834263,-0.001945104361200147,0.01029711572098963,1,2,7.5034246024485665,0.0,7.5011377721093595,1.405365765094757e-05,0.710561928484175,0.0,0,0
18.54,5.969999999999999,4.333552390087409,0.00042783005275325194,-0.0016228880595492436,-0.001908943074927337,-0.028816591403738333,1,2,7.5034246024485665,0.0,7.5011377721093595,1.405365765094757e-05,0.710561928484175,0.0,0,0
18.56,5.989999999999998,4.333462179363916,0.00042782925625844183,-0.001622847755829771,-0.004750218533299119,0.050880483672162975,1,2,7.5034246024485665,0.0,7.5011377721093595,1.405365765094757e-05,0.710561928484175,0.0,0,0
18.58,6.009999999999998,4.333441122183279,0.0004278670960335288,-0.0016228324719178568,-0.0046181273939163,0.006597483954229502,1,2,7.5034246024485665,0.0,7.5011377721093595,1.405365765094757e-05,0.710561928484175,0.0,0,0
18.6,6.030000000000001,4.333438592398511,0.00042773130262933385,-0.0016228034985412703,-0.0018061438522198798,-0.05943787853599744,1,2,7.5034246024485665,0.0,7.5011377721093595,1.405365765094757e-05,0.710561928484175,0.0,0,0
18.62,6.050000000000001,4.3334165579096915,0.00042776998772203577,-0.0016227840716571689,-0.0017742182928365308,-0.05270471274511303,1,2,7.5034246024485665,0.0,7.5011377721093595,1.405365765094757e-05,0.710561928484175,0.0,0,0
18.64,6.07,4.333394842023718,0.0004278079589996749,-0.0016227542032001274,-0.0017433894781221674,-0.07501944536836694,1,2,7.5034246024485665,0.0,7.5011377721093595,1.405365765094757e-05,0.710561928484175,0.0,0,0
18.66,6.09,4.333351301254701,0.0004277334538963337,-0.001622719121627814,-0.0017136039842507102,-0.03017969857743903,1,2,7.5034246024485665,0.0,7.5011377721093595,1.405365765094757e-05,0.710561928484175,0.0,0,0
18.68,6.109999999999999,4.333329800513923,0.0004277706778614379,-0.0016226845408136017,-0.001684831882893823,-0.01360978891367507,1,2,7.5034246024485665,0.0,7.5011377721093595,1.405365765094757e-05,0.710561928484175,0.0,0,0
18.7,6.129999999999999,4.333287447932692,0.0004276949855201289,-0.0016226847129585669,-0.0016570427009849065,-0.05958534044366083,1,2,7.5034246024485665,0.0,7.5011377721093595,1.405365765094757e-05,0.710561928484175,0.0,0,0
18.72,6.149999999999999,4.333232772974927,0.0004277837050851661,-0.0016226649450561408,-0.0038104602736589895,-0.12882473553408993,1,2,7.5034246024485665,0.0,7.5011377721093595,1.405365765094757e-05,0.710561928484175,0.0,0,0
18.74,6.169999999999998,4.3332451564468295,0.0004277674674990715,-0.0016226562127745758,-0.0016042755362081279,-0.07693796795273292,1,2,7.5034246024485665,0.0,7.5011377721093595,1.405365765094757e-05,0.710561928484175,0.0,0,0
18.76,6.190000000000001,4.3332043545894345,0.0004276880499142133,-0.0016226671972101594,-0.0015792331671092325,-0.1245776256529107,1,2,7.5034246024485665,0.0,7.5011377721093595,1.405365765094757e-05,0.710561928484175,0.0,0,0
18.78,6.210000000000001,4.333183512268439,0.00042772346091271194,-0.0016226575166040653,-0.0015550440608773845,-0.17531370759932818,1,2,7.5034246024485665,0.0,7.5011377721093595,1.405365765094757e-05,0.710561928484175,0.0,0,0
18.8,6.23,4.333143874432856,0.0004276433337307275,-0.0016226467308899655,-0.0015316795498613984,-0.16283398211671113,1,2,7.5034246024485665,0.0,7.5011377721093595,1.405365765094757e-05,0.710561928484175,0.0,0,0
18.82,6.25,4.33312320986587,0.0004276782240601076,-0.001622624559660668,-0.0015091110764023686,-0.11850592903554738,1,2,7.5034246024485665,0.0,7.5011377721093595,1.405365765094757e-05,0.710561928484175,0.0,0,0
18.84,6.27,4.333102770930188,0.000427712656533818,-0.0016225883757448045,-0.001487311699972256,-0.04255533499398501,1,2,7.5034246024485665,0.0,7.5011377721093595,1.405365765094757e-05,0.710561928484175,0.0,0,0
18.86,6.289999999999999,4.333038564717537,0.00042767053967424025,-0.0016226082605288463,-0.00317694450478134,-0.06434066653459396,1,2,7.5034246024485665,0.0,7.5011377721093595,1.405365765094757e-05,0.710561928484175,0.0,0,0
18.88,6.309999999999999,4.333044401276527,0.000427663315329929,-0.0016264167123254405,-0.0014427416921116314,-0.0045661386849551525,1,2,7.5034246024485665,0.0,7.5011377721093595,1.405365765094757e-05,0.710561928484175,0.0,0,0
18.9,6.329999999999998,4.33300757219691,0.0004275796095529608,-0.001622341751682299,-0.0014175607619702573,0.0005839363541766023,1,2,7.5034246024485665,0.0,7.5011377721093595,1.405365765094757e-05,0.710561928484175,0.0,0,0
18.92,6.350000000000001,4.332987344723497,0.00042761332644123524,-0.0016211259873242236,-0.0014144213345232473,0.019631905126606387,1,2,7.5034246024485665,0.0,7.5011377721093595,1.405365765094757e-05,0.710561928484175,0.0,0,0
18.94,6.370000000000001,4.3329672244301625,0.00042764678191996075,-0.001620898244483638,-0.001396897989459812,-0.02847640545751032,1,2,7.5034246024485665,0.0,7.5011377721093595,1.405365765094757e-05,0.710561928484175,0.0,0,0
18.96,6.390000000000001,4.332931682980101,0.0004275605296924937,-0.0016207409070614356,-0.0013731648074587256,-0.013421406852354472,1,2,7.5034246024485665,0.0,7.5011377721093595,1.405365765094757e-05,0.710561928484175,0.0,0,0
18.98,6.41,4.3329118245444675,0.00042759343199723473,-0.001620668413522708,-0.001353777218566414,-0.014374612317929312,1,2,7.5034246024485665,0.0,7.5011377721093595,1.405365765094757e-05,0.710561928484175,0.0,0,0
19.02,6.449999999999999,4.3328577262840735,0.0004275396779738881,-0.0016206942659970915,-0.001321981083587025,-0.041056222854079,1,2,7.5034246024485665,0.0,7.5011377721093595,1.405365765094757e-05,0.710561928484175,0.0,0,0
19.04,6.469999999999999,4.332818916929032,0.000427602575485989,-0.0016206912653498056,-0.002558959517348987,-0.07408406178812693,1,2,7.5034246024485665,0.0,7.5011377721093595,1.405365765094757e-05,0.710561928484175,0.0,0,0
19.06,6.489999999999998,4.3327868490523755,0.00042751264971063713,-0.0016206837993606453,-0.002501332464284348,-0.07667515587942753,1,2,7.5034246024485665,0.0,7.5011377721093595,1.405365765094757e-05,0.710561928484175,0.0,0,0
19.08,6.509999999999998,4.332785779267568,0.0004275153923161239,-0.0016206975946069237,-0.0012770497075728605,-0.04947530492779093,1,2,7.5034246024485665,0.0,7.5011377721093595,1.405365765094757e-05,0.710561928484175,0.0,0,0
19.1,6.530000000000001,4.332753980924187,0.0004274270318908311,-0.0016207265363976653,-0.0012631610471285231,-0.01222158384382683,1,2,7.5034246024485665,0.0,7.5011377721093595,1.405365765094757e-05,0.710561928484175,0.0,0,0
19.12,6.550000000000001,4.332734597771578,0.0004274588623563552,-0.0016207303015938201,-0.0012497415114605297,0.01626946783658431,1,2,7.5034246024485665,0.0,7.5011377721093595,1.405365765094757e-05,0.710561928484175,0.0,0,0
19.14,6.57,4.332703874258367,0.00042737083635276986,-0.0016207381683925885,-0.0012367745679299792,-0.07165038099368128,1,2,7.5034246024485665,0.0,7.5011377721093595,1.405365765094757e-05,0.710561928484175,0.0,0,0
19.16,6.59,4.332684590240304,0.000427402445349089,-0.001620741371417545,-0.001224251139481873,-0.028187537622158153,1,2,7.5034246024485665,0.0,7.5011377721093595,1.405365765094757e-05,0.710561928484175,0.0,0,0
19.18,6.609999999999999,4.332665437372586,0.0004274338181135836,-0.0016207446005531705,-0.0012121571606498686,-0.06749381822273516,1,2,7.5034246024485665,0.0,7.5011377721093595,1.405365765094757e-05,0.710561928484175,0.0,0,0
19.2,6.629999999999999,4.332636159983329,0.00042734388941714785,-0.0016207403269095089,-0.0012004766586273757,-0.0557504358015217,1,2,7.5034246024485665,0.0,7.5011377721093595,1.405365765094757e-05,0.710561928484175,0.0,0,0
19.22,6.649999999999999,4.332617082732315,0.000427375090873492,-0.0016207072428389149,-0.0011891946518696383,-0.07861247099652896,1,2,7.5034246024485665,0.0,7.5011377721093595,1.405365765094757e-05,0.710561928484175,0.0,0,0
19.24,6.669999999999998,4.332598122087171,0.00042740608354940434,-0.0016206970964924854,-0.0011782976407292926,-0.04835549152863954,1,2,7.5034246024485665,0.0,7.5011377721093595,1.405365765094757e-05,0.710561928484175,0.0,0,0
19.26,6.690000000000001,4.332570273215786,0.0004273144670726958,-0.0016207026583265895,-0.0011677725960772749,-0.07704314919721483,1,2,7.5034246024485665,0.0,7.5011377721093595,1.405365765094757e-05,0.710561928484175,0.0,0,0
19.28,6.710000000000001,4.332551375889683,0.0004273453182853317,-0.0016207358021724796,-0.0011576066096405273,-0.04624877998022782,1,2,7.5034246024485665,0.0,7.5011377721093595,1.405365765094757e-05,0.710561928484175,0.0,0,0
19.3,6.73,4.332524543570628,0.00042725443270064784,-0.0016207464336748247,-0.001147787533231129,-0.05321221621648539,1,2,7.5034246024485665,0.0,7.5011377721093595,1.405365765094757e-05,0.710561928484175,0.0,0,0
19.32,6.75,4.332505716402494,0.0004272851382258996,-0.0016207575171263149,-0.0011383033512654664,-0.07299675976541925,1,2,7.5034246024485665,0.0,7.5011377721093595,1.405365765094757e-05,0.710561928484175,0.0,0,0
19.34,6.77,4.332486988905864,0.00042731566963475986,-0.0016207711469582444,-0.0011291427089647557,-0.125714802124043,1,2,7.5034246024485665,0.0,7.5011377721093595,1.405365765094757e-05,0.710561928484175,0.0,0,0
19.36,6.789999999999999,4.332461562396223,0.00042722333217225803,-0.0016207718362553085,-0.0011202946140172099,-0.14632305289762731,1,2,7.5034246024485665,0.0,7.5011377721093595,1.405365765094757e-05,0.710561928484175,0.0,0,0
19.38,6.809999999999999,4.332442888720893,0.0004272537502487385,-0.0016207707239743743,-0.0011117482791858854,-0.13378640268108022,1,2,7.5034246024485665,0.0,7.5011377721093595,1.405365765094757e-05,0.710561928484175,0.0,0,0
19.4,6.829999999999998,4.33241843973394,0.0004271623105877573,-0.001620756840647442,-0.0011034935289712627,-0.06789162241559984,1,2,7.5034246024485665,0.0,7.5011377721093595,1.405365765094757e-05,0.710561928484175,0.0,0,0
19.44,6.870000000000001,4.332371729517127,0.0004272381457978208,-0.0016207555384770702,-0.0017141072618821517,-0.08263892871940365,1,2,7.5034246024485665,0.0,7.5011377721093595,1.405365765094757e-05,0.710561928484175,0.0,0,0
19.46,6.890000000000001,4.332358226969574,0.00042713007229736326,-0.0016207391230387282,-0.0010803806266451933,-0.03798302718054249,1,2,7.5034246024485665,0.0,7.5011377721093595,1.405365765094757e-05,0.710561928484175,0.0,0,0
19.48,6.91,4.332339743754861,0.00042716013182860966,-0.001620739036224617,-0.0010731958834053691,-0.001349625708148881,1,2,7.5034246024485665,0.0,7.5011377721093595,1.405365765094757e-05,0.710561928484175,0.0,0,0
19.5,6.93,4.33231760967348,0.0004270684829618353,-0.0016207416712217262,-0.0010662562916429036,-0.009738233172030179,1,2,7.5034246024485665,0.0,7.5011377721093595,1.405365765094757e-05,0.710561928484175,0.0,0,0
19.52,6.949999999999999,4.332299177371808,0.00042709844479732354,-0.0016207292050318678,-0.0010595534309984105,0.006868229561387047,1,2,7.5034246024485665,0.0,7.5011377721093595,1.405365765094757e-05,0.710561928484175,0.0,0,0
19.54,6.969999999999999,4.3322779616039115,0.00042700782930605284,-0.0016207189685863994,-0.001053079295152471,0.0008042942802319432,1,2,7.5034246024485665,0.0,7.5011377721093595,1.405365765094757e-05,0.710561928484175,0.0,0,0
19.56,6.989999999999998,4.33225958021449,0.0004270376950884667,-0.001620726073790824,-0.001046826040292597,-0.031090618400068964,1,2,7.5034246024485665,0.0,7.5011377721093595,1.405365765094757e-05,0.710561928484175,0.0,0,0
19.58,7.009999999999998,4.332241267586535,0.0004270674445813459,-0.0016207366577987163,-0.001040786168966201,-0.07132758552512872,1,2,7.5034246024485665,0.0,7.5011377721093595,1.405365765094757e-05,0.710561928484175,0.0,0,0
19.6,7.030000000000001,4.332221389702509,0.00042697577189913696,-0.001620744247355255,-0.0010349524231691842,-0.09984318445219675,1,2,7.5034246024485665,0.0,7.5011377721093595,1.405365765094757e-05,0.710561928484175,0.0,0,0
19.62,7.050000000000001,4.332203116063275,0.0004270054482387353,-0.001620768886138269,-0.0010293177531738493,-0.05708346741028096,1,2,7.5034246024485665,0.0,7.5011377721093595,1.405365765094757e-05,0.710561928484175,0.0,0,0
19.64,7.07,4.332184903566855,0.00042703502204214993,-0.001620774368817468,-0.0010238753929177552,-0.10946483645349787,1,2,7.5034246024485665,0.0,7.5011377721093595,1.405365765094757e-05,0.710561928484175,0.0,0,0
19.66,7.09,4.332166345397899,0.0004269424344688042,-0.0016207790799458448,-0.0010186187938219784,-0.08665185443612702,1,2,7.5034246024485665,0.0,7.5011377721093595,1.405365765094757e-05,0.710561928484175,0.0,0,0
19.68,7.109999999999999,4.332148165764782,0.00042697194694478073,-0.0016208002371485013,-0.0010135416213551526,-0.09575571665549709,1,2,7.5034246024485665,0.0,7.5011377721093595,1.405365765094757e-05,0.710561928484175,0.0,0,0
19.72,7.149999999999999,4.332106471864838,0.0004269194962211184,-0.0016208335369620743,-0.0013894688863442164,-0.08130725054042443,1,2,7.5034246024485665,0.0,7.5011377721093595,1.405365765094757e-05,0.710561928484175,0.0,0,0
19.74,7.169999999999998,4.332094219267482,0.00042693943435094,-0.0016208255937031348,-0.000999326595763685,-0.08652572077181084,1,2,7.5034246024485665,0.0,7.5011377721093595,1.405365765094757e-05,0.710561928484175,0.0,0,0
19.76,7.190000000000001,4.332077796600538,0.00042684732555621263,-0.0016208289230217334,-0.0009949080569691632,-0.10955006457767497,1,2,7.5034246024485665,0.0,7.5011377721093595,1.405365765094757e-05,0.710561928484175,0.0,0,0
19.78,7.210000000000001,4.332059734138225,0.0004268766337880005,-0.001620849800304747,-0.000990640415350133,-0.11372070637790467,1,2,7.5034246024485665,0.0,7.5011377721093595,1.405365765094757e-05,0.710561928484175,0.0,0,0
19.8,7.23,4.332044109983032,0.00042678587552619945,-0.0016208367678123285,-0.000986518495748772,-0.06908977056496758,1,2,7.5034246024485665,0.0,7.5011377721093595,1.405365765094757e-05,0.710561928484175,0.0,0,0
19.82,7.25,4.332026078953823,0.00042681512821077797,-0.001620843105992531,-0.0009825373756403564,-0.026546902714388906,1,2,7.5034246024485665,0.0,7.5011377721093595,1.405365765094757e-05,0.710561928484175,0.0,0,0
19.84,7.27,4.3320112352370765,0.0004267256898914081,-0.0016208460735427364,-0.0009786922109586427,-0.05720490524446306,1,2,7.5034246024485665,0.0,7.5011377721093595,1.405365765094757e-05,0.710561928484175,0.0,0,0
19.88,7.309999999999999,4.331970849758633,0.0004267911714286839,-0.001620839839882038,-0.0012636151808369206,-0.1383705976736282,1,2,7.5034246024485665,0.0,7.5011377721093595,1.405365765094757e-05,0.710561928484175,0.0,0,0
19.9,7.329999999999998,4.33196167980078,0.00042669388787886203,-0.0016208271579918334,-0.0009679271165671699,-0.14267676083375835,1,2,7.5034246024485665,0.0,7.5011377721093595,1.405365765094757e-05,0.710561928484175,0.0,0,0
19.92,7.350000000000001,4.331939628162121,0.00042672962926149316,-0.0016208102460284481,-0.0012372396458242363,-0.09369875396977892,1,2,7.5034246024485665,0.0,7.5011377721093595,1.405365765094757e-05,0.710561928484175,0.0,0,0
19.94,7.370000000000001,4.33193088021601,0.0004266342335539623,-0.0016208129534063258,-0.0009613494672282067,-0.03441958958942128,1,2,7.5034246024485665,0.0,7.5011377721093595,1.405365765094757e-05,0.710561928484175,0.0,0,0
19.96,7.390000000000001,4.331912973345494,0.0004266632728952267,-0.0016208222295883705,-0.0009582282897496724,-0.06893078567408131,1,2,7.5034246024485665,0.0,7.5011377721093595,1.405365765094757e-05,0.710561928484175,0.0,0,0
19.98,7.41,4.3318951021809315,0.00042669225349665173,-0.0016208087250424443,-0.0009552137955806258,-0.07923792415743165,1,2,7.5034246024485665,0.0,7.5011377721093595,1.405365765094757e-05,0.710561928484175,0.0,0,0
20.0,7.43,4.3318834490899665,0.00042660291624555945,-0.001620813928040921,-0.0009523023065422885,-0.0713870003873888,1,2,7.5034246024485665,0.0,7.5011377721093595,1.405365765094757e-05,0.710561928484175,0.0,0,0
20.02,7.449999999999999,4.331865598272687,0.0004266318615217025,-0.0016208206470698097,-0.000949490415656783,-0.039912652208671726,1,2,7.5034246024485665,0.0,7.5011377721093595,1.405365765094757e-05,0.710561928484175,0.0,0,0
20.04,7.469999999999999,4.331847779172966,0.0004266607546886321,-0.001620823784644898,-0.0009467746709787434,-0.07711051586150239,1,2,7.5034246024485665,0.0,7.5011377721093595,1.405365765094757e-05,0.710561928484175,0.0,0,0
20.06,7.489999999999998,4.331837319686594,0.00042657091847410615,-0.0016208515410265358,-0.000944151745245247,-0.06390027141389287,1,2,7.5034246024485665,0.0,7.5011377721093595,1.405365765094757e-05,0.710561928484175,0.0,0,0
20.08,7.509999999999998,4.331819517759823,0.000426599782668813,-0.0016208275989599843,-0.0009416185963763692,-0.06841571066328019,1,2,7.5034246024485665,0.0,7.5011377721093595,1.405365765094757e-05,0.710561928484175,0.0,0,0
20.1,7.530000000000001,4.3318097131172975,0.0004265114708424221,-0.0016208217118611756,-0.0009391720365404212,-0.04551045759332733,1,2,7.5034246024485665,0.0,7.5011377721093595,1.405365765094757e-05,0.710561928484175,0.0,0,0
20.12,7.550000000000001,4.3317919303650525,0.00042654030189545134,-0.0016208230572472009,-0.0009368092490328766,-0.031065874179853792,1,2,7.5034246024485665,0.0,7.5011377721093595,1.405365765094757e-05,0.710561928484175,0.0,0,0
20.14,7.57,4.331774174636819,0.0004265690886175084,-0.0016208142259688252,-0.000934527305654662,-0.03854034771278614,1,2,7.5034246024485665,0.0,7.5011377721093595,1.405365765094757e-05,0.710561928484175,0.0,0,0
20.16,7.59,4.331765532347406,0.000426480339866479,-0.0016208091204736876,-0.0009323233889468763,-0.08962024132012203,1,2,7.5034246024485665,0.0,7.5011377721093595,1.405365765094757e-05,0.710561928484175,0.0,0,0
20.18,7.609999999999999,4.3317477913773565,0.00042650910119849706,-0.0016208105900581418,-0.0009301949879823988,-0.09972146681816238,1,2,7.5034246024485665,0.0,7.5011377721093595,1.405365765094757e-05,0.710561928484175,0.0,0,0
20.2,7.629999999999999,4.331739756990187,0.00042642190716528957,-0.0016208458885724752,-0.0009281393726007954,-0.11709406822184704,1,2,7.5034246024485665,0.0,7.5011377721093595,1.405365765094757e-05,0.710561928484175,0.0,0,0
20.22,7.649999999999999,4.3317220324171934,0.00042645064162261695,-0.0016208444166041507,-0.0009261542234991469,-0.1208762059544193,1,2,7.5034246024485665,0.0,7.5011377721093595,1.405365765094757e-05,0.710561928484175,0.0,0,0
20.24,7.669999999999998,4.331704330763776,0.00042647933851226966,-0.0016208444512710862,-0.0009242370505828973,-0.13484318111686708,1,2,7.5034246024485665,0.0,7.5011377721093595,1.405365765094757e-05,0.710561928484175,0.0,0,0
20.26,7.690000000000001,4.331697427185228,0.00042639176084901474,-0.0016208580070364857,-0.0009223854637200359,-0.04466501634098585,1,2,7.5034246024485665,0.0,7.5011377721093595,1.405365765094757e-05,0.710561928484175,0.0,0,0
20.28,7.710000000000001,4.331679738148274,0.0004264204367637048,-0.0016208602608798197,-0.0009205974014538946,-0.11239093922117671,1,2,7.5034246024485665,0.0,7.5011377721093595,1.405365765094757e-05,0.710561928484175,0.0,0,0
20.3,7.73,4.33167339626165,0.00042633443567848477,-0.001620872904491755,-0.0009188705157344239,-0.10160979291941755,1,2,7.5034246024485665,0.0,7.5011377721093595,1.405365765094757e-05,0.710561928484175,0.0,0,0
20.32,7.75,4.331653672055146,0.00042636640566917497,-0.0016209018430513036,-0.001053552725662646,-0.1284026505138573,1,2,7.5034246024485665,0.0,7.5011377721093595,1.405365765094757e-05,0.710561928484175,0.0,0,0
20.34,7.77,4.331638065564525,0.00042639171019381145,-0.0016209033325109703,-0.0009155924555852145,-0.03168239856995549,1,2,7.5034246024485665,0.0,7.5011377721093595,1.405365765094757e-05,0.710561928484175,0.0,0,0
20.38,7.809999999999999,4.331613328838324,0.0004263369668129077,-0.0016209006540042206,-0.001035423304242396,-0.08007621169886789,1,2,7.5034246024485665,0.0,7.5011377721093595,1.405365765094757e-05,0.710561928484175,0.0,0,0
20.4,7.829999999999998,4.331610452836596,0.0004262492200188778,-0.0016209044266761732,-0.0009110847645207418,-0.06918804427857943,1,2,7.5034246024485665,0.0,7.5011377721093595,1.405365765094757e-05,0.710561928484175,0.0,0,0
20.42,7.850000000000001,4.331592819836841,0.00042627780402786276,-0.001620910612634585,-0.0009096841612054576,-0.029736508971265056,1,2,7.5034246024485665,0.0,7.5011377721093595,1.405365765094757e-05,0.710561928484175,0.0,0,0
20.44,7.870000000000001,4.331575203263351,0.0004263063613660838,-0.001620931165884354,-0.0009083316128222951,-0.003973640454137163,1,2,7.5034246024485665,0.0,7.5011377721093595,1.405365765094757e-05,0.710561928484175,0.0,0,0
20.46,7.890000000000001,4.3315715468876,0.00042622130214384413,-0.0016209359486851762,-0.0009070253877245782,-0.003431719989195838,1,2,7.5034246024485665,0.0,7.5011377721093595,1.405365765094757e-05,0.710561928484175,0.0,0,0
20.48,7.91,4.3315539394501155,0.0004262498447596792,-0.0016209620689187079,-0.0009057641277509412,-0.05300552987513974,1,2,7.5034246024485665,0.0,7.5011377721093595,1.405365765094757e-05,0.710561928484175,0.0,0,0
20.5,7.93,4.331550755451969,0.00042616638300701674,-0.0016209490987169062,-0.0009045460685527867,-0.06991054821743749,1,2,7.5034246024485665,0.0,7.5011377721093595,1.405365765094757e-05,0.710561928484175,0.0,0,0
20.54,7.969999999999999,4.331529859210303,0.0004261148018911245,-0.0016209236249458137,-0.0009022341905499314,-0.07014075130718098,1,2,7.5034246024485665,0.0,7.5011377721093595,1.405365765094757e-05,0.710561928484175,0.0,0,0
20.58,8.009999999999998,4.331493392348722,0.00042617391309842626,-0.0016209314808581792,-0.0009869797817328187,-0.16413607068236752,1,2,7.5034246024485665,0.0,7.5011377721093595,1.405365765094757e-05,0.710561928484175,0.0,0,0
20.6,8.030000000000001,4.3314930291655855,0.0004260894576200173,-0.0016209267743589881,-0.0008990559380419287,-0.1270305360724703,1,2,7.5034246024485665,0.0,7.5011377721093595,1.405365765094757e-05,0.710561928484175,0.0,0,0
20.62,8.05,4.331475463303074,0.00042611793174347794,-0.0016209400984603663,-0.0008980686068411181,-0.10016306723991664,1,2,7.5034246024485665,0.0,7.5011377721093595,1.405365765094757e-05,0.710561928484175,0.0,0,0
20.64,8.07,4.331457909026529,0.0004261463872578414,-0.0016209239921023415,-0.0008971152431486448,-0.1021948659889744,1,2,7.5034246024485665,0.0,7.5011377721093595,1.405365765094757e-05,0.710561928484175,0.0,0,0
20.66,8.09,4.331457247452745,0.0004260637990748751,-0.0016209346910542872,-0.0008961945762792361,-0.06857809699939986,1,2,7.5034246024485665,0.0,7.5011377721093595,1.405365765094757e-05,0.710561928484175,0.0,0,0
20.68,8.11,4.3314396995083975,0.0004260922440700343,-0.0016209308970660525,-0.0008953057552679609,-0.05359677088864336,1,2,7.5034246024485665,0.0,7.5011377721093595,1.405365765094757e-05,0.710561928484175,0.0,0,0
20.7,8.129999999999999,4.331439424534299,0.00042601126081814915,-0.0016209394529482777,-0.0008944474182999253,-0.005006959170881797,1,2,7.5034246024485665,0.0,7.5011377721093595,1.405365765094757e-05,0.710561928484175,0.0,0,0
20.72,8.149999999999999,4.33142188362837,0.000426039694373846,-0.0016209660240100732,-0.0008936188025606786,0.03281263974754417,1,2,7.5034246024485665,0.0,7.5011377721093595,1.405365765094757e-05,0.710561928484175,0.0,0,0
20.74,8.169999999999998,4.331403360653583,0.0004260697191850709,-0.001620978574952581,-0.0009586811096388542,0.03937799736787322,1,2,7.5034246024485665,0.0,7.5011377721093595,1.405365765094757e-05,0.710561928484175,0.0,0,0
20.78,8.21,4.331387533918147,0.00042601530141317195,-0.0016209803321602934,-0.0008913003486856015,-0.03805955294125041,1,2,7.5034246024485665,0.0,7.5011377721093595,1.405365765094757e-05,0.710561928484175,0.0,0,0
20.8,8.23,4.331388587753038,0.0004259356764964457,-0.0016209512814469031,-0.0008905801538065581,-0.07693597229143448,1,2,7.5034246024485665,0.0,7.5011377721093595,1.405365765094757e-05,0.710561928484175,0.0,0,0
20.82,8.25,4.33137106800489,0.0004259640756550702,-0.001620948177430748,-0.0008898849794860964,-0.10582952955939258,1,2,7.5034246024485665,0.0,7.5011377721093595,1.405365765094757e-05,0.710561928484175,0.0,0,0
20.84,8.27,4.331353556543785,0.00042599246128609833,-0.0016209463995915387,-0.000889213808674683,-0.12060335850551275,1,2,7.5034246024485665,0.0,7.5011377721093595,1.405365765094757e-05,0.710561928484175,0.0,0,0
20.86,8.29,4.331355565645552,0.0004259126062285313,-0.0016209675328688888,-0.0008885656946809864,-0.07276042887812326,1,2,7.5034246024485665,0.0,7.5011377721093595,1.405365765094757e-05,0.710561928484175,0.0,0,0
20.88,8.309999999999999,4.331338107558831,0.0004259409056597165,-0.0016249740041653917,-0.0008846832194295368,-0.051761120119001004,1,2,7.5034246024485665,0.0,7.5011377721093595,1.405365765094757e-05,0.710561928484175,0.0,0,0
20.9,8.329999999999998,4.3313405746739555,0.0004258624631074012,-0.001620731532076647,-0.0008782778301702877,-0.03975898298411662,1,2,7.5034246024485665,0.0,7.5011377721093595,1.405365765094757e-05,0.710561928484175,0.0,0,0
20.92,8.350000000000001,4.331323009279755,0.0004258909318146184,-0.001619411959022266,-0.0008939531015605553,-0.07729758288399437,1,2,7.5034246024485665,0.0,7.5011377721093595,1.405365765094757e-05,0.710561928484175,0.0,0,0
20.94,8.370000000000001,4.331304667564253,0.00042592063429310826,-0.0016192343037624288,-0.0009402208537032059,-0.07741537469425594,1,2,7.5034246024485665,0.0,7.5011377721093595,1.405365765094757e-05,0.710561928484175,0.0,0,0
20.96,8.39,4.331308528746991,0.00042584111087898063,-0.0016191246050958345,-0.0008877503408355476,-0.11421974513425251,1,2,7.5034246024485665,0.0,7.5011377721093595,1.405365765094757e-05,0.710561928484175,0.0,0,0
20.98,8.41,4.331291034024645,0.0004258694366238632,-0.001619055134535863,-0.0008846804776221415,-0.1185403613711174,1,2,7.5034246024485665,0.0,7.5011377721093595,1.405365765094757e-05,0.710561928484175,0.0,0,0
21.0,8.43,4.331294558728405,0.0004257924641948952,-0.0016190477866278032,-0.000884518785736888,-0.07351711950564371,1,2,7.5034246024485665,0.0,7.5011377721093595,1.405365765094757e-05,0.710561928484175,0.0,0,0
21.02,8.45,4.331277067618874,0.0004258207828309127,-0.0016190778277711542,-0.0008844377998504341,-0.05707186508390809,1,2,7.5034246024485665,0.0,7.5011377721093595,1.405365765094757e-05,0.710561928484175,0.0,0,0
21.04,8.469999999999999,4.331259581454523,0.00042584909401097756,-0.0016190945493614883,-0.0008838950134806409,-0.10011992519804451,1,2,7.5034246024485665,0.0,7.5011377721093595,1.405365765094757e-05,0.710561928484175,0.0,0,0
21.06,8.489999999999998,4.331264004835858,0.0004257719108633458,-0.0016190963490960721,-0.0008832920542254395,-0.11448748845072228,1,2,7.5034246024485665,0.0,7.5011377721093595,1.405365765094757e-05,0.710561928484175,0.0,0,0
21.08,8.509999999999998,4.331246525831348,0.0004258002107947324,-0.0016191173283437445,-0.0008828051963589238,-0.15001871257818064,1,2,7.5034246024485665,0.0,7.5011377721093595,1.405365765094757e-05,0.710561928484175,0.0,0,0
21.1,8.530000000000001,4.331251187246674,0.0004257245766272739,-0.0016191392329343306,-0.0008823821286370733,-0.061227063519405406,1,2,7.5034246024485665,0.0,7.5011377721093595,1.405365765094757e-05,0.710561928484175,0.0,0,0
21.12,8.55,4.3312332028026175,0.00042575369565806074,-0.0016191706875470224,-0.000916064634434966,-0.03533828840131006,1,2,7.5034246024485665,0.0,7.5011377721093595,1.405365765094757e-05,0.710561928484175,0.0,0,0
21.14,8.57,4.331215747240155,0.0004257819590291581,-0.0016191864603434252,-0.0009145065847656405,-0.07892564777030245,1,2,7.5034246024485665,0.0,7.5011377721093595,1.405365765094757e-05,0.710561928484175,0.0,0,0
21.16,8.59,4.331221784671035,0.00042570530153651415,-0.0016192056045514216,-0.0008811779100061558,-0.04221964998272952,1,2,7.5034246024485665,0.0,7.5011377721093595,1.405365765094757e-05,0.710561928484175,0.0,0,0
21.18,8.61,4.331204317391692,0.00042573358450511203,-0.0016192054251469303,-0.0008808055582263538,-0.09471146165203093,1,2,7.5034246024485665,0.0,7.5011377721093595,1.405365765094757e-05,0.710561928484175,0.0,0,0
21.2,8.629999999999999,4.3312100630054795,0.00042565925922738717,-0.0016191840927177739,-0.0008804474122329994,-0.04078327540208838,1,2,7.5034246024485665,0.0,7.5011377721093595,1.405365765094757e-05,0.710561928484175,0.0,0,0
21.22,8.649999999999999,4.331192598763251,0.0004256875369283058,-0.0016191848867497254,-0.0008801023659489813,-0.01673937968178789,1,2,7.5034246024485665,0.0,7.5011377721093595,1.405365765094757e-05,0.710561928484175,0.0,0,0
21.24,8.669999999999998,4.331198544192495,0.0004256146791493525,-0.001619222599719361,-0.0008797695222506833,-0.038120997223915654,1,2,7.5034246024485665,0.0,7.5011377721093595,1.405365765094757e-05,0.710561928484175,0.0,0,0
21.26,8.690000000000001,4.331181082919636,0.0004256429527297583,-0.0016192246268804669,-0.0008794488880484027,-0.06750740837465449,1,2,7.5034246024485665,0.0,7.5011377721093595,1.405365765094757e-05,0.710561928484175,0.0,0,0
21.28,8.71,4.331163625572071,0.00042567122000303773,-0.0016192445468758978,-0.0008791397835633271,-0.017607130464140548,1,2,7.5034246024485665,0.0,7.5011377721093595,1.405365765094757e-05,0.710561928484175,0.0,0,0
21.3,8.73,4.331170427714793,0.0004255980887037827,-0.0016192535465395783,-0.0008788415668120809,-0.11368663715937931,1,2,7.5034246024485665,0.0,7.5011377721093595,1.405365765094757e-05,0.710561928484175,0.0,0,0
21.32,8.75,4.331152972560022,0.0004256263529198182,-0.0016192475620875337,-0.0008785541759941553,-0.11038831367884805,1,2,7.5034246024485665,0.0,7.5011377721093595,1.405365765094757e-05,0.710561928484175,0.0,0,0
21.34,8.77,4.331135520849253,0.0004256546114689302,-0.0016192471060825222,-0.0008782769950735395,-0.06793580685880088,1,2,7.5034246024485665,0.0,7.5011377721093595,1.405365765094757e-05,0.710561928484175,0.0,0,0
21.36,8.79,4.331143158954391,0.0004255812505432959,-0.0016192618476016387,-0.0008780094878438833,-0.11533603892434634,1,2,7.5034246024485665,0.0,7.5011377721093595,1.405365765094757e-05,0.710561928484175,0.0,0,0
21.38,8.809999999999999,4.33112570902822,0.00042560950645679607,-0.0016192248726376592,-0.0008777516823548191,-0.08846361561631934,1,2,7.5034246024485665,0.0,7.5011377721093595,1.405365765094757e-05,0.710561928484175,0.0,0,0
21.4,8.829999999999998,4.331133485587139,0.00042553763781473037,-0.0016192245359070159,-0.000877502833859101,-0.0671595662479503,1,2,7.5034246024485665,0.0,7.5011377721093595,1.405365765094757e-05,0.710561928484175,0.0,0,0
21.42,8.850000000000001,4.331116037640308,0.0004255658898810435,-0.0016192337395950498,-0.0008772630157205127,-0.07944550691053132,1,2,7.5034246024485665,0.0,7.5011377721093595,1.405365765094757e-05,0.710561928484175,0.0,0,0
21.44,8.870000000000001,4.33109859257612,0.00042559413745565347,-0.0016192378768651312,-0.000877031691385998,-0.033139369367128496,1,2,7.5034246024485665,0.0,7.5011377721093595,1.405365765094757e-05,0.710561928484175,0.0,0,0
21.46,8.89,4.331107184587377,0.00042552203085690656,-0.0016192507108971914,-0.0008768083955698199,0.007135966037414694,1,2,7.5034246024485665,0.0,7.5011377721093595,1.405365765094757e-05,0.710561928484175,0.0,0,0
21.48,8.91,4.331089740978732,0.00042555027639415405,-0.0016192350775088298,-0.0008765932413462243,-0.015605436969224624,1,2,7.5034246024485665,0.0,7.5011377721093595,1.405365765094757e-05,0.710561928484175,0.0,0,0
21.5,8.93,4.331098442216225,0.00042547963870289286,-0.0016192455862564792,-0.0008763855361862733,-0.05386087246463647,1,2,7.5034246024485665,0.0,7.5011377721093595,1.405365765094757e-05,0.710561928484175,0.0,0,0
21.52,8.95,4.331081000225946,0.0004255078815232253,-0.0016192530614027585,-0.0008761854275405444,-0.021760028565023445,1,2,7.5034246024485665,0.0,7.5011377721093595,1.405365765094757e-05,0.710561928484175,0.0,0,0
21.54,8.969999999999999,4.331063313814847,0.0004255365200668267,-0.0016192590556758373,-0.0008924580009583313,-0.08404275222721916,1,2,7.5034246024485665,0.0,7.5011377721093595,1.405365765094757e-05,0.710561928484175,0.0,0,0
21.56,8.989999999999998,4.331073057755503,0.000425465235254143,-0.0016192468770088733,-0.0008758061185181571,-0.09547723521941309,1,2,7.5034246024485665,0.0,7.5011377721093595,1.405365765094757e-05,0.710561928484175,0.0,0,0
21.58,9.009999999999998,4.331055619345634,0.0004254934722953429,-0.0016192471250677802,-0.0008756266759645084,-0.04372150424634282,1,2,7.5034246024485665,0.0,7.5011377721093595,1.405365765094757e-05,0.710561928484175,0.0,0,0
21.6,9.030000000000001,4.331065197868146,0.000425424031490509,-0.00161927049236299,-0.000875453441476111,-0.08920261030371981,1,2,7.5034246024485665,0.0,7.5011377721093595,1.405365765094757e-05,0.710561928484175,0.0,0,0
21.62,9.05,4.33104776077325,0.0004254522668200635,-0.0016192530863752273,-0.000875286619964029,-0.04976023591454044,1,2,7.5034246024485665,0.0,7.5011377721093595,1.405365765094757e-05,0.710561928484175,0.0,0,0
21.64,9.07,4.331030325676605,0.000425480498623998,-0.0016192266579060366,-0.0008751257591211672,-0.01666094972346978,1,2,7.5034246024485665,0.0,7.5011377721093595,1.405365765094757e-05,0.710561928484175,0.0,0,0
21.66,9.09,4.331040681463713,0.0004254107985606816,-0.0016192119000097984,-0.0008749704768712168,-0.04880609954128537,1,2,7.5034246024485665,0.0,7.5011377721093595,1.405365765094757e-05,0.710561928484175,0.0,0,0
21.68,9.11,4.331023247310785,0.00042543902810247196,-0.0016192163114530091,-0.0008748210000335006,-0.08225975690942176,1,2,7.5034246024485665,0.0,7.5011377721093595,1.405365765094757e-05,0.710561928484175,0.0,0,0
21.7,9.129999999999999,4.331033658039105,0.00042537074807514247,-0.001619229898580432,-0.0008746766950757486,-0.007752278321548625,1,2,7.5034246024485665,0.0,7.5011377721093595,1.405365765094757e-05,0.710561928484175,0.0,0,0
21.72,9.149999999999999,4.331016045386519,0.00042539926680948994,-0.001619225490608223,-0.0008865908723079221,0.0021606362708063856,1,2,7.5034246024485665,0.0,7.5011377721093595,1.405365765094757e-05,0.710561928484175,0.0,0,0
21.74,9.169999999999998,4.33099879350839,0.00042542720163526044,-0.0016192450275984702,-0.0008744039350016727,-0.10283395236451988,1,2,7.5034246024485665,0.0,7.5011377721093595,1.405365765094757e-05,0.710561928484175,0.0,0,0
21.76,9.190000000000001,4.33100996380803,0.00042535865155029557,-0.0016192875607217163,-0.0008742747016055137,-0.10948311975812693,1,2,7.5034246024485665,0.0,7.5011377721093595,1.405365765094757e-05,0.710561928484175,0.0,0,0
21.78,9.21,4.330992533117271,0.00042538687681281293,-0.0016192689604537234,-0.0008741503851129,-0.06962599508749769,1,2,7.5034246024485665,0.0,7.5011377721093595,1.405365765094757e-05,0.710561928484175,0.0,0,0
21.8,9.23,4.331003733201237,0.0004253197226781899,-0.001619271390873145,-0.0008740303709609736,-0.076984682996734,1,2,7.5034246024485665,0.0,7.5011377721093595,1.405365765094757e-05,0.710561928484175,0.0,0,0
21.82,9.25,4.330986303352994,0.00042534794629952617,-0.0016192733401241281,-0.0008739149532095695,-0.06147063553544357,1,2,7.5034246024485665,0.0,7.5011377721093595,1.405365765094757e-05,0.710561928484175,0.0,0,0
21.84,9.27,4.330968874875067,0.0004253761677462187,-0.0016192591240695717,-0.0008738037294517428,-0.03686944977524154,1,2,7.5034246024485665,0.0,7.5011377721093595,1.405365765094757e-05,0.710561928484175,0.0,0,0
21.86,9.29,4.33098081772429,0.00042530873057290296,-0.0016192520323210506,-0.0008736963690967924,-0.023665317280332016,1,2,7.5034246024485665,0.0,7.5011377721093595,1.405365765094757e-05,0.710561928484175,0.0,0,0
21.9,9.329999999999998,4.3309744988387555,0.0004252727005441095,-0.001619243025480444,-0.0008823162231550393,-0.07051885736112574,1,2,7.5034246024485665,0.0,7.5011377721093595,1.405365765094757e-05,0.710561928484175,0.0,0,0
21.92,9.350000000000001,4.330957202516859,0.00042530070764585975,-0.0016192468496569747,-0.0008733978626840486,-0.03428750743077083,1,2,7.5034246024485665,0.0,7.5011377721093595,1.405365765094757e-05,0.710561928484175,0.0,0,0
21.94,9.370000000000001,4.330939776499255,0.0004253289246432836,-0.0016192474212082255,-0.000873305655793843,-0.08403975858333601,1,2,7.5034246024485665,0.0,7.5011377721093595,1.405365765094757e-05,0.710561928484175,0.0,0,0
21.96,9.39,4.330952483465538,0.00042526247919667164,-0.0016192548269184923,-0.0008732166577747331,-0.08359438107168202,1,2,7.5034246024485665,0.0,7.5011377721093595,1.405365765094757e-05,0.710561928484175,0.0,0,0
21.98,9.41,4.330935057855228,0.0004252906956851302,-0.0016192675125887845,-0.0008731312065925577,0.006575964410970239,1,2,7.5034246024485665,0.0,7.5011377721093595,1.405365765094757e-05,0.710561928484175,0.0,0,0
22.0,9.43,4.330947746527393,0.0004252256018556507,-0.001619260057807104,-0.0008730487114575204,0.011266328036981528,1,2,7.5034246024485665,0.0,7.5011377721093595,1.405365765094757e-05,0.710561928484175,0.0,0,0
22.02,9.45,4.330930214709609,0.0004252539902651701,-0.0016192605735168004,-0.0008801353653835802,0.01863319086838557,1,2,7.5034246024485665,0.0,7.5011377721093595,1.405365765094757e-05,0.710561928484175,0.0,0,0
22.04,9.469999999999999,4.330912897219532,0.0004252820319408552,-0.0016192572272792918,-0.0008728933027480083,-0.09035733446260036,1,2,7.5034246024485665,0.0,7.5011377721093595,1.405365765094757e-05,0.710561928484175,0.0,0,0
22.06,9.489999999999998,4.330926296489345,0.00042521663310624523,-0.0016192659444627113,-0.000872819721751029,-0.09594130565839874,1,2,7.5034246024485665,0.0,7.5011377721093595,1.405365765094757e-05,0.710561928484175,0.0,0,0
22.08,9.509999999999998,4.330908872608467,0.00042524484696432156,-0.0016192943257391514,-0.0008727491604759187,-0.1148258381831615,1,2,7.5034246024485665,0.0,7.5011377721093595,1.405365765094757e-05,0.710561928484175,0.0,0,0
22.1,9.530000000000001,4.330922232156014,0.0004251807753305103,-0.0016192794141600686,-0.0008726810372141347,-0.06593369214310857,1,2,7.5034246024485665,0.0,7.5011377721093595,1.405365765094757e-05,0.710561928484175,0.0,0,0
22.12,9.55,4.330904808646392,0.0004252089888319106,-0.0016192907372714065,-0.0008726157407663207,-0.09053295905401114,1,2,7.5034246024485665,0.0,7.5011377721093595,1.405365765094757e-05,0.710561928484175,0.0,0,0
22.14,9.57,4.3308873858883805,0.00042523720131284906,-0.00161929231134339,-0.000872552911807175,-0.09004762349008127,1,2,7.5034246024485665,0.0,7.5011377721093595,1.405365765094757e-05,0.710561928484175,0.0,0,0
22.16,9.59,4.330901441752718,0.00042517281119798604,-0.0016193135801181313,-0.0008724922662304337,-0.13346937514015808,1,2,7.5034246024485665,0.0,7.5011377721093595,1.405365765094757e-05,0.710561928484175,0.0,0,0
22.18,9.61,4.33088401921061,0.0004252010237160046,-0.0016193370395720665,-0.0008724341987760796,-0.11651848104935768,1,2,7.5034246024485665,0.0,7.5011377721093595,1.405365765094757e-05,0.710561928484175,0.0,0,0
22.22,9.649999999999999,4.3308805927382625,0.0004251661491949586,-0.0016193346314965491,-0.0008723244828700857,-0.12025502624007095,1,2,7.5034246024485665,0.0,7.5011377721093595,1.405365765094757e-05,0.710561928484175,0.0,0,0
22.24,9.669999999999998,4.330863097851969,0.0004251944790910948,-0.0016193302716436264,-0.0008771664402549238,-0.08826694728675719,1,2,7.5034246024485665,0.0,7.5011377721093595,1.405365765094757e-05,0.710561928484175,0.0,0,0
22.26,9.690000000000001,4.33087777968168,0.00042513105451814643,-0.0016193404332089938,-0.0008769493984472518,-0.10535225116697,1,2,7.5034246024485665,0.0,7.5011377721093595,1.405365765094757e-05,0.710561928484175,0.0,0,0
22.28,9.71,4.330860428118402,0.0004251591527491724,-0.0016193633793522013,-0.0008721755131383895,-0.00736123665337897,1,2,7.5034246024485665,0.0,7.5011377721093595,1.405365765094757e-05,0.710561928484175,0.0,0,0
22.3,9.73,4.330875027346879,0.0004250970125373457,-0.001619348780016683,-0.0008721295598894935,-0.08241785674346742,1,2,7.5034246024485665,0.0,7.5011377721093595,1.405365765094757e-05,0.710561928484175,0.0,0,0
22.32,9.75,4.330857605990542,0.0004251252237510631,-0.0016193524819199114,-0.000872085675592617,-0.14717316550587864,1,2,7.5034246024485665,0.0,7.5011377721093595,1.405365765094757e-05,0.710561928484175,0.0,0,0
22.34,9.77,4.330840185122753,0.0004251534342268442,-0.0016193490267997217,-0.0008720435166047864,-0.16591373945891158,1,2,7.5034246024485665,0.0,7.5011377721093595,1.405365765094757e-05,0.710561928484175,0.0,0,0
22.36,9.79,4.330855454294951,0.00042509094798822886,-0.0016193497590153432,-0.0008720028163016574,-0.12169102057931472,1,2,7.5034246024485665,0.0,7.5011377721093595,1.405365765094757e-05,0.710561928484175,0.0,0,0
22.38,9.809999999999999,4.330838033494452,0.0004251191583359677,-0.001619354116936922,-0.0008719640113400299,-0.040046465069409634,1,2,7.5034246024485665,0.0,7.5011377721093595,1.405365765094757e-05,0.710561928484175,0.0,0,0
22.4,9.829999999999998,4.3308532050171005,0.0004250579275365127,-0.0016193515073661404,-0.000871926532020303,0.03652386601342278,1,2,7.5034246024485665,0.0,7.5011377721093595,1.405365765094757e-05,0.710561928484175,0.0,0,0
22.42,9.850000000000001,4.3308357843192775,0.00042508613778152396,-0.0016193539272890687,-0.0008718908305402899,0.010274935410646396,1,2,7.5034246024485665,0.0,7.5011377721093595,1.405365765094757e-05,0.710561928484175,0.0,0,0
22.44,9.870000000000001,4.330818364009298,0.0004251143474284917,-0.0016193584388402018,-0.0008718565691831822,-0.039486912203766045,1,2,7.5034246024485665,0.0,7.5011377721093595,1.405365765094757e-05,0.710561928484175,0.0,0,0
22.46,9.89,4.330834193315298,0.0004250527574773943,-0.0016193573740515,-0.0008718234888415468,-0.08395187429337675,1,2,7.5034246024485665,0.0,7.5011377721093595,1.405365765094757e-05,0.710561928484175,0.0,0,0
22.48,9.91,4.330816724911962,0.00042508104489713305,-0.0016193784184039832,-0.0008750191351951454,-0.1378837094513306,1,2,7.5034246024485665,0.0,7.5011377721093595,1.405365765094757e-05,0.710561928484175,0.0,0,0
22.5,9.93,4.330832487323663,0.000425020610198719,-0.001619378050847331,-0.0008717616630227843,-0.14797469377736674,1,2,7.5034246024485665,0.0,7.5011377721093595,1.405365765094757e-05,0.710561928484175,0.0,0,0
22.52,9.95,4.330815067065733,0.0004250488201351221,-0.0016193534291830684,-0.0008717328175135769,-0.1523952084683576,1,2,7.5034246024485665,0.0,7.5011377721093595,1.405365765094757e-05,0.710561928484175,0.0,0,0
22.54,9.969999999999999,4.330797647111241,0.0004250770291644337,-0.0016193345064863252,-0.0008717051727044867,-0.08909849840919713,1,2,7.5034246024485665,0.0,7.5011377721093595,1.405365765094757e-05,0.710561928484175,0.0,0,0
22.56,9.989999999999998,4.330814007681006,0.0004250162989909622,-0.0016193353987929984,-0.0008716784740872494,-0.05494749906932407,1,2,7.5034246024485665,0.0,7.5011377721093595,1.405365765094757e-05,0.710561928484175,0.0,0,0
22.58,10.009999999999998,4.330796587690941,0.00042504450779839016,-0.0016193300841536036,-0.0008716531907271329,0.01606696492073939,1,2,7.5034246024485665,0.0,7.5011377721093595,1.405365765094757e-05,0.710561928484175,0.0,0,0
22.6,10.030000000000001,4.3308127781528905,0.0004249850507884214,-0.0016193634110130972,-0.0008742487171600879,0.0016224586434838775,1,2,7.5034246024485665,0.0,7.5011377721093595,1.405365765094757e-05,0.710561928484175,0.0,0,0
22.62,10.05,4.330795396813791,0.00042501319761436174,-0.0016193790264757983,-0.0008716056459243149,-0.0793061346744801,1,2,7.5034246024485665,0.0,7.5011377721093595,1.405365765094757e-05,0.710561928484175,0.0,0,0
22.64,10.07,4.3307779770465,0.00042504140677982345,-0.0016193781297304535,-0.0008715835375149254,-0.1810137663034443,1,2,7.5034246024485665,0.0,7.5011377721093595,1.405365765094757e-05,0.710561928484175,0.0,0,0
22.66,10.09,4.3307948415186495,0.0004249815025443441,-0.0016193846323178105,-0.0008715621775210745,-0.15280454631480914,1,2,7.5034246024485665,0.0,7.5011377721093595,1.405365765094757e-05,0.710561928484175,0.0,0,0
22.68,10.11,4.330777421677447,0.0004250097119196459,-0.0016193563978283976,-0.0008715420487366428,-0.16204756797971265,1,2,7.5034246024485665,0.0,7.5011377721093595,1.405365765094757e-05,0.710561928484175,0.0,0,0
22.7,10.129999999999999,4.330794139110846,0.000424950996691687,-0.001619350834241029,-0.0008715225808593369,-0.11387031461726947,1,2,7.5034246024485665,0.0,7.5011377721093595,1.405365765094757e-05,0.710561928484175,0.0,0,0
22.72,10.149999999999999,4.33077671921749,0.00042497920557533385,-0.0016193580416965499,-0.0008715042714932332,-0.12351451729789796,1,2,7.5034246024485665,0.0,7.5011377721093595,1.405365765094757e-05,0.710561928484175,0.0,0,0
22.74,10.169999999999998,4.330759299498057,0.00042500741430811205,-0.0016193595296831733,-0.0008714867913909729,-0.09938911283321977,1,2,7.5034246024485665,0.0,7.5011377721093595,1.405365765094757e-05,0.710561928484175,0.0,0,0
22.76,10.190000000000001,4.330776612593849,0.00042494834825522953,-0.0016193811313791608,-0.0008734543299649512,-0.09662347468505987,1,2,7.5034246024485665,0.0,7.5011377721093595,1.405365765094757e-05,0.710561928484175,0.0,0,0
22.78,10.21,4.330759222119332,0.0004249765101574862,-0.0016193726264970287,-0.0008714540713472365,-0.09995876015733886,1,2,7.5034246024485665,0.0,7.5011377721093595,1.405365765094757e-05,0.710561928484175,0.0,0,0
22.8,10.23,4.330776402747321,0.00042491856564972605,-0.001619390205152005,-0.0008714387547175471,-0.10001627146759237,1,2,7.5034246024485665,0.0,7.5011377721093595,1.405365765094757e-05,0.710561928484175,0.0,0,0
22.82,10.25,4.33075898283607,0.0004249467752559465,-0.0016193991787067932,-0.0008714244526542425,-0.10214853545543837,1,2,7.5034246024485665,0.0,7.5011377721093595,1.405365765094757e-05,0.710561928484175,0.0,0,0
22.84,10.27,4.330741563049654,0.0004249749848196293,-0.0016193804889494958,-0.0008714108370475472,-0.09198757835738683,1,2,7.5034246024485665,0.0,7.5011377721093595,1.405365765094757e-05,0.710561928484175,0.0,0,0
22.86,10.29,4.330759358900515,0.0004249166296333437,-0.001619359299862122,-0.0008713976625718038,-0.05729695088914211,1,2,7.5034246024485665,0.0,7.5011377721093595,1.405365765094757e-05,0.710561928484175,0.0,0,0
22.88,10.309999999999999,4.330741938983521,0.000424944838727522,-0.0016193666819006582,-0.0008713854355403277,-0.05059721062750404,1,2,7.5034246024485665,0.0,7.5011377721093595,1.405365765094757e-05,0.710561928484175,0.0,0,0
22.9,10.329999999999998,4.330759559008447,0.0004248876320470927,-0.0016193769519246,-0.0008713735818939957,-0.09031576992958637,1,2,7.5034246024485665,0.0,7.5011377721093595,1.405365765094757e-05,0.710561928484175,0.0,0,0
22.92,10.350000000000001,4.330741904955656,0.00042491622056845994,-0.001624372067117186,-0.0008871084820214829,-0.18400746230837056,1,2,7.5034246024485665,0.0,7.5011377721093595,1.405365765094757e-05,0.710561928484175,0.0,0,0
22.94,10.370000000000001,4.3307247699993185,0.000424944056008558,-0.0016209902776185283,-0.0008471307202567496,-0.16093785363187268,1,2,7.5034246024485665,0.0,7.5011377721093595,1.405365765094757e-05,0.710561928484175,0.0,0,0
22.96,10.39,4.330743466748586,0.00042488568921366195,-0.0016180961525091855,-0.0008476897690192684,-0.24411227138648695,1,2,7.5034246024485665,0.0,7.5011377721093595,1.405365765094757e-05,0.710561928484175,0.0,0,0
22.98,10.41,4.330725585713368,0.0004249146234952329,-0.0016175434793832544,-0.0008811090159625502,-0.11182612609214237,1,2,7.5034246024485665,0.0,7.5011377721093595,1.405365765094757e-05,0.710561928484175,0.0,0,0
23.0,10.43,4.330743490274392,0.00042485830322026895,-0.0016174154478414418,-0.0008768228584173234,-0.07506010873138685,1,2,7.5034246024485665,0.0,7.5011377721093595,1.405365765094757e-05,0.710561928484175,0.0,0,0
23.02,10.45,4.330726038358241,0.0004248865300896243,-0.0016173208706078412,-0.0008716066232311618,-0.10536840435138321,1,2,7.5034246024485665,0.0,7.5011377721093595,1.405365765094757e-05,0.710561928484175,0.0,0,0
23.04,10.469999999999999,4.3307086243453075,0.0004249146940851799,-0.0016172912157697008,-0.0008707978758039019,-0.0706632770635631,1,2,7.5034246024485665,0.0,7.5011377721093595,1.405365765094757e-05,0.710561928484175,0.0,0,0
23.06,10.489999999999998,4.330727261217458,0.00042485771869904207,-0.0016172841766568526,-0.0008714436815266989,-0.047016089316514346,1,2,7.5034246024485665,0.0,7.5011377721093595,1.405365765094757e-05,0.710561928484175,0.0,0,0
23.08,10.509999999999998,4.330709835098105,0.00042488590166773387,-0.0016173128308039077,-0.0008716318524118524,-0.03922828251401377,1,2,7.5034246024485665,0.0,7.5011377721093595,1.405365765094757e-05,0.710561928484175,0.0,0,0
23.1,10.530000000000001,4.330728265526536,0.000424830046949581,-0.0016173738590987696,-0.000871466188038986,-0.051130564328903644,1,2,7.5034246024485665,0.0,7.5011377721093595,1.405365765094757e-05,0.710561928484175,0.0,0,0
23.12,10.55,4.330710843196139,0.00042485822534612356,-0.0016174167877727186,-0.0008713424073971022,-0.06498897495268795,1,2,7.5034246024485665,0.0,7.5011377721093595,1.405365765094757e-05,0.710561928484175,0.0,0,0
23.14,10.57,4.330693421748763,0.0004248864030655597,-0.0016174450657491235,-0.0008713185740724518,-0.05753425113240307,1,2,7.5034246024485665,0.0,7.5011377721093595,1.405365765094757e-05,0.710561928484175,0.0,0,0
23.16,10.59,4.330712444596091,0.00042483010118936836,-0.0016174434983340369,-0.0008713186633442008,-0.011072030106002922,1,2,7.5034246024485665,0.0,7.5011377721093595,1.405365765094757e-05,0.710561928484175,0.0,0,0
23.18,10.61,4.330695023026111,0.00042485827957946317,-0.001617480460616605,-0.000871309064129926,-0.06934965526587585,1,2,7.5034246024485665,0.0,7.5011377721093595,1.405365765094757e-05,0.710561928484175,0.0,0,0
23.2,10.629999999999999,4.33071383244405,0.0004248030724196532,-0.0016174760857641248,-0.0008712949166006584,-0.04517903695879552,1,2,7.5034246024485665,0.0,7.5011377721093595,1.405365765094757e-05,0.710561928484175,0.0,0,0
23.22,10.649999999999999,4.3306964110194945,0.00042483125115527754,-0.0016174749215984718,-0.0008712843110941609,0.012119612916896859,1,2,7.5034246024485665,0.0,7.5011377721093595,1.405365765094757e-05,0.710561928484175,0.0,0,0
23.24,10.669999999999998,4.330678989682825,0.0004248594297402177,-0.0016174970158200355,-0.0008712769910357302,0.01999355233093502,1,2,7.5034246024485665,0.0,7.5011377721093595,1.405365765094757e-05,0.710561928484175,0.0,0,0
23.26,10.690000000000001,4.330698380373328,0.00042480376737705157,-0.001617512747244199,-0.0008712708002383844,-0.02724180608558288,1,2,7.5034246024485665,0.0,7.5011377721093595,1.405365765094757e-05,0.710561928484175,0.0,0,0
23.28,10.71,4.330680958953353,0.0004248319467454455,-0.0016175418011998848,-0.0008712655600585912,-0.0071037898503983265,1,2,7.5034246024485665,0.0,7.5011377721093595,1.405365765094757e-05,0.710561928484175,0.0,0,0
