stamp_sec,elapsed_sec,latitude_deg,longitude_deg,altitude_m,local_east_m,local_north_m,utm_easting_m,utm_northing_m,map_x_m,map_y_m,navsat_status,valid_fix,covariance_xx_m2,covariance_yy_m2,last_reached_wp,active_target_wp,segment_start_wp,segment_end_wp,segment_label,rmse_used,cross_track_error_m,signed_cross_track_error_m,along_track_m,projection_unclamped,metric_frame,noise_active,noise_east_m,noise_north_m,outage_active,outage_distance_m
8.9,0.009999999999999787,49.89999999991998,8.90000001611096,0.2879505342968152,-3.686613408559843,0.09675870800592107,492818.4398885359,5527517.135804817,-0.0008261850452981889,2.1792948246002197e-07,0,1,0.0,0.0,0,1,,,approach_to_wp1,0,,,,,,0,0.0,0.0,0,0.0
8.95,0.05999999999999872,49.899999999919906,8.900000016202068,0.2879505339832364,-3.6866068629952697,0.09675870022311332,492818.4398950789,5527517.135804801,-0.0008196420385502279,2.2351741790771484e-07,0,1,0.0,0.0,0,1,,,approach_to_wp1,0,,,,,,0,0.0,0.0,0,0.0
9.0,0.10999999999999943,49.899999999919835,8.900000016293184,0.2879505336697514,-3.686600316792591,0.09675869244030558,492818.4399016225,5527517.1358047845,-0.0008130984497256577,2.2817403078079224e-07,0,1,0.0,0.0,0,1,,,approach_to_wp1,0,,,,,,0,0.0,0.0,0,0.0
9.05,0.16000000000000014,49.899999999919764,8.90000001638431,0.28795053335636006,-3.686593769951806,0.09675868465749783,492818.4399081666,5527517.135804768,-0.0008065542788244784,2.3283064365386963e-07,0,1,0.0,0.0,0,1,,,approach_to_wp1,0,,,,,,0,0.0,0.0,0,0.0
9.1,0.20999999999999908,49.899999999919686,8.900000016475445,0.28795053304306234,-3.686587222345293,0.09675867545963414,492818.4399147115,5527517.135804749,-0.0008000093512237072,2.3562461137771606e-07,0,1,0.0,0.0,0,1,,,approach_to_wp1,0,,,,,,0,0.0,0.0,0,0.0
9.15,0.2599999999999998,49.899999999919615,8.90000001656659,0.2879505327298584,-3.6865806741006755,0.0967586676768264,492818.4399212572,5527517.135804733,-0.0007934636669233441,2.4121254682540894e-07,0,1,0.0,0.0,0,1,,,approach_to_wp1,0,,,,,,0,0.0,0.0,0,0.0
9.2,0.3099999999999987,49.899999999919544,8.900000016657744,0.28795053241674906,-3.686574125217951,0.09675865989401865,492818.4399278035,5527517.1358047165,-0.0007869172841310501,2.468004822731018e-07,0,1,0.0,0.0,0,1,,,approach_to_wp1,0,,,,,,0,0.0,0.0,0,0.0
9.25,0.35999999999999943,49.89999999991947,8.900000016748907,0.2879505321037296,-3.6865675756971195,0.0967586521112109,492818.4399343504,5527517.1358047,-0.0007803704356774688,2.514570951461792e-07,0,1,0.0,0.0,0,1,,,approach_to_wp1,0,,,,,,0,0.0,0.0,0,0.0
9.3,0.41000000000000014,49.8999999999194,8.90000001684008,0.2879505317907947,-3.686561025410562,0.09675864432840316,492818.439940898,5527517.135804684,-0.0007738228305242956,2.5704503059387207e-07,0,1,0.0,0.0,0,1,,,approach_to_wp1,0,,,,,,0,0.0,0.0,0,0.0
9.35,0.4599999999999991,49.89999999991933,8.90000001693126,0.28795053147795013,-3.6865544746135193,0.09675863583806744,492818.4399474462,5527517.135804666,-0.0007672745268791914,2.60770320892334e-07,0,1,0.0,0.0,0,1,,,approach_to_wp1,0,,,,,,0,0.0,0.0,0,0.0
9.4,0.5099999999999998,49.89999999991926,8.900000017022451,0.2879505311651983,-3.686547923050749,0.0967586280552597,492818.43995399505,5527517.13580465,-0.000760725699365139,2.6635825634002686e-07,0,1,0.0,0.0,0,1,,,approach_to_wp1,0,,,,,,0,0.0,0.0,0,0.0
9.45,0.5599999999999987,49.899999999442755,8.900000059102902,0.2879701535058948,-3.6835246800603496,0.09670562784205507,492818.4429759572,5527517.135747637,0.002261407906189561,-4.678778350353241e-05,0,1,0.0,0.0,0,1,,,approach_to_wp1,0,,,,,,0,0.0,0.0,0,0.0
9.5,0.6099999999999994,49.89999999871817,8.900000222681312,0.2879880490453238,-3.6717724942674392,0.09662503474528816,492818.4547233313,5527517.135651393,0.014009035425260663,-0.0001043202355504036,0,1,0.0,0.0,0,1,,,approach_to_wp1,0,,,,,,0,0.0,0.0,0,0.0
9.55,0.6600000000000001,49.8999999990043,8.900000490061647,0.2880607904619237,-3.652562725805963,0.09665686006120691,492818.473925453,5527517.135657569,0.033211032510735095,-3.486592322587967e-05,0,1,0.0,0.0,0,1,,,approach_to_wp1,0,,,,,,0,0.0,0.0,0,0.0
9.6,0.7099999999999991,49.900000000081256,8.900000771208445,0.28820786191312975,-3.6323639146122373,0.09677664667024163,492818.4941163391,5527517.135750352,0.05340150318806991,0.000124453566968441,0,1,0.0,0.0,0,1,,,approach_to_wp1,0,,,,,,0,0.0,0.0,0,0.0
9.65,0.7599999999999998,49.89999999939024,8.900001092073984,0.2882315698774597,-3.6093115360259764,0.09669978649107966,492818.5171593877,5527517.13564276,0.07644478121073917,9.279698133468628e-05,0,1,0.0,0.0,0,1,,,approach_to_wp1,0,,,,,,0,0.0,0.0,0,0.0
9.7,0.8099999999999987,49.899999997139595,8.900001535455264,0.2881180259544258,-3.5774570926573785,0.09644945389506891,492818.54900074657,5527517.135350019,0.1082869318779558,-9.501446038484573e-05,0,1,0.0,0.0,0,1,,,approach_to_wp1,0,,,,,,0,0.0,0.0,0,0.0
9.75,0.8599999999999994,49.89999999619809,8.90000208063701,0.2881222777432506,-3.5382888601248887,0.09634473338676947,492818.5881531613,5527517.13519307,0.14743965124944225,-0.00012294109910726547,0,1,0.0,0.0,0,1,,,approach_to_wp1,0,,,,,,0,0.0,0.0,0,0.0
9.8,0.9100000000000001,49.89999999573289,8.900002646117864,0.28814660586038715,-3.497662251327797,0.09629299045077938,492818.6287634392,5527517.135087132,0.1880500577390194,-9.505264461040497e-05,0,1,0.0,0.0,0,1,,,approach_to_wp1,0,,,,,,0,0.0,0.0,0,0.0
9.85,0.9599999999999991,49.89999999477167,8.900003211633825,0.28817156689690254,-3.457033120224983,0.09618607660575225,492818.6693761647,5527517.134926044,0.22866309352684766,-0.00012230686843395233,0,1,0.0,0.0,0,1,,,approach_to_wp1,0,,,,,,0,0.0,0.0,0,0.0
9.9,1.0099999999999998,49.899999992832335,8.90000381219643,0.28812810160500973,-3.4138860854379316,0.09597036972139193,492818.712505641,5527517.134652846,0.2717932359664701,-0.00025337841361761093,0,1,0.0,0.0,0,1,,,approach_to_wp1,0,,,,,,0,0.0,0.0,0,0.0
9.95,1.0599999999999987,49.89999999140221,8.90000452182187,0.28805177430839884,-3.3629035014141415,0.09581130115909228,492818.7634676057,5527517.134425807,0.3227556721540168,-0.00031247828155755997,0,1,0.0,0.0,0,1,,,approach_to_wp1,0,,,,,,0,0.0,0.0,0,0.0
10.0,1.1099999999999994,49.899999991646204,8.900005288723642,0.2881433233943603,-3.3078059360233785,0.09583843980969355,492818.8185431531,5527517.13437941,0.3778310734196566,-0.00017738062888383865,0,1,0.0,0.0,0,1,,,approach_to_wp1,0,,,,,,0,0.0,0.0,0,0.0
10.05,1.1600000000000001,49.899999992289395,8.900006056312051,0.2878937408279258,-3.252659039672348,0.09590998008599892,492818.873668071,5527517.134377332,0.43295569880865514,2.1979212760925293e-06,0,1,0.0,0.0,0,1,,,approach_to_wp1,0,,,,,,0,0.0,0.0,0,0.0
10.1,1.209999999999999,49.89999999188486,8.90000682334836,0.28815481155541156,-3.19755180863351,0.09586498484432238,492818.9287531839,5527517.134258819,0.48804090317571536,6.520934402942657e-05,0,1,0.0,0.0,0,1,,,approach_to_wp1,0,,,,,,0,0.0,0.0,0,0.0
10.15,1.2599999999999998,49.89999998981398,8.900007586237258,0.28770875807738333,-3.142742545569013,0.09563464698893243,492818.98354020086,5527517.133955434,0.5428286223905161,-5.7631172239780426e-05,0,1,0.0,0.0,0,1,,,approach_to_wp1,0,,,,,,0,0.0,0.0,0,0.0
10.2,1.3099999999999987,49.8999999877121,8.900008348513957,0.28762217269247,-3.087977265625326,0.09540086064218417,492819.0382832477,5527517.133648664,0.5975723828887567,-0.0001840023323893547,0,1,0.0,0.0,0,1,,,approach_to_wp1,0,,,,,,0,0.0,0.0,0,0.0
10.25,1.3599999999999994,49.89999998665438,8.90000909958114,0.28777342514396,-3.0340173260957406,0.0952832135977509,492819.0922214313,5527517.1334590595,0.651510898489505,-0.00019585993140935898,0,1,0.0,0.0,0,1,,,approach_to_wp1,0,,,,,,0,0.0,0.0,0,0.0
10.3,1.4100000000000001,49.89999998568434,8.900009847167055,0.28775801359652564,-2.9803074960738227,0.0951753191189481,492819.14590961876,5527517.133279539,0.7051993859931827,-0.00019845832139253616,0,1,0.0,0.0,0,1,,,approach_to_wp1,0,,,,,,0,0.0,0.0,0,0.0
10.35,1.459999999999999,49.89999998431483,8.90001058115941,0.28798138136176127,-2.927574286645425,0.09502299259073817,492819.19862151716,5527517.133056908,0.7579117318382487,-0.0002473844215273857,0,1,0.0,0.0,0,1,,,approach_to_wp1,0,,,,,,0,0.0,0.0,0,0.0
10.4,1.5099999999999998,49.89999998344165,8.900011310443004,0.28800384893749287,-2.8751793751548553,0.09492587093290819,492819.2509953266,5527517.1328899115,0.8102858072379604,-0.00024178996682167053,0,1,0.0,0.0,0,1,,,approach_to_wp1,0,,,,,,0,0.0,0.0,0,0.0
10.45,1.5599999999999987,49.89999998241248,8.900012040479519,0.28804616839051234,-2.8227303705183244,0.09481139927403423,492819.3034231845,5527517.1327055,0.8627139881718904,-0.000253431499004364,0,1,0.0,0.0,0,1,,,approach_to_wp1,0,,,,,,0,0.0,0.0,0,0.0
10.5,1.6099999999999994,49.89999998146818,8.900012742137617,0.2880561894045272,-2.772320194961466,0.09470636745342505,492819.353813042,5527517.132533247,0.9131041396758519,-0.00025963224470615387,0,1,0.0,0.0,0,1,,,approach_to_wp1,0,,,,,,0,0.0,0.0,0,0.0
10.55,1.6600000000000001,49.899999979932076,8.90001342535268,0.2880320110883909,-2.723235047450621,0.09453551076750605,492819.402878314,5527517.132296962,0.9621699239360169,-0.00033422745764255524,0,1,0.0,0.0,0,1,,,approach_to_wp1,0,,,,,,0,0.0,0.0,0,0.0
10.6,1.709999999999999,49.89999997888081,8.900014090834363,0.28801833526330095,-2.675423943309798,0.09441858115644113,492819.45067012444,5527517.132116283,1.0099620702676475,-0.0003574145957827568,0,1,0.0,0.0,0,1,,,approach_to_wp1,0,,,,,,0,0.0,0.0,0,0.0
10.65,1.7599999999999998,49.89999997756077,8.900014748150298,0.288016471792384,-2.6281995020324413,0.09427175707330579,492819.4978754672,5527517.131906506,1.0571678479900584,-0.0004116324707865715,0,1,0.0,0.0,0,1,,,approach_to_wp1,0,,,,,,0,0.0,0.0,0,0.0
10.7,1.8099999999999987,49.8999999767031,8.900015390351522,0.2880535061636642,-2.5820609674801704,0.09417636107621091,492819.54399540625,5527517.131749586,1.1032880537677556,-0.00041657034307718277,0,1,0.0,0.0,0,1,,,approach_to_wp1,0,,,,,,0,0.0,0.0,0,0.0
10.75,1.8599999999999994,49.89999997533393,8.90001602379411,0.28812493471248596,-2.5365516914143114,0.09402407204698376,492819.58948626294,5527517.131536635,1.1487793651758693,-0.0004796124994754791,0,1,0.0,0.0,0,1,,,approach_to_wp1,0,,,,,,0,0.0,0.0,0,0.0
10.8,1.9100000000000001,49.899999973910056,8.900016645365731,0.2881055118496168,-2.491895277436835,0.09386569898468519,492819.6341245907,5527517.131318739,1.1934181686374359,-0.0005504069849848747,0,1,0.0,0.0,0,1,,,approach_to_wp1,0,,,,,,0,0.0,0.0,0,0.0
10.85,1.959999999999999,49.89999997222216,8.900017262833781,0.28801487911549456,-2.447533681869695,0.09367795926618681,492819.67846817896,5527517.131071884,1.2377623295760714,-0.0006511332467198372,0,1,0.0,0.0,0,1,,,approach_to_wp1,0,,,,,,0,0.0,0.0,0,0.0
10.9,2.01,49.89999997212558,8.900017872772109,0.28746648028508864,-2.4037130543894545,0.09366721686891698,492819.7222712519,5527517.131002677,1.2815653927391395,-0.0005759941413998604,0,1,0.0,0.0,0,1,,,approach_to_wp1,0,,,,,,0,0.0,0.0,0,0.0
10.95,2.0599999999999987,49.89999997333125,8.900018487092517,0.2879414629678931,-2.359577599151206,0.09380131959903172,492819.76638921973,5527517.131077839,1.3256828733719885,-0.0003554476425051689,0,1,0.0,0.0,0,1,,,approach_to_wp1,0,,,,,,0,0.0,0.0,0,0.0
11.0,2.1099999999999994,49.899999972886725,8.900019098922465,0.2878480008316284,-2.3156210693689716,0.09375187683649382,492819.8103280889,5527517.1309697665,1.3696218600380234,-0.000318724662065506,0,1,0.0,0.0,0,1,,,approach_to_wp1,0,,,,,,0,0.0,0.0,0,0.0
11.05,2.16,49.89999997246521,8.900019710175993,0.2879386300522044,-2.271705952161006,0.09370499320264752,492819.8542255654,5527517.130864308,1.413519445748534,-0.0002795252948999405,0,1,0.0,0.0,0,1,,,approach_to_wp1,0,,,,,,0,0.0,0.0,0,0.0
11.1,2.209999999999999,49.899999970969354,8.9000203091996,0.2879933108709677,-2.2286694857158826,0.09353861304623694,492819.89724458347,5527517.130640574,1.4565389674971811,-0.00036149565130472183,0,1,0.0,0.0,0,1,,,approach_to_wp1,0,,,,,,0,0.0,0.0,0,0.0
11.15,2.26,49.899999970356525,8.900020872538787,0.2881497883211132,-2.1881967435660825,0.09347044980096422,492819.9377010345,5527517.130518436,1.496995601337403,-0.0003503141924738884,0,1,0.0,0.0,0,1,,,approach_to_wp1,0,,,,,,0,0.0,0.0,0,0.0
11.2,2.3099999999999987,49.89999997012352,8.900021406239716,0.28811231048236224,-2.1498533430360895,0.09344453305117868,492819.9760290525,5527517.130441372,1.5353236652445048,-0.0003010733053088188,0,1,0.0,0.0,0,1,,,approach_to_wp1,0,,,,,,0,0.0,0.0,0,0.0
11.25,2.3599999999999994,49.8999999676095,8.900021923727886,0.2880712436242709,-2.1126747377756754,0.09316490667434973,492820.013192403,5527517.130112254,1.572487898520194,-0.0005077235400676727,0,1,0.0,0.0,0,1,,,approach_to_wp1,0,,,,,,0,0.0,0.0,0,0.0
11.3,2.41,49.899999966246426,8.900022435691051,0.2880105877370781,-2.0758930729125544,0.09301329545692423,492820.0499591428,5527517.129911629,1.6092550997855142,-0.0005871886387467384,0,1,0.0,0.0,0,1,,,approach_to_wp1,0,,,,,,0,0.0,0.0,0,0.0
11.35,2.459999999999999,49.89999996516446,8.900022947915797,0.2879686110392924,-2.0390926149319557,0.09289295131584388,492820.08674471005,5527517.129742233,1.6460410255240276,-0.0006353612989187241,0,1,0.0,0.0,0,1,,,approach_to_wp1,0,,,,,,0,0.0,0.0,0,0.0
11.4,2.51,49.89999996439956,8.90002344758725,0.2879658073854089,-2.0031940402633146,0.0928078739067608,492820.12262880185,5527517.129609294,1.6819253605790436,-0.0006500491872429848,0,1,0.0,0.0,0,1,,,approach_to_wp1,0,,,,,,0,0.0,0.0,0,0.0
11.45,2.5599999999999987,49.899999963623586,8.900023942712545,0.28795732261605056,-1.9676220813415852,0.09272156469147036,492820.15818640706,5527517.12947556,1.7174832134041935,-0.000666608102619648,0,1,0.0,0.0,0,1,,,approach_to_wp1,0,,,,,,0,0.0,0.0,0,0.0
11.5,2.6099999999999994,49.89999996283702,8.90002443811307,0.28795540506534767,-1.9320303487885724,0.09263407744209874,492820.1937637765,5527517.129340622,1.7530608343658969,-0.0006843060255050659,0,1,0.0,0.0,0,1,,,approach_to_wp1,0,,,,,,0,0.0,0.0,0,0.0
11.55,2.66,49.89999996204717,8.900024933645486,0.28795533743937085,-1.8964291404878557,0.0925462236932352,492820.22935061733,5527517.129205304,1.7886479278677143,-0.0007023513317108154,0,1,0.0,0.0,0,1,,,approach_to_wp1,0,,,,,,0,0.0,0.0,0,0.0
11.6,2.709999999999999,49.899999961325555,8.900025404997795,0.2879610327306357,-1.8625651365617562,0.0924659610120334,492820.2632009592,5527517.129079893,1.822498499241192,-0.0007162122055888176,0,1,0.0,0.0,0,1,,,approach_to_wp1,0,,,,,,0,0.0,0.0,0,0.0
11.65,2.76,49.89999996058667,8.900025866537673,0.28795734319505123,-1.8294061003668154,0.09238377668484694,492820.2963466131,5527517.1289535025,1.855644389637746,-0.0007333764806389809,0,1,0.0,0.0,0,1,,,approach_to_wp1,0,,,,,,0,0.0,0.0,0,0.0
11.7,2.8099999999999987,49.899999960021766,8.900026316815307,0.28798212197197937,-1.7970561928941668,0.09232094466287846,492820.3286834879,5527517.128847536,1.8879814380779862,-0.0007327813655138016,0,1,0.0,0.0,0,1,,,approach_to_wp1,0,,,,,,0,0.0,0.0,0,0.0
11.75,2.8599999999999994,49.89999995955218,8.900026750752286,0.2880012194615838,-1.7658802692910638,0.09226871424011246,492820.3598468629,5527517.128753732,1.919144952960778,-0.000723889097571373,0,1,0.0,0.0,0,1,,,approach_to_wp1,0,,,,,,0,0.0,0.0,0,0.0
11.8,2.91,49.89999995834581,8.900027179981242,0.28797189355725633,-1.735042590535363,0.09213453226686433,492820.3906720191,5527517.128578462,1.9499705194029957,-0.0007975790649652481,0,1,0.0,0.0,0,1,,,approach_to_wp1,0,,,,,,0,0.0,0.0,0,0.0
11.85,2.959999999999999,49.89999995726426,8.900027598443472,0.28795166552290885,-1.7049784403083692,0.09201423411510246,492820.42072397494,5527517.128418103,1.980022840492893,-0.0008589057251811028,0,1,0.0,0.0,0,1,,,approach_to_wp1,0,,,,,,0,0.0,0.0,0,0.0
11.9,3.01,49.899999956598016,8.900028012981553,0.2879527808626892,-1.6751962181107403,0.0919401304649376,492820.4504941771,5527517.128304295,2.0097932560602203,-0.000874609686434269,0,1,0.0,0.0,0,1,,,approach_to_wp1,0,,,,,,0,0.0,0.0,0,0.0
11.95,3.0599999999999987,49.89999995594684,8.900028427660823,0.2879507922264976,-1.6454038521959604,0.09186770153349352,492820.48027452134,5527517.128192148,2.0395738081424497,-0.000888618640601635,0,1,0.0,0.0,0,1,,,approach_to_wp1,0,,,,,,0,0.0,0.0,0,0.0
12.0,3.1099999999999994,49.89999995527452,8.900028842427758,0.2879485641560203,-1.6156051880465252,0.09179292148658295,492820.5100611581,5527517.128077643,2.069360660505481,-0.0009049670770764351,0,1,0.0,0.0,0,1,,,approach_to_wp1,0,,,,,,0,0.0,0.0,0,0.0
12.05,3.16,49.89999995473451,8.900029237488805,0.2879308304509397,-1.5872222808011995,0.0917328580215872,492820.53843262425,5527517.127979738,2.0977322952239774,-0.0009093768894672394,0,1,0.0,0.0,0,1,,,approach_to_wp1,0,,,,,,0,0.0,0.0,0,0.0
12.1,3.209999999999999,49.89999995412531,8.900029623629182,0.28793594446851645,-1.5594802733944115,0.09166509877478916,492820.5661634368,5527517.127874995,2.125463302421849,-0.0009227367118000984,0,1,0.0,0.0,0,1,,,approach_to_wp1,0,,,,,,0,0.0,0.0,0,0.0
12.15,3.26,49.89999995339605,8.90003000204253,0.2879320457115556,-1.5322934093459026,0.09158398493743142,492820.59333931044,5527517.127757642,2.1526394151733257,-0.0009505348280072212,0,1,0.0,0.0,0,1,,,approach_to_wp1,0,,,,,,0,0.0,0.0,0,0.0
12.2,3.3099999999999987,49.89999995247326,8.900030383280205,0.2877804980487395,-1.5049036334337391,0.09148134526891137,492820.6207179861,5527517.127618504,2.1800184007151984,-0.0009994497522711754,0,1,0.0,0.0,0,1,,,approach_to_wp1,0,,,,,,0,0.0,0.0,0,0.0
12.25,3.3599999999999994,49.899999952785606,8.900030763557501,0.2879425848938217,-1.4775828552941683,0.09151608701514996,492820.6480278747,5527517.127616783,2.2073281466728076,-0.0009111752733588219,0,1,0.0,0.0,0,1,,,approach_to_wp1,0,,,,,,0,0.0,0.0,0,0.0
12.3,3.41,49.89999995123858,8.900031143386979,0.2873925599280709,-1.4502942503356557,0.09134401550369502,492820.6753053272,5527517.127408374,2.234606137906667,-0.001029694452881813,0,1,0.0,0.0,0,1,,,approach_to_wp1,0,,,,,,0,0.0,0.0,0,0.0
12.35,3.459999999999999,49.89999995077531,8.900031525664438,0.2876550169167684,-1.4228297717272789,0.09129248765620984,492820.7027587437,5527517.127320227,2.262059695785865,-0.001027371734380722,0,1,0.0,0.0,0,1,,,approach_to_wp1,0,,,,,,0,0.0,0.0,0,0.0
12.4,3.51,49.899999950414994,8.900031902188072,0.2876275076881736,-1.3957786730431985,0.09125241044149916,492820.7297989611,5527517.127244077,2.2891000172821805,-0.0010144151747226715,0,1,0.0,0.0,0,1,,,approach_to_wp1,0,,,,,,0,0.0,0.0,0,0.0
12.45,3.5599999999999987,49.89999994961096,8.900032275985883,0.28787327617065683,-1.368923409371076,0.09116297961277563,492820.756643356,5527517.127118857,2.31594467908144,-0.0010511726140975952,0,1,0.0,0.0,0,1,,,approach_to_wp1,0,,,,,,0,0.0,0.0,0,0.0
12.5,3.6099999999999994,49.89999994920835,8.900032648434918,0.2878945481560927,-1.3421650475952918,0.09111819875207601,492820.7833909474,5527517.127038395,2.342692390375305,-0.0010434901341795921,0,1,0.0,0.0,0,1,,,approach_to_wp1,0,,,,,,0,0.0,0.0,0,0.0
12.55,3.66,49.89999994847853,8.900033019555906,0.287923186174131,-1.3155020985038703,0.0910370233597843,492820.81004311563,5527517.126921682,2.3693447985569946,-0.0010723751038312912,0,1,0.0,0.0,0,1,,,approach_to_wp1,0,,,,,,0,0.0,0.0,0,0.0
12.6,3.709999999999999,49.89999994766949,8.900033379485693,0.2880010203156875,-1.2896431740518077,0.09094703641407109,492820.8358915694,5527517.126797233,2.395193522039335,-0.0011116433888673782,0,1,0.0,0.0,0,1,,,approach_to_wp1,0,,,,,,0,0.0,0.0,0,0.0
12.65,3.76,49.899999946825936,8.900033716249778,0.2881389396181312,-1.2654485746024693,0.09085320971402848,492820.86007635924,5527517.126671167,2.4193785960087553,-0.001158011145889759,0,1,0.0,0.0,0,1,,,approach_to_wp1,0,,,,,,0,0.0,0.0,0,0.0
12.7,3.8099999999999987,49.89999994661528,8.90003402543204,0.28821919196707524,-1.2432355735192346,0.09082977921755296,492820.88228043774,5527517.1266181115,2.4415827288175933,-0.001137896440923214,0,1,0.0,0.0,0,1,,,approach_to_wp1,0,,,,,,0,0.0,0.0,0,0.0
12.75,3.8599999999999994,49.899999946568386,8.900034321914951,0.2877547628069946,-1.221934949147241,0.09082456332130892,492820.90357252903,5527517.126584482,2.462874815275427,-0.0011013606563210487,0,1,0.0,0.0,0,1,,,approach_to_wp1,0,,,,,,0,0.0,0.0,0,0.0
12.8,3.91,49.899999947882606,8.900034613359452,0.28741609232586585,-1.2009963061479485,0.0909707400163456,492820.92450298584,5527517.126702667,2.483804768999107,-0.0009142030030488968,0,1,0.0,0.0,0,1,,,approach_to_wp1,0,,,,,,0,0.0,0.0,0,0.0
12.85,3.959999999999999,49.89999994632622,8.900034883504174,0.2878783077370125,-1.181587932017904,0.09079762773123697,492820.9439033604,5527517.126503733,2.5032056937925518,-0.0010492047294974327,0,1,0.0,0.0,0,1,,,approach_to_wp1,0,,,,,,0,0.0,0.0,0,0.0
12.9,4.01,49.89999994603369,8.900035155201142,0.28739622522617503,-1.1620680378745203,0.0907650906421737,492820.96341539785,5527517.126445169,2.5227178182685748,-0.0010434696450829506,0,1,0.0,0.0,0,1,,,approach_to_wp1,0,,,,,,0,0.0,0.0,0,0.0
12.95,4.059999999999999,49.89999994626891,8.900035421725555,0.2874368468804058,-1.1429197625476224,0.09079125361169513,492820.98255604354,5527517.126445777,2.5418583580176346,-0.0009797867387533188,0,1,0.0,0.0,0,1,,,approach_to_wp1,0,,,,,,0,0.0,0.0,0,0.0
13.0,4.109999999999999,49.899999944414084,8.900035684929291,0.28794779924990743,-1.1240100591323146,0.09058494623650491,492821.0014579026,5527517.126214326,2.5607608771533705,-0.0011489475145936012,0,1,0.0,0.0,0,1,,,approach_to_wp1,0,,,,,,0,0.0,0.0,0,0.0
13.05,4.16,49.899999943529636,8.9000359552309,0.287978789941275,-1.10459041362405,0.09048657225415621,492821.0208696437,5527517.126090085,2.580172922287602,-0.0012092189863324165,0,1,0.0,0.0,0,1,,,approach_to_wp1,0,,,,,,0,0.0,0.0,0,0.0
13.1,4.209999999999999,49.89999994323352,8.900036224658185,0.2879575565626847,-1.085233583278546,0.09045363541178611,492821.04021868214,5527517.126031338,2.599522049247753,-0.0012042047455906868,0,1,0.0,0.0,0,1,,,approach_to_wp1,0,,,,,,0,0.0,0.0,0,0.0
13.15,4.26,49.899999942782586,8.900036487981982,0.2879596709327362,-1.0663152542004575,0.09040347946104771,492821.0591293718,5527517.125955965,2.618432884570211,-0.001217259094119072,0,1,0.0,0.0,0,1,,,approach_to_wp1,0,,,,,,0,0.0,0.0,0,0.0
13.2,4.309999999999999,49.89999994236077,8.900036748892433,0.28795510247353723,-1.047570310413754,0.09035656257338652,492821.07786674984,5527517.125884062,2.6371703978511505,-0.0012274160981178284,0,1,0.0,0.0,0,1,,,approach_to_wp1,0,,,,,,0,0.0,0.0,0,0.0
13.25,4.359999999999999,49.89999994185405,8.900036982277264,0.28797651826714465,-1.0308029270578642,0.09030020089476473,492821.09462734644,5527517.125805355,2.6539311628439464,-0.0012508900836110115,0,1,0.0,0.0,0,1,,,approach_to_wp1,0,,,,,,0,0.0,0.0,0,0.0
13.3,4.41,49.899999941567394,8.900037200966663,0.28796330564514416,-1.015091327608467,0.09026831756155189,492821.11033261445,5527517.125752524,2.6696365196839906,-0.0012519676238298416,0,1,0.0,0.0,0,1,,,approach_to_wp1,0,,,,,,0,0.0,0.0,0,0.0
13.35,4.459999999999999,49.89999994122676,8.900037437405741,0.2879473681519289,-0.998104513864386,0.09023042943840104,492821.12731257826,5527517.125691989,2.686616590770427,-0.0012565460056066513,0,1,0.0,0.0,0,1,,,approach_to_wp1,0,,,,,,0,0.0,0.0,0,0.0
13.4,4.51,49.899999940749,8.900037681448865,0.28795332556930997,-0.9805713923617075,0.090177289842185,492821.14483861084,5527517.125615484,2.7041427802760154,-0.0012752963230013847,0,1,0.0,0.0,1,2,1,2,WP1->WP2,1,0.984315926716498,0.7447344294580764,-0.643621374076026,-0.08764051814713325,utm,0,0.0,0.0,0,0.0
13.45,4.559999999999999,49.899999940316555,8.900037925358369,0.2879560887174769,-0.9630478706545554,0.09012918996774681,492821.16235505417,5527517.125544026,2.7216593640041538,-0.0012890323996543884,0,1,0.0,0.0,1,2,1,2,WP1->WP2,1,0.9668698580761196,0.7325513574028141,-0.6310355229489307,-0.08592673026107243,utm,0,0.0,0.0,0,0.0
13.5,4.609999999999999,49.89999993988251,8.900038169259332,0.2879574557548166,-0.945524962550212,0.09008091250378648,492821.17987088393,5527517.125472393,2.7391753346892074,-0.0013029426336288452,0,1,0.0,0.0,1,2,1,2,WP1->WP2,1,0.9494269803314607,0.720368584664376,-0.6184502350310489,-0.0842130190659813,utm,0,0.0,0.0,0,0.0
13.55,4.66,49.899999939445784,8.90003840156268,0.2879612833632417,-0.9288352776709715,0.09003233646301999,492821.1965538236,5527517.125401571,2.7558584171929397,-0.001318788155913353,0,1,0.0,0.0,1,2,1,2,WP1->WP2,1,0.9328158171503917,0.708763239508431,-0.6064651837059303,-0.08258104077803012,utm,0,0.0,0.0,0,0.0
13.6,4.709999999999999,49.8999999390622,8.900038629766486,0.2879595173544915,-0.9124401217571492,0.08998967181849861,492821.21294236,5527517.125337053,2.772247077198699,-0.0013293009251356125,0,1,0.0,0.0,1,2,1,2,WP1->WP2,1,0.9165008374204552,0.697366338690925,-0.5946881322619526,-0.08097738538004495,utm,0,0.0,0.0,0,0.0
13.65,4.76,49.89999993865881,8.900038858126539,0.2879589689569418,-0.8960337404087448,0.08994480393185787,492821.2293421145,5527517.125270316,2.7886469625518657,-0.0013419929891824722,0,1,0.0,0.0,1,2,1,2,WP1->WP2,1,0.9001771496741982,0.6859600682776602,-0.5829045252218165,-0.07937283732083499,utm,0,0.0,0.0,0,0.0
13.7,4.809999999999999,49.89999993825326,8.900039086563377,0.28795875319714437,-0.8796218425056362,0.08989969548570506,492821.2457473829,5527517.125203334,2.8050523626734503,-0.001354915089905262,0,1,0.0,0.0,1,2,1,2,WP1->WP2,1,0.8838507732168521,0.6745498016183362,-0.5711171109787294,-0.07776777084310639,utm,0,0.0,0.0,0,0.0
13.75,4.859999999999999,49.89999993786046,8.900039294649062,0.28796058087390813,-0.8646720600411508,0.08985600563314548,492821.260691123,5527517.125139718,2.8199962312355638,-0.0013692844659090042,0,1,0.0,0.0,1,2,1,2,WP1->WP2,1,0.8689812152274781,0.6641541878083456,-0.5603816264251188,-0.0763059433359176,utm,0,0.0,0.0,0,0.0
13.8,4.91,49.89999993753459,8.900039495219572,0.28795883118141924,-0.8502622005734226,0.08981975968242847,492821.27509516635,5527517.125084264,2.834400379098952,-0.0013772724196314812,0,1,0.0,0.0,1,2,1,2,WP1->WP2,1,0.854651752492702,0.6541382444841318,-0.5500297947766692,-0.0748963570077065,utm,0,0.0,0.0,0,0.0
13.85,4.959999999999999,49.899999937186244,8.90003969094084,0.287958209040704,-0.8362007317121867,0.08978101474289786,492821.2891509551,5527517.125026778,2.848456280946266,-0.0013884389773011208,0,1,0.0,0.0,1,2,1,2,WP1->WP2,1,0.8406708375395275,0.6443620291960303,-0.5399305811118544,-0.07352116911912275,utm,0,0.0,0.0,0,0.0
13.9,5.01,49.89999993684913,8.900039884988619,0.28795739803060183,-0.8222594936504221,0.0897435178827181,492821.3030865628,5527517.124970699,2.8623919977690093,-0.0013985950499773026,0,1,0.0,0.0,1,2,1,2,WP1->WP2,1,0.8268120743302256,0.6346700632474761,-0.5299170850951074,-0.07215765321564328,utm,0,0.0,0.0,0,0.0
13.95,5.059999999999999,49.89999993685671,8.900040116157061,0.28799476752771674,-0.8056513453282959,0.0897443612560663,492821.3196880644,5527517.124949387,2.878993479476776,-0.001365198753774166,0,1,0.0,0.0,1,2,1,2,WP1->WP2,1,0.8103106590223292,0.6231568340555327,-0.5179564888048869,-0.0705290049164341,utm,0,0.0,0.0,0,0.0
14.0,5.109999999999999,49.899999937601166,8.900040425771689,0.2880856801739526,-0.7834072812409656,0.08982716537776031,492821.3419233353,5527517.125002485,2.901228454662487,-0.001238829456269741,0,1,0.0,0.0,1,2,1,2,WP1->WP2,1,0.788225429234007,0.6077954471756919,-0.501880485458077,-0.0683399706180128,utm,0,0.0,0.0,0,0.0
14.05,5.16,49.8999999432679,8.900040788386029,0.2880702864522694,-0.7573554868006681,0.09045745960050003,492821.3679655426,5527517.125597774,2.9272685588803142,-0.0005577243864536285,0,1,0.0,0.0,1,2,1,2,WP1->WP2,1,0.7624337932496381,0.5901885604977436,-0.48268286912488756,-0.06572587309049369,utm,0,0.0,0.0,0,0.0
14.1,5.209999999999999,49.89999996249041,8.900041180165651,0.2879750582419059,-0.7292083314209115,0.09259552495017778,492821.39610428346,5527517.127697436,2.955400227860082,0.0016346536576747894,0,1,0.0,0.0,1,2,1,2,WP1->WP2,1,0.734770187123467,0.5722148249948484,-0.4609310381625104,-0.06276397373013091,utm,0,0.0,0.0,0,0.0
14.15,5.26,49.8999999964727,8.900041597600655,0.2879474091501754,-0.6992179816081303,0.09637527736952245,492821.426087671,5527517.131435671,2.985371133836452,0.005471673794090748,0,1,0.0,0.0,1,2,1,2,WP1->WP2,1,0.7055466859773991,0.5541454962393562,-0.43671374502221527,-0.059466357764558934,utm,0,0.0,0.0,0,0.0
14.2,5.309999999999999,49.900000043906964,8.900042036226171,0.28793561166181625,-0.6677052130347492,0.10165125476675382,492821.4575948636,5527517.1366675,3.016860914591234,0.010807300917804241,0,1,0.0,0.0,1,2,1,2,WP1->WP2,1,0.6751288325022343,0.5360982038108839,-0.41036283499675485,-0.05587821184321629,utm,0,0.0,0.0,0,0.0
14.25,5.359999999999999,49.90000010363598,8.900042497726979,0.28796020512347964,-0.6345489838684655,0.10829474223729951,492821.4907466832,5527517.143264099,3.049990816100035,0.017513111233711243,0,1,0.0,0.0,1,2,1,2,WP1->WP2,1,0.6434665821827394,0.5178963419084053,-0.3818803758035078,-0.051999817522666754,utm,0,0.0,0.0,0,0.0
14.3,5.41,49.90000017245338,8.900042978085406,0.287972106884575,-0.6000379411404505,0.11594910464429349,492821.5252541223,5527517.150869363,3.084473005787004,0.025232048705220222,0,1,0.0,0.0,1,2,1,2,WP1->WP2,1,0.6108939831392213,0.49948319833884663,-0.3517214710717838,-0.04789314527109217,utm,0,0.0,0.0,0,0.0
14.35,5.459999999999999,49.900000254269074,8.900043501075178,0.28796137102959307,-0.5624640767646487,0.12504922971882185,492821.5628250856,5527517.159915725,3.1220139541546814,0.03440217114984989,0,1,0.0,0.0,1,2,1,2,WP1->WP2,1,0.5759670224256045,0.4799878453026322,-0.31835464388564055,-0.043349657218481254,utm,0,0.0,0.0,0,0.0
14.4,5.51,49.90000033830652,8.900044061677992,0.2875959177015189,-0.5221879275692115,0.13439647379729092,492821.60309758154,5527517.169205503,3.162255618313793,0.04382461030036211,0,1,0.0,0.0,1,2,1,2,WP1->WP2,1,0.5389902202051016,0.45879705286152833,-0.2828705035211694,-0.038517859250285565,utm,0,0.0,0.0,0,0.0
14.45,5.559999999999999,49.900000408402086,8.900044630558126,0.28793130650687593,-0.48131709962170016,0.14219300333827775,492821.6439624494,5527517.176944393,3.2030947619350627,0.05169812310487032,0,1,0.0,0.0,1,2,1,2,WP1->WP2,1,0.501681019733468,0.4360772758454457,-0.24803317328943605,-0.033774136006546225,utm,0,0.0,0.0,0,0.0
14.5,5.609999999999999,49.900000473614824,8.900045220049417,0.28793220300300737,-0.4389654763181068,0.14944642945167427,492821.6863067954,5527517.184138423,3.2454151711426675,0.059031653217971325,0,1,0.0,0.0,1,2,1,2,WP1->WP2,1,0.4635226057639089,0.4119398126087532,-0.21250599248498717,-0.028936477315551604,utm,0,0.0,0.0,0,0.0
14.55,5.66,49.90000053005499,8.900045871136983,0.28794948265953646,-0.3921885082073067,0.1557241072700804,492821.73307341326,5527517.190351193,3.292161061835941,0.06539850123226643,0,1,0.0,0.0,1,2,1,2,WP1->WP2,1,0.42180519643796793,0.38403175156202174,-0.17446844280350038,-0.023756987172113563,utm,0,0.0,0.0,0,0.0
14.6,5.709999999999999,49.9000005923126,8.900046571954872,0.2876210467514357,-0.3418386969753668,0.16264884277157757,492821.7834123069,5527517.197205995,3.3424770931596868,0.07241915073245764,0,1,0.0,0.0,1,2,1,2,WP1->WP2,1,0.3784096921228351,0.3541127309887399,-0.13340940313259478,-0.018166067329608748,utm,0,0.0,0.0,0,0.0
14.65,5.76,49.90000066897051,8.900047333157865,0.2879468605317299,-0.2871505567826435,0.17117528293677986,492821.8380899293,5527517.205656075,3.3971265726722777,0.08104936685413122,0,1,0.0,0.0,1,2,1,2,WP1->WP2,1,0.3341663828820269,0.32233953685484174,-0.08811580124281636,-0.011998536389436366,utm,0,0.0,0.0,0,0.0
14.7,5.809999999999999,49.900000767188516,8.900048163797221,0.2880352933673999,-0.22747380558924665,0.18209979012499986,492821.8977573644,5527517.216496609,3.4567579603753984,0.09208646789193153,0,1,0.0,0.0,1,2,1,2,WP1->WP2,1,0.29126768054273955,0.288834836396633,-0.03756725984787341,-0.0051154518029519515,utm,0,0.0,0.0,0,0.0
14.75,5.859999999999999,49.900000889845394,8.900049055184551,0.28809111583439434,-0.16343265522820263,0.19574256319736086,492821.96179107705,5527517.230048499,3.5207466671126895,0.10584929771721363,0,1,0.0,0.0,1,2,1,2,WP1->WP2,1,0.2542619563859563,0.25426195650360917,0.018008688675788996,0.002452203842612174,utm,0,0.0,0.0,0,0.0
14.8,5.91,49.90000103485732,8.900049982518754,0.28811698916714573,-0.09680892491996143,0.2118718244790404,492822.02840965224,5527517.246082439,3.587312043120619,0.12210268154740334,0,1,0.0,0.0,1,2,1,2,WP1->WP2,1,0.2196892606488531,0.21968926068853672,0.07716822296222466,0.010507828542226141,utm,0,0.0,0.0,0,0.0
14.85,5.959999999999999,49.90000120685437,8.900050955333915,0.28813774814390924,-0.02691764428464034,0.23100256377347567,492822.09829847264,5527517.265112298,3.657137773989234,0.14136274624615908,0,1,0.0,0.0,1,2,1,2,WP1->WP2,1,0.18501274154714514,0.1850127418201852,0.14076163278033155,0.019167204398416307,utm,0,0.0,0.0,0,0.0
14.9,6.01,49.900001390452516,8.900051966039143,0.288080646642914,0.045695823826650155,0.25142366004548095,492822.1709101116,5527517.285428368,3.72968207008671,0.16191798634827137,0,1,0.0,0.0,1,2,1,2,WP1->WP2,1,0.14937825331194085,0.14937825316325085,0.20720992871258886,0.028215323867502157,utm,0,0.0,0.0,0,0.0
14.95,6.059999999999999,49.900001563759446,8.900052949150021,0.288119624821793,0.11632679358701818,0.2707000935008728,492822.2415385184,5527517.304602877,3.8002469065831974,0.18132513668388128,0,1,0.0,0.0,1,2,1,2,WP1->WP2,1,0.11429385475514904,0.11429385500881224,0.2714370154493048,0.036960986127037,utm,0,0.0,0.0,0,0.0
15.0,6.109999999999999,49.90000172129178,8.900053892045374,0.2880433051902249,0.18406850476733916,0.28822196370331116,492822.30927648256,5527517.322027381,3.8679270831053145,0.1989727672189474,0,1,0.0,0.0,1,2,1,2,WP1->WP2,1,0.0799489651207273,0.07994896494471461,0.33236708709911167,0.04525770103616657,utm,0,0.0,0.0,0,0.0
15.05,6.16,49.900001872766566,8.90005484352626,0.28802353726169194,0.2524270380017666,0.30507007057917895,492822.37763012276,5527517.338777569,3.936225154378917,0.2159481132403016,0,1,0.0,0.0,1,2,1,2,WP1->WP2,1,0.04469125868362805,0.044691258980442336,0.3932742551165643,0.05355129720765344,utm,0,0.0,0.0,0,0.0
15.1,6.209999999999999,49.90000202773586,8.900055881231848,0.2880136689817058,0.3269803297158798,0.32230686077914417,492822.4521765594,5527517.355908023,4.010714735428337,0.23332413099706173,0,1,0.0,0.0,1,2,1,2,WP1->WP2,1,0.00541885158784537,0.00541885178676081,0.4589119097745916,0.06248903342322015,utm,0,0.0,0.0,0,0.0
15.15,6.26,49.90000218813329,8.900056971230685,0.28802026974686906,0.405290596187053,0.340147407950028,492822.5304792718,5527517.373636982,4.088958599430043,0.25131102930754423,0,1,0.0,0.0,1,2,1,2,WP1->WP2,1,0.03602334725415791,-0.036023347449845367,0.5276736351685781,0.07185216753428221,utm,0,0.0,0.0,0,0.0
15.2,6.309999999999999,49.90000236596597,8.90005810221933,0.2879386242822546,0.4865457491569838,0.3599272270425117,492822.61172827764,5527517.393300512,4.1701423659105785,0.27124219574034214,0,1,0.0,0.0,1,2,1,2,WP1->WP2,1,0.078110602376956,-0.07811060228743395,0.5999004883789182,0.0816871405393015,utm,0,0.0,0.0,0,0.0
15.25,6.359999999999999,49.90000257058581,8.900059272078229,0.2879811720604094,0.5705935106072837,0.382686506584645,492822.69577274716,5527517.415938585,4.254111778631341,0.29415710270404816,0,1,0.0,0.0,1,2,1,2,WP1->WP2,1,0.11998827503928883,-0.11998827482632281,0.6762039336320821,0.09207721418780153,utm,0,0.0,0.0,0,0.0
15.3,6.41,49.90000280420696,8.900060488486266,0.28795749250996994,0.6579855649784011,0.4086715179618525,492822.78316447226,5527517.44179664,4.341417817864567,0.32030300330370665,0,1,0.0,0.0,1,2,1,2,WP1->WP2,1,0.1618614797758321,-0.16186148008283704,0.7571519867234557,0.10309973395124811,utm,0,0.0,0.0,0,0.0
15.35,6.459999999999999,49.900003056826186,8.900061745240464,0.28789335539673794,0.7482762633214483,0.4367696309791369,492822.8734564982,5527517.469763087,4.431617194204591,0.3485668422654271,0,1,0.0,0.0,1,2,1,2,WP1->WP2,1,0.2042225020041809,-0.20422250227368188,0.8416523767508636,0.11460596768419137,utm,0,0.0,0.0,0,0.0
15.4,6.51,49.90000331339815,8.900063013969577,0.287863885505455,0.8394272917636034,0.4653073955133743,492822.96460909524,5527517.498167863,4.5226756925694644,0.37727184500545263,0,1,0.0,0.0,1,2,1,2,WP1->WP2,1,0.2468633536444401,-0.24686335331152548,0.9270771101169212,0.12623806723267164,utm,0,0.0,0.0,0,0.0
15.45,6.559999999999999,49.9000035805351,8.900064314297486,0.28794702779016207,0.932848515447895,0.49502027345328514,492823.0580325449,5527517.527744255,4.6160011703614146,0.40715593844652176,0,1,0.0,0.0,1,2,1,2,WP1->WP2,1,0.29023181444721363,-0.29023181440367507,1.0149513412020594,0.13820370954083516,utm,0,0.0,0.0,0,0.0
15.5,6.609999999999999,49.90000384898883,8.900065621202762,0.28795908655976254,1.0267422857839064,0.5248796132220073,492823.15192854626,5527517.557466424,4.709798716881778,0.43718736711889505,0,1,0.0,0.0,1,2,1,2,WP1->WP2,1,0.3338223995654584,-0.3338223998767573,1.1032674057608274,0.15022951534903664,utm,0,0.0,0.0,0,0.0
15.55,6.66,49.90000411864182,8.90006693429217,0.2879711018028535,1.1210803511353198,0.5548723425326437,492823.2462688416,5527517.587321336,4.804040117538534,0.4673530012369156,0,1,0.0,0.0,1,2,1,2,WP1->WP2,1,0.3776249409984699,-0.3776249409233989,1.191995893378088,0.16231147990521946,utm,0,0.0,0.0,0,0.0
15.6,6.709999999999999,49.90000439079891,8.900068254484802,0.2879601199416277,1.215928743102415,0.5851435965990494,492823.34111962974,5527517.617453985,4.8987910929718055,0.4977980526164174,0,1,0.0,0.0,1,2,1,2,WP1->WP2,1,0.4215806960131912,-0.42158069596155306,1.2812849751005662,0.1744697793375117,utm,0,0.0,0.0,0,0.0
15.65,6.76,49.90000467070627,8.90006958098372,0.287954105268998,1.3112302060854861,0.6162768900167304,492823.43642445595,5527517.648447724,4.993993266427424,0.5291056875139475,0,1,0.0,0.0,1,2,1,2,WP1->WP2,1,0.46522976766343777,-0.4652297677794879,1.3714979469816562,0.18675388287680403,utm,0,0.0,0.0,0,0.0
15.7,6.809999999999999,49.90000495987469,8.900070913455961,0.28795516069601435,1.4069608186360916,0.6484402663403703,492823.53215963254,5527517.6804705635,5.089622396684717,0.5614438336342573,0,1,0.0,0.0,1,2,1,2,WP1->WP2,1,0.5084345583267149,-0.5084345583675803,1.4627340820904804,0.1991773083203082,utm,0,0.0,0.0,0,0.0
15.75,6.859999999999999,49.9000052442241,8.900072235208125,0.28796820159615905,1.5019212541187563,0.680067635742026,492823.62712422444,5527517.711958639,5.184482708631549,0.5932446802034974,0,1,0.0,0.0,1,2,1,2,WP1->WP2,1,0.5514914049250174,-0.5514914052380022,1.553043996129338,0.21147461226169909,utm,0,0.0,0.0,0,0.0
15.8,6.91,49.900005521546845,8.900073540813493,0.28797053796202865,1.5957216334180955,0.7109134513449208,492823.7209281813,5527517.742667022,5.278184961236548,0.6242620134726167,0,1,0.0,0.0,1,2,1,2,WP1->WP2,1,0.5943068454511243,-0.5943068454332086,1.6419766964268099,0.22358438401296085,utm,0,0.0,0.0,0,0.0
15.85,6.959999999999999,49.90000581131554,8.900074858294635,0.2876920363005934,1.6903752201488285,0.7431435928385516,492823.81558684894,5527517.774758043,5.3727373636793345,0.6566647933796048,0,1,0.0,0.0,1,2,1,2,WP1->WP2,1,0.6367168865816186,-0.6367168862630216,1.7324835215710923,0.23590850090992388,utm,0,0.0,0.0,0,0.0
15.9,7.01,49.90000612573037,8.900076198884765,0.28797279084599964,1.7866890571920853,0.7781150543079153,492823.91190875653,5527517.809587072,5.468943974352442,0.6918110474944115,0,1,0.0,0.0,1,2,1,2,WP1->WP2,1,0.6783038132758751,-0.6783038129906562,1.8260863989871308,0.24865420048924702,utm,0,0.0,0.0,0,0.0
15.95,7.059999999999999,49.900006458568186,8.9000775254518,0.28796112105243815,1.8819954140659454,0.8151356512280408,492824.0072263185,5527517.846465762,5.564139490539674,0.7290036426857114,0,1,0.0,0.0,1,2,1,2,WP1->WP2,1,0.7177166443490679,-0.7177166445288679,1.9203843529411193,0.2614945471241086,utm,0,0.0,0.0,0,0.0
16.0,7.109999999999999,49.900006800785626,8.900078829338431,0.28803492874786,1.9756723117981863,0.8531995172530263,492824.10091646365,5527517.884389477,5.657704154960811,0.7672358937561512,0,1,0.0,0.0,1,2,1,2,WP1->WP2,1,0.7552485406732431,-0.755248540704623,2.014232145815636,0.2742735963070152,utm,0,0.0,0.0,0,0.0
16.05,7.16,49.900007147416304,8.900080114657424,0.2881535618880539,2.068015229494183,0.8917542548677805,492824.1932738162,5527517.922805649,5.749934411200229,0.8059562081471086,0,1,0.0,0.0,1,2,1,2,WP1->WP2,1,0.7915021421769745,-0.7915021423277006,2.1074596055025245,0.28696817607330927,utm,0,0.0,0.0,0,0.0
16.1,7.210000000000001,49.90000750456848,8.900081387057554,0.2881188515327929,2.159429999814731,0.9314792678119035,492824.2847049521,5527517.962392867,5.84123459685361,0.8458445081487298,0,1,0.0,0.0,1,2,1,2,WP1->WP2,1,0.8262695417644541,-0.8262695418190339,2.200829987977784,0.2996822173238429,utm,0,0.0,0.0,0,0.0
16.15,7.259999999999998,49.90000786502349,8.90008262610931,0.28813758192836764,2.248448877566483,0.9715716469697148,492824.3737416433,5527518.002350501,5.930139130156022,0.8860953319817781,0,1,0.0,0.0,1,2,1,2,WP1->WP2,1,0.8591114011803719,-0.8591114014131687,2.2927297005631515,0.3121960006644236,utm,0,0.0,0.0,0,0.0
16.2,7.309999999999999,49.90000821386746,8.900083790311143,0.2880468295400415,2.3320902107477703,1.0103725625762006,492824.45740122016,5527518.041024359,6.013670808752067,0.9250446688383818,0,1,0.0,0.0,1,2,1,2,WP1->WP2,1,0.8891552243843993,-0.8891552241171293,2.379861559364939,0.32406055575859527,utm,0,0.0,0.0,0,0.0
16.25,7.359999999999999,49.90000856339034,8.900084883213344,0.2880457138190361,2.4106090675886267,1.0492489912285807,492824.5359404713,5527518.07978053,6.0920819182065316,0.9640594441443682,0,1,0.0,0.0,1,2,1,2,WP1->WP2,1,0.9155934390638978,-0.915593439362333,2.4633569218108016,0.3354299370786969,utm,0,0.0,0.0,0,0.0
16.3,7.41,49.90000893736959,8.90008596763217,0.2879450627093803,2.4885184418715376,1.0908456321745656,492824.6138741099,5527518.121256641,6.16987845528638,1.005792148411274,0,1,0.0,0.0,1,2,1,2,WP1->WP2,1,0.9396502142200939,-0.9396502139054541,2.5482992046217667,0.3469963423877816,utm,0,0.0,0.0,0,0.0
16.35,7.460000000000001,49.900009352117095,8.90008706171251,0.28796400755021945,2.5671219413146753,1.1369768093101307,492824.6925076406,5527518.167264547,6.248359946708661,1.0520589295774698,0,1,0.0,0.0,1,2,1,2,WP1->WP2,1,0.9609227460741981,-0.9609227461262957,2.6368849762642275,0.35905887362107747,utm,0,0.0,0.0,0,0.0
16.4,7.509999999999998,49.900009792217624,8.900088134974327,0.2879692912473702,2.644229747411402,1.1859279311753645,492824.7696498356,5527518.216093265,6.3253408150631,1.1011415934190154,0,1,0.0,0.0,1,2,1,2,WP1->WP2,1,0.9791276403008555,-0.9791276405903051,2.726348621372989,0.3712409429687883,utm,0,0.0,0.0,0,0.0
16.45,7.559999999999999,49.900010239918146,8.900089130668878,0.2879805025007647,2.715764783061772,1.2357243777509528,492824.84122261754,5527518.265774401,6.396749491570517,1.1510583171620965,0,1,0.0,0.0,1,2,1,2,WP1->WP2,1,0.9928603905383699,-0.9928603907415816,2.8123851828394537,0.3829563538147121,utm,0,0.0,0.0,0,0.0
16.5,7.609999999999999,49.900010710277996,8.900090096584668,0.28791640462851875,2.785160382764595,1.2880411571366235,492824.91066017945,5527518.317977715,6.466014648147393,1.203490168787539,0,1,0.0,0.0,1,2,1,2,WP1->WP2,1,1.0032949788443148,-1.0032949787429464,2.898628329864717,0.3946998949654146,utm,0,0.0,0.0,0,0.0
16.55,7.66,49.90001120174664,8.900091068874175,0.2879965918092225,2.8550138981123943,1.342705807265479,492824.9805586026,5527518.37252735,6.535732931515668,1.2582698473706841,0,1,0.0,0.0,1,2,1,2,WP1->WP2,1,1.012356251334819,-1.0123562510845077,2.986828928063923,0.40670997797137837,utm,0,0.0,0.0,0,0.0
16.6,7.710000000000001,49.9000116883589,8.900092026215116,0.2881512505227464,2.9237934432751076,1.3968302944530153,492825.0493827642,5527518.426538471,6.604378733725753,1.3125074747949839,0,1,0.0,0.0,1,2,1,2,WP1->WP2,1,1.0210619638284688,-1.021061964064919,3.0738816535560196,0.41856375765543574,utm,0,0.0,0.0,0,0.0
16.65,7.759999999999998,49.90001214658054,8.900092936305962,0.2881086049562501,2.989178335674488,1.4477969760288778,492825.11480942107,5527518.477397577,6.669637436687481,1.3635819088667631,0,1,0.0,0.0,1,2,1,2,WP1->WP2,1,1.0296883159236347,-1.0296883160439478,3.156300596278292,0.4297865652504887,utm,0,0.0,0.0,0,0.0
16.7,7.809999999999999,49.90001257230945,8.900093788880245,0.2879996494868557,3.05043098759644,1.4951495827665253,492825.17610067286,5527518.524649565,6.730772643757518,1.4110356159508228,0,1,0.0,0.0,1,2,1,2,WP1->WP2,1,1.0380525365443642,-1.0380525365706592,3.2332382837333054,0.4402630022757188,utm,0,0.0,0.0,0,0.0
16.75,7.859999999999999,49.9000129718451,8.900094607066876,0.2879792960957906,3.109213080753052,1.5395887888191213,492825.2349184701,5527518.568992612,6.789443995628972,1.4555722484365106,0,1,0.0,0.0,1,2,1,2,WP1->WP2,1,1.0468020346895874,-1.046802034501715,3.3063770925809486,0.4502221542900123,utm,0,0.0,0.0,0,0.0
16.8,7.91,49.900013362562945,8.900095408706903,0.28805162676658913,3.1668063937638977,1.5830472153452848,492825.29254665464,5527518.612356858,6.846928966813721,1.4991261642426252,0,1,0.0,0.0,1,2,1,2,WP1->WP2,1,1.0554336807566158,-1.0554336809645257,3.377979887208103,0.4599721505994346,utm,0,0.0,0.0,0,0.0
16.85,7.960000000000001,49.90001376070919,8.900096193274186,0.28804739438902005,3.2231731263732435,1.6273318824296876,492825.3489498509,5527518.656548652,6.903186229290441,1.5435035862028599,0,1,0.0,0.0,1,2,1,2,WP1->WP2,1,1.0626199814387824,-1.0626199815636783,3.449272188659189,0.46967986773055764,utm,0,0.0,0.0,0,0.0
16.9,8.009999999999998,49.90001417530041,8.900096930813906,0.28799601264444175,3.276161193967153,1.673445676310394,492825.4019781732,5527518.702573343,6.956062596116681,1.5897027747705579,0,1,0.0,0.0,1,2,1,2,WP1->WP2,1,1.0661467689618105,-1.066146768646049,3.519399479697257,0.47922894793575466,utm,0,0.0,0.0,0,0.0
16.95,8.059999999999999,49.90001460446085,8.900097629115034,0.288024571030269,3.3263301901833477,1.7211799632602258,492825.45219071285,5527518.750221638,7.006117845186964,1.6375162787735462,0,1,0.0,0.0,1,2,1,2,WP1->WP2,1,1.066552229683415,-1.0665522299832315,3.588620103370677,0.4886545692242262,utm,0,0.0,0.0,0,0.0
17.0,8.11,49.90001504688136,8.900098323478844,0.28805388722068487,3.376216312186477,1.770389129068888,492825.5021224571,5527518.7993446,7.055887440859806,1.6868035169318318,0,1,0.0,0.0,1,2,1,2,WP1->WP2,1,1.065699478945506,-1.065699479094168,3.6586595016409413,0.4981916812630105,utm,0,0.0,0.0,0,0.0
17.05,8.16,49.90001548397945,8.900098997391835,0.28767662690641016,3.4246331583073903,1.81900629843666,492825.5505847238,5527518.847877761,7.104189510631841,1.7354961149394512,0,1,0.0,0.0,1,2,1,2,WP1->WP2,1,1.064254446425126,-1.064254446599279,3.727230420492594,0.5075288336635366,utm,0,0.0,0.0,0,0.0
17.1,8.21,49.90001591130084,8.900099612482325,0.2875340547741232,3.4688239396401728,1.866536032680684,492825.5948211681,5527518.895329557,7.148269344295841,1.7830934273079038,0,1,0.0,0.0,1,2,1,2,WP1->WP2,1,1.060662730565683,-1.060662730782941,3.7920041460698446,0.516348930541239,utm,0,0.0,0.0,0,0.0
17.15,8.259999999999998,49.900016359674716,8.900100176399803,0.28789361762418947,3.509338228749382,1.9164073746302428,492825.63538571406,5527518.945126926,7.188669570139609,1.833024200052023,0,1,0.0,0.0,1,2,1,2,WP1->WP2,1,1.0528359752926761,-1.0528359750290914,3.8557536728606627,0.5250295645049611,utm,0,0.0,0.0,0,0.0
17.2,8.309999999999999,49.900016809297725,8.90010072878917,0.28790933232809796,3.5490242880688263,1.966417653848581,492825.67512254644,5527518.995064281,7.228241625591181,1.883092231117189,0,1,0.0,0.0,1,2,1,2,WP1->WP2,1,1.04433498356576,-1.0443349834489222,3.919003087458472,0.5336420992825897,utm,0,0.0,0.0,0,0.0
17.25,8.36,49.90001725888651,8.900101279909736,0.2879076380808948,3.588619191254342,2.0164241265664047,492825.7147682534,5527519.044997951,7.267722568241879,1.9331562770530581,0,1,0.0,0.0,1,2,1,2,WP1->WP2,1,1.0357735387379432,-1.035773538600913,3.982184217154786,0.542245335854177,utm,0,0.0,0.0,0,0.0
17.3,8.41,49.90001770025718,8.900101818139543,0.2880364338971509,3.627287966159675,2.065516522665325,492825.7534869839,5527519.094019147,7.306279546406586,1.982304798439145,0,1,0.0,0.0,1,2,1,2,WP1->WP2,1,1.0272282948173044,-1.0272282949852136,4.044064719118663,0.5506714687853657,utm,0,0.0,0.0,0,0.0
17.35,8.46,49.900018129171585,8.900102341297474,0.2880475240869959,3.6648739117979368,2.113223443140547,492825.7911214711,5527519.141656864,7.343756846210454,2.0300662759691477,0,1,0.0,0.0,1,2,1,2,WP1->WP2,1,1.0189300875211647,-1.0189300872149651,4.104204943029698,0.5588606318513286,utm,0,0.0,0.0,0,0.0
17.4,8.509999999999998,49.900018546407885,8.900102852207414,0.2875128855738185,3.7015799083827203,2.1596314420120413,492825.8278746296,5527519.187997354,7.380357096903026,2.076527629047632,0,1,0.0,0.0,1,2,1,2,WP1->WP2,1,1.0109572339142021,-1.010957234160628,4.162810994462545,0.5668408899984508,utm,0,0.0,0.0,0,0.0
17.45,8.559999999999999,49.90001895103363,8.900103347335932,0.2880644398360965,3.737152098809336,2.2046368048762917,492825.86349256564,5527519.232937281,7.415826746670064,2.1215846855193377,0,1,0.0,0.0,1,2,1,2,WP1->WP2,1,1.0032084340385514,-1.0032084340579155,4.2196281616635245,0.5745775596830067,utm,0,0.0,0.0,0,0.0
17.5,8.61,49.90001935493861,8.900103842865612,0.28775181908654573,3.7727531104457577,2.249561999160561,492825.89913920383,5527519.277797033,7.451325362664647,2.166561661288142,0,1,0.0,0.0,1,2,1,2,WP1->WP2,1,0.9955373457210993,-0.9955373458688248,4.276410505532285,0.5823094875503976,utm,0,0.0,0.0,0,0.0
17.55,8.66,49.90001975163409,8.900104330992189,0.28814721963085865,3.8078222509632136,2.2936853010468523,492825.93425311445,5527519.321855923,7.486293893016409,2.210736026056111,0,1,0.0,0.0,1,2,1,2,WP1->WP2,1,0.9880749966726368,-0.9880749967681745,4.332253910337344,0.5899135621342186,utm,0,0.0,0.0,0,0.0
17.6,8.71,49.90002013698268,8.90010481324313,0.2881824737334021,3.8424692601866943,2.336546521603633,492825.96894337994,5527519.364653801,7.520842936064582,2.2536479867994785,0,1,0.0,0.0,1,2,1,2,WP1->WP2,1,0.9812288611320904,-0.9812288608683067,4.386918370978637,0.5973571024636773,utm,0,0.0,0.0,0,0.0
17.65,8.759999999999998,49.900020515416806,8.90010528702591,0.288198094504978,3.876507879800328,2.3786386656175216,492826.0030244737,5527519.40668372,7.554785341431852,2.2957899877801538,0,1,0.0,0.0,1,2,1,2,WP1->WP2,1,0.974514785846466,-0.9745147856816575,4.440611538591073,0.6046683839407261,utm,0,0.0,0.0,0,0.0
17.7,8.809999999999999,49.90002089150179,8.900105760011746,0.2882242334209861,3.910489243431391,2.420469520964681,492826.0370479856,5527519.448452531,7.5886710256454535,2.3376706913113594,0,1,0.0,0.0,1,2,1,2,WP1->WP2,1,0.9679491780194331,-0.9679491781541635,4.494082332333249,0.6119493852530742,utm,0,0.0,0.0,0,0.0
17.75,8.86,49.900021265633335,8.900106232655123,0.2882385733514385,3.9444460033509903,2.4620831015454834,492826.07104661345,5527519.490004188,7.622532541514374,2.3793341601267457,0,1,0.0,0.0,1,2,1,2,WP1->WP2,1,0.961522978865235,-0.9615229791722028,4.547384779405812,0.619207463166748,utm,0,0.0,0.0,0,0.0
17.8,8.91,49.90002163638412,8.900106699415208,0.2881510768647101,3.97798008192917,2.5033206494024114,492826.10462222743,5527519.531180528,7.655972282693256,2.420620920136571,0,1,0.0,0.0,1,2,1,2,WP1->WP2,1,0.9550745415438013,-0.9550745416542741,4.600122151844201,0.6263885961004606,utm,0,0.0,0.0,0,0.0
17.85,8.96,49.90002199784941,8.90010715272753,0.28802304892026487,4.010548014680416,2.543525398153478,492826.1372307056,5527519.571325769,7.688448291039094,2.4608733989298344,0,1,0.0,0.0,1,2,1,2,WP1->WP2,1,0.9487000607352499,-0.9487000605546819,4.651447771091517,0.6333774936825443,utm,0,0.0,0.0,0,0.0
17.9,9.009999999999998,49.900022346502745,8.900107581621409,0.2881133633375242,4.0413616199908065,2.5823051105615584,492826.16808365914,5527519.610048883,7.719173470803071,2.4996979739516973,0,1,0.0,0.0,1,2,1,2,WP1->WP2,1,0.9421355787580197,-0.9421355788702007,4.7005221215910415,0.6400598409114359,utm,0,0.0,0.0,0,0.0
17.95,9.059999999999999,49.90002268291466,8.900107995926671,0.2877890284120269,4.071127115513696,2.6197232441033536,492826.1978871073,5527519.647412361,7.7488536313176155,2.5371594624593854,0,1,0.0,0.0,1,2,1,2,WP1->WP2,1,0.9358249934327707,-0.9358249936712083,4.747897764330134,0.6465108788111142,utm,0,0.0,0.0,0,0.0
18.0,9.11,49.90002300145651,8.90010838632639,0.28804708537447,4.0991751326905375,2.655153741941175,492826.2259711155,5527519.682791286,7.776820901024621,2.572630741633475,0,1,0.0,0.0,1,2,1,2,WP1->WP2,1,0.9297551006003896,-0.9297551004845949,4.792658643263111,0.652605870028643,utm,0,0.0,0.0,0,0.0
18.05,9.16,49.90002331567174,8.900108759857053,0.2881038986171385,4.12601120328029,2.690103001890159,492826.2528430208,5527519.717690784,7.803577654238325,2.607618602924049,0,1,0.0,0.0,1,2,1,2,WP1->WP2,1,0.9231915611535279,-0.9231915613924224,4.836213139766933,0.6585365907830809,utm,0,0.0,0.0,0,0.0
18.1,9.21,49.900023634677275,8.900109115273699,0.2875289414589235,4.15154588395337,2.725585074272312,492826.2784147677,5527519.753124615,7.829032495385036,2.643136509694159,0,1,0.0,0.0,1,2,1,2,WP1->WP2,1,0.9153421217296535,-0.9153421219773958,4.879199846611476,0.6643899968585131,utm,0,0.0,0.0,0,0.0
18.15,9.259999999999998,49.900023962470094,8.900109464904432,0.28769053085508856,4.1766648794801196,2.762044530754138,492826.3035722986,5527519.789535995,7.854069901339244,2.679630594328046,0,1,0.0,0.0,1,2,1,2,WP1->WP2,1,0.9065006592928336,-0.90650065905786,4.922564791547709,0.6702949067895876,utm,0,0.0,0.0,0,0.0
18.2,9.309999999999999,49.900024298906956,8.900109817968312,0.28797698255842796,4.202030527255782,2.7994654392206573,492826.3289776642,5527519.826908111,7.879351974697784,2.7170862266793847,0,1,0.0,0.0,1,2,1,2,WP1->WP2,1,0.8971378216283615,-0.8971378219218359,4.966773896204969,0.6763147641079454,utm,0,0.0,0.0,0,0.0
18.25,9.36,49.90002463461969,8.900110170989352,0.28790157523323084,4.227393097190566,2.836805804824896,492826.35437984555,5527519.864199722,7.904631129116751,2.7544613452628255,0,1,0.0,0.0,1,2,1,2,WP1->WP2,1,0.88783085047778,-0.8878308507043305,5.0109249482529155,0.6823267165291621,utm,0,0.0,0.0,0,0.0
18.3,9.41,49.900024972102315,8.900110523874144,0.28793795899800856,4.2527458784504235,2.8743430308907807,492826.3797725042,5527519.901688128,7.929900112445466,2.792033225297928,0,1,0.0,0.0,1,2,1,2,WP1->WP2,1,0.8783753282911999,-0.8783753284892963,5.055205426652685,0.6883562926543022,utm,0,0.0,0.0,0,0.0
18.35,9.46,49.90002530749823,8.900110876516605,0.2879785831322558,4.278081249623926,2.9116481580641413,492826.4051474499,5527519.93894455,7.955152147333138,2.8293730644509196,0,1,0.0,0.0,1,2,1,2,WP1->WP2,1,0.8690748780882277,-0.8690748777817244,5.0993124612485,0.6943622513151068,utm,0,0.0,0.0,0,0.0
18.4,9.509999999999998,49.900025629535115,8.900111214905186,0.2879694835312325,4.302392559951963,2.947467398658411,492826.4294967642,5527519.974717047,7.979383446392603,2.86522560659796,0,1,0.0,0.0,1,2,1,2,WP1->WP2,1,0.8601345133179082,-0.8601345134657511,5.141651928904904,0.7001275242425448,utm,0,0.0,0.0,0,0.0
18.45,9.559999999999999,49.900025941026286,8.900111540393715,0.28802211833860075,4.325777074285614,2.9821136689492476,492826.45291809,5527520.009318277,8.002690621768124,2.8999038310721517,0,1,0.0,0.0,1,2,1,2,WP1->WP2,1,0.8513963272435312,-0.8513963270641012,5.18251080467546,0.7056911882034901,utm,0,0.0,0.0,0,0.0
18.5,9.61,49.90002624461281,8.900111857724424,0.2881283575331878,4.348575495329287,3.0158807288923435,492826.4757523852,5527520.043041432,8.025413663359359,2.9337020497769117,0,1,0.0,0.0,1,2,1,2,WP1->WP2,1,0.8428849678841289,-0.8428849677109644,5.222338094143094,0.7111143833084541,utm,0,0.0,0.0,0,0.0
18.55,9.66,49.90002653932794,8.900112169502624,0.288095409742272,4.370974999888751,3.0486610483858034,492826.4981866082,5527520.075778772,8.047739883477334,2.966513140127063,0,1,0.0,0.0,1,2,1,2,WP1->WP2,1,0.8348076359852793,-0.8348076362464385,5.2611940395989105,0.7164053126187698,utm,0,0.0,0.0,0,0.0
18.6,9.71,49.900026822890865,8.900112472496826,0.2882085783649419,4.392743423786073,3.080200941151007,492826.51998834964,5527520.107277024,8.069437708705664,2.998083065263927,0,1,0.0,0.0,1,2,1,2,WP1->WP2,1,0.8271860673358266,-0.8271860673291073,5.298735582770816,0.7215172626380681,utm,0,0.0,0.0,0,0.0
18.65,9.759999999999998,49.900027099556404,8.900112769734008,0.28828778365011604,4.414098238296153,3.110973656378408,492826.5413756246,5527520.138008956,8.090723594999872,3.0288853086531162,0,1,0.0,0.0,1,2,1,2,WP1->WP2,1,0.8198302258580591,-0.8198302255500801,5.335447417134386,0.726516233019333,utm,0,0.0,0.0,0,0.0
18.7,9.809999999999999,49.9000273747989,8.900113066159093,0.2882943314530798,4.435394708214685,3.1415880912296754,492826.5627043671,5527520.16858275,8.111951470258646,3.059529222548008,0,1,0.0,0.0,1,2,1,2,WP1->WP2,1,0.8125479170535435,-0.8125479173556677,5.372007506089157,0.7314945405593851,utm,0,0.0,0.0,0,0.0
18.75,9.86,49.90002764945222,8.900113363561726,0.288284445996677,4.456761409364868,3.172136993424687,492826.5841032252,5527520.199090942,8.133249676960986,3.090107765980065,0,1,0.0,0.0,1,2,1,2,WP1->WP2,1,0.805361490857406,-0.8053614908316333,5.4085727381671775,0.7364735484273081,utm,0,0.0,0.0,0,0.0
18.8,9.91,49.90002791099998,8.900113656526564,0.288282457196558,4.477809280045211,3.201228201200366,492826.60518143716,5527520.228142451,8.154232039465569,3.1192285772413015,0,1,0.0,0.0,1,2,1,2,WP1->WP2,1,0.799003758280702,-0.7990037580387788,5.443897805949405,0.7412836858290708,utm,0,0.0,0.0,0,0.0
18.85,9.96,49.90002816466637,8.900113941464264,0.2882609285950315,4.498280446145609,3.2294427874731704,492826.6256820071,5527520.256318456,8.174639648292214,3.1474719857797027,0,1,0.0,0.0,1,2,1,2,WP1->WP2,1,0.7928774994853928,-0.7928774997624488,5.478199840664893,0.7459545190503604,utm,0,0.0,0.0,0,0.0
18.9,10.009999999999998,49.900028412789425,8.900114220786422,0.28824362909122947,4.518348167250552,3.2570408041509262,492826.6457784716,5527520.283878676,8.194645182986278,3.175098281353712,0,1,0.0,0.0,1,2,1,2,WP1->WP2,1,0.7869155578424365,-0.7869155577613017,5.511783897366467,0.7505275867720997,utm,0,0.0,0.0,0,0.0
18.95,10.059999999999999,49.9000286566074,8.900114493610566,0.2881999987099745,4.537949042671136,3.2841599793371015,492826.66540763906,5527520.310960869,8.21418499853462,3.20224501285702,0,1,0.0,0.0,1,2,1,2,WP1->WP2,1,0.7809747959029131,-0.7809747959437396,5.544699801977425,0.755009673681546,utm,0,0.0,0.0,0,0.0
19.0,10.11,49.90002889413475,8.900114760295013,0.28822718316744234,4.557108815521049,3.3105794659565846,492826.684594948,5527520.337344241,8.233285260794219,3.228691470809281,0,1,0.0,0.0,1,2,1,2,WP1->WP2,1,0.7752321011603857,-0.7752321012921511,5.576812986228942,0.7593824559111568,utm,0,0.0,0.0,0,0.0
19.05,10.16,49.90002912405107,8.90011501968749,0.28820496143052265,4.575744701490543,3.336152400304674,492826.7032574513,5527520.3628821,8.251863506506197,3.254290689714253,0,1,0.0,0.0,1,2,1,2,WP1->WP2,1,0.7697358408280517,-0.7697358411326586,5.607962021218808,0.7636239520395507,utm,0,0.0,0.0,0,0.0
19.1,10.21,49.90002934691474,8.9001152646429,0.28822742734740764,4.593343365549,3.3609408877721063,492826.7208821028,5527520.387637206,8.269406485487707,3.2791037410497665,0,1,0.0,0.0,1,2,1,2,WP1->WP2,1,0.7640854180817502,-0.7640854182972713,5.637820292270563,0.7676896876588967,utm,0,0.0,0.0,0,0.0
19.15,10.259999999999998,49.90002956242754,8.900115486891927,0.28819857249737063,4.609310704260787,3.384911759447334,492826.7368749929,5527520.411577199,8.285320398048498,3.303096305578947,0,1,0.0,0.0,1,2,1,2,WP1->WP2,1,0.7578928468163971,-0.7578928470718072,5.665936974634156,0.7715182749466654,utm,0,0.0,0.0,0,0.0
19.2,10.309999999999999,49.90002977192735,8.90011569004946,0.28823183533051,4.623906426801481,3.4082138233219403,492826.75149592495,5527520.434850481,8.29986455704784,3.3264176435768604,0,1,0.0,0.0,1,2,1,2,WP1->WP2,1,0.7512310116307122,-0.7512310115739046,5.6926022570960555,0.7751492282767275,utm,0,0.0,0.0,0,0.0
19.25,10.36,49.90002997999975,8.900115886109752,0.2880010480809922,4.637992252554748,3.431357120748693,492826.765606953,5527520.457965739,8.31389933556784,3.3495792765170336,0,1,0.0,0.0,1,2,1,2,WP1->WP2,1,0.7443300174098721,-0.7443300171164704,5.7187902797065995,0.778715194174196,utm,0,0.0,0.0,0,0.0
19.3,10.41,49.90003018457364,8.900116078188441,0.28798460226041017,4.651792022625647,3.454111287693667,492826.7794315212,5527520.480692404,8.327648936363403,3.372351374477148,0,1,0.0,0.0,1,2,1,2,WP1->WP2,1,0.7375109346609294,-0.7375109344660425,5.744502535749744,0.7822163759762888,utm,0,0.0,0.0,0,0.0
19.35,10.46,49.90003038182288,8.900116264428794,0.28800868207344643,4.665172341192873,3.4760507566918126,492826.79283571994,5527520.5026052585,8.340980851731729,3.3943082820624113,0,1,0.0,0.0,1,2,1,2,WP1->WP2,1,0.730987748426597,-0.7309877485529185,5.769347933055025,0.7855995195155042,utm,0,0.0,0.0,0,0.0
19.4,10.509999999999998,49.90003057485275,8.90011644688412,0.2876772780852906,4.67828072689679,3.497520916015279,492826.8059674691,5527520.52404935,8.35404186375672,3.4157955311238766,0,1,0.0,0.0,1,2,1,2,WP1->WP2,1,0.724614007641119,-0.7246140077327018,5.7936721458435905,0.788911694496286,utm,0,0.0,0.0,0,0.0
19.45,10.559999999999999,49.900030771077674,8.900116634086276,0.2876089266556973,4.691730145588826,3.5193464524908693,492826.81944058824,5527520.545848222,8.367443074763287,3.4376386841759086,0,1,0.0,0.0,1,2,1,2,WP1->WP2,1,0.7182207741398607,-0.7182207744567844,5.818488316872923,0.7922908583572762,utm,0,0.0,0.0,0,0.0
19.5,10.61,49.9000309750866,8.900116826769155,0.287930693551998,4.70557332333647,3.5420377810461225,492826.8333084625,5527520.568512017,8.38123618857935,3.4603480538353324,0,1,0.0,0.0,1,2,1,2,WP1->WP2,1,0.7114770357863122,-0.7114770360370124,5.844188268398507,0.7957903646800608,utm,0,0.0,0.0,0,0.0
19.55,10.66,49.900031187046395,8.900117023327597,0.28771535104063395,4.719694938417965,3.565613461554924,492826.8474558412,5527520.592059438,8.39530589338392,3.4839419685304165,0,1,0.0,0.0,1,2,1,2,WP1->WP2,1,0.7042894798302357,-0.7042894797136207,5.870701819711006,0.7994006571105815,utm,0,0.0,0.0,0,0.0
19.6,10.71,49.90003140201098,8.900117221947422,0.2878914684758036,4.733964652178252,3.5895233570540666,492826.8617517044,5527520.615940743,8.409522981673945,3.507870253175497,0,1,0.0,0.0,1,2,1,2,WP1->WP2,1,0.6969639163326291,-0.6969639163869338,5.897553720129858,0.8030570218006476,utm,0,0.0,0.0,0,0.0
19.65,10.759999999999998,49.900031623511964,8.900117419138315,0.2879618020275486,4.748131705262427,3.6141602771708072,492826.87594591716,5527520.640548918,8.423636024759617,3.5325250700116158,0,1,0.0,0.0,1,2,1,2,WP1->WP2,1,0.6890436303227975,-0.6890436301766674,5.924835711107726,0.8067719509836915,utm,0,0.0,0.0,0,0.0
19.7,10.809999999999999,49.9000318506005,8.90011761297227,0.28796698983599567,4.762057581303118,3.6394186842020346,492826.8898998778,5527520.665778654,8.437506768736057,3.5578006515279412,0,1,0.0,0.0,1,2,1,2,WP1->WP2,1,0.6805085934100737,-0.6805085931241562,5.952374877811176,0.8105218992241386,utm,0,0.0,0.0,0,0.0
19.75,10.86,49.90003208601985,8.900117812269269,0.2879883533511207,4.776375946185452,3.6656037045403838,492826.90424740483,5527520.691934108,8.451768026454374,3.5840032435953617,0,1,0.0,0.0,1,2,1,2,WP1->WP2,1,0.671578372534626,-0.6715783724221988,5.980839074101741,0.8143978067250791,utm,0,0.0,0.0,0,0.0
19.8,10.91,49.900032318156164,8.900118014929607,0.28799178583044505,4.790935948058132,3.6914235619071647,492826.91883598524,5527520.717724224,8.466271540150046,3.6098412945866585,0,1,0.0,0.0,1,2,1,2,WP1->WP2,1,0.663078634281042,-0.6630786340383725,6.009224126500323,0.8182629373749375,utm,0,0.0,0.0,0,0.0
19.85,10.96,49.900032545407484,8.900118218869922,0.2879939510498516,4.805587909057434,3.716700075286843,492826.93351576343,5527520.742971091,8.48086804128252,3.635136398486793,0,1,0.0,0.0,1,2,1,2,WP1->WP2,1,0.6550339255288836,-0.6550339254184666,6.037298720767149,0.8220857936184042,utm,0,0.0,0.0,0,0.0
19.9,11.009999999999998,49.90003277090762,8.900118420243215,0.2879844975853491,4.820055443998671,3.7417818097521827,492826.94801092986,5527520.768023502,8.49528057250427,3.6602364405989647,0,1,0.0,0.0,1,2,1,2,WP1->WP2,1,0.6470016270577519,-0.6470016273783873,6.065105471008139,0.8258721781252998,utm,0,0.0,0.0,0,0.0
19.95,11.059999999999999,49.90003299484983,8.900118619376899,0.28769317595213334,4.834362075641601,3.7666902607106434,492826.9623450263,5527520.792902912,8.509532604715787,3.685162952169776,0,1,0.0,0.0,1,2,1,2,WP1->WP2,1,0.6389825691596243,-0.6389825688522186,6.092676217464004,0.8296264265117274,utm,0,0.0,0.0,0,0.0
20.0,11.11,49.900033216416766,8.900118817986868,0.2879518121628626,4.848631081359379,3.7913345164774466,492826.9766411596,5527520.817518285,8.523747544095386,3.709825301542878,0,1,0.0,0.0,1,2,1,2,WP1->WP2,1,0.6311276790226658,-0.6311276790317513,6.120036712675166,0.8333520454449251,utm,0,0.0,0.0,0,0.0
20.05,11.16,49.90003343120623,8.90011901178453,0.2879515245914709,4.8625543499709964,3.8152249330238632,492826.9905906895,5527520.841380581,8.537618363508955,3.7337334379553795,0,1,0.0,0.0,1,2,1,2,WP1->WP2,1,0.6235759640001637,-0.6235759638578866,6.146625623625026,0.836972599432833,utm,0,0.0,0.0,0,0.0
20.1,11.21,49.90003363946514,8.900119199823653,0.28796429451354766,4.876063899951609,3.83838897587842,492827.00412569835,5527520.864517345,8.551077055104543,3.7569146789610386,0,1,0.0,0.0,1,2,1,2,WP1->WP2,1,0.6162605173489818,-0.6162605171986523,6.172413034241483,0.840484014869189,utm,0,0.0,0.0,0,0.0
20.15,11.259999999999998,49.90003384233861,8.900119382510079,0.28794932883755503,4.88918888892055,3.860954009982309,492827.0172755019,5527520.887055852,8.564152514969464,3.77949639596045,0,1,0.0,0.0,1,2,1,2,WP1->WP2,1,0.6091098328530019,-0.609109832680364,6.197508240129184,0.8439011742979983,utm,0,0.0,0.0,0,0.0
20.2,11.309999999999999,49.900034041914104,8.900119562266154,0.2879916666812491,4.902103348698287,3.8831522212539964,492827.0302143715,5527520.909227965,8.577018249372486,3.801711027510464,0,1,0.0,0.0,1,2,1,2,WP1->WP2,1,0.6020773550750081,-0.602077355243507,6.222197533356851,0.8472630614855788,utm,0,0.0,0.0,0,0.0
20.25,11.36,49.900034239366754,8.900119740918141,0.28808443339518736,4.914938486019394,3.9051143134591966,492827.0430736358,5527520.931164159,8.589805156341754,3.823689477518201,0,1,0.0,0.0,1,2,1,2,WP1->WP2,1,0.5951599228531692,-0.5951599229672604,6.2466660113904915,0.8505948807500006,utm,0,0.0,0.0,0,0.0
20.3,11.41,49.900034432488155,8.900119915714505,0.2881647670142398,4.927496618554805,3.926594654110247,492827.05565536395,5527520.952619163,8.602316114411224,3.8451858265325427,0,1,0.0,0.0,1,2,1,2,WP1->WP2,1,0.5883973772262585,-0.58839737747923,6.270601028700992,0.853854059831746,utm,0,0.0,0.0,0,0.0
20.35,11.46,49.90003461987625,8.90012008672709,0.2881892049933873,4.939782907944622,3.9474372955507544,492827.06796450797,5527520.973437087,8.61455658916384,3.866044200025499,0,1,0.0,0.0,1,2,1,2,WP1->WP2,1,0.5819055988394399,-0.5819055986282158,6.293898190906201,0.8570263835755829,utm,0,0.0,0.0,0,0.0
20.4,11.509999999999998,49.90003479822974,8.900120258656314,0.2881950391329304,4.9521350525621965,3.9672750427888004,492827.0803381413,5527520.99325043,8.62686486338498,3.88589821010828,0,1,0.0,0.0,1,2,1,2,WP1->WP2,1,0.5761831293783143,-0.5761831295277869,6.316546120351726,0.8601103027111383,utm,0,0.0,0.0,0,0.0
20.45,11.559999999999999,49.900034964116884,8.90012043083123,0.2881634255034076,4.964504848853089,3.985726195093889,492827.0927275709,5527521.011677709,8.639193501323462,3.904366218484938,0,1,0.0,0.0,1,2,1,2,WP1->WP2,1,0.5714714260019911,-0.5714714258326125,6.338245485651474,0.8630650579366993,utm,0,0.0,0.0,0,0.0
20.5,11.61,49.900035115520495,8.900120601141579,0.28822367947849725,4.976740686513114,4.002566385439226,492827.1049809484,5527521.02849485,8.65139139391249,3.92122364602983,0,1,0.0,0.0,1,2,1,2,WP1->WP2,1,0.5678269559876488,-0.5678269559956964,6.358731561655218,0.8658546022061809,utm,0,0.0,0.0,0,0.0
20.55,11.66,49.90003525699172,8.900120765732014,0.288234816871253,4.9885655806654885,4.018301824621114,492827.1168220744,5527521.0442082295,8.663180674484465,3.93697596155107,0,1,0.0,0.0,1,2,1,2,WP1->WP2,1,0.564693157700147,-0.5646931579900839,6.3781558216831975,0.8684995613110905,utm,0,0.0,0.0,0,0.0
20.6,11.71,49.900035392906105,8.900120925269388,0.28829352320416757,5.0000274408253675,4.0334191921260585,492827.12829948816,5527521.059304269,8.674608279194217,3.9521097410470247,0,1,0.0,0.0,1,2,1,2,WP1->WP2,1,0.5617527734025861,-0.5617527736672432,6.39689016382861,0.8710505758033091,utm,0,0.0,0.0,0,0.0
20.65,11.759999999999998,49.90003552396343,8.90012107910829,0.28832155767368456,5.011079897993299,4.047996323106774,492827.1393669429,5527521.073860833,8.685627704835497,3.966702696867287,0,1,0.0,0.0,1,2,1,2,WP1->WP2,1,0.5589176064927772,-0.5589176061526728,6.4149551561319145,0.8735104463880274,utm,0,0.0,0.0,0,0.0
20.7,11.809999999999999,49.900035650601964,8.900121224896019,0.28826825002673473,5.0215539237386055,4.06208196411827,492827.14985554316,5527521.087926876,8.696069895580877,3.9808032270520926,0,1,0.0,0.0,1,2,1,2,WP1->WP2,1,0.5560353697818116,-0.556035369982333,6.432262871110825,0.8758672001718373,utm,0,0.0,0.0,0,0.0
20.75,11.86,49.90003577202013,8.900121357212344,0.2881770715338257,5.031060105146209,4.075586959560206,492827.1593759131,5527521.101413796,8.705545769655146,3.994321446865797,0,1,0.0,0.0,1,2,1,2,WP1->WP2,1,0.5529003030119206,-0.5529003027474194,6.448471072926913,0.8780742356473675,utm,0,0.0,0.0,0,0.0
20.8,11.91,49.900035885716285,8.90012147113038,0.28821604007635515,5.039244473286244,4.088233057075082,492827.167573855,5527521.114043923,8.7137020463706,4.0069785211235285,0,1,0.0,0.0,2,3,2,3,WP2->WP3,1,0.863743245791313,-0.8637432458240569,0.5758277879380577,0.07329927594209613,utm,0,0.0,0.0,0,0.0
20.85,11.96,49.90003599098465,8.900121564872412,0.28828887051827373,5.0459793094396,4.09994175572636,492827.17432159674,5527521.125738958,8.720411212183535,4.018695727922022,0,1,0.0,0.0,2,3,2,3,WP2->WP3,1,0.8508956891218055,-0.850895689232849,0.5716749398857548,0.07277064435864762,utm,0,0.0,0.0,0,0.0
20.9,12.009999999999998,49.9000360830471,8.900121642750012,0.28815481677067856,5.051574375567722,4.110181597996945,492827.1799280676,5527521.135967244,8.725983946758788,4.028942434117198,0,1,0.0,0.0,2,3,2,3,WP2->WP3,1,0.8398782934166152,-0.8398782932475867,0.5678451427755085,0.07228313513963025,utm,0,0.0,0.0,0,0.0
20.95,12.059999999999999,49.90003616827571,8.900121711367063,0.2879906064383586,5.056504123579468,4.119661333056798,492827.18486847414,5527521.145436614,8.730893121566623,4.038428032770753,0,1,0.0,0.0,2,3,2,3,WP2->WP3,1,0.8298639057988112,-0.8298639056334212,0.5641318403659522,0.07181045496740522,utm,0,0.0,0.0,0,0.0
21.0,12.11,49.90003625800428,8.900121782160335,0.28798205206616506,5.0615902207264085,4.129641584020269,492827.18996583414,5527521.155406092,8.735957600991242,4.048414254561067,0,1,0.0,0.0,2,3,2,3,WP2->WP3,1,0.8193977607455081,-0.8193977610339003,0.560152720208667,0.07130393785842719,utm,0,0.0,0.0,0,0.0
21.05,12.16,49.900036354539836,8.900121859955634,0.2879748730458602,5.067179374035949,4.140378957841467,492827.1955670577,5527521.166131719,8.741523449367378,4.0591582814231515,0,1,0.0,0.0,2,3,2,3,WP2->WP3,1,0.8080508072613001,-0.8080508074318639,0.5559504091919479,0.0707690099489701,utm,0,0.0,0.0,0,0.0
21.1,12.21,49.900036453088475,8.900121939366281,0.2880063476570472,5.0728845809749235,4.1513402409188584,492827.20128458674,5527521.177081009,8.747204865620006,4.070126352831721,0,1,0.0,0.0,2,3,2,3,WP2->WP3,1,0.7964676031252209,-0.7964676029884038,0.5516601326854238,0.07022288458283298,utm,0,0.0,0.0,0,0.0
21.15,12.259999999999998,49.90003655199683,8.900122018784948,0.28803574690966044,5.07859036412369,4.1623415332882745,492827.20700274507,5527521.1880702935,8.752886779315304,4.0811344208195806,0,1,0.0,0.0,2,3,2,3,WP2->WP3,1,0.784857116999697,-0.7848571170955265,0.5473406051724355,0.06967303574652071,utm,0,0.0,0.0,0,0.0
21.2,12.309999999999999,49.900036637538896,8.900122093416131,0.28803591758603075,5.083952193545177,4.171856133204234,492827.21237510606,5527521.197573939,8.758227793266997,4.090655718930066,0,1,0.0,0.0,2,3,2,3,WP2->WP3,1,0.774499265015999,-0.7744992647001583,0.5438914835060585,0.06923398413060802,utm,0,0.0,0.0,0,0.0
21.25,12.36,49.90003668232656,8.900122164161937,0.28805700908339543,5.089034880525592,4.176837736511491,492827.2174623946,5527521.202546773,8.76329866697779,4.095645289868116,0,1,0.0,0.0,2,3,2,3,WP2->WP3,1,0.7673906839832788,-0.7673906841171191,0.5436128132142133,0.06919851114537406,utm,0,0.0,0.0,0,0.0
21.3,12.41,49.90003668369637,8.900122236223755,0.2880763297443573,5.094212115556627,4.176990096293515,492827.2226377565,5527521.2026921725,8.768473521631677,4.095807743258774,0,1,0.0,0.0,2,3,2,3,WP2->WP3,1,0.7634533987133922,-0.7634533989412395,0.5469748508596046,0.06962647751007435,utm,0,0.0,0.0,0,0.0
21.35,12.46,49.90003664861995,8.900122308927184,0.2880986913379367,5.099435446732955,4.1730886469396,492827.22785379284,5527521.198785323,8.773702404112555,4.091918104328215,0,1,0.0,0.0,2,3,2,3,WP2->WP3,1,0.7622028402790272,-0.7622028402918416,0.5533706786649457,0.07044062638757217,utm,0,0.0,0.0,0,0.0
21.4,12.509999999999998,49.90003659435447,8.90012238155153,0.28810247477651113,5.104653096212726,4.167052852418107,492827.23306130484,5527521.192744989,8.778929792868439,4.08589496370405,0,1,0.0,0.0,2,3,2,3,WP2->WP3,1,0.7623890395904865,-0.7623890392971007,0.5613437046435901,0.07145554272808928,utm,0,0.0,0.0,0,0.0
21.45,12.559999999999999,49.900036515420595,8.900122459313584,0.2881399293846862,5.110239861091199,4.158273263695547,492827.23863412713,5527521.183961468,8.78453152970178,4.077129853889346,0,1,0.0,0.0,2,3,2,3,WP2->WP3,1,0.7641434207237627,-0.7641434204327805,0.5715969352860071,0.0727607148609724,utm,0,0.0,0.0,0,0.0
21.5,12.61,49.90003641172334,8.900122547486145,0.2881277865619357,5.11657456210535,4.146739315256643,492827.2449509145,5527521.172423692,8.790886303817388,4.065612957812846,0,1,0.0,0.0,2,3,2,3,WP2->WP3,1,0.7671924654825293,-0.7671924652093021,0.584392457548995,0.07438950481662296,utm,0,0.0,0.0,0,0.0
21.55,12.66,49.90003629105211,8.90012264727914,0.2880707043335418,5.123744125766751,4.133317399872312,492827.2520997133,5527521.158997593,8.798079307482112,4.0522104892879725,0,1,0.0,0.0,2,3,2,3,WP2->WP3,1,0.770890269749925,-0.7708902697316243,0.599146836541229,0.07626764498241566,utm,0,0.0,0.0,0,0.0
21.6,12.71,49.90003617255198,8.900122754664693,0.2880892424669558,5.131459171860343,4.120136969446644,492827.2597940978,5527521.145812154,8.805817100859713,4.039050477556884,0,1,0.0,0.0,2,3,2,3,WP2->WP3,1,0.7740219289902874,-0.7740219289012741,0.6140884590035389,0.07816962007085179,utm,0,0.0,0.0,0,0.0
21.65,12.759999999999998,49.90003606701516,8.900122868591916,0.28811019259075,5.139644200057309,4.108398411699695,492827.2679601976,5527521.134067385,8.814021859492641,4.027332682162523,0,1,0.0,0.0,2,3,2,3,WP2->WP3,1,0.7758376803089378,-0.775837680195453,0.6282774623755177,0.0799757914562763,utm,0,0.0,0.0,0,0.0
21.7,12.809999999999999,49.900035977848596,8.900122988069377,0.2880367344682776,5.148227981510948,4.098480670125435,492827.2765273178,5527521.124142174,8.822621640283614,4.017435756511986,0,1,0.0,0.0,2,3,2,3,WP2->WP3,1,0.7761359442533153,-0.7761359442785782,0.6413853385043916,0.08164434210546535,utm,0,0.0,0.0,0,0.0
21.75,12.86,49.900035907287844,8.90012311072517,0.2879717501568493,5.157040108205237,4.090632399771041,492827.28532544995,5527521.116285299,8.831445615796838,4.009607917629182,0,1,0.0,0.0,2,3,2,3,WP2->WP3,1,0.7748760573690507,-0.7748760576283517,0.6531135222946658,0.08313726654911065,utm,0,0.0,0.0,0,0.0
21.8,12.91,49.90003587043365,8.900123230517638,0.28794107769384075,5.165646521112062,4.086533213328317,492827.29392294795,5527521.112176281,8.840056607790757,4.005527254194021,0,1,0.0,0.0,2,3,2,3,WP2->WP3,1,0.7712522099305715,-0.7712522101568707,0.6619265085449537,0.08425910457875302,utm,0,0.0,0.0,0,0.0
21.85,12.96,49.9000358849678,8.900123340583225,0.2879912408790138,5.173554112525514,4.088149805088179,492827.301829523,5527521.113781687,8.847957849502563,4.007158705033362,0,1,0.0,0.0,2,3,2,3,WP2->WP3,1,0.7643096460820197,-0.7643096461077559,0.6660365036942388,0.08478228125566693,utm,0,0.0,0.0,0,0.0
21.9,13.009999999999998,49.90003596005685,8.900123428650408,0.2880320478305547,5.17988124279386,4.096501744798382,492827.3081652479,5527521.122121851,8.854266056208871,4.015519702807069,0,1,0.0,0.0,2,3,2,3,WP2->WP3,1,0.7540171148824798,-0.7540171146129955,0.6640965185212128,0.08453533327660116,utm,0,0.0,0.0,0,0.0
21.95,13.059999999999999,49.90003606852741,8.900123496997653,0.28799797315814457,5.184791606674273,4.108566615155701,492827.31308972347,5527521.134175346,8.859150784555823,4.027589361183345,0,1,0.0,0.0,2,3,2,3,WP2->WP3,1,0.7422819727802954,-0.7422819726565009,0.658455272989988,0.08381723800313227,utm,0,0.0,0.0,0,0.0
22.0,13.11,49.90003619962938,8.900123546206773,0.28799516872377195,5.188327004326659,4.123148711567758,492827.3166431391,5527521.148746895,8.862656162527855,4.042172539979219,0,1,0.0,0.0,2,3,2,3,WP2->WP3,1,0.7298757980015339,-0.7298757980393399,0.6500265353581114,0.08274431241936571,utm,0,0.0,0.0,0,0.0
22.05,13.16,49.90003634931462,8.900123575510131,0.28799423735088375,5.190432285263277,4.139797771720532,492827.31876976666,5527521.165386485,8.864727945183404,4.05881904810667,0,1,0.0,0.0,2,3,2,3,WP2->WP3,1,0.7171416556677543,-0.7171416559225319,0.639106822294558,0.0813543012427255,utm,0,0.0,0.0,0,0.0
22.1,13.21,49.900036512128786,8.900123586461664,0.2879953902683762,5.191219091120486,4.157907125750426,492827.31958039425,5527521.183487542,8.865478919062298,4.076922677457333,0,1,0.0,0.0,2,3,2,3,WP2->WP3,1,0.7044040375226575,-0.7044040375984899,0.626220454986135,0.07971394728097311,utm,0,0.0,0.0,0,0.0
22.15,13.259999999999998,49.900036681836326,8.900123582790211,0.2879991417947841,5.190955317974895,4.176783209452912,492827.31934188603,5527521.202356422,8.865178232488688,4.095790669322014,0,1,0.0,0.0,2,3,2,3,WP2->WP3,1,0.691930012209001,-0.6919300122124566,0.6120609979920799,0.07791153696466317,utm,0,0.0,0.0,0,0.0
22.2,13.309999999999999,49.900036851675985,8.90012357034152,0.28800766752267426,5.190060949765892,4.195673987803947,492827.3184730552,5527521.221240832,8.864247175632045,4.114672113209963,0,1,0.0,0.0,2,3,2,3,WP2->WP3,1,0.6799132358556186,-0.6799132356918532,0.5974674082823327,0.07605386426888913,utm,0,0.0,0.0,0,0.0
22.25,13.36,49.900037014531016,8.90012355697614,0.28802411788631804,5.189100722628116,4.213787886993563,492827.31753735634,5527521.23934876,8.863251809845679,4.132776859216392,0,1,0.0,0.0,2,3,2,3,WP2->WP3,1,0.6684666769730795,-0.6684666768433829,0.5834050865859122,0.07426381866844421,utm,0,0.0,0.0,0,0.0
22.3,13.41,49.900037163611046,8.900123551607022,0.2880644689120783,5.188714981758297,4.23036963151958,492827.3171738713,5527521.255924382,8.862833704275545,4.149351194500923,0,1,0.0,0.0,2,3,2,3,WP2->WP3,1,0.6576229329066882,-0.6576229330156349,0.5708632925282813,0.07266732672641567,utm,0,0.0,0.0,0,0.0
22.35,13.46,49.90003729047141,8.90012356467337,0.2881595596586985,5.18965372514049,4.244479946154207,492827.3181310453,5527521.270027798,8.86374439735664,4.163457687944174,0,1,0.0,0.0,2,3,2,3,WP2->WP3,1,0.6474568776466316,-0.6474568777827787,0.5610411833033518,0.0714170336535691,utm,0,0.0,0.0,0,0.0
22.4,13.509999999999998,49.9000373796617,8.900123611115516,0.2881996482298728,5.192990331307815,4.25440032680782,492827.3214795358,5527521.27993976,8.867060206190217,4.173380631022155,0,1,0.0,0.0,2,3,2,3,WP2->WP3,1,0.6383268491231978,-0.6383268489017984,0.5559321748657998,0.07076668883329637,utm,0,0.0,0.0,0,0.0
22.45,13.559999999999999,49.900037419951836,8.900123709660308,0.2880811513772464,5.200070218603293,4.258881683072089,492827.32856255677,5527521.284409887,8.874128458090127,4.177874074317515,0,1,0.0,0.0,2,3,2,3,WP2->WP3,1,0.6300746065284571,-0.6300746067280574,0.5573645568558916,0.07094902210193245,utm,0,0.0,0.0,0,0.0
22.5,13.61,49.900037421081244,8.900123863570263,0.28804197270630144,5.211127780492262,4.25900730395682,492827.3396158514,5527521.284520719,8.88518132752506,4.1780213303864,0,1,0.0,0.0,2,3,2,3,WP2->WP3,1,0.6217994350624363,-0.621799434841833,0.5646932086033676,0.07188191363300173,utm,0,0.0,0.0,0,0.0
22.55,13.66,49.90003740322395,8.900124049069511,0.2880321453349563,5.224454854849861,4.257021088261496,492827.3529349336,5527521.282517535,8.898506938596256,4.176062047481537,0,1,0.0,0.0,2,3,2,3,WP2->WP3,1,0.6132605690630936,-0.6132605692282537,0.5751094686395279,0.07320783838805588,utm,0,0.0,0.0,0,0.0
22.6,13.71,49.90003738227216,8.900124247534182,0.2880279279388108,5.238713421662613,4.254690680723831,492827.3671846761,5527521.280169056,8.912764342792798,4.17376053892076,0,1,0.0,0.0,2,3,2,3,WP2->WP3,1,0.6042627199281035,-0.6042627199937288,0.5864058938901529,0.07464580266999826,utm,0,0.0,0.0,0,0.0
22.65,13.759999999999998,49.90003736247529,8.900124453741137,0.2880317440679715,5.253528227972272,4.252488731258084,492827.3819906061,5527521.277948242,8.927577510708943,4.171588527970016,0,1,0.0,0.0,2,3,2,3,WP2->WP3,1,0.5947666190651406,-0.5947666188141593,0.5979805057604408,0.07611917836873089,utm,0,0.0,0.0,0,0.0
22.7,13.809999999999999,49.90003734745381,8.900124661678511,0.28804219841783835,5.268467355086151,4.250817935779929,492827.39692151494,5527521.276258205,8.94251390779391,4.169947703368962,0,1,0.0,0.0,2,3,2,3,WP2->WP3,1,0.5848219213540282,-0.5848219215887719,0.6092451078495471,0.07755309176124701,utm,0,0.0,0.0,0,0.0
22.75,13.86,49.900037340972844,8.900124863156325,0.2880576751078306,5.282942399259765,4.250097076561119,492827.4113897932,5527521.27551834,8.956984545628075,4.169255521148443,0,1,0.0,0.0,2,3,2,3,WP2->WP3,1,0.5745834080081161,-0.5745834078850711,0.6194945621505891,0.07885778318949187,utm,0,0.0,0.0,0,0.0
22.8,13.91,49.90003734728456,8.900125047049924,0.288077354155635,5.296154116799771,4.250799110583054,492827.4245971479,5527521.276202485,8.970189574116375,4.1699831848964095,0,1,0.0,0.0,2,3,2,3,WP2->WP3,1,0.56432566808583,-0.5643256683333961,0.6278420798472142,0.0799203699834836,utm,0,0.0,0.0,0,0.0
22.85,13.96,49.90003736921939,8.900125202843451,0.28812506996360826,5.307347002739002,4.2532388587867045,492827.43578879675,5527521.278626339,8.981373174698092,4.172443904913962,0,1,0.0,0.0,2,3,2,3,WP2->WP3,1,0.5543970391241132,-0.5543970388204494,0.6335473744110391,0.08064661829821365,utm,0,0.0,0.0,0,0.0
22.9,14.009999999999998,49.900037410162426,8.900125318414394,0.2881714269751015,5.315650122931473,4.257792835014972,492827.44409465673,5527521.283167424,8.989664025139064,4.177012336440384,0,1,0.0,0.0,2,3,2,3,WP2->WP3,1,0.5451899502920492,-0.5451899502242622,0.6357469842787469,0.0809266148771134,utm,0,0.0,0.0,0,0.0
22.95,14.059999999999999,49.90003746982399,8.900125389364574,0.28817693599751754,5.320747492988088,4.264428820566381,492827.4491988272,5527521.289793959,8.994746331125498,4.183655655011535,0,1,0.0,0.0,2,3,2,3,WP2->WP3,1,0.5369600895130354,-0.5369600897455714,0.6342526879368179,0.08073640029872611,utm,0,0.0,0.0,0,0.0
23.0,14.11,49.900037542142925,8.900125429619026,0.2882334383317282,5.323639548259473,4.272472648115887,492827.45210044365,5527521.297830713,8.997621447895654,4.1917019272223115,0,1,0.0,0.0,2,3,2,3,WP2->WP3,1,0.5294188813734899,-0.5294188815503411,0.6302353538286851,0.08022501879281085,utm,0,0.0,0.0,0,0.0
23.05,14.16,49.90003762187232,8.900125436373244,0.2877972947736146,5.3241248007518855,4.281340720994738,492827.45259732124,5527521.3066945905,8.998089113156311,4.20056739449501,0,1,0.0,0.0,2,3,2,3,WP2->WP3,1,0.5231072813534373,-0.5231072812682127,0.6239920443182528,0.07943028454034315,utm,0,0.0,0.0,0,0.0
23.1,14.21,49.90003770544708,8.900125411209538,0.2880072662125775,5.322316930467754,4.2906365023182955,492827.4508025658,5527521.31598906,8.996263738896232,4.209855900146067,0,1,0.0,0.0,2,3,2,3,WP2->WP3,1,0.5182072326046678,-0.518207232835009,0.6158927948387478,0.07839930073761986,utm,0,0.0,0.0,0,0.0
23.15,14.259999999999998,49.90003778830936,8.900125364483966,0.28801245302387485,5.318959961697229,4.299853036263298,492827.4474592274,5527521.325206379,8.992890044348314,4.219062151387334,0,1,0.0,0.0,2,3,2,3,WP2->WP3,1,0.5145078644015814,-0.5145078644970714,0.6068125108993337,0.07724343738394077,utm,0,0.0,0.0,0,0.0
23.2,14.309999999999999,49.9000378678485,8.90012530828383,0.2880079984377087,5.314922299006165,4.308699946980366,492827.4434349755,5527521.334055131,8.988836654578336,4.22789759375155,0,1,0.0,0.0,2,3,2,3,WP2->WP3,1,0.5115608045225983,-0.5115608045302775,0.5975491502288168,0.076064269507429,utm,0,0.0,0.0,0,0.0
23.25,14.36,49.90003794327789,8.900125248503077,0.28802190439710806,5.310627389208038,4.317089741559906,492827.43915297044,5527521.342447292,8.984527017630171,4.236275598406792,0,1,0.0,0.0,2,3,2,3,WP2->WP3,1,0.5091111112983003,-0.5091111113469602,0.5884517366981725,0.07490622566392177,utm,0,0.0,0.0,0,0.0
23.3,14.41,49.90003801404325,8.900125194818585,0.28802821430913805,5.306770461386595,4.3249607695516685,492827.4353080802,5527521.35032031,8.980656203930266,4.244135903194547,0,1,0.0,0.0,2,3,2,3,WP2->WP3,1,0.5066851747381882,-0.5066851744317914,0.580032566454062,0.07383451794877947,utm,0,0.0,0.0,0,0.0
23.35,14.46,49.900038080591145,8.900125155629429,0.2880584104948227,5.303954941579714,4.332362701542201,492827.4325035552,5527521.357723032,8.977827299560886,4.251529343426228,0,1,0.0,0.0,2,3,2,3,WP2->WP3,1,0.5038026694189859,-0.5038026695629653,0.5726598589312875,0.07289601839305752,utm,0,0.0,0.0,0,0.0
23.4,14.509999999999998,49.900038143310866,8.900125125548046,0.2880050032510109,5.3017937639541035,4.339338836828619,492827.43035254243,5527521.364699257,8.97565330931684,4.258498442359269,0,1,0.0,0.0,2,3,2,3,WP2->WP3,1,0.5007212520278574,-0.5007212518044434,0.5660417452606236,0.0720535739151708,utm,0,0.0,0.0,0,0.0
23.45,14.559999999999999,49.900038204953056,8.90012508190331,0.2879518742496704,5.29865813593376,4.3461951211209575,492827.4272273103,5527521.371556975,8.972505495592486,4.2653458239510655,0,1,0.0,0.0,2,3,2,3,WP2->WP3,1,0.4984420995416958,-0.49844209928134015,0.5588583727637593,0.07113917552406855,utm,0,0.0,0.0,0,0.0
23.5,14.61,49.9000382674773,8.900125044338923,0.2880113969776792,5.295959346659243,4.353149513365125,492827.42453887244,5527521.378512181,8.969794152420945,4.272292133420706,0,1,0.0,0.0,2,3,2,3,WP2->WP3,1,0.4957735097258348,-0.4957735097453829,0.5518955267880388,0.07025284877984489,utm,0,0.0,0.0,0,0.0
23.55,14.66,49.90003833129103,8.900125034145367,0.28809233991939226,5.295226997157979,4.360247332143083,492827.423816277,5527521.385608135,8.969048177299555,4.279385667294264,0,1,0.0,0.0,2,3,2,3,WP2->WP3,1,0.4915520202774735,-0.4915520200072498,0.5461462899770684,0.069521006891886,utm,0,0.0,0.0,0,0.0
23.6,14.71,49.900038398448146,8.900125045638855,0.2880283897928141,5.2960527394826125,4.367717025502998,492827.42465164396,5527521.393073738,8.969858937896788,4.2868539821356535,0,1,0.0,0.0,2,3,2,3,WP2->WP3,1,0.48592678036892173,-0.4859267801740519,0.5411673603346792,0.06888722028867153,utm,0,0.0,0.0,0,0.0
23.65,14.759999999999998,49.900038470747056,8.900125072914912,0.28800850703377595,5.2980123702811,4.375758626461961,492827.426621207,5527521.401109507,8.971802009560633,4.294896198436618,0,1,0.0,0.0,2,3,2,3,WP2->WP3,1,0.47907775802354163,-0.4790777581213458,0.5365258444344839,0.06829638434451485,utm,0,0.0,0.0,0,0.0
23.7,14.809999999999999,49.900038551757824,8.900125122332732,0.28800621474828586,5.301562761767348,4.384769222361377,492827.43018218415,5527521.410111765,8.975333301757928,4.303910142742097,0,1,0.0,0.0,2,3,2,3,WP2->WP3,1,0.47040000556690176,-0.47040000526877856,0.5322342463391148,0.0677500907483835,utm,0,0.0,0.0,0,0.0
23.75,14.86,49.90003863991547,8.900125182695522,0.2880085290801504,5.305899487678032,4.394574745045841,492827.43453023996,5527521.419907583,8.979649053304456,4.3137202356010675,0,1,0.0,0.0,2,3,2,3,WP2->WP3,1,0.46060623219699137,-0.4606062322649164,0.5278815872586755,0.06719602447075311,utm,0,0.0,0.0,0,0.0
23.8,14.91,49.90003873078661,8.900125235027597,0.2880098974161571,5.3096592519796415,4.404682081476954,492827.4383019677,5527521.430005862,8.983387483167462,4.323830888606608,0,1,0.0,0.0,2,3,2,3,WP2->WP3,1,0.45103726820416457,-0.451037268047538,0.5229181104728413,0.0665642049195296,utm,0,0.0,0.0,0,0.0
23.85,14.96,49.90003882198709,8.90012527370541,0.2880171803258475,5.312438034615521,4.414826049461532,492827.44109315606,5527521.440142067,8.986145253991708,4.333976237103343,0,1,0.0,0.0,2,3,2,3,WP2->WP3,1,0.44217037590464486,-0.4421703758106437,0.5172690750039358,0.06584511803571541,utm,0,0.0,0.0,0,0.0
23.9,15.009999999999998,49.90003890285502,8.900125272478366,0.28800268406703505,5.312349878473529,4.4238207578202315,492827.4410170237,5527521.449133293,8.986039492825512,4.342967161908746,0,1,0.0,0.0,2,3,2,3,WP2->WP3,1,0.4361985310132471,-0.4361985306919843,0.5105470961129017,0.0649894521648911,utm,0,0.0,0.0,0,0.0
23.95,15.059999999999999,49.90003895152309,8.900125178331956,0.2879606870217502,5.305585990115962,4.429233968051347,492827.4342630631,5527521.454553352,8.979267707909457,4.348364935256541,0,1,0.0,0.0,2,3,2,3,WP2->WP3,1,0.4375755759103435,-0.43757557560511384,0.5019974312172735,0.0639011332967775,utm,0,0.0,0.0,0,0.0
24.0,15.11,49.90003898068565,8.900125028243579,0.2879661823939992,5.294802987024454,4.4324776357206295,492827.4234887082,5527521.457810093,8.968482679396402,4.35158615373075,0,1,0.0,0.0,2,3,2,3,WP2->WP3,1,0.4433859409068371,-0.44338594088996663,0.4923572683076662,0.0626740008519048,utm,0,0.0,0.0,0,0.0
24.05,15.16,49.90003902275216,8.90012489243044,0.28795493474944706,5.285045579295918,4.437156573417553,492827.41374145023,5527521.462500163,8.958720018912572,4.3562440779060125,0,1,0.0,0.0,2,3,2,3,WP2->WP3,1,0.44747326171435214,-0.4474732617113413,0.4823422990511546,0.06139915790326333,utm,0,0.0,0.0,0,0.0
24.1,15.21,49.90003905985849,8.900124746817783,0.288026825674717,5.274584131387223,4.44128380414669,492827.4032896993,5527521.466639686,8.948254683520645,4.360349136404693,0,1,0.0,0.0,2,3,2,3,WP2->WP3,1,0.45245239737732496,-0.4524523974939206,0.47226346203742475,0.06011618498858303,utm,0,0.0,0.0,0,0.0
24.15,15.259999999999998,49.90003907748623,8.900124567222738,0.28805121992391025,5.261681240728005,4.443244486572391,492827.39039459697,5527521.468616781,8.935353135981131,4.362283726222813,0,1,0.0,0.0,2,3,2,3,WP2->WP3,1,0.4606941888608053,-0.4606941887568391,0.4621508242448103,0.05882890944615462,utm,0,0.0,0.0,0,0.0
24.2,15.309999999999999,49.90003906516543,8.900124337460817,0.2880608993069284,5.245174143012721,4.441874079879541,492827.37389229337,5527521.467268924,8.918855363619514,4.360881496220827,0,1,0.0,0.0,2,3,2,3,WP2->WP3,1,0.47384157476897365,-0.47384157462392956,0.4520865812919946,0.05754779426415147,utm,0,0.0,0.0,0,0.0
24.25,15.36,49.900039005879975,8.900124040762659,0.28790446966572103,5.223858054395062,4.4352799283348086,492827.3525759652,5527521.460705823,8.897560778947081,4.354248185642064,0,1,0.0,0.0,2,3,2,3,WP2->WP3,1,0.4940573250307545,-0.4940573250065951,0.4426640775760501,0.056348368473302456,utm,0,0.0,0.0,0,0.0
24.3,15.41,49.900038912494274,8.900123692139935,0.2879088624825462,5.1988114786762045,4.424892903971932,492827.3275255908,5527521.45035634,8.872544645739254,4.343816208653152,0,1,0.0,0.0,2,3,2,3,WP2->WP3,1,0.5195821561168317,-0.5195821561251512,0.4335472766356004,0.055187856733783784,utm,0,0.0,0.0,0,0.0
24.35,15.46,49.90003882258271,8.900123347440708,0.2881479385537444,5.174046784022105,4.4148922981361,492827.3027574993,5527521.440392745,8.847809522296302,4.333771048113704,0,1,0.0,0.0,2,3,2,3,WP2->WP3,1,0.5446388253684081,-0.5446388251510823,0.4243334323991632,0.05401499198963436,utm,0,0.0,0.0,0,0.0
24.4,15.509999999999998,49.900038743189796,8.90012300799232,0.28811245233607147,5.149659332579122,4.406061652072159,492827.278368059,5527521.431598138,8.823449195770081,4.324896117672324,0,1,0.0,0.0,2,3,2,3,WP2->WP3,1,0.5686307884010617,-0.5686307886302265,0.4145061443407904,0.052764039683681006,utm,0,0.0,0.0,0,0.0
24.45,15.559999999999999,49.90003866854502,8.900122658200132,0.2880193244128284,5.124528737432384,4.397759127530902,492827.253236477,5527521.423332431,8.798344988608733,4.316547638736665,0,1,0.0,0.0,2,3,2,3,WP2->WP3,1,0.5928187651535866,-0.5928187649399076,0.40378886269920633,0.0513997967609686,utm,0,0.0,0.0,0,0.0
24.5,15.61,49.90003859099776,8.900122290194284,0.28769210844677223,5.098089593584456,4.389133767879281,492827.22679644066,5527521.414745765,8.771933391923085,4.307873888872564,0,1,0.0,0.0,2,3,2,3,WP2->WP3,1,0.6181927272354517,-0.6181927269208941,0.3924324365110609,0.049954194734950254,utm,0,0.0,0.0,0,0.0
24.55,15.66,49.90003849601665,8.90012189537561,0.28799766064839977,5.069724099488393,4.378569290547159,492827.198428242,5527521.404223323,8.743600022455212,4.297258020378649,0,1,0.0,0.0,2,3,2,3,WP2->WP3,1,0.6462951418858869,-0.6462951421756054,0.3812194647135546,0.048526853555637864,utm,0,0.0,0.0,0,0.0
24.6,15.71,49.90003837315489,8.900121473589437,0.2880320659192855,5.039421142654393,4.364903729413726,492827.16811922414,5527521.390603622,8.713336050859652,4.283538515679538,0,1,0.0,0.0,2,3,2,3,WP2->WP3,1,0.6779141384813278,-0.6779141387696462,0.37100321009024906,0.04722638823872449,utm,0,0.0,0.0,0,0.0
24.65,15.759999999999998,49.900038217727136,8.900121028390942,0.28815967933195274,5.007436142653696,4.347615945549898,492827.13612400944,5527521.37336539,8.681397815933451,4.266194941475987,0,1,0.0,0.0,2,3,2,3,WP2->WP3,1,0.7132102998751768,-0.7132102998105116,0.3623411414962173,0.04612376108282281,utm,0,0.0,0.0,0,0.0
24.7,15.809999999999999,49.90003801733432,8.900120558919799,0.28815862130520664,4.973707289851109,4.3253268261310716,492827.10237897496,5527521.351130149,8.64772623765748,4.2438486199826,0,1,0.0,0.0,2,3,2,3,WP2->WP3,1,0.7531550543176394,-0.7531550543059714,0.35621334635309965,0.045343731086840165,utm,0,0.0,0.0,0,0.0
24.75,15.86,49.900037797339216,8.90012007381431,0.2882297284798687,4.938855197544218,4.300857401234833,492827.067508245,5527521.326716973,8.612936147022992,4.219320665113628,0,1,0.0,0.0,2,3,2,3,WP2->WP3,1,0.7953952413187979,-0.7953952415445146,0.35094670165928216,0.04467332015706643,utm,0,0.0,0.0,0,0.0
24.8,15.91,49.90003756568964,8.900119575170866,0.28820652265595403,4.9030304794431245,4.275091681786243,492827.0316635512,5527521.301009316,8.577176363673061,4.193495025858283,0,1,0.0,0.0,2,3,2,3,WP2->WP3,1,0.8392259587664802,-0.8392259585279339,0.34598747066284224,0.044042041068277915,utm,0,0.0,0.0,0,0.0
24.85,15.96,49.900037313994055,8.90011906203606,0.28828171542407405,4.866164638816132,4.2470963025387,492826.9947751801,5527521.273074281,8.540380248625297,4.165438583120704,0,1,0.0,0.0,2,3,2,3,WP2->WP3,1,0.8853244048748709,-0.8853244051751675,0.34198106362376296,0.043532050509910804,utm,0,0.0,0.0,0,0.0
24.9,16.009999999999998,49.90003705023174,8.90011853692887,0.2883814119562815,4.828438649950265,4.217758775973222,492826.95702521637,5527521.243798782,8.502726962906308,4.136038842611015,0,1,0.0,0.0,2,3,2,3,WP2->WP3,1,0.9329608390072135,-0.9329608393126312,0.33839152821331214,0.04307512510258249,utm,0,0.0,0.0,0,0.0
24.95,16.06,49.9000367907281,8.900118012231683,0.28848583137615724,4.790742117465,4.188894929482735,492826.91930532816,5527521.214996737,8.46510219242191,4.1071126544848084,0,1,0.0,0.0,2,3,2,3,WP2->WP3,1,0.9802575230997792,-0.9802575230106854,0.33447088340894915,0.04257605154030268,utm,0,0.0,0.0,0,0.0
25.0,16.11,49.90003652825011,8.90011750224913,0.288026684266459,4.754102748343956,4.1597002542308035,492826.88264173793,5527521.185862584,8.428534808568656,4.077857839874923,0,1,0.0,0.0,2,3,2,3,WP2->WP3,1,1.026993166912392,-1.0269931671095283,0.33150485693892073,0.0421984949214103,utm,0,0.0,0.0,0,0.0
25.05,16.16,49.900036248055265,8.90011701973784,0.2881580247989159,4.719437034572122,4.128534984086217,492826.84794838453,5527521.154755995,8.393944150710013,4.046637092716992,0,1,0.0,0.0,2,3,2,3,WP2->WP3,1,1.0735894728354325,-1.073589472610397,0.33132323733411284,0.04217537588164152,utm,0,0.0,0.0,0,0.0
25.1,16.21,49.90003594891367,8.900116567780811,0.28805006946450684,4.686966472087078,4.095262320637269,492826.81544649263,5527521.121539931,8.36155189393321,4.013314103707671,0,1,0.0,0.0,2,3,2,3,WP2->WP3,1,1.1199741846824087,-1.1199741844275097,0.3341760228313476,0.04253851763295261,utm,0,0.0,0.0,0,0.0
25.15,16.259999999999998,49.90003562857454,8.90011614695305,0.28800334100978353,4.6567323717489835,4.0596319171373905,492826.7851770229,5527521.085964089,8.331399823480751,3.977638707496226,0,1,0.0,0.0,2,3,2,3,WP2->WP3,1,1.166284732370299,-1.1662847325899182,0.34027638577636743,0.043315055681689585,utm,0,0.0,0.0,0,0.0
25.2,16.31,49.90003528389666,8.900115757267892,0.288022422547951,4.628735691865554,4.021294384243723,492826.7571404675,5527521.0476792175,8.303489582438488,3.9392616534605622,0,1,0.0,0.0,2,3,2,3,WP2->WP3,1,1.2127549145423155,-1.2127549146318122,0.34988377992865644,0.04453801686870487,utm,0,0.0,0.0,0,0.0
25.25,16.36,49.90003490853544,8.900115407171368,0.28807447053396723,4.603583231886278,3.979544030014694,492826.73194244195,5527521.005979102,8.27842911024345,3.8974787276238203,0,1,0.0,0.0,2,3,2,3,WP2->WP3,1,1.259408894850045,-1.259408894921468,0.36392821806093145,0.04632578600328519,utm,0,0.0,0.0,0,0.0
25.3,16.41,49.9000344981932,8.900115093736664,0.2881297632469491,4.581064716841415,3.9339028379363423,492826.7093721183,5527520.960386195,8.256009153847117,3.851811691187322,0,1,0.0,0.0,2,3,2,3,WP2->WP3,1,1.3067232750334334,-1.3067232753349138,0.38262265773243104,0.04870547125079798,utm,0,0.0,0.0,0,0.0
25.35,16.46,49.90003406200886,8.900114821956214,0.28813430744877955,4.561538824883719,3.8853873028398356,492826.689789386,5527520.911916106,8.236586253915448,3.8032773323357105,0,1,0.0,0.0,2,3,2,3,WP2->WP3,1,1.3537501062600865,-1.3537501064948791,0.4054548740769274,0.05161186958943617,utm,0,0.0,0.0,0,0.0
25.4,16.509999999999998,49.90003361363115,8.900114590559301,0.28815051307835865,4.544914262303591,3.835515534958435,492826.67310501146,5527520.862086459,8.220066176203545,3.7533929757773876,0,1,0.0,0.0,2,3,2,3,WP2->WP3,1,1.3995380751450726,-1.39953807525261,0.43123905499213366,0.05489403455513237,utm,0,0.0,0.0,0,0.0
25.45,16.56,49.90003315697066,8.900114394572023,0.28807535048194727,4.530833682165184,3.7847224956061356,492826.6589623711,5527520.811332519,8.206090864725411,3.702592706307769,0,1,0.0,0.0,2,3,2,3,WP2->WP3,1,1.444059943303467,-1.4440599430944467,0.4594131561274086,0.05848042141730511,utm,0,0.0,0.0,0,0.0
25.5,16.61,49.90003269622787,8.900114215683375,0.28813879535102954,4.5179815421246445,3.733475394514582,492826.64604707266,5527520.760123061,8.19334438961232,3.651340965181589,0,1,0.0,0.0,2,3,2,3,WP2->WP3,1,1.4879766097036902,-1.487976609489524,0.4887481173689909,0.062214578510517045,utm,0,0.0,0.0,0,0.0
25.55,16.66,49.900032234404264,8.90011405954228,0.28798870523202486,4.506763685435331,3.6821080780520403,492826.63476524194,5527520.708791258,8.182231776532717,3.5999722639098763,0,1,0.0,0.0,2,3,2,3,WP2->WP3,1,1.5307633720885174,-1.5307633720903617,0.5192690392204914,0.06609970097188902,utm,0,0.0,0.0,0,0.0
25.6,16.71,49.90003176230067,8.900113948694756,0.2880527025199001,4.498799916183346,3.629597347559764,492826.6267346696,5527520.656312159,8.174374184920453,3.547466986812651,0,1,0.0,0.0,2,3,2,3,WP2->WP3,1,1.5719071266871307,-1.5719071266105717,0.5528210487065961,0.07037066193148475,utm,0,0.0,0.0,0,0.0
25.65,16.759999999999998,49.90003127795419,8.90011388473479,0.28801882307303794,4.494204753480619,3.575724875469767,492826.62206953793,5527520.602467376,8.169886516057886,3.4936071215197444,0,1,0.0,0.0,2,3,2,3,WP2->WP3,1,1.6114695802810475,-1.6114695801187877,0.5896427329611004,0.07505783203921491,utm,0,0.0,0.0,0,0.0
25.7,16.81,49.90003078927327,8.900113871457538,0.2880328386847662,4.493250857886636,3.5213702966465767,492826.62104357075,5527520.5481358245,8.169039596046787,3.439272484742105,0,1,0.0,0.0,2,3,2,3,WP2->WP3,1,1.6486583603784757,-1.6486583604944012,0.6292655129007652,0.08010156410846833,utm,0,0.0,0.0,0,0.0
25.75,16.86,49.900030295946834,8.900113921012553,0.28816431866832437,4.496811106069919,3.466499009434494,492826.6245292489,5527520.493281753,8.172706018784083,3.3844301979988813,0,1,0.0,0.0,2,3,2,3,WP2->WP3,1,1.6828501115296057,-1.6828501117233683,0.672300885353879,0.08557969786093497,utm,0,0.0,0.0,0,0.0
25.8,16.91,49.90002978236944,8.900114052949892,0.2881134647737619,4.506290059490984,3.4093752665795765,492826.6339282571,5527520.4361682385,8.182293185091112,3.3273479668423533,0,1,0.0,0.0,2,3,2,3,WP2->WP3,1,1.7141694214989776,-1.7141694213398817,0.720977324352024,0.09177590410304749,utm,0,0.0,0.0,0,0.0
25.85,16.96,49.90002925150076,8.900114270122208,0.28809959204666225,4.521892665061401,3.350328264576228,492826.6494458992,5527520.377124072,8.19800531421788,3.2683552568778396,0,1,0.0,0.0,2,3,2,3,WP2->WP3,1,1.7422435227204272,-1.7422435230286493,0.7751885374360468,0.09867665246955218,utm,0,0.0,0.0,0,0.0
25.9,17.009999999999998,49.900028742799016,8.900114538739832,0.28805642865984005,4.541191325784046,3.293746825642287,492826.6686614015,5527520.3205395555,8.217407178133726,3.21183436922729,0,1,0.0,0.0,2,3,2,3,WP2->WP3,1,1.765924923668954,-1.7659249236233827,0.8300541396564088,0.10566070048029565,utm,0,0.0,0.0,0,0.0
25.95,17.06,49.900028255039935,8.90011486527078,0.2880786373561466,4.564650732076174,3.23949478035842,492826.69203908707,5527520.266277955,8.240963547839783,3.1576501009985805,0,1,0.0,0.0,2,3,2,3,WP2->WP3,1,1.7849607996621777,-1.7849607998716897,0.8859868930110055,0.11278059015602766,utm,0,0.0,0.0,0,0.0
26.0,17.11,49.900027782027976,8.90011525378352,0.2880428356718303,4.592563180425261,3.186883014871075,492826.7198702167,5527520.213650041,8.268967953859828,3.105114186182618,0,1,0.0,0.0,2,3,2,3,WP2->WP3,1,1.799597160659135,-1.7995971603600822,0.9436934439629128,0.12012627317184192,utm,0,0.0,0.0,0,0.0
26.05,17.16,49.9000273427834,8.900115710194205,0.2881331665863947,4.625353713037611,3.1380270986779104,492826.75258248206,5527520.164769971,8.301841118664015,3.0563421798869967,0,1,0.0,0.0,2,3,2,3,WP2->WP3,1,1.8080992094270125,-1.8080992097268556,1.00189197272504,0.12753458188586678,utm,0,0.0,0.0,0,0.0
26.1,17.21,49.900026937506496,8.900116278390147,0.2880913901713074,4.666175385631648,3.0929493090048,492826.7933277051,5527520.119655809,8.342734787554946,3.011362533085048,0,1,0.0,0.0,2,3,2,3,WP2->WP3,1,1.8081163780008151,-1.8081163780765497,1.0626822718712663,0.13527280675979583,utm,0,0.0,0.0,0,0.0
26.15,17.259999999999998,49.90002657026762,8.900116984672207,0.2880462998518221,4.716917766744702,3.0521023809760415,492826.84399530024,5527520.078757593,8.393536881601904,2.9706315072253346,0,1,0.0,0.0,2,3,2,3,WP2->WP3,1,1.7979451012609058,-1.7979451013863437,1.1269972343141217,0.1434596992267004,utm,0,0.0,0.0,0,0.0
26.2,17.31,49.90002623698596,8.900117846267602,0.28795345499380764,4.778818534591636,3.0150324162913438,492826.905821845,5527520.0416199565,8.455485472280998,2.9336978113278747,0,1,0.0,0.0,2,3,2,3,WP2->WP3,1,1.7769732242087677,-1.7769732241142893,1.1960037997678652,0.1522438034136876,utm,0,0.0,0.0,0,0.0
26.25,17.36,49.90002593210181,8.900118878145289,0.2879458977353046,4.852953124449104,2.981121025593702,492826.9798815193,5527520.007623322,8.529656775295734,2.8999454146251082,0,1,0.0,0.0,2,3,2,3,WP2->WP3,1,1.744819177285505,-1.7448191772683719,1.2708818590531938,0.16177531204271253,utm,0,0.0,0.0,0,0.0
26.3,17.41,49.90002563973426,8.900120020303545,0.28797715945795366,4.935010750950129,2.948601820007562,492827.06186291116,5527519.975007757,8.611745201807935,2.8676001839339733,0,1,0.0,0.0,2,3,2,3,WP2->WP3,1,1.7058617424015088,-1.7058617423436035,1.3500465102812762,0.17185247701595138,utm,0,0.0,0.0,0,0.0
26.35,17.46,49.900025336249115,8.900121207398511,0.2879496668588526,5.0202968265518155,2.914846036645358,492827.147069811,5527519.941151807,8.697063206287567,2.8340252051129937,0,1,0.0,0.0,2,3,2,3,WP2->WP3,1,1.6653428174745393,-1.665342817434236,1.4322940502125237,0.18232207443945675,utm,0,0.0,0.0,0,0.0
26.4,17.509999999999998,49.900025015732226,8.900122458793458,0.2879960049031692,5.1102024929609025,2.879195861276171,492827.2368919262,5527519.905396067,8.787002661556471,2.7985656540840864,0,1,0.0,0.0,2,3,2,3,WP2->WP3,1,1.6226734368455722,-1.62267343690825,1.5190454728063918,0.19336498795679008,utm,0,0.0,0.0,0,0.0
26.45,17.56,49.90002469594883,8.900123707933512,0.28799686223413906,5.1999461580187365,2.8436272695429183,492827.32655221503,5527519.869722095,8.876780021877494,2.7631873385980725,0,1,0.0,0.0,2,3,2,3,WP2->WP3,1,1.5800692977039708,-1.5800692979282223,1.6056277282705798,0.20438636755655554,utm,0,0.0,0.0,0,0.0
26.5,17.61,49.90002437778268,8.90012495423018,0.2879678015621756,5.289485541837262,2.808238559722455,492827.4160085453,5527519.834228208,8.966352831281256,2.727988434024155,0,1,0.0,0.0,2,3,2,3,WP2->WP3,1,1.5374957427386549,-1.5374957428331073,1.6919396246194083,0.21537333213187218,utm,0,0.0,0.0,0,0.0
26.55,17.66,49.90002405914197,8.900126199555002,0.28794981619375665,5.378955104088241,2.772797066192348,492827.50539501285,5527519.798681653,9.055855951912235,2.6927366331219673,0,1,0.0,0.0,2,3,2,3,WP2->WP3,1,1.495009333701339,-1.4950093339125912,1.778243756734393,0.22635930836878118,utm,0,0.0,0.0,0,0.0
26.6,17.71,49.9000237478849,8.90012741489066,0.28797513738879027,5.4662701140414445,2.7381768343461084,492827.59262888733,5527519.763958903,9.143203776446171,2.658301536925137,0,1,0.0,0.0,2,3,2,3,WP2->WP3,1,1.4535676812980367,-1.4535676810914542,1.862493431162436,0.23708376499156086,utm,0,0.0,0.0,0,0.0
26.65,17.759999999999998,49.900023443253474,8.900128605742301,0.28803300972702445,5.551826085544206,2.704293553027452,492827.6781054116,5527519.729975155,9.228791825007647,2.6245996486395597,0,1,0.0,0.0,2,3,2,3,WP2->WP3,1,1.4129343964929963,-1.4129343965925534,1.94501656455691,0.24758844373926078,utm,0,0.0,0.0,0,0.0
26.7,17.81,49.900023137129914,8.900129798433879,0.28809861451011465,5.637514246082046,2.67024430616378,492827.76371385186,5527519.695825332,9.31451233610278,2.590732120908797,0,1,0.0,0.0,2,3,2,3,WP2->WP3,1,1.3723145863145287,-1.3723145861275114,2.0277513603820685,0.2581200657905634,utm,0,0.0,0.0,0,0.0
26.75,17.86,49.90002283055687,8.900130991477477,0.28815306103955474,5.723227697316358,2.636145064665748,492827.8493475071,5527519.661625504,9.400258226902224,2.5568146714940667,0,1,0.0,0.0,2,3,2,3,WP2->WP3,1,1.331709594968076,-1.3317095948041426,2.1105401630439857,0.2686585625744046,utm,0,0.0,0.0,0,0.0
26.8,17.91,49.90002252368122,8.900132184521736,0.2881849704655315,5.8089411960257635,2.6020121646468093,492827.93498116604,5527519.62739203,9.486004232196137,2.522863577120006,0,1,0.0,0.0,2,3,2,3,WP2->WP3,1,1.2911271583510309,-1.2911271586344983,2.1933539306481675,0.27920023723925513,utm,0,0.0,0.0,0,0.0
26.85,17.96,49.90002221650891,8.900133374913668,0.2881904625889588,5.894464140051045,2.5678462683531507,492828.0204243038,5527519.5931258295,9.571559825213626,2.4888791274279356,0,1,0.0,0.0,2,3,2,3,WP2->WP3,1,1.2507080203393046,-1.2507080202442602,2.276064241727035,0.2897287425354926,utm,0,0.0,0.0,0,0.0
26.9,18.009999999999998,49.900021914942464,8.90013454543006,0.28825517747710017,5.978559138580312,2.534303895947023,492828.10444090026,5527519.559484808,9.65568682452431,2.455515152774751,0,1,0.0,0.0,2,3,2,3,WP2->WP3,1,1.2109281245150085,-1.2109281247043675,2.3573542579510285,0.30007645317980924,utm,0,0.0,0.0,0,0.0
26.95,18.06,49.90002162620723,8.90013568354782,0.28793943971633335,6.060326478245156,2.5021887029861225,492828.18613267376,5527519.527273497,9.737484302080702,2.4235732201486826,0,1,0.0,0.0,2,3,2,3,WP2->WP3,1,1.1719145286549717,-1.1719145289512758,2.436024797350554,0.31009072080765027,utm,0,0.0,0.0,0,0.0
27.0,18.11,49.90002133758206,8.900136808274524,0.2876622512203905,6.1411317461351596,2.4700857523818023,492828.2668627783,5527519.495075708,9.818320071324706,2.391641641035676,0,1,0.0,0.0,2,3,2,3,WP2->WP3,1,1.1336053653578888,-1.1336053656155933,2.5140405352291095,0.32002163629726815,utm,0,0.0,0.0,0,0.0
27.05,18.16,49.90002104238022,8.90013794636063,0.28794777516558634,6.222896811589924,2.4372512963852073,492828.3485513219,5527519.462145426,9.900116688280832,2.358980730175972,0,1,0.0,0.0,2,3,2,3,WP2->WP3,1,1.0950762132151555,-1.0950762132664211,2.5932423410471497,0.33010353081742866,utm,0,0.0,0.0,0,0.0
27.1,18.21,49.900020755795,8.90013905309478,0.28797380576647513,6.3024094159191755,2.4053752429277266,492828.42798958503,5527519.430176171,9.979659870034084,2.3272734247148037,0,1,0.0,0.0,2,3,2,3,WP2->WP3,1,1.057572292641069,-1.0575722926907363,2.6702223833111383,0.339902608732976,utm,0,0.0,0.0,0,0.0
27.15,18.259999999999998,49.900020488188886,8.900140089504827,0.288084550768821,6.376869630289567,2.3756101819694244,492828.5023802969,5527519.400323792,10.05414855206618,2.2976663522422314,0,1,0.0,0.0,2,3,2,3,WP2->WP3,1,1.0223940443997566,-1.0223940446441597,2.742247610532524,0.34907096968303913,utm,0,0.0,0.0,0,0.0
27.2,18.31,49.9000202205774,8.900141116708333,0.2882685295518433,6.450668406611428,2.3458445231499816,492828.57610983576,5527519.370471701,10.12797606375534,2.2680573873221874,0,1,0.0,0.0,2,3,2,3,WP2->WP3,1,0.9877061541062336,-0.9877061538127814,2.8138293295016332,0.35818287480646943,utm,0,0.0,0.0,0,0.0
27.25,18.36,49.90001995052281,8.900142142428821,0.288369051557455,6.524360636446377,2.315807124060538,492828.64973250957,5527519.340348121,10.201697605662048,2.2381765842437744,0,1,0.0,0.0,2,3,2,3,WP2->WP3,1,0.9532795750712969,-0.9532795749476332,2.8855408268588043,0.3673112999070129,utm,0,0.0,0.0,0,0.0
27.3,18.41,49.90001967958417,8.900143168455353,0.2884270062048159,6.598074853757854,2.28567139485548,492828.72337703174,5527519.310126222,10.275441319739912,2.2081975331529975,0,1,0.0,0.0,2,3,2,3,WP2->WP3,1,0.9189027053462575,-0.9189027055677919,2.9573399193244194,0.37645087531700566,utm,0,0.0,0.0,0,0.0
27.35,18.46,49.900019409329005,8.900144193116148,0.2883199944686098,6.671690950645617,2.2556116867014038,492828.796923575,5527519.279980445,10.349086804606486,2.1782942824065685,0,1,0.0,0.0,2,3,2,3,WP2->WP3,1,0.8845474929402573,-0.8845474927305271,3.029016841785171,0.3855748992494804,utm,0,0.0,0.0,0,0.0
27.4,18.509999999999998,49.90001914805244,8.900145199256963,0.28829158476111116,6.743976491446753,2.2265506436734825,492828.8691414269,5527519.250834709,10.421400309889577,2.1493866881355643,0,1,0.0,0.0,2,3,2,3,WP2->WP3,1,0.850507591725649,-0.8505075917219597,3.099060950880015,0.3944910762527576,utm,0,0.0,0.0,0,0.0
27.45,18.56,49.900018907189555,8.90014615266318,0.2881004145756686,6.812473348851,2.199760154146511,492828.93757513986,5527519.223963666,10.489922200795263,2.122741303406656,0,1,0.0,0.0,2,3,2,3,WP2->WP3,1,0.8177501789646563,-0.8177501790763831,3.164880233378304,0.4028694592540862,utm,0,0.0,0.0,0,0.0
27.5,18.61,49.900018677532245,8.90014706351843,0.28771553669151795,6.877913159467507,2.174216028922576,492829.0029546923,5527519.198342563,10.555385828833096,2.097335788421333,0,1,0.0,0.0,2,3,2,3,WP2->WP3,1,0.7864207199305558,-0.7864207199759865,3.2277244200086455,0.410869131158891,utm,0,0.0,0.0,0,0.0
27.55,18.66,49.900018434701465,8.900147971650336,0.28773911491601717,6.943157313103651,2.1472066571256843,492829.0681367143,5527519.171257061,10.620656753133517,2.0704652313143015,0,1,0.0,0.0,2,3,2,3,WP2->WP3,1,0.7562196486366466,-0.7562196489090095,3.29152266214718,0.41899024836283555,utm,0,0.0,0.0,0,0.0
27.6,18.71,49.900018185066834,8.90014888882445,0.2878992686601341,7.009051098421968,2.1194405119898874,492829.13396710006,5527519.1434142245,10.686578533437569,2.0428394805639982,0,1,0.0,0.0,2,3,2,3,WP2->WP3,1,0.7260453008698396,-0.7260453007744676,3.3563175072213176,0.42723822688732016,utm,0,0.0,0.0,0,0.0
27.65,18.759999999999998,49.90001792394323,8.90014983368741,0.2879050479113576,7.076934171029439,2.090396481472165,492829.2017842739,5527519.114291364,10.75449130916968,2.0139402598142624,0,1,0.0,0.0,2,3,2,3,WP2->WP3,1,0.6952550933982935,-0.6952550936669216,3.4233941290686847,0.43577666132387205,utm,0,0.0,0.0,0,0.0
27.7,18.81,49.90001764566723,8.900150817088173,0.2879487806390371,7.1475859674237485,2.059444639264326,492829.2723665208,5527519.083257767,10.825175439415034,1.9831394255161285,0,1,0.0,0.0,2,3,2,3,WP2->WP3,1,0.6636944610050577,-0.6636944612046682,3.4937422931689546,0.4447315426276556,utm,0,0.0,0.0,0,0.0
27.75,18.86,49.90001736448001,8.900151806663809,0.2879228147511984,7.218681393544058,2.028168989095154,492829.34339178907,5527519.051899902,10.896303657267708,1.952015781775117,0,1,0.0,0.0,2,3,2,3,WP2->WP3,1,0.632022546227461,-0.6320225461167586,3.5646280764883476,0.45375485949554306,utm,0,0.0,0.0,0,0.0
27.8,18.91,49.90001710066963,8.900152759615478,0.2879573024555108,7.28714559433808,1.9988261164482846,492829.4117894624,5527519.022477546,10.964797916240059,1.9228189811110497,0,1,0.0,0.0,2,3,2,3,WP2->WP3,1,0.6010024468010962,-0.601002446521399,3.632316112044251,0.4623711230731603,utm,0,0.0,0.0,0,0.0
27.85,18.96,49.9000168528545,8.900153653867573,0.2880889340370365,7.351392561859772,1.9712623490772954,492829.4759739633,5527518.9948392045,11.029073146695737,1.8953922996297479,0,1,0.0,0.0,2,3,2,3,WP2->WP3,1,0.5719121358005408,-0.5719121359108718,3.695855720899093,0.47045931787768913,utm,0,0.0,0.0,0,0.0
27.9,19.009999999999998,49.900016618265816,8.900154524261385,0.2881100608335777,7.413925446397884,1.9451697219873079,492829.5384470287,5527518.9686737,11.091632097493857,1.8694328079000115,0,1,0.0,0.0,2,3,2,3,WP2->WP3,1,0.5431041150100705,-0.5431041148793918,3.7571551130662137,0.4782623471091021,utm,0,0.0,0.0,0,0.0
27.95,19.06,49.900016392713425,8.900155385553736,0.2881658469591451,7.475804442320526,1.9200821751796395,492829.6002678073,5527518.943513744,11.153535451332573,1.8444767100736499,0,1,0.0,0.0,2,3,2,3,WP2->WP3,1,0.5141058621658197,-0.5141058618569875,3.8172711123561034,0.4859147378286665,utm,0,0.0,0.0,0,0.0
28.0,19.11,49.90001617020951,8.900156241580705,0.28815669951358414,7.5373051501971515,1.8953337026644563,492829.6617109018,5527518.918693231,11.215060004557017,1.8198588090017438,0,1,0.0,0.0,2,3,2,3,WP2->WP3,1,0.48516024111250555,-0.4851602408494635,3.8768820401444395,0.4935028361050068,utm,0,0.0,0.0,0,0.0
28.05,19.16,49.90001595287996,8.900157081380222,0.28812818961866016,7.597640007249115,1.8711607588765065,492829.7219893799,5527518.894449571,11.275418046745472,1.795813919045031,0,1,0.0,0.0,2,3,2,3,WP2->WP3,1,0.45669193272971115,-0.4566919325349708,3.9352841411727444,0.5009370582952919,utm,0,0.0,0.0,0,0.0
28.1,19.21,49.90001574202199,8.90015788377421,0.2881261519722193,7.655287488064335,1.8477076307036007,492829.7795825179,5527518.870929021,11.333088380575646,1.772483286447823,0,1,0.0,0.0,2,3,2,3,WP2->WP3,1,0.4297311581281657,-0.42973115825071106,3.991349303773312,0.5080738028398945,utm,0,0.0,0.0,0,0.0
28.15,19.259999999999998,49.900015534900206,8.900158646605432,0.28803534321108626,7.710092607395554,1.8246700676727383,492829.83433498733,5527518.847827657,11.387916679785121,1.7495624767616391,0,1,0.0,0.0,2,3,2,3,WP2->WP3,1,0.4045969342185837,-0.40459693423828286,4.0451988787093764,0.5149285169319969,utm,0,0.0,0.0,0,0.0
28.2,19.31,49.900015317853274,8.900159405500066,0.288001215445461,7.764614905093651,1.8005285593527918,492829.888803278,5527518.823623166,11.442464437044691,1.725537609308958,0,1,0.0,0.0,2,3,2,3,WP2->WP3,1,0.38041316445727835,-0.3804131645059864,4.099676372575629,0.5218631611766504,utm,0,0.0,0.0,0,0.0
28.25,19.36,49.90001509538647,8.900160167010817,0.2879707810702477,7.819325156044997,1.7757842138482967,492829.9434586439,5527518.798815832,11.497201255115215,1.7009105179458857,0,1,0.0,0.0,2,3,2,3,WP2->WP3,1,0.3564947845003476,-0.3564947842844581,4.154726567643442,0.5288707067023554,utm,0,0.0,0.0,0,0.0
28.3,19.41,49.90001485875359,8.900160940456097,0.2879363597596,7.874892835499472,1.7494642162752532,492829.998968996,5527518.772432331,11.552798248711042,1.6747100874781609,0,1,0.0,0.0,2,3,2,3,WP2->WP3,1,0.3329988260626773,-0.33299882602873393,4.211519421367898,0.5361000817757511,utm,0,0.0,0.0,0,0.0
28.35,19.46,49.9000146136752,8.90016171716636,0.28796160466917664,7.930695085685157,1.722204848665668,492830.0547125739,5527518.745109526,11.608631562208757,1.647571125999093,0,1,0.0,0.0,2,3,2,3,WP2->WP3,1,0.30995960228888314,-0.30995960205477435,4.269165551189717,0.5434380735596036,utm,0,0.0,0.0,0,0.0
28.4,19.509999999999998,49.90001435425512,8.900162499585049,0.28800631667103,7.986907453924466,1.693350296262683,492830.1108639807,5527518.716191629,11.664877958828583,1.6188384238630533,0,1,0.0,0.0,2,3,2,3,WP2->WP3,1,0.2876872530954302,-0.2876872532176979,4.3282685778696495,0.5509615192014653,utm,0,0.0,0.0,0,0.0
28.45,19.56,49.90001407644375,8.90016328672734,0.28805668329189216,8.043459186376868,1.662450133313316,492830.16735189105,5527518.685228488,11.721467596886214,1.588061599060893,0,1,0.0,0.0,2,3,2,3,WP2->WP3,1,0.26653650961141884,-0.26653650992674643,4.38911466356239,0.5587068453538537,utm,0,0.0,0.0,0,0.0
28.5,19.61,49.90001378579444,8.900164086046566,0.2877880271521617,8.100885762906467,1.6301220430616503,492830.22471239313,5527518.652836828,11.778934529458638,1.555859137326479,0,1,0.0,0.0,2,3,2,3,WP2->WP3,1,0.24569613489559045,-0.24569613481253916,4.451605668162738,0.5666615593951851,utm,0,0.0,0.0,0,0.0
28.55,19.66,49.90001350265749,8.900164862865877,0.287976708257038,8.15669584750339,1.5986295306149325,492830.2804581648,5527518.621282564,11.834783980855718,1.524488746188581,0,1,0.0,0.0,2,3,2,3,WP2->WP3,1,0.22549234205845034,-0.2254923420844809,4.512392750647978,0.574399374808289,utm,0,0.0,0.0,0,0.0
28.6,19.71,49.90001325069811,8.900165563435953,0.28764522371340734,8.207027854809901,1.5706048101821966,492830.3307326743,5527518.593202001,11.885150752670597,1.4965740088373423,0,1,0.0,0.0,2,3,2,3,WP2->WP3,1,0.20701888147613304,-0.20701888172070543,4.566934253508129,0.5813421669975275,utm,0,0.0,0.0,0,0.0
28.65,19.759999999999998,49.90001301694346,8.900166212509607,0.28799269997639093,8.25366013466368,1.5446049506228705,492830.3773116362,5527518.567150421,11.931815310847014,1.470676064491272,0,1,0.0,0.0,2,3,2,3,WP2->WP3,1,0.18992692154124993,-0.1899269216052974,4.617492629814892,0.5877779320886217,utm,0,0.0,0.0,0,0.0
28.7,19.81,49.9000127967174,8.900166833896007,0.2880647010570274,8.298303241576912,1.5201098360933263,492830.42190422735,5527518.542605634,11.976488543557934,1.44627835880965,0,1,0.0,0.0,2,3,2,3,WP2->WP3,1,0.173298469760759,-0.1732984697291829,4.665601260733933,0.5939018599135681,utm,0,0.0,0.0,0,0.0
28.75,19.86,49.900012598808274,8.900167421245929,0.28788160636526544,8.340501019545957,1.4980969709729923,492830.4640557763,5527518.520545361,12.018712560005952,1.424357108771801,0,1,0.0,0.0,2,3,2,3,WP2->WP3,1,0.1568153324462113,-0.15681533268031725,4.710229894220835,0.5995828058307301,utm,0,0.0,0.0,0,0.0
28.8,19.91,49.90001241718028,8.900167959617843,0.28816597149204753,8.379180004020988,1.4778950088508664,492830.5026923542,5527518.500299953,12.05741564388154,1.4042391320690513,0,1,0.0,0.0,2,3,2,3,WP2->WP3,1,0.14172327749575825,-0.141723277686184,4.751155333265055,0.6047923582566308,utm,0,0.0,0.0,0,0.0
28.85,19.96,49.90001223673216,8.900168470586081,0.2881750438418001,8.415890189006475,1.4578242818479656,492830.5393610961,5527518.480188352,12.094150461489335,1.3842484774067998,0,1,0.0,0.0,2,3,2,3,WP2->WP3,1,0.12800152220339825,-0.1280015223395456,4.790662124482449,0.60982132568698,utm,0,0.0,0.0,0,0.0
28.9,20.009999999999998,49.90001205700263,8.900168956194175,0.28818730395853676,8.450778390715607,1.43783348074295,492830.5742086914,5527518.460159072,12.129063871165272,1.3643341409042478,0,1,0.0,0.0,2,3,2,3,WP2->WP3,1,0.11557575179526844,-0.1155757520744616,4.828886818120664,0.6146870901142623,utm,0,0.0,0.0,0,0.0
28.95,20.06,49.900011881188824,8.900169426393369,0.2881282789766968,8.484559549839503,1.418278214757119,492830.6079502679,5527518.440566628,12.162869828403927,1.344852994196117,0,1,0.0,0.0,2,3,2,3,WP2->WP3,1,0.10367769432773156,-0.10367769432921703,4.866045855337092,0.619417203144102,utm,0,0.0,0.0,0,0.0
29.0,20.11,49.900011708353226,8.90016988830037,0.28811204722861294,8.517744961766498,1.3990542062946867,492830.6410967775,5527518.421306103,12.196079628251027,1.3257018029689789,0,1,0.0,0.0,2,3,2,3,WP2->WP3,1,0.09199859924899832,-0.09199859917430417,4.902559656646155,0.6240651816785032,utm,0,0.0,0.0,0,0.0
29.05,20.16,49.90001153880008,8.900170343535226,0.28812581655063096,8.550451017684148,1.3801952950037215,492830.6737646096,5527518.4024111675,12.228809548483696,1.306914621964097,0,1,0.0,0.0,2,3,2,3,WP2->WP3,1,0.08042953626837762,-0.08042953627892063,4.938481274197308,0.6286377789242819,utm,0,0.0,0.0,0,0.0
29.1,20.21,49.9000113740815,8.900170789165324,0.28810370259286083,8.582467025939437,1.3618741198331155,492830.705743387,5527518.384054674,12.260848643316422,1.2886636089533567,0,1,0.0,0.0,2,3,2,3,WP2->WP3,1,0.06901070168608912,-0.06901070167568528,4.9735414122295385,0.6331007152153469,utm,0,0.0,0.0,0,0.0
29.15,20.259999999999998,49.90001120545564,8.900171237747466,0.288152880715972,8.614695121896228,1.3431183484329499,492830.73793358845,5527518.365263475,12.293100593611598,1.2699785912409425,0,1,0.0,0.0,2,3,2,3,WP2->WP3,1,0.05772645918452819,-0.05772645935923269,5.009065827703574,0.6376227511209727,utm,0,0.0,0.0,0,0.0
29.2,20.31,49.90001103656711,8.9001716878445,0.2881491178385978,8.647032054247417,1.3243333603725156,492830.77023254405,5527518.346442925,12.325461394153535,1.2512645786628127,0,1,0.0,0.0,2,3,2,3,WP2->WP3,1,0.04638120737565697,-0.04638120746607588,5.044684936419242,0.6421568408840082,utm,0,0.0,0.0,0,0.0
29.25,20.36,49.900010870331116,8.900172135332689,0.28807604018962485,8.679181555826617,1.305843407233186,492830.80234453717,5527518.327917541,12.357634260610212,1.2328451164066792,0,1,0.0,0.0,2,3,2,3,WP2->WP3,1,0.03497677029807587,-0.03497677021365918,5.079959697146555,0.6466470973018191,utm,0,0.0,0.0,0,0.0
29.3,20.41,49.90001070480846,8.900172577610256,0.2880209974413422,8.71095670366666,1.2874327955736327,492830.8340824324,5527518.309471969,12.389432768162806,1.214504231698811,0,1,0.0,0.0,2,3,2,3,WP2->WP3,1,0.023796379824556232,-0.023796380037972253,5.114924422582569,0.6510978881661351,utm,0,0.0,0.0,0,0.0
29.35,20.46,49.900010541165614,8.900173010810708,0.2881142996799761,8.742079711940011,1.26923127116669,492830.865168728,5527518.291236268,12.42057898803614,1.1963710701093078,0,1,0.0,0.0,2,3,2,3,WP2->WP3,1,0.012958723569940388,-0.012958723653937035,5.149296558693636,0.6554732461156813,utm,0,0.0,0.0,0,0.0
29.4,20.509999999999998,49.9000103768711,8.90017344259611,0.28817855350728405,8.773101056897055,1.250957262641121,492830.8961533046,5527518.272928246,12.451623727800325,1.178165253251791,0,1,0.0,0.0,2,3,2,3,WP2->WP3,1,0.00224502594733623,-0.0022450259877536956,5.183654153809962,0.6598467530875423,utm,0,0.0,0.0,0,0.0
29.45,20.56,49.90001020390874,8.90017388437433,0.28815157829785437,8.804840329519795,1.2317191545611696,492830.9278542373,5527518.253655557,12.483387998654507,1.1589971333742142,0,1,0.0,0.0,2,3,2,3,WP2->WP3,1,0.008353384800098495,0.008353384737451211,5.219207766755263,0.6643725056486472,utm,0,0.0,0.0,0,0.0
29.5,20.61,49.90001002452391,8.900174337948274,0.28818172024752414,8.837427058196186,1.2117666936896818,492830.9604013352,5527518.233667669,12.516000786970835,1.1391166085377336,0,1,0.0,0.0,2,3,2,3,WP2->WP3,1,0.01910008002544274,0.019100080310742944,5.2558593392983015,0.6690380215994561,utm,0,0.0,0.0,0,0.0
29.55,20.66,49.900009842089275,8.900174805441754,0.2881935619300919,8.871013827107914,1.1914750120674178,492830.9939476212,5527518.213339367,12.549613879760727,1.1188989635556936,0,1,0.0,0.0,2,3,2,3,WP2->WP3,1,0.030359874836080162,0.030359874891368297,5.293433402023339,0.6738209647808026,utm,0,0.0,0.0,0,0.0
29.6,20.71,49.900009656034065,8.900175288183203,0.28818101123244577,8.905696076505528,1.1707806239165588,492831.02858841274,5527518.19260706,12.584322803420946,1.0982809225097299,0,1,0.0,0.0,2,3,2,3,WP2->WP3,1,0.04216085281598894,0.04216085258713193,5.3320410426137785,0.6787354759599962,utm,0,0.0,0.0,0,0.0
29.65,20.759999999999998,49.90000946895939,8.900175775102811,0.28815442666061386,8.940678503128359,1.1499728430869902,492831.06352911046,5527518.171761004,12.619332006550394,1.077550122514367,0,1,0.0,0.0,2,3,2,3,WP2->WP3,1,0.05410807730463139,0.0541080771161908,5.370934155453671,0.6836863259710849,utm,0,0.0,0.0,0,0.0
29.7,20.81,49.90000928150606,8.90017626332078,0.2881079221397661,8.975754209629782,1.1291229459470822,492831.0985629949,5527518.150872726,12.654434535012115,1.0567774064838886,0,1,0.0,0.0,2,3,2,3,WP2->WP3,1,0.06609613186322416,0.06609613165323365,5.409921073482058,0.6886491167959731,utm,0,0.0,0.0,0,0.0
29.75,20.86,49.90000909870985,8.900176743032105,0.2872975400881818,9.010218761735326,1.1087910477270961,492831.13298666,5527518.130503054,12.688925138441846,1.0365212829783559,0,1,0.0,0.0,2,3,2,3,WP2->WP3,1,0.0779791499047679,0.07797914992003689,5.448114085159395,0.6935108483077875,utm,0,0.0,0.0,0,0.0
29.8,20.91,49.90000892684019,8.900177193984167,0.2876741881567415,9.04261712302762,1.0896744766803936,492831.1653465811,5527518.111350976,12.721347996674012,1.0174759468063712,0,1,0.0,0.0,2,3,2,3,WP2->WP3,1,0.08914735573945157,0.0891473557647509,5.484020042276517,0.6980814520782607,utm,0,0.0,0.0,0,0.0
29.85,20.96,49.9000087624291,8.900177623656505,0.28796775827112103,9.073486656294202,1.0713875027046522,492831.1961793916,5527518.093030198,12.752241013164166,0.9992568725720048,0,1,0.0,0.0,2,3,2,3,WP2->WP3,1,0.0997398994418353,0.09973989962900146,5.518285347449,0.7024432111174895,utm,0,0.0,0.0,0,0.0
29.9,21.009999999999998,49.900008600078344,8.900178054962584,0.2879052658701475,9.104473564580292,1.0533296927953872,492831.2271298356,5527518.074938337,12.783250908134505,0.9812671029940248,0,1,0.0,0.0,2,3,2,3,WP2->WP3,1,0.1105732023389789,0.11057320262425165,5.552459678987589,0.7067933897821099,utm,0,0.0,0.0,0,0.0
29.95,21.06,49.900008453293765,8.900178449319915,0.28786999167363564,9.132805913787355,1.037003264692448,492831.25542909023,5527518.0585807,12.811603913316503,0.9650028115138412,0,1,0.0,0.0,2,3,2,3,WP2->WP3,1,0.12060222793949382,0.12060222821004746,5.5835697858416244,0.7107535118093008,utm,0,0.0,0.0,0,0.0
30.0,21.11,49.90000832282437,8.900178802118525,0.28801165922652333,9.158152503376273,1.0224915276925042,492831.28074619843,5527518.044041007,12.836968797491863,0.9505466250702739,0,1,0.0,0.0,2,3,2,3,WP2->WP3,1,0.12963755874207206,0.12963755843224775,5.611331656491193,0.714287424308901,utm,0,0.0,0.0,0,0.0
30.05,21.16,49.900008208352695,8.900179117842127,0.2881321002367387,9.180835462825334,1.0097591711968235,492831.30340311356,5527518.03128353,12.859667629934847,0.9378638807684183,0,1,0.0,0.0,2,3,2,3,WP2->WP3,1,0.13789410951523998,0.13789410937527435,5.635987657265803,0.7174259789987992,utm,0,0.0,0.0,0,0.0
30.1,21.21,49.90000810667909,8.900179403168773,0.28822940987634305,9.201334572484434,0.9984503065105554,492831.3238789498,5527518.019951886,12.88018069678219,0.9265997726470232,0,1,0.0,0.0,2,3,2,3,WP2->WP3,1,0.14548840907273894,0.14548840907222196,5.658123435014642,0.720243725060022,utm,0,0.0,0.0,0,0.0
30.15,21.259999999999998,49.90000800704498,8.900179673206718,0.28787614813983836,9.220735275303154,0.9873682901516965,492831.34325712133,5527518.008848461,12.899595352821052,0.9155602660030127,0,1,0.0,0.0,2,3,2,3,WP2->WP3,1,0.1524213240919838,0.15242132394341049,5.6793539379142635,0.7229462352948983,utm,0,0.0,0.0,0,0.0
30.2,21.31,49.900007902721235,8.900179941824732,0.28802565126767055,9.240033963974845,0.9757646586974266,492831.3625326247,5527517.9972237665,12.918909058964346,0.9039991535246372,0,1,0.0,0.0,2,3,2,3,WP2->WP3,1,0.1589285703336273,0.15892857003666738,5.700902355649554,0.7256892140999861,utm,0,0.0,0.0,0,0.0
30.25,21.36,49.90000779498505,8.900180221419776,0.28799722899721697,9.260121290378688,0.9637814717374864,492831.3825959446,5527517.985218617,12.939011831127573,0.8920601857826114,0,1,0.0,0.0,2,3,2,3,WP2->WP3,1,0.1657652447031999,0.16576524473445206,5.723261253161977,0.7285353619116307,utm,0,0.0,0.0,0,0.0
30.3,21.41,49.900007690632854,8.900180497588018,0.28775234535344874,9.279962420396604,0.9521746755105769,492831.40241366817,5527517.973590035,12.958867767360061,0.8804969731718302,0,1,0.0,0.0,2,3,2,3,WP2->WP3,1,0.1726721785462904,0.17267217841328364,5.745176096447709,0.7313249843975145,utm,0,0.0,0.0,0,0.0
30.35,21.46,49.90000759378342,8.90018074927987,0.28792415510438296,9.298045059969581,0.9414023908439543,492831.4204747171,5527517.962797976,12.976964281871915,0.8697644900530577,0,1,0.0,0.0,2,3,2,3,WP2->WP3,1,0.1788366304652787,0.17883663015174908,5.765292496684221,0.7338856763314306,utm,0,0.0,0.0,0,0.0
30.4,21.509999999999998,49.90000748524757,8.900181032533569,0.28793247373058023,9.318395240008147,0.9293302591270105,492831.44080066716,5527517.950703567,12.997329976875335,0.8577371276915073,0,1,0.0,0.0,2,3,2,3,WP2->WP3,1,0.18580831448922522,0.18580831431980546,5.7878937046066365,0.736762668742759,utm,0,0.0,0.0,0,0.0
30.45,21.56,49.90000735857516,8.900181364784146,0.2879741254241374,9.342265569388534,0.9152408491139827,492831.4646426698,5527517.936587999,13.021218365815002,0.8437002040445805,0,1,0.0,0.0,2,3,2,3,WP2->WP3,1,0.19403356968048183,0.19403356969558697,5.814351889156988,0.7401306301557149,utm,0,0.0,0.0,0,0.0
30.5,21.61,49.90000723808696,8.900181686413204,0.2878339453941068,9.365372802508933,0.901839291432125,492831.48772279825,5527517.923161025,13.044342615583446,0.8303493605926633,0,1,0.0,0.0,2,3,2,3,WP2->WP3,1,0.20215524228400858,0.20215524235301235,5.839788366522254,0.7433685346341838,utm,0,0.0,0.0,0,0.0
30.55,21.66,49.900007138944915,8.900181947505798,0.2880757851182819,9.384130832319935,0.8908120058999016,492831.50645862764,5527517.9121131655,13.063114749849774,0.8193633016198874,0,1,0.0,0.0,2,3,2,3,WP2->WP3,1,0.20864883304977588,0.20864883326644962,5.860546973977032,0.7460109755303587,utm,0,0.0,0.0,0,0.0
30.6,21.71,49.90000704096251,8.900182198763295,0.2880266000702201,9.40218226582543,0.8799137034253537,492831.5244883156,5527517.901195179,13.081180318549741,0.8085047891363502,0,1,0.0,0.0,2,3,2,3,WP2->WP3,1,0.21470558656844815,0.21470558649993865,5.880735778389537,0.7485808840630335,utm,0,0.0,0.0,0,0.0
30.65,21.759999999999998,49.9000069428348,8.900182450929526,0.2879991907391905,9.420298986771893,0.8689992395967625,492831.5425832434,5527517.890260952,13.099311180179939,0.797630250453949,0,1,0.0,0.0,2,3,2,3,WP2->WP3,1,0.22079985498891527,0.22079985495578858,5.900980373379589,0.7511578943872927,utm,0,0.0,0.0,0,0.0
30.7,21.81,49.900006848564615,8.900182696647084,0.28807302064072243,9.437952406968531,0.8585138370063696,492831.5602156276,5527517.87975623,13.116978085425217,0.787183690816164,0,1,0.0,0.0,2,3,2,3,WP2->WP3,1,0.22683891468227393,0.22683891438397744,5.92059618106424,0.7536548640202675,utm,0,0.0,0.0,0,0.0
30.75,21.86,49.900006755669814,8.900182937755964,0.2882388767563435,9.455274719661922,0.848181414700037,492831.57751724066,5527517.86940487,13.134313715912867,0.7768894014880061,0,1,0.0,0.0,2,3,2,3,WP2->WP3,1,0.23273538627479073,0.23273538625373602,5.939876432216774,0.7561091194054115,utm,0,0.0,0.0,0,0.0
30.8,21.91,49.90000666325855,8.900183175570204,0.2883152303825066,9.47236033098789,0.8379027744253235,492831.5945823189,5527517.859107583,13.151412634702865,0.7666484052315354,0,1,0.0,0.0,2,3,2,3,WP2->WP3,1,0.23849261788633355,0.23849261784483736,5.958957975786616,0.7585380805580771,utm,0,0.0,0.0,0,0.0
30.85,21.96,49.90000657056747,8.900183413282496,0.28834685074705046,9.489438618004622,0.8275930107024438,492831.61164003436,5527517.848779198,13.16850429319311,0.756376288831234,0,1,0.0,0.0,2,3,2,3,WP2->WP3,1,0.2442235365355255,0.2442235366102373,5.978057655473764,0.7609693503250452,utm,0,0.0,0.0,0,0.0
30.9,22.009999999999998,49.90000647934428,8.900183650644422,0.2881774714753796,9.506491733140233,0.8174465161354614,492831.62867280556,5527517.8386140475,13.185570469649974,0.7462673224508762,0,1,0.0,0.0,2,3,2,3,WP2->WP3,1,0.2500453917593237,0.25004539199786585,5.997019500706877,0.7633830746280876,utm,0,0.0,0.0,0,0.0
30.95,22.06,49.90000638985052,8.900183888184971,0.28802743072729226,9.523557681354893,0.8074923814446651,492831.6457186609,5527517.828641164,13.202649096609093,0.7363506648689508,0,1,0.0,0.0,2,3,2,3,WP2->WP3,1,0.256005863847173,0.25600586384809093,6.015847468279886,0.7657797571423245,utm,0,0.0,0.0,0,0.0
31.0,22.11,49.90000629987692,8.90018412185537,0.28811267620971825,9.540345581097545,0.7974848765035323,492831.6624865082,5527517.818615303,13.219449891592376,0.7263801153749228,0,1,0.0,0.0,2,3,2,3,WP2->WP3,1,0.2617245514692622,0.2617245512486425,6.0345283462273045,0.7681577160671823,utm,0,0.0,0.0,0,0.0
31.05,22.16,49.90000620848195,8.90018435352758,0.28826335181460616,9.556989922286187,0.7873192751435397,492831.67911064386,5527517.8084316,13.236107495904434,0.7162512494251132,0,1,0.0,0.0,2,3,2,3,WP2->WP3,1,0.2672307851740218,0.2672307851740187,6.053229979430332,0.7705383170062674,utm,0,0.0,0.0,0,0.0
31.1,22.21,49.900006116437126,8.900184586949125,0.2883188581071601,9.573759943317379,0.7770813934329782,492831.6958603129,5527517.798175476,13.252890871546697,0.7060503764078021,0,1,0.0,0.0,2,3,2,3,WP2->WP3,1,0.2727816007342041,0.27278160080373803,6.072069511056083,0.7729364715520919,utm,0,0.0,0.0,0,0.0
31.15,22.259999999999998,49.90000602329685,8.900184820515182,0.28832767258099007,9.590540346717397,0.766721666914498,492831.71262019785,5527517.787797544,13.269684864440933,0.6957277301698923,0,1,0.0,0.0,2,3,2,3,WP2->WP3,1,0.2782583287347186,0.2782583284602187,6.09100626521498,0.7753470019183165,utm,0,0.0,0.0,0,0.0
31.2,22.31,49.90000593328134,8.900185041777497,0.28825297085723584,9.606436795672057,0.7567095000715268,492831.72849694535,5527517.7777682105,13.285594575922005,0.6857507713139057,0,1,0.0,0.0,2,3,2,3,WP2->WP3,1,0.2833135462986397,0.28331354632823313,6.1090922657845805,0.7776492366735845,utm,0,0.0,0.0,0,0.0
31.25,22.36,49.90000585107024,8.900185249254903,0.28834188182677156,9.621342876675756,0.7475653943504404,492831.7433848776,5527517.76860791,13.300512613728642,0.6766395810991526,0,1,0.0,0.0,2,3,2,3,WP2->WP3,1,0.28821778332063896,0.2882177832482867,6.125870528419416,0.7797850045688846,utm,0,0.0,0.0,0,0.0
31.3,22.41,49.90000575757911,8.900185468230575,0.2881817806240125,9.637075043177541,0.7371666434188787,492831.7590968936,5527517.758192365,13.316258867329452,0.6662758700549603,0,1,0.0,0.0,2,3,2,3,WP2->WP3,1,0.2928918385254338,0.29289183824798987,6.144132626541718,0.7821096554412253,utm,0,0.0,0.0,0,0.0
31.35,22.46,49.90000565510395,8.9001856956369,0.28804307832814696,9.653412904567187,0.725768625962382,492831.77541303093,5527517.746777147,13.332612533238716,0.6549144806340337,0,1,0.0,0.0,2,3,2,3,WP2->WP3,1,0.2973438650187607,0.2973438649069047,6.1635414646886675,0.7845802791465227,utm,0,0.0,0.0,0,0.0
31.4,22.509999999999998,49.900005564159535,8.900185904299434,0.287816383993754,9.668404130362655,0.7156531388089773,492831.79038478027,5527517.7366457395,13.347617587831337,0.6448324648663402,0,1,0.0,0.0,2,3,2,3,WP2->WP3,1,0.301659192539269,0.301659192695695,6.181096425317859,0.7868149158387175,utm,0,0.0,0.0,0,0.0
31.45,22.56,49.90000548626111,8.900186097971233,0.2880015167357486,9.682318356372976,0.706988719367876,492831.80428189394,5527517.727966255,13.361543227976654,0.6361988233402371,0,1,0.0,0.0,2,3,2,3,WP2->WP3,1,0.30615067500806886,0.3061506750253328,6.19685363998276,0.7888207107134965,utm,0,0.0,0.0,0,0.0
31.5,22.61,49.90000540097795,8.900186305110902,0.28772690995317635,9.697200172882404,0.697502918670679,492831.8191451168,5527517.718464427,13.37643768201815,0.6267460267990828,0,1,0.0,0.0,2,3,2,3,WP2->WP3,1,0.3108075961652986,0.3108075959691451,6.213868727802514,0.790986624973635,utm,0,0.0,0.0,0,0.0
31.55,22.66,49.900005298028326,8.900186533028124,0.2880895795294329,9.713574739410127,0.6860521259948743,492831.8354978744,5527517.706996407,13.392828141979408,0.6153319580480456,0,1,0.0,0.0,2,3,2,3,WP2->WP3,1,0.3152513910766398,0.31525139101879984,6.233341294027593,0.7934653608646969,utm,0,0.0,0.0,0,0.0
31.6,22.71,49.90000518527343,8.900186764450256,0.2881444934479569,9.730201113828665,0.6735107221022341,492831.8521008866,5527517.694437876,13.409472448809538,0.6028282083570957,0,1,0.0,0.0,2,3,2,3,WP2->WP3,1,0.3191497062000064,0.3191497061073328,6.253790740318333,0.7960684474783101,utm,0,0.0,0.0,0,0.0
31.65,22.759999999999998,49.900005069576075,8.900186998067193,0.288172480294927,9.746985172683187,0.6606420369934239,492831.86886108416,5527517.6815519845,13.426275018951856,0.5899976175278425,0,1,0.0,0.0,2,3,2,3,WP2->WP3,1,0.3229451582928236,0.32294515807065655,6.274588455956902,0.7987158666016829,utm,0,0.0,0.0,0,0.0
31.7,22.81,49.90000494428946,8.900187239449288,0.28812455897915346,9.7643271142854,0.6467067654877544,492831.88617752056,5527517.667599192,13.443637340678833,0.5761019634082913,0,1,0.0,0.0,2,3,2,3,WP2->WP3,1,0.32643798159062876,0.326437981880881,6.296550686563359,0.8015115211971152,utm,0,0.0,0.0,0,0.0
31.75,22.86,49.90000479919873,8.900187491352105,0.2881165080944309,9.78242491040929,0.6305687393494999,492831.90424657485,5527517.651443519,13.46175953547936,0.56000592187047,0,1,0.0,0.0,2,3,2,3,WP2->WP3,1,0.3290122402805624,0.32901224041191035,6.320651924959831,0.8045794581059872,utm,0,0.0,0.0,0,0.0
31.8,22.91,49.90000464617161,8.900187740343954,0.28811746943039224,9.800313569944691,0.6135479708838446,492831.9221054006,5527517.634405735,13.479674409783911,0.5430270824581385,0,1,0.0,0.0,2,3,2,3,WP2->WP3,1,0.33083909541412604,0.33083909527536676,6.3452666834032,0.8077127629050648,utm,0,0.0,0.0,0,0.0
31.85,22.96,49.90000448958907,8.900187988552664,0.28807357731462746,9.818145965369617,0.5961317430986592,492831.93990745797,5527517.616972726,13.497533818357624,0.5256528314203024,0,1,0.0,0.0,2,3,2,3,WP2->WP3,1,0.3323588456864498,0.33235884549238853,6.370136613296409,0.8108785494337604,utm,0,0.0,0.0,0,0.0
31.9,23.009999999999998,49.90000433658881,8.900188226421944,0.2878156685619913,9.83523553103898,0.5791139618161215,492831.95696751395,5527517.599938993,13.514649913879111,0.508675410412252,0,1,0.0,0.0,2,3,2,3,WP2->WP3,1,0.3335957787499062,0.33359577872146523,6.394212816256252,0.8139432994881314,utm,0,0.0,0.0,0,0.0
31.95,23.06,49.90000419336407,8.900188442212722,0.28803966314670476,9.850738880867342,0.5631834847646562,492831.9724434376,5527517.5839942405,13.530178297078237,0.4927817424759269,0,1,0.0,0.0,2,3,2,3,WP2->WP3,1,0.33438750983865123,0.33438750972765985,6.416418953209307,0.8167700018359955,utm,0,0.0,0.0,0,0.0
32.0,23.11,49.900004060784866,8.900188632438978,0.28783101459553545,9.864405564087903,0.5484370798381051,492831.98608500714,5527517.569235534,13.543868427688722,0.47806807048618793,0,1,0.0,0.0,2,3,2,3,WP2->WP3,1,0.33461346999904856,0.3346134697657061,6.4365152405991175,0.8193281335303204,utm,0,0.0,0.0,0,0.0
32.05,23.159999999999997,49.9000039384671,8.900188810705199,0.28801951021665684,9.877212986292287,0.5348320250821805,492831.99886918,5527517.555618865,13.55669740284793,0.4644936043769121,0,1,0.0,0.0,2,3,2,3,WP2->WP3,1,0.33496899396651664,0.3349689938990189,6.45518934973983,0.8217052308284195,utm,0,0.0,0.0,0,0.0
32.1,23.21,49.90000381892557,8.900188987201128,0.2879554693509229,9.889893222979008,0.5215357624213394,492832.0115266297,5527517.542311036,13.569398637802806,0.4512275569140911,0,1,0.0,0.0,2,3,2,3,WP2->WP3,1,0.33543756416682136,0.33543756440687894,6.473549355118951,0.8240423446822014,utm,0,0.0,0.0,0,0.0
32.15,23.259999999999998,49.900003697576366,8.900189171544215,0.2879511886874877,9.903137233664014,0.508038438705255,492832.0247473599,5527517.528801473,13.582663815002888,0.4377616345882416,0,1,0.0,0.0,2,3,2,3,WP2->WP3,1,0.3361887982872186,0.3361887982347176,6.492436696191936,0.8264465850716389,utm,0,0.0,0.0,0,0.0
32.2,23.310000000000002,49.90000357238767,8.900189367976015,0.28786579817187646,9.917249750246123,0.49411405817773035,492832.0388356795,5527517.514863868,13.596797987411264,0.42387053091078997,0,1,0.0,0.0,2,3,2,3,WP2->WP3,1,0.33729674155507555,0.33729674163313816,6.51222330862843,0.8289652970812406,utm,0,0.0,0.0,0,0.0
32.25,23.36,49.900003440531066,8.900189572215833,0.28794758365767303,9.931923228820633,0.47944802559921734,492832.05348374875,5527517.500184161,13.611494351935107,0.409239174798131,0,1,0.0,0.0,2,3,2,3,WP2->WP3,1,0.338322428372656,0.33832242835737686,6.53293581005051,0.831601868967819,utm,0,0.0,0.0,0,0.0
32.3,23.409999999999997,49.90000329908831,8.900189789282885,0.28795532685646164,9.947518271813003,0.46371575331255344,492832.06905159337,5527517.484437414,13.62711400311673,0.39354381524026394,0,1,0.0,0.0,2,3,2,3,WP2->WP3,1,0.33931511644483625,0.3393151161843108,6.555056668378698,0.8344177158801048,utm,0,0.0,0.0,0,0.0
32.35,23.46,49.90000314278541,8.900190024930994,0.28795776422735975,9.964448258892288,0.44633062916475064,492832.08595164615,5527517.467036697,13.644071305636317,0.3761988840997219,0,1,0.0,0.0,2,3,2,3,WP2->WP3,1,0.34018728550918687,0.340187285241026,6.579297874411291,0.8375034697936402,utm,0,0.0,0.0,0,0.0
32.4,23.509999999999998,49.90000297414555,8.900190275660806,0.2879540611817091,9.982461781239211,0.42757330049550835,492832.1039329729,5527517.448262882,13.662114401056897,0.3574844263494015,0,1,0.0,0.0,2,3,2,3,WP2->WP3,1,0.34094107478508906,0.34094107480207686,6.605282793678629,0.8408111874960631,utm,0,0.0,0.0,0,0.0
32.45,23.560000000000002,49.90000279595012,8.90019053711418,0.2879611770969167,10.001245730919283,0.4077531332050989,492832.1226830029,5527517.42842563,13.680929699970875,0.3377090683206916,0,1,0.0,0.0,2,3,2,3,WP2->WP3,1,0.34155219321200125,0.34155219334579023,6.632572109508978,0.8442849467227277,utm,0,0.0,0.0,0,0.0
32.5,23.61,49.900002615797426,8.90019080807125,0.28792287197338073,10.020712467635464,0.3877152652164909,492832.1421152568,5527517.408369853,13.700427939242218,0.3177174376323819,0,1,0.0,0.0,2,3,2,3,WP2->WP3,1,0.3425229664930447,0.3425229667444121,6.66048096581379,0.8478375695769321,utm,0,0.0,0.0,0,0.0
32.55,23.659999999999997,49.90000243872981,8.90019109801399,0.28765230960350296,10.041543217616391,0.36802054051376176,492832.1629114351,5527517.388655265,13.721288971137255,0.29807148687541485,0,1,0.0,0.0,2,3,2,3,WP2->WP3,1,0.3447344436001259,0.3447344436950479,6.68905114946864,0.8514743752665849,utm,0,0.0,0.0,0,0.0
32.6,23.71,49.90000225881166,8.90019140644261,0.2880284383726969,10.063702073867072,0.3480087604967097,492832.18503476586,5527517.368621981,13.743478198477533,0.27811121568083763,0,1,0.0,0.0,2,3,2,3,WP2->WP3,1,0.3477169104955234,0.34771691045938546,6.718747599195991,0.8552545475831383,utm,0,0.0,0.0,0,0.0
32.65,23.759999999999998,49.9000020772754,8.900191724395919,0.2880132642301312,10.086545225126159,0.3278170023430633,492832.2078418782,5527517.348407878,13.766351799538825,0.25797238014638424,0,1,0.0,0.0,2,3,2,3,WP2->WP3,1,0.35108546757066666,0.3510854675229669,6.749036659300544,0.859110155494282,utm,0,0.0,0.0,0,0.0
32.7,23.810000000000002,49.900001906971355,8.900192022863155,0.2879552474331887,10.107988412096192,0.3088745709120917,492832.2292512508,5527517.329444468,13.787823547027074,0.23907962441444397,0,1,0.0,0.0,2,3,2,3,WP2->WP3,1,0.35425553845202,0.3542555382300173,6.77746064197501,0.8627283507135325,utm,0,0.0,0.0,0,0.0
32.75,23.86,49.90000175662577,8.900192283455745,0.28802494340088775,10.126710519342415,0.292152062280059,492832.24794359,5527517.312703716,13.806570951419417,0.22240056097507477,0,1,0.0,0.0,2,3,2,3,WP2->WP3,1,0.35689995890299453,0.35689995871339697,6.802413865715173,0.8659047400279916,utm,0,0.0,0.0,0,0.0
32.8,23.909999999999997,49.900001615637166,8.900192537959276,0.28795987538258444,10.144995162115986,0.2764703039532897,492832.26620002603,5527517.29700388,13.824879024818074,0.206760972738266,0,1,0.0,0.0,2,3,2,3,WP2->WP3,1,0.3599188678982598,0.35991886761027214,6.826302534172007,0.8689456181130469,utm,0,0.0,0.0,0,0.0
32.85,23.96,49.90000146794431,8.900192800704275,0.28806088503779087,10.163871907862617,0.2600428500531453,492832.2850473351,5527517.280557859,13.843780427007005,0.19037714786827564,0,1,0.0,0.0,2,3,2,3,WP2->WP3,1,0.3628758738233225,0.3628758739246525,6.851140988061208,0.8721073979432962,utm,0,0.0,0.0,0,0.0
32.9,24.009999999999998,49.90000132724411,8.900193042568494,0.28800808909674785,10.181248487394443,0.2443931703373104,492832.30239611433,5527517.264891298,13.8611807388952,0.17476784344762564,0,1,0.0,0.0,2,3,2,3,WP2->WP3,1,0.3652436666888351,0.36524366684542603,6.874396414051424,0.8750676682229083,utm,0,0.0,0.0,0,0.0
32.95,24.060000000000002,49.900001219489475,8.900193218162661,0.28794546573318536,10.193863937553472,0.23240793083870986,492832.31499055104,5527517.252894052,13.873814642312936,0.16281216591596603,0,1,0.0,0.0,2,3,2,3,WP2->WP3,1,0.36654419060960036,0.3665441905531234,6.891741798670566,0.8772756271997978,utm,0,0.0,0.0,0,0.0
33.0,24.11,49.90000113880116,8.900193355082017,0.2879303990678715,10.203700820756477,0.22343320023995936,492832.3248115429,5527517.2439098125,13.883665187109727,0.15386033803224564,0,1,0.0,0.0,2,3,2,3,WP2->WP3,1,0.3678071139274938,0.36780711360308926,6.904992212637427,0.8789623220242727,utm,0,0.0,0.0,0,0.0
33.05,24.159999999999997,49.90000106492119,8.900193487041108,0.2879654948523352,10.213181336899337,0.21521574320239414,492832.33427731897,5527517.235683017,13.893158021965064,0.145664781332016,0,1,0.0,0.0,2,3,2,3,WP2->WP3,1,0.36931433103981,0.3693143310238205,6.91744248856474,0.8805471642807036,utm,0,0.0,0.0,0,0.0
33.1,24.21,49.90000099041512,8.900193619621836,0.28801627196870494,10.222706514214531,0.20692864630866892,492832.34378764563,5527517.22738655,13.902695636788849,0.13739969860762358,0,1,0.0,0.0,2,3,2,3,WP2->WP3,1,0.37080788918170793,0.3708078891990163,6.92997432673675,0.8821423889007608,utm,0,0.0,0.0,0,0.0
33.15,24.259999999999998,49.90000091418904,8.900193754055918,0.28807760667698884,10.232364844487853,0.19845023809521906,492832.3534308171,5527517.218898673,13.912366726435721,0.12894364539533854,0,1,0.0,0.0,2,3,2,3,WP2->WP3,1,0.37227167558721835,0.3722716756439468,6.94273724756987,0.8837670288982917,utm,0,0.0,0.0,0,0.0
33.2,24.310000000000002,49.9000008419962,8.900193881310031,0.2880614651013522,10.241507334526075,0.19042043516526702,492832.3625589524,5527517.210859906,13.921521302778274,0.1209350023418665,0,1,0.0,0.0,2,3,2,3,WP2->WP3,1,0.37365445158017696,0.37365445154516624,6.954821640617314,0.8853052965524965,utm,0,0.0,0.0,0,0.0
33.25,24.36,49.90000077538547,8.900193998072622,0.2880473463097867,10.249896067880176,0.18301151421338105,492832.3709344598,5527517.203442778,13.92992120666895,0.11354551557451487,0,1,0.0,0.0,2,3,2,3,WP2->WP3,1,0.37489561305021657,0.3748956132345814,6.965940202646738,0.8867206199588094,utm,0,0.0,0.0,0,0.0
33.3,24.409999999999997,49.90000070681806,8.900194118022112,0.28812296886782146,10.258513761992056,0.17538495765587034,492832.3795385464,5527517.195807795,13.938550406543072,0.10593892727047205,0,1,0.0,0.0,2,3,2,3,WP2->WP3,1,0.3761603008643834,0.3761603011424677,6.977373655404667,0.8881760269854054,utm,0,0.0,0.0,0,0.0
33.35,24.46,49.90000063276552,8.90019424787798,0.28820636607592104,10.267843173465991,0.16714830538429798,492832.3888532528,5527517.187562014,13.947892235126346,0.09772388637065887,0,1,0.0,0.0,2,3,2,3,WP2->WP3,1,0.37754270459230027,0.37754270472790813,6.989736730329986,0.8897497690996733,utm,0,0.0,0.0,0,0.0
33.4,24.509999999999998,49.900000553255566,8.900194386755256,0.28823323718529165,10.277820722177651,0.15830464080558634,492832.39881502866,5527517.178708599,13.95788313203957,0.08890334609895945,0,1,0.0,0.0,2,3,2,3,WP2->WP3,1,0.37899779493567376,0.3789977946587492,7.002984471612539,0.8914361237081517,utm,0,0.0,0.0,0,0.0
33.45,24.560000000000002,49.90000047005624,8.900194532189968,0.2882604295287717,10.288269385630985,0.14905061849073983,492832.40924718423,5527517.1694443645,13.968345759843942,0.07967353984713554,0,1,0.0,0.0,2,3,2,3,WP2->WP3,1,0.3805264357485496,0.38052643596155833,7.0168523901878945,0.8932014230071617,utm,0,0.0,0.0,0,0.0
33.5,24.61,49.90000039887953,8.900194661262516,0.2881079124706725,10.29754251997708,0.14113383607978164,492832.41850606224,5527517.1615184,13.97763070644578,0.0717781288549304,0,1,0.0,0.0,2,3,2,3,WP2->WP3,1,0.382081844686337,0.38208184486764796,7.028940750068544,0.8947401956144232,utm,0,0.0,0.0,0,0.0
33.55,24.659999999999997,49.900000350800035,8.900194747909703,0.2880675166346849,10.303767631504035,0.13578609199729236,492832.4247215592,5527517.1561645055,13.983863812638447,0.0664447471499443,0,1,0.0,0.0,3,4,3,4,WP3->WP4,1,0.9039607004869906,-0.395827333183045,-0.8126903902041228,-0.06270358439104831,utm,0,0.0,0.0,0,0.0
33.6,24.71,49.90000030673337,8.900194824917042,0.2880699664379588,10.309300174339118,0.13088468274102377,492832.4302453592,5527517.151257689,13.989403752319049,0.061556159518659115,0,1,0.0,0.0,3,4,3,4,WP3->WP4,1,0.8976596321170679,-0.38960807337544134,-0.8087016534502859,-0.062395831162177146,utm,0,0.0,0.0,0,0.0
33.65,24.759999999999998,49.90000026201036,8.90019490315892,0.2880538403004288,10.314921411750108,0.12591027074812206,492832.43585772114,5527517.146277782,13.99503249436384,0.056594773195683956,0,1,0.0,0.0,3,4,3,4,WP3->WP4,1,0.891279993912093,-0.38328996845375257,-0.8046544771705816,-0.06208356899880131,utm,0,0.0,0.0,0,0.0
33.7,24.810000000000002,49.90000021713874,8.900194981626507,0.2880431665554619,10.320558865223347,0.12091932877910129,492832.44148627063,5527517.141281328,14.000677478325088,0.05161689501255751,0,1,0.0,0.0,3,4,3,4,WP3->WP4,1,0.8848975637741023,-0.3769533012461112,-0.8005934717776557,-0.06177023984241265,utm,0,0.0,0.0,0,0.0
33.75,24.86,49.900000172213716,8.900195060134871,0.28803522726012676,10.326199248241615,0.11592244711271636,492832.44711774046,5527517.136278935,14.006325402238872,0.04663308709859848,0,1,0.0,0.0,3,4,3,4,WP3->WP4,1,0.8785267281584526,-0.370612826044997,-0.7965270524343389,-0.06145649296963492,utm,0,0.0,0.0,0,0.0
33.8,24.909999999999997,49.9000001272661,8.900195138657121,0.2880290056128616,10.331840628874929,0.1109230523069583,492832.45275020436,5527517.131274027,14.011974328488577,0.041646767407655716,0,1,0.0,0.0,3,4,3,4,WP3->WP4,1,0.8721717195258708,-0.36427097805875036,-0.7924583035622982,-0.06114256636075758,utm,0,0.0,0.0,0,0.0
33.85,24.96,49.90000008230875,8.900195217182196,0.28802389097920117,10.337482212425979,0.10592257569092389,492832.45838286955,5527517.126268038,14.017623459571041,0.03665936645120382,0,1,0.0,0.0,3,4,3,4,WP3->WP4,1,0.865834542271408,-0.35792876319511346,-0.7883885178438071,-0.060828559753408874,utm,0,0.0,0.0,0,0.0
33.9,25.009999999999998,49.9000000304787,8.900195307744733,0.28804992186961037,10.343988619746792,0.10015766745316416,492832.4648789942,5527517.12049677,14.024138567328919,0.03090953826904297,0,1,0.0,0.0,3,4,3,4,WP3->WP4,1,0.8585519963484671,-0.3506146471416407,-0.7836969437503767,-0.06046657871408542,utm,0,0.0,0.0,0,0.0
33.95,25.060000000000002,49.89999997463182,8.900195404850479,0.2881284370359199,10.350965119690953,0.09394597864655843,492832.4718444283,5527517.114278276,14.031124455737881,0.024714031256735325,0,1,0.0,0.0,3,4,3,4,WP3->WP4,1,0.8507433944422742,-0.342767419782093,-0.7786365128370806,-0.06007613831925408,utm,0,0.0,0.0,0,0.0
34.0,25.11,49.899999925706474,8.900195488658108,0.28815508172914217,10.35698622500232,0.08850415244642697,492832.4778558756,5527517.108830608,14.037153822428081,0.0192862031981349,0,1,0.0,0.0,3,4,3,4,WP3->WP4,1,0.8439509499146581,-0.33598238312916245,-0.7741892818224121,-0.059733009707674575,utm,0,0.0,0.0,0,0.0
34.05,25.159999999999997,49.89999988284535,8.900195559767948,0.2882008410380467,10.362095065781494,0.08373683247724158,492832.48295632185,5527517.104058392,14.042269967088941,0.014530819840729237,0,1,0.0,0.0,3,4,3,4,WP3->WP4,1,0.8380607861846965,-0.33020225167137046,-0.7702677160128604,-0.059430439090809625,utm,0,0.0,0.0,0,0.0
34.1,25.21,49.89999983077744,8.900195634479909,0.2882038352838455,10.367462698650181,0.07794546764585011,492832.48831409274,5527517.098262197,14.047646809369326,0.008752312511205673,0,1,0.0,0.0,3,4,3,4,WP3->WP4,1,0.831131744417952,-0.32400878416408835,-0.7653746039448505,-0.059052908275643655,utm,0,0.0,0.0,0,0.0
34.15,25.259999999999998,49.89999977152117,8.900195714422825,0.28821869805283273,10.373206146138088,0.0713545629470028,492832.4940464629,5527517.091666281,14.053400884266011,0.0021753227338194847,0,1,0.0,0.0,3,4,3,4,WP3->WP4,1,0.8233542492621909,-0.3173209831333822,-0.759749704469419,-0.05861891599125071,utm,0,0.0,0.0,0,0.0
34.2,25.310000000000002,49.89999972315642,8.900195784228513,0.28824042344998124,10.378221290993505,0.06597509047992758,492832.4990524354,5527517.086282281,14.058424571761861,-0.0031921518966555595,0,1,0.0,0.0,3,4,3,4,WP3->WP4,1,0.8169439416356208,-0.3115390993635246,-0.7552091057070939,-0.058268583538558814,utm,0,0.0,0.0,0,0.0
34.25,25.36,49.89999968888133,8.900195834980991,0.28815611324918494,10.381867570170284,0.06216276984028866,492832.50269217754,5527517.082466629,14.062076868081931,-0.006995788775384426,0,1,0.0,0.0,3,4,3,4,WP3->WP4,1,0.8123894458393305,-0.3073505851194946,-0.7520054717472731,-0.05802140535757011,utm,0,0.0,0.0,0,0.0
34.3,25.409999999999997,49.89999965482781,8.900195870810228,0.28815343626716067,10.38444169865766,0.058375094522661194,492832.5052602309,5527517.078677041,14.064657395530958,-0.01077689416706562,0,1,0.0,0.0,3,4,3,4,WP3->WP4,1,0.8081126554695331,-0.304224789109612,-0.7486610325248887,-0.05776336326731131,utm,0,0.0,0.0,0,0.0
34.35,25.46,49.89999962329764,8.900195891190258,0.288236264315573,10.3859058888344,0.05486808423293244,492832.50671916397,5527517.075169486,14.066127879312262,-0.0142796216532588,0,1,0.0,0.0,3,4,3,4,WP3->WP4,1,0.8043651446926879,-0.3022384684691864,-0.7454228291204189,-0.05751351786136705,utm,0,0.0,0.0,0,0.0
34.4,25.509999999999998,49.89999961504179,8.900195885291103,0.2881059069568381,10.385482067835518,0.053949809850543186,492832.5062942896,5527517.074252143,14.065706030174624,-0.01519836112856865,0,1,0.0,0.0,3,4,3,4,WP3->WP4,1,0.8035685378642997,-0.3025156149865977,-0.7444506012722732,-0.05743850507463012,utm,0,0.0,0.0,0,0.0
34.45,25.560000000000002,49.89999965064521,8.900195840678066,0.28778216047588456,10.382276872851955,0.057909876482271055,492832.503095652,5527517.078214893,14.062494351295754,-0.011246172711253166,0,1,0.0,0.0,3,4,3,4,WP3->WP4,1,0.8081590317965217,-0.30629124499559723,-0.7478680992750917,-0.05770218405620654,utm,0,0.0,0.0,0,0.0
34.5,25.61,49.89999970664603,8.900195772826194,0.2881094087251914,10.377402098700184,0.0641386867583843,492832.4982311251,5527517.084447703,14.057609311537817,-0.005029425956308842,0,1,0.0,0.0,3,4,3,4,WP3->WP4,1,0.8153522031545264,-0.31206531640565094,-0.753269177310197,-0.05811890727141745,utm,0,0.0,0.0,0,0.0
34.55,25.659999999999997,49.89999977061376,8.900195691008662,0.2881099606718649,10.371523970628191,0.07125363408113035,492832.4923648262,5527517.091567632,14.051719581824727,0.0020711319521069527,0,1,0.0,0.0,3,4,3,4,WP3->WP4,1,0.8236591570972598,-0.3189668564236115,-0.7593909082767633,-0.05859123286909674,utm,0,0.0,0.0,0,0.0
34.6,25.71,49.8999998413561,8.900195602991314,0.28803037135803716,10.365200420773075,0.07912210223667343,492832.4860542875,5527517.099441374,14.04538313060766,0.009924035519361496,0,1,0.0,0.0,3,4,3,4,WP3->WP4,1,0.8328249050893696,-0.3264243897666262,-0.7661882538270886,-0.059115685890182526,utm,0,0.0,0.0,0,0.0
34.65,25.759999999999998,49.89999989502117,8.900195526606446,0.2876172475244573,10.359712598964675,0.08509111389997603,492832.4805766124,5527517.105415304,14.039885799051262,0.01587988343089819,0,1,0.0,0.0,3,4,3,4,WP3->WP4,1,0.8399644978821493,-0.3327639267539939,-0.7712383073691773,-0.05950532561309858,utm,0,0.0,0.0,0,0.0
34.7,25.810000000000002,49.89999992872187,8.900195472054813,0.2879790032544123,10.355793371953052,0.0888395461783773,492832.4766639467,5527517.109167457,14.035960789944511,0.019619121216237545,0,1,0.0,0.0,3,4,3,4,WP3->WP4,1,0.8445765394944201,-0.3372121799600286,-0.7743367980090929,-0.05974439140207146,utm,0,0.0,0.0,0,0.0
34.75,25.86,49.899999942594484,8.900195450317062,0.28796772986816177,10.354231637179526,0.09038255785877748,492832.4751048922,5527517.110711932,14.034396654344164,0.021158451214432716,0,1,0.0,0.0,3,4,3,4,WP3->WP4,1,0.8464647119904075,-0.3389923206830731,-0.7756202132248153,-0.0598434140252719,utm,0,0.0,0.0,0,0.0
34.8,25.909999999999997,49.89999993434792,8.900195463088334,0.2879670213881925,10.355149181018582,0.0894653157597062,492832.47602084704,5527517.109793834,14.035315629618708,0.02024337649345398,0,1,0.0,0.0,3,4,3,4,WP3->WP4,1,0.8453448575423097,-0.33794481205762966,-0.7748556202135732,-0.05978442142122107,utm,0,0.0,0.0,0,0.0
34.85,25.96,49.8999999051804,8.900195508644522,0.2879929871050065,10.358422136104181,0.08622109621860145,492832.4792881711,5527517.106546555,14.038593636883888,0.017006881535053253,0,1,0.0,0.0,3,4,3,4,WP3->WP4,1,0.8413811512171413,-0.33421252244002075,-0.7721555746530362,-0.059576097886569354,utm,0,0.0,0.0,0,0.0
34.9,26.009999999999998,49.89999986815425,8.900195569011885,0.2880307099454388,10.362759190511873,0.08210278317208283,492832.48361800436,5527517.102424112,14.042937031539623,0.012898729182779789,0,1,0.0,0.0,3,4,3,4,WP3->WP4,1,0.8363138940048439,-0.3292946230496508,-0.7687561255275521,-0.05931381147628052,utm,0,0.0,0.0,0,0.0
34.95,26.060000000000002,49.89999983892378,8.900195627078494,0.2881192213276806,10.366930948771369,0.0788515626416489,492832.4877837625,5527517.099168636,14.04711349500576,0.009656998328864574,0,1,0.0,0.0,3,4,3,4,WP3->WP4,1,0.8321396289504905,-0.32467354162204054,-0.7661876098192015,-0.05911563620139159,utm,0,0.0,0.0,0,0.0
35.0,26.11,49.89999980571998,8.900195693769769,0.2881646751890311,10.371722340580371,0.0751583982036175,492832.49256831757,5527517.095470569,14.051910210517235,0.005974719300866127,0,1,0.0,0.0,3,4,3,4,WP3->WP4,1,0.8274008152108585,-0.3193723981729906,-0.7632780491385991,-0.05889114740974831,utm,0,0.0,0.0,0,0.0
35.05,26.159999999999997,49.8999997427284,8.900195792631408,0.28801779111276377,10.378824991544617,0.06815202529405984,492832.4996587938,5527517.088457541,14.059023758629337,-0.0010149069130420685,0,1,0.0,0.0,3,4,3,4,WP3->WP4,1,0.8189187312468192,-0.31127816826025123,-0.7574521703391197,-0.05844164845250898,utm,0,0.0,0.0,0,0.0
35.1,26.21,49.89999965319101,8.90019593349576,0.2879882199691228,10.388945300539582,0.058193038376399435,492832.50976178766,5527517.0784890605,14.069159547274467,-0.010950039140880108,0,1,0.0,0.0,3,4,3,4,WP3->WP4,1,0.8069153389157513,-0.29974871260186847,-0.7491749284853599,-0.057803013199332204,utm,0,0.0,0.0,0,0.0
35.15,26.259999999999998,49.89999958807821,8.900196065197907,0.28801712827808573,10.398407356656339,0.05095072752751646,492832.5192104105,5527517.071237046,14.078632016724441,-0.01817087735980749,0,1,0.0,0.0,3,4,3,4,WP3->WP4,1,0.7977776328045192,-0.2892878468447669,-0.7434794503354487,-0.05736357537759221,utm,0,0.0,0.0,0,0.0
35.2,26.310000000000002,49.8999995593952,8.900196184189209,0.2880107041077549,10.406956210352583,0.047760398269810996,492832.52775159315,5527517.0680366075,14.08718369959388,-0.021343152970075607,0,1,0.0,0.0,3,4,3,4,WP3->WP4,1,0.7928654224882137,-0.2803530564103628,-0.7416452938829865,-0.05722206000434599,utm,0,0.0,0.0,0,0.0
35.25,26.36,49.89999955898816,8.900196272910296,0.2880293998335355,10.41333031990504,0.047715124969639616,492832.5341230911,5527517.067982864,14.093555340077728,-0.021375900134444237,0,1,0.0,0.0,3,4,3,4,WP3->WP4,1,0.7915379791434496,-0.2740506207537447,-0.7425824059934246,-0.057294363416578994,utm,0,0.0,0.0,0,0.0
35.3,26.409999999999997,49.89999956912399,8.900196361727474,0.2880538339024819,10.419711332999581,0.048842504292838845,492832.5405030516,5527517.069101293,14.099931580305565,-0.020236453041434288,0,1,0.0,0.0,3,4,3,4,WP3->WP4,1,0.7914092851560751,-0.26792199427540486,-0.7446787640417442,-0.05745610910150538,utm,0,0.0,0.0,0,0.0
35.35,26.46,49.89999958736663,8.900196452690869,0.28807620602235756,10.426246539706973,0.05087158061793387,492832.54703834496,5527517.071120853,14.106460183043964,-0.01819536741822958,0,1,0.0,0.0,3,4,3,4,WP3->WP4,1,0.7921920584120409,-0.2617799682253514,-0.7476894446540221,-0.0576883998583815,utm,0,0.0,0.0,0,0.0
35.4,26.509999999999998,49.899999597541154,8.900196551635403,0.2880699032394707,10.433355146242906,0.052003263833815205,492832.5541456135,5527517.072242615,14.11356371641159,-0.017050190828740597,0,1,0.0,0.0,3,4,3,4,WP3->WP4,1,0.7920506506455078,-0.2549333886278582,-0.7499021273144181,-0.05785912063421336,utm,0,0.0,0.0,0,0.0
35.45,26.560000000000002,49.89999955744331,8.900196679826909,0.28803832570157234,10.442564982635181,0.047543295432752694,492832.5633458233,5527517.067772165,14.122778607939836,-0.021490298211574554,0,1,0.0,0.0,3,4,3,4,WP3->WP4,1,0.7861182170740764,-0.24515020423253506,-0.7469158109053997,-0.05762870971115049,utm,0,0.0,0.0,0,0.0
35.5,26.61,49.89999948026831,8.90019683113564,0.28801568605747596,10.453435661247182,0.03895934173338258,492832.574200718,5527517.059177169,14.133661767235026,-0.030049477703869343,0,1,0.0,0.0,3,4,3,4,WP3->WP4,1,0.7759495569600533,-0.23309143838808175,-0.7401122187186736,-0.05710377472731796,utm,0,0.0,0.0,0,0.0
35.55,26.659999999999997,49.89999939136144,8.900196995280664,0.2879605514046607,10.465228555145243,0.029070484988770046,492832.58597572084,5527517.049276563,14.145469332113862,-0.03991122543811798,0,1,0.0,0.0,3,4,3,4,WP3->WP4,1,0.7644777220778722,-0.21992083745790114,-0.7321618760937963,-0.056490361568105475,utm,0,0.0,0.0,0,0.0
35.6,26.71,49.89999927478513,8.900197173147378,0.2877683960200493,10.478007274955175,0.0161040357867272,492832.5987320562,5527517.036298284,14.158268366241828,-0.05284739751368761,0,1,0.0,0.0,3,4,3,4,WP3->WP4,1,0.7499713982822943,-0.20530252195252038,-0.7213237641457785,-0.05565414094169758,utm,0,0.0,0.0,0,0.0
35.65,26.759999999999998,49.89999908904644,8.90019738807896,0.28763138374345204,10.493448896443057,-0.004555147187068548,492832.6141399816,5527517.015626804,14.173744327796157,-0.0734679913148284,0,1,0.0,0.0,3,4,3,4,WP3->WP4,1,0.7277006249987424,-0.18686922301304396,-0.7032980115954129,-0.05426335385982978,utm,0,0.0,0.0,0,0.0
35.7,26.810000000000002,49.899998844178405,8.900197618814511,0.28802485706313097,10.510025943985207,-0.03179111684646505,492832.63067411934,5527516.988379657,14.190368164679967,-0.10066050477325916,0,1,0.0,0.0,3,4,3,4,WP3->WP4,1,0.699021698518719,-0.16630146239122706,-0.6789515141794252,-0.05238488615090758,utm,0,0.0,0.0,0,0.0
35.75,26.86,49.89999858599451,8.900197849814319,0.2880258801632343,10.526621976842389,-0.06050817250763137,492832.64722526236,5527516.959651991,14.207013885607012,-0.1293334737420082,0,1,0.0,0.0,3,4,3,4,WP3->WP4,1,0.6691524277788294,-0.14548681353479756,-0.6531451283518789,-0.05039377993005135,utm,0,0.0,0.0,0,0.0
35.8,26.909999999999997,49.89999832712045,8.900198074844104,0.28794707168036404,10.542789097252253,-0.08930199283168282,492832.6633475625,5527516.930848164,14.223231016949285,-0.1580840153619647,0,1,0.0,0.0,3,4,3,4,WP3->WP4,1,0.6395481987694056,-0.12508396083012288,-0.6271968600784282,-0.04839172668923818,utm,0,0.0,0.0,0,0.0
35.85,26.96,49.89999805916671,8.900198292879761,0.28794705880054977,10.558453729031072,-0.11910571948638249,492832.67896623025,5527516.9010355035,14.23894784314325,-0.18784504476934671,0,1,0.0,0.0,3,4,3,4,WP3->WP4,1,0.609293124871731,-0.10502183722347742,-0.6001737462786623,-0.04630674313698167,utm,0,0.0,0.0,0,0.0
35.9,27.009999999999998,49.89999778078243,8.900198510718507,0.28793872999292347,10.574104213870417,-0.15006960594296864,492832.6945692117,5527516.870063166,14.254652804578654,-0.21876579616218805,0,1,0.0,0.0,3,4,3,4,WP3->WP4,1,0.5782535535211109,-0.08479498236505954,-0.5720026076212427,-0.04413318308079132,utm,0,0.0,0.0,0,0.0
35.95,27.060000000000002,49.89999748787715,8.900198729524245,0.2879485995070611,10.589824171616149,-0.18264862099156134,492832.71023948747,5527516.8374762535,14.270430380653124,-0.2513008927926421,0,1,0.0,0.0,3,4,3,4,WP3->WP4,1,0.546040229043186,-0.064250727515451,-0.5422469693297237,-0.041837370063667854,utm,0,0.0,0.0,0,0.0
36.0,27.11,49.89999714760095,8.900198992852227,0.2879500968689308,10.608742801369822,-0.2204965685813217,492832.7291001377,5527516.799618258,14.289415683946572,-0.28909653052687645,0,1,0.0,0.0,3,4,3,4,WP3->WP4,1,0.5093324721389703,-0.03973567577526055,-0.5077801130862436,-0.03917806037426159,utm,0,0.0,0.0,0,0.0
36.05,27.159999999999997,49.899996791407034,8.900199318674902,0.28798802263821216,10.632151322275265,-0.2601149973884547,492832.7524465245,5527516.759984511,14.312892551126424,-0.3286531278863549,0,1,0.0,0.0,3,4,3,4,WP3->WP4,1,0.4723732258615442,-0.01051341793266211,-0.47225621494503855,-0.036437194022394696,utm,0,0.0,0.0,0,0.0
36.1,27.21,49.89999645479157,8.90019964052659,0.2881071017665431,10.65527455016273,-0.2975557718255032,492832.775510633,5527516.722527926,14.336079967033584,-0.366033504717052,0,1,0.0,0.0,3,4,3,4,WP3->WP4,1,0.43921192245493423,0.01809163570032466,-0.4388391568037723,-0.033858882096330006,utm,0,0.0,0.0,0,0.0
36.15,27.259999999999998,49.89999612207118,8.900199953025394,0.28812824124142633,10.677725826055362,-0.3345633077791792,492832.79790363583,5527516.685505301,14.35859485086985,-0.4029821362346411,0,1,0.0,0.0,3,4,3,4,WP3->WP4,1,0.4083419073337784,0.045966295379188206,-0.40574648855424655,-0.031305598654910304,utm,0,0.0,0.0,0,0.0
36.2,27.310000000000002,49.899995776868515,8.900200274953042,0.28807751238069657,10.700854511153665,-0.3729592117309219,492832.820971928,5527516.647093962,14.381789596693125,-0.44131724815815687,0,1,0.0,0.0,3,4,3,4,WP3->WP4,1,0.3788296519847321,0.07472386139762269,-0.3713869272883768,-0.02865456736988093,utm,0,0.0,0.0,0,0.0
36.25,27.36,49.89999538822914,8.900200639826542,0.28807051077426105,10.727068613491372,-0.4161864563208192,492832.8471179685,5527516.6038491065,14.408078002219554,-0.48447570856660604,0,1,0.0,0.0,3,4,3,4,WP3->WP4,1,0.34959596217803063,0.1072729638293855,-0.3327308942710947,-0.025672039389067113,utm,0,0.0,0.0,0,0.0
36.3,27.409999999999997,49.89999495604888,8.90020104335318,0.2880166984178604,10.756059725678647,-0.4642566287345452,492832.87603345804,5527516.555759562,14.437151806778274,-0.5324697047472,0,1,0.0,0.0,3,4,3,4,WP3->WP4,1,0.323226445608742,0.14331078563071792,-0.28971943991173155,-0.022353466423627403,utm,0,0.0,0.0,0,0.0
36.35,27.46,49.899994438068326,8.900201527118849,0.2880319014075927,10.790815559555377,-0.5218701224549157,492832.9106986531,5527516.498122842,14.472006746858824,-0.5899918787181377,0,1,0.0,0.0,3,4,3,4,WP3->WP4,1,0.30250938366090663,0.18651219237206357,-0.23817037871966348,-0.018376169598542148,utm,0,0.0,0.0,0,0.0
36.4,27.509999999999998,49.89999385861107,8.900202067464637,0.2879887415777273,10.82963635570521,-0.5863214934197831,492832.9494180777,5527516.433645566,14.51093843660783,-0.654341209679842,0,1,0.0,0.0,3,4,3,4,WP3->WP4,1,0.2961426980532883,0.23478166906412143,-0.18049394860145995,-0.013926112175834322,utm,0,0.0,0.0,0,0.0
36.45,27.560000000000002,49.89999323560567,8.90020262074352,0.2880159141209688,10.8693863218593,-0.6556165994979005,492832.9890598506,5527516.364325256,14.550808429077733,-0.7235305104404688,0,1,0.0,0.0,3,4,3,4,WP3->WP4,1,0.3082666512209471,0.2847149496331685,-0.11817667159959858,-0.009117987600219368,utm,0,0.0,0.0,0,0.0
36.5,27.61,49.899992598559926,8.900203168309753,0.2879678893240016,10.908725866221271,-0.726473373354107,492833.0282892871,5527516.293444451,14.590271229797509,-0.7942816559225321,0,1,0.0,0.0,3,4,3,4,WP3->WP4,1,0.3388548838678127,0.3344834224685613,-0.05425377788492516,-0.00418598076357977,utm,0,0.0,0.0,0,0.0
36.55,27.659999999999997,49.89999198165661,8.900203704387126,0.2879480549482152,10.947240000839498,-0.7950897619947612,492833.0666966289,5527516.224804233,14.628904556797352,-0.862794934771955,0,1,0.0,0.0,3,4,3,4,WP3->WP4,1,0.3830915765315004,0.38309157654415027,0.0075835151131416825,0.0005851103761153561,utm,0,0.0,0.0,0,0.0
36.6,27.71,49.899991391506454,8.900204233915545,0.28792534170978784,10.985283630107363,-0.8607304740453849,492833.1046376176,5527516.159139128,14.667061729065608,-0.9283346543088555,0,1,0.0,0.0,3,4,3,4,WP3->WP4,1,0.4307766773226835,0.4307766773729445,0.06655431906955458,0.005135035940708483,utm,0,0.0,0.0,0,0.0
36.65,27.759999999999998,49.899990841687945,8.90020474095843,0.2879169889155353,11.0217118005363,-0.9218852125041636,492833.1409697689,5527516.097960354,14.703595288738143,-0.989393369294703,0,1,0.0,0.0,3,4,3,4,WP3->WP4,1,0.4761752620905187,0.476175262010133,0.12134333431305827,0.009362313243889812,utm,0,0.0,0.0,0,0.0
36.7,27.810000000000002,49.89999034012828,8.900205211418045,0.28796759427689134,11.055511669568642,-0.9776722581291506,492833.1746818197,5527516.042150623,14.737491069186945,-1.0450917044654489,0,1,0.0,0.0,3,4,3,4,WP3->WP4,1,0.5181511704341552,0.5181511704667378,0.17123573365943195,0.013211789391997655,utm,0,0.0,0.0,0,0.0
36.75,27.86,49.89998987677534,8.900205661883785,0.28799109430121894,11.087875091362392,-1.0292096784678444,492833.20696365816,5527515.990590731,14.769942640385125,-1.096544936299324,0,1,0.0,0.0,3,4,3,4,WP3->WP4,1,0.5580537709649332,0.5580537709450417,0.2171522021994422,0.016754500361318085,utm,0,0.0,0.0,0,0.0
36.8,27.909999999999997,49.899989440253115,8.900206102959823,0.2880526326275412,11.119563916083974,-1.07776279462036,492833.2385751444,5527515.942014846,14.801714029628783,-1.1450163861736655,0,1,0.0,0.0,3,4,3,4,WP3->WP4,1,0.5968304154228203,0.5968304154397325,0.26022509940436633,0.02007781398408351,utm,0,0.0,0.0,0,0.0
36.85,27.96,49.89998904840571,8.900206516273977,0.28803605551616196,11.149258206114846,-1.1213468597194534,492833.268199512,5527515.898408681,14.831481934059411,-1.188524691388011,0,1,0.0,0.0,3,4,3,4,WP3->WP4,1,0.6328717343469236,0.6328717343604668,0.2986974804109052,0.023046172190659776,utm,0,0.0,0.0,0,0.0
36.9,28.009999999999998,49.8999887131471,8.90020685806108,0.2880218965675449,11.173813681099045,-1.1586367141939096,492833.2926955029,5527515.86110105,14.856100733799394,-1.2257513971999288,0,1,0.0,0.0,3,4,3,4,WP3->WP4,1,0.6628681237736137,0.6628681237233653,0.33174486374506384,0.025595961648950612,utm,0,0.0,0.0,0,0.0
36.95,28.060000000000002,49.89998844242199,8.900207118410943,0.28801137704960605,11.19251834979938,-1.1887486930998463,492833.3113525876,5527515.830976214,14.874856989074033,-1.2558145876973867,0,1,0.0,0.0,3,4,3,4,WP3->WP4,1,0.6859802625833848,0.685980262630747,0.3586041557626375,0.027668305439412715,utm,0,0.0,0.0,0,0.0
37.0,28.11,49.899988215629065,8.900207331544527,0.2880270686222619,11.207830795261486,-1.2139742205984694,492833.3266253137,5527515.80574039,14.890212793194223,-1.2809999454766512,0,1,0.0,0.0,3,4,3,4,WP3->WP4,1,0.7049893557556698,0.7049893557277319,0.3811598062857245,0.029408599348528765,utm,0,0.0,0.0,0,0.0
37.05,28.159999999999997,49.899987978246564,8.900207542860079,0.2879692569752191,11.223012625385731,-1.2403775968059239,492833.34176590835,5527515.779327365,14.905440345872194,-1.3073629345744848,0,1,0.0,0.0,3,4,3,4,WP3->WP4,1,0.7240508731707501,0.7240508731126072,0.40489888941586094,0.0312402016664087,utm,0,0.0,0.0,0,0.0
37.1,28.21,49.899987676723036,8.900207767847578,0.2879901749287403,11.239176707772538,-1.273915194813265,492833.35787886154,5527515.745781663,14.921663756482303,-1.3408553563058376,0,1,0.0,0.0,3,4,3,4,WP3->WP4,1,0.7451814334938708,0.7451814334663283,0.4355328703286899,0.03360378370275944,utm,0,0.0,0.0,0,0.0
37.15,28.259999999999998,49.89998731268721,8.900208041683827,0.2880627531762855,11.258850297295542,-1.314405857742289,492833.3774906586,5527515.705281008,14.941408910963219,-1.381291164085269,0,1,0.0,0.0,3,4,3,4,WP3->WP4,1,0.7708492046731944,0.7708492046855482,0.4724935406019907,0.03645550501700991,utm,0,0.0,0.0,0,0.0
37.2,28.310000000000002,49.899986922924256,8.900208329235872,0.28805575535876904,11.279509289283213,-1.3577580744137623,492833.3980836534,5527515.661918631,14.962144688295666,-1.4245854439213872,0,1,0.0,0.0,3,4,3,4,WP3->WP4,1,0.7979309959993598,0.7979309960226687,0.5121286736380132,0.039513576010750145,utm,0,0.0,0.0,0,0.0
37.25,28.36,49.89998651394287,8.900208608240462,0.28794592245418277,11.299554194905177,-1.40324790290948,492833.4180599612,5527515.6164203165,14.982270820531994,-1.4700176818296313,0,1,0.0,0.0,3,4,3,4,WP3->WP4,1,0.8247355420425541,0.8247355419618275,0.5539696319668146,0.04274183869626482,utm,0,0.0,0.0,0,0.0
37.3,28.409999999999997,49.89998608303917,8.900208877726536,0.28798734603731163,11.318915248874841,-1.4511760871937913,492833.43734944385,5527515.568485533,15.001718160463497,-1.5178886400535703,0,1,0.0,0.0,3,4,3,4,WP3->WP4,1,0.8512402628331058,0.8512402627801763,0.5983241965255511,0.04616404008496143,utm,0,0.0,0.0,0,0.0
37.35,28.46,49.89998563721189,8.90020913962252,0.28800586318531585,11.337730997678184,-1.5007641788082247,492833.45609162946,5527515.518892231,15.020623671705835,-1.5674199098721147,0,1,0.0,0.0,3,4,3,4,WP3->WP4,1,0.877462088769057,0.877462088737727,0.6444021838683174,0.049719213128401885,utm,0,0.0,0.0,0,0.0
37.4,28.509999999999998,49.89998519463958,8.900209394085131,0.28808330611748273,11.356012700569412,-1.5499902297720503,492833.4743004651,5527515.469661537,15.03899464092683,-1.6165903331711888,0,1,0.0,0.0,3,4,3,4,WP3->WP4,1,0.9031006918183436,0.9031006918014766,0.6902048588481716,0.05325314429155208,utm,0,0.0,0.0,0,0.0
37.45,28.560000000000002,49.89998476440081,8.900209646701818,0.2876439070800073,11.374161784214442,-1.597844455449432,492833.4923785619,5527515.421802298,15.057230352598708,-1.66438973788172,0,1,0.0,0.0,3,4,3,4,WP3->WP4,1,0.9283970047068708,0.9283970046872854,0.7346730592173776,0.05668411331515308,utm,0,0.0,0.0,0,0.0
37.5,28.61,49.89998433136771,8.90020991837168,0.2880058526038156,11.393679730985681,-1.6460094868465185,492833.5118245606,5527515.373630553,15.076834988605697,-1.7124971402809024,0,1,0.0,0.0,3,4,3,4,WP3->WP4,1,0.955093166353534,0.9550931664237557,0.7792373822776084,0.060122498739072355,utm,0,0.0,0.0,0,0.0
37.55,28.659999999999997,49.89998387360496,8.900210222353154,0.2880033045345322,11.415519084840815,-1.6969251266466157,492833.53358737536,5527515.322706207,15.09876549890032,-1.7633494939655066,0,1,0.0,0.0,3,4,3,4,WP3->WP4,1,0.9845057797338929,0.9845057798140163,0.8261608016016554,0.06374290156278843,utm,0,0.0,0.0,0,0.0
37.6,28.71,49.8999833706759,8.900210556078786,0.28802882382216966,11.439495388582198,-1.752864486064309,492833.5574795958,5527515.266757309,15.122841960925143,-1.819219353608787,0,1,0.0,0.0,3,4,3,4,WP3->WP4,1,1.016802798517071,1.0168027984784618,0.8777167895080615,0.06772073282241639,utm,0,0.0,0.0,0,0.0
37.65,28.759999999999998,49.8999828353017,8.900210908987894,0.2880530716070759,11.46484991684889,-1.812412624473312,492833.5827446842,5527515.207199241,15.14830317691667,-1.8786938413977623,0,1,0.0,0.0,3,4,3,4,WP3->WP4,1,1.0510169105960634,1.0510169105659808,0.9326247373466737,0.07195718643690166,utm,0,0.0,0.0,0,0.0
37.7,28.810000000000002,49.89998229626125,8.900211268804105,0.28801405326162394,11.490700681455609,-1.8723685501693106,492833.608505268,5527515.147232888,15.174261231150012,-1.9385749781504273,0,1,0.0,0.0,3,4,3,4,WP3->WP4,1,1.0857839497777164,1.0857839497720838,0.9878590032286493,0.07621881730365543,utm,0,0.0,0.0,0,0.0
37.75,28.86,49.89998181481798,8.900211584032299,0.28796317196085963,11.513348048623605,-1.9259181064907538,492833.6310722674,5527515.093674606,15.197004601417575,-1.9920586040243506,0,1,0.0,0.0,3,4,3,4,WP3->WP4,1,1.1164003204645003,1.1164003204378599,1.0372593771185505,0.08003033095078585,utm,0,0.0,0.0,0,0.0
37.8,28.909999999999997,49.899981387096645,8.900211865064826,0.2879982902764589,11.533538650072096,-1.9734923251412548,492833.65119144105,5527515.046092543,15.21728046546923,-2.0395741080865264,0,1,0.0,0.0,3,4,3,4,WP3->WP4,1,1.1436698344873673,1.1436698345382748,1.081136563186856,0.08341569993341241,utm,0,0.0,0.0,0,0.0
37.85,28.96,49.899980940673885,8.900212140068042,0.28802810991068994,11.553296079587549,-2.0231466505721687,492833.6708748463,5527514.99643178,15.237127413565759,-2.089169737882912,0,1,0.0,0.0,3,4,3,4,WP3->WP4,1,1.170831928470527,1.1708319284036157,1.1271349159564215,0.08696472872654387,utm,0,0.0,0.0,0,0.0
37.9,29.009999999999998,49.89998047521856,8.90021240837439,0.28802941054965453,11.572572376861563,-2.074917913152321,492833.69007449306,5527514.94465557,15.256497576890979,-2.140882397070527,0,1,0.0,0.0,3,4,3,4,WP3->WP4,1,1.197844906065957,1.197844905988062,1.1752981943373373,0.09068079357351318,utm,0,0.0,0.0,0,0.0
37.95,29.060000000000002,49.899980005574854,8.900212670906958,0.2880625050419285,11.591433860642155,-2.127155037623322,492833.7088588721,5527514.892414236,15.275454007613007,-2.1930615454912186,0,1,0.0,0.0,3,4,3,4,WP3->WP4,1,1.2245199468846604,1.2245199469496253,1.2239854826118726,0.09443728869870696,utm,0,0.0,0.0,0,0.0
38.0,29.11,49.89997955513185,8.900212932155048,0.2880748837711209,11.610203061903965,-2.177256522858077,492833.7275538499,5527514.842307812,15.29431400221074,-2.243106092326343,0,1,0.0,0.0,3,4,3,4,WP3->WP4,1,1.2507748839167407,1.2507748838596158,1.2705776954040089,0.0980321370960697,utm,0,0.0,0.0,0,0.0
38.05,29.159999999999997,49.89997917305919,8.900213195053452,0.28768503160627656,11.629090828891231,-2.219753370752039,492833.74637747323,5527514.79980282,15.31327759224223,-2.285548822954297,0,1,0.0,0.0,3,4,3,4,WP3->WP4,1,1.2759755543318745,1.2759755543608118,1.3096408403752673,0.10104607602879148,utm,0,0.0,0.0,0,0.0
38.1,29.21,49.89997886123622,8.900213448833144,0.2880119353330845,11.647323467933397,-2.2544365464096674,492833.7645566359,5527514.765109248,15.331570983747952,-2.3201822992414236,0,1,0.0,0.0,3,4,3,4,WP3->WP4,1,1.2993256113720921,1.2993256114525913,1.341087632106022,0.1034723709412019,utm,0,0.0,0.0,0,0.0
38.15,29.259999999999998,49.899978605613676,8.900213683840406,0.2879849911427321,11.664207413744514,-2.2828687102708023,492833.78139596916,5527514.73666598,15.34850395610556,-2.348569921217859,0,1,0.0,0.0,3,4,3,4,WP3->WP4,1,1.320380750307519,1.3203807502910487,1.3665682874160752,0.10543834524067876,utm,0,0.0,0.0,0,0.0
38.2,29.310000000000002,49.899978342713304,8.900213890945485,0.2880707283673473,11.679086745213612,-2.3121103653803847,492833.7962304117,5527514.707416215,15.363434706407133,-2.3777706436812878,0,1,0.0,0.0,3,4,3,4,WP3->WP4,1,1.3395806969298076,1.3395806968439672,1.3931572228727214,0.10748982951854158,utm,0,0.0,0.0,0,0.0
38.25,29.36,49.899978037878725,8.90021406189705,0.28806057377979727,11.691368650559399,-2.346016243020032,492833.8084622556,5527514.6735075535,15.375778224843089,-2.411638812161982,0,1,0.0,0.0,3,4,3,4,WP3->WP4,1,1.3569337120756606,1.356933712021407,1.4247529218046033,0.10992761344985126,utm,0,0.0,0.0,0,0.0
38.3,29.409999999999997,49.89997767746753,8.90021423233971,0.2879914705455487,11.703613994085737,-2.386103747310084,492833.8206493207,5527514.633419788,15.38809732714435,-2.451686198823154,0,1,0.0,0.0,3,4,3,4,WP3->WP4,1,1.3752027952454775,1.3752027952135921,1.4624596064320639,0.11283689392141039,utm,0,0.0,0.0,0,0.0
38.35,29.46,49.89997728053387,8.900214425170752,0.28796943684988907,11.717467816463806,-2.4302535418739337,492833.83443881234,5527514.589269216,15.4020322355791,-2.4957910906523466,0,1,0.0,0.0,3,4,3,4,WP3->WP4,1,1.395686241424491,1.395686241395747,1.5039306992943153,0.11603661942871465,utm,0,0.0,0.0,0,0.0
38.4,29.509999999999998,49.89997687219685,8.900214623008294,0.28801364102351007,11.731681327627044,-2.4756716992006704,492833.84858616017,5527514.543850311,15.416329177853186,-2.5411631278693676,0,1,0.0,0.0,3,4,3,4,WP3->WP4,1,1.416720309047723,1.4167203090741027,1.5465990996329082,0.119328723868131,utm,0,0.0,0.0,0,0.0
38.45,29.560000000000002,49.8999764490908,8.900214824261571,0.287947795451416,11.74614024009603,-2.52273257305028,492833.86297662393,5527514.49678902,15.430874647048768,-2.5881767431274056,0,1,0.0,0.0,3,4,3,4,WP3->WP4,1,1.4382497842113657,1.4382497842476563,1.5908521481832159,0.12274309273206997,utm,0,0.0,0.0,0,0.0
38.5,29.61,49.89997600744719,8.900215024741078,0.2876823435749789,11.760543561528838,-2.5718553277596232,492833.87730877334,5527514.4476667475,15.4453685937915,-2.6372515186667442,0,1,0.0,0.0,3,4,3,4,WP3->WP4,1,1.4600419532730082,1.460041953313288,1.6371501987513906,0.1263152448775056,utm,0,0.0,0.0,0,0.0
38.55,29.659999999999997,49.89997552621918,8.900215223042764,0.2879560485233993,11.774790418839732,-2.625380940626808,492833.89147865854,5527514.394143586,15.459714779746719,-2.6907276939600706,0,1,0.0,0.0,3,4,3,4,WP3->WP4,1,1.4823577776737358,1.4823577777566066,1.687820884924925,0.13022477018373754,utm,0,0.0,0.0,0,0.0
38.6,29.71,49.89997500078245,8.900215411309727,0.2880051202841626,11.788316337900437,-2.683823763972564,492833.90492134605,5527514.335706145,15.473349966225214,-2.749120520427823,0,1,0.0,0.0,3,4,3,4,WP3->WP4,1,1.5047189748564516,1.5047189748624759,1.7434591566257973,0.13451757234679926,utm,0,0.0,0.0,0,0.0
38.65,29.759999999999998,49.89997442703691,8.900215591904688,0.2879337742440774,11.801291066925286,-2.747639836369313,492833.91780590906,5527514.271898338,15.486444728448987,-2.8128855219110847,0,1,0.0,0.0,3,4,3,4,WP3->WP4,1,1.527363444417515,1.5273634443807416,1.8044892818885494,0.13922638600564916,utm,0,0.0,0.0,0,0.0
38.7,29.810000000000002,49.899973795633585,8.900215765385786,0.28811104189085196,11.813754705010988,-2.8178690201747063,492833.93017104577,5527514.201680667,15.499041189963464,-2.883062063716352,0,1,0.0,0.0,3,4,3,4,WP3->WP4,1,1.5504909641643874,1.5504909641602385,1.8719321149943362,0.14442997574682712,utm,0,0.0,0.0,0,0.0
38.75,29.86,49.8999731386561,8.900215935787076,0.28820307755053537,11.825997076239192,-2.890942743797294,492833.94231121655,5527514.128619889,15.511422055831645,-2.9560824390500784,0,1,0.0,0.0,3,4,3,4,WP3->WP4,1,1.5738381023759151,1.573838102440238,1.9422184732611794,0.14985295927197684,utm,0,0.0,0.0,0,0.0
38.8,29.909999999999997,49.89997248080174,8.90021610898558,0.28829552649670087,11.838440411576046,-2.964114000151466,492833.9546521416,5527514.05546135,15.524003997037653,-3.0291999131441116,0,1,0.0,0.0,3,4,3,4,WP3->WP4,1,1.5973987489420212,1.5973987489454382,2.0125702051618295,0.1552809867366314,utm,0,0.0,0.0,0,0.0
38.85,29.96,49.89997183832865,8.900216289381882,0.28826870281315614,11.851400868082147,-3.035574441830066,492833.96751225955,5527513.984012253,15.537099495122675,-3.1006062431260943,0,1,0.0,0.0,3,4,3,4,WP3->WP4,1,1.621206613549763,1.621206613476045,2.081152576929881,0.16057249822456246,utm,0,0.0,0.0,0,0.0
38.9,30.009999999999998,49.89997121805187,8.900216481720884,0.2881842633897045,11.865219340148975,-3.1045660523675336,492833.98123333807,5527513.915029856,15.551047820423264,-3.169543049298227,0,1,0.0,0.0,3,4,3,4,WP3->WP4,1,1.6454816244104549,1.6454816245053814,2.1471644154971625,0.16566567877684157,utm,0,0.0,0.0,0,0.0
38.95,30.060000000000002,49.8999706074832,8.900216681742485,0.2881332912349473,11.879589763639835,-3.172477857055425,492833.99550758564,5527513.847126098,15.565545757301152,-3.2373994002118707,0,1,0.0,0.0,3,4,3,4,WP3->WP4,1,1.670135450891093,1.6701354508996884,2.2120247526997305,0.17067001459332834,utm,0,0.0,0.0,0,0.0
39.0,30.11,49.899969998458836,8.900216884862276,0.28817791148788835,11.89418277461254,-3.240217892346308,492834.0100045609,5527513.779393745,15.58026585582411,-3.305083612911403,0,1,0.0,0.0,3,4,3,4,WP3->WP4,1,1.694982660739619,1.6949826606580685,2.276681153749692,0.1756586156011973,utm,0,0.0,0.0,0,0.0
39.05,30.159999999999997,49.89996938324459,8.900217090128102,0.28807927211118456,11.908929966053108,-3.308646411790844,492834.02465473855,5527513.710972976,15.59514142444823,-3.3734557339921594,0,1,0.0,0.0,3,4,3,4,WP3->WP4,1,1.72008819882281,1.7200881988069745,2.341993796094841,0.1806978492754909,utm,0,0.0,0.0,0,0.0
39.1,30.21,49.89996873603212,8.900217293304094,0.2880791157434205,11.923527014705863,-3.3806340007261046,492834.03915009444,5527513.638994765,15.609873895184137,-3.445385786704719,0,1,0.0,0.0,3,4,3,4,WP3->WP4,1,1.74559366325962,1.7455936632250435,2.4108447187031388,0.1860100809546259,utm,0,0.0,0.0,0,0.0
39.15,30.259999999999998,49.8999680175899,8.900217517152216,0.28805881281823675,11.939609239312954,-3.4605442714405927,492834.0551194834,5527513.559095063,15.626106495095883,-3.5252324296161532,0,1,0.0,0.0,3,4,3,4,WP3->WP4,1,1.773786340245478,1.7737863402193903,2.4872918024495427,0.19190839872104887,utm,0,0.0,0.0,0,0.0
39.2,30.310000000000002,49.89996723087496,8.900217764745493,0.28770932525706633,11.957397419346453,-3.5480483210640164,492834.07278403465,5527513.471602351,15.644059269747231,-3.6126664550974965,0,1,0.0,0.0,3,4,3,4,WP3->WP4,1,1.8048336229297857,1.8048336229002466,2.5709761930797987,0.1983651149728305,utm,0,0.0,0.0,0,0.0
39.25,30.36,49.89996641389078,8.90021801170221,0.28789459037640824,11.97513986606178,-3.638919131243992,492834.0903983883,5527513.380744288,15.661972937057726,-3.7034659795463085,0,1,0.0,0.0,3,4,3,4,WP3->WP4,1,1.8363543315754962,1.8363543316344184,2.6579928472707666,0.2050789338948428,utm,0,0.0,0.0,0,0.0
39.3,30.409999999999997,49.89996560003219,8.900218247919303,0.287710686941422,11.992110731492923,-3.7294422918924064,492834.1072419324,5527513.29023476,15.679114650527481,-3.793919511139393,0,1,0.0,0.0,3,4,3,4,WP3->WP4,1,1.8670594299473366,1.8670594298554137,2.7447849924570926,0.21177543069826138,utm,0,0.0,0.0,0,0.0
39.35,30.46,49.89996477833702,8.900218486875117,0.28796905581580734,12.009278358466052,-3.820837091631683,492834.12428099936,5527513.198853684,15.696454757766332,-3.8852439410984516,0,1,0.0,0.0,3,4,3,4,WP3->WP4,1,1.8980931239042733,1.8980931238794698,2.832407711088912,0.2185360108632654,utm,0,0.0,0.0,0,0.0
39.4,30.509999999999998,49.8999639539168,8.900218740817346,0.28799987802154986,12.027522674849527,-3.9125349921109986,492834.14239592256,5527513.107168193,15.714871718606446,-3.97686923854053,0,1,0.0,0.0,3,4,3,4,WP3->WP4,1,1.9302369118119505,1.9302369117333367,2.9201639447534564,0.22530689245575383,utm,0,0.0,0.0,0,0.0
39.45,30.560000000000002,49.89996313047375,8.900219005456718,0.2880604893821175,12.046535520583417,-4.004124204265122,492834.16127921344,5527513.015590321,15.734056688263081,-4.068384385667741,0,1,0.0,0.0,3,4,3,4,WP3->WP4,1,1.963123006206259,1.9631230062605156,3.0076944539865713,0.2320603581527107,utm,0,0.0,0.0,0,0.0
39.5,30.61,49.89996229796726,8.900219272570675,0.2880840917278822,12.06572615135013,-4.096721517138497,492834.1803388767,5527512.923004519,15.75342135084793,-4.160906878300011,0,1,0.0,0.0,3,4,3,4,WP3->WP4,1,1.9963399739821868,1.9963399739891405,3.096193236824911,0.23888853154456677,utm,0,0.0,0.0,0,0.0
39.55,30.659999999999997,49.89996145020023,8.900219533879866,0.28801185777308236,12.084499742398924,-4.191016215806446,492834.1989794071,5527512.828722564,15.77237247233279,-4.255126894451678,0,1,0.0,0.0,3,4,3,4,WP3->WP4,1,2.029406502873381,2.02940650289928,3.186432702668927,0.24585100831328083,utm,0,0.0,0.0,0,0.0
39.6,30.71,49.899960574714925,8.90021977656342,0.28796756143267765,12.10193518645113,-4.288393938624103,492834.21627822064,5527512.731360602,15.789992033911403,-4.3524313205853105,0,1,0.0,0.0,3,4,3,4,WP3->WP4,1,2.0616262847952753,2.0616262848036793,3.2799232697241667,0.25306432562547737,utm,0,0.0,0.0,0,0.0
39.65,30.759999999999998,49.89995966686903,8.900219995129818,0.2879517685203878,12.117637949024633,-4.3893710380937865,492834.2318402524,5527512.63040301,15.805886671994813,-4.453337082639337,0,1,0.0,0.0,3,4,3,4,WP3->WP4,1,2.092689188865458,2.0926891888080377,3.37723569551659,0.260572520599261,utm,0,0.0,0.0,0,0.0
39.7,30.810000000000002,49.89995876946355,8.900220206006862,0.28802586325314783,12.132788274830617,-4.489186878970637,492834.2468516151,5527512.530606948,15.821226816333365,-4.553083135746419,0,1,0.0,0.0,3,4,3,4,WP3->WP4,1,2.1230275995355,2.123027599563352,3.473486284604632,0.2679987889645782,utm,0,0.0,0.0,0,0.0
39.75,30.86,49.89995787548316,8.900220413386927,0.28800579773601315,12.147687362446895,-4.588621757776199,492834.2616123477,5527512.43119203,15.836315075925086,-4.652448871172965,0,1,0.0,0.0,3,4,3,4,WP3->WP4,1,2.153059191232393,2.15305919122919,3.5693993107175133,0.27539901246858606,utm,0,0.0,0.0,0,0.0
39.8,30.909999999999997,49.89995698047748,8.900220620700301,0.2879645046938676,12.16258165865222,-4.688170676648569,492834.27636813954,5527512.331663125,15.851398770522792,-4.751928610727191,0,1,0.0,0.0,3,4,3,4,WP3->WP4,1,2.183103617184168,2.183103617128562,3.6654257070748635,0.2828079831176041,utm,0,0.0,0.0,0,0.0
39.85,30.96,49.899956062184266,8.900220820784773,0.28794529922504236,12.176956599040796,-4.790309800256358,492834.29060133453,5527512.229545742,15.86596840096172,-4.853998536244035,0,1,0.0,0.0,3,4,3,4,WP3->WP4,1,2.213034074527876,2.213034074569179,3.7640903484197357,0.2904205090432851,utm,0,0.0,0.0,0,0.0
39.9,31.009999999999998,49.89995510781756,8.900221015541245,0.28795180021063266,12.190948752735473,-4.896461276105823,492834.3044465536,5527512.123418124,15.88016327272635,-4.960079952143133,0,1,0.0,0.0,3,4,3,4,WP3->WP4,1,2.243204506024393,2.2432045059661188,3.8667767956108396,0.2983433396622704,utm,0,0.0,0.0,0,0.0
39.95,31.060000000000002,49.8999541432704,8.900221210649704,0.2880128462085913,12.204966194701822,-5.003745094587244,492834.3183155435,5527512.016158583,15.894385645340662,-5.067293209023774,0,1,0.0,0.0,3,4,3,4,WP3->WP4,1,2.273574333289854,2.273574333235884,3.970577719355086,0.3063521583468759,utm,0,0.0,0.0,0,0.0
40.0,31.11,49.89995318704026,8.900221409297016,0.2880906232044115,12.21923788327281,-5.110103834389724,492834.3324399109,5527511.90982341,15.908860347873997,-5.173581259325147,0,1,0.0,0.0,3,4,3,4,WP3->WP4,1,2.3040527776360884,2.3040527776075574,4.073425816461404,0.3142874611560366,utm,0,0.0,0.0,0,0.0
40.05,31.159999999999997,49.89995224660265,8.900221606251911,0.2880879329456958,12.233387981240266,-5.214706015710356,492834.3464450759,5527511.805244256,15.92321006191196,-5.278113692998886,0,1,0.0,0.0,3,4,3,4,WP3->WP4,1,2.3341405628034635,2.334140562794606,4.174557756834747,0.3220903529267116,utm,0,0.0,0.0,0,0.0
40.1,31.21,49.89995131119592,8.900221779648826,0.28811924084059426,12.2458455712289,-5.318748628012325,492834.3587591541,5527511.701226701,15.93586684775073,-5.382090104743838,0,1,0.0,0.0,3,4,3,4,WP3->WP4,1,2.362470529265499,2.3624705292613077,4.275397735143864,0.329870718200022,utm,0,0.0,0.0,0,0.0
40.15,31.259999999999998,49.899950381288754,8.90022191485706,0.28808730390404247,12.255559519976961,-5.422179538511725,492834.36833150155,5527511.597824255,15.945779890753329,-5.485460444353521,0,1,0.0,0.0,3,4,3,4,WP3->WP4,1,2.387996482610934,2.3879964825371984,4.3760561743770445,0.33763707672376886,utm,0,0.0,0.0,0,0.0
40.2,31.310000000000002,49.89994944674013,8.900222020157877,0.288010413438308,12.263124789555627,-5.526126705289641,492834.3757553406,5527511.49390862,15.953546128119342,-5.589351050555706,0,1,0.0,0.0,3,4,3,4,WP3->WP4,1,2.4114797874172083,2.411479787446085,4.477555469370137,0.3454683119468564,utm,0,0.0,0.0,0,0.0
40.25,31.36,49.8999484988869,8.900222112214824,0.2879189465780037,12.269738561798214,-5.631553705744807,492834.38222609204,5527511.388515012,15.960364153434057,-5.6947227623313665,0,1,0.0,0.0,3,4,3,4,WP3->WP4,1,2.4342512786361463,2.43425127870247,4.580662900908549,0.3534236238500637,utm,0,0.0,0.0,0,0.0
40.3,31.409999999999997,49.89994752698422,8.900222185043605,0.2879719924317206,12.274970898820925,-5.739655657221383,492834.3873123982,5527511.280449363,15.965806546329986,-5.802771063521504,0,1,0.0,0.0,3,4,3,4,WP3->WP4,1,2.456070411330404,2.456070411300944,4.686625066055518,0.3615991943313171,utm,0,0.0,0.0,0,0.0
40.35,31.46,49.899946518160974,8.900222227440661,0.2879298280826308,12.278016888123606,-5.85186417819512,492834.3902077614,5527511.1682816995,15.969071525789332,-5.914928576909006,0,1,0.0,0.0,3,4,3,4,WP3->WP4,1,2.4763627208521624,2.4763627208409225,4.796979903376519,0.3701136839060982,utm,0,0.0,0.0,0,0.0
40.4,31.509999999999998,49.89994546070602,8.900222237060401,0.2879151397561518,12.278708012143303,-5.969481863755002,492834.3907419968,5527511.050710172,15.969993197941221,-6.032497705891728,0,1,0.0,0.0,3,4,3,4,WP3->WP4,1,2.4951624122503437,2.4951624122468647,4.913039892193477,0.3790683576550771,utm,0,0.0,0.0,0,0.0
40.45,31.560000000000002,49.899944407130874,8.900222248326543,0.28796799032615594,12.279517420866544,-6.086668010313711,492834.39139504445,5527510.933569854,15.971032260626089,-6.149635235778987,0,1,0.0,0.0,3,4,3,4,WP3->WP4,1,2.514012457506613,2.5140124575205394,5.028655446631899,0.3879887408194782,utm,0,0.0,0.0,0,0.0
40.5,31.61,49.89994338317078,8.900222266294186,0.2881750838985283,12.280808294667356,-6.200560159200517,492834.39253375115,5527510.819721573,15.9725461313501,-6.2634791461750865,0,1,0.0,0.0,3,4,3,4,WP3->WP4,1,2.5328306410986055,2.5328306411507793,5.140943485734938,0.3966523876656459,utm,0,0.0,0.0,0,0.0
40.55,31.659999999999997,49.899942375014334,8.900222266968084,0.2880821878142369,12.28085671045588,-6.312694512846571,492834.39243283635,5527510.707632039,15.972814591601491,-6.375568404793739,0,1,0.0,0.0,3,4,3,4,WP3->WP4,1,2.550150935641384,2.5501509357104273,5.251686798298462,0.40519685026637514,utm,0,0.0,0.0,0,0.0
40.6,31.71,49.8999413666456,8.90022223675714,0.2880481284474474,12.278686224521604,-6.42485247953132,492834.3901138738,5527510.595521855,15.970865084207617,-6.487685621716082,0,1,0.0,0.0,3,4,3,4,WP3->WP4,1,2.5652833413404954,2.5652833412838443,5.362795218995798,0.4137694829906302,utm,0,0.0,0.0,0,0.0
40.65,31.759999999999998,49.89994034703796,8.900222182359139,0.2879999452657205,12.27477803508613,-6.538260516550646,492834.38605623663,5527510.482164415,15.967181021696888,-6.601055817678571,0,1,0.0,0.0,3,4,3,4,WP3->WP4,1,2.578892035296318,2.5788920352373195,5.4754059520572245,0.42245802747075073,utm,0,0.0,0.0,0,0.0
40.7,31.810000000000002,49.89993929616492,8.900222093177916,0.2879974062844226,12.2683708674271,-6.655146115130256,492834.3794959876,5527510.365334135,15.96100580523489,-6.717907082289457,0,1,0.0,0.0,3,4,3,4,WP3->WP4,1,2.5905682431146624,2.5905682430611923,5.591836263294398,0.43144127365445717,utm,0,0.0,0.0,0,0.0
40.75,31.86,49.89993820199535,8.90022195834342,0.2876337676733816,12.258683769672505,-6.776847463969055,492834.3696507046,5527510.243694397,15.951561421505176,-6.8395786033943295,0,1,0.0,0.0,3,4,3,4,WP3->WP4,1,2.5997467747697613,2.5997467747924583,5.713528128178955,0.4408304779707237,utm,0,0.0,0.0,0,0.0
40.8,31.909999999999997,49.899937087039596,8.900221796250646,0.28764293602140273,12.247038318352558,-6.900860798439589,492834.3578447704,5527510.119746206,15.940164004336111,-6.963565024547279,0,1,0.0,0.0,3,4,3,4,WP3->WP4,1,2.60734723721628,2.6073472372097912,5.837805104916409,0.450419138046751,utm,0,0.0,0.0,0,0.0
40.85,31.96,49.899935978721714,8.900221621088718,0.28801110420449116,12.234453922136517,-7.024135822513769,492834.3451012485,5527509.996537283,15.927826568367891,-7.08681527338922,0,1,0.0,0.0,3,4,3,4,WP3->WP4,1,2.61390661322306,2.6139066132258155,5.961497508523537,0.4599626950539442,utm,0,0.0,0.0,0,0.0
40.9,32.01,49.899934917562184,8.900221443188721,0.28804633906610644,12.221672811087855,-7.142165558216706,492834.3321680739,5527509.878571809,15.915282201836817,-7.204822726547718,0,1,0.0,0.0,3,4,3,4,WP3->WP4,1,2.6194637494625823,2.619463749503308,6.080039645537313,0.4691088803438571,utm,0,0.0,0.0,0,0.0
40.95,32.06,49.899933917977066,8.90022124551997,0.28800027604086104,12.207471426620227,-7.2533465483378965,492834.3178243114,5527509.767454231,15.901304688770324,-7.315986969508231,0,1,0.0,0.0,3,4,3,4,WP3->WP4,1,2.622563196116848,2.6225631961066984,6.19203631120138,0.4777500461083729,utm,0,0.0,0.0,0,0.0
41.0,32.11,49.899932922635124,8.900221013031281,0.28797133233201844,12.1907684259985,-7.364055581922247,492834.3009805585,5527509.6568117505,15.884825633256696,-7.426684354431927,0,1,0.0,0.0,3,4,3,4,WP3->WP4,1,2.623119192120243,2.6231191921115844,6.30395217873994,0.48638497784804674,utm,0,0.0,0.0,0,0.0
41.05,32.16,49.89993192246585,8.900220751681148,0.2880194691695065,12.171991893535912,-7.475301545045062,492834.2820633851,5527509.545635318,15.866274928092025,-7.5379225220531225,0,1,0.0,0.0,3,4,3,4,WP3->WP4,1,2.6217099420746317,2.621709942093442,6.416717743163962,0.4950854684290783,utm,0,0.0,0.0,0,0.0
41.1,32.21,49.89993092186011,8.900220466017101,0.28804893015967464,12.15146854350295,-7.586596055907527,492834.2614000255,5527509.434412683,15.845978198456578,-7.6492126462981105,0,1,0.0,0.0,3,4,3,4,WP3->WP4,1,2.6185829027454113,2.6185829027318714,6.529800326246965,0.5038104187631433,utm,0,0.0,0.0,0,0.0
41.15,32.26,49.89992992113629,8.900220158200396,0.28792886890455854,12.129353649953687,-7.697903700611821,492834.2391457388,5527509.323179038,15.824090586567763,-7.760519023053348,0,1,0.0,0.0,3,4,3,4,WP3->WP4,1,2.6138859772899132,2.6138859773409657,6.643141033747178,0.5125552848318754,utm,0,0.0,0.0,0,0.0
41.2,32.31,49.89992892478934,8.900219826363948,0.28800320968695314,12.105513073417987,-7.808724517956262,492834.2151671047,5527509.212434324,15.800477025506552,-7.871342154219747,0,1,0.0,0.0,3,4,3,4,WP3->WP4,1,2.6074096701945177,2.607409670215051,6.756266733634796,0.521283561867264,utm,0,0.0,0.0,0,0.0
41.25,32.36,49.89992794345477,8.900219477964692,0.2878413402375943,12.080482552575788,-7.917875552295082,492834.19000122324,5527509.10336031,15.775670718052424,-7.9804985066875815,0,1,0.0,0.0,3,4,3,4,WP3->WP4,1,2.5995008953291983,2.599500895349753,6.8679265448959645,0.5298987374407621,utm,0,0.0,0.0,0,0.0
41.3,32.41,49.89992696370438,8.90021910106588,0.28798239795655783,12.053404499525056,-8.026850382451535,492834.1627888596,5527508.994465156,15.748817350075115,-8.089482743293047,0,1,0.0,0.0,3,4,3,4,WP3->WP4,1,2.5895427064609198,2.5895427064371215,6.979727715348444,0.5385248196622145,utm,0,0.0,0.0,0,0.0
41.35,32.46,49.89992597362509,8.900218678296094,0.28743097367130677,12.02303087563295,-8.136974066112808,492834.13228070847,5527508.884425997,15.718671982351225,-8.199621840380132,0,1,0.0,0.0,3,4,3,4,WP3->WP4,1,2.5765065658678203,2.576506565773942,7.093171194586371,0.547277615142204,utm,0,0.0,0.0,0,0.0
41.4,32.51,49.89992496846593,8.900218188566638,0.28794196332206157,11.987846577387,-8.248775040359062,492834.09696156636,5527508.772716626,15.683721153764054,-8.311446993611753,0,1,0.0,0.0,3,4,3,4,WP3->WP4,1,2.5589774583092932,2.5589774582413707,7.209012274535848,0.5562153988543231,utm,0,0.0,0.0,0,0.0
41.45,32.56,49.89992396061979,8.90021766000528,0.2880414822369909,11.949872426002743,-8.360874880790416,492834.05885328393,5527508.660712221,15.645982172165532,-8.423576370812953,0,1,0.0,0.0,3,4,3,4,WP3->WP4,1,2.5387389505076148,2.538738950437149,7.325578267458108,0.5652091136347963,utm,0,0.0,0.0,0,0.0
41.5,32.61,49.89992295518598,8.900217114833902,0.28811044523418594,11.910704938395295,-8.472706403972118,492834.0195524968,5527508.548977615,15.607049803307746,-8.535439879633486,0,1,0.0,0.0,3,4,3,4,WP3->WP4,1,2.5172804971093927,2.5172804971361837,7.442063067732061,0.5741965639507988,utm,0,0.0,0.0,0,0.0
41.55,32.66,49.89992195463875,8.900216558132003,0.2880763150873143,11.870709047943711,-8.583994406992252,492833.9794243592,5527508.437787417,15.567288294492755,-8.646761709824204,0,1,0.0,0.0,3,4,3,4,WP3->WP4,1,2.494920138853351,2.4949201387717843,7.558138654861001,0.5831524411963164,utm,0,0.0,0.0,0,0.0
41.6,32.71,49.89992096959474,8.900215994224927,0.28782730082430863,11.830195506184346,-8.693558031317973,492833.93878107134,5527508.328321596,15.52700595575152,-8.756360870786011,0,1,0.0,0.0,3,4,3,4,WP3->WP4,1,2.4717829016580843,2.471782901633846,7.672590877277398,0.5919830668239027,utm,0,0.0,0.0,0,0.0
41.65,32.76,49.89992000706322,8.90021541266905,0.28752341640333795,11.788413997611558,-8.800617654701897,492833.89687365474,5527508.221360463,15.485451241314877,-8.863459523767233,0,1,0.0,0.0,3,4,3,4,WP3->WP4,1,2.44700763813361,2.4470076381443215,7.784765303278825,0.6006379477872806,utm,0,0.0,0.0,0,0.0
41.7,32.81,49.89991908879595,8.900214801220882,0.28808964767396633,11.744484896564037,-8.902753894425654,492833.8528260561,5527508.119323602,15.441740129259415,-8.965640982612967,0,1,0.0,0.0,3,4,3,4,WP3->WP4,1,2.4193529085311827,2.4193529085088925,7.892407896281096,0.6089431726253569,utm,0,0.0,0.0,0,0.0
41.75,32.86,49.899918184945754,8.900214177433952,0.28800506775917334,11.699669325146498,-9.003286562319374,492833.8078944743,5527508.018890854,15.397139752632938,-9.066221250221133,0,1,0.0,0.0,3,4,3,4,WP3->WP4,1,2.3905756389736714,2.3905756388919874,7.998603247707542,0.617136734725227,utm,0,0.0,0.0,0,0.0
41.8,32.91,49.89991728607021,8.900213555711503,0.2880231466761155,11.65500207497915,-9.10326591432669,492833.7631118898,5527507.919011001,15.35268655064283,-9.16624813620001,0,1,0.0,0.0,3,4,3,4,WP3->WP4,1,2.3618596301697026,2.361859630210354,8.104229266463943,0.6252863696425526,utm,0,0.0,0.0,0,0.0
41.85,32.96,49.899916416100844,8.90021296250053,0.28804185337249316,11.612383213613937,-9.20003011628735,492833.72038115753,5527507.822342285,15.31027460785117,-9.263057138770819,0,1,0.0,0.0,3,4,3,4,WP3->WP4,1,2.334671496279789,2.3346714961964565,8.206364282129794,0.6331666542518934,utm,0,0.0,0.0,0,0.0
41.9,33.01,49.89991558543993,8.900212390146084,0.28805880243960746,11.571262775923442,-9.292422150531213,492833.6791540725,5527507.730041992,15.26935190858785,-9.355492789298296,0,1,0.0,0.0,3,4,3,4,WP3->WP4,1,2.3082898375614214,2.308289837540562,8.303950268433132,0.6406959559408406,utm,0,0.0,0.0,0,0.0
41.95,33.06,49.899914771968845,8.900211832418517,0.28810431687036864,11.531193196981453,-9.382902209282815,492833.6389799722,5527507.63965151,15.22947589494288,-9.446015167981386,0,1,0.0,0.0,3,4,3,4,WP3->WP4,1,2.2826515634976237,2.2826515634823212,8.399486002420232,0.6480670692585657,utm,0,0.0,0.0,0,0.0
42.0,33.11,49.89991397574961,8.900211285551748,0.2881896085361555,11.491903905132553,-9.471463394851915,492833.5995884021,5527507.551178092,15.190376089769416,-9.534617913886905,0,1,0.0,0.0,3,4,3,4,WP3->WP4,1,2.2574883781795165,2.2574883781887247,8.493006350798053,0.6552826843654653,utm,0,0.0,0.0,0,0.0
42.05,33.16,49.89991319781474,8.90021074110623,0.28817476917029294,11.452788566489453,-9.55799086271239,492833.56037342275,5527507.46473735,15.15144617605256,-9.621187414042652,0,1,0.0,0.0,3,4,3,4,WP3->WP4,1,2.232183737281943,2.232183737259211,8.584491276506016,0.6623412552908545,utm,0,0.0,0.0,0,0.0
42.1,33.21,49.89991242310692,8.90021017462176,0.2877523692149726,11.412089853491738,-9.644159394555022,492833.5195761767,5527507.378657507,15.110932814946864,-9.707401231862605,0,1,0.0,0.0,3,4,3,4,WP3->WP4,1,2.205259966629367,2.2052599666664983,8.675865590682323,0.669391291921273,utm,0,0.0,0.0,0,0.0
42.15,33.26,49.899911648173855,8.900209592686432,0.2879739073408901,11.370281083495653,-9.730352979963305,492833.47766928136,5527507.2925541,15.069309888174757,-9.793642269447446,0,1,0.0,0.0,3,4,3,4,WP3->WP4,1,2.177243691142576,2.1772436911903235,8.767435634023748,0.6764564301455713,utm,0,0.0,0.0,0,0.0
42.2,33.31,49.89991091984255,8.900209031353404,0.2880180028004663,11.329952472536265,-9.811363185698307,492833.43724885676,5527507.211630026,15.029156356409658,-9.87469910364598,0,1,0.0,0.0,3,4,3,4,WP3->WP4,1,2.149890898670966,2.149890898669172,8.85365826008985,0.6831089853807767,utm,0,0.0,0.0,0,0.0
42.25,33.36,49.899910228994145,8.900208499826222,0.28803074443770804,11.291765243492732,-9.88820427504795,492833.39897451183,5527507.134870549,14.991135168762412,-9.951584290713072,0,1,0.0,0.0,3,4,3,4,WP3->WP4,1,2.124010885160752,2.124010885073887,8.93543336454009,0.6894183895829041,utm,0,0.0,0.0,0,0.0
42.3,33.41,49.89990955995141,8.900207995360418,0.2877112001301178,11.255522221713187,-9.962619981841982,492833.3626468284,5527507.060532894,14.955052651348524,-10.026041254401207,0,1,0.0,0.0,3,4,3,4,WP3->WP4,1,2.099677502094322,2.0996775021158567,9.014513538857946,0.6955198649341175,utm,0,0.0,0.0,0,0.0
42.35,33.46,49.89990890848599,8.900207503609968,0.288054668794774,11.220192726384427,-10.035080614784583,492833.3272349101,5527506.988148315,14.919879458029754,-10.098542135208845,0,1,0.0,0.0,3,4,3,4,WP3->WP4,1,2.075945227465405,2.075945227517006,9.091522047431898,0.7014614997490473,utm,0,0.0,0.0,0,0.0
42.4,33.51,49.899908271787595,8.900207030561422,0.28812430642894826,11.186206857341558,-10.105898754075623,492833.2931682693,5527506.917403782,14.886046130326577,-10.16939854528755,0,1,0.0,0.0,3,4,3,4,WP3->WP4,1,2.0532870032903348,2.0532870033364548,9.166701365444284,0.7072620023368373,utm,0,0.0,0.0,0,0.0
42.45,33.56,49.899907641357395,8.9002065641923,0.28816953048562494,11.152700867299778,-10.176019699543616,492833.25958224386,5527506.847355525,14.852691120933741,-10.239557100459933,0,1,0.0,0.0,3,4,3,4,WP3->WP4,1,2.0309953457866827,2.030995345796611,9.241118173926472,0.7130036730727288,utm,0,0.0,0.0,0,0.0
42.5,33.61,49.89990702049845,8.900206100356673,0.2881924916419775,11.119376894465608,-10.245076061626454,492833.2261795801,5527506.778371184,14.81951596622821,-10.308651139959693,0,1,0.0,0.0,3,4,3,4,WP3->WP4,1,2.008719477395556,2.0087194774437984,9.314455496773276,0.7186620554869507,utm,0,0.0,0.0,0,0.0
42.55,33.66,49.89990641810934,8.900205640137578,0.28791556911056465,11.086312749111876,-10.31207807731498,492833.1930393753,5527506.711440021,14.786596503166948,-10.37569114845246,0,1,0.0,0.0,3,4,3,4,WP3->WP4,1,1.9863837921232734,1.9863837920537732,9.385723799032277,0.7241608014533963,utm,0,0.0,0.0,0,0.0
42.6,33.71,49.89990583920263,8.900205187749798,0.288146359061751,11.0538112395028,-10.376468212440994,492833.16046505974,5527506.647118943,14.754234325082507,-10.440119221806526,0,1,0.0,0.0,3,4,3,4,WP3->WP4,1,1.9642014834840296,1.964201483545623,9.454325784022183,0.7294538262104967,utm,0,0.0,0.0,0,0.0
42.65,33.76,49.89990528546407,8.900204749019181,0.28772389972498136,11.022290920092525,-10.438058966430454,492833.12887527095,5527506.585594821,14.722847451455891,-10.501747108995914,0,1,0.0,0.0,3,4,3,4,WP3->WP4,1,1.9425570609526264,1.9425570609545186,9.520011789512106,0.7345218669283323,utm,0,0.0,0.0,0,0.0
42.7,33.81,49.89990472834244,8.900204307056823,0.2879743922558267,10.990538418254483,-10.500026009976443,492833.09705289034,5527506.523694869,14.691229225776624,-10.563751590438187,0,1,0.0,0.0,3,4,3,4,WP3->WP4,1,1.920741280741094,1.9207412807545239,9.5861052056543,0.739621341644311,utm,0,0.0,0.0,0,0.0
42.75,33.86,49.899904175035935,8.900203860851605,0.28797212095343167,10.958481090843655,-10.5615687079582,492833.0649263699,5527506.462219497,14.659305462730117,-10.625332497060299,0,1,0.0,0.0,3,4,3,4,WP3->WP4,1,1.8985590715081204,1.8985590715438347,9.651826467566993,0.7446921025912857,utm,0,0.0,0.0,0,0.0
42.8,33.91,49.899903632681,8.900203407355658,0.28802977543125646,10.925899965759637,-10.621893293936555,492833.032277882,5527506.40196245,14.626855720300227,-10.685696804895997,0,1,0.0,0.0,3,4,3,4,WP3->WP4,1,1.8756718955007705,1.875671895465951,9.716425327431613,0.749676263976619,utm,0,0.0,0.0,0,0.0
42.85,33.96,49.899903084500544,8.900202944747381,0.28806855058742037,10.892664171145928,-10.68286583686606,492832.99897412164,5527506.341058575,14.593752840533853,-10.746710096485913,0,1,0.0,0.0,3,4,3,4,WP3->WP4,1,1.8522379329522491,1.8522379329546959,9.781764992743467,0.7547175826231155,utm,0,0.0,0.0,0,0.0
42.9,34.01,49.899902529770806,8.900202477086292,0.28805096620334975,10.859065360534316,-10.74456683644979,492832.9653065189,5527506.279427019,14.560288518259767,-10.808452264405787,0,1,0.0,0.0,3,4,3,4,WP3->WP4,1,1.8285576385322775,1.8285576385686373,9.84788004236885,0.7598187264826637,utm,0,0.0,0.0,0,0.0
42.95,34.06,49.89990197672618,8.900202012040536,0.2880248112634376,10.825654446767377,-10.806080406919802,492832.9318269871,5527506.217982569,14.527011649333872,-10.870006708428264,0,1,0.0,0.0,3,4,3,4,WP3->WP4,1,1.805034051720936,1.805034051709543,9.91378103150257,0.7649033543845168,utm,0,0.0,0.0,0,0.0
43.0,34.11,49.89990144276231,8.900201565319433,0.28802234066022414,10.793560055985717,-10.865471678593568,492832.89966627967,5527506.158657813,14.49504661251558,-10.929437122307718,0,1,0.0,0.0,3,4,3,4,WP3->WP4,1,1.7824838407436967,1.7824838407642278,9.97738312016454,0.7698106093267846,utm,0,0.0,0.0,0,0.0
43.05,34.16,49.89990093798513,8.900201142460388,0.2880449312070425,10.763180019382723,-10.921616598944437,492832.86922356667,5527506.102575827,14.464788874727674,-10.985619123093784,0,1,0.0,0.0,3,4,3,4,WP3->WP4,1,1.7611267873088055,1.7611267872450485,10.037514843903502,0.7744501063104985,utm,0,0.0,0.0,0,0.0
43.1,34.21,49.89990045567758,8.9002007481203,0.2881084441616743,10.734848908994811,-10.975262285677015,492832.84083229175,5527506.048989346,14.436574340274092,-11.039298873394728,0,1,0.0,0.0,3,4,3,4,WP3->WP4,1,1.7414084168218527,1.7414084167974913,10.09486256677928,0.7788748021409396,utm,0,0.0,0.0,0,0.0
43.15,34.26,49.899899995992904,8.900200384996463,0.28821237675145495,10.708760510109576,-11.0263916958574,492832.81468618603,5527505.997915146,14.41059668402886,-11.090458956547081,0,1,0.0,0.0,3,4,3,4,WP3->WP4,1,1.723517499466065,1.7235174994946025,10.149379608700595,0.7830810951893967,utm,0,0.0,0.0,0,0.0
43.2,34.31,49.89989955486594,8.90020003395705,0.2882081970949775,10.683540308916205,-11.075456985144479,492832.7894106809,5527505.948903087,14.3854828280746,-11.139554041437805,0,1,0.0,0.0,3,4,3,4,WP3->WP4,1,1.7061661248478863,1.7061661247738913,10.201724263796429,0.787119776509841,utm,0,0.0,0.0,0,0.0
43.25,34.36,49.89989913914861,8.90019969798785,0.2881003955874424,10.659402817408823,-11.121696033410423,492832.7652212179,5527505.902714693,14.361445703485515,-11.185821897350252,0,1,0.0,0.0,3,4,3,4,WP3->WP4,1,1.689448767011043,1.689448766982444,10.251110777875125,0.7909302207954384,utm,0,0.0,0.0,0,0.0
43.3,34.41,49.89989875409377,8.900199376254596,0.2878324042785925,10.636288098410729,-11.16452458032524,492832.742058662,5527505.859934075,14.33842425054172,-11.22867861110717,0,1,0.0,0.0,3,4,3,4,WP3->WP4,1,1.6732162323328847,1.673216232333271,10.296971328525364,0.7944686173885063,utm,0,0.0,0.0,0,0.0
43.35,34.46,49.89989837709353,8.900199047698413,0.2881164411167844,10.612683190403944,-11.206457237627795,492832.71840730513,5527505.81804964,14.31491104606539,-11.270640757866204,0,1,0.0,0.0,3,4,3,4,WP3->WP4,1,1.6563615586232188,1.6563615585956213,10.342022549381726,0.7979445696858837,utm,0,0.0,0.0,0,0.0
43.4,34.51,49.899897999185924,8.900198715042048,0.2881259425140007,10.588783707488105,-11.248490818135998,492832.6944613558,5527505.776064714,14.291103581897914,-11.312704365700483,0,1,0.0,0.0,3,4,3,4,WP3->WP4,1,1.6392314892633735,1.63923148926521,10.387218823824265,0.8014317136743304,utm,0,0.0,0.0,0,0.0
43.45,34.56,49.899897621146124,8.900198380864662,0.288162157241886,10.56477494775705,-11.290539101783086,492832.6704061532,5527505.734065238,14.267186912940815,-11.354782884940505,0,1,0.0,0.0,3,4,3,4,WP3->WP4,1,1.6219957553526185,1.6219957553452313,10.432446450730675,0.8049212766797704,utm,0,0.0,0.0,0,0.0
43.5,34.61,49.89989723969961,8.900198044617316,0.28809766119030555,10.540617473064346,-11.332966304868192,492832.6462017899,5527505.691687193,14.243122331681661,-11.397240461781621,0,1,0.0,0.0,3,4,3,4,WP3->WP4,1,1.6046715070614306,1.604671507070554,10.47807122880604,0.8084414821071448,utm,0,0.0,0.0,0,0.0
43.55,34.66,49.899896852655395,8.900197701182664,0.28798539854209876,10.515943631060923,-11.376016124789963,492832.6214804352,5527505.648687466,14.218542810413055,-11.440321421250701,0,1,0.0,0.0,3,4,3,4,WP3->WP4,1,1.5869331651699217,1.5869331651836276,10.524390480785073,0.812015270059366,utm,0,0.0,0.0,0,0.0
43.6,34.71,49.899896461259225,8.900197343349058,0.2879367528155915,10.490235305387282,-11.419549999976974,492832.59572436364,5527505.6052052565,14.192930167948361,-11.483888269402087,0,1,0.0,0.0,3,4,3,4,WP3->WP4,1,1.5682476616922372,1.568247661719869,10.571347160076536,0.8156382390745849,utm,0,0.0,0.0,0,0.0
43.65,34.76,49.8998960710325,8.900196972638136,0.28797435694020895,10.463601817270824,-11.462953801098172,492832.5690436707,5527505.561854302,14.166392476530746,-11.527326911687851,0,1,0.0,0.0,3,4,3,4,WP3->WP4,1,1.5486283725983658,1.548628372671839,10.618317875752938,0.8192622910749826,utm,0,0.0,0.0,0,0.0
43.7,34.81,49.89989569660378,8.900196616013114,0.2880018760268573,10.437980321499497,-11.50460043526346,492832.54337690724,5527505.520258462,14.14086292538559,-11.569007106125355,0,1,0.0,0.0,3,4,3,4,WP3->WP4,1,1.529737928966158,1.5297379289621964,10.663397225578521,0.8227404136788097,utm,0,0.0,0.0,0,0.0
43.75,34.86,49.89989534477236,8.900196289956893,0.2880112248465638,10.414555021722235,-11.543733636431494,492832.5199088126,5527505.481172126,14.117523761407938,-11.608170566149056,0,1,0.0,0.0,3,4,3,4,WP3->WP4,1,1.512629434560435,1.512629434638525,10.705655864591822,0.8260009027525833,utm,0,0.0,0.0,0,0.0
43.8,34.91,49.89989497398431,8.900195931700003,0.2880424156668504,10.388816285444157,-11.584975329694839,492832.49412539386,5527505.439981221,14.091876221180428,-11.649446212686598,0,1,0.0,0.0,3,4,3,4,WP3->WP4,1,1.4935608215460594,1.4935608215174385,10.75035332866136,0.8294495607459997,utm,0,0.0,0.0,0,0.0
43.85,34.96,49.899894593664996,8.900195560865209,0.28777757156456507,10.36217389778979,-11.627277157407422,492832.46743727115,5527505.397731811,14.065327470074408,-11.691783340647817,0,1,0.0,0.0,3,4,3,4,WP3->WP4,1,1.473763000555859,1.4737630005080593,10.79623703881609,0.8329897442236692,utm,0,0.0,0.0,0,0.0
43.9,35.01,49.89989420372773,8.900195189367276,0.2880487988715199,10.335483867348605,-11.670648762468039,492832.44070009916,5527505.3544131145,14.038733193650842,-11.735189910046756,0,1,0.0,0.0,3,4,3,4,WP3->WP4,1,1.454082905294611,1.4540829053285906,10.84318466570168,0.8366120147954188,utm,0,0.0,0.0,0,0.0
43.95,35.06,49.89989382130187,8.900194828271733,0.2879721569758862,10.309541189941761,-11.713184895852907,492832.4147110952,5527505.31192856,14.012884332390968,-11.777759876102209,0,1,0.0,0.0,3,4,3,4,WP3->WP4,1,1.4350122527197056,1.4350122527368208,10.889192011893684,0.8401617374811194,utm,0,0.0,0.0,0,0.0
44.0,35.11,49.89989345885696,8.900194485675517,0.2879677041293298,10.284927584769662,-11.753498605327437,492832.3900535941,5527505.27166377,13.98835965176113,-11.818105703219771,0,1,0.0,0.0,3,4,3,4,WP3->WP4,1,1.416911948399136,1.4169119484381336,10.932799633431896,0.8435263080607315,utm,0,0.0,0.0,0,0.0
44.05,35.16,49.8998931219053,8.900194171144685,0.28793423144759545,10.262330319138842,-11.79097677332558,492832.36741540616,5527505.234230702,13.965844941907562,-11.855613168329,0,1,0.0,0.0,3,4,3,4,WP3->WP4,1,1.4003663408054916,1.4003663407737328,10.973296114997568,0.8466508368849937,utm,0,0.0,0.0,0,0.0
44.1,35.21,49.899892813460404,8.900193887644965,0.28817556871729627,10.24196246381703,-11.825284215543668,492832.34700996394,5527505.19996412,13.945552530931309,-11.889946808107197,0,1,0.0,0.0,3,4,3,4,WP3->WP4,1,1.3855342426940798,1.385534242734853,11.010317589379873,0.8495072495744914,utm,0,0.0,0.0,0,0.0
44.15,35.26,49.899892528313075,8.900193629070685,0.28824810548963,10.22338536069034,-11.85700033654719,492832.3283980122,5527505.168285439,13.927045072661713,-11.92168664932251,0,1,0.0,0.0,3,4,3,4,WP3->WP4,1,1.3720716549133236,1.3720716549520215,11.044503877916673,0.8521449119046015,utm,0,0.0,0.0,0,0.0
44.2,35.31,49.89989227099575,8.900193389579515,0.28825213181859394,10.206179271362602,-11.885621005672093,492832.3111606513,5527505.139699142,13.909902007319033,-11.950329593382776,0,1,0.0,0.0,3,4,3,4,WP3->WP4,1,1.359486364856463,1.3594863648911477,11.075421727519254,0.8545303959894549,utm,0,0.0,0.0,0,0.0
44.25,35.36,49.89989201884823,8.900193151304242,0.2879909372947106,10.189060537353727,-11.913666652659796,492832.29401137657,5527505.111687522,13.892845133843366,-11.978397575207055,0,1,0.0,0.0,3,4,3,4,WP3->WP4,1,1.3468987794932117,1.3468987794800749,11.105758193626686,0.8568710231035712,utm,0,0.0,0.0,0,0.0
44.3,35.41,49.8998917758163,8.900192925369721,0.28806624594901287,10.172828416778252,-11.940698397906365,492832.27774971275,5527505.084688217,13.876672530546784,-12.005450321361423,0,1,0.0,0.0,3,4,3,4,WP3->WP4,1,1.3350306951522057,1.33503069518574,11.13495669967958,0.859123850269302,utm,0,0.0,0.0,0,0.0
44.35,35.46,49.899891540854995,8.900192704650081,0.28811310810019564,10.15697095597761,-11.96683247057017,492832.261863755,5527505.058585725,13.860872675955761,-12.031605021096766,0,1,0.0,0.0,3,4,3,4,WP3->WP4,1,1.3233943772655998,1.3233943772599202,11.16321090074669,0.8613038190524547,utm,0,0.0,0.0,0,0.0
44.4,35.51,49.899891308879965,8.900192485820018,0.288095279143472,10.141249250586942,-11.99263438927263,492832.24611394084,5527505.032815076,13.845207870646846,-12.057427431456745,0,1,0.0,0.0,3,4,3,4,WP3->WP4,1,1.3118409764060834,1.3118409764069345,11.191116131313246,0.8634568628202568,utm,0,0.0,0.0,0,0.0
44.45,35.56,49.899891072609655,8.900192262289192,0.2881354639397727,10.125189821936784,-12.01891405916606,492832.2300259014,5527505.006567315,13.829206414171495,-12.08372806571424,0,1,0.0,0.0,3,4,3,4,WP3->WP4,1,1.300027608509241,1.3000276085045228,11.219545241754322,0.8656503268345866,utm,0,0.0,0.0,0,0.0
44.5,35.61,49.899890841348686,8.900192042889753,0.2881276040939242,10.109427210117591,-12.044636554315497,492832.21423530264,5527504.980876111,13.813500562740956,-12.109471165575087,0,1,0.0,0.0,3,4,3,4,WP3->WP4,1,1.2884215719423198,1.2884215720038434,11.247378331363436,0.8677978045262207,utm,0,0.0,0.0,0,0.0
44.55,35.66,49.89989061231083,8.90019182463644,0.2880570015995878,10.093746941038738,-12.07011177905001,492832.19852734305,5527504.955431968,13.79787653585663,-12.134966934099793,0,1,0.0,0.0,3,4,3,4,WP3->WP4,1,1.2768587745401008,1.2768587746148106,11.274954519410201,0.8699254608332424,utm,0,0.0,0.0,0,0.0
44.6,35.71,49.899890372196836,8.900191597423689,0.28806454953989574,10.077422986788298,-12.096818970600758,492832.1821743133,5527504.928757209,13.781611497630365,-12.161695437505841,0,1,0.0,0.0,3,4,3,4,WP3->WP4,1,1.2648499963391457,1.2648499963044575,11.303846621694525,0.872154647243783,utm,0,0.0,0.0,0,0.0
44.65,35.76,49.89989012660505,8.90019137147913,0.28806837554463216,10.061190145025328,-12.124135442085812,492832.1659115482,5527504.901473293,13.76543873094488,-12.189032796770334,0,1,0.0,0.0,3,4,3,4,WP3->WP4,1,1.25302505598384,1.2530250559135534,11.33332645207738,0.8744291801465047,utm,0,0.0,0.0,0,0.0
44.7,35.81,49.89988988892065,8.900191160125306,0.2880477225633025,10.046005565301973,-12.15057239757104,492832.1506977992,5527504.8750671465,13.750312082120217,-12.215488933958113,0,1,0.0,0.0,3,4,3,4,WP3->WP4,1,1.2420999706332476,1.2420999706044633,11.361776148842853,0.8766242325102783,utm,0,0.0,0.0,0,0.0
44.75,35.86,49.89988967415735,8.900190957244364,0.28803184090702283,10.031429714278037,-12.174459904054888,492832.1360959323,5527504.851208615,13.735788916703314,-12.239395454525948,0,1,0.0,0.0,3,4,3,4,WP3->WP4,1,1.2313834046241006,1.2313834045923917,11.387614090920078,0.8786177734713365,utm,0,0.0,0.0,0,0.0
44.8,35.91,49.89988944622767,8.90019073853592,0.28806118650667406,10.015716746601578,-12.199811869633056,492832.1203554505,5527504.825887727,13.720131961628795,-12.264768076129258,0,1,0.0,0.0,3,4,3,4,WP3->WP4,1,1.2197693248951336,1.2197693249451744,11.415073575895594,0.8807364254872223,utm,0,0.0,0.0,0,0.0
44.85,35.96,49.8998892050691,8.900190498035123,0.2876734806541203,9.998438121203021,-12.226635246475439,492832.10304797406,5527504.799098101,13.702912860433571,-12.291614590212703,0,1,0.0,0.0,3,4,3,4,WP3->WP4,1,1.206835548245475,1.2068355481945847,11.444227480890108,0.8829858114331949,utm,0,0.0,0.0,0,0.0
44.9,36.01,49.899888959835046,8.900190245974551,0.28805027466862926,9.980328991294135,-12.253911928002141,492832.0849097197,5527504.771856458,13.684864475391805,-12.318915857933462,0,1,0.0,0.0,3,4,3,4,WP3->WP4,1,1.1931513363707087,1.193151336372673,11.473957024434162,0.8852796110953931,utm,0,0.0,0.0,0,0.0
44.95,36.06,49.89988871582802,8.900189985132965,0.28798835178085125,9.961588994999133,-12.281052130919782,492832.0661410317,5527504.744752079,13.666185207723174,-12.34608193859458,0,1,0.0,0.0,3,4,3,4,WP3->WP4,1,1.1788230182347448,1.1788230182344255,11.503648947459963,0.8875705081253348,utm,0,0.0,0.0,0,0.0
45.0,36.11,49.899888489564816,8.900189744922091,0.2880078147796274,9.944331199042184,-12.306218739026148,492832.04885658267,5527504.719618532,13.64898367645219,-12.371272307820618,0,1,0.0,0.0,3,4,3,4,WP3->WP4,1,1.165654615882311,1.16565461586527,11.531163317530206,0.8896933948315905,utm,0,0.0,0.0,0,0.0
45.05,36.16,49.89988828478092,8.900189537600037,0.2880240441466929,9.929436279151972,-12.328996265007271,492832.0339372514,5527504.696869963,13.634139390778728,-12.394069918431342,0,1,0.0,0.0,3,4,3,4,WP3->WP4,1,1.1544519420289412,1.1544519420798582,11.555954121015294,0.8916061432253036,utm,0,0.0,0.0,0,0.0
45.1,36.21,49.899888071103504,8.90018931408063,0.28770228291326766,9.913377670850995,-12.352762992220335,492832.01785337715,5527504.673134139,13.61813382175751,-12.417858614586294,0,1,0.0,0.0,3,4,3,4,WP3->WP4,1,1.1422523052307068,1.1422523052474387,11.581901167393042,0.8936081021900663,utm,0,0.0,0.0,0,0.0
45.15,36.26,49.899887841455346,8.90018905960681,0.2880595959554718,9.89509516266989,-12.378306099311512,492831.9995441218,5527504.647625607,13.599908725358546,-12.443427342921495,0,1,0.0,0.0,3,4,3,4,WP3->WP4,1,1.1281298248937484,1.12812982484472,11.609945231860495,0.8957718577656197,utm,0,0.0,0.0,0,0.0
45.2,36.31,49.89988761975109,8.900188815366908,0.2876426236670532,9.877547903799334,-12.402965628484747,492831.9819709998,5527504.622999323,13.582416851073503,-12.46811140421778,0,1,0.0,0.0,3,4,3,4,WP3->WP4,1,1.1145974225364754,1.114597422574877,11.637003365763418,0.8978595433136427,utm,0,0.0,0.0,0,0.0
45.25,36.36,49.89988742128266,8.90018861203733,0.2879485626377837,9.862939820760959,-12.42504070300243,492831.9673393264,5527504.600952541,13.567857909016311,-12.490206281654537,0,1,0.0,0.0,3,4,3,4,WP3->WP4,1,1.103569845657013,1.1035698457534084,11.661056202911343,0.8997153534993276,utm,0,0.0,0.0,0,0.0
45.3,36.41,49.899887224919716,8.900188411169903,0.28797369723765004,9.848508629534514,-12.446881591420057,492831.95288478624,5527504.579139618,13.553475328662898,-12.512066720053554,0,1,0.0,0.0,3,4,3,4,WP3->WP4,1,1.0926809057971048,1.0926809058168512,11.684850495063266,0.9015512155003519,utm,0,0.0,0.0,0,0.0
45.35,36.46,49.899887003381096,8.900188164946442,0.2881181552240096,9.830818863070663,-12.471522697979838,492831.9351692375,5527504.5545319365,13.535840967029799,-12.536732646636665,0,1,0.0,0.0,3,4,3,4,WP3->WP4,1,1.0790049161128301,1.0790049161569395,11.711912386559879,0.9036391909676305,utm,0,0.0,0.0,0,0.0
45.4,36.51,49.89988678667704,8.900187900018206,0.2881293404651044,9.81178526408503,-12.495626069834312,492831.9161111071,5527504.530463566,13.516862253891304,-12.560863689519465,0,1,0.0,0.0,3,4,3,4,WP3->WP4,1,1.0639188422882804,1.063918842356325,11.738650171956824,0.9057021598464011,utm,0,0.0,0.0,0,0.0
45.45,36.56,49.8998865719251,8.900187628546023,0.2876077876265584,9.792281519385623,-12.519512311965666,492831.8965833071,5527504.506612864,13.497413156437688,-12.584778612479568,0,1,0.0,0.0,3,4,3,4,WP3->WP4,1,1.0483349772824517,1.0483349773465904,11.765245925322873,0.9077541701639006,utm,0,0.0,0.0,0,0.0
45.5,36.61,49.89988635921771,8.90018735687811,0.2880260440953509,9.772763712614857,-12.543171146114982,492831.87704175344,5527504.482989498,13.4779495561379,-12.608466247096658,0,1,0.0,0.0,3,4,3,4,WP3->WP4,1,1.0327021951311315,1.0327021951684525,11.79161924249665,0.9097890182918111,utm,0,0.0,0.0,0,0.0
45.55,36.66,49.89988615589105,8.900187103240038,0.28799277327115264,9.754541248174176,-12.565786588049571,492831.85879641626,5527504.46040738,13.459778734075371,-12.631108367815614,0,1,0.0,0.0,3,4,3,4,WP3->WP4,1,1.0181880586815362,1.0181880586098024,11.816762516751169,0.91172896176609,utm,0,0.0,0.0,0,0.0
45.6,36.71,49.899885960291556,8.900186876271176,0.28803254562669584,9.738234816061517,-12.587542559666966,492831.84246749367,5527504.438681837,13.443521493463777,-12.652887601405382,0,1,0.0,0.0,3,4,3,4,WP3->WP4,1,1.0054339303378783,1.005433930368879,11.840761790439753,0.9135806392329271,utm,0,0.0,0.0,0,0.0
45.65,36.76,49.899885770187296,8.90018667039918,0.28799810801255105,9.723444074646546,-12.608687312015872,492831.82765447267,5527504.417565251,13.428778139466885,-12.67405288759619,0,1,0.0,0.0,3,4,3,4,WP3->WP4,1,0.9940826465879387,0.9940826465521022,11.863923918324156,0.9153677262441455,utm,0,0.0,0.0,0,0.0
45.7,36.81,49.89988558667876,8.900186483029687,0.28789643242766966,9.709982633780674,-12.62909844134127,492831.8141712003,5527504.397180223,13.415362116182223,-12.694482237100601,0,1,0.0,0.0,3,4,3,4,WP3->WP4,1,0.9839312623225216,0.9839312622606381,11.886156718214902,0.9170831104310418,utm,0,0.0,0.0,0,0.0
45.75,36.86,49.899885415364295,8.900186312034247,0.28772683199819704,9.697697576190839,-12.64815325863864,492831.80186564976,5527504.378149397,13.40311934571946,-12.713553510606289,0,1,0.0,0.0,3,4,3,4,WP3->WP4,1,0.9747328320399263,0.9747328319600846,11.906868738863912,0.9186811580397358,utm,0,0.0,0.0,0,0.0
45.8,36.91,49.89988524790341,8.900186154179675,0.2880808940521289,9.686356615820849,-12.66677945265763,492831.7905043916,5527504.359545765,13.391819454787765,-12.732194480486214,0,1,0.0,0.0,3,4,3,4,WP3->WP4,1,0.9664008298797353,0.9664008298459952,11.927012001389613,0.920235322795362,utm,0,0.0,0.0,0,0.0
45.85,36.96,49.89988507756935,8.900186010115844,0.288151089357809,9.676006442382274,-12.685725222913124,492831.7801331003,5527504.340621364,13.381510582345072,-12.751152956858277,0,1,0.0,0.0,3,4,3,4,WP3->WP4,1,0.9590966176112045,0.9590966176014384,11.947318284297268,0.9218020654802962,utm,0,0.0,0.0,0,0.0
45.9,37.01,49.89988490274794,8.900185871876499,0.28816276425382337,9.666074725384744,-12.705170107459315,492831.77017943404,5527504.321197492,13.371620978636201,-12.770609523169696,0,1,0.0,0.0,3,4,3,4,WP3->WP4,1,0.9522825796539133,0.952282579679013,11.968053065979792,0.9234018692293396,utm,0,0.0,0.0,0,0.0
45.95,37.06,49.89988472221947,8.900185733765891,0.2881812944698866,9.656152257479638,-12.725249772663144,492831.7602341677,5527504.301139082,13.361741865810473,-12.790700597688556,0,1,0.0,0.0,3,4,3,4,WP3->WP4,1,0.9455754539543705,0.9455754539798795,11.989413370500015,0.9250499355449336,utm,0,0.0,0.0,0,0.0
46.0,37.11,49.89988454408068,8.900185597584336,0.2881690595601867,9.6463683811108,-12.74506364012445,492831.7504277916,5527504.281346178,13.352000767597929,-12.810525710694492,0,1,0.0,0.0,3,4,3,4,WP3->WP4,1,0.9389642684572918,0.9389642683770334,12.010489809739727,0.9266761000750668,utm,0,0.0,0.0,0,0.0
46.05,37.16,49.899884379290455,8.900185461604599,0.28813766433459753,9.63659900417123,-12.763392784182656,492831.7406378868,5527504.263037384,13.342271249857731,-12.828866666182876,0,1,0.0,0.0,3,4,3,4,WP3->WP4,1,0.9321387064072939,0.9321387063934636,12.030097611304116,0.9281889510388968,utm,0,0.0,0.0,0,0.0
46.1,37.21,49.89988421609401,8.900185323743585,0.2881204671858608,9.626694468195634,-12.781544657813836,492831.7307131129,5527504.244905968,13.332406279223505,-12.847030689008534,0,1,0.0,0.0,3,4,3,4,WP3->WP4,1,0.9251523474222683,0.9251523473492216,12.04955114946275,0.9296898997228451,utm,0,0.0,0.0,0,0.0
46.15,37.26,49.89988404828403,8.9001851844786,0.2880871897189291,9.61668906474964,-12.800209680968186,492831.720686828,5527504.226261745,13.322441488038749,-12.865707851015031,0,1,0.0,0.0,3,4,3,4,WP3->WP4,1,0.918145406764634,0.9181454067760737,12.069527040521937,0.9312311508387854,utm,0,0.0,0.0,0,0.0
46.2,37.31,49.89988387521944,8.900185043074604,0.2881316439116942,9.60652998545007,-12.819459160437779,492831.71050614974,5527504.207033502,13.312324228929356,-12.884969539009035,0,1,0.0,0.0,3,4,3,4,WP3->WP4,1,0.9110767120616068,0.9110767120966595,12.090103850403889,0.9328187661846584,utm,0,0.0,0.0,0,0.0
46.25,37.36,49.899883701241464,8.900184904692217,0.28816522183916127,9.596587991754083,-12.838810231726958,492831.70054233534,5527504.18770342,13.302424168039579,-12.904332349076867,0,1,0.0,0.0,3,4,3,4,WP3->WP4,1,0.9042380731229376,0.9042380731819518,12.110747558093761,0.9344115430685477,utm,0,0.0,0.0,0,0.0
46.3,37.41,49.89988354336518,8.900184779031537,0.2881333649204736,9.587559980882347,-12.856370358674623,492831.69149452576,5527504.170162348,13.293434211576823,-12.92190314270556,0,1,0.0,0.0,3,4,3,4,WP3->WP4,1,0.898026277239145,0.8980262771964973,12.129481635796706,0.9358569813761668,utm,0,0.0,0.0,0,0.0
46.35,37.46,49.89988340734789,8.900184647586341,0.2881146690625752,9.578116385174557,-12.871499171859647,492831.68203453516,5527504.155052169,13.284024065709673,-12.937044413760304,0,1,0.0,0.0,3,4,3,4,WP3->WP4,1,0.8910295198306281,0.8910295198730999,12.145878413346505,0.9371220839751736,utm,0,0.0,0.0,0,0.0
46.4,37.51,49.899883274589676,8.900184509444442,0.28815998988903807,9.568191669094102,-12.886265488038516,492831.67209409847,5527504.140304984,13.27413228014484,-12.951824275776744,0,1,0.0,0.0,3,4,3,4,WP3->WP4,1,0.8835017407560464,0.8835017406944263,12.161991274865997,0.9383652808730907,utm,0,0.0,0.0,0,0.0
46.45,37.56,49.899883140968846,8.900184370810656,0.28819600132446827,9.558231613805448,-12.901127750671249,492831.6621182087,5527504.125461938,13.264205357641913,-12.96670011524111,0,1,0.0,0.0,3,4,3,4,WP3->WP4,1,0.8759538370397772,0.8759538369575253,12.178204341579532,0.9396162091591437,utm,0,0.0,0.0,0,0.0
46.5,37.61,49.899883002969354,8.900184225671133,0.28815251511294837,9.547804157935389,-12.916477038771667,492831.6516744555,5527504.110132683,13.253812176408246,-12.982063702307642,0,1,0.0,0.0,3,4,3,4,WP3->WP4,1,0.86801931674504,0.8680193167702448,12.194970421116397,0.9409098054607842,utm,0,0.0,0.0,0,0.0
46.55,37.66,49.8998828587545,8.900184073866452,0.28813548431251546,9.53689784811785,-12.932517643967758,492831.6407511181,5527504.094113027,13.242941688746214,-12.998119267635047,0,1,0.0,0.0,3,4,3,4,WP3->WP4,1,0.8597183356271761,0.8597183356120679,12.212493046518935,0.9422617734844306,utm,0,0.0,0.0,0,0.0
46.6,37.71,49.899882712786585,8.900183928162491,0.28818692143290037,9.526429840606246,-12.94875323679894,492831.63026564865,5527504.0778978765,13.232509710884187,-13.0143688833341,0,1,0.0,0.0,3,4,3,4,WP3->WP4,1,0.8518802842232021,0.8518802842625685,12.230140740914853,0.943623391276643,utm,0,0.0,0.0,0,0.0
46.65,37.76,49.89988256588235,8.900183789042602,0.28821154062014065,9.516434861516458,-12.965092974210647,492831.62025288073,5527504.0615779925,13.22255077707814,-13.03072167467326,0,1,0.0,0.0,3,4,3,4,WP3->WP4,1,0.844525467843,0.8445254678311175,12.247818433354686,0.9449873235848147,utm,0,0.0,0.0,0,0.0
46.7,37.81,49.899882419866785,8.900183654889624,0.28819968910010096,9.506796726917784,-12.98133386784143,492831.6105969469,5527504.0453564385,13.212948351399973,-13.046974959783256,0,1,0.0,0.0,3,4,3,4,WP3->WP4,1,0.837507868358478,0.8375078683106372,12.265343534490533,0.9463394826250578,utm,0,0.0,0.0,0,0.0
46.75,37.86,49.899882276205304,8.900183522428625,0.28818159254520676,9.497280151527825,-12.997312923056246,492831.60106287256,5527504.029396456,13.20346692262683,-13.062966274097562,0,1,0.0,0.0,3,4,3,4,WP3->WP4,1,0.8305699965746732,0.830569996526826,12.282591304154844,0.9476702439995486,utm,0,0.0,0.0,0,0.0
46.8,37.91,49.89988213666246,8.900183390135762,0.2881647230451432,9.487775655741249,-13.012833873009422,492831.5915414833,5527504.01389438,13.193996669840999,-13.078499642200768,0,1,0.0,0.0,4,5,4,5,WP4->WP5,1,1.0563052757925324,-0.9198521338634489,-0.5192811256862677,-0.05515243232881297,utm,0,0.0,0.0,0,0.0
46.85,37.96,49.899882001979734,8.900183254786793,0.28812734976153,9.478051595947068,-13.027814247532467,492831.5818013374,5527503.998932955,13.184305879985914,-13.093493083491921,0,1,0.0,0.0,4,5,4,5,WP4->WP5,1,1.0404454068891063,-0.902014430127469,-0.5185524202609174,-0.05507503710940045,utm,0,0.0,0.0,0,0.0
46.9,38.01,49.89988186991935,8.900183117027991,0.28812986549798575,9.468154403296268,-13.042502945769712,492831.57188851596,5527503.9842633195,13.174441454000771,-13.108195305801928,0,1,0.0,0.0,4,5,4,5,WP4->WP5,1,1.0246411164053648,-0.8843393320105711,-0.5175261957500598,-0.05496604262627832,utm,0,0.0,0.0,0,0.0
46.95,38.06,49.89988173921978,8.900182977750594,0.28813713284636977,9.458148108160833,-13.057040284669492,492831.5618668371,5527503.969745128,13.16446767206071,-13.122746442444623,0,1,0.0,0.0,4,5,4,5,WP4->WP5,1,1.008876505963506,-0.8667388011711656,-0.5163290180006377,-0.05483889133665019,utm,0,0.0,0.0,0,0.0
47.0,38.11,49.89988161181531,8.900182845447956,0.2881448043841596,9.448642910074701,-13.07121111912466,492831.552346544,5527503.955592628,13.154994068143424,-13.136930239386857,0,1,0.0,0.0,4,5,4,5,WP4->WP5,1,0.9937894474373188,-0.8497087975704208,-0.5153760036800328,-0.054737672449181304,utm,0,0.0,0.0,0,0.0
47.05,38.16,49.89988148865957,8.900182718761506,0.2881105160945865,9.439541203438152,-13.084909379371064,492831.54323021125,5527503.941911975,13.145922867464833,-13.150640859268606,0,1,0.0,0.0,4,5,4,5,WP4->WP5,1,0.9793435652106692,-0.8332907999666961,-0.5145291647811698,-0.05464773036819151,utm,0,0.0,0.0,0,0.0
47.1,38.21,49.89988137030636,8.900182590658993,0.28813018955930464,9.430337760613579,-13.098073468023054,492831.5340128943,5527503.928765414,13.136748923163395,-13.163817722350359,0,1,0.0,0.0,4,5,4,5,WP4->WP5,1,0.9651151538197263,-0.8172803259946096,-0.5133226362382809,-0.05451958593828079,utm,0,0.0,0.0,0,0.0
47.15,38.26,49.8998812584378,8.90018245950572,0.28814259673026676,9.420915137921266,-13.11051628709001,492831.52457744547,5527503.9163401285,13.12735447124578,-13.176274034194648,0,1,0.0,0.0,4,5,4,5,WP4->WP5,1,0.9510743204681462,-0.8017784289633336,-0.5115600784883771,-0.05433238609176467,utm,0,0.0,0.0,0,0.0
47.2,38.31,49.899881157160344,8.900182336300167,0.2881975722129696,9.412063514119549,-13.121781089056473,492831.5157143375,5527503.9050916275,13.118528479186352,-13.18755168095231,0,1,0.0,0.0,4,5,4,5,WP4->WP5,1,0.9381179320042801,-0.7875805491195828,-0.5096882704128903,-0.05413358285569599,utm,0,0.0,0.0,0,0.0
47.25,38.36,49.89988106921494,8.900182220217896,0.2881139337197867,9.403723657904667,-13.13156300365494,492831.5073647689,5527503.895324738,13.110211141232867,-13.197346033528447,0,1,0.0,0.0,4,5,4,5,WP4->WP5,1,0.9263132003972774,-0.7749186798015186,-0.5075009211074579,-0.05390126623839567,utm,0,0.0,0.0,0,0.0
47.3,38.41,49.89988099505692,8.900182105636208,0.28815008487865196,9.395491610095284,-13.139811388862949,492831.4991250085,5527503.887090619,13.101998559839558,-13.20560726057738,0,1,0.0,0.0,4,5,4,5,WP4->WP5,1,0.9153020258958423,-0.7636305225486715,-0.5046248345464939,-0.053595799388978134,utm,0,0.0,0.0,0,0.0
47.35,38.46,49.89988093356177,8.900181994226164,0.28820828790838043,9.387487427032672,-13.146651317938579,492831.4911148983,5527503.88026409,13.094010989007074,-13.212460147216916,0,1,0.0,0.0,4,5,4,5,WP4->WP5,1,0.90512237262326,-0.7536696997842722,-0.5012269875517924,-0.05323491678191,utm,0,0.0,0.0,0,0.0
47.4,38.51,49.89988088672138,8.900181908569992,0.2880983529537994,9.381333514361433,-13.151861240523907,492831.4849564937,5527503.87506445,13.087869752489496,-13.21768005285412,0,1,0.0,0.0,4,5,4,5,WP4->WP5,1,0.8973223893419842,-0.746053474204258,-0.498589695082203,-0.05295481206162368,utm,0,0.0,0.0,0,0.0
47.45,38.56,49.89988086127275,8.900181882200847,0.28802113826748,9.379439040064545,-13.154691818691537,492831.4830590025,5527503.872237528,13.085981587297283,-13.220513213425875,0,1,0.0,0.0,4,5,4,5,WP4->WP5,1,0.8943938070708755,-0.7426539043121124,-0.49840290983973007,-0.052934973750666595,utm,0,0.0,0.0,0,0.0
47.5,38.61,49.899880852555995,8.900181901809388,0.28794591309172374,9.380847803070747,-13.155661358428533,492831.4844659136,5527503.871266501,13.087391690642107,-13.22147959843278,0,1,0.0,0.0,4,5,4,5,WP4->WP5,1,0.895249215903827,-0.7425380116455463,-0.50010844807691,-0.05311611760041842,utm,0,0.0,0.0,0,0.0
47.55,38.66,49.89988085198773,8.900181915300982,0.2880331580076223,9.381817097951199,-13.1557245647328,492831.4854347387,5527503.871202027,13.08836072293343,-13.221540879458189,0,1,0.0,0.0,4,5,4,5,WP4->WP5,1,0.8960975714589168,-0.7429775856603129,-0.5009742156847402,-0.05320807008442259,utm,0,0.0,0.0,0,0.0
47.6,38.71,49.89988086257047,8.900181938859445,0.2880792773315111,9.383509640642995,-13.154547476616544,492831.487128176,5527503.87237639,13.090050281141885,-13.220360943116248,0,1,0.0,0.0,4,5,4,5,WP4->WP5,1,0.8981304183658402,-0.7448523169350086,-0.501829925722399,-0.05329895436195664,utm,0,0.0,0.0,0,0.0
47.65,38.76,49.89988087995494,8.900181968392403,0.2880988067199498,9.385631417004708,-13.152613851475726,492831.489251684,5527503.874306415,13.092167417460587,-13.218423929996789,0,1,0.0,0.0,4,5,4,5,WP4->WP5,1,0.9008755207966187,-0.7475963690911164,-0.5026692480074331,-0.053388098109413716,utm,0,0.0,0.0,0,0.0
47.7,38.81,49.89988088779024,8.900181982607874,0.2879392177748652,9.38665271842423,-13.151742353890459,492831.49027374,5527503.875176203,13.093186601647176,-13.217550778761506,0,1,0.0,0.0,4,5,4,5,WP4->WP5,1,0.9021716775515694,-0.7488662551340182,-0.5031034363803973,-0.05343421290864934,utm,0,0.0,0.0,0,0.0
47.75,38.86,49.89988087610992,8.90018196115478,0.28796694671491874,9.385111434695407,-13.15304152242145,492831.48873133893,5527503.873879608,13.091648481669836,-13.218852449208498,0,1,0.0,0.0,4,5,4,5,WP4->WP5,1,0.9002225347995048,-0.7469636172684568,-0.502440012974751,-0.05336375124024785,utm,0,0.0,0.0,0,0.0
47.8,38.91,49.8998808586797,8.900181934647799,0.28798386415594524,9.383207057630226,-13.154980236103476,492831.48682513693,5527503.871944207,13.089748667844106,-13.220794121734798,0,1,0.0,0.0,4,5,4,5,WP4->WP5,1,0.8976717636544229,-0.7443259712086004,-0.5017902388915274,-0.05329473925544549,utm,0,0.0,0.0,0,0.0
47.85,38.96,49.899880837196505,8.900181894369682,0.2879920442885281,9.380313302188993,-13.157369749820784,492831.4839293497,5527503.869559505,13.086860754759982,-13.223188353702426,0,1,0.0,0.0,4,5,4,5,WP4->WP5,1,0.8940352689478682,-0.7407964908811865,-0.5005193514948318,-0.05315975932323409,utm,0,0.0,0.0,0,0.0
47.9,39.01,49.89988081512705,8.900181854170436,0.28804350399553896,9.377425213129774,-13.159824472854062,492831.4810391396,5527503.867109611,13.083978633687366,-13.225647758692503,0,1,0.0,0.0,4,5,4,5,WP4->WP5,1,0.8903770497078264,-0.7372138188858267,-0.4992865669034052,-0.053028826259443634,utm,0,0.0,0.0,0,0.0
47.95,39.06,49.89988079582377,8.90018181904454,0.28808806389336983,9.374901615752586,-13.161971520978932,492831.47851368616,5527503.864966784,13.081460255314596,-13.227798896841705,0,1,0.0,0.0,4,5,4,5,WP4->WP5,1,0.887180511163882,-0.7340814730180253,-0.498210447863845,-0.052914532518401815,utm,0,0.0,0.0,0,0.0
48.0,39.11,49.89988078077554,8.900181791220989,0.28811519130679936,9.372902650563718,-13.163645292319757,492831.47651328647,5527503.863296346,13.079465371149126,-13.229475917294621,0,1,0.0,0.0,4,5,4,5,WP4->WP5,1,0.8846605418076059,-0.7316234679654867,-0.49734432273172813,-0.05282254206202959,utm,0,0.0,0.0,0,0.0
48.05,39.16,49.89988076902569,8.900181768973122,0.2881395589484778,9.371304266805454,-13.164952194131534,492831.4749137977,5527503.861992096,13.07787018903764,-13.230785431340337,0,1,0.0,0.0,4,5,4,5,WP4->WP5,1,0.8826592627638475,-0.7296850825263816,-0.4966357362104406,-0.052747283655298995,utm,0,0.0,0.0,0,0.0
48.1,39.21,49.8998807580824,8.900181748024623,0.2881423045279201,9.36979923541463,-13.166169384933507,492831.4734077437,5527503.860777397,13.076368146052118,-13.23200508672744,0,1,0.0,0.0,4,5,4,5,WP4->WP5,1,0.8807808014894016,-0.7278714158329911,-0.4959617145361021,-0.05267569635327068,utm,0,0.0,0.0,0,0.0
48.15,39.26,49.89988074669312,8.900181726463776,0.2881464974785819,9.368250210182815,-13.16743618264451,492831.4718576471,5527503.859513171,13.074822223978117,-13.233274414204061,0,1,0.0,0.0,4,5,4,5,WP4->WP5,1,0.8788417500970984,-0.7259926722114733,-0.4952751372812641,-0.05260277553309661,utm,0,0.0,0.0,0,0.0
48.2,39.31,49.89988073955426,8.900181722635033,0.2880719401248184,9.367975136561368,-13.168230217236779,492831.47158162517,5527503.858719821,13.074548817879986,-13.234068668447435,0,1,0.0,0.0,4,5,4,5,WP4->WP5,1,0.8782568004343139,-0.7251696620702563,-0.4954432043352988,-0.052620625800256046,utm,0,0.0,0.0,0,0.0
48.25,39.36,49.89988073989368,8.900181771652138,0.28805452816092597,9.371496738998356,-13.168192464251472,492831.47510187706,5527503.858752866,13.078068941773381,-13.234024022705853,0,1,0.0,0.0,4,5,4,5,WP4->WP5,1,0.8814640932693063,-0.726996653947386,-0.4984524178619109,-0.052940231958038285,utm,0,0.0,0.0,0,0.0
48.3,39.41,49.89988074468419,8.900181863874788,0.28806394962837245,9.37812241613088,-13.167659629884936,492831.4817256282,5527503.859276662,13.084690930845682,-13.233478402718902,0,1,0.0,0.0,4,5,4,5,WP4->WP5,1,0.8876981324105743,-0.730831163009947,-0.5038787408283364,-0.05351655737291747,utm,0,0.0,0.0,0,0.0
48.35,39.46,49.899880752151844,8.900181968470317,0.28804923132617005,9.385637014726505,-13.16682902387908,492831.48923834384,5527503.860096925,13.092200902639888,-13.232633386738598,0,1,0.0,0.0,4,5,4,5,WP4->WP5,1,0.8948698814429586,-0.7353747177260491,-0.5099177671380635,-0.05415795751901168,utm,0,0.0,0.0,0,0.0
48.4,39.51,49.899880755345755,8.90018203450224,0.28800158610787974,9.390381035837127,-13.16647377478952,492831.4939809509,5527503.860445713,13.096942334552296,-13.232268972322345,0,1,0.0,0.0,4,5,4,5,WP4->WP5,1,0.8993305728746993,-0.738097661924646,-0.5138164271104088,-0.05457203107120109,utm,0,0.0,0.0,0,0.0
48.45,39.56,49.89988073712529,8.90018199960737,0.28798890416185446,9.387874036237248,-13.168500385379616,492831.49147224904,5527503.858423252,13.094440311018843,-13.234299689531326,0,1,0.0,0.0,4,5,4,5,WP4->WP5,1,0.8962103715727348,-0.7350773444995982,-0.5126932101344415,-0.05445273509606673,utm,0,0.0,0.0,0,0.0
48.5,39.61,49.8998807015578,8.90018192893202,0.2880469732401943,9.382796411097145,-13.172456455185804,492831.486391374,5527503.85447553,13.08937247277936,-13.238264133222401,0,1,0.0,0.0,4,5,4,5,WP4->WP5,1,0.889954265215655,-0.729087836384485,-0.5103425526170897,-0.05420307364441543,utm,0,0.0,0.0,0,0.0
48.55,39.66,49.89988066350824,8.900181868644834,0.2880842547626777,9.378465117000678,-13.176688598163322,492831.4820561654,5527503.850250852,13.085051209491212,-13.242503074929118,0,1,0.0,0.0,4,5,4,5,WP4->WP5,1,0.8842676398668051,-0.7232412298606719,-0.5087743923835325,-0.0540365206023658,utm,0,0.0,0.0,0,0.0
48.6,39.71,49.89988062322403,8.900181825107373,0.28810053762655935,9.375337196025598,-13.181169295719044,492831.4789235201,5527503.845776114,13.081933327019215,-13.24698811210692,0,1,0.0,0.0,4,5,4,5,WP4->WP5,1,0.8795829211684785,-0.717794084458791,-0.5083677483153705,-0.05399333126167567,utm,0,0.0,0.0,0,0.0
48.65,39.76,49.899880578923494,8.900181781388936,0.2880888196044698,9.372196273000982,-13.186096717241377,492831.47577728285,5527503.840854849,13.078803324140608,-13.251919717527926,0,1,0.0,0.0,4,5,4,5,WP4->WP5,1,0.8747148066453116,-0.7119561493372333,-0.5081775618673502,-0.05397313171140233,utm,0,0.0,0.0,0,0.0
48.7,39.81,49.89988052890205,8.90018173711402,0.288058253824515,9.369015370077873,-13.191660459002224,492831.47259023396,5527503.835297571,13.075634605775122,-13.25748746842146,0,1,0.0,0.0,4,5,4,5,WP4->WP5,1,0.8695673933256862,-0.7055506295304798,-0.5082772478720372,-0.05398371928209511,utm,0,0.0,0.0,0,0.0
48.75,39.86,49.89988047382099,8.900181707226846,0.28803967354362403,9.366868145279863,-13.19778696780819,492831.4704357024,5527503.829176375,13.07350025739288,-13.263615731149912,0,1,0.0,0.0,4,5,4,5,WP4->WP5,1,0.8651633321278867,-0.699187891021962,-0.509552631537596,-0.05411917675942022,utm,0,0.0,0.0,0,0.0
48.8,39.91,49.8998804182064,8.900181689713524,0.2879903716722522,9.365609911881382,-13.203972819815672,492831.4691697295,5527503.822994675,13.072254662227351,-13.26980156917125,0,1,0.0,0.0,4,5,4,5,WP4->WP5,1,0.8615809282145251,-0.6932271284869524,-0.5116227557417057,-0.054339042992625805,utm,0,0.0,0.0,0,0.0
48.85,39.96,49.89988035538474,8.900181628447472,0.28795487535450104,9.361208291730701,-13.210960293237916,492831.46476055245,5527503.816015861,13.067868506768718,-13.27679487504065,0,1,0.0,0.0,4,5,4,5,WP4->WP5,1,0.854821102661032,-0.6849752049979605,-0.5113981678620141,-0.05431518969385591,utm,0,0.0,0.0,0,0.0
48.9,40.01,49.899880281147695,8.900181493236241,0.2879429463167589,9.351494127685648,-13.219217466650925,492831.45503925346,5527503.807774932,13.058174417354167,-13.285067793913186,0,1,0.0,0.0,4,5,4,5,WP4->WP5,1,0.8426930727403579,-0.6729242384478121,-0.5072519927550982,-0.05387482775752445,utm,0,0.0,0.0,0,0.0
48.95,40.06,49.89988020227044,8.900181328669733,0.2879407413481313,9.33967095259106,-13.227990758374492,492831.44320909487,5527503.799020902,13.046373170625884,-13.293860760517418,0,1,0.0,0.0,4,5,4,5,WP4->WP5,1,0.828436008812701,-0.6593547278528482,-0.501555145079396,-0.053269770130008165,utm,0,0.0,0.0,0,0.0
49.0,40.11,49.899880122094906,8.90018113993572,0.28793819206930826,9.326111478594386,-13.236908453020458,492831.4296431357,5527503.790124841,13.032836600730661,-13.302801478654146,0,1,0.0,0.0,4,5,4,5,WP4->WP5,1,0.812530663543423,-0.6447762592729084,-0.4944387269180587,-0.05251394105852402,utm,0,0.0,0.0,0,0.0
49.05,40.16,49.899880034375215,8.900180894362359,0.28804057180893483,9.30846841817762,-13.246665263111257,492831.4119940967,5527503.780395438,13.015219719382003,-13.312588987872005,0,1,0.0,0.0,4,5,4,5,WP4->WP5,1,0.7925348191482544,-0.6273952806900437,-0.484238165916543,-0.05143054764689458,utm,0,0.0,0.0,0,0.0
49.1,40.21,49.89987992593564,8.900180593757456,0.28811055307600647,9.286871651963274,-13.258726686392274,492831.3903898546,5527503.768367611,12.993655230500735,-13.324687943793833,0,1,0.0,0.0,4,5,4,5,WP4->WP5,1,0.7680260168087274,-0.6060177060191553,-0.47181193550646894,-0.05011076767051256,utm,0,0.0,0.0,0,0.0
49.15,40.26,49.89987981737349,8.900180274651285,0.28818619641970245,9.263945674024196,-13.270801743737401,492831.3674569113,5527503.756327928,12.97076208674116,-13.33680313359946,0,1,0.0,0.0,4,5,4,5,WP4->WP5,1,0.7422880376465006,-0.5839510729265416,-0.45824957748047485,-0.048670320490270376,utm,0,0.0,0.0,0,0.0
49.2,40.31,49.899879714612936,8.9001799414451,0.2882056916304353,9.240006689534184,-13.282231505851627,492831.343512224,5527503.74493463,12.9468550743768,-13.348275276832283,0,1,0.0,0.0,4,5,4,5,WP4->WP5,1,0.715848152160856,-0.5619231626462221,-0.44348724472500817,-0.04710242495538973,utm,0,0.0,0.0,0,0.0
49.25,40.36,49.899879599357405,8.900179569794002,0.2880790085843746,9.213305655081228,-13.29505104818976,492831.3168047338,5527503.732155786,12.920189840020612,-13.36114206071943,0,1,0.0,0.0,4,5,4,5,WP4->WP5,1,0.6863393921533846,-0.5372926171136954,-0.42705784715491807,-0.0453574718021434,utm,0,0.0,0.0,0,0.0
49.3,40.41,49.89987942923629,8.900179122344632,0.28794134759000733,9.181158942408473,-13.31397313253118,492831.28464560234,5527503.7132841,12.888093071989715,-13.380119619891047,0,1,0.0,0.0,4,5,4,5,WP4->WP5,1,0.6496050342745501,-0.5046391305018484,-0.4090550678346104,-0.043445411033746245,utm,0,0.0,0.0,0,0.0
49.35,40.46,49.89987922688318,8.900178616969642,0.2879957582193404,9.144850600772173,-13.336480289431522,492831.24832172133,5527503.690834319,12.851843368145637,-13.402688979171216,0,1,0.0,0.0,4,5,4,5,WP4->WP5,1,0.607815854661783,-0.46678194727020655,-0.38930030423937234,-0.04134727341913878,utm,0,0.0,0.0,0,0.0
49.4,40.51,49.899879004925445,8.900178059917197,0.2880743048437568,9.104829525549727,-13.361168012887099,492831.2082836784,5527503.666209791,12.811886689101811,-13.427445312961936,0,1,0.0,0.0,4,5,4,5,WP4->WP5,1,0.5619508207217226,-0.4251576376939238,-0.3674638866886648,-0.03902804500567105,utm,0,0.0,0.0,0,0.0
49.45,40.56,49.8998787736711,8.90017748248074,0.2875309720620587,9.06334397402377,-13.386889771499915,492831.1667803639,5527503.640553593,12.770468146132771,-13.453238139860332,0,1,0.0,0.0,4,5,4,5,WP4->WP5,1,0.5145857662583025,-0.3818978346232496,-0.34489499089681985,-0.0366310206650487,utm,0,0.0,0.0,0,0.0
49.5,40.61,49.899878525130646,8.900176857649797,0.2879575127686146,9.018453396171523,-13.414534214040916,492831.12187081587,5527503.612980016,12.725649706611875,-13.48095955979079,0,1,0.0,0.0,4,5,4,5,WP4->WP5,1,0.46371763734435034,-0.3352494737816279,-0.32037764827367093,-0.03402705334750269,utm,0,0.0,0.0,0,0.0
49.55,40.66,49.89987825302615,8.900176169137856,0.28743793868946843,8.96898769789049,-13.444799617558482,492831.07238447515,5527503.582792623,12.676263112691231,-13.511309863068163,0,1,0.0,0.0,4,5,4,5,WP4->WP5,1,0.4082490124101267,-0.28401581262421044,-0.29326144361857936,-0.03114706297566366,utm,0,0.0,0.0,0,0.0
49.6,40.71,49.89987796604668,8.900175433540646,0.28770138755890484,8.916139188691185,-13.4767195221849,492831.0195144644,5527503.550955898,12.623498302244116,-13.543320640921593,0,1,0.0,0.0,4,5,4,5,WP4->WP5,1,0.34995760475999094,-0.22963554168637132,-0.26407923644951126,-0.028047644132025932,utm,0,0.0,0.0,0,0.0
49.65,40.76,49.89987766890171,8.900174637129536,0.2879815357930128,8.858921543918024,-13.50977010675253,492830.962275549,5527503.517994766,12.566368316183798,-13.576470216736197,0,1,0.0,0.0,4,5,4,5,WP4->WP5,1,0.28860994853832994,-0.172056518542749,-0.23171589678363919,-0.024610359754517506,utm,0,0.0,0.0,0,0.0
49.7,40.81,49.89987736768481,8.90017382680744,0.2879889788549564,8.80070447327806,-13.543273599788812,492830.90403700114,5527503.48458224,12.508240190567449,-13.610074478201568,0,1,0.0,0.0,4,5,4,5,WP4->WP5,1,0.22889147342422037,-0.11357872802889225,-0.19872387663703003,-0.02110630372682735,utm,0,0.0,0.0,0,0.0
49.75,40.86,49.89987707478544,8.900173059215607,0.28798422935323653,8.745557330873325,-13.575851958251443,492830.8488683923,5527503.452090388,12.453178953379393,-13.642747952602804,0,1,0.0,0.0,4,5,4,5,WP4->WP5,1,0.1774607465257567,-0.05746088193375957,-0.1679004574290178,-0.017832573067416473,utm,0,0.0,0.0,0,0.0
49.8,40.91,49.89987681621821,8.900172378581034,0.28792165092821254,8.69665757704461,-13.604611650256011,492830.7999497739,5527503.4234073525,12.404355121252593,-13.671592037193477,0,1,0.0,0.0,4,5,4,5,WP4->WP5,1,0.14072058812037047,-0.007810467535334931,-0.14050366727535066,-0.014922781934569269,utm,0,0.0,0.0,0,0.0
49.85,40.96,49.89987658795543,8.900171785941074,0.2879226989562692,8.654079739647063,-13.630000664829149,492830.75735504733,5527503.3980852235,12.361844071303494,-13.697054393589497,0,1,0.0,0.0,4,5,4,5,WP4->WP5,1,0.12216460273789027,0.03571979121152602,-0.11682588188373133,-0.012407983317959401,utm,0,0.0,0.0,0,0.0
49.9,41.01,49.89987636367056,8.900171202594851,0.28807549097509855,8.612169604840698,-13.654947229612185,492830.71542834694,5527503.373204477,12.319999589410145,-13.722073168493807,0,1,0.0,0.0,4,5,4,5,WP4->WP5,1,0.1221004155352873,0.07852931493217725,-0.09349683508104834,-0.009930223947482998,utm,0,0.0,0.0,0,0.0
49.95,41.06,49.89987613998279,8.900170606823261,0.288155224457895,8.569366777491906,-13.679827379451579,492830.6726093971,5527503.34839131,12.277262640185654,-13.747027304023504,0,1,0.0,0.0,4,5,4,5,WP4->WP5,1,0.1401123915706241,0.12173661829554328,-0.06936626008085699,-0.007367334909306286,utm,0,0.0,0.0,0,0.0
50.0,41.11,49.899875920748435,8.900170042191004,0.28827024152637426,8.528801135519496,-13.704212188246975,492830.6320274024,5527503.324070305,12.236761012114584,-13.771481908857822,0,1,0.0,0.0,4,5,4,5,WP4->WP5,1,0.16997832484133207,0.16337793079142668,-0.0469071705198385,-0.004981973000487002,utm,0,0.0,0.0,0,0.0
50.05,41.16,49.89987571023776,8.900169577933003,0.2883153529205797,8.49544681755057,-13.727626688222466,492830.5986551561,5527503.300709614,12.20346592873102,-13.794952446594834,0,1,0.0,0.0,4,5,4,5,WP4->WP5,1,0.20276495567291652,0.20051009050974014,-0.03015511321178605,-0.0032027504149756644,utm,0,0.0,0.0,0,0.0
50.1,41.21,49.8998755149168,8.900169229991752,0.2882297064862044,8.470449201797104,-13.749351679312348,492830.573638539,5527503.279026622,12.178520900546573,-13.816717758774757,0,1,0.0,0.0,4,5,4,5,WP4->WP5,1,0.23276852342539597,0.23193095606844374,-0.019728586234617252,-0.0020953573381083377,utm,0,0.0,0.0,0,0.0
50.15,41.26,49.89987534486761,8.900168997533614,0.2880601199770754,8.45374839613268,-13.768265763634934,492830.556919177,5527503.260142357,12.161863859626465,-13.835657017305493,0,1,0.0,0.0,4,5,4,5,WP4->WP5,1,0.25714483003153327,0.2567066889143001,-0.015004648566457586,-0.0015936317030308285,utm,0,0.0,0.0,0,0.0
50.2,41.31,49.89987520547969,8.900168851502627,0.2881335722500246,8.443256893682742,-13.783769483159293,492830.5464111922,5527503.244658821,12.15140695561422,-13.851175096817315,0,1,0.0,0.0,4,5,4,5,WP4->WP5,1,0.2757352221709278,0.27538552032317154,-0.013882648954251392,-0.0014744650231262272,utm,0,0.0,0.0,0,0.0
50.25,41.36,49.899875082834406,8.900168663434947,0.28802526884657875,8.42974529193583,-13.797410966408153,492830.5328867901,5527503.231040799,12.137927503092214,-13.864837612956762,0,1,0.0,0.0,4,5,4,5,WP4->WP5,1,0.2941462369224058,0.2940018728828634,-0.009214523155363719,-0.0009786671219695305,utm,0,0.0,0.0,0,0.0
50.3,41.41,49.89987497002845,8.900168405284028,0.28799056174104065,8.411198604901292,-13.80995804962786,492830.51433076296,5527503.218523447,12.119412825792097,-13.87741604540497,0,1,0.0,0.0,4,5,4,5,WP4->WP5,1,0.3142428455155011,0.31424284536330815,0.0003412745152044117,3.624649284235966e-05,utm,0,0.0,0.0,0,0.0
50.35,41.46,49.89987486653061,8.900168102266527,0.2879625225142693,8.389428507124093,-13.821469818479752,492830.4925539864,5527503.20704529,12.097673992044292,-13.888965902850032,0,1,0.0,0.0,4,5,4,5,WP4->WP5,1,0.33523606280275925,0.335236062619606,0.01319665985452978,0.0014016066704358628,utm,0,0.0,0.0,0,0.0
50.4,41.51,49.89987476191897,8.900167830115159,0.2880352249241104,8.369875966835423,-13.83310547123519,492830.4729937201,5527503.195440344,12.078152074303944,-13.90063524339348,0,1,0.0,0.0,4,5,4,5,WP4->WP5,1,0.35520579908980493,0.35520579940166547,0.024081897756318017,0.0025577190671034734,utm,0,0.0,0.0,0,0.0
50.45,41.56,49.89987465529662,8.90016752155669,0.28800366085828805,8.347707781856679,-13.844964770046415,492830.4508185514,5527503.183615324,12.056015993643086,-13.912533273920417,0,1,0.0,0.0,4,5,4,5,WP4->WP5,1,0.3767007360003976,0.37670073633428447,0.03710253054171629,0.003940630043553763,utm,0,0.0,0.0,0,0.0
50.5,41.61,49.89987453504485,8.900167102551917,0.2879809438913544,8.317604652919636,-13.858340029620907,492830.4207095745,5527503.170285526,12.025951106566936,-13.925962219014764,0,1,0.0,0.0,4,5,4,5,WP4->WP5,1,0.40354280180110236,0.403542801629062,0.056174435191252536,0.005966241756621533,utm,0,0.0,0.0,0,0.0
50.55,41.66,49.89987439863429,8.900166625838771,0.28806278639375626,8.28335550309383,-13.87351258572309,492830.3864538308,5527503.155164672,11.991745377483312,-13.941195875406265,0,1,0.0,0.0,4,5,4,5,WP4->WP5,1,0.43404319094371646,0.43404319078235765,0.0778959096206215,0.008273262153260404,utm,0,0.0,0.0,0,0.0
50.6,41.71,49.899874247397754,8.900166097150223,0.28816022850133294,8.245372213775232,-13.890334192846119,492830.3484632355,5527503.138400404,11.953810232575051,-13.958085246384144,0,1,0.0,0.0,4,5,4,5,WP4->WP5,1,0.4678645307086706,0.4678645303383313,0.10198829462370818,0.010832095062441153,utm,0,0.0,0.0,0,0.0
50.65,41.76,49.89987409346014,8.900165539494937,0.2880771279119511,8.205307827868161,-13.907456232621186,492830.3083919706,5527503.121338595,11.91379540989874,-13.97527901083231,0,1,0.0,0.0,4,5,4,5,WP4->WP5,1,0.5030047098894894,0.5030047099706324,0.12771725447470766,0.013564747275050776,utm,0,0.0,0.0,0,0.0
50.7,41.81,49.89987394169192,8.900164944360323,0.28798737739467806,8.162550763700906,-13.924336976347563,492830.2656294194,5527503.104521573,11.871088508982211,-13.992236859165132,0,1,0.0,0.0,4,5,4,5,WP4->WP5,1,0.5393095106803731,0.5393095105414656,0.15588477957939387,0.016556397549559163,utm,0,0.0,0.0,0,0.0
50.75,41.86,49.89987379845372,8.900164305989309,0.28804043819697006,8.116687408057588,-13.940268951943283,492830.21976307593,5527503.088657078,11.825274693605024,-14.00825241394341,0,1,0.0,0.0,4,5,4,5,WP4->WP5,1,0.5763812998157036,0.5763812998971309,0.1872070731825558,0.01988311325879774,utm,0,0.0,0.0,0,0.0
50.8,41.91,49.89987365481564,8.900163599648128,0.2880325632097686,8.065940779455207,-13.956245403455144,492830.16901534185,5527503.072754634,11.774579639197327,-14.024322003126144,0,1,0.0,0.0,4,5,4,5,WP4->WP5,1,0.6159797376970584,0.6159797378969186,0.22270614318485965,0.023653441043098397,utm,0,0.0,0.0,0,0.0
50.85,41.96,49.89987347814255,8.9001627900891,0.28802745845670225,8.007778530933594,-13.975896245150176,492830.110850041,5527503.053189148,11.716479129332583,-14.044079057872295,0,1,0.0,0.0,4,5,4,5,WP4->WP5,1,0.662516839965923,0.6625168396864692,0.262710000523859,0.02790221868134753,utm,0,0.0,0.0,0,0.0
50.9,42.01,49.89987327287664,8.900161907898575,0.28773828303342575,7.9443981191291915,-13.99872738477126,492830.04746441415,5527503.030451592,11.653168774908409,-14.067025368101895,0,1,0.0,0.0,4,5,4,5,WP4->WP5,1,0.714447929780488,0.7144479294029471,0.3055806906040517,0.032455480328230195,utm,0,0.0,0.0,0,0.0
50.95,42.06,49.899873064485156,8.90016100736857,0.28799578725137476,7.879700119212837,-14.021906173216378,492829.9827612594,5527503.0073682815,11.588542039156891,-14.090321773663163,0,1,0.0,0.0,4,5,4,5,WP4->WP5,1,0.7673493967198421,0.7673493965444231,0.34940730618134525,0.037110270056305045,utm,0,0.0,0.0,0,0.0
51.0,42.11,49.899872857494806,8.900160103666746,0.28797859278538096,7.81477424191521,-14.04492911659666,492829.91783052497,5527502.984441059,11.523687210516073,-14.113462841138244,0,1,0.0,0.0,4,5,4,5,WP4->WP5,1,0.820232962618819,0.8202329629022581,0.3935093042150252,0.04179430793444566,utm,0,0.0,0.0,0,0.0
51.05,42.16,49.8998726453806,8.900159197510563,0.28796868567211836,7.7496720328075535,-14.068521973054622,492829.85272276896,5527502.960944387,11.458657237875741,-14.137173938564956,0,1,0.0,0.0,4,5,4,5,WP4->WP5,1,0.8736964869410643,0.8736964865581124,0.4374725286805877,0.046463606783097175,utm,0,0.0,0.0,0,0.0
51.1,42.21,49.899872416780596,8.90015827538981,0.2879585607084059,7.683422859411444,-14.093948496515914,492829.786466061,5527502.935616311,11.392484354611952,-14.162720216438174,0,1,0.0,0.0,4,5,4,5,WP4->WP5,1,0.929321360092057,0.9293213604386753,0.4814877102594257,0.051138423955123406,utm,0,0.0,0.0,0,0.0
51.15,42.26,49.89987217586072,8.900157287862939,0.28792636167761765,7.612474625476425,-14.1207453240785,492829.7155103346,5527502.908924742,11.321616971574258,-14.189645464532077,0,1,0.0,0.0,4,5,4,5,WP4->WP5,1,0.9885191739012285,0.9885191738211092,0.5288456437139777,0.056168272125770434,utm,0,0.0,0.0,0,0.0
51.2,42.31,49.89987192996023,8.90015624621925,0.28798240812560044,7.537638403523533,-14.148096131896263,492829.6406674273,5527502.881684594,11.246864236483816,-14.217132098041475,0,1,0.0,0.0,4,5,4,5,WP4->WP5,1,1.0501746182728715,1.050174618017128,0.579264812976265,0.061523251698999325,utm,0,0.0,0.0,0,0.0
51.25,42.36,49.89987168243832,8.900155174982059,0.2880127571576529,7.460676055367386,-14.17562728505764,492829.5636989981,5527502.854267009,11.169986575841904,-14.244803172536194,0,1,0.0,0.0,4,5,4,5,WP4->WP5,1,1.1130685748913411,1.1130685745695066,0.6314204770531404,0.06706266299526521,utm,0,0.0,0.0,0,0.0
51.3,42.41,49.89987143939697,8.900154073855647,0.287971242547402,7.381566335393586,-14.202660078153142,492829.4845847142,5527502.827350445,11.090961421083193,-14.27198029961437,0,1,0.0,0.0,4,5,4,5,WP4->WP5,1,1.1766282116470055,1.1766282114894684,0.6856767565326668,0.07282517897050524,utm,0,0.0,0.0,0,0.0
51.35,42.46,49.89987120543597,8.90015294613632,0.2879560327562822,7.3005460644230125,-14.228682889920032,492829.40356198396,5527502.801446006,11.010024495015386,-14.298151596449316,0,1,0.0,0.0,4,5,4,5,WP4->WP5,1,1.2402928746969462,1.240292874379346,0.74209070427531,0.07881685916332068,utm,0,0.0,0.0,0,0.0
51.4,42.51,49.89987098417718,8.900151808354224,0.2879804017671619,7.218802840318481,-14.253292871616589,492829.32181846985,5527502.776954795,10.928362131875474,-14.322912047617137,0,1,0.0,0.0,4,5,4,5,WP4->WP5,1,1.3031109563802965,1.3031109567366037,0.7998463102172763,0.08495103579859545,utm,0,0.0,0.0,0,0.0
51.45,42.56,49.89987076184776,8.90015061568406,0.288020514210665,7.133116218254406,-14.278021935931845,492829.23613296624,5527502.752349807,10.842758175625931,-14.347799266688526,0,1,0.0,0.0,4,5,4,5,WP4->WP5,1,1.3680409069448618,1.3680409071446344,0.8609324176193357,0.09143894232566255,utm,0,0.0,0.0,0,0.0
51.5,42.61,49.899870525301985,8.900149396829105,0.287964556748813,7.045548366678533,-14.304332245324304,492829.1485648733,5527502.726166713,10.755276840704028,-14.374270785599947,0,1,0.0,0.0,4,5,4,5,WP4->WP5,1,1.4352892994751,1.4352892991831072,0.9228305522549303,0.09801309361463488,utm,0,0.0,0.0,0,0.0
51.55,42.66,49.899870282775964,8.900148153577097,0.2879773260254786,6.956227724476493,-14.331307719455832,492829.0592437994,5527502.699321059,10.666044717654586,-14.401410639286041,0,1,0.0,0.0,4,5,4,5,WP4->WP5,1,1.5040028875197877,1.5040028871312179,0.9858970745806459,0.10471133842410262,utm,0,0.0,0.0,0,0.0
51.6,42.71,49.89987003533888,8.900146869172787,0.28797387563556487,6.863950521497295,-14.358829438439168,492828.9669666114,5527502.6719333185,10.573858282936271,-14.429102316498756,0,1,0.0,0.0,4,5,4,5,WP4->WP5,1,1.5746928185358142,1.5746928187246223,1.0512277818251214,0.11165006049980411,utm,0,0.0,0.0,0,0.0
51.65,42.76,49.899869783499334,8.900145535635206,0.2876704096335096,6.768143370291656,-14.386840829752352,492828.87116022524,5527502.644060807,10.478144266700838,-14.457290392369032,0,1,0.0,0.0,4,5,4,5,WP4->WP5,1,1.6476026276016007,1.647602628009694,1.1193445948479759,0.11888469263809431,utm,0,0.0,0.0,0,0.0
51.7,42.81,49.89986952187864,8.900144197429631,0.28795540764863087,6.672000850055107,-14.415940150043811,492828.7750171525,5527502.615101254,10.382097147929017,-14.486566613428295,0,1,0.0,0.0,4,5,4,5,WP4->WP5,1,1.7216189077307031,1.721618908071804,1.1871954347525095,0.12609107598457625,utm,0,0.0,0.0,0,0.0
51.75,42.86,49.89986925474175,8.900142878142388,0.2880725168899394,6.577217505218228,-14.445653020908441,492828.6802318963,5527502.585526584,10.287409865355585,-14.51645347289741,0,1,0.0,0.0,4,5,4,5,WP4->WP5,1,1.7954702144688623,1.7954702148108608,1.2535647829820398,0.13314011128717668,utm,0,0.0,0.0,0,0.0
51.8,42.91,49.89986898933713,8.900141574287083,0.2881213730248883,6.48354285808614,-14.475173217046937,492828.5865551526,5527502.556143035,10.193830459436867,-14.546145560219884,0,1,0.0,0.0,4,5,4,5,WP4->WP5,1,1.8685908616946103,1.8685908618371665,1.3190788746678404,0.14009831047746993,utm,0,0.0,0.0,0,0.0
51.85,42.96,49.89986873481943,8.900140286874668,0.28821086861023143,6.3910495398074705,-14.50348249178886,492828.49406088085,5527502.527968352,10.101429535425268,-14.57462489232421,0,1,0.0,0.0,4,5,4,5,WP4->WP5,1,1.940068183322706,1.9400681833001323,1.384194123353156,0.1470141488722211,utm,0,0.0,0.0,0,0.0
51.9,43.01,49.89986849263101,8.900139035517096,0.2878273831613752,6.301146558548781,-14.530420416703139,492828.4041577429,5527502.501161017,10.011615225230344,-14.60172834340483,0,1,0.0,0.0,4,5,4,5,WP4->WP5,1,2.0090462210445876,2.00904622142495,1.4477805813325781,0.1537676156309143,utm,0,0.0,0.0,0,0.0
51.95,43.06,49.89986827009374,8.900137851349246,0.28807953997150354,6.216070779740061,-14.555172599495032,492828.31908280036,5527502.476532119,9.926621905469801,-14.626637459732592,0,1,0.0,0.0,4,5,4,5,WP4->WP5,1,2.0736847744338376,2.0736847743096467,1.5083296189420412,0.16019848040559173,utm,0,0.0,0.0,0,0.0
52.0,43.11,49.8998680623123,8.90013667647884,0.2877256566002917,6.131662969868006,-14.578283533884603,492828.2346777476,5527502.4535429245,9.842293068475556,-14.649904673919082,0,1,0.0,0.0,4,5,4,5,WP4->WP5,1,2.1365715331043122,2.136571533393162,1.5691405681528243,0.16665716260161073,utm,0,0.0,0.0,0,0.0
52.05,43.16,49.89986786118236,8.900135475713219,0.28796819190217676,6.045394734784381,-14.600654641645367,492828.14841399435,5527502.43129574,9.756103095947765,-14.672436006367207,0,1,0.0,0.0,4,5,4,5,WP4->WP5,1,2.1997700978651196,2.1997700982489423,1.6319284150846582,0.1733258095207595,utm,0,0.0,0.0,0,0.0
52.1,43.21,49.89986766996114,8.900134265360666,0.28799960343405423,5.958437732844923,-14.621923629539225,492828.06146321626,5527502.410151154,9.669222468859516,-14.693867011927068,0,1,0.0,0.0,4,5,4,5,WP4->WP5,1,2.2623718609949233,2.262371860884874,1.6958701906943887,0.18011701428029936,utm,0,0.0,0.0,0,0.0
52.15,43.26,49.89986749598491,8.900133088632357,0.28789452188557946,5.873896443049184,-14.641274507673266,492827.97692974564,5527502.390920692,9.584752828348428,-14.713375937193632,0,1,0.0,0.0,4,5,4,5,WP4->WP5,1,2.3220931299984344,2.3220931302402614,1.7587119626205754,0.1867913885298955,utm,0,0.0,0.0,0,0.0
52.2,43.31,49.89986732570147,8.9001319267817,0.2879410001781365,5.790424028671947,-14.660214646713593,492827.8934652723,5527502.372099382,9.501350831065793,-14.732472189702094,0,1,0.0,0.0,4,5,4,5,WP4->WP5,1,2.380916504936494,2.3809165050625007,1.8208438433200942,0.19339036580104785,utm,0,0.0,0.0,0,0.0
52.25,43.36,49.89986715680053,8.900130780228254,0.28800770277044313,5.708050632568336,-14.679001014453583,492827.8110995846,5527502.353430316,9.419047111761756,-14.751412577927113,0,1,0.0,0.0,4,5,4,5,WP4->WP5,1,2.4390476097567553,2.4390476096534597,1.8821089656653223,0.1998972853618082,utm,0,0.0,0.0,0,0.0
52.3,43.41,49.89986698858261,8.900129659025765,0.28809068815164723,5.627498559684152,-14.697711412084605,492827.7305545969,5527502.334834766,9.33856384025421,-14.770273451693356,0,1,0.0,0.0,4,5,4,5,WP4->WP5,1,2.496185276414826,2.4961852766864885,1.941846529527128,0.20624196415987206,utm,0,0.0,0.0,0,0.0
52.35,43.46,49.89986682021313,8.900128586331626,0.2882137450805568,5.550431538010066,-14.716438667984725,492827.65349325194,5527502.31621772,9.261564263433684,-14.789144340902567,0,1,0.0,0.0,4,5,4,5,WP4->WP5,1,2.551561541256231,2.5515615412516737,1.9985784836451084,0.2122674195550362,utm,0,0.0,0.0,0,0.0
52.4,43.51,49.899866650320035,8.900127584223627,0.2881528309335459,5.478435732338593,-14.735335389570764,492827.58150088077,5527502.297424519,9.189634213340469,-14.808174679987133,0,1,0.0,0.0,4,5,4,5,WP4->WP5,1,2.6044993660487057,2.6044993658369506,2.050863018709581,0.21782051813564776,utm,0,0.0,0.0,0,0.0
52.45,43.56,49.89986647677543,8.900126683033065,0.28811215177938726,5.413690275069048,-14.754638259101476,492827.5167554339,5527502.278215669,9.124952417972963,-14.827596784569323,0,1,0.0,0.0,4,5,4,5,WP4->WP5,1,2.6540918572147922,2.654091857531254,2.0967055490240165,0.2226894165528723,utm,0,0.0,0.0,0,0.0
52.5,43.61,49.89986632161409,8.900125896422207,0.2881449023897158,5.3571767230559875,-14.771896410278586,492827.46024134493,5527502.261039749,9.068495236570016,-14.844958844594657,0,1,0.0,0.0,4,5,4,5,WP4->WP5,1,2.697731183621454,2.6977311832395863,2.13651087209966,0.22691710802606926,utm,0,0.0,0.0,0,0.0
52.55,43.66,49.899866194252546,8.900125192374384,0.2880588845390369,5.3065948593146794,-14.786062470334967,492827.4096607071,5527502.246946776,9.017961314704735,-14.859218422323465,0,1,0.0,0.0,4,5,4,5,WP4->WP5,1,2.735688779299354,2.7356887796753586,2.1727908068997124,0.2307703708349366,utm,0,0.0,0.0,0,0.0
52.6,43.71,49.89986609160386,8.900124396643399,0.2880077640259368,5.249426077642408,-14.797479789862194,492827.35249943315,5527502.235610223,8.96083770901896,-14.870743280276656,0,1,0.0,0.0,4,5,4,5,WP4->WP5,1,2.7746391011604477,2.774639101274694,2.2161359464170136,0.23537402337642185,utm,0,0.0,0.0,0,0.0
52.65,43.76,49.899865999895646,8.900123494023362,0.2880194796632232,5.184577920644659,-14.807680232022342,492827.2876634581,5527502.225500298,8.896035401790868,-14.881066807545722,0,1,0.0,0.0,4,5,4,5,WP4->WP5,1,2.8164561811223114,2.8164561813919735,2.266705166989793,0.2407449397791221,utm,0,0.0,0.0,0,0.0
52.7,43.81,49.899865904095094,8.900122543248733,0.287997967149516,5.116270127946835,-14.818335853108419,492827.2193686156,5527502.214939986,8.827775730052963,-14.891852118074894,0,1,0.0,0.0,4,5,4,5,WP4->WP5,1,2.8604276471920356,2.86042764695892,2.3200176036593385,0.24640721096568874,utm,0,0.0,0.0,0,0.0
52.75,43.86,49.899865812509354,8.900121558622075,0.2880059333653903,5.04553025798146,-14.828522672524905,492827.1486432872,5527502.204851532,8.757084030658007,-14.902173582464457,0,1,0.0,0.0,4,5,4,5,WP4->WP5,1,2.9052352889045627,2.905235288546555,2.375660431027539,0.25231699108132993,utm,0,0.0,0.0,0,0.0
52.8,43.91,49.899865729291456,8.900120530547225,0.28775089398472947,4.971668880517619,-14.837778760821443,492827.07479893236,5527502.195697599,8.683270242239814,-14.911570808850229,0,1,0.0,0.0,4,5,4,5,WP4->WP5,1,2.9508331818748825,2.950833181784585,2.4344619222254282,0.2585622503517087,utm,0,0.0,0.0,0,0.0
52.85,43.96,49.89986565856193,8.900119440383268,0.2877075867091894,4.893346751016266,-14.845645803308113,492826.99649744993,5527502.187938102,8.604994755238295,-14.919588294811547,0,1,0.0,0.0,4,5,4,5,WP4->WP5,1,2.99750964173639,2.997509641744069,2.4978073248786647,0.265290114817333,utm,0,0.0,0.0,0,0.0
52.9,44.01,49.899865593227936,8.900118337782143,0.28805754007452383,4.814131081184742,-14.852912716319802,492826.917303582,5527502.180779683,8.525824906828348,-14.927007646299899,0,1,0.0,0.0,4,5,4,5,WP4->WP5,1,3.0441253409472417,3.044125341028326,2.562226951134347,0.2721320717111418,utm,0,0.0,0.0,0,0.0
52.95,44.06,49.899865529591764,8.9001172394013,0.28771781701268695,4.735218614860343,-14.859990785869346,492826.83841304854,5527502.173809634,8.446957770443987,-14.934237630106509,0,1,0.0,0.0,4,5,4,5,WP4->WP5,1,3.0904241330919335,3.0904241329079913,2.6264820656175876,0.27895655594140073,utm,0,0.0,0.0,0,0.0
53.0,44.11,49.89986545429463,8.90011618005027,0.28805549285225257,4.659110220336842,-14.868365870234722,492826.7623237433,5527502.165539351,8.370896131847985,-14.942758608609438,0,1,0.0,0.0,4,5,4,5,WP4->WP5,1,3.1364094193059713,3.1364094192567737,2.6876648522306925,0.2854547306900169,utm,0,0.0,0.0,0,0.0
53.05,44.16,49.89986536201549,8.900115203354863,0.2880329070838046,4.588940165958143,-14.878629814445834,492826.6921678997,5527502.155373049,8.300774170726072,-14.95315604377538,0,1,0.0,0.0,4,5,4,5,WP4->WP5,1,3.1809930171732668,3.180993017097913,2.7427783614770127,0.29130829235200484,utm,0,0.0,0.0,0,0.0
53.1,44.21,49.89986527576772,8.900114259445962,0.28781126145636443,4.521125637046977,-14.888222906807997,492826.6243675392,5527502.145874192,8.233005480433349,-14.96287827566266,0,1,0.0,0.0,4,5,4,5,WP4->WP5,1,3.2237993861003664,3.2237993864157035,2.7962080527843365,0.2969830170597095,utm,0,0.0,0.0,0,0.0
53.15,44.26,49.89986520106663,8.900113327713047,0.2880644052710243,4.4541858840632775,-14.896531695094431,492826.5574433186,5527502.137657959,8.16610869858414,-14.971315002068877,0,1,0.0,0.0,4,5,4,5,WP4->WP5,1,3.2650555380868593,3.265055537923243,2.8495399170788906,0.30264735163876355,utm,0,0.0,0.0,0,0.0
53.2,44.31,49.89986512965065,8.900112387995692,0.28816320531597683,4.386672494130816,-14.904475090462704,492826.48994617595,5527502.129807739,8.09863779169973,-14.979387606494129,0,1,0.0,0.0,4,5,4,5,WP4->WP5,1,3.3062897762194248,3.3062897761319774,2.9035512846402445,0.3083838557153895,utm,0,0.0,0.0,0,0.0
53.25,44.36,49.89986505665051,8.900111458115987,0.288105975831635,4.319865883767925,-14.912594686475703,492826.4231552968,5527502.121780448,8.031873727974016,-14.987634954042733,0,1,0.0,0.0,4,5,4,5,WP4->WP5,1,3.3473153807941727,3.3473153807651017,2.956865060514538,0.3140462691378195,utm,0,0.0,0.0,0,0.0
53.3,44.41,49.89986497852915,8.900110541256007,0.2879903963190644,4.253994667240776,-14.921283901942274,492826.3572986803,5527502.113182518,7.96604580222629,-14.99644985795021,0,1,0.0,0.0,4,5,4,5,WP4->WP5,1,3.388354182419003,3.3883541827811507,3.009084166887303,0.31959241858950405,utm,0,0.0,0.0,0,0.0
53.35,44.46,49.89986490267396,8.9001096180777,0.2879202158035984,4.187669514553425,-14.929721057029518,492826.2909886438,5527502.104837155,7.899763626686763,-15.005013690330088,0,1,0.0,0.0,4,5,4,5,WP4->WP5,1,3.429407535107948,3.429407535312664,3.0618220874055537,0.3251936708759244,utm,0,0.0,0.0,0,0.0
53.4,44.51,49.89986483435078,8.900108693568049,0.28796274941662925,4.121248712316733,-14.93732044946542,492826.22458411235,5527502.097329346,7.833384196681436,-15.012740284204483,0,1,0.0,0.0,4,5,4,5,WP4->WP5,1,3.4697891850561935,3.4697891850332145,3.115069165777041,0.3308490004100171,utm,0,0.0,0.0,0,0.0
53.45,44.56,49.89986477573344,8.900107778706378,0.2876746668282093,4.055521063021843,-14.943840287931705,492826.1588738972,5527502.090899736,7.767695526126772,-15.019386399537325,0,1,0.0,0.0,4,5,4,5,WP4->WP5,1,3.5088892454856166,3.5088892451221114,3.168270270730674,0.3364994471442318,utm,0,0.0,0.0,0,0.0
53.5,44.61,49.899864731294144,8.90010688076115,0.2880602545693599,3.9910087647376113,-14.94878314346932,492826.09438065224,5527502.086044859,7.703218629874755,-15.02445377688855,0,1,0.0,0.0,4,5,4,5,WP4->WP5,1,3.5460138431476937,3.546013843309939,3.2212298089053877,0.34212423726439256,utm,0,0.0,0.0,0,0.0
53.55,44.66,49.899864700772675,8.900105982984003,0.2880699426926408,3.9265085421005064,-14.952177958925203,492826.0299015415,5527502.082737387,7.638750768499449,-15.027973712421954,0,1,0.0,0.0,4,5,4,5,WP4->WP5,1,3.581801031877614,3.581801032051519,3.274967804938116,0.3478317067699792,utm,0,0.0,0.0,0,0.0
53.6,44.71,49.899864689045984,8.900105087666422,0.28808712391248376,3.862185025331219,-14.953482285335145,492825.96560185327,5527502.081519333,7.574455443304032,-15.029403650201857,0,1,0.0,0.0,4,5,4,5,WP4->WP5,1,3.6157004332575653,3.615700433372738,3.32961910090121,0.3536361771294652,utm,0,0.0,0.0,0,0.0
53.65,44.76,49.899864691793624,8.900104198181648,0.28780126760666563,3.798280562908378,-14.953176673578318,492825.90172319894,5527502.081910013,7.51057584839873,-15.029223474673927,0,1,0.0,0.0,4,5,4,5,WP4->WP5,1,3.6480018084817787,3.648001808812136,3.384730408767204,0.35948950498461235,utm,0,0.0,0.0,0,0.0
53.7,44.81,49.89986469358903,8.900103315621212,0.28805762044787003,3.7348735751342317,-14.952976975221956,492825.83834168036,5527502.082194162,7.447193737607449,-15.02914819214493,0,1,0.0,0.0,4,5,4,5,WP4->WP5,1,3.680140762642058,3.6801407627714853,3.439359936287004,0.36529166333517626,utm,0,0.0,0.0,0,0.0
53.75,44.86,49.899864682962665,8.900102446147734,0.2879660930921356,3.6724068114036306,-14.954158915565078,492825.7758981702,5527502.081095971,7.384754185390193,-15.030452149920166,0,1,0.0,0.0,4,5,4,5,WP4->WP5,1,3.7129887579581955,3.712988757833803,3.4924768564176403,0.3709331688667865,utm,0,0.0,0.0,0,0.0
53.8,44.91,49.8998646550358,8.900101592653042,0.2879491692454138,3.6110880333140774,-14.957265140972195,492825.7145996239,5527502.078072735,7.323465934605338,-15.033677370287478,0,1,0.0,0.0,4,5,4,5,WP4->WP5,1,3.7469065795033827,3.746906579667257,3.5436259824368395,0.3763656765623506,utm,0,0.0,0.0,0,0.0
53.85,44.96,49.89986462302881,8.90010076363004,0.28800427273483653,3.551527407983723,-14.960825186144,492825.65505792655,5527502.074593519,7.2639360257890075,-15.037352778017521,0,1,0.0,0.0,4,5,4,5,WP4->WP5,1,3.780318755052791,3.7803187551828734,3.593031905159028,0.38161304003233415,utm,0,0.0,0.0,0,0.0
53.9,45.01,49.899864584391054,8.900099950404353,0.288045899413547,3.493101730766182,-14.965122753525993,492825.5966497429,5527502.070375564,7.2055420589167625,-15.041763186454773,0,1,0.0,0.0,4,5,4,5,WP4->WP5,1,3.813786828800479,3.8137868286298624,3.6410859905339223,0.38671682594070755,utm,0,0.0,0.0,0,0.0
53.95,45.06,49.89986454005293,8.900099137611512,0.288117071738548,3.434707151010465,-14.970054355831138,492825.53827179887,5527502.065523786,7.147180420171935,-15.046807314269245,0,1,0.0,0.0,4,5,4,5,WP4->WP5,1,3.8477843021832148,3.847784301909541,3.6887902451886583,0.3917834566085654,utm,0,0.0,0.0,0,0.0
54.0,45.11,49.89986449928214,8.900098325440556,0.2881329694999507,3.3763572501664316,-14.97458917432438,492825.479939045,5527502.061068573,7.088862664473709,-15.051454729400575,0,1,0.0,0.0,4,5,4,5,WP4->WP5,1,3.881417788385335,3.8814177886824197,3.7366582685709573,0.3968674810217718,utm,0,0.0,0.0,0,0.0
54.05,45.16,49.89986446487707,8.90009754789224,0.288102055683615,3.320494790715606,-14.978415951883166,492825.4240936876,5527502.057317805,7.033029970480129,-15.05538950767368,0,1,0.0,0.0,4,5,4,5,WP4->WP5,1,3.913174844234571,3.913174844077751,3.7827479814762266,0.40176263250393457,utm,0,0.0,0.0,0,0.0
54.1,45.21,49.89986445102738,8.900096854702523,0.2879928313788711,3.2706930205936255,-14.97995641292521,492825.37430965865,5527502.055844355,6.983251067344099,-15.057027003727853,0,1,0.0,0.0,4,5,4,5,WP4->WP5,1,3.9398773730319845,3.9398773730312238,3.824790763728628,0.406227962723719,utm,0,0.0,0.0,0,0.0
54.15,45.26,49.89986445682135,8.900096170017372,0.2880462456960651,3.2215022555507042,-14.979311966727881,492825.32513930486,5527502.056554127,6.934078641585074,-15.05647927056998,0,1,0.0,0.0,4,5,4,5,WP4->WP5,1,3.9643896090965853,3.964389608707055,3.86742147765685,0.4107557366957616,utm,0,0.0,0.0,0,0.0
54.2,45.31,49.89986446734954,8.900095485638763,0.28804621860595514,3.1723335138458713,-14.978140946371553,492825.27599166776,5527502.05779023,6.884927197941579,-15.055405132472515,0,1,0.0,0.0,4,5,4,5,WP4->WP5,1,3.9884377893041876,3.98843778935447,3.910301580168411,0.41530999802943896,utm,0,0.0,0.0,0,0.0
54.25,45.36,49.89986448404153,8.900094803376913,0.28798858965638896,3.123316849283632,-14.976284344141332,492825.22699696134,5527502.0597114405,6.8359264264581725,-15.053645387291908,0,1,0.0,0.0,4,5,4,5,WP4->WP5,1,4.01181889832644,4.011818898673597,3.9534002580334318,0.4198874740762922,utm,0,0.0,0.0,0,0.0
54.3,45.41,49.89986451112442,8.900094127420587,0.28801898918712815,3.074753201115488,-14.973271991423575,492825.1784566323,5527502.062787335,6.787376224820036,-15.050729466602206,0,1,0.0,0.0,4,5,4,5,WP4->WP5,1,4.033975259496582,4.033975259306025,3.9966982990509803,0.4244861243238524,utm,0,0.0,0.0,0,0.0
54.35,45.46,49.89986455522669,8.900093461119873,0.28804548217443854,3.0268832541498893,-14.968366622133221,492825.1306122525,5527502.067754564,6.73951573605882,-15.045919929631054,0,1,0.0,0.0,4,5,4,5,WP4->WP5,1,4.054150203606538,4.054150203947212,4.040364414579861,0.4291238674703725,utm,0,0.0,0.0,0,0.0
54.4,45.51,49.89986460427873,8.900092842836022,0.28815931174350784,2.9824630479009673,-14.962910704098379,492825.0862169764,5527502.073267522,6.695102533849422,-15.040553298778832,0,1,0.0,0.0,4,5,4,5,WP4->WP5,1,4.072093791566443,4.0720937914558855,4.081344420908064,0.43347632111070766,utm,0,0.0,0.0,0,0.0
54.45,45.56,49.899864648821875,8.900092269273209,0.2881014958533628,2.9412557958779493,-14.957956298166545,492825.04503270896,5527502.078274884,6.653901989047881,-15.035681680776179,0,1,0.0,0.0,4,5,4,5,WP4->WP5,1,4.088831417251077,4.088831417107437,4.119305841402698,0.4375081731680475,utm,0,0.0,0.0,0,0.0
54.5,45.61,49.899864686257224,8.900091718443846,0.2880698638739425,2.9016818140213183,-14.953792471260343,492825.0054800085,5527502.082489808,6.614335613674484,-15.031597119756043,0,1,0.0,0.0,4,5,4,5,WP4->WP5,1,4.105416633876632,4.10541663387681,4.1554598492345045,0.4413480613745058,utm,0,0.0,0.0,0,0.0
54.55,45.66,49.89986472280535,8.900091171649894,0.2880015764329729,2.862397753621326,-14.949727328233744,492824.9662169827,5527502.0866057,6.5750592377153225,-15.02761063631624,0,1,0.0,0.0,4,5,4,5,WP4->WP5,1,4.121938979287176,4.121938979115701,4.19131424738507,0.44515612827675655,utm,0,0.0,0.0,0,0.0
54.6,45.71,49.8998647662346,8.900090604215459,0.28798427137401694,2.821630790966588,-14.944896816818376,492824.92547266453,5527502.091488633,6.534299049817491,-15.022861995734274,0,1,0.0,0.0,4,5,4,5,WP4->WP5,1,4.13855878567435,4.138558785398991,4.228833902791159,0.4491410608179691,utm,0,0.0,0.0,0,0.0
54.65,45.76,49.899864812354714,8.900090029014455,0.28798830754661736,2.780305844232913,-14.939767008333375,492824.8841709833,5527502.096671487,6.492980513488874,-15.01781527325511,0,1,0.0,0.0,4,5,4,5,WP4->WP5,1,4.155205543150999,4.15520554346713,4.266985918395383,0.45319315582920017,utm,0,0.0,0.0,0,0.0
54.7,45.81,49.89986486489573,8.900089439289358,0.287964153006401,2.7379374232971836,-14.933923021816247,492824.84182719485,5527502.102569624,6.450617518508807,-15.012056707404554,0,1,0.0,0.0,4,5,4,5,WP4->WP5,1,4.171769865090228,4.1717698652990025,4.306399211544159,0.4573792101179455,utm,0,0.0,0.0,0,0.0
54.75,45.86,49.89986492643671,8.90008883321507,0.2879710758802559,2.6943944052719626,-14.927077994294017,492824.7983106111,5527502.109469969,6.407078431977425,-15.005299801938236,0,1,0.0,0.0,4,5,4,5,WP4->WP5,1,4.188071874089841,4.188071874299067,4.347332722556558,0.46172672552803967,utm,0,0.0,0.0,0,0.0
54.8,45.91,49.89986498660205,8.900088224668677,0.28799362450144206,2.650673780373136,-14.920385976772023,492824.754616287,5527502.116217602,6.363362109346781,-14.998696193099022,0,1,0.0,0.0,4,5,4,5,WP4->WP5,1,4.204595970232292,4.204595970194438,4.388340999365447,0.4660821817534791,utm,0,0.0,0.0,0,0.0
54.85,45.96,49.89986504085079,8.9000876128293,0.2880457667223456,2.6067165731774846,-14.914352044464165,492824.7106845975,5527502.122307728,6.319410589232575,-14.992750870995224,0,1,0.0,0.0,4,5,4,5,WP4->WP5,1,4.22180655214483,4.221806551825657,4.429217384464547,0.47042362986608904,utm,0,0.0,0.0,0,0.0
54.9,46.01,49.89986509423933,8.900087000419216,0.2880496879240668,2.562718363965018,-14.908413789749536,492824.66671179474,5527502.128302271,6.2754182711360045,-14.986901267431676,0,1,0.0,0.0,4,5,4,5,WP4->WP5,1,4.239120304899488,4.239120305226244,4.470080275517416,0.47476364478685984,utm,0,0.0,0.0,0,0.0
54.95,46.06,49.89986514657901,8.900086391753867,0.2880753602128533,2.5189891927838075,-14.902592197200397,492824.62300776754,5527502.134179839,6.231695112539455,-14.981167750433087,0,1,0.0,0.0,4,5,4,5,WP4->WP5,1,4.256397288630893,4.256397288313207,4.510652355307458,0.4790727728763937,utm,0,0.0,0.0,0,0.0
55.0,46.11,49.89986519851997,8.900085795280285,0.28805302627075885,2.4761359313169518,-14.896814953212365,492824.5801792429,5527502.140011909,6.188847601704765,-14.975476847030222,0,1,0.0,0.0,4,5,4,5,WP4->WP5,1,4.273266066126924,4.273266066234722,4.550448585054928,0.4832994985544907,utm,0,0.0,0.0,0,0.0
55.05,46.16,49.89986524905194,8.900085211805333,0.28814293480003017,2.4342165480562716,-14.891194426671165,492824.53828401637,5527502.145686081,6.146933904266916,-14.969940765760839,0,1,0.0,0.0,4,5,4,5,WP4->WP5,1,4.289793733112094,4.289793732763352,4.589361853531797,0.48743244562343546,utm,0,0.0,0.0,0,0.0
55.1,46.21,49.89986529710661,8.900084637143392,0.28812615880765274,2.3929303298950613,-14.885849444070368,492824.497021336,5527502.151083973,6.105653660022654,-14.964678877033293,0,1,0.0,0.0,4,5,4,5,WP4->WP5,1,4.306235711679793,4.306235711656435,4.627590211667515,0.4914926489137736,utm,0,0.0,0.0,0,0.0
55.15,46.26,49.89986533678633,8.900084107604705,0.2877262601126762,2.354885962976564,-14.881435982190741,492824.4589979762,5527502.155546397,6.067615801410284,-14.960341777652502,0,1,0.0,0.0,4,5,4,5,WP4->WP5,1,4.321826792289279,4.3218267925782765,4.662556013680701,0.4952063387321861,utm,0,0.0,0.0,0,0.0
55.2,46.31,49.8998653726086,8.90008366217986,0.28805092951373473,2.3228847009699773,-14.877451573058975,492824.4270147473,5527502.1595718805,6.035619480768219,-14.95642171241343,0,1,0.0,0.0,4,5,4,5,WP4->WP5,1,4.334707423107005,4.3347074232549785,4.692106323378398,0.4983448534504783,utm,0,0.0,0.0,0,0.0
55.25,46.36,49.89986541175418,8.900083230332163,0.2881969159646668,2.2918588804644915,-14.873097523011076,492824.3960070649,5527502.163965558,6.004597488034051,-14.952130241319537,0,1,0.0,0.0,4,5,4,5,WP4->WP5,1,4.346773114194423,4.346773114025368,4.721006148160471,0.5014142806870284,utm,0,0.0,0.0,0,0.0
55.3,46.41,49.89986545559099,8.900082789830764,0.28805867204000296,2.2602113403130946,-14.868221679570716,492824.3643786059,5527502.168881647,5.972953000513371,-14.947318403981626,0,1,0.0,0.0,4,5,4,5,WP4->WP5,1,4.358706896446668,4.358706896395105,4.75070652178577,0.5045687335748452,utm,0,0.0,0.0,0,0.0
55.35,46.46,49.89986550208188,8.900082354588989,0.28807890328992747,2.2289416744597315,-14.863050631402539,492824.33312826476,5527502.174092322,5.941685658006463,-14.942210739478469,0,1,0.0,0.0,4,5,4,5,WP4->WP5,1,4.370194256159314,4.370194256339024,4.7802323665865,0.5077046498960309,utm,0,0.0,0.0,0,0.0
55.4,46.51,49.89986555264357,8.90008192907219,0.28813092354465436,2.198370693289797,-14.85742679929063,492824.3025769343,5527502.179754666,5.9111158340238035,-14.93664910364896,0,1,0.0,0.0,4,5,4,5,WP4->WP5,1,4.38093620686215,4.38093620718597,4.809388093811271,0.5108012563259997,utm,0,0.0,0.0,0,0.0
55.45,46.56,49.89986560577054,8.900081529440092,0.288120569221966,2.169659381813831,-14.851517638126403,492824.27388491493,5527502.185699746,5.882404379313812,-14.93079860508442,0,1,0.0,0.0,4,5,4,5,WP4->WP5,1,4.390485142717524,4.390485142513255,4.837089967105924,0.5137434500948288,utm,0,0.0,0.0,0,0.0
55.5,46.61,49.899865653965655,8.9000811607399,0.288160982970917,2.1431703532571764,-14.84615703401541,492824.24741356366,5527502.191093525,5.855915397405624,-14.925492089241743,0,1,0.0,0.0,4,5,4,5,WP4->WP5,1,4.399373394512842,4.399373394826178,4.86260122461978,0.5164529803166261,utm,0,0.0,0.0,0,0.0
55.55,46.66,49.899865693491904,8.900080823336818,0.28810347699730426,2.1189298455209755,-14.841760642663276,492824.22318855376,5527502.19552048,5.8316759306471795,-14.9211449874565,0,1,0.0,0.0,4,5,4,5,WP4->WP5,1,4.407945040348264,4.407945040678717,4.885687495964475,0.518904954700213,utm,0,0.0,0.0,0,0.0
55.6,46.71,49.899865728014646,8.90008051377196,0.28827241071717863,2.096689356997268,-14.837920776544449,492824.20096202596,5527502.199388467,5.809436777140945,-14.917350266128778,0,1,0.0,0.0,4,5,4,5,WP4->WP5,1,4.415976115431159,4.415976115174776,4.906770230627363,0.5211441350579905,utm,0,0.0,0.0,0,0.0
55.65,46.76,49.89986576508574,8.900080214807694,0.2881516477756847,2.075210461355616,-14.833797464812776,492824.17949716636,5527502.203538768,5.787958357366733,-14.91327072121203,0,1,0.0,0.0,4,5,4,5,WP4->WP5,1,4.423375349762099,4.423375349452182,4.9273424577796145,0.5233290948220645,utm,0,0.0,0.0,0,0.0
55.7,46.81,49.89986580203598,8.900079914693965,0.2880812025998949,2.0536489831733595,-14.82968759540513,492824.15794973925,5527502.207675742,5.7663974144961685,-14.909204776398838,0,1,0.0,0.0,4,5,4,5,WP4->WP5,1,4.430828225818561,4.430828225969543,4.947978852825363,0.5255208698066975,utm,0,0.0,0.0,0,0.0
55.75,46.86,49.89986583389112,8.900079626281967,0.28807948516240856,2.0329282083509472,-14.826144439633657,492824.1372419255,5527502.21124511,5.745677950850222,-14.905703666619956,0,1,0.0,0.0,4,5,4,5,WP4->WP5,1,4.438340050901356,4.43834005101881,4.967603491009315,0.5276051869056244,utm,0,0.0,0.0,0,0.0
55.8,46.91,49.89986585990304,8.900079357017622,0.28812576013236746,2.01358308444439,-14.823251208448637,492824.1179083493,5527502.214162979,5.72633486421546,-14.902849524281919,0,1,0.0,0.0,4,5,4,5,WP4->WP5,1,4.445709788463205,4.445709788644821,4.985713932628974,0.5295286824005803,utm,0,0.0,0.0,0,0.0
55.85,46.96,49.89986588728247,8.900079091212522,0.28815137996513457,1.9944864876700368,-14.820205872191663,492824.0988234043,5527502.21723256,5.707239907467738,-14.899842852726579,0,1,0.0,0.0,4,5,4,5,WP4->WP5,1,4.4528220794836635,4.45282207930142,5.003688157871306,0.5314377104632322,utm,0,0.0,0.0,0,0.0
55.9,47.01,49.89986591640734,8.900078825341891,0.28816774754775315,1.9753851829490072,-14.816966396625642,492824.07973401214,5527502.22049621,5.688139864127152,-14.896642126142979,0,1,0.0,0.0,4,5,4,5,WP4->WP5,1,4.459769814514348,4.459769814708611,5.0217653611904565,0.5333576757449204,utm,0,0.0,0.0,0,0.0
55.95,47.06,49.89986594307138,8.900078561019491,0.2881166095996708,1.9563951098173673,-14.814000631795036,492824.0607554424,5527502.22348611,5.669151544687338,-14.893714784644544,0,1,0.0,0.0,4,5,4,5,WP4->WP5,1,4.466896251572994,4.466896251471785,5.039607432418483,0.5352526678355903,utm,0,0.0,0.0,0,0.0
56.0,47.11,49.8998659671386,8.90007829429472,0.28806923492740344,1.9372324399658396,-14.81132370394046,492824.0416039593,5527502.22618752,5.649991263402626,-14.891076499596238,0,1,0.0,0.0,4,5,4,5,WP4->WP5,1,4.474359026633366,4.474359026703549,5.057450747938141,0.5371477920814773,utm,0,0.0,0.0,0,0.0
56.05,47.16,49.89986599636585,8.900078011242226,0.28798367302263744,1.9168967151996006,-14.808072841419182,492824.021280653,5527502.2294641975,5.629657269688323,-14.887866811826825,0,1,0.0,0.0,4,5,4,5,WP4->WP5,1,4.481926001347414,4.4819260012947835,5.0765953108856445,0.5391811207741609,utm,0,0.0,0.0,0,0.0
56.1,47.21,49.89986603596837,8.90007771427967,0.28801920823874805,1.8955616310572134,-14.803667965391552,492823.99995992344,5527502.23389576,5.608322052343283,-14.88350553251803,0,1,0.0,0.0,4,5,4,5,WP4->WP5,1,4.489009816369946,4.489009816632645,5.097187343714634,0.5413681840832935,utm,0,0.0,0.0,0,0.0
56.15,47.26,49.89986608549701,8.9000774018404,0.2876021137564211,1.8731146323896517,-14.798159037238113,492823.9775291937,5527502.239432415,5.5858731991029344,-14.878042825497687,0,1,0.0,0.0,4,5,4,5,WP4->WP5,1,4.495710793677805,4.495710793734433,5.1192981802364645,0.5437165583158291,utm,0,0.0,0.0,0,0.0
56.2,47.31,49.899866146481294,8.900077071321942,0.2879009860957265,1.8493687459469879,-14.79137592973429,492823.95380179153,5527502.2462444715,5.5621234776917845,-14.8713089954108,0,1,0.0,0.0,4,5,4,5,WP4->WP5,1,4.501977906160276,4.501977906145168,5.143175303783983,0.5462525284782741,utm,0,0.0,0.0,0,0.0
56.25,47.36,49.89986621690734,8.900076738992833,0.2879788525581682,1.8254927745602425,-14.783542642699858,492823.9299457565,5527502.254106462,5.538241664180532,-14.86352566163987,0,1,0.0,0.0,4,5,4,5,WP4->WP5,1,4.507408190845119,4.507408190675363,5.167699441106794,0.5488572174554275,utm,0,0.0,0.0,0,0.0
56.3,47.41,49.899866294506715,8.900076410500645,0.2876645210548072,1.8018924642354044,-14.774911486271526,492823.9063663371,5527502.262765635,5.514633837738074,-14.854944239370525,0,1,0.0,0.0,4,5,4,5,WP4->WP5,1,4.512011867576514,4.5120118673275424,5.192393093224466,0.5514799104631337,utm,0,0.0,0.0,0,0.0
56.35,47.46,49.899866381818306,8.900076078717857,0.28803722398410714,1.7780557428814139,-14.7652000683456,492823.8825520413,5527502.272504951,5.490787576825824,-14.845283451490104,0,1,0.0,0.0,4,5,4,5,WP4->WP5,1,4.515807030219237,4.515807029884157,5.217840523380953,0.5541826616324411,utm,0,0.0,0.0,0,0.0
56.4,47.51,49.899866471260324,8.900075777955015,0.2880125627827536,1.7564476296094669,-14.755251688687364,492823.8609657836,5527502.282478162,5.469168571056798,-14.835381428711116,0,1,0.0,0.0,4,5,4,5,WP4->WP5,1,4.518262769244714,4.518262769506429,5.24149217887646,0.5566946850137193,utm,0,0.0,0.0,0,0.0
56.45,47.56,49.8998665439555,8.900075523646999,0.2880706974390058,1.7381770334650906,-14.747166012980623,492823.8427132325,5527502.290584967,5.4508894042810425,-14.827334817498922,0,1,0.0,0.0,4,5,4,5,WP4->WP5,1,4.520619644968149,4.5206196446331415,5.261324501971995,0.5588010601607153,utm,0,0.0,0.0,0,0.0
56.5,47.61,49.89986662578904,8.900075251694371,0.28812558237469643,1.7186387715657434,-14.738063902582592,492823.82319487515,5527502.299709487,5.431341084418818,-14.818274666555226,0,1,0.0,0.0,4,5,4,5,WP4->WP5,1,4.522748398037073,4.522748397971363,5.282764920635673,0.5610782298496524,utm,0,0.0,0.0,0,0.0
56.55,47.66,49.899866730336846,8.900074930045728,0.28808122310246015,1.6955301312938107,-14.726435349162871,492823.8001109277,5527502.3113642,5.4082188559114,-14.806696086190641,0,1,0.0,0.0,4,5,4,5,WP4->WP5,1,4.524523883842043,4.524523883569541,5.3085631496281,0.5638182390822769,utm,0,0.0,0.0,0,0.0
56.6,47.71,49.89986685818247,8.900074583432103,0.2881156001882746,1.6706278979784792,-14.712215446227466,492823.77523755585,5527502.32561162,5.383298668835778,-14.79253070987761,0,1,0.0,0.0,4,5,4,5,WP4->WP5,1,4.5249848750730095,4.524984874961976,5.337224292296181,0.566862316082724,utm,0,0.0,0.0,0,0.0
56.65,47.76,49.89986699555086,8.900074236179465,0.2881160058274428,1.6456797552276943,-14.696936354100197,492823.75031970546,5527502.340917865,5.358330514281988,-14.777306661009789,0,1,0.0,0.0,4,5,4,5,WP4->WP5,1,4.52455839918092,4.524558399471365,5.36646464986009,0.5699679110332097,utm,0,0.0,0.0,0,0.0
56.7,47.81,49.89986713719831,8.900073899310334,0.28808393473359606,1.621477608770097,-14.681181314270772,492823.7261481897,5527502.356698872,5.334107125760056,-14.76160539407283,0,1,0.0,0.0,4,5,4,5,WP4->WP5,1,4.523342485525549,4.5233424853055455,5.395306007360709,0.5730311285066385,utm,0,0.0,0.0,0,0.0
56.75,47.86,49.899867287092114,8.900073583593402,0.2877673053798814,1.5987951285387025,-14.66450905498317,492823.70349695924,5527502.373394705,5.311400999664329,-14.744984295219183,0,1,0.0,0.0,4,5,4,5,WP4->WP5,1,4.520563410884934,4.520563410746297,5.423307897486793,0.5760051868227706,utm,0,0.0,0.0,0,0.0
56.8,47.91,49.89986744410654,8.90007325628633,0.2881319426930474,1.5752799621122842,-14.647044790293537,492823.68001442996,5527502.390883337,5.287860966695007,-14.72757314145565,0,1,0.0,0.0,4,5,4,5,WP4->WP5,1,4.51752755927683,4.51752755888138,5.452429453307128,0.5790981639352513,utm,0,0.0,0.0,0,0.0
56.85,47.96,49.89986760106848,8.90007294548331,0.2880648146254355,1.5529505186653896,-14.62958636341724,492823.6577171446,5527502.408364553,5.2655061956029385,-14.710165496915579,0,1,0.0,0.0,4,5,4,5,WP4->WP5,1,4.513892510066044,4.513892510328648,5.4805283550335915,0.5820825257757373,utm,0,0.0,0.0,0,0.0
56.9,48.01,49.899867755860626,8.900072649161771,0.2880666699995395,1.531661488042809,-14.61236927574884,492823.6364595368,5527502.425603139,5.244191896053962,-14.69299705605954,0,1,0.0,0.0,4,5,4,5,WP4->WP5,1,4.509934835318158,4.509934835168012,5.507609557938809,0.5849587986397644,utm,0,0.0,0.0,0,0.0
56.95,48.06,49.89986790955626,8.900072358162104,0.28802130507446116,1.5107548038209306,-14.595274151045531,492823.61558396096,5527502.4427193,5.22326002974296,-14.67594978120178,0,1,0.0,0.0,4,5,4,5,WP4->WP5,1,4.505887209954899,4.505887209992482,5.5342998064663265,0.5877935485525553,utm,0,0.0,0.0,0,0.0
57.0,48.11,49.899868065770875,8.900072061238715,0.28800106653638213,1.4894225335987457,-14.577898846678517,492823.5942833419,5527502.460116099,5.201902197790332,-14.658623269759119,0,1,0.0,0.0,4,5,4,5,WP4->WP5,1,4.501815507026321,4.501815507228832,5.561498817515588,0.5906823337251774,utm,0,0.0,0.0,0,0.0
57.05,48.16,49.89986823209469,8.90007174220665,0.2879397513620609,1.466501879761578,-14.559399124700414,492823.5713964704,5527502.47863898,5.178954411181621,-14.640175909735262,0,1,0.0,0.0,4,5,4,5,WP4->WP5,1,4.49758625186592,4.497586251834884,5.590636755058997,0.5937770507273412,utm,0,0.0,0.0,0,0.0
57.1,48.21,49.89986841657877,8.900071373387844,0.28798098370296216,1.440004329425813,-14.538879488884513,492823.54493681825,5527502.499185739,5.152427193825133,-14.619716455228627,0,1,0.0,0.0,4,5,4,5,WP4->WP5,1,4.4934426432234735,4.493442643218899,5.623879995362456,0.5973077886466214,utm,0,0.0,0.0,0,0.0
57.15,48.26,49.899868619325126,8.900070961925008,0.28812295899392915,1.4104430462267759,-14.516328592604655,492823.5154173602,5527502.5217670305,5.1228334827465005,-14.597232564352453,0,1,0.0,0.0,4,5,4,5,WP4->WP5,1,4.489113432001019,4.489113431697455,5.660793015462099,0.6012282909379518,utm,0,0.0,0.0,0,0.0
57.2,48.31,49.899868841126064,8.90007051694325,0.2880789727492257,1.3784736175459469,-14.491658309713701,492823.4834935407,5527502.546470071,5.0908284314209595,-14.572634858079255,0,1,0.0,0.0,4,5,4,5,WP4->WP5,1,4.484188759720487,4.4841887598548285,5.700856940335575,0.6054834483009136,utm,0,0.0,0.0,0,0.0
57.25,48.36,49.899869083056856,8.90007003182637,0.28807740537152654,1.3436207068041934,-14.464749040390005,492823.4486903716,5527502.5734150475,5.055936658056453,-14.545804716646671,0,1,0.0,0.0,4,5,4,5,WP4->WP5,1,4.478807996228421,4.478807996063976,5.744541488072345,0.6101231491174665,utm,0,0.0,0.0,0,0.0
57.3,48.41,49.899869358184255,8.900069492645112,0.2881087445170689,1.3048835755505015,-14.434147407549949,492823.4100094508,5527502.604056091,5.0171549742808565,-14.515291306190193,0,1,0.0,0.0,4,5,4,5,WP4->WP5,1,4.4722312410398715,4.47223124084733,5.7934478626461114,0.615317455978827,utm,0,0.0,0.0,0,0.0
57.35,48.46,49.89986965440381,8.900068905879257,0.2879836817583571,1.2627277594374409,-14.401199754859894,492823.36791433324,5527502.637046772,4.974951369338669,-14.482439522631466,0,1,0.0,0.0,4,5,4,5,WP4->WP5,1,4.465379077644794,4.465379077300828,5.84648965570242,0.6209509823240622,utm,0,0.0,0.0,0,0.0
57.4,48.51,49.899869906737585,8.900068336546317,0.28795177106498343,1.2218243999484957,-14.373133391453035,492823.3270646653,5527502.66515645,4.934009291930124,-14.45446461159736,0,1,0.0,0.0,4,5,4,5,WP4->WP5,1,4.462086414855585,4.462086415147113,5.895967001486146,0.6262059315801899,utm,0,0.0,0.0,0,0.0
57.45,48.56,49.899870135426255,8.900067768086894,0.28800746383454967,1.1809837976822781,-14.347697005759274,492823.2862742227,5527502.69063712,4.893135103047825,-14.42911849822849,0,1,0.0,0.0,4,5,4,5,WP4->WP5,1,4.461023455230237,4.461023454876072,5.944050209194516,0.6313128105482699,utm,0,0.0,0.0,0,0.0
57.5,48.61,49.89987036255873,8.900067190781668,0.28770149823274543,1.1395076744289345,-14.322433711124784,492823.2448482813,5527502.715945615,4.851625986164436,-14.403946653939784,0,1,0.0,0.0,4,5,4,5,WP4->WP5,1,4.460433192301295,4.4604331925142935,5.992591739347876,0.6364683675760401,utm,0,0.0,0.0,0,0.0
57.55,48.66,49.89987061435946,8.900066597128806,0.2879665453221914,1.0968570657546644,-14.294426637854842,492823.2022519811,5527502.743998357,4.808937473571859,-14.376034433953464,0,1,0.0,0.0,4,5,4,5,WP4->WP5,1,4.458081873025101,4.458081872772674,6.043541443960876,0.6418796948838214,utm,0,0.0,0.0,0,0.0
57.6,48.71,49.89987090214905,8.900065965219797,0.28797583548083205,1.0514579687860226,-14.262416626002954,492823.1569136241,5527502.776056102,4.763493721140549,-14.344126269221306,0,1,0.0,0.0,4,5,4,5,WP4->WP5,1,4.453688737798827,4.45368873775613,6.098894546523211,0.6477587035599492,utm,0,0.0,0.0,0,0.0
57.65,48.76,49.899871200296424,8.900065319005568,0.2879925206679579,1.0050311224635167,-14.229254547054177,492823.1105494636,5527502.809266822,4.717020371404942,-14.3110685152933,0,1,0.0,0.0,4,5,4,5,WP4->WP5,1,4.448828584256921,4.448828584017653,6.155718540256869,0.6537939344089555,utm,0,0.0,0.0,0,0.0
57.7,48.81,49.89987150000521,8.90006468059488,0.28803748602922974,0.959164916527948,-14.195918796873189,492823.06474595255,5527502.842650398,4.67110709840199,-14.277836059220135,0,1,0.0,0.0,4,5,4,5,WP4->WP5,1,4.443533390455916,4.443533390358315,6.212148901289394,0.6597873578441396,utm,0,0.0,0.0,0,0.0
57.75,48.86,49.899871805287944,8.900064049225689,0.28803162236485613,0.913804602370788,-14.16196307247253,492823.0194489597,5527502.876653024,4.625698300835211,-14.24398288782686,0,1,0.0,0.0,4,5,4,5,WP4->WP5,1,4.437447252143363,4.4374472519349,6.268460135326651,0.6657681288965966,utm,0,0.0,0.0,0,0.0
57.8,48.91,49.89987211594565,8.900063416418307,0.2880590283440848,0.8683409623757361,-14.127409506034835,492822.9740494799,5527502.911253394,4.580185047117993,-14.20953231304884,0,1,0.0,0.0,4,5,4,5,WP4->WP5,1,4.4308996416368345,4.430899641461811,6.3251648718304665,0.6717906935307661,utm,0,0.0,0.0,0,0.0
57.85,48.96,49.899872438605726,8.900062771223185,0.2880293641450054,0.8219873331108619,-14.091520949632221,492822.9277621456,5527502.947189405,4.533779542369302,-14.173749030567706,0,1,0.0,0.0,4,5,4,5,WP4->WP5,1,4.423657507536313,4.423657507277216,6.383315243238921,0.6779667978899641,utm,0,0.0,0.0,0,0.0
57.9,49.01,49.899872796072934,8.9000620994506,0.287983553319353,0.7737242631537982,-14.051760895657525,492822.87957129406,5527502.98699791,4.485457769478671,-14.134099547751248,0,1,0.0,0.0,4,5,4,5,WP4->WP5,1,4.414059034107592,4.414059034501609,6.445080480858056,0.6845268342932908,utm,0,0.0,0.0,0,0.0
57.95,49.06,49.89987319823896,8.90006137746628,0.2880683225108715,0.7218537631944689,-14.007029121126351,492822.82778107823,5527503.031780959,4.4335202589281835,-14.089487408287823,0,1,0.0,0.0,4,5,4,5,WP4->WP5,1,4.402023324016492,4.402023324362452,6.512481442562172,0.6916854364365334,utm,0,0.0,0.0,0,0.0
58.0,49.11,49.89987363389723,8.900060626829843,0.28802471968784704,0.6679247704060508,-13.958572098593514,492822.7739381575,5527503.080290509,4.379517774446867,-14.041155552491546,0,1,0.0,0.0,4,5,4,5,WP4->WP5,1,4.387832998819076,4.387832998808774,6.583550924368463,0.6992336691607349,utm,0,0.0,0.0,0,0.0
58.05,49.16,49.89987409562569,8.90005988592236,0.28806846300651623,0.6146947480449652,-13.90721536462692,492822.72079779755,5527503.131697681,4.326208298327401,-13.989923776127398,0,1,0.0,0.0,4,5,4,5,WP4->WP5,1,4.370792849412977,4.370792849156529,6.655496934863205,0.7068749972946918,utm,0,0.0,0.0,0,0.0
58.1,49.21,49.89987457446714,8.90005914630064,0.2877428026966352,0.5615571004728046,-13.853955201398495,492822.6677523154,5527503.185007393,4.272987429925706,-13.936789156869054,0,1,0.0,0.0,4,5,4,5,WP4->WP5,1,4.35206875216223,4.352068751787413,6.728333442237596,0.7146109043888006,utm,0,0.0,0.0,0,0.0
58.15,49.26,49.899875054977976,8.900058406284005,0.28803719761898094,0.5083910805346561,-13.800509357357985,492822.61467872077,5527503.238502755,4.219737837382127,-13.883468981832266,0,1,0.0,0.0,4,5,4,5,WP4->WP5,1,4.333199429023393,4.333199429323638,6.801288968527902,0.7223594523866148,utm,0,0.0,0.0,0,0.0
58.2,49.31,49.89987552912725,8.900057654700573,0.2879615014003581,0.4543940514718896,-13.747771091528634,492822.5607735048,5527503.291291928,4.165658955171239,-13.830857732333243,0,1,0.0,0.0,4,5,4,5,WP4->WP5,1,4.315362060151071,4.315362060474075,6.874598568026176,0.730145606216176,utm,0,0.0,0.0,0,0.0
58.25,49.36,49.8998759864981,8.900056877560337,0.28800141072776175,0.3985609101878872,-13.696899041112124,492822.5050304189,5527503.342218082,4.10974835237721,-13.780115547589958,0,1,0.0,0.0,4,5,4,5,WP4->WP5,1,4.300065203235841,4.300065203353764,6.948536183578591,0.7379984611277024,utm,0,0.0,0.0,0,0.0
58.3,49.41,49.89987642214255,8.900056081157844,0.2880125655480529,0.3413438845052474,-13.648443557452637,492822.447900777,5527503.390730483,4.052459155151155,-13.731791672296822,0,1,0.0,0.0,4,5,4,5,WP4->WP5,1,4.2875516960673,4.287551695877919,7.022432470190265,0.745846926525544,utm,0,0.0,0.0,0,0.0
58.35,49.46,49.89987683966506,8.900055288955723,0.2880800169891794,0.28442863182351646,-13.60200372406736,492822.3910701006,5527503.437227639,3.995475562871434,-13.685482045635581,0,1,0.0,0.0,4,5,4,5,WP4->WP5,1,4.276617795156918,4.276617794830279,7.095042118961131,0.7535587391491237,utm,0,0.0,0.0,0,0.0
58.4,49.51,49.899877255426475,8.900054506863349,0.28813058849635437,0.22823970734643487,-13.555759772632538,492822.33496520325,5527503.4835280245,3.9392183940508403,-13.639366798102856,0,1,0.0,0.0,4,5,4,5,WP4->WP5,1,4.265482223942536,4.265482224083422,7.166927334654133,0.7611936103158946,utm,0,0.0,0.0,0,0.0
58.45,49.56,49.89987766458601,8.900053751244545,0.28810668387182903,0.1739527596346964,-13.510250129815834,492822.2807605478,5527503.529091856,3.884863884013612,-13.593981835991144,0,1,0.0,0.0,4,5,4,5,WP4->WP5,1,4.254008931304694,4.254008931563159,7.23680273098373,0.768615020178277,utm,0,0.0,0.0,0,0.0
58.5,49.61,49.8998780366997,8.900053070782722,0.28763617078311826,0.1250654168416645,-13.468860989844735,492822.2319478545,5527503.570529635,3.8359149037278257,-13.552705137990415,0,1,0.0,0.0,4,5,4,5,WP4->WP5,1,4.243327608993396,4.2433276089741305,7.299934956270998,0.7753202432466522,utm,0,0.0,0.0,0,0.0
58.55,49.66,49.89987836512652,8.900052481068721,0.2879946637955558,0.08269779315567402,-13.432331014757002,492822.1896458066,5527503.607101499,3.793492568365764,-13.516272872686386,0,1,0.0,0.0,4,5,4,5,WP4->WP5,1,4.233502696072516,4.233502696261079,7.354984348504736,0.7811669950921022,utm,0,0.0,0.0,0,0.0
58.6,49.71,49.899878645291594,8.900051972234309,0.28798722807372445,0.04614091149742808,-13.401169055843345,492822.15314502997,5527503.638299745,3.756889180687722,-13.485195078887045,0,1,0.0,0.0,4,5,4,5,WP4->WP5,1,4.2253330660305854,4.225333065674696,7.402301304798499,0.7861924911113313,utm,0,0.0,0.0,0,0.0
58.65,49.76,49.89987888335573,8.900051528088182,0.2879385878616679,0.014231518261642923,-13.374689863768022,492822.12128364766,5527503.664810899,3.724940607789904,-13.458789063617587,0,1,0.0,0.0,4,5,4,5,WP4->WP5,1,4.2188221929733745,4.218822193308529,7.443235367839478,0.7905400651519385,utm,0,0.0,0.0,0,0.0
58.7,49.81,49.899879116604346,8.900051115349472,0.28799929641725736,-0.015421429386628712,-13.34874628805924,492822.0916770993,5527503.690783641,3.6952486308291554,-13.432914026081562,0,1,0.0,0.0,4,5,4,5,WP4->WP5,1,4.211622101456746,4.211622101586811,7.481956030839207,0.7946525557474654,utm,0,0.0,0.0,0,0.0
58.75,49.86,49.899879388222494,8.900050715717867,0.28796945873248325,-0.04413270538389679,-13.31853497930066,492822.0630175407,5527503.721021154,3.666489584604278,-13.402771120890975,0,1,0.0,0.0,4,5,4,5,WP4->WP5,1,4.200272065510058,4.200272065189691,7.522041616065201,0.7989100136391146,utm,0,0.0,0.0,0,0.0
58.8,49.91,49.89987968176453,8.90005033542388,0.2879730590462671,-0.07145468278003872,-13.285885139286545,492822.03574998095,5527503.753694368,3.6391145031666383,-13.370187941007316,0,1,0.0,0.0,4,5,4,5,WP4->WP5,1,4.186117031489755,4.186117031667179,7.5621750650989465,0.8031725551074382,utm,0,0.0,0.0,0,0.0
58.85,49.96,49.89988000116089,8.90004995197029,0.2879603544721511,-0.09900365965110121,-13.250359597800562,492822.008259348,5527503.789242434,3.6115068760700524,-13.3347306586802,0,1,0.0,0.0,4,5,4,5,WP4->WP5,1,4.16960467597565,4.1696046757646315,7.603969108341046,0.8076114669562198,utm,0,0.0,0.0,0,0.0
58.9,50.01,49.8998803634982,8.900049536178187,0.2879841965734854,-0.128875976301759,-13.210057856161757,492821.9784526707,5527503.829567889,3.5815674740006216,-13.294503645971417,0,1,0.0,0.0,4,5,4,5,WP4->WP5,1,4.1501688823014025,4.150168882538917,7.650194969387163,0.8125210786233448,utm,0,0.0,0.0,0,0.0
58.95,50.06,49.89988074524623,8.900049103716496,0.2880035467412475,-0.15994590882548496,-13.167597116250557,492821.9474517341,5527503.872053076,3.5504267020733096,-13.25212084967643,0,1,0.0,0.0,4,5,4,5,WP4->WP5,1,4.129486706246101,4.12948670613347,7.698550907470004,0.8176569240659951,utm,0,0.0,0.0,0,0.0
59.0,50.11,49.899881146965605,8.900048659406044,0.28796189597439953,-0.19186710791714467,-13.122915020088737,492821.91560283303,5527503.916759865,3.5184306493611075,-13.207519255578518,0,1,0.0,0.0,4,5,4,5,WP4->WP5,1,4.107328030677605,4.107328030334585,7.748770850104447,0.8229907439386942,utm,0,0.0,0.0,0,0.0
59.05,50.16,49.8998815942047,8.900048175441693,0.2880069864962072,-0.22663721597169503,-13.073169896885048,492821.8809129103,5527503.966531455,3.4835769000346772,-13.157862252555788,0,1,0.0,0.0,4,5,4,5,WP4->WP5,1,4.082267074758145,4.082267075001921,7.8040207401768455,0.8288587904989563,utm,0,0.0,0.0,0,0.0
59.1,50.21,49.8998820842591,8.900047677094692,0.2879680237793751,-0.2624406362613157,-13.018662549328663,492821.84519643924,5527504.021064742,3.447680916520767,-13.103446960449219,0,1,0.0,0.0,4,5,4,5,WP4->WP5,1,4.05363733354902,4.053637333814159,7.862585948347325,0.8350789543382957,utm,0,0.0,0.0,0,0.0
59.15,50.26,49.89988262214193,8.900047163276126,0.28802567839302073,-0.2993556012298257,-12.95883538240397,492821.8083759625,5527504.080917201,3.4106634047348052,-13.043716162443161,0,1,0.0,0.0,4,5,4,5,WP4->WP5,1,4.020999162269075,4.020999162373493,7.92481788691652,0.8416885586756234,utm,0,0.0,0.0,0,0.0
59.2,50.31,49.89988315865035,8.900046647547372,0.2877321069853189,-0.33640780239728424,-12.89916108751156,492821.771418101,5527504.140617033,3.3735090119298548,-12.984138444066048,0,1,0.0,0.0,4,5,4,5,WP4->WP5,1,3.9885623873391176,3.9885623870800684,7.987089943414223,0.8483024239059969,utm,0,0.0,0.0,0,0.0
59.25,50.36,49.89988364634928,8.900046131782085,0.2879315014720048,-0.3734626282226812,-12.844915731904711,492821.7344503751,5527504.194890102,3.3363626378704794,-12.929987490177155,0,1,0.0,0.0,4,5,4,5,WP4->WP5,1,3.960795632738814,3.960795632720571,8.046597810289422,0.8546227067711386,utm,0,0.0,0.0,0,0.0
59.3,50.41,49.899884081719776,8.90004563750165,0.28791898586483966,-0.4089738887071469,-12.79649071864507,492821.69901783747,5527504.2433431,3.3007706229691394,-12.881651517935097,0,1,0.0,0.0,4,5,4,5,WP4->WP5,1,3.9372475927036756,3.9372475926033825,8.101812369081825,0.8604870008244586,utm,0,0.0,0.0,0,0.0
59.35,50.46,49.899884465014274,8.900045174006934,0.2877020465667548,-0.4422733689879337,-12.753857969484876,492821.66578847426,5527504.286003203,3.2674008601461537,-12.83910114876926,0,1,0.0,0.0,4,5,4,5,WP4->WP5,1,3.91755361267516,3.917553613022594,8.152173287965825,0.8658357936716777,utm,0,0.0,0.0,0,0.0
59.4,50.51,49.89988481215416,8.900044735531006,0.2880571389793266,-0.4737753904510525,-12.71524659425559,492821.63435049105,5527504.324641143,3.235835722007323,-12.800567017868161,0,1,0.0,0.0,4,5,4,5,WP4->WP5,1,3.9004019254547124,3.9004019251194273,8.198939266899938,0.8708027708269627,utm,0,0.0,0.0,0,0.0
59.45,50.56,49.89988515761727,8.900044308706617,0.2880494976208593,-0.5044403146194203,-12.676821721985897,492821.6037490238,5527504.36309154,3.2051077132928185,-12.76221767347306,0,1,0.0,0.0,4,5,4,5,WP4->WP5,1,3.882984056758584,3.882984056998903,8.244890335086811,0.875683196964662,utm,0,0.0,0.0,0,0.0
59.5,50.61,49.89988549717835,8.900043900802716,0.28803316610193386,-0.5337459084559625,-12.639053315398803,492821.57450547063,5527504.400883919,3.1757397797191516,-12.724521866999567,0,1,0.0,0.0,4,5,4,5,WP4->WP5,1,3.865438044792974,3.8654380448426657,8.289337908393797,0.8804039381157174,utm,0,0.0,0.0,0,0.0
59.55,50.66,49.89988582677618,8.900043506996811,0.28804872763161693,-0.5620386408468931,-12.6023930929009,492821.5462728982,5527504.437567208,3.1473864762228914,-12.687931813299656,0,1,0.0,0.0,4,5,4,5,WP4->WP5,1,3.848328898716944,3.8483288985740347,8.332349755321145,0.8849721919182463,utm,0,0.0,0.0,0,0.0
59.6,50.71,49.89988616780678,8.900043119897786,0.28801913833094683,-0.5898495217232095,-12.564461236030747,492821.5185236821,5527504.475520981,3.11951233970467,-12.650069690309465,0,1,0.0,0.0,4,5,4,5,WP4->WP5,1,3.8298806539287478,3.82988065400801,8.375595218912649,0.8895652579595096,utm,0,0.0,0.0,0,0.0
59.65,50.76,49.89988654672426,8.90004273663878,0.2880462234431281,-0.6173845189662168,-12.522315329796022,492821.4910558615,5527504.517686745,3.0919057172723114,-12.607994670979679,0,1,0.0,0.0,4,5,4,5,WP4->WP5,1,3.8076679033288254,3.8076679029782654,8.420750800660333,0.8943611961198192,utm,0,0.0,0.0,0,0.0
59.7,50.81,49.89988694663181,8.90004235491783,0.2880611211041488,-0.644809015506541,-12.47783475812027,492821.4637016125,5527504.562186096,3.0644049756811,-12.563585703261197,0,1,0.0,0.0,4,5,4,5,WP4->WP5,1,3.7833911161502636,3.783391116031495,8.4670010414102,0.8992733971357473,utm,0,0.0,0.0,0,0.0
59.75,50.86,49.899887360332656,8.90004197177225,0.2879677421954568,-0.67233586362439,-12.431819997637986,492821.4362470994,5527504.608219157,3.036798916582484,-12.517643365077674,0,1,0.0,0.0,4,5,4,5,WP4->WP5,1,3.7578471401274287,3.7578471404389426,8.51412108294008,0.904277978995666,utm,0,0.0,0.0,0,0.0
59.8,50.91,49.899887801503375,8.900041593216551,0.28793773998980904,-0.699532954726704,-12.382749841973485,492821.40912628843,5527504.65730595,3.009516494523268,-12.468646210618317,0,1,0.0,0.0,4,5,4,5,WP4->WP5,1,3.729507602973174,3.7295076029585843,8.56251449450877,0.9094178044672258,utm,0,0.0,0.0,0,0.0
59.85,50.96,49.89988826664035,8.900041230119971,0.2879415467850236,-0.7256193953919926,-12.331013988338453,492821.3831192423,5527504.709055892,2.9833390553831123,-12.416982252150774,0,1,0.0,0.0,4,5,4,5,WP4->WP5,1,3.6983097054934637,3.6983097053816567,8.611311155459813,0.9146004587326156,utm,0,0.0,0.0,0,0.0
59.9,51.01,49.89988875117102,8.900040891159177,0.2879400684179809,-0.7499718159596368,-12.277121029775891,492821.35884840426,5527504.762959764,2.958890716836322,-12.363158653490245,0,1,0.0,0.0,4,5,4,5,WP4->WP5,1,3.6643731627957346,3.664373162694844,8.65971582551826,0.9197414799593527,utm,0,0.0,0.0,0,0.0
59.95,51.06,49.89988924903003,8.900040581316793,0.2879534509082371,-0.7722322431288616,-12.221745597749198,492821.33667070494,5527504.818342726,2.9365306315594353,-12.307849075645208,0,1,0.0,0.0,4,5,4,5,WP4->WP5,1,3.628095720197266,3.6280957203080777,8.707076884785733,0.9247716601200859,utm,0,0.0,0.0,0,0.0
60.0,51.11,49.89988975612058,8.900040303084822,0.2879179306064292,-0.7922216404131939,-12.165343368576469,492821.3167645019,5527504.874749044,2.9164386579650454,-12.251508662477136,0,1,0.0,0.0,4,5,4,5,WP4->WP5,1,3.5897780095851335,3.5897780099586645,8.753008167444204,0.929649984852665,utm,0,0.0,0.0,0,0.0
60.05,51.16,49.89989025793024,8.9000400429169,0.28739043244246665,-0.8109132376380529,-12.109528517102,492821.2981547992,5527504.930566488,2.8976451181224547,-12.195752846077085,0,1,0.0,0.0,4,5,4,5,WP4->WP5,1,3.5513040964822262,3.55130409612153,8.797524075047894,0.9343779837346262,utm,0,0.0,0.0,0,0.0
60.1,51.21,49.89989074415931,8.900039786329046,0.28796822918191045,-0.829347627318425,-12.05544665069225,492821.27979989036,5527504.984651297,2.8791120804380625,-12.14172881655395,0,1,0.0,0.0,4,5,4,5,WP4->WP5,1,3.514189417706765,3.5141894178169926,8.84093570887714,0.9389886985837103,utm,0,0.0,0.0,0,0.0
60.15,51.26,49.899891233086194,8.9000395372023,0.2879400295773256,-0.8472459784090066,-12.001064713177257,492821.26198120735,5527505.0390353445,2.8611142795998603,-12.0874037835747,0,1,0.0,0.0,4,5,4,5,WP4->WP5,1,3.4765435363071213,3.4765435359785886,8.884039277530142,0.9435666940772366,utm,0,0.0,0.0,0,0.0
60.2,51.31,49.89989173514657,8.90003929092595,0.2879348141937849,-0.8649395446669597,-11.945221975902642,492821.2443691768,5527505.094879331,2.843318319064565,-12.031618137843907,0,1,0.0,0.0,4,5,4,5,WP4->WP5,1,3.4375370692378078,3.437537069532025,8.92771112237036,0.9482050457293235,utm,0,0.0,0.0,0,0.0
60.25,51.36,49.89989226039601,8.900039040660793,0.28794613397829905,-0.8829196841113156,-11.886799985010631,492821.226474128,5527505.153301923,2.825230844435282,-11.97325483430177,0,1,0.0,0.0,4,5,4,5,WP4->WP5,1,3.3964585705552746,3.396458570482963,8.972943731055592,0.9530091648589588,utm,0,0.0,0.0,0,0.0
60.3,51.41,49.89989280618943,8.900038778116539,0.2879437140060771,-0.9017820075118926,-11.826092945492013,492821.20770029526,5527505.214009824,2.8062570596812293,-11.912609129212797,0,1,0.0,0.0,4,5,4,5,WP4->WP5,1,3.3538645545494403,3.3538645542555705,9.020099387084962,0.958017529306335,utm,0,0.0,0.0,0,0.0
60.35,51.46,49.89989334532876,8.900038492371802,0.2879473473642441,-0.9223111546109913,-11.766126021273617,492821.18725931534,5527505.27398013,2.785618567490019,-11.852706507779658,0,1,0.0,0.0,4,5,4,5,WP4->WP5,1,3.3127563814667838,3.3127563810707943,9.068311308713172,0.9631380788767202,utm,0,0.0,0.0,0,0.0
60.4,51.51,49.89989387679658,8.900038182913388,0.28795131004074814,-0.9445439956885429,-11.707012377917673,492821.1651141818,5527505.33309977,2.763278734171763,-11.79366016574204,0,1,0.0,0.0,4,5,4,5,WP4->WP5,1,3.2732501568177623,3.2732501570859993,9.11755353682387,0.9683680564731638,utm,0,0.0,0.0,0,0.0
60.45,51.56,49.89989440645599,8.900037870532156,0.28798793528685535,-0.9669868247157194,-11.648099879105274,492821.142758876,5527505.392018627,2.7407293914002366,-11.734815296716988,0,1,0.0,0.0,4,5,4,5,WP4->WP5,1,3.234023913174691,3.2340239134447324,9.166873849258888,0.9736063273431351,utm,0,0.0,0.0,0,0.0
60.5,51.61,49.899894926407576,8.900037565202974,0.28798709051374916,-0.9889230037668401,-11.590267152888634,492821.12090857874,5527505.449857468,2.7186886133858934,-11.677048775367439,0,1,0.0,0.0,4,5,4,5,WP4->WP5,1,3.1954680578726147,3.1954680576962327,9.215208235972298,0.9787398838321044,utm,0,0.0,0.0,0,0.0
60.55,51.66,49.89989542566509,8.900037266680883,0.28794837079774577,-1.0103701316800393,-11.534736169421214,492821.0995440677,5527505.505394835,2.6971412031562068,-11.621582112275064,0,1,0.0,0.0,4,5,4,5,WP4->WP5,1,3.158642405641301,3.1586424057925,9.261949147967345,0.9837041986478738,utm,0,0.0,0.0,0,0.0
60.6,51.71,49.89989589649188,8.900036979775969,0.2880700910683774,-1.0309826310032995,-11.482367454651943,492821.079009635,5527505.557770085,2.676434287102893,-11.56927481573075,0,1,0.0,0.0,4,5,4,5,WP4->WP5,1,3.1241108816612995,3.12411088188284,9.306360898083986,0.988421135046583,utm,0,0.0,0.0,0,0.0
60.65,51.76,49.8998963487308,8.900036713487287,0.28806716408856137,-1.050113970356662,-11.43206621445859,492821.0599530149,5527505.608076711,2.6572119923657738,-11.519031261093915,0,1,0.0,0.0,4,5,4,5,WP4->WP5,1,3.090602546329395,3.0906025466890807,9.348445371740171,0.9928908932769617,utm,0,0.0,0.0,0,0.0
60.7,51.81,49.89989679660694,8.900036473433882,0.288109430590281,-1.0673604530756324,-11.382250234450622,492821.042779854,5527505.657895759,2.6398747533676215,-11.469269074499607,0,1,0.0,0.0,4,5,4,5,WP4->WP5,1,3.0565510400824105,3.0565510399279936,9.388661660022203,0.9971622330354779,utm,0,0.0,0.0,0,0.0
60.75,51.86,49.89989724720946,8.900036262896947,0.2880200017628165,-1.0824863440130206,-11.332131006536795,492821.0277268454,5527505.708015103,2.6246566656627692,-11.419199608266354,0,1,0.0,0.0,4,5,4,5,WP4->WP5,1,3.0211813070068767,3.021158151402306,9.427208841063697,1.0012562982512083,utm,0,0.0,0.0,0,0.0
60.8,51.91,49.89989769246317,8.900036066392033,0.28801893436260906,-1.0966041133567779,-11.282606711304963,492821.0136807636,5527505.757538409,2.610447463404853,-11.369722857140005,0,1,0.0,0.0,4,5,4,5,WP4->WP5,1,2.9861685963432287,2.985763167946964,9.464585911646516,1.0052260869725755,utm,0,0.0,0.0,0,0.0
60.85,51.96,49.89989813531708,8.900035876082207,0.28803021713836496,-1.1102768006450912,-11.233349339492666,492821.0000792309,5527505.806794304,2.5966836889856495,-11.320512051694095,0,1,0.0,0.0,4,5,4,5,WP4->WP5,1,2.951625924042682,2.950370926092512,9.501444209810774,1.0091407772909902,utm,0,0.0,0.0,0,0.0
60.9,52.01,49.89989858336072,8.900035700092364,0.28801794181101564,-1.1229206779196095,-11.183514728858015,492820.98750686884,5527505.8566258345,2.583947182749398,-11.27072222251445,0,1,0.0,0.0,4,5,4,5,WP4->WP5,1,2.9165247112026407,2.913958024955145,9.537711913181665,1.0129927410095656,utm,0,0.0,0.0,0,0.0
60.95,52.06,49.89989903728455,8.900035541405616,0.28803140219188017,-1.1343214253837561,-11.133026080776785,492820.97617801424,5527505.907109483,2.5724520282819867,-11.220276179723442,0,1,0.0,0.0,4,5,4,5,WP4->WP5,1,2.8806779854985964,2.876349206981662,9.57324385007932,1.0167665595604896,utm,0,0.0,0.0,0,0.0
61.0,52.11,49.89989948951638,8.900035401723711,0.28801967614224644,-1.1443567821673697,-11.082725629477125,492820.96621375595,5527505.957403187,2.562322088633664,-11.170015586540103,0,1,0.0,0.0,4,5,4,5,WP4->WP5,1,2.8447017584845518,2.838206463959549,9.607505697902013,1.020405482968314,utm,0,0.0,0.0,0,0.0
61.05,52.16,49.89989993698086,8.90003528911825,0.28799633239156125,-1.1524468492038367,-11.032955437142167,492820.9581933055,5527506.00716425,2.5541377014596947,-11.120281223207712,0,1,0.0,0.0,4,5,4,5,WP4->WP5,1,2.8085111223838997,2.7995284514169514,9.639824460320062,1.0238380328320449,utm,0,0.0,0.0,0,0.0
61.1,52.21,49.89990038984286,8.900035205090411,0.288007541781001,-1.1584837753345496,-10.982584893168443,492820.95222597936,5527506.057522685,2.5480044589494355,-11.069942724891007,0,1,0.0,0.0,4,5,4,5,WP4->WP5,1,2.771073728087992,2.759287930129177,9.670683517614188,1.02711554858403,utm,0,0.0,0.0,0,0.0
61.15,52.26,49.89990084469699,8.900035141035044,0.28798428101868256,-1.1630857920623299,-10.931992771950735,492820.9476932869,5527506.108100695,2.5433051187428646,-11.019379927776754,0,1,0.0,0.0,4,5,4,5,WP4->WP5,1,2.733030483855305,2.7181256668614564,9.700421513719926,1.030273997325352,utm,0,0.0,0.0,0,0.0
61.2,52.31,49.8999012943338,8.900035094534088,0.28795272551455414,-1.1664266233852711,-10.88198095668916,492820.9444205036,5527506.15809695,2.539867597981356,-10.969394729472697,0,1,0.0,0.0,4,5,4,5,WP4->WP5,1,2.6951035203420375,2.676819774914057,9.728779227153552,1.033285847349905,utm,0,0.0,0.0,0,0.0
61.25,52.36,49.899901730079684,8.90003506432774,0.28797867115811376,-1.1685967790358407,-10.83351419008103,492820.9423158686,5527506.20654721,2.5376033137436025,-10.920951667241752,0,1,0.0,0.0,4,5,4,5,WP4->WP5,1,2.6580759278962094,2.636246022419882,9.755342883379646,1.036107151995783,utm,0,0.0,0.0,0,0.0
61.3,52.41,49.89990214290984,8.900035053159746,0.28808661871917424,-1.1693991364316276,-10.787596273905608,492820.94157508697,5527506.252447817,2.5367112774401903,-10.875053751282394,0,1,0.0,0.0,4,5,4,5,WP4->WP5,1,2.6225580341397383,2.597167189538654,9.779431454524298,1.038665579838115,utm,0,0.0,0.0,0,0.0
61.35,52.46,49.89990253472889,8.900035050640867,0.2880463433217112,-1.1695801036994848,-10.744015363673764,492820.94145233027,5527506.296011524,2.5364449636545032,-10.831490684300661,0,1,0.0,0.0,4,5,4,5,WP4->WP5,1,2.588782957795929,2.559781449183983,9.801794775357076,1.0410407702270343,utm,0,0.0,0.0,0,0.0
61.4,52.51,49.89990291255078,8.900035054103634,0.28810131923118965,-1.169331323366787,-10.701991316397518,492820.9417570732,5527506.338018418,2.5366112774354406,-10.78948301449418,0,1,0.0,0.0,4,5,4,5,WP4->WP5,1,2.5562239128796835,2.52351556474949,9.822995191372279,1.0432924494269589,utm,0,0.0,0.0,0,0.0
61.45,52.56,49.89990328775013,8.900035067316422,0.28800932057652034,-1.1683820591467504,-10.66025896734044,492820.94276163186,5527506.379732797,2.537478367041331,-10.747765552252531,0,1,0.0,0.0,4,5,4,5,WP4->WP5,1,2.5237119883066446,2.487143580430167,9.84344457472332,1.0454643620493245,utm,0,0.0,0.0,0,0.0
61.5,52.61,49.89990366131736,8.90003509357808,0.2880016648540038,-1.1664953072096718,-10.61870815439656,492820.9447030626,5527506.421264461,2.539282925776206,-10.70622771512717,0,1,0.0,0.0,4,5,4,5,WP4->WP5,1,2.490996644208946,2.4504499903727117,9.862995245891218,1.0475408231707362,utm,0,0.0,0.0,0,0.0
61.55,52.66,49.89990403917778,8.900035138016618,0.28794250707022734,-1.1633026489686904,-10.576679822330886,492820.9479505166,5527506.463271712,2.542391933442559,-10.664209990762174,0,1,0.0,0.0,4,5,4,5,WP4->WP5,1,2.457325526329423,2.4126802940777137,9.881666215647153,1.0495238519099699,utm,0,0.0,0.0,0,0.0
61.6,52.71,49.899904428470414,8.900035204773761,0.2879370707124509,-1.1585065248373598,-10.533379916740369,492820.95280249405,5527506.506547887,2.5471012743073516,-10.620918061584234,0,1,0.0,0.0,4,5,4,5,WP4->WP5,1,2.421900857296612,2.3730000071189616,9.899606222009457,1.051429245612789,utm,0,0.0,0.0,0,0.0
61.65,52.76,49.899904832634796,8.900035299496658,0.28801859708488237,-1.1517012191835405,-10.488425870172739,492820.95966505934,5527506.551474862,2.553815752151422,-10.575968716293573,0,1,0.0,0.0,4,5,4,5,WP4->WP5,1,2.384167234496174,2.3308733909331325,9.9166613117721,1.0532406530325231,utm,0,0.0,0.0,0,0.0
61.7,52.81,49.89990524958298,8.900035421123592,0.28802189852254767,-1.142963010187363,-10.442049918073419,492820.9684616549,5527506.597820592,2.5624595744302496,-10.529594250023365,0,1,0.0,0.0,4,5,4,5,WP4->WP5,1,2.3443467903659347,2.286539032096916,9.9327787383102,1.0549524719924024,utm,0,0.0,0.0,0,0.0
61.75,52.86,49.89990565670614,8.900035564777099,0.28799050047346875,-1.1326423162288284,-10.396766774772832,492820.978838647,5527506.643071842,2.5726873914245516,-10.484309049323201,0,1,0.0,0.0,4,5,4,5,WP4->WP5,1,2.3044905034688217,2.2423380514363402,9.94697841875224,1.056460608675852,utm,0,0.0,0.0,0,0.0
61.8,52.91,49.899906033109325,8.9000357344832,0.28799476614162195,-1.1204498903294275,-10.354900526753696,492820.9910820671,5527506.684905067,2.5847928897710517,-10.442435706034303,0,1,0.0,0.0,4,5,4,5,WP4->WP5,1,2.2660062187531853,2.200121686520582,9.957827315350677,1.0576128612918059,utm,0,0.0,0.0,0,0.0
61.85,52.96,49.89990641506185,8.900035919478293,0.288028839726075,-1.1071590366597688,-10.3124170412331,492821.0044243006,5527506.727353818,2.59799516730709,-10.399943217635155,0,1,0.0,0.0,4,5,4,5,WP4->WP5,1,2.2264971450036586,2.156814788466192,9.96804613195214,1.05869819361608,utm,0,0.0,0.0,0,0.0
61.9,53.01,49.899906803136346,8.900036110481865,0.2880801041442463,-1.0934365076710797,-10.269252626542588,492821.0181989457,5527506.770482648,2.611627612845041,-10.356769229285419,0,1,0.0,0.0,4,5,4,5,WP4->WP5,1,2.1863949841221744,2.112702346863299,9.978240706591189,1.059780951220948,utm,0,0.0,0.0,0,0.0
61.95,53.06,49.89990716662454,8.900036288188677,0.2880312084911982,-1.0806692759401952,-10.228822876112131,492821.0310150257,5527506.810879184,2.6243105024914257,-10.316330678761005,0,1,0.0,0.0,4,5,4,5,WP4->WP5,1,2.1490817601573555,2.0714284095267423,9.987863289699186,1.060802958063563,utm,0,0.0,0.0,0,0.0
62.0,53.11,49.8999074608766,8.90003644552909,0.28800070180164145,-1.069365255020835,-10.196094061825262,492821.04235820443,5527506.8435798185,2.6355458595207892,-10.283592842519283,0,1,0.0,0.0,4,5,4,5,WP4->WP5,1,2.11831270066187,2.0375226049777146,9.994819985947217,1.0615418231985985,utm,0,0.0,0.0,0,0.0
62.05,53.16,49.89990770151794,8.900036574606823,0.28799584614932544,-1.0600917481484071,-10.16932821479019,492821.0516637231,5527506.87032258,2.644763200834859,-10.256819561123848,0,1,0.0,0.0,4,5,4,5,WP4->WP5,1,2.093217619812933,2.0097794296011178,10.000484278862357,1.0621434232110774,utm,0,0.0,0.0,0,0.0
62.1,53.21,49.89990793207901,8.90003669903811,0.2882400565749015,-1.0511520622615327,-10.14368356682144,492821.0606340581,5527506.895945039,2.653649052081164,-10.231167681515217,0,1,0.0,0.0,4,5,4,5,WP4->WP5,1,2.0692116321962715,1.9831705493028278,10.005864312646649,1.0627148322890074,utm,0,0.0,0.0,0,0.0
62.15,53.26,49.89990816023286,8.900036825732766,0.2883551523685602,-1.0420497660149608,-10.118306667249849,492821.0697665813,5527506.921299638,2.6626979733700864,-10.205783125013113,0,1,0.0,0.0,4,5,4,5,WP4->WP5,1,2.0453447441753716,1.956709060978064,10.010968069656771,1.0632568982320965,utm,0,0.0,0.0,0,0.0
62.2,53.31,49.899908384850654,8.900036951247811,0.28842304804600233,-1.0330322181686586,-10.093323073990152,492821.07881386526,5527506.946261201,2.671662951062899,-10.180791883729398,0,1,0.0,0.0,4,5,4,5,WP4->WP5,1,2.0218816419548724,1.930628987816453,10.015944288082187,1.0637854184042834,utm,0,0.0,0.0,0,0.0
62.25,53.36,49.8999085987477,8.900037071228882,0.28838138218891596,-1.0244122552067936,-10.06953191795864,492821.08746213175,5527506.970031335,2.6802328396588564,-10.15699337888509,0,1,0.0,0.0,4,5,4,5,WP4->WP5,1,1.9995857118624507,1.9057769649807927,10.020654780943039,1.0642857160771482,utm,0,0.0,0.0,0,0.0
62.3,53.41,49.89990880494732,8.900037187060065,0.2882948479339842,-1.0160904382508644,-10.046596924551027,492821.0958112289,5527506.992946046,2.6885063794325106,-10.13405127916485,0,1,0.0,0.0,4,5,4,5,WP4->WP5,1,1.9781513886123923,1.8818131380795038,10.02518539034149,1.064766908471588,utm,0,0.0,0.0,0,0.0
62.35,53.46,49.89990899439499,8.90003729114087,0.2882902981026648,-1.0086128195617934,-10.025525202532345,492821.10331397847,5527507.01399936,2.6959397101891227,-10.112973356619477,0,1,0.0,0.0,4,5,4,5,WP4->WP5,1,1.958646018972589,1.8598818361664453,10.029492506239594,1.0652243638004113,utm,0,0.0,0.0,0,0.0
62.4,53.51,49.899909160283926,8.900037381527403,0.2882377976434799,-1.002119057206354,-10.007073851411894,492821.1098297679,5527507.032434662,2.702394713414833,-10.094516682438552,0,1,0.0,0.0,4,5,4,5,WP4->WP5,1,1.941657448614819,1.8407053052941844,10.033310430076837,1.0656298624323746,utm,0,0.0,0.0,0,0.0
62.45,53.56,49.89990932441489,8.900037471119663,0.28813475803988986,-0.9956823587635536,-9.988818034138134,492821.1162882553,5527507.050674586,2.7087930587586015,-10.076255573891103,0,1,0.0,0.0,4,5,4,5,WP4->WP5,1,1.924887887808459,1.821726003685255,10.037077788395287,1.0660299905410981,utm,0,0.0,0.0,0,0.0
62.5,53.61,49.89990949671531,8.900037562690244,0.2877701163265313,-0.989103529210046,-9.969653552126962,492821.12289002934,5527507.069822621,2.7153316974290647,-10.057085888460279,0,1,0.0,0.0,4,5,4,5,WP4->WP5,1,1.9074722974533784,1.8018928580754459,10.041185950855223,1.0664663151846483,utm,0,0.0,0.0,0,0.0
62.55,53.66,49.89990968257709,8.900037661904694,0.28801171699144046,-0.981975530757888,-9.948980679194346,492821.1300427656,5527507.09047771,2.7224163290229626,-10.036407341249287,0,1,0.0,0.0,4,5,4,5,WP4->WP5,1,1.8887253741473025,1.7804827103506038,10.045590484222881,1.0669341171448654,utm,0,0.0,0.0,0,0.0
62.6,53.71,49.89990987727367,8.900037768622669,0.2880234748327337,-0.974308446376532,-9.927325135513016,492821.1377356839,5527507.112114357,2.730037905217614,-10.014745460823178,0,1,0.0,0.0,4,5,4,5,WP4->WP5,1,1.8690053536039066,1.7579527979375578,10.050032166275326,1.0674058646371314,utm,0,0.0,0.0,0,0.0
62.65,53.76,49.89991007434652,8.900037877407721,0.2880178716937701,-0.9664928541627652,-9.905405286973192,492821.14557740337,5527507.134015005,2.737807411758695,-9.992819089442492,0,1,0.0,0.0,4,5,4,5,WP4->WP5,1,1.849078306170646,1.73511991727269,10.054480819881872,1.0678783525725732,utm,0,0.0,0.0,0,0.0
62.7,53.81,49.899910271615795,8.90003798508101,0.28800394355345527,-0.958757135856904,-9.883463590676975,492821.15333930973,5527507.1559376,2.7454970332910307,-9.970871035009623,0,1,0.0,0.0,4,5,4,5,WP4->WP5,1,1.8292786016831812,1.7123089492792825,10.059009295936974,1.068359318386325,utm,0,0.0,0.0,0,0.0
62.75,53.86,49.899910451525734,8.900038083249594,0.28800142307120147,-0.9517042769483834,-9.863452723371013,492821.1604160531,5527507.175931048,2.752507852797862,-9.950854375958443,0,1,0.0,0.0,4,5,4,5,WP4->WP5,1,1.8112945411734445,1.691506391808393,10.063141105466636,1.0687981545662055,utm,0,0.0,0.0,0,0.0
62.8,53.91,49.89991062023399,8.900038175015169,0.28797437467915643,-0.9451114381586984,-9.844687787360964,492821.1670312975,5527507.19467968,2.759061277960427,-9.932084045372903,0,1,0.0,0.0,4,5,4,5,WP4->WP5,1,1.7945106496635175,1.6720097001315661,10.067033623695265,1.0692115758087153,utm,0,0.0,0.0,0,0.0
62.85,53.96,49.899910787233836,8.900038266028679,0.2879624157869927,-0.9385726310015478,-9.82611287284714,492821.1735922782,5527507.213238435,2.7655610654037446,-9.913503770716488,0,1,0.0,0.0,4,5,4,5,WP4->WP5,1,1.7779495683337543,1.6527039571170974,10.070875774924218,1.069619647612542,utm,0,0.0,0.0,0,0.0
62.9,54.01,49.899910953517534,8.900038356682323,0.28795510265346347,-0.9320596781161627,-9.807617613247986,492821.18012730865,5527507.231717603,2.7720351649913937,-9.895003167912364,0,1,0.0,0.0,4,5,4,5,WP4->WP5,1,1.7615216213253608,1.6334798870180383,10.074699571066198,1.0700257699372866,utm,0,0.0,0.0,0,0.0
62.95,54.06,49.89991111783915,8.900038446325295,0.28795372006760334,-0.9256193363428736,-9.78934058994571,492821.1865894658,5527507.249978718,2.778437110246159,-9.876720856875181,0,1,0.0,0.0,4,5,4,5,WP4->WP5,1,1.745348474683097,1.6144804938492812,10.07847460194268,1.0704267129422518,utm,0,0.0,0.0,0,0.0
63.0,54.11,49.89991128147341,8.900038535582015,0.28795150025432437,-0.919206744654521,-9.771140020701534,492821.1930237818,5527507.268163449,2.784811466233805,-9.858515021391213,0,1,0.0,0.0,4,5,4,5,WP4->WP5,1,1.7293089429424102,1.5955609872991223,10.08223453915148,1.070826052860865,utm,0,0.0,0.0,0,0.0
63.05,54.16,49.89991144322877,8.900038623852655,0.2879515180293215,-0.9128649971625218,-9.753148435410885,492821.19938700314,5527507.286139373,2.7911154159810394,-9.84051822591573,0,1,0.0,0.0,4,5,4,5,WP4->WP5,1,1.7135171963198186,1.5768573007101905,10.08594890627274,1.0712205528169898,utm,0,0.0,0.0,0,0.0
63.1,54.21,49.89991160434175,8.900038711754219,0.2879505616101883,-0.9065497657859171,-9.735228299125435,492821.2057236234,5527507.304043912,2.797393000102602,-9.82259290292859,0,1,0.0,0.0,4,5,4,5,WP4->WP5,1,1.697856128544866,1.558228568775507,10.089649668457332,1.0716136078036909,utm,0,0.0,0.0,0,0.0
63.15,54.26,49.899911765498246,8.900038799695357,0.28795018500140795,-0.9002316911362298,-9.71730332405615,492821.2120630924,5527507.3219532855,2.8036734169581905,-9.804662736132741,0,1,0.0,0.0,4,5,4,5,WP4->WP5,1,1.6822585672656403,1.5395942262937554,10.093350451382069,1.072006664993186,utm,0,0.0,0.0,0,0.0
63.2,54.31,49.89991192668309,8.900038887656564,0.2879499322370952,-0.8939121747496596,-9.699375195534675,492821.21840400656,5527507.3398658065,2.8099552686326206,-9.786729415878654,0,1,0.0,0.0,4,5,4,5,WP4->WP5,1,1.666728601660174,1.5209564394446673,10.097051600320128,1.0723997610566631,utm,0,0.0,0.0,0,0.0
63.25,54.36,49.89991208409909,8.90003897359123,0.28794953134577556,-0.88773825387934,-9.681866264603872,492821.22459882405,5527507.357359493,2.8160924045951106,-9.76921541057527,0,1,0.0,0.0,4,5,4,5,WP4->WP5,1,1.6516300417320346,1.5027533376594073,10.10066434460606,1.0727834677328643,utm,0,0.0,0.0,0,0.0
63.3,54.41,49.89991224021741,8.900039058770686,0.287949251763533,-0.881618590531108,-9.664501670795369,492821.230739213,5527507.374708973,2.8221755875856616,-9.751845791004598,0,1,0.0,0.0,4,5,4,5,WP4->WP5,1,1.636728984913089,1.484702008678636,10.104250198076487,1.073164318357095,utm,0,0.0,0.0,0,0.0
63.35,54.46,49.899912394597514,8.900039143034293,0.28794840430040813,-0.8755647257468142,-9.647330413959187,492821.2368135718,5527507.39186528,2.8281933773541823,-9.734669559635222,0,1,0.0,0.0,4,5,4,5,WP4->WP5,1,1.622062630829633,1.4668504717850943,10.107794116197702,1.0735407150614829,utm,0,0.0,0.0,0,0.0
63.4,54.51,49.899912548374104,8.900039226948353,0.2879482067311536,-0.8695359740102604,-9.630226284547321,492821.24286273785,5527507.408954523,2.8341861954540946,-9.717560475692153,0,1,0.0,0.0,4,5,4,5,WP4->WP5,1,1.6075266372170403,1.4490694576939398,10.111325425244955,1.0739157725662272,utm,0,0.0,0.0,0,0.0
63.45,54.56,49.89991268849891,8.900039303646798,0.28793519376114296,-0.8640256234837563,-9.614640603567087,492821.2483916837,5527507.424526613,2.839663795719389,-9.701970249414444,0,1,0.0,0.0,4,5,4,5,WP4->WP5,1,1.5943311516160137,1.432858418820273,10.114528777748497,1.0742559980692117,utm,0,0.0,0.0,0,0.0
63.5,54.61,49.89991282210948,8.900039376266925,0.28794336841860635,-0.8588082771043752,-9.59977948288451,492821.25362677546,5527507.439374826,2.844849929038901,-9.687104866839945,0,1,0.0,0.0,4,5,4,5,WP4->WP5,1,1.5818382438452547,1.417419781066258,10.117614887112108,1.0745837712722353,utm,0,0.0,0.0,0,0.0
63.55,54.66,49.89991295464253,8.900039448575754,0.2879453924930582,-0.8536132957050795,-9.58503821107343,492821.25883935136,5527507.454103268,2.850013941177167,-9.672359326854348,0,1,0.0,0.0,4,5,4,5,WP4->WP5,1,1.5694872831922144,1.4020956053075633,10.120659157740022,1.0749071008166602,utm,0,0.0,0.0,0,0.0
63.6,54.71,49.899913086741115,8.900039520641252,0.28794578747688065,-0.848435796242883,-9.570345263423157,492821.26403438783,5527507.468783427,2.8551605731481686,-9.657662128098309,0,1,0.0,0.0,4,5,4,5,WP4->WP5,1,1.5572356968756387,1.3868218957831027,10.12369383692315,1.075229411661419,utm,0,0.0,0.0,0,0.0
63.65,54.76,49.899913218912374,8.900039592734295,0.2879447858048983,-0.8432563178861038,-9.555644232973277,492821.26923141314,5527507.483471663,2.8603091673576273,-9.642956846393645,0,1,0.0,0.0,4,5,4,5,WP4->WP5,1,1.5450379596138841,1.3715402274084942,10.12673093290119,1.0755519791920287,utm,0,0.0,0.0,0,0.0
63.7,54.81,49.89991334892334,8.900039663704671,0.2879400816759354,-0.838157496776257,-9.541183485392029,492821.2743474927,5527507.497919822,2.865377607406117,-9.628491905517876,0,1,0.0,0.0,4,5,4,5,WP4->WP5,1,1.533095982501607,1.3565062919054216,10.129714950815254,1.0758689093439882,utm,0,0.0,0.0,0,0.0
63.75,54.86,49.899913477907354,8.900039734009036,0.287941167458423,-0.8331065248167328,-9.526836963249917,492821.27941558976,5527507.512253862,2.870398441213183,-9.614141242578626,0,1,0.0,0.0,4,5,4,5,WP4->WP5,1,1.5213147752853855,1.3415949719893858,10.132681909155192,1.0761840276122472,utm,0,0.0,0.0,0,0.0
63.8,54.91,49.89991360596133,8.900039803822475,0.28793949582163203,-0.8280908231499485,-9.512593885943163,492821.2844482927,5527507.526484548,2.875384221668355,-9.599894048646092,0,1,0.0,0.0,4,5,4,5,WP4->WP5,1,1.5096780432833745,1.3267905811007008,10.135626487234848,1.0764967688909919,utm,0,0.0,0.0,0,0.0
63.85,54.96,49.899913733539314,8.900039873302118,0.28793824455278294,-0.8230991027859561,-9.498403752247377,492821.2894569531,5527507.540662343,2.8803461340721697,-9.585699826478958,0,1,0.0,0.0,4,5,4,5,WP4->WP5,1,1.4981505168401708,1.3120439411434515,10.138564709164589,1.0768088350881464,utm,0,0.0,0.0,0,0.0
63.9,55.01,49.899913860342636,8.900039942549274,0.28793620248903223,-0.8181240853591578,-9.484299782016118,492821.29444880236,5527507.554754031,2.8852915191673674,-9.571591764688492,0,1,0.0,0.0,4,5,4,5,WP4->WP5,1,1.4867433473812792,1.297379909640149,10.141473388505029,1.0771177635905598,utm,0,0.0,0.0,0,0.0
63.95,55.06,49.899913986701236,8.900040011511004,0.287941181710298,-0.8131695741094264,-9.470245276480762,492821.2994200876,5527507.568796303,2.890216503175907,-9.55753318592906,0,1,0.0,0.0,4,5,4,5,WP4->WP5,1,1.4754417901146022,1.2827688640245285,10.144374497318731,1.0774258880333938,utm,0,0.0,0.0,0,0.0
64.0,55.11,49.89991410203545,8.900040074762007,0.2879426044331175,-0.8086253464380367,-9.457416982021558,492821.30397961696,5527507.5816134,2.894733770925086,-9.544701133854687,0,1,0.0,0.0,4,5,4,5,WP4->WP5,1,1.4651632232801983,1.2694213864212196,10.147003588891186,1.0777051217429658,utm,0,0.0,0.0,0,0.0
64.05,55.16,49.89991421067685,8.900040134182941,0.2879597464344086,-0.8043562875935227,-9.445333111000425,492821.3082630941,5527507.59368674,2.8989774388610385,-9.532613744027913,0,1,0.0,0.0,4,5,4,5,WP4->WP5,1,1.4555410457058535,1.2568543030952117,10.149489977704926,1.0779691991068632,utm,0,0.0,0.0,0,0.0
64.1,55.209999999999994,49.89991432007684,8.900040193885054,0.28796121046456824,-0.800067027586649,-9.433164863022904,492821.3125668768,5527507.605844394,2.9032411344815046,-9.520441972650588,0,1,0.0,0.0,4,5,4,5,WP4->WP5,1,1.4459100927849797,1.2442043662801439,10.15200198974172,1.0782359978927527,utm,0,0.0,0.0,0,0.0
64.15,55.260000000000005,49.8999144294598,8.900040253559578,0.2879579324488964,-0.7957797497925103,-9.420998509805308,492821.3168686757,5527507.618000159,2.907502852496691,-9.508272098377347,0,1,0.0,0.0,4,5,4,5,WP4->WP5,1,1.4363330082905528,1.2315570674493266,10.154514741660137,1.0785028752608765,utm,0,0.0,0.0,0,0.0
64.2,55.31,49.89991453886313,8.900040313244025,0.28795466524798324,-0.7914917589786349,-9.40882989108313,492821.32117119024,5527507.630158188,2.91176527866628,-9.49609995726496,0,1,0.0,0.0,4,5,4,5,WP4->WP5,1,1.4268064790001278,1.2189074567379186,10.157028035134195,1.0787698101471912,utm,0,0.0,0.0,0,0.0
64.25,55.36,49.89991464694846,8.900040372211322,0.28795260131867584,-0.7872552914022837,-9.396807868620078,492821.3254220065,5527507.642169747,2.915976489544846,-9.484074455685914,0,1,0.0,0.0,4,5,4,5,WP4->WP5,1,1.4174469567525556,1.2064101693171614,10.159510934536124,1.079033516903456,utm,0,0.0,0.0,0,0.0
64.3,55.41,49.89991475981125,8.900040433291991,0.28793816764871805,-0.7828669899293775,-9.384254463637896,492821.32982530503,5527507.654712273,2.920338432129938,-9.471517487429082,0,1,0.0,0.0,4,5,4,5,WP4->WP5,1,1.4077618658716817,1.1933785418257032,10.162134040983155,1.0793121149376517,utm,0,0.0,0.0,0,0.0
64.35,55.459999999999994,49.89991488184736,8.900040494875554,0.2880807112007289,-0.7784425583795961,-9.37068073751325,492821.33426608023,5527507.668274664,2.924734490341507,-9.457940535619855,0,1,0.0,0.0,4,5,4,5,WP4->WP5,1,1.3976420746556866,1.1794510647035725,10.165246006424939,1.0796426342940229,utm,0,0.0,0.0,0,0.0
64.4,55.510000000000005,49.899915007498166,8.900040557716801,0.2881316116970208,-0.7739277693494584,-9.356704957908333,492821.3387977132,5527507.6822388265,2.9292200818890706,-9.443961516022682,0,1,0.0,0.0,4,5,4,5,WP4->WP5,1,1.3873352077294778,1.1651317938407748,10.168485142993726,1.0799866603939081,utm,0,0.0,0.0,0,0.0
64.45,55.56,49.899915120573716,8.900040612365524,0.2881435354648462,-0.7700015669450044,-9.344127888237917,492821.34273912833,5527507.694805625,2.9331200635642745,-9.431381797417998,0,1,0.0,0.0,4,5,4,5,WP4->WP5,1,1.3782504367961488,1.1523152893029058,10.171517697311755,1.0803087455584468,utm,0,0.0,0.0,0,0.0
64.5,55.61,49.89991522602728,8.900040667674306,0.28815120780111925,-0.7660279430489244,-9.332398589909598,492821.3467268151,5527507.706524927,2.9370691094663925,-9.419649417512119,0,1,0.0,0.0,4,5,4,5,WP4->WP5,1,1.3695567839603326,1.1402036723857893,10.17407746823882,1.0805806167778094,utm,0,0.0,0.0,0,0.0
64.55,55.66,49.89991534406557,8.900040723508592,0.288224005926183,-0.7620165645855039,-9.319269529552676,492821.3507541086,5527507.719643381,2.941053151153028,-9.406517763622105,0,1,0.0,0.0,4,5,4,5,WP4->WP5,1,1.360287846792247,1.126869073140117,10.1773180542514,1.0809247968219584,utm,0,0.0,0.0,0,0.0
64.6,55.709999999999994,49.89991546516569,8.90004076803092,0.28828025066531665,-0.7588178865793617,-9.305799909802047,492821.35396947974,5527507.733103342,2.9442241495125927,-9.393047279678285,0,1,0.0,0.0,4,5,4,5,WP4->WP5,1,1.3516888940791387,1.1136557377260163,10.181431073483592,1.0813616372993988,utm,0,0.0,0.0,0,0.0
64.65,55.760000000000005,49.899915584839356,8.900040804930956,0.2882870839665618,-0.7561668271293314,-9.292488950370075,492821.356637239,5527507.746405437,2.946848059189506,-9.379736467264593,0,1,0.0,0.0,4,5,4,5,WP4->WP5,1,1.3437415531125625,1.1008578971639336,10.185934175662448,1.0818399081740833,utm,0,0.0,0.0,0,0.0
64.7,55.81,49.899915701739864,8.90004083802978,0.28831925847430506,-0.7537888634271356,-9.2794864420047,492821.35903159983,5527507.75939957,2.9491995868156664,-9.366734514012933,0,1,0.0,0.0,4,5,4,5,WP4->WP5,1,1.3362591880539068,1.0884644740853653,10.190514952778097,1.082326428841574,utm,0,0.0,0.0,0,0.0
64.75,55.86,49.899915809530974,8.900040864398473,0.28828284492493034,-0.7518944215460359,-9.267497145540682,492821.36094127997,5527507.771381539,2.9510697717778385,-9.35474631562829,0,1,0.0,0.0,4,5,4,5,WP4->WP5,1,1.3297123983958357,1.0771887675883585,10.194995233919624,1.0828022759121672,utm,0,0.0,0.0,0,0.0
64.8,55.91,49.89991590975084,8.900040891514777,0.28825361264353466,-0.7499462681064123,-9.256349977175619,492821.36290352687,5527507.782521647,2.9529952974407934,-9.343599801883101,0,1,0.0,0.0,4,5,4,5,WP4->WP5,1,1.3235243772789012,1.0666098888273157,10.199000199052321,1.0832276400502694,utm,0,0.0,0.0,0,0.0
64.85,55.959999999999994,49.89991600744199,8.900040918412875,0.2882453300729981,-0.7480137915294022,-9.245484070284538,492821.3648497279,5527507.793380627,2.9549057037220336,-9.332734467461705,0,1,0.0,0.0,4,5,4,5,WP4->WP5,1,1.3175271036489538,1.0562808730999917,10.20287532219018,1.0836392137741249,utm,0,0.0,0.0,0,0.0
64.9,56.010000000000005,49.899916104015134,8.900040944270442,0.28828259073750134,-0.7461560712495161,-9.234742515680527,492821.36672103655,5527507.804115403,2.9567416273639537,-9.32199358381331,0,1,0.0,0.0,4,5,4,5,WP4->WP5,1,1.3117114180224436,1.0460968906297399,10.206751365749163,1.0840508852551707,utm,0,0.0,0.0,0,0.0
64.95,56.06,49.899916198243055,8.900040973735582,0.2883019112047378,-0.7440391672106058,-9.224261813906011,492821.3688510778,5527507.814589086,2.958837142563425,-9.311512938700616,0,1,0.0,0.0,4,5,4,5,WP4->WP5,1,1.3058173059910199,1.0360051576973346,10.2102715970194,1.0844247661980932,utm,0,0.0,0.0,0,0.0
65.0,56.11,49.899916289155584,8.900041005972444,0.2883562083234266,-0.7417231305551246,-9.214149873590353,492821.3711796803,5527507.82469389,2.9611324334982783,-9.301400515250862,0,1,0.0,0.0,4,5,4,5,WP4->WP5,1,1.2999340115641942,1.0261290718533786,10.21343267086426,1.0847605013186112,utm,0,0.0,0.0,0,0.0
65.05,56.16,49.899916375497185,8.900041040855767,0.2883944806022841,-0.7392169606207749,-9.204546344483006,492821.37369766214,5527507.834290231,2.96361877839081,-9.291795929893851,0,1,0.0,0.0,4,5,4,5,WP4->WP5,1,1.294112804367721,1.0165933157153306,10.216171162384322,1.085051354308971,utm,0,0.0,0.0,0,0.0
65.1,56.209999999999994,49.899916456333244,8.900041077430293,0.2884093011374954,-0.7365892872481828,-9.195555181546997,492821.37633628206,5527507.84327429,2.966227778350003,-9.282803223468363,0,1,0.0,0.0,4,5,4,5,WP4->WP5,1,1.2884452926405814,1.0075222549422242,10.218493120468834,1.0852979676168535,utm,0,0.0,0.0,0,0.0
65.15,56.260000000000005,49.899916531662974,8.90004111499506,0.28842646217805556,-0.7338904706627272,-9.18717647110074,492821.3790451999,5527507.851646048,2.9689090935862623,-9.274422584101558,0,1,0.0,0.0,4,5,4,5,WP4->WP5,1,1.2829685815771183,0.9989416263919227,10.220441808775853,1.0855049362407194,utm,0,0.0,0.0,0,0.0
65.2,56.31,49.89991660163486,8.900041151636906,0.2883449571369944,-0.7312579608288935,-9.17939369944126,492821.38168704236,5527507.859422192,2.9715252965688705,-9.266637777909636,0,1,0.0,0.0,4,5,4,5,WP4->WP5,1,1.2777967808737973,0.9909072733944705,10.222143842392839,1.0856857078675681,utm,0,0.0,0.0,0,0.0
65.25,56.36,49.89991666195061,8.90004118352437,0.28823483053777055,-0.7289670263733488,-9.172684950297674,492821.38398601295,5527507.866125201,2.9738021658849902,-9.25992722902447,0,1,0.0,0.0,4,5,4,5,WP4->WP5,1,1.2733439393202934,0.9839705961949802,10.223592325560393,1.0858395501043188,utm,0,0.0,0.0,0,0.0
65.3,56.41,49.899916713541664,8.900041213804412,0.2882393636849617,-0.7267915762289915,-9.166946625301053,492821.3861682507,5527507.871858327,2.97596549912123,-9.254186942242086,0,1,0.0,0.0,4,5,4,5,WP4->WP5,1,1.2693510653060607,0.9779272966370826,10.224645617526233,1.0859514194001492,utm,0,0.0,0.0,0,0.0
65.35,56.459999999999994,49.89991676256801,8.900041245643056,0.288204542620908,-0.724504149314961,-9.161493564971709,492821.3884620401,5527507.877306153,2.9782413235516287,-9.248731587082148,0,1,0.0,0.0,4,5,4,5,WP4->WP5,1,1.2653652065136247,0.9720722531507413,10.225457250171749,1.086037622253177,utm,0,0.0,0.0,0,0.0
65.4,56.510000000000005,49.899916810721976,8.900041276350155,0.28812046900404703,-0.7222980174987031,-9.156137537859196,492821.39067443734,5527507.882657093,2.980436075537,-9.243373385630548,0,1,0.0,0.0,4,5,4,5,WP4->WP5,1,1.2615032606718575,0.9663420809846947,10.226289347871038,1.0861259986831702,utm,0,0.0,0.0,0,0.0
65.45,56.56,49.899916865789784,8.90004130913646,0.28800967016447476,-0.7199425064523683,-9.150012502834006,492821.3930371802,5527507.888776534,2.9827786398818716,-9.237246192060411,0,1,0.0,0.0,4,5,4,5,WP4->WP5,1,1.257263045509953,0.9598744703814224,10.227384851381055,1.086242351233289,utm,0,0.0,0.0,0,0.0
65.5,56.61,49.89991692748125,8.900041349104397,0.28807755228092774,-0.7170710357174767,-9.143150738029961,492821.39591665973,5527507.895631722,2.985635513497982,-9.230381552129984,0,1,0.0,0.0,4,5,4,5,WP4->WP5,1,1.2523165142450594,0.95251037959146,10.228412066538885,1.0863514509322323,utm,0,0.0,0.0,0,0.0
65.55,56.66,49.89991699622775,8.90004139496461,0.2880240282072218,-0.7137762381330534,-9.135504261729794,492821.39922034414,5527507.903270743,2.9889140067389235,-9.222731685265899,0,1,0.0,0.0,4,5,4,5,WP4->WP5,1,1.246743456456993,0.9442557494897714,10.229475104421544,1.0864643553340798,utm,0,0.0,0.0,0,0.0
65.6,56.709999999999994,49.899917067999255,8.900041443166785,0.28799927462052594,-0.7103131838434511,-9.127521322622906,492821.40269266703,5527507.911245867,2.9923600298934616,-9.214745162986219,0,1,0.0,0.0,4,5,4,5,WP4->WP5,1,1.2409359309067247,0.9356260350183543,10.23056489998745,1.0865801016480277,utm,0,0.0,0.0,0,0.0
65.65,56.760000000000005,49.89991713965232,8.900041491481314,0.2879755787286337,-0.7068420575119055,-9.119551557686941,492821.40617304115,5527507.919207811,2.9958141476963647,-9.206771791912615,0,1,0.0,0.0,4,5,4,5,WP4->WP5,1,1.235158746191182,0.927003536098427,10.231641040959596,1.086694397718512,utm,0,0.0,0.0,0,0.0
65.7,56.81,49.89991721070308,8.900041539666264,0.2880220576027942,-0.7033802407652398,-9.111648785037449,492821.40964402014,5527507.927102802,2.999259091098793,-9.19886540621519,0,1,0.0,0.0,4,5,4,5,WP4->WP5,1,1.2294450382779585,0.9184433924797293,10.232691049878493,1.0868059183245566,utm,0,0.0,0.0,0,0.0
65.75,56.86,49.89991728307096,8.900041588409323,0.28801905494990127,-0.6998783269638048,-9.103599512352636,492821.4131552755,5527507.935144183,3.002743828226812,-9.19081249833107,0,1,0.0,0.0,4,5,4,5,WP4->WP5,1,1.2236834387535394,0.9097368301650194,10.233781230513,1.086921705536332,utm,0,0.0,0.0,0,0.0
65.8,56.91,49.89991735586192,8.900041638792898,0.288030351711459,-0.6962585513955406,-9.09550318268962,492821.4167844084,5527507.943232441,3.0063462877296843,-9.182712323963642,0,1,0.0,0.0,4,5,4,5,WP4->WP5,1,1.2178313687477194,0.9009297444529082,10.234794031420451,1.0870292743092909,utm,0,0.0,0.0,0,0.0
65.85,56.959999999999994,49.899917427257364,8.900041687927992,0.288002243120957,-0.6927284721021097,-9.087562071929185,492821.4203236738,5527507.951165666,3.009859391138889,-9.174767479300499,0,1,0.0,0.0,4,5,4,5,WP4->WP5,1,1.212146459557508,0.8923018450216285,10.235804874104183,1.0871366351008773,utm,0,0.0,0.0,0,0.0
65.9,57.010000000000005,49.89991749866642,8.900041739899239,0.28805195916465853,-0.6889946312429642,-9.079619447766406,492821.42406662146,5527507.95910013,3.0135761716519482,-9.166820724494755,0,1,0.0,0.0,4,5,4,5,WP4->WP5,1,1.206301532536887,0.8835688136251614,10.236641259756759,1.0872254669509538,utm,0,0.0,0.0,0,0.0
65.95,57.06,49.89991757002093,8.90004179765926,0.28807498289682926,-0.6848448996397087,-9.071682889240972,492821.4282252861,5527507.967027976,3.0177086886251345,-9.15887921769172,0,1,0.0,0.0,4,5,4,5,WP4->WP5,1,1.2000945929279228,0.8746290709381503,10.237116903352877,1.087275984676228,utm,0,0.0,0.0,0,0.0
66.0,57.11,49.89991764372424,8.90004186149267,0.28808305743886575,-0.6802588291829298,-9.063485081670375,492821.4328204641,5527507.975216385,3.0222768579842523,-9.15067571029067,0,1,0.0,0.0,4,5,4,5,WP4->WP5,1,1.1934316684197102,0.8652423163568773,10.237350437063856,1.087300788104572,utm,0,0.0,0.0,0,0.0
66.05,57.16,49.899917716860216,8.900041932244612,0.28811832425769407,-0.6751757013988332,-9.055350376397433,492821.43791241717,5527507.983341052,3.0273420097655617,-9.142534307204187,0,1,0.0,0.0,4,5,4,5,WP4->WP5,1,1.1863437090900062,0.8556565407316862,10.237124363225265,1.0872767769832978,utm,0,0.0,0.0,0,0.0
66.1,57.209999999999994,49.899917788740446,8.90004200351287,0.28811682924065635,-0.6700554792319496,-9.047355344222368,492821.44304126344,5527507.991326056,3.032444514799863,-9.13453244511038,0,1,0.0,0.0,4,5,4,5,WP4->WP5,1,1.1792919275594147,0.8461719732785079,10.236795217736567,1.0872418187046433,utm,0,0.0,0.0,0,0.0
66.15,57.260000000000005,49.8999178597708,8.900042073267453,0.2881206546215412,-0.6650440059113101,-9.039454841322625,492821.44806127815,5527507.99921671,3.037438499799464,-9.126625292003155,0,1,0.0,0.0,4,5,4,5,WP4->WP5,1,1.1724038955580725,0.8368241166155375,10.236511420587409,1.0872116768367999,utm,0,0.0,0.0,0,0.0
66.2,57.31,49.899917930671656,8.900042142221368,0.28815476348040536,-0.6600900561949312,-9.03156874227743,492821.453023773,5527508.007093045,3.0423750123591162,-9.118732646107674,0,1,0.0,0.0,4,5,4,5,WP4->WP5,1,1.1656094709461633,0.8275179573539264,10.236269752993264,1.0871860095152417,utm,0,0.0,0.0,0,0.0
66.25,57.36,49.899918002788155,8.90004220813243,0.28817883937991456,-0.655354718304261,-9.023547430390726,492821.45776792336,5527508.015104828,3.047092735359911,-9.110705272294581,0,1,0.0,0.0,4,5,4,5,WP4->WP5,1,1.1590284897558858,0.818206920606477,10.236284983966014,1.0871876271846548,utm,0,0.0,0.0,0,0.0
66.3,57.41,49.89991807438224,8.900042257222786,0.28813304173252224,-0.6518278531511675,-9.015584224946634,492821.46130400524,5527508.023060143,3.050602582457941,-9.102738348767161,0,1,0.0,0.0,4,5,4,5,WP4->WP5,1,1.1536716337877497,0.8095616585773271,10.237309849669025,1.087296477349884,utm,0,0.0,0.0,0,0.0
66.35,57.459999999999994,49.899918139480505,8.900042297683445,0.2880908237262933,-0.6489209830984863,-9.008343532214235,492821.4642193753,5527508.030294061,3.053494098363444,-9.095494863577187,0,1,0.0,0.0,4,5,4,5,WP4->WP5,1,1.149127863229595,0.8018536647800425,10.23849971504061,1.0874228519977207,utm,0,0.0,0.0,0,0.0
66.4,57.510000000000005,49.89991820111044,8.900042334551564,0.28804784067818834,-0.6462722167464742,-9.001488611328307,492821.46687622997,5527508.037142703,3.0561283699353226,-9.088637502864003,0,1,0.0,0.0,4,5,4,5,WP4->WP5,1,1.1449589434724203,0.7946089451768225,10.239714959957269,1.0875519221867063,utm,0,0.0,0.0,0,0.0
66.45,57.56,49.89991826323335,8.90004237163595,0.28801905071629635,-0.6436079128942168,-8.99457885702419,492821.4695486891,5527508.0440461375,3.058778065314982,-9.081725299358368,0,1,0.0,0.0,4,5,4,5,WP4->WP5,1,1.1407946336285517,0.7873091526663968,10.24094478531009,1.0876825409521351,utm,0,0.0,0.0,0,0.0
66.5,57.61,49.89991832545886,8.90004240897771,0.2880005856073226,-0.6409251181315225,-8.987657691708861,492821.47223964694,5527508.050960953,3.0614462217781693,-9.074801652692258,0,1,0.0,0.0,4,5,4,5,WP4->WP5,1,1.1366427416998763,0.7799901246915657,10.242164523870844,1.08781208840746,utm,0,0.0,0.0,0,0.0
66.55,57.66,49.89991838775944,8.900042446370094,0.28798819864285097,-0.6382386862917792,-8.980728176855882,492821.4749342515,5527508.057884112,3.0641179974772967,-9.067869652993977,0,1,0.0,0.0,4,5,4,5,WP4->WP5,1,1.132518903123222,0.772662061850458,10.243385390168351,1.0879417556388018,utm,0,0.0,0.0,0,0.0
66.6,57.709999999999994,49.89991845011878,8.900042483779174,0.28797995293506506,-0.6355510549402221,-8.973792125859454,492821.47763006383,5527508.064813802,3.066790959390346,-9.060931116342545,0,1,0.0,0.0,4,5,4,5,WP4->WP5,1,1.1284263669706334,0.7653277674130918,10.244608555291986,1.0880716670266248,utm,0,0.0,0.0,0,0.0
66.65,57.760000000000005,49.89991851251143,8.90004252122429,0.28797448007622506,-0.6328608346646671,-8.966852370954069,492821.480328469,5527508.07174719,3.069466501940042,-9.053988873027265,0,1,0.0,0.0,4,5,4,5,WP4->WP5,1,1.124364820685172,0.7579889690818225,10.245831381073112,1.088201542373152,utm,0,0.0,0.0,0,0.0
66.7,57.81,49.8999185749284,8.90004255870253,0.2879707411399499,-0.6301682345086669,-8.959909909754172,492821.48302925675,5527508.078683281,3.0721444181981497,-9.047043920494616,0,1,0.0,0.0,4,5,4,5,WP4->WP5,1,1.1203350907183898,0.750646630135329,10.247053539625716,1.0883313468538722,utm,0,0.0,0.0,0,0.0
66.75,57.86,49.899918637366376,8.900042596209449,0.2879681258547845,-0.6274735740357473,-8.952965112296896,492821.4857321071,5527508.085621703,3.074824389303103,-9.04009662847966,0,1,0.0,0.0,4,5,4,5,WP4->WP5,1,1.1163379743955573,0.7433012334878204,10.248275116143288,1.0884610895171183,utm,0,0.0,0.0,0,0.0
66.8,57.91,49.899918694668834,8.900042629027467,0.28788463277218745,-0.6251157845678345,-8.946591524108555,492821.4880974587,5527508.091989595,3.0771687436499633,-9.033720975741744,0,1,0.0,0.0,4,5,4,5,WP4->WP5,1,1.1128139861565893,0.7366187154281375,10.249495316822749,1.0885906860537005,utm,0,0.0,0.0,0,0.0
66.85,57.959999999999994,49.8999187446885,8.900042655724851,0.2880747244679148,-0.6231977281673188,-8.941027979748013,492821.490022172,5527508.0975483535,3.079075128363911,-9.028155906125903,0,1,0.0,0.0,4,5,4,5,WP4->WP5,1,1.1099003740772815,0.7308568825710576,10.250680894417382,1.0887166053001822,utm,0,0.0,0.0,0,0.0
66.9,58.010000000000005,49.899918776842526,8.900042670117179,0.28801689903505784,-0.6221637206518609,-8.937451580067028,492821.4910605381,5527508.1011219425,3.0801017126068473,-9.02457891497761,0,1,0.0,0.0,4,5,4,5,WP4->WP5,1,1.1082355162148303,0.7272544080671408,10.251614125454301,1.0888157230209405,utm,0,0.0,0.0,0,0.0
66.95,58.06,49.89991877228439,8.90004267310879,0.2879672637875295,-0.6219487903153845,-8.937958568436578,492821.49127470644,5527508.100614871,3.0803175507462583,-9.025085277855396,0,1,0.0,0.0,4,5,4,5,WP4->WP5,1,1.1081154758490144,0.7275808755918232,10.251170945295033,1.0887686532112855,utm,0,0.0,0.0,0,0.0
67.0,58.11,49.89991875982802,8.900042692094992,0.2880507962166652,-0.6205847387642757,-8.939344054673194,492821.4926363661,5527508.0992281195,3.0816837729071267,-9.026467534713447,0,1,0.0,0.0,4,5,4,5,WP4->WP5,1,1.1070253046429746,0.7280772557842906,10.249291902117266,1.0885690815408,utm,0,0.0,0.0,0,0.0
67.05,58.16,49.899918739388944,8.900042732999497,0.28803425922712067,-0.6176459808915766,-8.941617434040884,492821.49557092006,5527508.09695173,3.0846258124220185,-9.028734241612256,0,1,0.0,0.0,4,5,4,5,WP4->WP5,1,1.1045532812069692,0.7285347602491844,10.245606220721406,1.0881776282725881,utm,0,0.0,0.0,0,0.0
67.1,58.209999999999994,49.89991872656051,8.900042791132746,0.2880444091017267,-0.6134694349221441,-8.943044305003912,492821.49974389793,5527508.09551986,3.088803486141842,-9.030152351595461,0,1,0.0,0.0,4,5,4,5,WP4->WP5,1,1.1007148466774315,0.7276335516270593,10.241287445758555,1.087718934643839,utm,0,0.0,0.0,0,0.0
67.15,58.260000000000005,49.89991871717228,8.900042864515864,0.2880617584046919,-0.6081972719121259,-8.944088530686598,492821.5050125665,5527508.094469019,3.0940755890333094,-9.031185825355351,0,1,0.0,0.0,4,5,4,5,WP4->WP5,1,1.0957331496299647,0.7258449855104363,10.236221464431516,1.0871808808257855,utm,0,0.0,0.0,0,0.0
67.2,58.31,49.899918729472375,8.900042949889208,0.2878474579663308,-0.6020636788357344,-8.942720425582255,492821.5111455397,5527508.095828394,3.1002040492603555,-9.029806246981025,0,1,0.0,0.0,4,5,4,5,WP4->WP5,1,1.0894542352520205,0.7215429418224956,10.231643945333488,1.086694706189736,utm,0,0.0,0.0,0,0.0
67.25,58.36,49.89991878233214,8.900043034053747,0.28805351132130064,-0.596016931614306,-8.936840985545743,492821.51719771954,5527508.101697415,3.106236855732277,-9.023917313665152,0,1,0.0,0.0,4,5,4,5,WP4->WP5,1,1.0824234994887683,0.7134055726771747,10.229439969760088,1.0864606237098353,utm,0,0.0,0.0,0,0.0
67.3,58.41,49.8999188410268,8.900043078479271,0.2880496121538862,-0.5928252083263567,-8.930312546369372,492821.5203968791,5527508.108218985,3.109414507111069,-9.017385237850249,0,1,0.0,0.0,4,5,4,5,WP4->WP5,1,1.0781047586937738,0.7061649360585165,10.230021925887486,1.086522432803883,utm,0,0.0,0.0,0,0.0
67.35,58.459999999999994,49.89991890531599,8.90004310655432,0.2880197939917725,-0.5908081745256589,-8.923161844120324,492821.52242264745,5527508.115364133,3.111416718631517,-9.010233452543616,0,1,0.0,0.0,4,5,4,5,WP4->WP5,1,1.0748670553291158,0.6989877702694349,10.231931160958958,1.0867252111312098,utm,0,0.0,0.0,0,0.0
67.4,58.510000000000005,49.89991896991772,8.900043136198306,0.2880046791431447,-0.5886784213274293,-8.9159763788992,492821.52456113667,5527508.122543882,3.1135315364808775,-9.003046696074307,0,1,0.0,0.0,4,5,4,5,WP4->WP5,1,1.0715541589408202,0.6917232698843223,10.233761176112617,1.0869195755745342,utm,0,0.0,0.0,0,0.0
67.45,58.56,49.89991903445787,8.900043165854473,0.28799402644277944,-0.5865477930305182,-8.908797763256416,492821.5267004914,5527508.129716782,3.115647242288105,-8.995866783894598,0,1,0.0,0.0,4,5,4,5,WP4->WP5,1,1.068283755112438,0.6844642140246999,10.235586948446155,1.0871134893913328,utm,0,0.0,0.0,0,0.0
67.5,58.61,49.89991907881952,8.900043186682389,0.28802099723319047,-0.5850514248231143,-8.903863543097758,492821.52820284513,5527508.13464703,3.117133341031149,-8.990931611508131,0,1,0.0,0.0,4,5,4,5,WP4->WP5,1,1.0660290219926682,0.6794584579197349,10.236814475529593,1.087243864059412,utm,0,0.0,0.0,0,0.0
67.55,58.66,49.89991909866475,8.9000432016353,0.28808505259122374,-0.5839771424765331,-8.901656215004332,492821.52927964367,5527508.136852043,3.1182028673938476,-8.98872306291014,0,1,0.0,0.0,4,5,4,5,WP4->WP5,1,1.0646269793139935,0.6770128102727118,10.23701542878407,1.0872652071435729,utm,0,0.0,0.0,0,0.0
67.6,58.709999999999994,49.89991912355345,8.900043228150285,0.28795624297287953,-0.5820721904777698,-8.898887916279321,492821.53118752904,5527508.139616691,3.1201016319100745,-8.985952142626047,0,1,0.0,0.0,4,5,4,5,WP4->WP5,1,1.0623230070945708,0.6736614626913683,10.236787890738098,1.0872410405100061,utm,0,0.0,0.0,0,0.0
67.65,58.760000000000005,49.89991914025611,8.900043272591404,0.28791597413929915,-0.5788793468031608,-8.897030127524681,492821.53438157815,5527508.141469478,3.1232895581051707,-8.984088840894401,0,1,0.0,0.0,4,5,4,5,WP4->WP5,1,1.0588879509031006,0.6704368400740963,10.234988841329084,1.0870499649136118,utm,0,0.0,0.0,0,0.0
67.7,58.81,49.89991913962538,8.900043338412644,0.28797542693852674,-0.5741504620793028,-8.897100281753682,492821.5391084844,5527508.141393044,3.128016690548975,-8.984149696305394,0,1,0.0,0.0,4,5,4,5,WP4->WP5,1,1.0542253313259986,0.6680874488378038,10.23088642184712,1.086614250227151,utm,0,0.0,0.0,0,0.0
67.75,58.86,49.89991913265493,8.900043422451043,0.28810439975039215,-0.5681127772404578,-8.897875585250295,492821.5451427283,5527508.140609997,3.1340534821501933,-8.984912854619324,0,1,0.0,0.0,4,5,4,5,WP4->WP5,1,1.0483773650360213,0.6656775282234837,10.225299155579481,1.0860208311531923,utm,0,0.0,0.0,0,0.0
67.8,58.91,49.899919146106846,8.900043512565864,0.2878489422780603,-0.5616385358262941,-8.896379366640161,492821.551616385,5527508.14209698,3.140522203524597,-8.983404547907412,0,1,0.0,0.0,4,5,4,5,WP4->WP5,1,1.0417534614477735,0.66109172653781,10.220493974011474,1.0855104766686017,utm,0,0.0,0.0,0,0.0
67.85,58.959999999999994,49.89991920456232,8.900043596746906,0.28804139009853186,-0.5555906028761431,-8.88987753193077,492821.55767058005,5527508.148588145,3.1465549750137143,-8.976893465965986,0,1,0.0,0.0,4,5,4,5,WP4->WP5,1,1.0348051212726945,0.652418516354006,10.218606135622633,1.0853099708657945,utm,0,0.0,0.0,0,0.0
67.9,59.010000000000005,49.89991927016948,8.900043650297459,0.28787869897074014,-0.5517432978220462,-8.882580235545179,492821.5615260856,5527508.155877388,3.150386439054273,-8.969591557979584,0,1,0.0,0.0,4,5,4,5,WP4->WP5,1,1.0299522973199011,0.6441826246857725,10.21901610389442,1.0853535132674885,utm,0,0.0,0.0,0,0.0
67.95,59.06,49.899919336278,8.900043671600887,0.2880319260221715,-0.5502127666911982,-8.875227173927051,492821.563065815,5527508.1632254645,3.151901945588179,-8.962238447740674,0,1,0.0,0.0,4,5,4,5,WP4->WP5,1,1.0274304462979071,0.6370793466347155,10.221446831149272,1.0856116788618106,utm,0,0.0,0.0,0,0.0
68.0,59.11,49.899919402978036,8.900043692548012,0.2880094052946306,-0.5487078339515765,-8.867808319989901,492821.5645800441,5527508.170639342,3.153391735162586,-8.954819620586932,0,1,0.0,0.0,4,5,4,5,WP4->WP5,1,1.024974438558019,0.6299325333676393,10.223933098366164,1.0858757433110042,utm,0,0.0,0.0,0,0.0
68.05,59.16,49.89991946915397,8.900043713140459,0.2879952107460007,-0.547228382829768,-8.860447760697804,492821.5660687239,5527508.1779949805,3.154856167442631,-8.94745911564678,0,1,0.0,0.0,4,5,4,5,WP4->WP5,1,1.0226007895825433,0.6228488370827889,10.226411572959556,1.086138980111899,utm,0,0.0,0.0,0,0.0
68.1,59.209999999999994,49.89991953531132,8.900043733551325,0.2879868594343532,-0.545761977276331,-8.853089268094928,492821.56754436065,5527508.185348573,3.15630756347673,-8.940100700594485,0,1,0.0,0.0,4,5,4,5,WP4->WP5,1,1.0202900116673774,0.6157735637166205,10.22890021428037,1.0864032967127681,utm,0,0.0,0.0,0,0.0
68.15,59.260000000000005,49.89991960145101,8.900043753954856,0.2879826224580999,-0.544296098670897,-8.845732739589714,492821.56901946786,5527508.192700201,3.1577584364567883,-8.932744251564145,0,1,0.0,0.0,4,5,4,5,WP4->WP5,1,1.018029978319926,0.6087002501344341,10.231388306771361,1.0866675550228615,utm,0,0.0,0.0,0,0.0
68.2,59.31,49.89991966760658,8.90004377431259,0.28797860421673216,-0.5428335103956667,-8.838374445094672,492821.57049128856,5527508.200053599,3.1592060171533376,-8.925386043265462,0,1,0.0,0.0,4,5,4,5,WP4->WP5,1,1.0158233631522513,0.601627093800205,10.23388012900306,1.0869322094657272,utm,0,0.0,0.0,0,0.0
68.25,59.36,49.899919713179905,8.900043788998499,0.28798311400425286,-0.541778410666516,-8.833305454299488,492821.5715527294,5527508.205119154,3.1602507594507188,-8.92031701747328,0,1,0.0,0.0,4,5,4,5,WP4->WP5,1,1.0142854069691787,0.5967302977329543,10.235555807776118,1.087110181965717,utm,0,0.0,0.0,0,0.0
68.3,59.41,49.89991973361537,8.900043795210419,0.2880995669724257,-0.541332119272424,-8.831032476100162,492821.5720018748,5527508.207390627,3.160692417062819,-8.91804407723248,0,1,0.0,0.0,4,5,4,5,WP4->WP5,1,1.0136302992596424,0.5945482031129865,10.236330263623579,1.0871924363008083,utm,0,0.0,0.0,0,0.0
68.35,59.459999999999994,49.899919756069686,8.900043801761653,0.28800889849757044,-0.5408614500564204,-8.828534946916768,492821.57247568795,5527508.209886529,3.161158002796583,-8.91554662771523,0,1,0.0,0.0,4,5,4,5,WP4->WP5,1,1.0129357122186686,0.5921605801342645,10.237198180963103,1.0872846171060935,utm,0,0.0,0.0,0,0.0
68.4,59.510000000000005,49.89991977326087,8.900043813826297,0.28798557355500454,-0.5399946734268033,-8.826622820721049,492821.57334466965,5527508.211796733,3.1620206849765964,-8.913633570075035,0,1,0.0,0.0,4,5,4,5,WP4->WP5,1,1.0119036331659972,0.5900745359788563,10.23742715380978,1.0873089361286936,utm,0,0.0,0.0,0,0.0
68.45,59.56,49.899919776413704,8.900043837218355,0.2881544401183277,-0.5383140860353248,-8.826272140139634,492821.57502505486,5527508.212145031,3.163699913304299,-8.913279736414552,0,1,0.0,0.0,4,5,4,5,WP4->WP5,1,1.0101994969833434,0.5889165784063731,10.236160607024726,1.0871744172093671,utm,0,0.0,0.0,0,0.0
68.5,59.61,49.899919794651986,8.900043853612164,0.2882194280761263,-0.5371362833561178,-8.824243548471204,492821.5762050941,5527508.21417124,3.1648732690955512,-8.911249649710953,0,1,0.0,0.0,4,5,4,5,WP4->WP5,1,1.0088513725637016,0.5865718866287021,10.236181456649538,1.0871766316313145,utm,0,0.0,0.0,0,0.0
68.55,59.66,49.89991984640556,8.90004385191605,0.28809280979363966,-0.5372581395394025,-8.818487146842308,492821.57609096507,5527508.2199255,3.1647401783266105,-8.905495796352625,0,1,0.0,0.0,4,5,4,5,WP4->WP5,1,1.0084974070236739,0.5816836909797699,10.23921956146484,1.0874993063097216,utm,0,0.0,0.0,0,0.0
68.6,59.709999999999994,49.89991990539345,8.90004384872563,0.28798331051767995,-0.5374873532424292,-8.811926092041269,492821.57587059465,5527508.226484235,3.164498195750639,-8.898937824182212,0,1,0.0,0.0,4,5,4,5,WP4->WP5,1,1.0082239248418798,0.5761582301302501,10.242760020378713,1.0878753356144693,utm,0,0.0,0.0,0,0.0
68.65,59.760000000000005,49.899919971255216,8.900043856027219,0.28793728646398525,-0.5369627752931225,-8.804600476848412,492821.5764047352,5527508.233806219,3.1650082049309276,-8.891614119522274,0,1,0.0,0.0,4,5,4,5,WP4->WP5,1,1.0071904839020576,0.569591162849847,10.246041845627015,1.088223895644805,utm,0,0.0,0.0,0,0.0
68.7,59.81,49.89992003850446,8.900043868586552,0.2879502548265257,-0.536060458069029,-8.797120535653283,492821.5773166705,5527508.241281961,3.1658955000457354,-8.884135412983596,0,1,0.0,0.0,4,5,4,5,WP4->WP5,1,1.0058235383538718,0.5626988959910617,10.24907746814135,1.0885463066800152,utm,0,0.0,0.0,0,0.0
68.75,59.86,49.8999201055461,8.900043880360338,0.2879539525786185,-0.53521457800978,-8.78966368604873,492821.5781721602,5527508.248734698,3.1667264256975614,-8.87667989730835,0,1,0.0,0.0,5,6,5,6,WP5->WP6,1,0.13743857577366242,-0.13743857590505956,0.9951225852488286,0.057175794754503954,utm,0,0.0,0.0,0,0.0
68.8,59.91,49.899920152368644,8.900043888676572,0.2879434405266765,-0.5346171034597159,-8.784455748786902,492821.57877634355,5527508.2539397525,3.1673134532757103,-8.871472880244255,0,1,0.0,0.0,5,6,5,6,WP5->WP6,1,0.14244003665735538,-0.14244003691187884,0.9935595687884147,0.05708599003128366,utm,0,0.0,0.0,0,0.0
68.85,59.959999999999994,49.89992016468583,8.900043890163039,0.287985891964745,-0.5345103092600235,-8.783085743262415,492821.5788849226,5527508.255309067,3.167417519376613,-8.870103215798736,0,1,0.0,0.0,5,6,5,6,WP5->WP6,1,0.1437651713806704,-0.1437651712428005,0.9931978645143562,0.05706520793906512,utm,0,0.0,0.0,0,0.0
68.9,60.010000000000005,49.8999201644972,8.900043886998636,0.28797220319176015,-0.5347376536950923,-8.783106724297035,492821.5786576408,5527508.2552884,3.167190306878183,-8.870124630630016,0,1,0.0,0.0,5,6,5,6,WP5->WP6,1,0.14378719507677598,-0.1437871954647957,0.9934250188343372,0.057078259324863566,utm,0,0.0,0.0,0,0.0
68.95,60.06,49.89992015929489,8.90004387122554,0.2880625463378423,-0.5358708616926184,-8.783685361902197,492821.5775241127,5527508.254711505,3.1660586860380135,-8.870705258101225,0,1,0.0,0.0,5,6,5,6,WP5->WP6,1,0.14343150607477195,-0.14343150568891316,0.9946461569117486,0.05714842107288934,utm,0,0.0,0.0,0,0.0
69.0,60.11,49.89992015847832,8.900043837968061,0.28780009656078825,-0.5382602238837656,-8.783776187976091,492821.5751355818,5527508.254623901,3.163670456793625,-8.870800732634962,0,1,0.0,0.0,5,6,5,6,WP5->WP6,1,0.14379028144933317,-0.14379028122669782,0.9970092131081706,0.05728419290450363,utm,0,0.0,0.0,0,0.0
69.05,60.16,49.899920158714394,8.90004380141274,0.28813687818689665,-0.5408865174157648,-8.783749929490293,492821.57251037017,5527508.254653653,3.1610451613669284,-8.870779631659389,0,1,0.0,0.0,5,6,5,6,WP5->WP6,1,0.14430843985583908,-0.14430843950734681,0.9995829522489074,0.05743206974203476,utm,0,0.0,0.0,0,0.0
69.1,60.209999999999994,49.89992017148424,8.900043756152527,0.2881378145166393,-0.5441382083818918,-8.782329576274984,492821.5692618701,5527508.256077776,3.157791985955555,-8.869366222061217,0,1,0.0,0.0,5,6,5,6,WP5->WP6,1,0.14631265545704547,-0.1463126550941584,1.0025093831259042,0.05760021084712743,utm,0,0.0,0.0,0,0.0
69.15,60.260000000000005,49.899920216722904,8.900043694886106,0.28799407137718447,-0.5485398550777859,-8.777297809234183,492821.56486869,5527508.2611134,3.1533822355559096,-8.864345101639628,0,1,0.0,0.0,5,6,5,6,WP5->WP6,1,0.1520783723884888,-0.1520783726883655,1.0058878503012512,0.05779432416408543,utm,0,0.0,0.0,0,0.0
69.2,60.31,49.89992027845919,8.900043634081912,0.2879851531672291,-0.552908293329314,-8.770431058480485,492821.5605111528,5527508.26798323,3.149002083519008,-8.857489668764174,0,1,0.0,0.0,5,6,5,6,WP5->WP6,1,0.15963956622118788,-0.15963956658858622,1.00888969041642,0.05796679798475328,utm,0,0.0,0.0,0,0.0
69.25,60.36,49.89992033932786,8.900043596269294,0.2880288697209335,-0.5556249166478653,-8.763660810297639,492821.5578046434,5527508.274754391,3.1462732754298486,-8.850727463141084,0,1,0.0,0.0,5,6,5,6,WP5->WP6,1,0.1667963258555403,-0.16679632578731204,1.010287765895894,0.05804712585375217,utm,0,0.0,0.0,0,0.0
69.3,60.41,49.89992040107148,8.900043587833764,0.2879397464308263,-0.5562309618559658,-8.756793244471712,492821.5572080006,5527508.281620016,3.145654011226725,-8.843863842077553,0,1,0.0,0.0,5,6,5,6,WP5->WP6,1,0.17365294865480846,-0.17365294877592302,1.0095952962941603,0.058007339298397735,utm,0,0.0,0.0,0,0.0
69.35,60.459999999999994,49.899920463631624,8.900043589385259,0.2879976324123001,-0.5561194956987798,-8.749834858939645,492821.5573287043,5527508.288575469,3.1457517935778014,-8.836908030323684,0,1,0.0,0.0,5,6,5,6,WP5->WP6,1,0.18046422638865425,-0.18046422650238375,1.0081813014946215,0.05792609676844133,utm,0,0.0,0.0,0,0.0
69.4,60.510000000000005,49.89992052926847,8.900043588567524,0.2880125291130683,-0.556178245360067,-8.742534260520987,492821.55727971654,5527508.295873223,3.1456787574570626,-8.829610476270318,0,1,0.0,0.0,5,6,5,6,WP5->WP6,1,0.1876434211076678,-0.18764342105395448,1.006870277835987,0.057850770551615846,utm,0,0.0,0.0,0,0.0
69.45,60.56,49.89992059088454,8.900043590069282,0.28795545933376687,-0.5560703524693218,-8.735680881338522,492821.55739670823,5527508.302723714,3.1457731737173162,-8.822759636677802,0,1,0.0,0.0,5,6,5,6,WP5->WP6,1,0.19435226515331108,-0.19435226554484625,1.0054794782811491,0.05777086072837313,utm,0,0.0,0.0,0,0.0
69.5,60.61,49.899920638238,8.900043610776816,0.2880718098023949,-0.5545826330241388,-8.730413891669178,492821.5588908604,5527508.307986611,3.147249974659644,-8.817491845227778,0,1,0.0,0.0,5,6,5,6,WP5->WP6,1,0.1992448057802796,-0.19924480589171303,1.0030312915225374,0.05763019763248323,utm,0,0.0,0.0,0,0.0
69.55,60.66,49.899920673078825,8.900043653381534,0.2881669837487427,-0.5515217244183875,-8.726538647028933,492821.5619557181,5527508.311856223,3.150302063964773,-8.813612153753638,0,1,0.0,0.0,5,6,5,6,WP5->WP6,1,0.20247590739009966,-0.20247590715181202,0.9992993698058266,0.05741577622020949,utm,0,0.0,0.0,0,0.0
69.6,60.709999999999994,49.89992070843123,8.900043705208567,0.2882024493526324,-0.5477982444877034,-8.722606500158694,492821.5656829589,5527508.315781828,3.1540163483587094,-8.809674287214875,0,1,0.0,0.0,5,6,5,6,WP5->WP6,1,0.20563865638858825,-0.20563865670183246,0.9949062260383177,0.05716336361285689,utm,0,0.0,0.0,0,0.0
69.65,60.760000000000005,49.89992074822601,8.900043761904717,0.2875142590290209,-0.5437249459967354,-8.718180240513023,492821.5697605379,5527508.320200884,3.1580793428001925,-8.805241818539798,0,1,0.0,0.0,5,6,5,6,WP5->WP6,1,0.2092209757041408,-0.2092209757730827,0.9900769720519619,0.05688589384296698,utm,0,0.0,0.0,0,0.0
69.7,60.81,49.899920791427526,8.9000438213473,0.2879994324843007,-0.5394543318324558,-8.713375060014279,492821.5740358593,5527508.324998443,3.1623388314037584,-8.800430197268724,0,1,0.0,0.0,5,6,5,6,WP5->WP6,1,0.21313834805943446,-0.21313834779963783,0.984982941783934,0.056593211078656926,utm,0,0.0,0.0,0,0.0
69.75,60.86,49.89992083602484,8.900043883685521,0.28779195496087584,-0.5349756823231637,-8.708414628066668,492821.5785193404,5527508.329950915,3.166805967979599,-8.795462977141142,0,1,0.0,0.0,5,6,5,6,WP5->WP6,1,0.2171691536707736,-0.21716915367718542,0.979655542576746,0.05628711986119218,utm,0,0.0,0.0,0,0.0
69.8,60.91,49.89992087950446,8.900043949948966,0.2881083329735965,-0.5302150277012919,-8.70357851515231,492821.5832845482,5527508.334778742,3.1715552405221388,-8.790619472973049,0,1,0.0,0.0,5,6,5,6,WP5->WP6,1,0.22102502673938731,-0.22102502629205892,0.9740745599056281,0.055966458744197735,utm,0,0.0,0.0,0,0.0
69.85,60.959999999999994,49.89992092792156,8.900044019160942,0.2881404394182405,-0.5252425376850651,-8.698193219022459,492821.5882622394,5527508.340155249,3.1765151871950366,-8.785226591862738,0,1,0.0,0.0,5,6,5,6,WP5->WP6,1,0.22538040626617878,-0.22538040586431146,0.9681826237328185,0.05562793147296817,utm,0,0.0,0.0,0,0.0
69.9,61.010000000000005,49.89992099629995,8.900044091441845,0.2881149334174,-0.5200495626189139,-8.690587687366303,492821.59346328955,5527508.347750811,3.1816911790519953,-8.777613932266831,0,1,0.0,0.0,5,6,5,6,WP5->WP6,1,0.23187441560748218,-0.23187441523210378,0.9616579537384031,0.05525304982725787,utm,0,0.0,0.0,0,0.0
69.95,61.06,49.89992106638766,8.900044158846873,0.28808247737673354,-0.515206891711775,-8.682792031622368,492821.59831442864,5527508.3555368865,3.186516633955762,-8.769811912439764,0,1,0.0,0.0,5,6,5,6,WP5->WP6,1,0.2386207740143329,-0.23862077387435288,0.9554415907685907,0.05489588227971134,utm,0,0.0,0.0,0,0.0
70.0,61.11,49.89992114179984,8.900044225355876,0.28808496456286664,-0.5104285951157983,-8.674404150906005,492821.60310200916,5527508.363915035,3.1912765795132145,-8.761418033391237,0,1,0.0,0.0,5,6,5,6,WP5->WP6,1,0.24596068359367226,-0.24596068328897516,0.9491774050888877,0.0545359670290317,utm,0,0.0,0.0,0,0.0
70.05,61.16,49.89992121833296,8.90004428935986,0.28811236595524653,-0.5058302699593266,-8.665891590317122,492821.60770985624,5527508.372418055,3.195856381149497,-8.752899874001741,0,1,0.0,0.0,5,6,5,6,WP5->WP6,1,0.25345675431103964,-0.25345675462398926,0.9430665515522221,0.05418486163481551,utm,0,0.0,0.0,0,0.0
70.1,61.209999999999994,49.89992129647584,8.900044350963757,0.288115866357502,-0.5014043775294798,-8.65719998269846,492821.61214557814,5527508.381100279,3.200263467966579,-8.744203080423176,0,1,0.0,0.0,5,6,5,6,WP5->WP6,1,0.26116095131823086,-0.2611609508784349,0.9370914363322205,0.05384155522561779,utm,0,0.0,0.0,0,0.0
70.15,61.260000000000005,49.89992137574211,8.9000444054653,0.28811813662419533,-0.4974887491809187,-8.64838342210148,492821.61607140605,5527508.389908089,3.2041602497338317,-8.735382380895317,0,1,0.0,0.0,5,6,5,6,WP5->WP6,1,0.2690834997852416,-0.2690834999941234,0.9315939043652391,0.0535256888549215,utm,0,0.0,0.0,0,0.0
70.2,61.31,49.899921449229915,8.90004443738209,0.2881167648584305,-0.49519570782671085,-8.640209584163676,492821.6183744365,5527508.398075596,3.206436352862511,-8.727207329124212,0,1,0.0,0.0,5,6,5,6,WP5->WP6,1,0.2766791832298759,-0.27667918348007287,0.9278100287936268,0.05330828238031618,utm,0,0.0,0.0,0,0.0
70.25,61.36,49.8999215267551,8.900044464216377,0.2881715836620896,-0.493267815786661,-8.631586679634134,492821.62031306216,5527508.406692477,3.2083465723553672,-8.718584106303751,0,1,0.0,0.0,5,6,5,6,WP5->WP6,1,0.2847842455538326,-0.28478424578045436,0.924300489751068,0.05310663819400713,utm,0,0.0,0.0,0,0.0
70.3,61.41,49.89992160701586,8.900044495891306,0.2882055276386445,-0.49099215082680653,-8.622659504820808,492821.622599728,5527508.415613044,3.2106038293568417,-8.709656052291393,0,1,0.0,0.0,5,6,5,6,WP5->WP6,1,0.29312286090233414,-0.293122861314658,0.920392440467328,0.05288209719066759,utm,0,0.0,0.0,0,0.0
70.35,61.459999999999994,49.899921676987404,8.900044530330886,0.28812156871129146,-0.488517861310444,-8.61487677066031,492821.6250834126,5527508.423389361,3.213061874790583,-8.701871593482792,0,1,0.0,0.0,5,6,5,6,WP5->WP6,1,0.30030055411643697,-0.30030055367727115,0.9165039278126588,0.05265867868450629,utm,0,0.0,0.0,0,0.0
70.4,61.510000000000005,49.8999217305573,8.90004457394982,0.288011285329755,-0.4853840869882697,-8.608918344323067,492821.62822388555,5527508.429341223,3.216182717180345,-8.695909414440393,0,1,0.0,0.0,5,6,5,6,WP5->WP6,1,0.30556339004263766,-0.3055633897344621,0.9123099098930285,0.052417707058171906,utm,0,0.0,0.0,0,0.0
70.45,61.56,49.899921795910615,8.900044637314938,0.2880168754544262,-0.48083166080231116,-8.601649282548914,492821.63278419327,5527508.436601303,3.2207190755871125,-8.688634347170591,0,1,0.0,0.0,5,6,5,6,WP5->WP6,1,0.3118471203620439,-0.31184712050217506,0.9064772528324563,0.05208258572949128,utm,0,0.0,0.0,0,0.0
70.5,61.61,49.89992188568344,8.900044713257913,0.2880637445157772,-0.47537558655821355,-8.59166410860578,492821.63825141167,5527508.446575202,3.226153396826703,-8.678642485290766,0,1,0.0,0.0,5,6,5,6,WP5->WP6,1,0.3206282842753477,-0.3206282839571459,0.8992481231524142,0.05166722862578689,utm,0,0.0,0.0,0,0.0
70.55,61.66,49.89992200489251,8.90004479025739,0.28803776153771593,-0.4698436085746344,-8.57840482489464,492821.64379887085,5527508.459821799,3.231657173659187,-8.665377679280937,0,1,0.0,0.0,5,6,5,6,WP5->WP6,1,0.33260994094222096,-0.33260994053548076,0.8913306402492656,0.051212321477508746,utm,0,0.0,0.0,0,0.0
70.6,61.709999999999994,49.899922143986906,8.90004485223495,0.2880207855338615,-0.46539087051141254,-8.562933753541236,492821.64827047073,5527508.475280738,3.2360778066213243,-8.649904088117182,0,1,0.0,0.0,5,6,5,6,WP5->WP6,1,0.34696560328098563,-0.346965603275572,0.8840581601871975,0.05079447363288259,utm,0,0.0,0.0,0,0.0
70.65,61.760000000000005,49.89992230517437,8.900044887221384,0.288024509042702,-0.46287729267593,-8.545005333518233,492821.65080696135,5527508.493198629,3.238555237709079,-8.631977936252952,0,1,0.0,0.0,5,6,5,6,WP5->WP6,1,0.3640975944284421,-0.36409759429735594,0.8782289703653441,0.05045955151797954,utm,0,0.0,0.0,0,0.0
70.7,61.81,49.899922493455854,8.900044889959164,0.28804767118317565,-0.4626805986455638,-8.524063323311042,492821.65103151166,5527508.514131994,3.2387108039692976,-8.611043945886195,0,1,0.0,0.0,5,6,5,6,WP5->WP6,1,0.38462288364156044,-0.3846228834185041,0.8741096599411816,0.0502228722878693,utm,0,0.0,0.0,0,0.0
70.75,61.86,49.89992270440719,8.900044856169647,0.2881021840785996,-0.4651081847948854,-8.500599810750023,492821.6486361914,5527508.5375893535,3.2362381964339875,-8.587594605982304,0,1,0.0,0.0,5,6,5,6,WP5->WP6,1,0.4081159382359871,-0.408115938247911,0.8720943064287695,0.050107078072672555,utm,0,0.0,0.0,0,0.0
70.8,61.91,49.899922932201406,8.900044784384567,0.28811114546346284,-0.470265537716603,-8.47526291198012,492821.6435146918,5527508.56292299,3.2310332414344884,-8.562277984805405,0,1,0.0,0.0,5,6,5,6,WP5->WP6,1,0.43396017380106156,-0.43396017348919286,0.8724079912155781,0.05012510115571181,utm,0,0.0,0.0,0,0.0
70.85,61.959999999999994,49.89992316501143,8.900044684370751,0.2881102370520252,-0.4774509660990484,-8.449368119617802,492821.6363666693,5527508.588817003,3.223799927858636,-8.536407667212188,0,1,0.0,0.0,5,6,5,6,WP5->WP6,1,0.46073240600355697,-0.4607324063550664,0.8746083761766833,0.05025152654368106,utm,0,0.0,0.0,0,0.0
70.9,62.010000000000005,49.89992339249672,8.900044578029966,0.28810439369105784,-0.4850909515189146,-8.424065582651613,492821.62876348116,5527508.614119601,3.21611340000527,-8.511130261234939,0,1,0.0,0.0,5,6,5,6,WP5->WP6,1,0.48700834324042064,-0.487008343125226,0.8773661099239205,0.05040997498114686,utm,0,0.0,0.0,0,0.0
70.95,62.06,49.89992361656234,8.90004447348072,0.28812090830618775,-0.49260222494374584,-8.399143405650406,492821.6212884464,5527508.639041823,3.2085562783759087,-8.486232807859778,0,1,0.0,0.0,5,6,5,6,WP5->WP6,1,0.5128866911623634,-0.5128866910484893,0.8800687748179813,0.05056525938084158,utm,0,0.0,0.0,0,0.0
71.0,62.11,49.89992383937764,8.900044369798652,0.2881657782914322,-0.5000511966259711,-8.37436029751818,492821.6138755032,5527508.6638249485,3.201061706233304,-8.461474245414138,0,1,0.0,0.0,5,6,5,6,WP5->WP6,1,0.5386168119551459,-0.5386168117944472,0.8827363403424324,0.05071852711004509,utm,0,0.0,0.0,0,0.0
71.05,62.16,49.899924061368154,8.90004426520172,0.28818029952561725,-0.5075658960423591,-8.349668928878467,492821.6063967361,5527508.688516456,3.1935016125789843,-8.43680751696229,0,1,0.0,0.0,5,6,5,6,WP5->WP6,1,0.5642691768503659,-0.5642691768014847,0.885485641219213,0.050876491028239025,utm,0,0.0,0.0,0,0.0
71.1,62.209999999999994,49.89992428064014,8.900044158275588,0.2881722348657122,-0.5152479353331069,-8.325279933640031,492821.5987502925,5527508.712905937,3.185774838551879,-8.412443365901709,0,1,0.0,0.0,5,6,5,6,WP5->WP6,1,0.5896560290854055,-0.5896560286347061,0.8884559351049601,0.05104715232775075,utm,0,0.0,0.0,0,0.0
71.15,62.260000000000005,49.89992449431498,8.900044048931013,0.2881873680092456,-0.5231037260605097,-8.301513492975799,492821.59092933644,5527508.736673343,3.177875602967106,-8.388701861724257,0,1,0.0,0.0,5,6,5,6,WP5->WP6,1,0.6144641914445945,-0.6144641910881735,0.8917135451316887,0.0512343216725525,utm,0,0.0,0.0,0,0.0
71.2,62.31,49.89992470204403,8.900043932171663,0.28815625700795855,-0.5314922266335135,-8.278408385786644,492821.5825750008,5527508.759780392,3.1694451668299735,-8.365622469224036,0,1,0.0,0.0,5,6,5,6,WP5->WP6,1,0.6387228879255138,-0.6387228883598316,0.895618189329731,0.051458667033180416,utm,0,0.0,0.0,0,0.0
71.25,62.36,49.89992490085503,8.900043805041957,0.2881339895296934,-0.5406257787198389,-8.256295208057304,492821.5734745877,5527508.781896901,3.1602719214279205,-8.343536069616675,0,1,0.0,0.0,5,6,5,6,WP5->WP6,1,0.6621473282221437,-0.662147328151594,0.900440338394334,0.05173572858246123,utm,0,0.0,0.0,0,0.0
71.3,62.41,49.89992508048648,8.900043674573746,0.28816344058111193,-0.5499991835242831,-8.236315315618633,492821.5641315719,5527508.801881301,3.150863100774586,-8.323582566343248,0,1,0.0,0.0,5,6,5,6,WP5->WP6,1,0.6835221453355136,-0.6835221455032913,0.9058979355331245,0.052049300456405004,utm,0,0.0,0.0,0,0.0
71.35,62.459999999999994,49.8999252350921,8.900043545028431,0.28816094657462143,-0.5593062834914235,-8.219118975500622,492821.5548511215,5527508.819083173,3.1415260145440698,-8.30641136970371,0,1,0.0,0.0,5,6,5,6,WP5->WP6,1,0.7021514661724921,-0.7021514660316349,0.9118122878542797,0.05238911567056341,utm,0,0.0,0.0,0,0.0
71.4,62.510000000000005,49.89992536465907,8.900043409693717,0.28814941449322123,-0.569029319125342,-8.204707612664617,492821.54515118647,5527508.833501736,3.131778617913369,-8.292024849914014,0,1,0.0,0.0,5,6,5,6,WP5->WP6,1,0.7181243011870542,-0.7181243012926537,0.9186571566456359,0.052782394668485284,utm,0,0.0,0.0,0,0.0
71.45,62.56,49.89992546536953,8.900043270294688,0.2881220594655849,-0.5790443528683343,-8.193505876911882,492821.5351550883,5527508.844712348,3.1217456310987473,-8.280847240239382,0,1,0.0,0.0,5,6,5,6,WP5->WP6,1,0.7310004715137842,-0.7310004710754773,0.9263904646277207,0.053226719856669505,utm,0,0.0,0.0,0,0.0
71.5,62.61,49.89992553159881,8.90004314571392,0.2879736961914669,-0.5879947782081982,-8.186139383582644,492821.52621805825,5527508.852087832,3.1127843447611667,-8.273501246236265,0,1,0.0,0.0,5,6,5,6,WP5->WP6,1,0.7399113698505569,-0.7399113697013245,0.933797499174281,0.0536522986680154,utm,0,0.0,0.0,0,0.0
71.55,62.66,49.899925563949985,8.900043043144242,0.2879462951653605,-0.5953638308046071,-8.18254105477955,492821.51885674393,5527508.855694551,3.1054111850098707,-8.269918804988265,0,1,0.0,0.0,5,6,5,6,WP5->WP6,1,0.7448259768133897,-0.7448259764984433,0.9403582925870432,0.05402925582199356,utm,0,0.0,0.0,0,0.0
71.6,62.709999999999994,49.899925559404636,8.900042974855634,0.2879444346816285,-0.6002699820362863,-8.183046621017866,492821.5139518745,5527508.855195732,3.1005079859751277,-8.270433784462512,0,1,0.0,0.0,5,6,5,6,WP5->WP6,1,0.7452493814670195,-0.7452493814855417,0.9452702466588296,0.054311477210609506,utm,0,0.0,0.0,0,0.0
71.65,62.760000000000005,49.89992554290711,8.900042922511467,0.28794779789416286,-0.6040306150555171,-8.184881593410314,492821.51019029325,5527508.853366509,3.096752453071531,-8.272275392897427,0,1,0.0,0.0,5,6,5,6,WP5->WP6,1,0.7441527303509892,-0.7441527307344686,0.9493066939435504,0.0545433954535573,utm,0,0.0,0.0,0,0.0
71.7,62.81,49.89992551515685,8.900042904082134,0.2879608984095569,-0.6053546586314662,-8.187968175010687,492821.5088626603,5527508.85028293,3.095434988848865,-8.275363330729306,0,1,0.0,0.0,5,6,5,6,WP5->WP6,1,0.7413703642968609,-0.7413703646659799,0.9511853927462605,0.054651338031428166,utm,0,0.0,0.0,0,0.0
71.75,62.86,49.899925453755515,8.90004296342459,0.28800628585804416,-0.6010912379646757,-8.194797670171244,492821.513115271,5527508.84345048,3.0997100917738862,-8.282181728631258,0,1,0.0,0.0,5,6,5,6,WP5->WP6,1,0.7338654391850038,-0.7338654390530047,0.9482796814881976,0.05448438739341676,utm,0,0.0,0.0,0,0.0
71.8,62.91,49.8999253633546,8.900043099558003,0.28796282107159943,-0.5913108203860471,-8.204852705426793,492821.52287837607,5527508.833386424,3.1095063084503636,-8.292213558219373,0,1,0.0,0.0,5,6,5,6,WP5->WP6,1,0.7221591581347946,-0.7221591580083012,0.9405617523073844,0.054040945810125154,utm,0,0.0,0.0,0,0.0
71.85,62.959999999999994,49.89992527475799,8.900043266085202,0.2879759724730406,-0.579346780693705,-8.214707052494344,492821.5348245003,5527508.8235200625,3.1214848809759133,-8.302040498703718,0,1,0.0,0.0,5,6,5,6,WP5->WP6,1,0.7102405410982293,-0.7102405410481418,0.9306621793920624,0.0534721556353728,utm,0,0.0,0.0,0,0.0
71.9,63.010000000000005,49.899925201261794,8.900043414445111,0.2879808908533201,-0.568687958278318,-8.222881823661549,492821.54546816816,5527508.815334346,3.1321554658352397,-8.31019109673798,0,1,0.0,0.0,5,6,5,6,WP5->WP6,1,0.7002157378214711,-0.7002157374068959,0.9217292667103932,0.052958905921600796,utm,0,0.0,0.0,0,0.0
71.95,63.06,49.899925119831344,8.900043589182875,0.28805513571221664,-0.5561340358392177,-8.231939099426754,492821.5580050033,5527508.806263949,3.1447221230482683,-8.31922013219446,0,1,0.0,0.0,5,6,5,6,WP5->WP6,1,0.688969142589664,-0.6889691425478802,0.9111010755174571,0.05234825223202848,utm,0,0.0,0.0,0,0.0
72.0,63.11,49.899925044596266,8.90004377397608,0.28809122069321885,-0.5428576867036775,-8.240307281856717,492821.57126489625,5527508.797881407,3.1580095674144104,-8.3275589318946,0,1,0.0,0.0,5,6,5,6,WP5->WP6,1,0.6782637038889742,-0.6782637037795446,0.8996343692437885,0.0516894207934379,utm,0,0.0,0.0,0,0.0
72.05,63.16,49.899924978182064,8.900043961576463,0.2881103732214182,-0.5293796576320853,-8.247694343024236,492821.58472769754,5527508.790479323,3.1714966880972497,-8.334916611202061,0,1,0.0,0.0,5,6,5,6,WP5->WP6,1,0.6684837783010467,-0.6684837786658024,0.8877857014517234,0.051008643361756936,utm,0,0.0,0.0,0,0.0
72.1,63.209999999999994,49.899924931417495,8.900044130169046,0.28799363894675734,-0.5172672317303517,-8.252895831876083,492821.5968283555,5527508.78526376,3.183614467503503,-8.340092269703746,0,1,0.0,0.0,5,6,5,6,WP5->WP6,1,0.6611058083222497,-0.6611058079912304,0.8768681207564809,0.05038136249978069,utm,0,0.0,0.0,0,0.0
72.15,63.260000000000005,49.89992492635638,8.900044237114043,0.2877849758147414,-0.5095838371022849,-8.253458765897804,492821.6045079357,5527508.784690802,3.191295894095674,-8.340639918111265,0,1,0.0,0.0,5,6,5,6,WP5->WP6,1,0.6591126083430358,-0.6591126079507963,0.8694296137590606,0.049953975406302045,utm,0,0.0,0.0,0,0.0
72.2,63.31,49.89992494445952,8.900044307468804,0.2879887671918728,-0.5045292445288486,-8.25144520495371,492821.60956319876,5527508.786696815,3.1963445191504434,-8.338617256842554,0,1,0.0,0.0,5,6,5,6,WP5->WP6,1,0.6601420168409624,-0.6601420167681428,0.86408919336387,0.04964713604304729,utm,0,0.0,0.0,0,0.0
72.25,63.36,49.89992497223713,8.900044401655839,0.2880471376665718,-0.49776243747406157,-8.248355580983036,492821.6163314291,5527508.789776174,3.203102565195877,-8.3355156108737,0,1,0.0,0.0,5,6,5,6,WP5->WP6,1,0.6619069645018655,-0.6619069646680862,0.8568658731161867,0.04923211272627237,utm,0,0.0,0.0,0,0.0
72.3,63.41,49.89992501467645,8.900044515997442,0.2880900625256373,-0.48954763843781735,-8.243635177193983,492821.6245492493,5527508.794483732,3.2113048277096823,-8.33078099694103,0,1,0.0,0.0,5,6,5,6,WP5->WP6,1,0.6650016480400951,-0.6650016481604344,0.8479150851067171,0.0487178359671005,utm,0,0.0,0.0,0,0.0
72.35,63.459999999999994,49.89992507667697,8.900044637595032,0.2880848534494217,-0.4808115376165151,-8.236739036435663,492821.63329106563,5527508.801365459,3.220023918838706,-8.323870500549674,0,1,0.0,0.0,5,6,5,6,WP5->WP6,1,0.6701348699467464,-0.6701348701569118,0.8380445456124738,0.04815071393750857,utm,0,0.0,0.0,0,0.0
72.4,63.510000000000005,49.8999251630974,8.900044752761607,0.2880976540083168,-0.4725374689901476,-8.22712673964163,492821.64157465706,5527508.810962873,3.2282758384244516,-8.31424584146589,0,1,0.0,0.0,5,6,5,6,WP5->WP6,1,0.6780216054905517,-0.6780216052527624,0.8281184367421224,0.04758039911208416,utm,0,0.0,0.0,0,0.0
72.45,63.56,49.89992526598501,8.90004485191247,0.2881064810671802,-0.46541403886705546,-8.215682845363597,492821.6487105119,5527508.822392683,3.2353739893296733,-8.302792578935623,0,1,0.0,0.0,5,6,5,6,WP5->WP6,1,0.6879224347962132,-0.6879224346841405,0.8189787126223693,0.04705526683377985,utm,0,0.0,0.0,0,0.0
72.5,63.61,49.899925381626545,8.900044915200313,0.28798554447441094,-0.460867164459257,-8.202820368812782,492821.6532727307,5527508.835243946,3.2398938338737935,-8.289926351048052,0,1,0.0,0.0,5,6,5,6,WP5->WP6,1,0.6996991690528848,-0.699699168664051,0.8121028600978851,0.04666020763350671,utm,0,0.0,0.0,0,0.0
72.55,63.66,49.899925511227934,8.90004494960211,0.2880461623392696,-0.4583955894461694,-8.188405177542895,492821.65576254873,5527508.84965007,3.2423361651599407,-8.275512100197375,0,1,0.0,0.0,5,6,5,6,WP5->WP6,1,0.7133895292961242,-0.7133895288925606,0.8069735674499395,0.04636549883278002,utm,0,0.0,0.0,0,0.0
72.6,63.709999999999994,49.89992564797283,8.900044949446098,0.2880546037009514,-0.45840679803475076,-8.173195434477789,492821.6557716329,5527508.864853741,3.242295147792902,-8.260308481752872,0,1,0.0,0.0,5,6,5,6,WP5->WP6,1,0.7283255005335556,-0.7283255003696506,0.8041330678059386,0.046202294995330156,utm,0,0.0,0.0,0,0.0
72.65,63.760000000000005,49.89992578224333,8.900044915624187,0.2880282115842224,-0.4608367114845764,-8.158260911305272,492821.6533626096,5527508.8797855275,3.2398369321017526,-8.245384714566171,0,1,0.0,0.0,5,6,5,6,WP5->WP6,1,0.7434447003734812,-0.7434447001421693,0.8037190042157247,0.04617850454458537,utm,0,0.0,0.0,0,0.0
72.7,63.81,49.899925909746045,8.900044843019533,0.2880295806392344,-0.46605294628316163,-8.144079149080504,492821.6481673719,5527508.89396857,3.2345949845039286,-8.231218869797885,0,1,0.0,0.0,5,6,5,6,WP5->WP6,1,0.7583471687564761,-0.7583471683112645,0.8061818549538251,0.046320010174544915,utm,0,0.0,0.0,0,0.0
72.75,63.86,49.89992603632523,8.900044721541132,0.2880802238234128,-0.4747804839760793,-8.130000108597502,492821.6394620944,5527508.908053618,3.225843339052517,-8.217162584885955,0,1,0.0,0.0,5,6,5,6,WP5->WP6,1,0.7738070759195297,-0.7738070760237077,0.8121115837801368,0.04666070886167027,utm,0,0.0,0.0,0,0.0
72.8,63.91,49.899926161207034,8.900044558949936,0.2880628521848913,-0.48646174402267883,-8.11610986346474,492821.6278040206,5527508.921953885,3.214139522286132,-8.203300811350346,0,1,0.0,0.0,5,6,5,6,WP5->WP6,1,0.789635373047069,-0.789635372883772,0.8209768601460987,0.04717007246114626,utm,0,0.0,0.0,0,0.0
72.85,63.959999999999994,49.89992627884008,8.900044370990816,0.2881122797747938,-0.4999655463265642,-8.103025877592628,492821.61432305584,5527508.935050646,3.200615472276695,-8.19024854619056,0,1,0.0,0.0,5,6,5,6,WP5->WP6,1,0.8050137222577455,-0.80501372242644,0.8317827809178941,0.0477909377870268,utm,0,0.0,0.0,0,0.0
72.9,64.01,49.899926396615164,8.900044172215958,0.28812804123998914,-0.5142463983561413,-8.08992609191327,492821.60006537236,5527508.948164239,3.186314652324654,-8.177182008512318,0,1,0.0,0.0,5,6,5,6,WP5->WP6,1,0.8205532678251768,-0.8205532675492394,0.8433486959422878,0.04845546936673908,utm,0,0.0,0.0,0,0.0
72.95,64.06,49.899926514130655,8.900043973315105,0.28811340943673097,-0.5285363024309834,-8.07685518045064,492821.58579860197,5527508.961248979,3.1720048405695707,-8.16414435300976,0,1,0.0,0.0,5,6,5,6,WP5->WP6,1,0.8360661573166979,-0.8360661574795908,0.8549289124413175,0.049120822652430694,utm,0,0.0,0.0,0,0.0
73.0,64.11,49.89992663070078,8.900043776824363,0.2881172436997353,-0.5426530536126756,-8.06388941896579,492821.57170477527,5527508.974228382,3.1578683186671697,-8.151211464777589,0,1,0.0,0.0,5,6,5,6,WP5->WP6,1,0.8514433434279722,-0.8514433436571639,0.8663588294191313,0.04977754032407423,utm,0,0.0,0.0,0,0.0
73.05,64.16,49.8999267460552,8.900043581922898,0.28813532082951604,-0.556655624261528,-8.051058877397729,492821.55772490316,5527508.987072465,3.143846196704544,-8.138413520529866,0,1,0.0,0.0,5,6,5,6,WP5->WP6,1,0.8666663542777315,-0.8666663539688931,0.8777019880044461,0.05042927320277236,utm,0,0.0,0.0,0,0.0
73.1,64.21,49.89992685864946,8.900043387934822,0.2881360541201781,-0.5705925729742062,-8.038535340709084,492821.5438102175,5527508.99960958,3.1298902723938227,-8.125922326929867,0,1,0.0,0.0,5,6,5,6,WP5->WP6,1,0.8815756267669718,-0.881575626906804,0.8890382711586078,0.05108061104648055,utm,0,0.0,0.0,0,0.0
73.15,64.26,49.89992696796754,8.90004318994353,0.28812993912430407,-0.5848171302642164,-8.02637620356932,492821.52960755187,5527509.011782826,3.1156475687166676,-8.113795950077474,0,1,0.0,0.0,5,6,5,6,WP5->WP6,1,0.8961810304633459,-0.8961810308151065,0.900725263854638,0.05175209926872658,utm,0,0.0,0.0,0,0.0
73.2,64.31,49.89992707152549,8.900042987232565,0.2881530183764169,-0.5993807693415665,-8.014857749285579,492821.5150650851,5527509.0233160965,3.101067174691707,-8.102310664020479,0,1,0.0,0.0,5,6,5,6,WP5->WP6,1,0.9102209419903098,-0.9102209423371055,0.9128653031949864,0.05244961775330785,utm,0,0.0,0.0,0,0.0
73.25,64.36,49.899927164354885,8.900042793434,0.2881640770648285,-0.6133041027847624,-8.004532601074375,492821.5011610769,5527509.033655684,3.0871291694347747,-8.092016951180995,0,1,0.0,0.0,5,6,5,6,WP5->WP6,1,0.9229691476744357,-0.9229691478449418,0.9246003694000834,0.05312386808861239,utm,0,0.0,0.0,0,0.0
73.3,64.41,49.89992724588585,8.900042608821792,0.2881322099501494,-0.6265674483393112,-7.99546414565961,492821.4879151171,5527509.042738203,3.0738533514668234,-8.08297813218087,0,1,0.0,0.0,5,6,5,6,WP5->WP6,1,0.9343597215001532,-0.9343597211552206,0.935923020698277,0.05377442269997262,utm,0,0.0,0.0,0,0.0
73.35,64.46,49.899927313854924,8.900042422948529,0.2881534683384855,-0.639921393599285,-7.987904139891113,492821.4745765816,5527509.050312996,3.0604899267782457,-8.075447335839272,0,1,0.0,0.0,5,6,5,6,WP5->WP6,1,0.9442861898243018,-0.9442861900112323,0.947617431055244,0.05444633711158021,utm,0,0.0,0.0,0,0.0
73.4,64.51,49.89992736417504,8.900042243269388,0.28818484374324743,-0.6528303261021349,-7.982307177569177,492821.46168026293,5527509.055924937,3.047575184784364,-8.069877922534943,0,1,0.0,0.0,5,6,5,6,WP5->WP6,1,0.952201790103234,-0.9522017899797218,0.9592429287674828,0.055114292076091156,utm,0,0.0,0.0,0,0.0
73.45,64.56,49.89992739378061,8.900042074188686,0.28819841648660444,-0.6649778205274648,-7.979014234821486,492821.44954200526,5527509.059232766,3.0354260925669223,-8.06661011185497,0,1,0.0,0.0,5,6,5,6,WP5->WP6,1,0.9577124071377495,-0.9577124073277964,0.9705527531000154,0.055764109700906374,utm,0,0.0,0.0,0,0.0
73.5,64.61,49.89992739987647,8.900041921841632,0.2881857867145394,-0.6759230968034172,-7.978336210053912,492821.43860199803,5527509.059925119,3.0244838632061146,-8.065953813493252,0,1,0.0,0.0,5,6,5,6,WP5->WP6,1,0.9604301448603595,-0.9604301450559243,0.9811724053171281,0.05637427277481352,utm,0,0.0,0.0,0,0.0
73.55,64.66,49.89992738297445,8.900041795921084,0.2880813115820703,-0.6849697777657788,-7.980216173442868,492821.4295564169,5527509.058057977,3.015444484015461,-8.067850754596293,0,1,0.0,0.0,5,6,5,6,WP5->WP6,1,0.9602803451491833,-0.9602803450412313,0.9904074645801766,0.056904882632128444,utm,0,0.0,0.0,0,0.0
73.6,64.71,49.89992734259132,8.900041702438777,0.2879933847591275,-0.6916859540382085,-7.984707873058627,492821.4228369271,5527509.053577034,3.008739797049202,-8.072353816591203,0,1,0.0,0.0,5,6,5,6,WP5->WP6,1,0.9571292582946209,-0.9571292583536433,0.997843931899746,0.05733215253381192,utm,0,0.0,0.0,0,0.0
73.65,64.76,49.899927281569475,8.900041642074159,0.28800451877460825,-0.6960228112711234,-7.991495157807624,492821.4184927455,5527509.046798251,3.004417977470439,-8.079146877862513,0,1,0.0,0.0,5,6,5,6,WP5->WP6,1,0.9512781510343797,-0.9512781511027166,1.003374606280998,0.057649923136111524,utm,0,0.0,0.0,0,0.0
73.7,64.81,49.899927252565156,8.900041548740846,0.28793666488509395,-0.7027282831863981,-7.994721225718488,492821.4117856441,5527509.043582419,2.997721509775147,-8.082384794019163,0,1,0.0,0.0,5,6,5,6,WP5->WP6,1,0.9493677337193889,-0.9493677338477707,1.0105632841094927,0.05806295603695307,utm,0,0.0,0.0,0,0.0
73.75,64.86,49.89992727199487,8.900041443520905,0.28793863207190556,-0.7102877422987001,-7.9925601140600255,492821.40423208236,5527509.045752751,2.9901608370710164,-8.080239365808666,0,1,0.0,0.0,5,6,5,6,WP5->WP6,1,0.9529068891497798,-0.9529068895438736,1.0175804780956343,0.058466136156720784,utm,0,0.0,0.0,0,0.0
73.8,64.91,49.899927284744614,8.900041404065702,0.2880096103923775,-0.7131223760627979,-7.991141996633124,492821.40140047064,5527509.04717408,2.987324556976091,-8.078827374614775,0,1,0.0,0.0,5,6,5,6,WP5->WP6,1,0.9548307183934404,-0.9548307185057171,1.020097834807542,0.05861077348363656,utm,0,0.0,0.0,0,0.0
73.85,64.96,49.89992729390366,8.900041417450115,0.2880232674987886,-0.712160781463687,-7.990123262475911,492821.4023630407,5527509.048191125,2.9882837702753022,-8.07780716381967,0,1,0.0,0.0,5,6,5,6,WP5->WP6,1,0.9556506962195954,-0.9556506965799513,1.0189626889070738,0.05854555250485095,utm,0,0.0,0.0,0,0.0
73.9,65.01,49.89992730478274,8.90004145081138,0.28799938469039377,-0.7097639628753448,-7.988913212753805,492821.4047605177,5527509.049397492,2.9906772588728927,-8.07659290265292,0,1,0.0,0.0,5,6,5,6,WP5->WP6,1,0.9563894440541487,-0.9563894440882785,1.0163824815460483,0.0583973040290502,utm,0,0.0,0.0,0,0.0
73.95,65.06,49.89992731408082,8.900041495571939,0.28800812753822297,-0.7065481692049942,-7.987879014157605,492821.4079764086,5527509.050426988,2.9938897397369146,-8.075552814640105,0,1,0.0,0.0,5,6,5,6,WP5->WP6,1,0.956801991359191,-0.9568019912731955,1.0130311204356117,0.05820474811901562,utm,0,0.0,0.0,0,0.0
74.0,65.11,49.89992732154196,8.900041545361871,0.2880173999809705,-0.7029710434986924,-7.987049133367926,492821.41155321477,5527509.051251764,2.9974638085695915,-8.074716256000102,0,1,0.0,0.0,5,6,5,6,WP5->WP6,1,0.9569461832277809,-0.9569461828065412,1.009363286282073,0.05799400892379993,utm,0,0.0,0.0,0,0.0
74.05,65.16,49.89992732803217,8.900041595452405,0.2880276982272284,-0.6993723212196502,-7.986327245403438,492821.415151465,5527509.051968562,3.0010596771608107,-8.073987604118884,0,1,0.0,0.0,5,6,5,6,WP5->WP6,1,0.956980290857739,-0.9569802912873288,1.0056944934818308,0.057783214648548915,utm,0,0.0,0.0,0,0.0
74.1,65.21,49.89992733483732,8.90004164473586,0.28804194752209583,-0.6958315831298385,-7.9855703277288255,492821.4186918008,5527509.0527204545,3.004597515973728,-8.07322404999286,0,1,0.0,0.0,5,6,5,6,WP5->WP6,1,0.957059665778118,-0.9570596659930468,1.002076065783709,0.057575314152199415,utm,0,0.0,0.0,0,0.0
74.15,65.26,49.8999273432544,8.90004169374229,0.2880602237601142,-0.6923107475687398,-7.984634121049867,492821.42221248127,5527509.053651589,3.008115108939819,-8.072281318716705,0,1,0.0,0.0,5,6,5,6,WP5->WP6,1,0.9573188075467857,-0.9573188076362039,0.9984435669226756,0.057366605182668305,utm,0,0.0,0.0,0,0.0
74.2,65.31,49.89992735478921,8.900041741254073,0.2880753420884939,-0.6888972940306567,-7.983351136513814,492821.425626285,5527509.054929508,3.0115246829227544,-8.070992156863213,0,1,0.0,0.0,5,6,5,6,WP5->WP6,1,0.9579385712007634,-0.9579385713508876,0.9948514887180608,0.05716021862365173,utm,0,0.0,0.0,0,0.0
74.25,65.36,49.899927370296695,8.90004179453691,0.28807442585916754,-0.6850692227700982,-7.981626283775657,492821.42945513054,5527509.056648564,3.015347842767369,-8.069260492920876,0,1,0.0,0.0,5,6,5,6,WP5->WP6,1,0.9589144551330141,-0.9589144550512326,0.990769471883346,0.05692568213519717,utm,0,0.0,0.0,0,0.0
74.3,65.41,49.899927390852106,8.900041871176299,0.2880970279942259,-0.6795631151385575,-7.979339963721275,492821.4349620923,5527509.058926624,3.020847267645877,-8.066964297555387,0,1,0.0,0.0,5,6,5,6,WP5->WP6,1,0.9601270258832397,-0.9601270261173661,0.9849345888679526,0.05659043291198589,utm,0,0.0,0.0,0,0.0
74.35,65.46,49.89992741916044,8.900041936581133,0.2880759945701976,-0.6748641468697858,-7.976191309276452,492821.4396633869,5527509.06206775,3.0255381855531596,-8.06380769610405,0,1,0.0,0.0,5,6,5,6,WP5->WP6,1,0.9623376113458342,-0.9623376115178514,0.9797305372330607,0.05629142875653903,utm,0,0.0,0.0,0,0.0
74.4,65.51,49.89992745114737,8.900041958588572,0.2880551109833351,-0.673283036515552,-7.97263349423283,492821.4412486127,5527509.065622031,3.0271116902003996,-8.060248211026192,0,1,0.0,0.0,5,6,5,6,WP5->WP6,1,0.9655344688676273,-0.9655344688541292,0.9775110876675558,0.05616390799205598,utm,0,0.0,0.0,0,0.0
74.45,65.56,49.8999274887988,8.900041968700853,0.28809940140518575,-0.6725565261954266,-7.9684456333087885,492821.4419804197,5527509.069807247,3.0278297014301643,-8.056060605682433,0,1,0.0,0.0,5,6,5,6,WP5->WP6,1,0.9695101659715125,-0.9695101659614506,0.9760126180768317,0.056077811875823544,utm,0,0.0,0.0,0,0.0
74.5,65.61,49.89992753437993,8.900041973310366,0.28811895749784217,-0.6722253587102067,-7.9633757757918335,492821.44231821806,5527509.074874633,3.0281507991603576,-8.050992134958506,0,1,0.0,0.0,5,6,5,6,WP5->WP6,1,0.9744259786951877,-0.9744259789134021,0.9747369657197655,0.056004517953620506,utm,0,0.0,0.0,0,0.0
74.55,65.66,49.89992758819124,8.900041970674545,0.2881316580090204,-0.6724147275379885,-7.957390497352819,492821.4421369087,5527509.080857768,3.0279497742303647,-8.045009629800916,0,1,0.0,0.0,5,6,5,6,WP5->WP6,1,0.9803381984898585,-0.9803381987741114,0.9738007869879471,0.05595072883877432,utm,0,0.0,0.0,0,0.0
74.6,65.71,49.899927650749454,8.900041959070776,0.28814392282590173,-0.6732483928429851,-7.950432326201728,492821.44131285767,5527509.087814266,3.0271028035786003,-8.03805588465184,0,1,0.0,0.0,5,6,5,6,WP5->WP6,1,0.987326458107124,-0.9873264578496562,0.973314822425976,0.05592280724352053,utm,0,0.0,0.0,0,0.0
74.65,65.76,49.89992772254733,8.900041932086918,0.288149864148456,-0.6751870308447067,-7.942446453683848,492821.43938564544,5527509.095799528,3.0251492875395343,-8.0300770169124,0,1,0.0,0.0,5,6,5,6,WP5->WP6,1,0.9955309369937757,-0.9955309373168343,0.9737211179567993,0.0559461513723991,utm,0,0.0,0.0,0,0.0
74.7,65.81,49.8999278029625,8.900041888725482,0.2881061281717,-0.6783023053229588,-7.933502105043944,492821.43628354464,5527509.104744452,3.0220177269075066,-8.021142364479601,0,1,0.0,0.0,5,6,5,6,WP5->WP6,1,1.0048971028938083,-1.0048971026431321,0.9751030158014731,0.05602554973870088,utm,0,0.0,0.0,0,0.0
74.75,65.86,49.89992789065111,8.90004183038636,0.28806674697044543,-0.6824936420808985,-7.923748752642368,492821.4321068898,5527509.114499492,3.017808948410675,-8.011401141062379,0,1,0.0,0.0,5,6,5,6,WP5->WP6,1,1.0152593375135317,-1.0152593375511776,0.9773897888175239,0.056156938641489344,utm,0,0.0,0.0,0,0.0
74.8,65.91,49.89992798333718,8.900041768296811,0.288147809947495,-0.6869544258960932,-7.913439546451533,492821.4276616368,5527509.124810522,3.0133297410793602,-8.00110481493175,0,1,0.0,0.0,5,6,5,6,WP5->WP6,1,1.0262178599130303,-1.0262178603666559,0.97983691115289,0.05629754057984356,utm,0,0.0,0.0,0,0.0
74.85,65.96,49.899928078790786,8.900041705554964,0.2881705386858537,-0.6914620736258191,-7.9028225146488325,492821.42316994915,5527509.135429317,3.0088030851911753,-7.990500879473984,0,1,0.0,0.0,5,6,5,6,WP5->WP6,1,1.0374874106080076,-1.0374874105110783,0.9822723368738027,0.05643747047714755,utm,0,0.0,0.0,0,0.0
74.9,66.01,49.899928174888764,8.90004164059684,0.28817320537094054,-0.6961289483491719,-7.89213381167715,492821.4185191938,5527509.146119967,3.0041171255870722,-7.979825613088906,0,1,0.0,0.0,5,6,5,6,WP5->WP6,1,1.0488571835868876,-1.0488571839436152,0.9848506647211853,0.05658561096355296,utm,0,0.0,0.0,0,0.0
74.95,66.06,49.89992827047345,8.90004157271195,0.28817377431732993,-0.7010060945964931,-7.881502200552962,492821.4136581745,5527509.156753829,2.9992210904019885,-7.969207827933133,0,1,0.0,0.0,5,6,5,6,WP5->WP6,1,1.0602103226672954,-1.0602103227710507,0.9876461540389063,0.05674622868627147,utm,0,0.0,0.0,0,0.0
75.0,66.11,49.89992836541804,8.900041501883395,0.2881742185653185,-0.7060947266836571,-7.870941785846481,492821.4085856589,5527509.167316805,2.9941137935966253,-7.95866162609309,0,1,0.0,0.0,5,6,5,6,WP5->WP6,1,1.071533205499374,-1.0715332057579854,0.9906626412970457,0.05691954407364943,utm,0,0.0,0.0,0,0.0
75.05,66.16,49.89992845954022,8.900041428071535,0.2881739031549047,-0.7113976923504891,-7.86047284601705,492821.403298773,5527509.177788628,2.9887924280483276,-7.948207280598581,0,1,0.0,0.0,5,6,5,6,WP5->WP6,1,1.0828064559029043,-1.082806456222632,0.9939067245921621,0.05710593622613154,utm,0,0.0,0.0,0,0.0
75.1,66.21,49.899928552788,8.90004135141338,0.2881728698146962,-0.716905148300182,-7.850101162275764,492821.39780734875,5527509.188163508,2.9832668447634205,-7.937850553542376,0,1,0.0,0.0,5,6,5,6,WP5->WP6,1,1.0940225522268052,-1.0940225524829812,0.9973698227305395,0.057304912102380055,utm,0,0.0,0.0,0,0.0
75.15,66.26,49.89992864345549,8.900041288086218,0.2881549269574502,-0.7214548476036078,-7.840016477352823,492821.3932729164,5527509.198250225,2.978699197701644,-7.927778834477067,0,1,0.0,0.0,5,6,5,6,WP5->WP6,1,1.1047772953627462,-1.104777295266687,0.9999463409508554,0.05745294861479544,utm,0,0.0,0.0,0,0.0
75.2,66.31,49.89992872152539,8.900041266493893,0.28812424565906186,-0.7230061342833796,-7.831332985787584,492821.3917338317,5527509.20693231,2.9771315109101124,-7.919101867824793,0,1,0.0,0.0,5,6,5,6,WP5->WP6,1,1.1135941195786294,-1.1135941199712898,0.9998415214057469,0.05744692609969406,utm,0,0.0,0.0,0,0.0
75.25,66.36,49.89992879359691,8.900041261636945,0.28810778089440237,-0.7233550786383304,-7.82331667753873,492821.39139572,5527509.214945874,2.9767669935245067,-7.911089461296797,0,1,0.0,0.0,5,6,5,6,WP5->WP6,1,1.1215304477430341,-1.121530447668983,0.9986812486864561,0.057380261433610906,utm,0,0.0,0.0,0,0.0
75.3,66.41,49.89992886424983,8.900041264260508,0.28811744796275257,-0.7231665903969425,-7.815458155103955,492821.39159461594,5527509.222801,2.976940002932679,-7.903233722783625,0,1,0.0,0.0,5,6,5,6,WP5->WP6,1,1.1292110949779486,-1.129211095172641,0.997022871973281,0.05728497768868973,utm,0,0.0,0.0,0,0.0
75.35,66.46,49.899928935428825,8.900041268265314,0.2881112842016285,-0.7228788677262427,-7.807541119397982,492821.3918927848,5527509.230714484,2.9772120924899355,-7.895319298841059,0,1,0.0,0.0,5,6,5,6,WP5->WP6,1,1.1369305912234207,-1.1369305912853789,0.9952560903736943,0.05718346542918379,utm,0,0.0,0.0,0,0.0
75.4,66.51,49.899929006009714,8.900041272107806,0.28811189459812236,-0.722602806316579,-7.799690609010015,492821.3921792084,5527509.238561482,2.9774726558825932,-7.887471399269998,0,1,0.0,0.0,5,6,5,6,WP5->WP6,1,1.1445869521034924,-1.1445869519399043,0.9935132311089904,0.05708332765210803,utm,0,0.0,0.0,0,0.0
75.45,66.56,49.89992907609348,8.900041274002495,0.2880919625001554,-0.7224666836127446,-7.791895392640952,492821.39232567523,5527509.246353397,2.977593444811646,-7.879679043777287,0,1,0.0,0.0,5,6,5,6,WP5->WP6,1,1.1522152596657869,-1.1522152592108816,0.9919181387219874,0.056991679973434406,utm,0,0.0,0.0,0,0.0
75.5,66.61,49.899929146124194,8.90004127581598,0.288089613182594,-0.722336394985201,-7.784106076347688,492821.3924663025,5527509.254139422,2.9777084136148915,-7.8718925984576344,0,1,0.0,0.0,5,6,5,6,WP5->WP6,1,1.1598388675180091,-1.1598388674227191,0.9903298806429275,0.05690042496697426,utm,0,0.0,0.0,0,0.0
75.55,66.66,49.89992921586568,8.900041275747832,0.28813936746328633,-0.7223412910455508,-7.776348930643994,492821.39247175603,5527509.261893469,2.9776883148006164,-7.864138575270772,0,1,0.0,0.0,5,6,5,6,WP5->WP6,1,1.1674562314938077,-1.1674562314568266,0.9888803870863008,0.05681714281930706,utm,0,0.0,0.0,0,0.0
75.6,66.71,49.89992928517275,8.900041272805874,0.28811976559253505,-0.7225526541137836,-7.768640103440884,492821.3922707605,5527509.269599494,2.977461926289834,-7.856433255597949,0,1,0.0,0.0,5,6,5,6,WP5->WP6,1,1.1750648633524547,-1.175064863562004,0.9876426742263033,0.05674602875004841,utm,0,0.0,0.0,0,0.0
75.65,66.76,49.89992935487234,8.90004126929888,0.2881048352634169,-0.7228046118319084,-7.760887618223973,492821.39202924474,5527509.277349212,2.9771948737907223,-7.848684374243021,0,1,0.0,0.0,5,6,5,6,WP5->WP6,1,1.182723971284547,-1.1827239717160307,0.9864366349493084,0.05667673451917726,utm,0,0.0,0.0,0,0.0
75.7,66.81,49.89992942397253,8.900041264666456,0.2881493036972284,-0.7231374253755788,-7.7532018019532485,492821.39170681644,5527509.285032394,2.9768471284769475,-7.84100229665637,0,1,0.0,0.0,5,6,5,6,WP5->WP6,1,1.1903327765990837,-1.1903327769111698,0.9853224844955889,0.056612719855444575,utm,0,0.0,0.0,0,0.0
75.75,66.86,49.899929493920716,8.900041263832167,0.28814790677417396,-0.7231973643389825,-7.74542166583548,492821.3916572797,5527509.292809498,2.976771963702049,-7.83322539832443,0,1,0.0,0.0,5,6,5,6,WP5->WP6,1,1.1979830357894654,-1.197983035837996,0.9839227249510494,0.056532295226749976,utm,0,0.0,0.0,0,0.0
75.8,66.91,49.899929563741836,8.900041263115366,0.2881578820279189,-0.7232488624351274,-7.737655662589048,492821.39161616174,5527509.30057246,2.976705264300108,-7.825462615117431,0,1,0.0,0.0,5,6,5,6,WP5->WP6,1,1.205617832741251,-1.205617833038609,0.9825173275945083,0.05645154667175057,utm,0,0.0,0.0,0,0.0
75.85,66.96,49.899929633258175,8.900041262003297,0.28816795973361914,-0.7233287582938823,-7.729923559130561,492821.391546612,5527509.308301576,2.9766102447756566,-7.81773376930505,0,1,0.0,0.0,5,6,5,6,WP5->WP6,1,1.2132246720995101,-1.2132246724214906,0.9811461679775698,0.05637276528140142,utm,0,0.0,0.0,0,0.0
75.9,67.01,49.89992970141254,8.900041259197572,0.28818343491452025,-0.7235303338357796,-7.722342944487159,492821.391355229,5527509.315879425,2.9763938911492005,-7.810156592167914,0,1,0.0,0.0,5,6,5,6,WP5->WP6,1,1.2207055809950569,-1.22070558079957,0.9799228826420697,0.05630248016044694,utm,0,0.0,0.0,0,0.0
75.95,67.06,49.899929768777284,8.9000412560777,0.28822701152199665,-0.7237544790621931,-7.714850156706558,492821.3911411682,5527509.323369513,2.976155148993712,-7.802667248994112,0,1,0.0,0.0,5,6,5,6,WP5->WP6,1,1.2281044874070952,-1.2281044878479455,0.9787382230926238,0.05623441432387853,utm,0,0.0,0.0,0,0.0
76.0,67.11,49.89992983603273,8.900041251013652,0.2882871112842811,-0.7241183022642903,-7.707369525671653,492821.390787469,5527509.330847634,2.975776808685623,-7.795190335251391,0,1,0.0,0.0,5,6,5,6,WP5->WP6,1,1.2355176436640363,-1.235517643431369,0.9776929876289998,0.05617435924199799,utm,0,0.0,0.0,0,0.0
76.05,67.16,49.89992990301572,8.900041244049676,0.2883187528018241,-0.7246186246528107,-7.699919200182571,492821.39029728447,5527509.338295646,2.975262082996778,-7.787743978202343,0,1,0.0,0.0,5,6,5,6,WP5->WP6,1,1.242926636741131,-1.2429266364879392,0.9767874570411736,0.05612233104788306,utm,0,0.0,0.0,0,0.0
76.1,67.21,49.89992996869797,8.900041235087487,0.288330548296953,-0.7252625073820421,-7.692613551429217,492821.3896634039,5527509.3455992285,2.97460413799854,-7.780442524701357,0,1,0.0,0.0,5,6,5,6,WP5->WP6,1,1.2502204894063542,-1.2502204893678106,0.976050007298967,0.056079960112153944,utm,0,0.0,0.0,0,0.0
76.15,67.26,49.89993003341042,8.900041224779512,0.28833900709792987,-0.7260030772211041,-7.68541577097613,492821.388932731,5527509.352795116,2.9738497560610995,-7.773249085061252,0,1,0.0,0.0,5,6,5,6,WP5->WP6,1,1.2574265582462307,-1.257426558044784,0.9754277138932966,0.056044205602541655,utm,0,0.0,0.0,0,0.0
76.2,67.31,49.899930098652426,8.900041212975076,0.28834078033153615,-0.7268511593844439,-7.678159089526512,492821.3880946672,5527509.3600500235,2.972987789369654,-7.765996977686882,0,1,0.0,0.0,5,6,5,6,WP5->WP6,1,1.264710615252716,-1.2647106155629437,0.974899940231928,0.05601388182234959,utm,0,0.0,0.0,0,0.0
76.25,67.36,49.899930163889856,8.900041197768008,0.28829548909599173,-0.727943701391818,-7.670902916789511,492821.3870122403,5527509.367304751,2.9718814614461735,-7.758745857514441,0,1,0.0,0.0,5,6,5,6,WP5->WP6,1,1.2720400068256863,-1.2720400064470645,0.9746122879337571,0.05599735446280145,utm,0,0.0,0.0,0,0.0
76.3,67.41,49.8999302275531,8.900041182016269,0.28821440496440937,-0.7290753749994581,-7.663821836708424,492821.38589046395,5527509.374384505,2.9707363608758897,-7.751669838093221,0,1,0.0,0.0,5,6,5,6,WP5->WP6,1,1.279204814218293,-1.2792048140936785,0.9743958840884053,0.05598492075661356,utm,0,0.0,0.0,0,0.0
76.35,67.46,49.89993029346748,8.900041175489244,0.2882093240360267,-0.7295443048659022,-7.656490368844144,492821.38543150097,5527509.381713665,2.970253248233348,-7.744342230260372,0,1,0.0,0.0,5,6,5,6,WP5->WP6,1,1.2864912201214236,-1.2864912201594605,0.9734818134869667,0.05593240188720622,utm,0,0.0,0.0,0,0.0
76.4,67.51,49.8999303589954,8.900041172268,0.28820072641566913,-0.7297757330522775,-7.64920188613456,492821.3852098876,5527509.3889995385,2.970007626514416,-7.737057126127183,0,1,0.0,0.0,5,6,5,6,WP5->WP6,1,1.2936908915600633,-1.293690891985867,0.9723426079004553,0.05586694765497083,utm,0,0.0,0.0,0,0.0
76.45,67.56,49.899930423870444,8.900041166062675,0.2882169018676732,-0.7302215507164138,-7.641986020558861,492821.3847738734,5527509.39621311,2.969547843444161,-7.7298450311645865,0,1,0.0,0.0,5,6,5,6,WP5->WP6,1,1.3008594573768126,-1.3008594571464795,0.9714275177040095,0.05581437020368048,utm,0,0.0,0.0,0,0.0
76.5,67.61,49.899930489739795,8.900041160323076,0.28819257668896703,-0.7306339085223876,-7.634659561285129,492821.38437145314,5527509.403537187,2.9691212899633683,-7.722522320225835,0,1,0.0,0.0,5,6,5,6,WP5->WP6,1,1.3081303384488308,-1.3081303383094938,0.9704588403433269,0.055758713846585664,utm,0,0.0,0.0,0,0.0
76.55,67.66,49.899930554997844,8.900041155317357,0.2882137138541368,-0.7309935411542201,-7.627401095449954,492821.38402164646,5527509.410793226,2.968747573962901,-7.71526747290045,0,1,0.0,0.0,5,6,5,6,WP5->WP6,1,1.3153245736165142,-1.315324573211176,0.9694511415131492,0.055700815470704476,utm,0,0.0,0.0,0,0.0
76.6,67.71,49.89993062045495,8.900041151102789,0.28823695799616406,-0.7312963341038913,-7.620120488941805,492821.38372868625,5527509.418071323,2.9684306314447895,-7.707990380935371,0,1,0.0,0.0,5,6,5,6,WP5->WP6,1,1.3225298926731668,-1.32252989238665,0.9683834827680533,0.055639472036053975,utm,0,0.0,0.0,0,0.0
76.65,67.76,49.899930687404286,8.900041148011507,0.2882132542891132,-0.7315184252668252,-7.612673906275721,492821.3835166171,5527509.425515222,2.9681940331938677,-7.700547221116722,0,1,0.0,0.0,5,6,5,6,WP5->WP6,1,1.3298830473906602,-1.3298830476871077,0.9672054687329762,0.05557178802436947,utm,0,0.0,0.0,0,0.0
76.7,67.81,49.89993075599747,8.900041145886245,0.28830087991381315,-0.7316711133321824,-7.605044482814849,492821.38337416726,5527509.433141796,2.9680264518829063,-7.692921157926321,0,1,0.0,0.0,5,6,5,6,WP5->WP6,1,1.3374027152686552,-1.3374027150495655,0.9659250317319055,0.05549821919550907,utm,0,0.0,0.0,0,0.0
76.75,67.86,49.89993082479654,8.900041143367444,0.28831098794996024,-0.7318520749847061,-7.597392158795956,492821.3832034857,5527509.440791298,2.967830563429743,-7.685272260569036,0,1,0.0,0.0,5,6,5,6,WP5->WP6,1,1.3449501672951274,-1.3449501674365931,0.9646680622686947,0.055425998718246716,utm,0,0.0,0.0,0,0.0
76.8,67.91,49.89993089170371,8.900041138639926,0.2882826695851496,-0.732191720474959,-7.589950266332829,492821.3828739028,5527509.448230663,2.9674764670198783,-7.677834020927548,0,1,0.0,0.0,5,6,5,6,WP5->WP6,1,1.3523207549235627,-1.3523207544742923,0.9636063503068362,0.055364996962162114,utm,0,0.0,0.0,0,0.0
76.85,67.96,49.89993095211529,8.900041130313209,0.288079533898977,-0.7327899481178218,-7.583230858987802,492821.3822848771,5527509.45494818,2.9668653079424985,-7.671118482016027,0,1,0.0,0.0,5,6,5,6,WP5->WP6,1,1.359030441666553,-1.3590304419403116,0.9629339809567561,0.05532636528750287,utm,0,0.0,0.0,0,0.0
76.9,68.01,49.899931006881246,8.900041112338696,0.2880398538574429,-0.7340813154298774,-7.577139398995216,492821.38100215065,5527509.461038924,2.9655625172890723,-7.6650319984182715,0,1,0.0,0.0,5,6,5,6,WP5->WP6,1,1.3652535191434636,-1.365253518811038,0.9630599073169928,0.0553336005164423,utm,0,0.0,0.0,0,0.0
76.95,68.06,49.8999310600208,8.900041092291193,0.28777395428593705,-0.7355216154253738,-7.571228839048179,492821.37957030954,5527509.466949041,2.9641112080425955,-7.659126631915569,0,1,0.0,0.0,5,6,5,6,WP5->WP6,1,1.3713269012156046,-1.3713269012069953,0.9633659797176337,0.05535118622198097,utm,0,0.0,0.0,0,0.0
77.0,68.11,49.89993110916866,8.900041058102795,0.28774213564425116,-0.7379778589188599,-7.565762262811895,492821.37712233793,5527509.4724167045,2.9616452318732627,-7.653667064383626,0,1,0.0,0.0,5,6,5,6,WP5->WP6,1,1.3771548179335005,-1.377154818227427,0.9647528079538837,0.05543086786901721,utm,0,0.0,0.0,0,0.0
77.05,68.16,49.89993114951495,8.900041008854803,0.287954199620939,-0.7415160493063265,-7.561274660490648,492821.37359154504,5527509.47690723,2.958099660289008,-7.649188199080527,0,1,0.0,0.0,5,6,5,6,WP5->WP6,1,1.382224361300834,-1.3822243611281497,0.9673854971011736,0.055582131739990666,utm,0,0.0,0.0,0,0.0
77.1,68.21,49.89993119058895,8.90004096102767,0.28795052418725137,-0.7449521589284895,-7.556706116968869,492821.37016290013,5527509.481478529,2.9546559699228965,-7.644628223031759,0,1,0.0,0.0,5,6,5,6,WP5->WP6,1,1.3873542399512586,-1.3873542400723355,0.9699027819676268,0.055726764938951734,utm,0,0.0,0.0,0,0.0
77.15,68.26,49.89993122995432,8.9000409128469,0.28795159839795315,-0.7484136755100541,-7.552327619706793,492821.36670860497,5527509.485859891,2.951187255384866,-7.640258268453181,0,1,0.0,0.0,5,6,5,6,WP5->WP6,1,1.3923022824707825,-1.3923022826528912,0.9724806426535864,0.055874878584115634,utm,0,0.0,0.0,0,0.0
77.2,68.31,49.89993126737857,8.900040863961367,0.2879490873715391,-0.7519258251711581,-7.54816502743691,492821.36320340884,5527509.490025503,2.94766835111659,-7.636104229837656,0,1,0.0,0.0,5,6,5,6,WP5->WP6,1,1.3970478291975479,-1.3970478288903798,0.9751486958286343,0.056028174331787264,utm,0,0.0,0.0,0,0.0
77.25,68.36,49.8999313031994,8.90004081496045,0.2879505166584496,-0.755446264596001,-7.544180778913995,492821.3596896884,5527509.494012853,2.9441415100591257,-7.632128479890525,0,1,0.0,0.0,5,6,5,6,WP5->WP6,1,1.401619820746582,-1.4016198208795916,0.9778583239197015,0.05618385880914958,utm,0,0.0,0.0,0,0.0
77.3,68.41,49.89993133797512,8.900040767442816,0.2879527549960084,-0.7588601385183712,-7.540312775822592,492821.3562823359,5527509.497883861,2.940721419698093,-7.62826872151345,0,1,0.0,0.0,5,6,5,6,WP5->WP6,1,1.4060576956889574,-1.406057695500516,0.9804851131730641,0.056334783695630816,utm,0,0.0,0.0,0,0.0
77.35,68.46,49.89993137144979,8.900040721304684,0.28795121104074295,-0.7621749029526004,-7.536589484135786,492821.3529738603,5527509.501610084,2.9374006828293204,-7.624553421512246,0,1,0.0,0.0,5,6,5,6,WP5->WP6,1,1.4103349041285895,-1.4103349038452573,0.9830417204990576,0.05648167620707182,utm,0,0.0,0.0,0,0.0
77.4,68.51,49.89993140355297,8.900040676399348,0.28795063135195803,-0.765401098007338,-7.533018739018391,492821.3497537152,5527509.505183703,2.9341687789419666,-7.6209904327988625,0,1,0.0,0.0,5,6,5,6,WP5->WP6,1,1.4144457264011276,-1.4144457266180614,0.9855399642658229,0.056625215380006554,utm,0,0.0,0.0,0,0.0
77.45,68.56,49.89993143436388,8.900040633075081,0.28795034663667707,-0.7685137021392558,-7.529591729624512,492821.34664692415,5527509.508613493,2.93105070234742,-7.617570899426937,0,1,0.0,0.0,5,6,5,6,WP5->WP6,1,1.4183941256666008,-1.4183941256848944,0.9879536243774482,0.05676389471177442,utm,0,0.0,0.0,0,0.0
77.5,68.61,49.89993146396156,8.90004059168291,0.2879501905404786,-0.7714874961197625,-7.526299664919041,492821.3436787078,5527509.511908207,2.928071644855663,-7.614285985939205,0,1,0.0,0.0,5,6,5,6,WP5->WP6,1,1.4221840035376394,-1.4221840033075337,0.9902562913171628,0.05689619681634396,utm,0,0.0,0.0,0,0.0
77.55,68.66,49.899931492436274,8.900040552586898,0.28795012157513844,-0.7742963239805362,-7.5231325036649315,492821.3408752251,5527509.515077847,2.9252577323350124,-7.611125600524247,0,1,0.0,0.0,5,6,5,6,WP5->WP6,1,1.4258203147454074,-1.4258203149621969,0.9924204009047991,0.057020537965307046,utm,0,0.0,0.0,0,0.0
77.6,68.71,49.89993151989111,8.90004051616647,0.28795024314803547,-0.7769129262125971,-7.520078780371322,492821.3382637401,5527509.51813384,2.922636190953199,-7.608078231103718,0,1,0.0,0.0,5,6,5,6,WP5->WP6,1,1.429309209261292,-1.4293092093909892,0.9944170380140546,0.05713525681025163,utm,0,0.0,0.0,0,0.0
77.65,68.76,49.89993154644198,8.900040482817989,0.28795744885251984,-0.7793088264386654,-7.517125603878478,492821.33587273496,5527509.5210890295,2.920235460391268,-7.605130936019123,0,1,0.0,0.0,5,6,5,6,WP5->WP6,1,1.4326580021162274,-1.432658002080663,0.9962158266660693,0.05723860806797493,utm,0,0.0,0.0,0,0.0
77.7,68.81,49.89993157029685,8.900040450020809,0.28795844108212404,-0.7816651187820878,-7.514472294722819,492821.3335209218,5527509.523744419,2.917874909588136,-7.602483310736716,0,1,0.0,0.0,5,6,5,6,WP5->WP6,1,1.435704940513838,-1.435704940728205,0.9980319446294946,0.057342954999163115,utm,0,0.0,0.0,0,0.0
77.75,68.86,49.89993159077947,8.900040416701259,0.2879520184905115,-0.784058940441403,-7.512194072326131,492821.3311310941,5527509.526024923,2.9154775797505863,-7.600210695527494,0,1,0.0,0.0,5,6,5,6,WP5->WP6,1,1.4383906323195406,-1.4383906322198463,0.9999552319505685,0.05745345945635636,utm,0,0.0,0.0,0,0.0
77.8,68.91,49.89993161085458,8.900040387537366,0.2879470994722661,-0.7861542015810711,-7.509961174879155,492821.32903964724,5527509.528259723,2.913378779834602,-7.597982798703015,0,1,0.0,0.0,5,6,5,6,WP5->WP6,1,1.4409758488237574,-1.440975849245889,1.0015938707261545,0.05754760913771069,utm,0,0.0,0.0,0,0.0
77.85,68.96,49.899931629864824,8.900040362223725,0.2879476114864339,-0.7879728438616019,-7.507846719738059,492821.32722455094,5527509.530375756,2.9115567202679813,-7.595872757956386,0,1,0.0,0.0,5,6,5,6,WP5->WP6,1,1.443392908399943,-1.443392908120418,1.0029831137250564,0.05762742952742629,utm,0,0.0,0.0,0,0.0
77.9,69.01,49.89993164685549,8.900040339309108,0.2879469427787243,-0.7896191298606163,-7.505956896239221,492821.3255814425,5527509.53226702,2.909907388384454,-7.593986919149756,0,1,0.0,0.0,5,6,5,6,WP5->WP6,1,1.4455570985645945,-1.4455570989928626,1.0042452396360075,0.05769994627371322,utm,0,0.0,0.0,0,0.0
77.95,69.06,49.89993166165264,8.900040318618561,0.28793825872559303,-0.791105628864106,-7.5043110524426915,492821.324097732,5527509.533914189,2.908418257953599,-7.592344649136066,0,1,0.0,0.0,5,6,5,6,WP5->WP6,1,1.4474517787213435,-1.447451778899059,1.0053962173976805,0.057766076888417284,utm,0,0.0,0.0,0,0.0
78.0,69.11,49.89993167421863,8.900040300149033,0.2879468911411189,-0.792432560252942,-7.502913373376452,492821.3227731943,5527509.535313078,2.9070891176234,-7.590950132347643,0,1,0.0,0.0,5,6,5,6,WP5->WP6,1,1.4490728785719444,-1.4490728785614597,1.0064370475957183,0.05782587886121887,utm,0,0.0,0.0,0,0.0
78.05,69.16,49.89993168480166,8.900040284229654,0.28794630618084427,-0.7935762778576466,-7.501736252713909,492821.3216315032,5527509.536491253,2.905943550169468,-7.5897757252678275,0,1,0.0,0.0,5,6,5,6,WP5->WP6,1,1.4504430720812742,-1.45044307188814,1.0073393367271675,0.05787772081411362,utm,0,0.0,0.0,0,0.0
78.1,69.21,49.89993169332762,8.900040270855104,0.2879474732202408,-0.7945371637761424,-7.500787934571045,492821.3206722654,5527509.537440473,2.904981189640239,-7.588829672895372,0,1,0.0,0.0,5,6,5,6,WP5->WP6,1,1.451554335212356,-1.451554335037203,1.0081050060405328,0.05792171313441639,utm,0,0.0,0.0,0,0.0
78.15,69.26,49.89993169777854,8.900040258209895,0.2879502653242186,-0.7954456507203261,-7.500292871585543,492821.31976480136,5527509.53793655,2.904072095756419,-7.588336588814855,0,1,0.0,0.0,5,6,5,6,WP5->WP6,1,1.4522107402519515,-1.452210740641305,1.0089042022207224,0.057967631775440585,utm,0,0.0,0.0,0,0.0
78.2,69.31,49.899931694793,8.90004024359333,0.2879531182464927,-0.7964957685000487,-7.500624944888699,492821.31871465937,5527509.53760601,2.903023048711475,-7.588670586235821,0,1,0.0,0.0,5,6,5,6,WP5->WP6,1,1.4520815660474635,-1.4520815658219939,1.0099975312526184,0.058030450122901964,utm,0,0.0,0.0,0,0.0
78.25,69.36,49.89993168415012,8.90004022732993,0.2879551177802088,-0.7976642019952676,-7.501808721974447,492821.31754511286,5527509.536424266,2.901857402815949,-7.589856179431081,0,1,0.0,0.0,5,6,5,6,WP5->WP6,1,1.4511383176143162,-1.4511383175082586,1.0113667064149776,0.058109117494365994,utm,0,0.0,0.0,0,0.0
78.3,69.41,49.89993166563075,8.90004020974735,0.2879569162431685,-0.7989274110897365,-7.503868577889111,492821.31627965986,5527509.53436692,2.900598736363463,-7.591917684301734,0,1,0.0,0.0,5,6,5,6,WP5->WP6,1,1.449352648689951,-1.4493526483753232,1.0129931847355726,0.058202568484233476,utm,0,0.0,0.0,0,0.0
78.35,69.46,49.899931639085345,8.90004019123659,0.28795833010939914,-0.8002573048222499,-7.506821147322952,492821.3149463579,5527509.5314173065,2.8992751616751775,-7.594871674664319,0,1,0.0,0.0,5,6,5,6,WP5->WP6,1,1.4467029602975656,-1.4467029603119557,1.0148525031476874,0.05830939754176889,utm,0,0.0,0.0,0,0.0
78.4,69.51,49.899931604549266,8.900040172237155,0.28795830394133987,-0.8016223070238002,-7.510662496420418,492821.3135767759,5527509.527579316,2.897918234579265,-7.598714157938957,0,1,0.0,0.0,5,6,5,6,WP5->WP6,1,1.443187195429337,-1.443187195000163,1.0169129207853669,0.05842778096277332,utm,0,0.0,0.0,0,0.0
78.45,69.56,49.89993157194683,8.90004015678177,0.2879785205924867,-0.8027326892010288,-7.51428877257859,492821.31246199924,5527509.523955973,2.896815404179506,-7.602341154590249,0,1,0.0,0.0,5,6,5,6,WP5->WP6,1,1.4398348659420495,-1.439834865993099,1.0186830146329058,0.05852948353090244,utm,0,0.0,0.0,0,0.0
78.5,69.61,49.899931555280915,8.900040148133952,0.2880061280968802,-0.8033539861654704,-7.516142473944107,492821.31183847727,5527509.5221038405,2.8961979890591465,-7.604195332154632,0,1,0.0,0.0,5,6,5,6,WP5->WP6,1,1.4381312658947505,-1.4381312654767033,1.0196405736595688,0.05858450107264592,utm,0,0.0,0.0,0,0.0
78.55,69.66,49.89993155186173,8.900040146050463,0.2880741124658548,-0.8035036730903002,-7.516522780844489,492821.3116883427,5527509.521723886,2.896049107366707,-7.604575779289007,0,1,0.0,0.0,5,6,5,6,WP5->WP6,1,1.4377859204848351,-1.4377859202731222,1.0198588452105766,0.058597042089789095,utm,0,0.0,0.0,0,0.0
78.6,69.71,49.89993155072742,8.900040146501933,0.28815087708302467,-0.8034712375200214,-7.5166489458182335,492821.3117205971,5527509.521597728,2.8960817773477174,-7.604701830074191,0,1,0.0,0.0,5,6,5,6,WP5->WP6,1,1.4376559623853167,-1.437655962529883,1.0198506511630203,0.05859657129233336,utm,0,0.0,0.0,0,0.0
78.65,69.76,49.899931549703936,8.900040147532415,0.28818685110665476,-0.803397203176119,-7.516762785654624,492821.31179445004,5527509.521483837,2.896156005153898,-7.604815477505326,0,1,0.0,0.0,5,6,5,6,WP5->WP6,1,1.4375303087373497,-1.4375303091845157,1.019799301825917,0.0585936209631955,utm,0,0.0,0.0,0,0.0
78.7,69.81,49.89993154874747,8.900040148272456,0.28824712240586897,-0.8033440354115988,-7.5168691709762525,492821.31184745475,5527509.521377422,2.896209360274952,-7.604921717196703,0,1,0.0,0.0,5,6,5,6,WP5->WP6,1,1.4374158849119232,-1.4374158845177958,1.01976704348693,0.05859176752704965,utm,0,0.0,0.0,0,0.0
78.75,69.86,49.89993154940669,8.900040146898192,0.2881921801227463,-0.8034427685447724,-7.516795847729446,492821.3117488587,5527509.521450847,2.896110522793606,-7.604848616756499,0,1,0.0,0.0,5,6,5,6,WP5->WP6,1,1.4375063882778125,-1.4375063881222372,1.0198502394952376,0.058596547639536194,utm,0,0.0,0.0,0,0.0
78.8,69.91,49.89993155405703,8.900040142083716,0.2882784121899814,-0.8037886614764367,-7.516278603741875,492821.3114037938,5527509.521968345,2.895763754437212,-7.604332258924842,0,1,0.0,0.0,5,6,5,6,WP5->WP6,1,1.4380790978046014,-1.4380790974810145,1.0200928868203594,0.058610489191928385,utm,0,0.0,0.0,0,0.0
78.85,69.96,49.89993156171584,8.90004013182304,0.2881922380175356,-0.804525833145367,-7.515426735812793,492821.31066805247,5527509.522820856,2.8950252077775076,-7.603482176549733,0,1,0.0,0.0,5,6,5,6,WP5->WP6,1,1.4390537191663613,-1.4390537195313804,1.0206569813482658,0.05864289982497783,utm,0,0.0,0.0,0,0.0
78.9,70.01,49.89993157287809,8.900040114199482,0.28812819760699127,-0.8057919863336793,-7.514185191190333,492821.3094040606,5527509.524063593,2.8937571275164373,-7.602243613451719,0,1,0.0,0.0,5,6,5,6,WP5->WP6,1,1.4405101220022398,-1.4405101220606567,1.0216674073823533,0.05870095489517318,utm,0,0.0,0.0,0,0.0
78.95,70.06,49.89993158866103,8.90004008924112,0.28811095890497795,-0.8075851038604259,-7.512429698953146,492821.307614,5527509.525820775,2.891961286077276,-7.600492338649929,0,1,0.0,0.0,5,6,5,6,WP5->WP6,1,1.4425699456541463,-1.4425699460636554,1.0230988860785875,0.05878320198045148,utm,0,0.0,0.0,0,0.0
79.0,70.11,49.89993160582516,8.900040060649154,0.2881425089264038,-0.8096392753075029,-7.5105205825814405,492821.30556319456,5527509.5277318675,2.889904194045812,-7.598588014952838,0,1,0.0,0.0,5,6,5,6,WP5->WP6,1,1.4448295492942658,-1.4448295494309489,1.0247578828432082,0.05887852135106814,utm,0,0.0,0.0,0,0.0
79.05,70.16,49.899931619599215,8.900040036049356,0.2881037931136338,-0.8114066319812147,-7.508988534047038,492821.3037985866,5527509.529265659,2.8881345412810333,-7.597060047090054,0,1,0.0,0.0,5,6,5,6,WP5->WP6,1,1.4466651511073176,-1.4466651508059654,1.0262059591502515,0.05896172206919843,utm,0,0.0,0.0,0,0.0
79.1,70.21,49.89993162579939,8.900040011119923,0.28809952404647593,-0.8131976710688292,-7.508298906528175,492821.3020091818,5527509.529957401,2.886342866695486,-7.596374205313623,0,1,0.0,0.0,5,6,5,6,WP5->WP6,1,1.4476780536802527,-1.4476780534057003,1.027835224128287,0.05905533316934402,utm,0,0.0,0.0,0,0.0
79.15,70.26,49.89993161905053,8.900039991145531,0.28802714948386215,-0.8146327184302968,-7.509049563287722,492821.30057370546,5527509.529208958,2.884909864515066,-7.59712737519294,0,1,0.0,0.0,5,6,5,6,WP5->WP6,1,1.4472100528510778,-1.4472100530151164,1.0293849770620325,0.059144375822956244,utm,0,0.0,0.0,0,0.0
79.2,70.31,49.89993159232461,8.900039981317542,0.28801482050222144,-0.8153388039956915,-7.512022209535429,492821.29986393615,5527509.526238444,2.8842098879395053,-7.600100210867822,0,1,0.0,0.0,5,6,5,6,WP5->WP6,1,1.444423701778221,-1.4444237014233359,1.030635564942183,0.05921622963978031,utm,0,0.0,0.0,0,0.0
79.25,70.36,49.899931545995194,8.900039984978621,0.28799128896591536,-0.8150757761580052,-7.517175298520976,492821.30011998495,5527509.521087067,2.88448291097302,-7.605250716209412,0,1,0.0,0.0,5,6,5,6,WP5->WP6,1,1.439314767152281,-1.439314766906762,1.0313434029928705,0.05925689920522427,utm,0,0.0,0.0,0,0.0
79.3,70.41,49.89993147891363,8.90004000557738,0.2879886485803122,-0.8135958715980145,-7.524636588571111,492821.30158934614,5527509.51362679,2.8859768484253436,-7.612706111744046,0,1,0.0,0.0,5,6,5,6,WP5->WP6,1,1.4317113582790701,-1.4317113583145495,1.03128917320317,0.059253783376710806,utm,0,0.0,0.0,0,0.0
79.35,70.46,49.89993140710591,8.900040036631273,0.2879781770810133,-0.8113648245469022,-7.532623555634771,492821.30380884884,5527509.505640043,2.8882226581918076,-7.620685500092804,0,1,0.0,0.0,5,6,5,6,WP5->WP6,1,1.4234509832214148,-1.42345098329347,1.0305959776750884,0.05921395511250915,utm,0,0.0,0.0,0,0.0
79.4,70.51,49.89993133732877,8.900040077019721,0.28799725951511446,-0.8084631424242926,-7.540384667032774,492821.30669902056,5527509.497878168,2.891138392384164,-7.62843780964613,0,1,0.0,0.0,5,6,5,6,WP5->WP6,1,1.4152866378178737,-1.4152866381381004,1.0292019666107193,0.05913386076867316,utm,0,0.0,0.0,0,0.0
79.45,70.56,49.899931273530726,8.900040124086493,0.2879969788928352,-0.8050816604257454,-7.547480741046742,492821.3100696879,5527509.490780422,2.8945324309752323,-7.6355244079604745,0,1,0.0,0.0,5,6,5,6,WP5->WP6,1,1.407685314313946,-1.4076853141946208,1.0272121773798764,0.05901953537564739,utm,0,0.0,0.0,0,0.0
79.5,70.61,49.8999312142927,8.90004017912775,0.2880272019241738,-0.8011272566677333,-7.554069616555353,492821.314013725,5527509.484188911,2.898498167982325,-7.64210288785398,0,1,0.0,0.0,5,6,5,6,WP5->WP6,1,1.400474580801673,-1.4004745804945182,1.0245647679002932,0.058867425732795776,utm,0,0.0,0.0,0,0.0
79.55,70.66,49.89993115949356,8.900040241289785,0.28807125300588776,-0.7966612651411782,-7.560164767721393,492821.31846980454,5527509.478090241,2.9029743206338026,-7.648186840116978,0,1,0.0,0.0,5,6,5,6,WP5->WP6,1,1.3936527016770408,-1.3936527016095506,1.0213224864856367,0.0586811371092144,utm,0,0.0,0.0,0,0.0
79.6,70.71,49.899931109380965,8.90004031151583,0.2881197379146966,-0.7916159200010895,-7.565738648358146,492821.3235057019,5527509.4725118615,2.908028573379852,-7.653748594224453,0,1,0.0,0.0,5,6,5,6,WP5->WP6,1,1.387234023489276,-1.3872340234926661,1.0174136314826834,0.05845654981244624,utm,0,0.0,0.0,0,0.0
79.65,70.76,49.8999310663256,8.900040390940061,0.28811819061292093,-0.7859097371426728,-7.570527573401627,492821.3292032206,5527509.467717241,2.9137418611207977,-7.658524413593113,0,1,0.0,0.0,5,6,5,6,WP5->WP6,1,1.3814621688612347,-1.3814621685619781,1.0127087616975334,0.05818622666515767,utm,0,0.0,0.0,0,0.0
79.7,70.81,49.89993103264438,8.900040480820591,0.2882081659669263,-0.7794523282012378,-7.574273839229364,492821.3356530567,5527509.46396386,2.9202040308737196,-7.662256519310176,0,1,0.0,0.0,5,6,5,6,WP5->WP6,1,1.3765732217629933,-1.3765732221867886,1.0070708137978417,0.057862292552187305,utm,0,0.0,0.0,0,0.0
79.75,70.86,49.89993101073348,8.900040581279116,0.28830033668009925,-0.7722349499748635,-7.576710925712767,492821.3428643052,5527509.461518122,2.927423299755901,-7.664678480476141,0,1,0.0,0.0,5,6,5,6,WP5->WP6,1,1.372827232009007,-1.3728272323832773,1.0004412362126462,0.05748138333262074,utm,0,0.0,0.0,0,0.0
79.8,70.91,49.89993099803146,8.900040676834399,0.2882697368624031,-0.765369842039963,-7.578123735264787,492821.34972479043,5527509.46009672,2.9342884317738935,-7.666077267378569,0,1,0.0,0.0,5,6,5,6,WP5->WP6,1,1.3701529833113648,-1.3701529833055883,0.9939655096999325,0.05710931378514419,utm,0,0.0,0.0,0,0.0
79.85,70.96,49.89993098532272,8.900040735336342,0.28820591685834374,-0.761166807521319,-7.579537291966352,492821.3539242629,5527509.458678123,2.938492556277197,-7.667482017539442,0,1,0.0,0.0,5,6,5,6,WP5->WP6,1,1.3679770846270316,-1.3679770847968609,0.990103715751936,0.05688743042983915,utm,0,0.0,0.0,0,0.0
79.9,71.01,49.899930962480866,8.900040711499175,0.287964289820625,-0.7628793734715004,-7.5820779258766695,492821.35220899084,5527509.45614079,2.9367856549215503,-7.670024989172816,0,1,0.0,0.0,5,6,5,6,WP5->WP6,1,1.3658036030954797,-1.3658036032316598,0.9922615369432998,0.05701141027250696,utm,0,0.0,0.0,0,0.0
79.95,71.06,49.89993091416294,8.900040659579188,0.28793337247202383,-0.7666095315652013,-7.587452190937836,492821.34847315156,5527509.450773652,2.9330675225355662,-7.675404408946633,0,1,0.0,0.0,5,6,5,6,WP5->WP6,1,1.361226143069623,-1.3612261428383077,0.996931603995471,0.05727973379286797,utm,0,0.0,0.0,0,0.0
80.0,71.11,49.899930839451535,8.900040619869094,0.2882165214210869,-0.7694624778252759,-7.595762126127121,492821.345610258,5527509.442470849,2.930232005135622,-7.68371660169214,0,1,0.0,0.0,5,6,5,6,WP5->WP6,1,1.3536018006275028,-1.3536018009828656,1.0012907450837045,0.05753019274120392,utm,0,0.0,0.0,0,0.0
80.05,71.16,49.899930739988484,8.900040591086555,0.288174575125206,-0.7715303408593226,-7.606825116351159,492821.34352846205,5527509.431415045,2.928186653298326,-7.694779205136001,0,1,0.0,0.0,5,6,5,6,WP5->WP6,1,1.3431271517693022,-1.3431271517962924,1.0053951814292996,0.05776601736578521,utm,0,0.0,0.0,0,0.0
80.1,71.21,49.89993062336637,8.900040582971975,0.28808824291240226,-0.7721133275936475,-7.619796659754634,492821.3429284043,5527509.418449471,2.9276293248985894,-7.707746686413884,0,1,0.0,0.0,5,6,5,6,WP5->WP6,1,1.3305001834273051,-1.3305001832693621,1.008399485419028,0.05793863275090773,utm,0,0.0,0.0,0,0.0
80.15,71.26,49.89993050151377,8.900040615793879,0.28813478240535,-0.7697552590181339,-7.633349975819736,492821.3452674528,5527509.404898435,2.930013016157318,-7.721289941109717,0,1,0.0,0.0,5,6,5,6,WP5->WP6,1,1.3167506083822995,-1.3167506087336875,1.0086251445247931,0.05795159822763087,utm,0,0.0,0.0,0,0.0
80.2,71.31,49.89993038627091,8.900040715307725,0.28810771111389627,-0.7626057506480416,-7.646168109469669,492821.3523970107,5527509.392075894,2.937184790149331,-7.734088917262852,0,1,0.0,0.0,5,6,5,6,WP5->WP6,1,1.3028245860131142,-1.3028245857321459,1.004008433201683,0.057686340315727544,utm,0,0.0,0.0,0,0.0
80.25,71.36,49.89993028265442,8.900040849405718,0.28811460583048487,-0.7529715664365032,-7.6576930751333805,492821.3620119786,5527509.380542691,2.9468377117882483,-7.745590373873711,0,1,0.0,0.0,5,6,5,6,WP5->WP6,1,1.2897024517039208,-1.2897024513615685,0.9967096675364666,0.05726698220465495,utm,0,0.0,0.0,0,0.0
80.3,71.41,49.89993018643154,8.900040954749525,0.2880409402709776,-0.7454032082967751,-7.668395669709357,492821.36956304143,5527509.369834283,2.9544240215909667,-7.756273839622736,0,1,0.0,0.0,5,6,5,6,WP5->WP6,1,1.2777750693859475,-1.277775069664495,0.9912850839384599,0.05695530715775535,utm,0,0.0,0.0,0,0.0
80.35,71.46,49.89993011191171,8.900041089158224,0.2880204151805846,-0.7357467016030166,-7.676684297693623,492821.37920464016,5527509.361536092,2.964092913432978,-7.764540213160217,0,1,0.0,0.0,5,6,5,6,WP5->WP6,1,1.2678263868755817,-1.267826387185455,0.9833576555411457,0.05649982858084964,utm,0,0.0,0.0,0,0.0
80.4,71.51,49.89993007279476,8.900041283195957,0.2880069495630966,-0.7218061852392313,-7.6810351638656265,492821.3931337927,5527509.357168372,2.978036383516155,-7.768862009048462,0,1,0.0,0.0,5,6,5,6,WP5->WP6,1,1.2609408813268923,-1.260940881018438,0.9704856675261823,0.0557602552300529,utm,0,0.0,0.0,0,0.0
80.45,71.56,49.899930058256,8.900041492525215,0.2880291058784661,-0.7067670591173338,-7.682652268583272,492821.4081647636,5527509.355531853,2.9930726657039486,-7.770448986440897,0,1,0.0,0.0,5,6,5,6,WP5->WP6,1,1.2565335849191612,-1.256533584543823,0.9560224721967528,0.054929257421433196,utm,0,0.0,0.0,0,0.0
80.5,71.61,49.89993005908756,8.90004168104347,0.28808027766177907,-0.6932230861212375,-7.682559776280994,492821.4217034582,5527509.355606241,3.006611041666474,-7.770329982973635,0,1,0.0,0.0,5,6,5,6,WP5->WP6,1,1.2540851865695328,-1.254085186897241,0.9427067997074438,0.05416419172143548,utm,0,0.0,0.0,0,0.0
80.55,71.66,49.8999300770883,8.900041845437173,0.2881534163816324,-0.6814123261462124,-7.680557605122267,492821.4335121785,5527509.357591855,3.018413154524751,-7.7683054665103555,0,1,0.0,0.0,5,6,5,6,WP5->WP6,1,1.2538367713007996,-1.2538367709725873,0.9307348813825869,0.053476332803241454,utm,0,0.0,0.0,0,0.0
80.6,71.71,49.899930113468734,8.900041981179427,0.28821548767172395,-0.6716600110146987,-7.676511113948189,492821.44326600194,5527509.3616237175,3.0281536386464722,-7.764241483062506,0,1,0.0,0.0,5,6,5,6,WP5->WP6,1,1.2559815113329538,-1.2559815110939216,0.9204008079332688,0.052882577952055525,utm,0,0.0,0.0,0,0.0
80.65,71.76,49.89993016851507,8.90004209828464,0.28784125120119575,-0.6632466622079793,-7.670388467537448,492821.45168416254,5527509.367732691,3.036551622324623,-7.758104803040624,0,1,0.0,0.0,5,6,5,6,WP5->WP6,1,1.26041577854419,-1.2604157782073169,0.9109921812305835,0.05234199559843527,utm,0,0.0,0.0,0,0.0
80.7,71.81,49.89993022484951,8.900042201895499,0.2881464059545542,-0.6558028066050812,-7.664122548834014,492821.4591334076,5527509.373986172,3.0439802195178345,-7.751826808787882,0,1,0.0,0.0,5,6,5,6,WP5->WP6,1,1.2651724783744522,-1.2651724782676648,0.9025086041365468,0.05185456292440811,utm,0,0.0,0.0,0,0.0
80.75,71.86,49.89993027237339,8.900042300145362,0.28816380796422053,-0.6487441082601786,-7.658836604490175,492821.4661963418,5527509.379260583,3.05102573428303,-7.746529149822891,0,1,0.0,0.0,5,6,5,6,WP5->WP6,1,1.2690391860612895,-1.2690391863891473,0.8945869236469255,0.051399414599468736,utm,0,0.0,0.0,0,0.0
80.8,71.91,49.8999303037689,8.900042400182839,0.288088500135881,-0.6415569799631294,-7.6553445718601845,492821.47338526184,5527509.382741632,3.0582031439989805,-7.7430244302377105,0,1,0.0,0.0,5,6,5,6,WP5->WP6,1,1.271120445657161,-1.2711204454625347,0.8868754623782518,0.050956344636741736,utm,0,0.0,0.0,0,0.0
80.85,71.96,49.899930323999655,8.90004251249856,0.288066421288698,-0.6334877290956642,-7.653094362618676,492821.48145429604,5527509.384980177,3.0662647575954907,-7.740759307518601,0,1,0.0,0.0,5,6,5,6,WP5->WP6,1,1.271817023955294,-1.2718170243154987,0.8785306931837208,0.050476887313781964,utm,0,0.0,0.0,0,0.0
80.9,72.01,49.89993033609504,8.900042642423234,0.28807022897682544,-0.6241533743415287,-7.651749027887207,492821.4907867225,5527509.386312521,3.0755927428836003,-7.739396216347814,0,1,0.0,0.0,5,6,5,6,WP5->WP6,1,1.2713879603022078,-1.2713879603937326,0.8691134096112388,0.04993580757077668,utm,0,0.0,0.0,0,0.0
80.95,72.06,49.89993035541205,8.900042802501533,0.2880588497990993,-0.6126526517345292,-7.649600451501907,492821.5022857243,5527509.388444897,3.0870846552425064,-7.7372259590774775,0,1,0.0,0.0,5,6,5,6,WP5->WP6,1,1.2713414208899088,-1.2713414210813982,0.8574184576309161,0.04926386203964042,utm,0,0.0,0.0,0,0.0
81.0,72.11,49.89993039630587,8.900043001302684,0.2880610704031429,-0.5983699106557054,-7.645051949417596,492821.5165688363,5527509.392972526,3.1013527695904486,-7.7326512867584825,0,1,0.0,0.0,5,6,5,6,WP5->WP6,1,1.2731297069651912,-1.273129706905152,0.8425420081124878,0.048409120285257755,utm,0,0.0,0.0,0,0.0
81.05,72.16,49.89993045055496,8.900043227060326,0.2881010999784579,-0.582150497835243,-7.639017978195699,492821.53278982907,5527509.398982446,3.1175538694951683,-7.726587945595384,0,1,0.0,0.0,5,6,5,6,WP5->WP6,1,1.2760134318278553,-1.2760134320532952,0.8254855175803532,0.04742912202539149,utm,0,0.0,0.0,0,0.0
81.1,72.21,49.8999305269637,8.90004347845211,0.2881337495252011,-0.5640894165486418,-7.630519253316399,492821.5508550435,5527509.407453677,3.1355910701677203,-7.718057230114937,0,1,0.0,0.0,5,6,5,6,WP5->WP6,1,1.2809719316454915,-1.2809719318489994,0.8061586707840717,0.046318678104153764,utm,0,0.0,0.0,0,0.0
81.15,72.26,49.89993063962393,8.900043753760025,0.2881374690307711,-0.5443100961659224,-7.6179883781475795,492821.5706431904,5527509.419953153,3.155337919422891,-7.7054926129058,0,1,0.0,0.0,5,6,5,6,WP5->WP6,1,1.2895673133020875,-1.289567313543208,0.7843888047413011,0.0450678679917662,utm,0,0.0,0.0,0,0.0
81.2,72.31,49.89993077826967,8.900044047866446,0.2881997118713085,-0.5231802092003143,-7.602567209449899,492821.59178522043,5527509.435339962,3.176429129729513,-7.690036215819418,0,1,0.0,0.0,5,6,5,6,WP5->WP6,1,1.3007473606868993,-1.3007473604566264,0.7607509982901405,0.04370973343615232,utm,0,0.0,0.0,0,0.0
81.25,72.36,49.89993090132519,8.900044353038004,0.28820148118596345,-0.5012553546178393,-7.5888800963067675,492821.61371958774,5527509.448992352,3.198318388487678,-7.6763116186484694,0,1,0.0,0.0,5,6,5,6,WP5->WP6,1,1.3100757667234981,-1.3100757663624443,0.73665774069317,0.042325430465089395,utm,0,0.0,0.0,0,0.0
81.3,72.41,49.899930981889995,8.900044668662375,0.28831506855595723,-0.4785795243451727,-7.579919104486268,492821.636398327,5527509.457919508,3.2209675865015015,-7.667309776879847,0,1,0.0,0.0,5,6,5,6,WP5->WP6,1,1.3146229789964547,-1.314622978567219,0.7127131756649374,0.04094967077896211,utm,0,0.0,0.0,0,0.0
81.35,72.46,49.89993105886116,8.900044993312726,0.288414670573335,-0.4552552283377692,-7.571357821398326,492821.65972474014,5527509.4664462535,3.2442657743231393,-7.6587062096223235,0,1,0.0,0.0,5,6,5,6,WP5->WP6,1,1.318656161015917,-1.3186561608976437,0.6882068423179689,0.039541634114533104,utm,0,0.0,0.0,0,0.0
81.4,72.51,49.899931138641016,8.900045333453718,0.28826239529158154,-0.4308180171272324,-7.562484137115092,492821.6841640412,5527509.4752837885,3.2686758199124597,-7.649788185954094,0,1,0.0,0.0,5,6,5,6,WP5->WP6,1,1.3227874277588523,-1.3227874279852871,0.6625492100462852,0.038067448382646106,utm,0,0.0,0.0,0,0.0
81.45,72.56,49.89993121450691,8.900045700282268,0.2881240060994601,-0.40446345551674956,-7.5540457912582655,492821.71051934705,5527509.483683601,3.295003302337136,-7.641301568597555,0,1,0.0,0.0,5,6,5,6,WP5->WP6,1,1.326131789136306,-1.3261317889069268,0.6350906185460403,0.03648978668032106,utm,0,0.0,0.0,0,0.0
81.5,72.61,49.89993128229914,8.900046085123213,0.2879174411173509,-0.3768148049441479,-7.54650545476752,492821.73816702777,5527509.491184041,3.3226261163363233,-7.633710061199963,0,1,0.0,0.0,5,6,5,6,WP5->WP6,1,1.3283518176497175,-1.3283518173255162,0.6065297655929285,0.03484879340907261,utm,0,0.0,0.0,0,0.0
81.55,72.66,49.89993135585603,8.900046460940732,0.28811829003370365,-0.34981443658697386,-7.538323932368362,492821.7651675402,5527509.499326272,3.349599650595337,-7.625478897243738,0,1,0.0,0.0,5,6,5,6,WP5->WP6,1,1.3313229386162464,-1.3313229384027123,0.5784852289449385,0.033237465623793074,utm,0,0.0,0.0,0,0.0
81.6,72.71,49.89993144976207,8.900046823918187,0.28806342254074657,-0.3237365544557061,-7.527879032924522,492821.7912489532,5527509.509732206,3.3756466308259405,-7.614987072534859,0,1,0.0,0.0,5,6,5,6,WP5->WP6,1,1.3366893324804932,-1.3366893321917883,0.550922112386036,0.03165379832638949,utm,0,0.0,0.0,0,0.0
81.65,72.76,49.89993155631155,8.900047169981665,0.2880338123754,-0.2988738460692298,-7.516027839553798,492821.8161175529,5527509.521545491,3.400476166571025,-7.603091901168227,0,1,0.0,0.0,5,6,5,6,WP5->WP6,1,1.3436643308946148,-1.343664330800611,0.5242884805465945,0.03012353553244622,utm,0,0.0,0.0,0,0.0
81.7,72.81,49.899931690560216,8.90004749692756,0.2877371769965268,-0.2753846282266557,-7.501095745324825,492821.83961731935,5527509.5364402775,3.4239267218508758,-7.588119755499065,0,1,0.0,0.0,5,6,5,6,WP5->WP6,1,1.3539218511314228,-1.353921851509794,0.49842582504718885,0.028637569979498075,utm,0,0.0,0.0,0,0.0
81.75,72.86,49.89993185163435,8.90004779499995,0.2879393534303676,-0.25396980877300396,-7.483179930620255,492821.8610474945,5527509.554320356,3.4452978594927117,-7.5701691545546055,0,1,0.0,0.0,5,6,5,6,WP5->WP6,1,1.3674978795049677,-1.3674978794090404,0.4740405615045733,0.02723648950557993,utm,0,0.0,0.0,0,0.0
81.8,72.91,49.89993202490611,8.900048065065207,0.28799697866099555,-0.23456714377807955,-7.463907409087046,492821.8804681273,5527509.573559283,3.464654987794347,-7.550866333767772,0,1,0.0,0.0,5,6,5,6,WP5->WP6,1,1.3827832446569064,-1.3827832443663537,0.45137660500761617,0.025934308503757924,utm,0,0.0,0.0,0,0.0
81.85,72.96,49.89993219985635,8.900048309197265,0.28800559128639436,-0.217027632791576,-7.444448194269216,492821.8980265982,5527509.592987313,3.4821493411436677,-7.531380548141897,0,1,0.0,0.0,5,6,5,6,WP5->WP6,1,1.3986012171975646,-1.3986012172729019,0.43050701062889873,0.024735224428594528,utm,0,0.0,0.0,0,0.0
81.9,73.01,49.8999323776122,8.900048522612746,0.28801485492274725,-0.2016949346081415,-7.424676919992107,492821.91337955254,5527509.612730222,3.497437152254861,-7.511587152257562,0,1,0.0,0.0,5,6,5,6,WP5->WP6,1,1.4151393216205148,-1.4151393218160442,0.411745700542383,0.023657274002452808,utm,0,0.0,0.0,0,0.0
81.95,73.06,49.8999325664698,8.900048683120524,0.2880116769902696,-0.1901633563815233,-7.403670830391125,492821.92493455025,5527509.633712524,3.5089229431468993,-7.490566887892783,0,1,0.0,0.0,5,6,5,6,WP5->WP6,1,1.4336024762196116,-1.4336024766662072,0.3964850690507106,0.022780458676455756,utm,0,0.0,0.0,0,0.0
82.0,73.11,49.89993276475514,8.900048786522536,0.28805087456151784,-0.18273450520504872,-7.381616119943666,492821.93238985585,5527509.655748496,3.516305592027493,-7.468506466597319,0,1,0.0,0.0,5,6,5,6,WP5->WP6,1,1.4538644045245503,-1.4538644048499376,0.38505616186786984,0.022123799023624154,utm,0,0.0,0.0,0,0.0
82.05,73.16,49.89993294911324,8.900048868400196,0.28805998151381684,-0.17685205728249678,-7.361110496011816,492821.938297309,5527509.6762380665,3.5221454927232116,-7.447997540235519,0,1,0.0,0.0,5,6,5,6,WP5->WP6,1,1.4728952636991115,-1.4728952641358104,0.3754360317138625,0.021571064521010486,utm,0,0.0,0.0,0,0.0
82.1,73.21,49.89993311615558,8.900048925170823,0.2881168438136421,-0.17277340801678484,-7.342530855211107,492821.9423991138,5527509.694804829,3.5261860912432894,-7.429417362436652,0,1,0.0,0.0,5,6,5,6,WP5->WP6,1,1.4903732457766634,-1.490373245804582,0.367948067088354,0.02114083578848704,utm,0,0.0,0.0,0,0.0
82.15,73.26,49.89993326664302,8.900048949422246,0.2881502882162347,-0.17103108016081034,-7.325792568705195,492821.944163073,5527509.711534092,3.5278949120547622,-7.412682375870645,0,1,0.0,0.0,5,6,5,6,WP5->WP6,1,1.506481285543254,-1.506481285241027,0.36309926538694043,0.020862242884462066,utm,0,0.0,0.0,0,0.0
82.2,73.31,49.899933403054426,8.90004895857545,0.28801732910024347,-0.17037347406692663,-7.310619918501793,492821.94484065485,5527509.726699792,3.5285225138650276,-7.397514526732266,0,1,0.0,0.0,5,6,5,6,WP5->WP6,1,1.5212554471096165,-1.5212554472328297,0.359609036123779,0.020661708161449237,utm,0,0.0,0.0,0,0.0
82.25,73.36,49.89993353953381,8.900048953227783,0.2880021955421954,-0.1707576737829348,-7.295439706946904,492821.94447685656,5527509.74187444,3.528108711761888,-7.382341159507632,0,1,0.0,0.0,5,6,5,6,WP5->WP6,1,1.536232349938442,-1.5362323503749797,0.35714030018974396,0.0205198643914858,utm,0,0.0,0.0,0,0.0
82.3,73.41,49.899933695813736,8.900048912284324,0.2880146168617496,-0.17369923026129036,-7.2780571390976805,492821.94155965926,5527509.759253975,3.5251342586125247,-7.364971332252026,0,1,0.0,0.0,5,6,5,6,WP5->WP6,1,1.5538511161732622,-1.5538511160353954,0.356769643887317,0.020498567951241983,utm,0,0.0,0.0,0,0.0
82.35,73.46,49.8999338734655,8.900048843819732,0.28798367696675364,-0.178618024926888,-7.2582974421008535,492821.9366691832,5527509.779012322,3.5201786984107457,-7.345229207538068,0,1,0.0,0.0,5,6,5,6,WP5->WP6,1,1.5741745826361204,-1.574174582449993,0.35789470471047197,0.02056320948150627,utm,0,0.0,0.0,0,0.0
82.4,73.51,49.89993405890863,8.900048747345831,0.28798348393319595,-0.1855491303872031,-7.237671133706966,492821.9297683552,5527509.79963962,3.513209933647886,-7.324624762870371,0,1,0.0,0.0,5,6,5,6,WP5->WP6,1,1.5957262091245705,-1.5957262091344324,0.36083310812798286,0.02073203848126566,utm,0,0.0,0.0,0,0.0
82.45,73.56,49.8999342482096,8.900048582635648,0.2879645916128927,-0.19738262774102314,-7.216615729406009,492821.9179676633,5527509.8207023805,3.5013398966402747,-7.303601004183292,0,1,0.0,0.0,5,6,5,6,WP5->WP6,1,1.6186182448949482,-1.6186182444442707,0.3685045443168596,0.02117280876174102,utm,0,0.0,0.0,0,0.0
82.5,73.61,49.899934444637545,8.900048299667079,0.2879593100786518,-0.21771232291526724,-7.194767611467515,492821.8976752203,5527509.842568872,3.4809755059541203,-7.281801502220333,0,1,0.0,0.0,5,6,5,6,WP5->WP6,1,1.6438814757993339,-1.6438814755699562,0.3843694688185605,0.022084344366048638,utm,0,0.0,0.0,0,0.0
82.55,73.66,49.89993464987086,8.900047901465788,0.2879974152099277,-0.24632083894711754,-7.171940097927312,492821.8691085656,5527509.865425407,3.452333686116617,-7.259039228782058,0,1,0.0,0.0,5,6,5,6,WP5->WP6,1,1.671658441497563,-1.6716584414139664,0.40817944859013033,0.023452371317409373,utm,0,0.0,0.0,0,0.0
82.6,73.71,49.89993485021841,8.900047484164485,0.288037997708095,-0.27630158309379654,-7.149656013277568,492821.8391695057,5527509.887740563,3.4223212524084374,-7.236822853796184,0,1,0.0,0.0,5,6,5,6,WP5->WP6,1,1.6991591006945683,-1.6991591003183477,0.4334386497568179,0.02490366477911704,utm,0,0.0,0.0,0,0.0
82.65,73.76,49.89993502822332,8.90004705300093,0.2880238125024966,-0.30727825181920315,-7.129857037157588,492821.8082316039,5527509.907572932,3.3913181639509276,-7.217092542909086,0,1,0.0,0.0,5,6,5,6,WP5->WP6,1,1.7244064389882767,-1.724406439037074,0.4601416180202979,0.026437911368834426,utm,0,0.0,0.0,0,0.0
82.7,73.81,49.89993520114361,8.900046617875784,0.28798944245536945,-0.3385395385739758,-7.110623607960147,492821.77700844343,5527509.926840361,3.360031680087559,-7.197928110137582,0,1,0.0,0.0,5,6,5,6,WP5->WP6,1,1.7491518498808247,-1.7491518501054113,0.4872300698530257,0.02799430631470739,utm,0,0.0,0.0,0,0.0
82.75,73.86,49.89993536529221,8.900046204328234,0.2879983914568723,-0.36825059675648253,-7.092365829418834,492821.7473335919,5527509.945130464,3.3302967173513025,-7.179735895246267,0,1,0.0,0.0,5,6,5,6,WP5->WP6,1,1.7726486723857366,-1.772648672205473,0.5129793225052337,0.029473756190077652,utm,0,0.0,0.0,0,0.0
82.8,73.91,49.89993550793622,8.900045844392782,0.28799173561238506,-0.3941099281926043,-7.076499944718943,492821.7215057402,5527509.961024491,3.3044166294275783,-7.163927066139877,0,1,0.0,0.0,5,6,5,6,WP5->WP6,1,1.7930748654815782,-1.7930748655174156,0.5353951352172349,0.030761679834737276,utm,0,0.0,0.0,0,0.0
82.85,73.96,49.89993563890482,8.90004551027989,0.2880701016822542,-0.41811405438015364,-7.061932682338446,492821.69753062143,5527509.975617942,3.2803935502888635,-7.149412700906396,0,1,0.0,0.0,5,6,5,6,WP5->WP6,1,1.8118781794812933,-1.8118781796924726,0.556232853807695,0.031958932453601666,utm,0,0.0,0.0,0,0.0
82.9,74.01,49.89993576726227,8.90004513356771,0.28780801776210124,-0.4451786990353955,-7.047655850994509,492821.670495818,5527509.98992516,3.2533117463462986,-7.13519465085119,0,1,0.0,0.0,5,6,5,6,WP5->WP6,1,1.8309701123190445,-1.8309701125522961,0.5801300329848272,0.03333196953676832,utm,0,0.0,0.0,0,0.0
82.95,74.06,49.89993592411446,8.900044665099468,0.288005590063161,-0.4788354990687081,-7.030209631098392,492821.63687571697,5527510.007409292,3.2196342115057632,-7.117821402847767,0,1,0.0,0.0,5,6,5,6,WP5->WP6,1,1.8544098404616713,-1.8544098402091467,0.6099056142691717,0.03504275627746322,utm,0,0.0,0.0,0,0.0
83.0,74.11,49.899936117461586,8.900044107883122,0.28805607398811367,-0.5188683496455596,-7.008704183817089,492821.59688752407,5527510.028959532,3.1795752200996503,-7.096403054893017,0,1,0.0,0.0,5,6,5,6,WP5->WP6,1,1.8830305451812743,-1.8830305453627658,0.6451805863046879,0.03706951618721768,utm,0,0.0,0.0,0,0.0
83.05,74.16,49.89993630806289,8.900043522960914,0.28807894886462887,-0.5608917101228207,-6.987504146647141,492821.55490920827,5527510.050207139,3.137527113838587,-7.075293897651136,0,1,0.0,0.0,5,6,5,6,WP5->WP6,1,1.9117245581909228,-1.9117245582832572,0.682467224815018,0.03921185846961995,utm,0,0.0,0.0,0,0.0
83.1,74.21,49.89993648894723,8.900042960683088,0.2879576740076817,-0.6012881994891117,-6.967384899498184,492821.5145556732,5527510.070372219,3.097107346809935,-7.05526190623641,0,1,0.0,0.0,5,6,5,6,WP5->WP6,1,1.939052380713424,-1.9390523811091098,0.7183591229776038,0.04127406450645754,utm,0,0.0,0.0,0,0.0
83.15,74.26,49.899936659225006,8.90004243353109,0.28798300673768146,-0.6391610963278193,-6.948445390157756,492821.4767231504,5527510.089354668,3.0592124756076373,-7.0364042315632105,0,1,0.0,0.0,5,6,5,6,WP5->WP6,1,1.9647487436632,-1.9647487435347661,0.751994373716446,0.043206612537491765,utm,0,0.0,0.0,0,0.0
83.2,74.31,49.89993682115562,8.900041948060888,0.2879595877935214,-0.6740393911847764,-6.930434311763823,492821.4418827966,5527510.107405062,3.0243128285510466,-7.018468745984137,0,1,0.0,0.0,5,6,5,6,WP5->WP6,1,1.9889720888621527,-1.988972088863203,0.7828633957273506,0.04498022404318021,utm,0,0.0,0.0,0,0.0
83.25,74.36,49.89993697784078,8.900041510047267,0.2879749335142014,-0.7055081985881957,-6.913006670137318,492821.41044979193,5527510.124867707,2.9928224490140565,-7.001109779812396,0,1,0.0,0.0,5,6,5,6,WP5->WP6,1,2.0119833742464093,-2.011983374007043,0.8104941484926541,0.04656777744859951,utm,0,0.0,0.0,0,0.0
83.3,74.41,49.899937128943236,8.900041095522596,0.2879455311381059,-0.7352894573732611,-6.896199976996509,492821.3807028344,5527510.141707399,2.963020160270389,-6.984368205070496,0,1,0.0,0.0,5,6,5,6,WP5->WP6,1,2.0340685920275865,-2.0340685919640213,0.8365843740419678,0.048066818273537947,utm,0,0.0,0.0,0,0.0
83.35,74.46,49.89993727787855,8.900040682848362,0.2880219365865876,-0.7649377727542376,-6.87963432873196,492821.35108844604,5527510.158305966,2.9333512345911004,-6.967867317609489,0,1,0.0,0.0,5,6,5,6,WP5->WP6,1,2.0558922138894937,-2.055892213647038,0.8625892576839889,0.049560955691149836,utm,0,0.0,0.0,0,0.0
83.4,74.51,49.89993741789386,8.90004029254871,0.28776340176251664,-0.7929786006450906,-6.86406082643079,492821.3230795804,5527510.173910641,2.9052910981117748,-6.9523550271987915,0,1,0.0,0.0,5,6,5,6,WP5->WP6,1,2.0764403154423405,-2.076440315107523,0.8872018146000344,0.050975095540325796,utm,0,0.0,0.0,0,0.0
83.45,74.56,49.89993755293556,8.90003991429026,0.2877211104874027,-0.8201543359958997,-6.849040524688965,492821.2959347243,5527510.188961183,2.87809679255588,-6.937394019216299,0,1,0.0,0.0,5,6,5,6,WP5->WP6,1,2.0962830630034346,-2.096283063045891,0.9110686822257624,0.05234639104203559,utm,0,0.0,0.0,0,0.0
83.5,74.61,49.89993768509529,8.900039544177465,0.287910357250233,-0.8467448521344434,-6.8343407769873075,492821.26937442657,5527510.203690518,2.8514881007140502,-6.922752290032804,0,1,0.0,0.0,5,6,5,6,WP5->WP6,1,2.115701354665783,-2.1157013544565055,0.934421041451889,0.05368812493285327,utm,0,0.0,0.0,0,0.0
83.55,74.66,49.89993781224945,8.90003919025593,0.28795439000889006,-0.8721721176029914,-6.820197783758022,492821.24397617276,5527510.217861769,2.826043285545893,-6.908664811402559,0,1,0.0,0.0,5,6,5,6,WP5->WP6,1,2.1343549040462015,-2.134354904041954,0.9567356273141946,0.05497023248443288,utm,0,0.0,0.0,0,0.0
83.6,74.71,49.89993792821491,8.900038869728526,0.287959419756047,-0.8952002031078282,-6.807299277760052,492821.2209744816,5527510.230785832,2.802999129984528,-6.895816617645323,0,1,0.0,0.0,5,6,5,6,WP5->WP6,1,2.1513367438329514,-2.1513367440931583,0.9769278611988452,0.05613039811361015,utm,0,0.0,0.0,0,0.0
83.65,74.76,49.899938040092515,8.900038555696144,0.28798525032060235,-0.9177616579700575,-6.794855451880786,492821.19843862863,5527510.243254773,2.780422309821006,-6.883422006852925,0,1,0.0,0.0,5,6,5,6,WP5->WP6,1,2.167784666239618,-2.167784666541585,0.9967471704364528,0.057269136972463545,utm,0,0.0,0.0,0,0.0
83.7,74.81,49.899938152040676,8.900038241071897,0.2880304471666692,-0.9403656349454117,-6.782403778808732,492821.1758602809,5527510.255731615,2.757802969077602,-6.871019636280835,0,1,0.0,0.0,5,6,5,6,WP5->WP6,1,2.1842482651396318,-2.184248265511034,1.0166067595166353,0.05841019015122682,utm,0,0.0,0.0,0,0.0
83.75,74.86,49.89993826524836,8.900037914270934,0.28803231579149635,-0.9638444403005529,-6.769812012367184,492821.152407641,5527510.2683496615,2.7343088755733334,-6.8584789438173175,0,1,0.0,0.0,5,6,5,6,WP5->WP6,1,2.201013429364072,-2.2010134289127725,1.037299045688523,0.059599086800446656,utm,0,0.0,0.0,0,0.0
83.8,74.91,49.89993837991124,8.900037564655754,0.2879908020704483,-0.988962318375931,-6.757058388288052,492821.1273167984,5527510.28113169,2.7091760479379445,-6.845779666677117,0,1,0.0,0.0,5,6,5,6,WP5->WP6,1,2.218244809573586,-2.2182448093363134,1.0595703315625915,0.06087870650653163,utm,0,0.0,0.0,0,0.0
83.85,74.96,49.89993849579168,8.900037204044164,0.2880058080897782,-1.0148702265309306,-6.744169339109018,492821.1014364216,5527510.29405014,2.6832532408297993,-6.832946572452784,0,1,0.0,0.0,5,6,5,6,WP5->WP6,1,2.235757268966602,-2.2357572690224052,1.0825919302316753,0.06220143620831502,utm,0,0.0,0.0,0,0.0
83.9,75.01,49.89993861307009,8.900036838787587,0.28801498116828655,-1.0411118507668435,-6.731124797214077,492821.0752226695,5527510.307124468,2.6569965465459973,-6.819958699867129,0,1,0.0,0.0,5,6,5,6,WP5->WP6,1,2.2534849677762994,-2.2534849675260467,1.1059120404059066,0.06354131719658629,utm,0,0.0,0.0,0,0.0
83.95,75.06,49.89993873232578,8.90003646329062,0.28801047371778216,-1.0680891892373947,-6.717860328737924,492821.0482737903,5527510.320419616,2.6300040014320984,-6.80675242934376,0,1,0.0,0.0,5,6,5,6,WP5->WP6,1,2.271566535619497,-2.2715665358711736,1.1299132893754011,0.06492033371703682,utm,0,0.0,0.0,0,0.0
84.0,75.11,49.89993885149011,8.900036051583069,0.28800703108992654,-1.0976680539180803,-6.704606021071044,492821.0187244093,5527510.333708078,2.600410990708042,-6.793561415746808,0,1,0.0,0.0,5,6,5,6,WP5->WP6,1,2.290125859184269,-2.2901258590824454,1.156470786453201,0.06644622210970548,utm,0,0.0,0.0,0,0.0
84.05,75.16,49.89993896822464,8.900035614662514,0.28802716809018847,-1.1290583306268975,-6.691621974233165,492820.9873639789,5527510.346728803,2.5690078227198683,-6.780644105747342,0,1,0.0,0.0,5,6,5,6,WP5->WP6,1,2.3087594247771372,-2.3087594250073824,1.1848575103867807,0.06807721061849636,utm,0,0.0,0.0,0,0.0
84.1,75.21,49.89993908822678,8.90003520630452,0.28798674613565395,-1.1583965485302552,-6.678274479471533,492820.95805527334,5527510.360110093,2.5396551802405156,-6.767359470017254,0,1,0.0,0.0,5,6,5,6,WP5->WP6,1,2.3273651285224117,-2.3273651286355723,1.2111612542501617,0.06958851935844589,utm,0,0.0,0.0,0,0.0
84.15,75.26,49.89993921079813,8.900034837160833,0.2880013169557556,-1.1849174396379267,-6.664641219112818,492820.9315631519,5527510.373773275,2.513118177652359,-6.753783662803471,0,1,0.0,0.0,5,6,5,6,WP5->WP6,1,2.3457232236677106,-2.3457232234533154,1.2346451933823057,0.07093781330850832,utm,0,0.0,0.0,0,0.0
84.2,75.31,49.89993933119697,8.900034474972307,0.2880425838773939,-1.2109386417411752,-6.651249601491505,492820.90557019773,5527510.387194246,2.487081137835048,-6.740448420867324,0,1,0.0,0.0,5,6,5,6,WP5->WP6,1,2.3637503787654777,-2.3637503788060803,1.2576838088109934,0.0722615207257701,utm,0,0.0,0.0,0,0.0
84.25,75.36,49.89993944517775,8.90003413752359,0.2877321945514346,-1.2351824280664276,-6.638571845637312,492820.88135299797,5527510.39989927,2.4628222020110115,-6.7278232695534825,0,1,0.0,0.0,5,6,5,6,WP5->WP6,1,2.380743392469306,-2.3807433922714565,1.2791110788469213,0.07349264663114508,utm,0,0.0,0.0,0,0.0
84.3,75.41,49.89993954464399,8.90003384374283,0.2879652512453042,-1.256288918106794,-6.62750850023423,492820.86026968894,5527510.410986345,2.441702471638564,-6.716805731877685,0,1,0.0,0.0,5,6,5,6,WP5->WP6,1,2.395563100014255,-2.3955630997003414,1.2977606209439956,0.0745641753121479,utm,0,0.0,0.0,0,0.0
84.35,75.46,49.899939638817706,8.900033557057103,0.2880204753760563,-1.2768856701205296,-6.617033827305603,492820.8396951294,5527510.421484303,2.421093429380562,-6.706375632435083,0,1,0.0,0.0,5,6,5,6,WP5->WP6,1,2.409709246369208,-2.409709246127948,1.3160200336267422,0.0756132887051732,utm,0,0.0,0.0,0,0.0
84.4,75.51,49.899939729538495,8.90003325608051,0.2881015548299015,-1.2985091401810784,-6.606943214005746,492820.8180937493,5527510.431599724,2.3994588326313533,-6.6963314497843385,0,1,0.0,0.0,5,6,5,6,WP5->WP6,1,2.423670787747586,-2.423670787375796,1.3353595460191614,0.0767244603413035,utm,0,0.0,0.0,0,0.0
84.45,75.56,49.8999398156376,8.900032947921707,0.28811494808192845,-1.3206486115347007,-6.597366657279926,492820.795975888,5527510.441201982,2.3773094486095943,-6.686802130192518,0,1,0.0,0.0,5,6,5,6,WP5->WP6,1,2.437224334628192,-2.437224334572188,1.3553020760953616,0.07787027898055911,utm,0,0.0,0.0,0,0.0
84.5,75.61,49.89993989468331,8.900032636291312,0.28813166889083214,-1.3430374971156034,-6.588574629508007,492820.77360766544,5527510.450020359,2.3549122878466733,-6.678057512268424,0,1,0.0,0.0,5,6,5,6,WP5->WP6,1,2.4500543437777624,-2.4500543435570914,1.3756365792438663,0.07903861883706333,utm,0,0.0,0.0,0,0.0
84.55,75.66,49.89993996422284,8.900032330815117,0.28810073528581753,-1.3649842382262227,-6.580839946402517,492820.7516800005,5527510.4577812245,2.3329591671936214,-6.670368948020041,0,1,0.0,0.0,5,6,5,6,WP5->WP6,1,2.461763293179122,-2.461763293141157,1.395735186757212,0.08019340506648756,utm,0,0.0,0.0,0,0.0
84.6,75.71,49.89994002157219,8.900032034901175,0.28811838225566344,-1.3862439853949509,-6.574461142317933,492820.7304372465,5527510.464185839,2.3116954230936244,-6.664034371264279,0,1,0.0,0.0,5,6,5,6,WP5->WP6,1,2.4720121609038355,-2.472012160769273,1.415413458829074,0.08132404048948194,utm,0,0.0,0.0,0,0.0
84.65,75.76,49.89994006358257,8.900031752701667,0.28815391163201115,-1.4065184278568608,-6.569788448555404,492820.71017712797,5527510.46888371,2.2914199334336445,-6.659403289668262,0,1,0.0,0.0,5,6,5,6,WP5->WP6,1,2.4804011385655556,-2.4804011385191,1.4344441564202493,0.0824174688526177,utm,0,0.0,0.0,0,0.0
84.7,75.81,49.89994008925126,8.900031487405222,0.28818181273192917,-1.4255784805511122,-6.566933393457421,492820.69112848985,5527510.471763049,2.272361910319887,-6.656586738303304,0,1,0.0,0.0,5,6,5,6,WP5->WP6,1,2.486777772315207,-2.48677777212005,1.452623258507588,0.08346196791753135,utm,0,0.0,0.0,0,0.0
84.75,75.86,49.89994009931128,8.900031242169817,0.28817950253334074,-1.4431972607761978,-6.565814446452648,492820.673518233,5527510.472905055,2.25474798574578,-6.655502770096064,0,1,0.0,0.0,5,6,5,6,WP5->WP6,1,2.491179580358402,-2.4911795805425383,1.4697127115530355,0.08444386007260582,utm,0,0.0,0.0,0,0.0
84.8,75.91,49.89994010176556,8.90003099675471,0.28803271180072765,-1.460828951546408,-6.56554146376352,492820.65589394205,5527510.473201449,2.2371228137635626,-6.65526445582509,0,1,0.0,0.0,5,6,5,6,WP5->WP6,1,2.494753186518648,-2.494753186645034,1.486973442144673,0.08543559315579524,utm,0,0.0,0.0,0,0.0
84.85,75.96,49.899940137037035,8.9000306997073,0.2879738000626632,-1.4821701320266858,-6.5616183187717265,492820.63456651143,5527510.477151495,2.215782482177019,-6.6513847121968865,0,1,0.0,0.0,5,6,5,6,WP5->WP6,1,2.5026062031015273,-2.502606202717875,1.5071920548956435,0.0865972744099507,utm,0,0.0,0.0,0,0.0
84.9,76.01,49.89994021840454,8.900030355625022,0.2877440198586361,-1.5068905023008414,-6.5525680439958505,492820.6098680795,5527510.486231127,2.1910542637342587,-6.642386520281434,0,1,0.0,0.0,5,6,5,6,WP5->WP6,1,2.5161268803405648,-2.516126880095737,1.5297673407379133,0.0878943607478305,utm,0,0.0,0.0,0,0.0
84.95,76.06,49.89994031799944,8.90002998024336,0.287999661161528,-1.5338595567506088,-6.54149038883944,492820.58292456553,5527510.497340329,2.1640742873423733,-6.631366167217493,0,1,0.0,0.0,5,6,5,6,WP5->WP6,1,2.5320597487384173,-2.5320597487322827,1.5541704350858885,0.08929646570906574,utm,0,0.0,0.0,0,0.0
85.0,76.11,49.89994044139822,8.90002952914245,0.28807575765103366,-1.5662686119351188,-6.527765095364104,492820.55054675404,5527510.511103364,2.1316512976191007,-6.617709903046489,0,1,0.0,0.0,5,6,5,6,WP5->WP6,1,2.551612116241085,-2.5516121166629655,1.5834184898982075,0.09097694287208731,utm,0,0.0,0.0,0,0.0
85.05,76.16,49.89994057645727,8.900029033206469,0.28811412728126823,-1.601898814117148,-6.512742864193486,492820.5149508112,5527510.526167117,2.096005907689687,-6.6027635326609015,0,1,0.0,0.0,5,6,5,6,WP5->WP6,1,2.57304179915897,-2.5730417993611545,1.6155861212875888,0.09282516731932755,utm,0,0.0,0.0,0,0.0
85.1,76.21,49.89994072584625,8.900028477355747,0.2878487039943567,-1.6418335523104233,-6.4961267557411695,492820.4750541769,5527510.5428298535,2.056054580374621,-6.586232360452414,0,1,0.0,0.0,5,6,5,6,WP5->WP6,1,2.596843462053443,-2.5968434618161464,1.6516813991211217,0.09489905874497621,utm,0,0.0,0.0,0,0.0
85.15,76.26,49.899940888119055,8.900027876304595,0.28806456272187675,-1.6850156863777839,-6.4780776165872584,492820.4319133547,5527510.5609293785,2.0128543481696397,-6.568275097757578,0,1,0.0,0.0,5,6,5,6,WP5->WP6,1,2.622660980877713,-2.622660981110897,1.6906965120745547,0.09714071230968904,utm,0,0.0,0.0,0,0.0
85.2,76.31,49.89994105900667,8.900027255853349,0.28803947945255454,-1.7295916077396976,-6.459070276539707,492820.38738058,5527510.57998858,1.9682590084848925,-6.549362750723958,0,1,0.0,0.0,5,6,5,6,WP5->WP6,1,2.649680627313146,-2.6496806275141735,1.7309004907529464,0.09945067338112366,utm,0,0.0,0.0,0,0.0
85.25,76.36,49.89994123695049,8.900026629977932,0.2880582336039706,-1.7745572252081712,-6.439278094810887,492820.3424593122,5527510.599832832,1.923272590734996,-6.5296666380018,0,1,0.0,0.0,5,6,5,6,WP5->WP6,1,2.6775439426078744,-2.677543942519497,1.7713399554604474,0.10177416454530011,utm,0,0.0,0.0,0,0.0
85.3,76.41,49.89994142082925,8.900025987342161,0.28805478163450915,-1.8207269794833914,-6.418825787357247,492820.29633526906,5527510.620338549,1.877081224520225,-6.509313027374446,0,1,0.0,0.0,5,6,5,6,WP5->WP6,1,2.7062811583847655,-2.70628115795346,1.8128379582233072,0.10415847510548885,utm,0,0.0,0.0,0,0.0
85.35,76.46,49.899941621058666,8.900025284720234,0.2881160949855881,-1.8712064006532454,-6.3965548429170855,492820.24590570567,5527510.642667928,1.8265783517272212,-6.4871499529108405,0,1,0.0,0.0,5,6,5,6,WP5->WP6,1,2.7376120004967093,-2.737612000201596,1.858226506870677,0.10676632099315699,utm,0,0.0,0.0,0,0.0
85.4,76.51,49.8999418327254,8.90002449042891,0.2880407737913771,-1.92827175081726,-6.373011757514641,492820.1888945392,5527510.666277724,1.7694896922330372,-6.463728156872094,0,1,0.0,0.0,5,6,5,6,WP5->WP6,1,2.7714266339432982,-2.7714266338877684,1.9098430366229873,0.1097320019603113,utm,0,0.0,0.0,0,0.0
85.45,76.56,49.899942050678426,8.90002365272302,0.2880138776270709,-1.9884561926101119,-6.348769467494642,492820.1287664592,5527510.690590609,1.7092818191740662,-6.4396135462448,0,1,0.0,0.0,5,6,5,6,WP5->WP6,1,2.8065125571888334,-2.8065125569284493,1.9643910005268852,0.11286611150086152,utm,0,0.0,0.0,0,0.0
85.5,76.61,49.8999422663492,8.900022787685158,0.2879785813733426,-2.050604282334482,-6.324781024362113,492820.0666751768,5527510.714652368,1.6471115819294937,-6.4157565319910645,0,1,0.0,0.0,5,6,5,6,WP5->WP6,1,2.8417173802721365,-2.841717380516847,2.0209145884505735,0.11611373255762295,utm,0,0.0,0.0,0,0.0
85.55,76.66,49.89994247092813,8.900021882830387,0.28794327744362075,-2.115612992310296,-6.302026296347454,492820.0017227704,5527510.737484723,1.5820842875982635,-6.393138340674341,0,1,0.0,0.0,5,6,5,6,WP5->WP6,1,2.8762471747506586,-2.8762471743056675,2.0804782089999705,0.11953602182514661,utm,0,0.0,0.0,0,0.0
85.6,76.71,49.899942659627676,8.900020935800619,0.28803832150031333,-2.1836517379157576,-6.281037785986579,492819.9337391815,5527510.758555612,1.5140316318138503,-6.372291597537696,0,1,0.0,0.0,5,6,5,6,WP5->WP6,1,2.9096108554977502,-2.909610855935408,2.143348038333764,0.1231482727292308,utm,0,0.0,0.0,0,0.0
85.65,76.76,49.89994284167153,8.900020011256125,0.2880711723393038,-2.250075043442611,-6.260789569222979,492819.8673694008,5527510.778884348,1.447595221165102,-6.3521816823631525,0,1,0.0,0.0,5,6,5,6,WP5->WP6,1,2.9419448111025384,-2.9419448108475277,2.2047705154156416,0.126677364516519,utm,0,0.0,0.0,0,0.0
85.7,76.81,49.89994302624763,8.900019116118587,0.28813126917861415,-2.3143856250358787,-6.240259699014896,492819.8031118773,5527510.799491806,1.3832701377104968,-6.331786087714136,0,1,0.0,0.0,5,6,5,6,WP5->WP6,1,2.9741592166766733,-2.974159217103335,2.26406578218931,0.13008423524101081,utm,0,0.0,0.0,0,0.0
85.75,76.86,49.89994321357825,8.900018237160134,0.2880936728219892,-2.377533830674969,-6.219423450797185,492819.740016675,5527510.82040397,1.3201063650194556,-6.311081958003342,0,1,0.0,0.0,5,6,5,6,WP5->WP6,1,3.0064565243063557,-3.0064565245638635,2.3221623146609978,0.13342223144950707,utm,0,0.0,0.0,0,0.0
85.8,76.91,49.89994340393869,8.900017348008241,0.28808584938446286,-2.4414143775199446,-6.1982502034665465,492819.67618987383,5527510.8416539775,1.256209884188138,-6.29004239756614,0,1,0.0,0.0,5,6,5,6,WP5->WP6,1,3.0392220195301687,-3.039222019830629,2.380914724736682,0.13679791178237763,utm,0,0.0,0.0,0,0.0
85.85,76.96,49.899943597327635,8.90001643437726,0.2879988840344391,-2.507053608666487,-6.176740104896324,492819.6106055404,5527510.863243047,1.190554763248656,-6.2686695689335465,0,1,0.0,0.0,5,6,5,6,WP5->WP6,1,3.072647972077528,-3.072647972499294,2.4413307690311,0.14026917793557514,utm,0,0.0,0.0,0,0.0
85.9,77.01,49.899943788961856,8.90001547905298,0.2879726682453624,-2.5756882681421556,-6.155425179333524,492819.54202671413,5527510.88464102,1.1219057954731397,-6.247497703880072,0,1,0.0,0.0,5,6,5,6,WP5->WP6,1,3.1064438739165277,-3.1064438742760836,2.504724504218508,0.14391153039096663,utm,0,0.0,0.0,0,0.0
85.95,77.06,49.89994398014174,8.900014444745382,0.28797934628075217,-2.649997433358852,-6.13416078824893,492819.4677755801,5527510.905996051,1.0475846923072822,-6.226387472823262,0,1,0.0,0.0,5,6,5,6,WP5->WP6,1,3.141254012956131,-3.1412540125049078,2.573699300552227,0.14787454847222578,utm,0,0.0,0.0,0,0.0
86.0,77.11,49.89994417743972,8.900013312122883,0.2880203199380188,-2.7313699695160505,-6.112215898878954,492819.38646480284,5527510.928040734,0.9662017115042545,-6.204610857181251,0,1,0.0,0.0,5,6,5,6,WP5->WP6,1,3.178056544380322,-3.1780565440626685,2.6494817801675636,0.15222870901958227,utm,0,0.0,0.0,0,0.0
86.05,77.16,49.89994438075337,8.90001212654119,0.28800268883036456,-2.816547324986268,-6.089601904546607,492819.3013516184,5527510.950759332,0.8810141233843751,-6.182172860018909,0,1,0.0,0.0,5,6,5,6,WP5->WP6,1,3.216229370745077,-3.216229370904613,2.728874627215962,0.1567903069524439,utm,0,0.0,0.0,0,0.0
86.1,77.21,49.89994458777962,8.900010948881043,0.2880346870798849,-2.901155562064515,-6.066574967170898,492819.21680787683,5527510.97388995,0.796394617354963,-6.159320969134569,0,1,0.0,0.0,5,6,5,6,WP5->WP6,1,3.2547009538239977,-3.2547009541897998,2.8076312587081564,0.16131535046417148,utm,0,0.0,0.0,0,0.0
86.15,77.26,49.89994480597095,8.900009799533473,0.28803558633604676,-2.9837297002158576,-6.042306171030308,492819.1342990803,5527510.998259216,0.713805963518098,-6.1352237313985825,0,1,0.0,0.0,5,6,5,6,WP5->WP6,1,3.2940105201879892,-3.2940105197424705,2.884157859844243,0.16571226528117627,utm,0,0.0,0.0,0,0.0
86.2,77.31,49.89994503571766,8.900008676140631,0.28801994585892565,-3.064439137589636,-6.016752102208189,492819.0536559559,5527511.023910753,0.6330787460901774,-6.1098380805924535,0,1,0.0,0.0,5,6,5,6,WP5->WP6,1,3.334232454106087,-3.334232454243728,2.9586126171953384,0.16999014017609504,utm,0,0.0,0.0,0,0.0
86.25,77.36,49.89994526461634,8.900007542748078,0.28803549524008687,-3.1458669977994282,-5.9912923574782795,492818.97229457035,5527511.049468964,0.5516335790161975,-6.084548122249544,0,1,0.0,0.0,5,6,5,6,WP5->WP6,1,3.3744964656157137,-3.3744964656838943,3.033790450249168,0.17430956013147603,utm,0,0.0,0.0,0,0.0
86.3,77.41,49.899945490360224,8.900006386765497,0.2880424618962534,-3.2289178240385867,-5.96618351195593,492818.88931039925,5527511.074678584,0.46856678393669426,-6.059612101875246,0,1,0.0,0.0,5,6,5,6,WP5->WP6,1,3.4147202166705037,-3.414720217072919,3.110627598832866,0.17872431777245987,utm,0,0.0,0.0,0,0.0
86.35,77.46,49.89994570742943,8.90000518626213,0.2879775894048626,-3.3151672176362936,-5.942039525873009,492818.8031276506,5527511.098927999,0.3823045928729698,-6.035646821372211,0,1,0.0,0.0,5,6,5,6,WP5->WP6,1,3.4545962761963387,-3.454596275783208,3.1907861930882944,0.1833299125010851,utm,0,0.0,0.0,0,0.0
86.4,77.51,49.89994590500028,8.900003929428715,0.28794678042884186,-3.40546360724749,-5.920064285675418,492818.7128966281,5527511.121014941,0.29200127604417503,-6.013857342302799,0,1,0.0,0.0,5,6,5,6,WP5->WP6,1,3.4931016578846052,-3.493101658309834,3.275324976672664,0.18818717552643058,utm,0,0.0,0.0,0,0.0
86.45,77.56,49.89994606992061,8.900002597873176,0.28792846899805596,-3.501128359975974,-5.9017206698399765,492818.61729453964,5527511.139478875,0.1963388614822179,-5.995708551257849,0,1,0.0,0.0,5,6,5,6,WP5->WP6,1,3.5290477454696947,-3.5290477454492923,3.365815611654472,0.19338640831404827,utm,0,0.0,0.0,0,0.0
86.5,77.61,49.89994619463528,8.900001181746704,0.2879251682118801,-3.6028690569801745,-5.887849015004802,492818.51561296516,5527511.153480748,0.09461169800488278,-5.982041830196977,0,1,0.0,0.0,5,6,5,6,WP5->WP6,1,3.5617421002312932,-3.56174210017004,3.463110391517985,0.19897658026534598,utm,0,0.0,0.0,0,0.0
86.55,77.66,49.89994630718174,8.899999741918494,0.28799128932228185,-3.7063125902206324,-5.8753307932663175,492818.4122274285,5527511.166132005,-0.008814967586658895,-5.96973133366555,0,1,0.0,0.0,5,6,5,6,WP5->WP6,1,3.5934268208305595,-3.5934268211298175,3.5623308629606103,0.2046773948129629,utm,0,0.0,0.0,0,0.0
86.6,77.71,49.89994643739614,8.899998302598952,0.2877938754659643,-3.80971957848764,-5.8608474189403745,492818.30888104526,5527511.18074758,-0.11220895318547264,-5.955456401221454,0,1,0.0,0.0,5,6,5,6,WP5->WP6,1,3.6270341990569728,-3.6270341994908564,3.661147026012548,0.21035497940488776,utm,0,0.0,0.0,0,0.0
86.65,77.76,49.899946591711824,8.899996847258867,0.28802752381895574,-3.9142775523876314,-5.843683327240012,492818.2043877139,5527511.198044338,-0.21675871609477326,-5.938504078425467,0,1,0.0,0.0,5,6,5,6,WP5->WP6,1,3.6634894617330485,-3.6634894616539677,3.7605907186673155,0.21606861935753463,utm,0,0.0,0.0,0,0.0
86.7,77.81,49.89994675495648,8.899995364483198,0.2881023735090938,-4.020806618237079,-5.825526091961825,492818.09792540356,5527511.216336477,-0.3232807274325751,-5.920562870800495,0,1,0.0,0.0,5,6,5,6,WP5->WP6,1,3.701289396493758,-3.7012893964668745,3.861783558239663,0.22188275835083993,utm,0,0.0,0.0,0,0.0
86.75,77.86,49.89994691365004,8.899993850015985,0.2880625763453808,-4.129612542687619,-5.8078750618197175,492817.98918646865,5527511.2341256505,-0.4320776935201138,-5.903132125735283,0,1,0.0,0.0,5,6,5,6,WP5->WP6,1,3.7390191718752925,-3.7390191717561145,3.9653068634877924,0.2278307966537741,utm,0,0.0,0.0,0,0.0
86.8,77.91,49.89994705418841,8.899992312546967,0.2879635924127099,-4.240071017041721,-5.7922433816156085,492817.8787929491,5527511.249898492,-0.54252259072382,-5.887723155319691,0,1,0.0,0.0,5,6,5,6,WP5->WP6,1,3.7750760480431915,-3.77507604780243,4.070831331711272,0.23389381383995847,utm,0,0.0,0.0,0,0.0
86.85,77.96,49.89994717469813,8.899990780879666,0.28801037365706506,-4.350112670803529,-5.778839430366606,492817.76881311124,5527511.263443941,-0.6525464684818871,-5.874540202319622,0,1,0.0,0.0,5,6,5,6,WP5->WP6,1,3.808867456803106,-3.80886745664989,4.176364192022635,0.23995731320220984,utm,0,0.0,0.0,0,0.0
86.9,78.01,49.89994728551163,8.899989258900353,0.2880008370454886,-4.45945829721088,-5.766513961889863,492817.659527584,5527511.275910414,-0.7618724837666377,-5.862433931790292,0,1,0.0,0.0,5,6,5,6,WP5->WP6,1,3.8414694569503154,-3.8414694568638263,4.28141584116998,0.2459931640805907,utm,0,0.0,0.0,0,0.0
86.95,78.06,49.899947376960505,8.899987725414704,0.28800344315063436,-4.569630589027123,-5.756342365645324,492817.5494128472,5527511.286224981,-0.872020612761844,-5.852482288144529,0,1,0.0,0.0,5,6,5,6,WP5->WP6,1,3.872111635811149,-3.8721116361156325,4.387682968721749,0.252098851524647,utm,0,0.0,0.0,0,0.0
87.0,78.11,49.89994744364772,8.899986145569539,0.2879339298033075,-4.683133550454565,-5.748924938084574,492817.4359650947,5527511.293790931,-0.9854926817351952,-5.84529022872448,0,1,0.0,0.0,5,6,5,6,WP5->WP6,1,3.9006740394492345,-3.900674039120853,4.497736706866803,0.25842210258680043,utm,0,0.0,0.0,0,0.0
87.05,78.16,49.899947477443746,8.899984483707438,0.28795832175876956,-4.802528965946038,-5.745165902791914,492817.31662235793,5527511.297707818,-1.1048476780415513,-5.841766639612615,0,1,0.0,0.0,5,6,5,6,WP5->WP6,1,3.926749122722405,-3.926749123033994,4.614261900838284,0.265117177819744,utm,0,0.0,0.0,0,0.0
87.1,78.21,49.89994749441375,8.899982759587829,0.2878979743624641,-4.92639723222159,-5.743278377343945,492817.1928060579,5527511.299759919,-1.228670068201609,-5.840122568421066,0,1,0.0,0.0,5,6,5,6,WP5->WP6,1,3.9518252158312652,-3.951825215549777,4.735529690658941,0.2720847437899048,utm,0,0.0,0.0,0,0.0
87.15,78.26,49.899947495969585,8.899981013621248,0.28810829223213474,-5.051835080061162,-5.74310532661377,492817.0674185147,5527511.300100328,-1.354058052354958,-5.8401953568682075,0,1,0.0,0.0,5,6,5,6,WP5->WP6,1,3.975512198060006,-3.9755121982014017,4.858660022945005,0.2791593240589091,utm,0,0.0,0.0,0,0.0
87.2,78.31,49.89994747419092,8.899979278029987,0.28810228672664195,-5.176527519813733,-5.745527705713122,492816.94277261774,5527511.297845353,-1.4786958415643312,-5.842861072160304,0,1,0.0,0.0,5,6,5,6,WP5->WP6,1,3.9965110798148498,-3.9965110794621226,4.981545056719501,0.28621981044886874,utm,0,0.0,0.0,0,0.0
87.25,78.36,49.89994742088345,8.899977557348802,0.28810511904714686,-5.300148754677738,-5.75145694227616,492816.8191928169,5527511.292083501,-1.6022559840930626,-5.849030131474137,0,1,0.0,0.0,5,6,5,6,WP5->WP6,1,4.013865887978893,-4.013865887733163,5.104035777782425,0.29325764119519204,utm,0,0.0,0.0,0,0.0
87.3,78.41,49.899947339076725,8.899975848606099,0.288003093738985,-5.422912276953786,-5.760556069736241,492816.69646615465,5527511.283151881,-1.7249525471124798,-5.858366130851209,0,1,0.0,0.0,5,6,5,6,WP5->WP6,1,4.027947496999669,-4.027947496570734,5.226278633436469,0.3002812305787376,utm,0,0.0,0.0,0,0.0
87.35,78.46,49.8999472201783,8.89997411895107,0.2879870586746366,-5.5471782318698235,-5.773780801318641,492816.5722321521,5527511.270098318,-1.849142859049607,-5.8718290170654655,0,1,0.0,0.0,5,6,5,6,WP5->WP6,1,4.0382600129204125,-4.03826001280634,5.350770138737118,0.3074340184475501,utm,0,0.0,0.0,0,0.0
87.4,78.51,49.89994706183049,8.899972376914643,0.28793066418526625,-5.672333720320319,-5.791393375192633,492816.4471031133,5527511.25265986,-1.9742137526045553,-5.889679725281894,0,1,0.0,0.0,5,6,5,6,WP5->WP6,1,4.044431046522977,-4.044431046572544,5.476957675858363,0.31468425357432755,utm,0,0.0,0.0,0,0.0
87.45,78.56,49.89994686976884,8.89997063375969,0.28802841559294645,-5.797569568660313,-5.81275584168277,492816.3218887401,5527511.23147312,-2.09935762808891,-5.911278976127505,0,1,0.0,0.0,5,6,5,6,WP5->WP6,1,4.0469352719049665,-4.046935272275279,5.603927144863299,0.32197941540416314,utm,0,0.0,0.0,0,0.0
87.5,78.61,49.89994665304863,8.899968904707661,0.28813925763972775,-5.921792201405819,-5.836861009950778,492816.19768351584,5527511.207543425,-2.223483321198728,-5.9356178399175406,0,1,0.0,0.0,5,6,5,6,WP5->WP6,1,4.046556588557712,-4.0465565881425025,5.730415976869163,0.3292469617393675,utm,0,0.0,0.0,0,0.0
87.55,78.66,49.89994642227997,8.899967204624518,0.2880751458311748,-6.043933583141183,-5.862528747387518,492816.07555662474,5527511.182049013,-2.345525536162313,-5.961514566093683,0,1,0.0,0.0,5,6,5,6,WP5->WP6,1,4.044253488290541,-4.04425348823719,5.855154256202442,0.3364139282648094,utm,0,0.0,0.0,0,0.0
87.6,78.71,49.899946169964934,8.899965534457468,0.2880815955509566,-6.163925662405133,-5.890593026416958,492815.9555749776,5527511.154156151,-2.4654146149987355,-5.989802657626569,0,1,0.0,0.0,5,6,5,6,WP5->WP6,1,4.03919436714028,-4.039194366927244,5.9782315191744315,0.3434854593816245,utm,0,0.0,0.0,0,0.0
87.65,78.76,49.899945890293935,8.899963898621756,0.28803450951802956,-6.281451228751546,-5.921700030217609,492815.8380547958,5527511.123218493,-2.582832208252512,-6.021127418614924,0,1,0.0,0.0,5,6,5,6,WP5->WP6,1,4.030685290577847,-4.0306852908214035,6.099457454839525,0.35045062057809856,utm,0,0.0,0.0,0,0.0
87.7,78.81,49.89994560719027,8.899962368674462,0.2880203102192755,-6.391369309697088,-5.953188840877954,492815.7281385517,5527511.0918890275,-2.6926446139113978,-6.052818926051259,0,1,0.0,0.0,5,6,5,6,WP5->WP6,1,4.020375084704191,-4.020375084625143,6.213285464357073,0.3569907262956888,utm,0,0.0,0.0,0,0.0
87.75,78.86,49.899945315724544,8.899960943354525,0.28800793798304003,-6.493770505330044,-5.985607738100257,492815.6257349496,5527511.059619813,-2.794941321539227,-6.085425421595573,0,1,0.0,0.0,5,6,5,6,WP5->WP6,1,4.007742395750293,-4.007742395743041,6.319907296475696,0.36311679365656496,utm,0,0.0,0.0,0,0.0
87.8,78.91,49.89994500285877,8.899959546657557,0.28803687634624575,-6.594115302142832,-6.020406902356742,492815.5253837464,5527511.024968541,-2.8951777917100117,-6.120407197624445,0,1,0.0,0.0,5,6,5,6,WP5->WP6,1,3.992387081651208,-3.992387081673153,6.424956280095647,0.3691524913843195,utm,0,0.0,0.0,0,0.0
87.85,78.96,49.899944666829114,8.899958178148507,0.28776938127341556,-6.692434956102827,-6.057782518419834,492815.4270534369,5527510.987739149,-2.9933848833316006,-6.157960421405733,0,1,0.0,0.0,5,6,5,6,WP5->WP6,1,3.9741223771829297,-3.9741223774484165,6.5284998845563695,0.3751016959994549,utm,0,0.0,0.0,0,0.0
87.9,79.01,49.8999443130582,8.899956840109935,0.28809300518310904,-6.788565478158328,-6.0971314441604285,492815.3309087496,5527510.9485343145,-3.0893998548854142,-6.19748187251389,0,1,0.0,0.0,5,6,5,6,WP5->WP6,1,3.9535097382850646,-3.95350973826772,6.630264018799721,0.38094865931745936,utm,0,0.0,0.0,0,0.0
87.95,79.06,49.89994393543556,8.899955521200477,0.2879972611154493,-6.883321681280608,-6.139133328830333,492815.2361342894,5527510.90667575,-3.1840358617482707,-6.239652524702251,0,1,0.0,0.0,5,6,5,6,WP5->WP6,1,3.9300346039134,-3.9300346043578536,6.731176137907346,0.3867466692268585,utm,0,0.0,0.0,0,0.0
88.0,79.11,49.89994353008843,8.899954210763552,0.2880207250843043,-6.97746918071723,-6.184218929612306,492815.1419641713,5527510.861733892,-3.2780573692871258,-6.284904463216662,0,1,0.0,0.0,5,6,5,6,WP5->WP6,1,3.903417567852566,-3.903417567913783,6.832068730050254,0.39254355719435485,utm,0,0.0,0.0,0,0.0
88.05,79.16,49.899943103767306,8.899952933922721,0.28800018891368767,-7.069202990295931,-6.231637407204581,492815.05020366353,5527510.814456872,-3.3696615844382904,-6.332483610138297,0,1,0.0,0.0,5,6,5,6,WP5->WP6,1,3.874057453669877,-3.8740574535425876,6.931028778153414,0.39822940885033686,utm,0,0.0,0.0,0,0.0
88.1,79.21,49.899942662508415,8.899951704710544,0.28798383173802233,-7.157514949881472,-6.280717369914368,492814.96186142013,5527510.765514463,-3.45784206566168,-6.381716871634126,0,1,0.0,0.0,5,6,5,6,WP5->WP6,1,3.842424461356539,-3.842424461809933,7.026940535278496,0.40374011780340147,utm,0,0.0,0.0,0,0.0
88.15,79.26,49.89994219418026,8.899950504215512,0.2879946286584187,-7.24376374455281,-6.332808169109457,492814.8755774967,5527510.71355967,-3.5439543112297542,-6.43395571783185,0,1,0.0,0.0,5,6,5,6,WP5->WP6,1,3.8074484441559955,-3.8074484439186826,7.121391020237681,0.4091668678566518,utm,0,0.0,0.0,0,0.0
88.2,79.31,49.89994169877642,8.89994933975645,0.28811614014720077,-7.327423558179593,-6.387910519393106,492814.7918774985,5527510.658591077,-3.6274727141135372,-6.4891998348757625,0,1,0.0,0.0,5,6,5,6,WP5->WP6,1,3.769030118314348,-3.769030117914985,7.213864087748812,0.4144800033504199,utm,0,0.0,0.0,0,0.0
88.25,79.36,49.89994118574749,8.899948221019523,0.28809365244316304,-7.407798494346735,-6.444973258478346,492814.7114584476,5527510.601658493,-3.707703715423122,-6.546397117897868,0,1,0.0,0.0,5,6,5,6,WP5->WP6,1,3.7280711115441787,-3.7280711116975285,7.303479391198439,0.41962894306181964,utm,0,0.0,0.0,0,0.0
88.3,79.41,49.89994066284124,8.89994715148714,0.2880841899136185,-7.484638361613743,-6.503134622949814,492814.63457158644,5527510.543623005,-3.7843989117536694,-6.604685660451651,0,1,0.0,0.0,5,6,5,6,WP5->WP6,1,3.6853706528533414,-3.685370652439862,7.389829713121614,0.4245902898912962,utm,0,0.0,0.0,0,0.0
88.35,79.46,49.8999401140114,8.899946110350456,0.28803147838348864,-7.559438158174265,-6.564179393872818,492814.55972013023,5527510.482702544,-3.8590492071816698,-6.665852451696992,0,1,0.0,0.0,5,6,5,6,WP5->WP6,1,3.639456616558534,-3.639456617005542,7.474717547502702,0.4294676079902657,utm,0,0.0,0.0,0,0.0
88.4,79.51,49.89993951912648,8.899945085598592,0.2880057155672806,-7.633060797818933,-6.630346740222319,492814.48603851977,5527510.416659985,-3.932512784085702,-6.732137459330261,0,1,0.0,0.0,5,6,5,6,WP5->WP6,1,3.588292225392477,-3.588292225587121,7.559409958021804,0.43433369780963554,utm,0,0.0,0.0,0,0.0
88.45,79.56,49.89993887392548,8.899944096358558,0.2879966367906856,-7.704132112845675,-6.7021105996134915,492814.4148997412,5527510.3450197475,-4.0034150966093875,-6.804011736065149,0,1,0.0,0.0,5,6,5,6,WP5->WP6,1,3.531154510425272,-3.5311545103772533,7.642646554000875,0.4391161423027157,utm,0,0.0,0.0,0,0.0
88.5,79.61,49.899938191313574,8.899943171224855,0.28797003379504366,-7.770597749691933,-6.778035566880852,492814.34835924505,5527510.26921392,-4.069705424539279,-6.88003642577678,0,1,0.0,0.0,5,6,5,6,WP5->WP6,1,3.4690676903553475,-3.4690676905025355,7.72214113140878,0.44368358525833296,utm,0,0.0,0.0,0,0.0
88.55,79.66,49.89993746999575,8.899942306096426,0.287956329111431,-7.832752346184027,-6.858265682692475,492814.28612231894,5527510.189098911,-4.1316780055640265,-6.960356092080474,0,1,0.0,0.0,5,6,5,6,WP5->WP6,1,3.401945573837926,-3.401945574115793,7.798209989336802,0.44805419996708723,utm,0,0.0,0.0,0,0.0
88.6,79.71,49.899936728709044,8.899941490677886,0.28796976426946125,-7.891335567581835,-6.940716879526335,492814.2274523753,5527510.106758944,-4.190076291444711,-7.042888951487839,0,1,0.0,0.0,5,6,5,6,WP5->WP6,1,3.331973102601045,-3.3319731028103754,7.871188656166587,0.4522472645582941,utm,0,0.0,0.0,0,0.0
88.65,79.76,49.89993601616421,8.899940729001504,0.2879535787118128,-7.946057718190648,-7.019971201053649,492814.1726462291,5527510.027609413,-4.244621314457618,-7.122218657284975,0,1,0.0,0.0,5,6,5,6,WP5->WP6,1,3.264415642547207,-3.2644156427099507,7.939776931652222,0.45618807468547207,utm,0,0.0,0.0,0,0.0
88.7,79.81,49.8999353566846,8.89994003745961,0.28794275181730855,-7.995741101512113,-7.093323229390806,492814.1228847198,5527509.954353088,-4.294141148158815,-7.195638566277921,0,1,0.0,0.0,5,6,5,6,WP5->WP6,1,3.2017087526236607,-3.201708752435094,8.002311265165593,0.45978104933107933,utm,0,0.0,0.0,0,0.0
88.75,79.86,49.8999347208496,8.899939413006107,0.28797086490671125,-8.040604562408282,-7.164045335202044,492814.07794472045,5527509.8837191975,-4.338848139974289,-7.266420166008174,0,1,0.0,0.0,5,6,5,6,WP5->WP6,1,3.1406804427285424,-3.140680442665804,8.059620037444946,0.46307378396503146,utm,0,0.0,0.0,0,0.0
88.8,79.91,49.89993408428474,8.899938789255796,0.2879530812153455,-8.085417503042066,-7.2348486220657975,492814.0330551117,5527509.8130040895,-4.383504473778885,-7.337282817810774,0,1,0.0,0.0,5,6,5,6,WP5->WP6,1,3.0795629508837035,-3.079562951168632,8.116894427006722,0.4663645431044744,utm,0,0.0,0.0,0,0.0
88.85,79.96,49.89993344745716,8.899938165254245,0.28795037172355353,-8.130248493782604,-7.305681129834988,492813.98814741994,5527509.742259799,-4.428178794390988,-7.408174711279571,0,1,0.0,0.0,5,6,5,6,WP5->WP6,1,3.018420155550714,-3.018420155105024,8.174192018330832,0.46965663532510826,utm,0,0.0,0.0,0,0.0
88.9,80.01,49.89993281050875,8.899937541169571,0.287950273147037,-8.175085456430347,-7.376527077098095,492813.9432337394,5527509.671502081,-4.4728590594022535,-7.479080051183701,0,1,0.0,0.0,5,6,5,6,WP5->WP6,1,2.957265282034218,-2.957265282446186,8.231497994287068,0.47294920929343104,utm,0,0.0,0.0,0,0.0
88.95,80.06,49.899932199182075,8.89993694247975,0.2879419579753737,-8.218097942210786,-7.444523192234744,492813.9001476124,5527509.603590618,-4.515721160336398,-7.547133129090071,0,1,0.0,0.0,5,6,5,6,WP5->WP6,1,2.8985664972257283,-2.898566497252096,8.286478297547752,0.4761081593377487,utm,0,0.0,0.0,0,0.0
89.0,80.11,49.89993162819032,8.899936383226205,0.2879360940765413,-8.258277154031186,-7.508032969402639,492813.859899619,5527509.5401599165,-4.555759908631444,-7.6106961173936725,0,1,0.0,0.0,5,6,5,6,WP5->WP6,1,2.843741495263881,-2.8437414949990756,8.337835614222865,0.4790589469501352,utm,0,0.0,0.0,0,0.0
89.05,80.16,49.89993105791799,8.89993582473269,0.28794051360783063,-8.298401761965518,-7.571462727986484,492813.8197063136,5527509.476809128,-4.595744232647121,-7.67417901288718,0,1,0.0,0.0,5,6,5,6,WP5->WP6,1,2.7889848222896543,-2.7889848223921305,8.389124316538137,0.482005792253691,utm,0,0.0,0.0,0,0.0
89.1,80.21,49.89993048735651,8.899935265934287,0.2879358692537528,-8.338548274422585,-7.634924647962037,492813.77949106856,5527509.4134262195,-4.635750390356407,-7.737694100476801,0,1,0.0,0.0,5,6,5,6,WP5->WP6,1,2.734200677051895,-2.7342006774859913,8.440440556814405,0.48495421977920544,utm,0,0.0,0.0,0,0.0
89.15,80.26,49.89992990188624,8.89993468730467,0.2879286290753078,-8.380119547715829,-7.7000448288501095,492813.7378494155,5527509.348387618,-4.677177492179908,-7.802869573235512,0,1,0.0,0.0,5,6,5,6,WP5->WP6,1,2.6780554656913185,-2.6780554660818394,8.493466609260567,0.4880008863268702,utm,0,0.0,0.0,0,0.0
89.2,80.31,49.899929290180445,8.899934082894363,0.2879724979782508,-8.423543018097948,-7.768083112654168,492813.6943524063,5527509.280434554,-4.720450335938949,-7.870965605601668,0,1,0.0,0.0,5,6,5,6,WP5->WP6,1,2.6193923326140935,-2.61939233227319,8.54885835355714,0.49118347614036834,utm,0,0.0,0.0,0,0.0
89.25,80.36,49.899928675840215,8.89993348417617,0.2880119301888694,-8.466557542244457,-7.83641441704718,492813.6512637879,5527509.212188043,-4.763313824136276,-7.93935373891145,0,1,0.0,0.0,5,6,5,6,WP5->WP6,1,2.5603648239760077,-2.560364824300946,8.603903505079103,0.49434615210843846,utm,0,0.0,0.0,0,0.0
89.3,80.41,49.899928062650375,8.899932887072186,0.28800365172391484,-8.509456094566728,-7.904617766420668,492813.60829126474,5527509.144069279,-4.806061638577376,-8.007613742724061,0,1,0.0,0.0,5,6,5,6,WP5->WP6,1,2.5014412069112044,-2.501441206963692,8.658810800454752,0.4975009074094028,utm,0,0.0,0.0,0,0.0
89.35,80.46,49.899927452279975,8.899932284698497,0.28798760430803855,-8.55273324543744,-7.9725075181690555,492813.5649407117,5527509.076264494,-4.849188515567221,-8.075561014935374,0,1,0.0,0.0,5,6,5,6,WP5->WP6,1,2.442896480772193,-2.442896481084201,8.714031035171214,0.5006736429630376,utm,0,0.0,0.0,0,0.0
89.4,80.51,49.89992683680893,8.89993167607043,0.288075228995914,-8.596459738104558,-8.040964599810481,492813.52114023746,5527509.007893207,-4.892763444571756,-8.144076268188655,0,1,0.0,0.0,5,6,5,6,WP5->WP6,1,2.3838789583154787,-2.3838789584493134,8.769798826308794,0.5038778389357348,utm,0,0.0,0.0,0,0.0
89.45,80.56,49.89992624067539,8.899931086187458,0.28815500423838103,-8.638839501503526,-8.107270826118995,492813.47868882667,5527508.941670116,-4.934996396419592,-8.210438892245293,0,1,0.0,0.0,5,6,5,6,WP5->WP6,1,2.3267207941401256,-2.3267207940709884,8.823841071266042,0.5069828918724799,utm,0,0.0,0.0,0,0.0
89.5,80.61,49.899925700053096,8.899930550783795,0.2880789796814423,-8.677305233861079,-8.167402695627066,492813.4401581304,5527508.881613683,-4.973328976368066,-8.270621971227229,0,1,0.0,0.0,5,6,5,6,WP5->WP6,1,2.2748911890549155,-2.27489118881836,8.872882703852154,0.5098006294665555,utm,0,0.0,0.0,0,0.0
89.55,80.66,49.899925180077474,8.89993003462721,0.28817784209357733,-8.714388172215665,-8.2252380948844,492813.4030127429,5527508.823850956,-5.010283813637216,-8.328506791964173,0,1,0.0,0.0,5,6,5,6,WP5->WP6,1,2.2250571546500604,-2.2250571544483186,8.920136079155636,0.5125156208936005,utm,0,0.0,0.0,0,0.0
89.6,80.71,49.89992465876165,8.899929513265057,0.2882010714772459,-8.75184510135467,-8.283222561088555,492813.36549331393,5527508.765939722,-5.047612201014999,-8.386541351675987,0,1,0.0,0.0,5,6,5,6,WP5->WP6,1,2.175146874369664,-2.175146874097557,8.96778460996332,0.515253316387802,utm,0,0.0,0.0,0,0.0
89.65,80.76,49.89992414570819,8.899928995839142,0.2881304111141916,-8.78901923400193,-8.340288027694147,492813.328257795,5527508.708946741,-5.084659705811646,-8.443656725808978,0,1,0.0,0.0,5,6,5,6,WP5->WP6,1,2.1260859049137983,-2.1260859048677454,9.014983179971653,0.5179651589200742,utm,0,0.0,0.0,0,0.0
89.7,80.81,49.8999236419596,8.899928486199693,0.28808930219944584,-8.825633952957388,-8.396318540771187,492813.2915828482,5527508.652987552,-5.1211500482750125,-8.499736469238997,0,1,0.0,0.0,5,6,5,6,WP5->WP6,1,2.077936236584437,-2.077936236982637,9.061438449601711,0.5206342943622864,utm,0,0.0,0.0,0,0.0
89.75,80.86,49.89992314445515,8.899927976091195,0.288083254390999,-8.86228237042268,-8.451654535895988,492813.2548751431,5527508.597722649,-5.1576754366979,-8.555122037418187,0,1,0.0,0.0,5,6,5,6,WP5->WP6,1,2.0304748087036653,-2.030474808755074,9.107796598516098,0.5232978496335848,utm,0,0.0,0.0,0,0.0
89.8,80.91,49.899922644354085,8.899927463419273,0.28811817482651475,-8.89911495551308,-8.507279345355924,492813.21798295726,5527508.542169294,-5.1943843543413095,-8.610796662047505,0,1,0.0,0.0,5,6,5,6,WP5->WP6,1,1.9827643342905963,-1.9827643344734573,9.154389722450176,0.5259749056370518,utm,0,0.0,0.0,0,0.0
89.85,80.96,49.899922144173416,8.89992696018695,0.2877644468419147,-8.935269358651341,-8.56291300882096,492813.1817686704,5527508.486606182,-5.230415344587527,-8.666478811763227,0,1,0.0,0.0,5,6,5,6,WP5->WP6,1,1.9349180190374573,-1.9349180187130426,9.200318625515775,0.5286137981452764,utm,0,0.0,0.0,0,0.0
89.9,81.01,49.89992165375064,8.899926471514036,0.2880494450678712,-8.970377750350142,-8.617461329322476,492813.14660142676,5527508.432126583,-5.265402867808007,-8.721074003726244,0,1,0.0,0.0,5,6,5,6,WP5->WP6,1,1.8879412552909098,-1.8879412549636947,9.245017008022879,0.5311819898253451,utm,0,0.0,0.0,0,0.0
89.95,81.06,49.89992117903401,8.899925997822729,0.2881386477108066,-9.004409798109233,-8.670262700987122,492813.11251243023,5527508.379391795,-5.299317899509333,-8.773920840583742,0,1,0.0,0.0,5,6,5,6,WP5->WP6,1,1.8424779593684704,-1.842477959203019,9.288331050130235,0.5336706427995904,utm,0,0.0,0.0,0,0.0
90.0,81.11,49.89992073892163,8.899925554087883,0.28806847239863986,-9.03628964320476,-8.719215140269448,492813.080579918,5527508.330501525,-5.331089127692394,-8.822916073724627,0,1,0.0,0.0,5,6,5,6,WP5->WP6,1,1.8003902868019983,-1.8003902863768615,9.328810324621466,0.5359964212759608,utm,0,0.0,0.0,0,0.0
90.05,81.16,49.89992029676383,8.899925109840026,0.28797878533639454,-9.068206345179995,-8.7683950858802,492813.0486102593,5527508.281383891,-5.362896752892993,-8.872138792648911,0,1,0.0,0.0,5,6,5,6,WP5->WP6,1,1.7580861463276392,-1.7580861460424075,9.36936844050071,0.5383267296656163,utm,0,0.0,0.0,0,0.0
90.1,81.21,49.89991987338504,8.899924685297913,0.2879956029477037,-9.098707300716057,-8.815486296406867,492813.0180585715,5527508.234352264,-5.393293289060239,-8.919270842336118,0,1,0.0,0.0,5,6,5,6,WP5->WP6,1,1.7175674283278681,-1.7175674285533011,9.40814489086756,0.5405546706252006,utm,0,0.0,0.0,0,0.0
90.15,81.26,49.89991946339234,8.899924272254205,0.28810962988357797,-9.12838216067196,-8.861088610530429,492812.9883346379,5527508.188807834,-5.422866976354271,-8.964912976138294,0,1,0.0,0.0,5,6,5,6,WP5->WP6,1,1.6783557248413548,-1.6783557247649363,9.445831089802393,0.5427199700639995,utm,0,0.0,0.0,0,0.0
90.2,81.31,49.89991905320027,8.899923858324494,0.2882168943645042,-9.15812067502774,-8.906713099288307,492812.95854704524,5527508.1432413235,-5.4525042495224625,-9.010577399283648,0,1,0.0,0.0,5,6,5,6,WP5->WP6,1,1.6391341830129817,-1.639134182618627,9.483583946360493,0.5448890993853106,utm,0,0.0,0.0,0,0.0
90.25,81.36,49.89991864267699,8.899923443570646,0.28831018520120605,-9.187918398864053,-8.952374428320402,492812.92870021693,5527508.097638067,-5.482200636994094,-9.056278764270246,0,1,0.0,0.0,5,6,5,6,WP5->WP6,1,1.5998875690721572,-1.5998875693479528,9.521401845910372,0.547061965818816,utm,0,0.0,0.0,0,0.0
90.3,81.41,49.899918231912395,8.899923027657495,0.28838392596602946,-9.217799412134887,-8.998062597426292,492812.898770096,5527508.052008092,-5.51198022859171,-9.102007120847702,0,1,0.0,0.0,5,6,5,6,WP5->WP6,1,1.560630218154142,-1.560630218404879,9.559306556748425,0.5492398200844424,utm,0,0.0,0.0,0,0.0
90.35,81.46,49.899917825871455,8.899922614927453,0.28834337398990634,-9.247451736991623,-9.04322536828468,492812.8690692736,5527508.006903001,-5.541532252565958,-9.147209842689335,0,1,0.0,0.0,5,6,5,6,WP5->WP6,1,1.5218458616677062,-1.5218458619365935,9.596888225247522,0.5513991136192172,utm,0,0.0,0.0,0,0.0
90.4,81.51,49.899917428065365,8.899922200671973,0.28798341831877294,-9.277213655929918,-9.08747220031053,492812.83926012355,5527507.962713628,-5.571195621218067,-9.19149720761925,0,1,0.0,0.0,5,6,5,6,WP5->WP6,1,1.4839813772546668,-1.4839813773324337,9.634405780072731,0.5535547234367159,utm,0,0.0,0.0,0,0.0
90.45,81.56,49.89991701774193,8.899921763864738,0.28812987216086966,-9.308595791298472,-9.133111301643712,492812.8078295429,5527507.917134708,-5.602475832623895,-9.23717945534736,0,1,0.0,0.0,5,6,5,6,WP5->WP6,1,1.445053637430976,-1.4450536371495288,9.673775189752888,0.5558167334853732,utm,0,0.0,0.0,0,0.0
90.5,81.61,49.89991657406094,8.899921281103742,0.288134520751722,-9.343279445039952,-9.182460666951064,492812.77309380384,5527507.8678514175,-5.637048977252562,-9.28657694440335,0,1,0.0,0.0,5,6,5,6,WP5->WP6,1,1.4031019014505062,-1.4031019015634267,9.71708184224559,0.5583049618816849,utm,0,0.0,0.0,0,0.0
90.55,81.66,49.89991613081829,8.899920782485065,0.28787842328613283,-9.379102383718426,-9.23176127721307,492812.73721929855,5527507.818618384,-5.672761047550011,-9.335927929729223,0,1,0.0,0.0,5,6,5,6,WP5->WP6,1,1.3614116305514938,-1.361411630658292,9.76149797683704,0.5608569367165784,utm,0,0.0,0.0,0,0.0
90.6,81.71,49.89991568745418,8.899920289990716,0.28779840713626165,-9.414485324004989,-9.281075397721795,492812.7017845975,5527507.769371258,-5.7080332696205005,-9.38529155869037,0,1,0.0,0.0,5,6,5,6,WP5->WP6,1,1.3196256029903901,-1.3196256031745044,9.80548462680995,0.5633842350696355,utm,0,0.0,0.0,0,0.0
90.65,81.76,49.89991525392156,8.899919831238545,0.2880635867314051,-9.447444079120032,-9.329295989168305,492812.66877457534,5527507.721213988,-5.740884417376947,-9.433557346463203,0,1,0.0,0.0,5,6,5,6,WP5->WP6,1,1.2784587845495847,-1.278458784292844,9.846886042783503,0.5657629961362008,utm,0,0.0,0.0,0,0.0
90.7,81.81,49.89991483739356,8.89991939784367,0.2880920633183398,-9.478581055663147,-9.375625206214652,492812.63758813124,5527507.674944901,-5.771918219164945,-9.479928952641785,0,1,0.0,0.0,5,6,5,6,WP5->WP6,1,1.238807484264495,-1.238807483926385,9.88614412600245,0.5680186098081792,utm,0,0.0,0.0,0,0.0
90.75,81.86,49.89991443335204,8.899918982445609,0.2878564220382367,-9.508425062609835,-9.42056558758694,492812.6076959958,5527507.630062366,-5.801662288606167,-9.52490974869579,0,1,0.0,0.0,5,6,5,6,WP5->WP6,1,1.2002774200803596,-1.2002774205290645,9.923872310769868,0.5701863215863041,utm,0,0.0,0.0,0,0.0
90.8,81.91,49.89991403327623,8.899918579687911,0.28799928971504535,-9.537360930763018,-9.465064873377676,492812.578712226,5527507.585619539,-5.830499446194153,-9.569447846151888,0,1,0.0,0.0,5,6,5,6,WP5->WP6,1,1.1620101954024598,-1.1620101954228217,9.960626130348912,0.5722980502073262,utm,0,0.0,0.0,0,0.0
90.85,81.96,49.899913649049374,8.899918193091148,0.2880152794946383,-9.56513572699561,-9.507801326328467,492812.55089141935,5527507.542937289,-5.858179448754527,-9.612221543677151,0,1,0.0,0.0,5,6,5,6,WP5->WP6,1,1.1252561503850003,-1.1252561501494032,9.995909439531378,0.5743252891364596,utm,0,0.0,0.0,0,0.0
90.9,82.01,49.899913288408605,8.899917825577196,0.2880549529786985,-9.591539530869616,-9.547914366010724,492812.52444456215,5527507.50287557,-5.884494144876953,-9.652370196767151,0,1,0.0,0.0,5,6,5,6,WP5->WP6,1,1.0908208982797751,-1.0908208984312264,10.029354783104727,0.5762469258553826,utm,0,0.0,0.0,0,0.0
90.95,82.06,49.89991292902752,8.899917449977695,0.2881553599120343,-9.618524235892023,-9.58788729463529,492812.497417222,5527507.462954683,-5.911389784887433,-9.692379930987954,0,1,0.0,0.0,5,6,5,6,WP5->WP6,1,1.0566321248502217,-1.0566321252668591,10.063344224431704,0.5781998242720592,utm,0,0.0,0.0,0,0.0
91.0,82.11,49.89991257446914,8.899917079806357,0.28815917409347896,-9.64511895791538,-9.627323808094228,492812.4707804255,5527507.423569475,-5.937896648654714,-9.73185270279646,0,1,0.0,0.0,5,6,5,6,WP5->WP6,1,1.0228969231770237,-1.0228969228366758,10.096850188831766,0.5801249440231204,utm,0,0.0,0.0,0,0.0
91.05,82.16,49.89991222005358,8.899916712423042,0.2881656798895647,-9.67151337626988,-9.666744436135035,492812.4443438736,5527507.384199878,-5.964203320327215,-9.771309204399586,0,1,0.0,0.0,5,6,5,6,WP5->WP6,1,0.9891397642121194,-0.9891397639760874,10.130156504701855,0.5820385927619245,utm,0,0.0,0.0,0,0.0
91.1,82.21,49.899911871207934,8.89991635173018,0.2881621784968984,-9.697427123350776,-9.70554553782138,492812.4183886287,5527507.345448919,-5.990030726243276,-9.810145485214889,0,1,0.0,0.0,5,6,5,6,WP5->WP6,1,0.9559007788253644,-0.9559007788492568,10.162874717861147,0.5839184514527631,utm,0,0.0,0.0,0,0.0
91.15,82.26,49.89991152937389,8.899915990330587,0.28825163386191766,-9.723391645043142,-9.743566759720155,492812.3923836705,5527507.307477595,-6.0159104143385775,-9.848202298395336,0,1,0.0,0.0,5,6,5,6,WP5->WP6,1,0.9234370480307675,-0.9234370479598608,10.195496572883483,0.585792773787435,utm,0,0.0,0.0,0,0.0
91.2,82.31,49.89991118926743,8.899915624253454,0.28828898434889716,-9.749692221602835,-9.781395827633386,492812.36604304763,5527507.269698797,-6.042126399755944,-9.886067692190409,0,1,0.0,0.0,5,6,5,6,WP5->WP6,1,0.8912249885539905,-0.8912249886036924,10.228412363322363,0.587683984484703,utm,0,0.0,0.0,0,0.0
91.25,82.36,49.899910852802435,8.899915250549462,0.2882621502755092,-9.776540744960407,-9.818819864788617,492812.33915523696,5527507.232325599,-6.068890906579327,-9.923529293388128,0,1,0.0,0.0,5,6,5,6,WP5->WP6,1,0.8595133426661511,-0.8595133428547641,10.261790227695046,0.5896017441165368,utm,0,0.0,0.0,0,0.0
91.3,82.41,49.8999105204033,8.899914865597813,0.2881816739939952,-9.804197349014844,-9.855791668456888,492812.3114602712,5527507.195405533,-6.096464057336561,-9.960540423169732,0,1,0.0,0.0,5,6,5,6,WP5->WP6,1,0.8283972281203307,-0.8283972280324389,10.295876732359497,0.5915602194074033,utm,0,0.0,0.0,0,0.0
91.35,82.46,49.89991019648654,8.899914484728585,0.28784346540197087,-9.831560654117144,-9.891820002671519,492812.28405974724,5527507.159428169,-6.123745874443557,-9.996607885695994,0,1,0.0,0.0,5,6,5,6,WP5->WP6,1,0.7981524841020536,-0.7981524841821966,10.329498375280227,0.5934919855872094,utm,0,0.0,0.0,0,0.0
91.4,82.51,49.89990988204047,8.899914109339543,0.28809342395614707,-9.858530238833065,-9.926794938810776,492812.25705419347,5527507.124503255,-6.150636191654485,-10.031621603295207,0,1,0.0,0.0,5,6,5,6,WP5->WP6,1,0.7688682157769519,-0.7688682155101928,10.362535947371136,0.5953901933749309,utm,0,0.0,0.0,0,0.0
91.45,82.56,49.89990957501025,8.899913727550747,0.2881054501264373,-9.885959609738133,-9.960945030344492,492812.2295901381,5527507.090403467,-6.177987727103755,-10.065811708569527,0,1,0.0,0.0,5,6,5,6,WP5->WP6,1,0.7404800299143631,-0.7404800295031561,10.395870325119716,0.5973054544379138,utm,0,0.0,0.0,0,0.0
91.5,82.61,49.899909274090646,8.899913343052802,0.2881672939065944,-9.9135836176748,-9.994415456353256,492812.2019324305,5527507.056983336,-6.20553515345091,-10.099322800524533,0,1,0.0,0.0,5,6,5,6,WP5->WP6,1,0.7127956738624559,-0.7127956743220268,10.429268385820324,0.599224374470604,utm,0,0.0,0.0,0,0.0
91.55,82.66,49.89990896331676,8.899912945134865,0.2880312100476701,-9.94217177633592,-10.028981945081915,492812.1733094921,5527507.022468867,-6.234044199052732,-10.133931404910982,0,1,0.0,0.0,5,6,5,6,WP5->WP6,1,0.6842158959964961,-0.6842158956964345,10.463818601912228,0.6012094927799232,utm,0,0.0,0.0,0,0.0
91.6,82.71,49.899908601859444,8.89991251139132,0.2880060676246967,-9.973333802881896,-10.069185807300427,492812.1421061812,5527506.98232272,-6.265115044894628,-10.174180160276592,0,1,0.0,0.0,5,6,5,6,WP5->WP6,1,0.650583548014734,-0.6505835483688998,10.501952903238525,0.6034005384039088,utm,0,0.0,0.0,0,0.0
91.65,82.76,49.89990821087991,8.89991206293238,0.2880860853862846,-10.005553047413974,-10.11267334152755,492812.109841687,5527506.938895627,-6.297236256301403,-10.217713340185583,0,1,0.0,0.0,5,6,5,6,WP5->WP6,1,0.6139252966355049,-0.6139252969989073,10.541740873688623,0.6056865972934116,utm,0,0.0,0.0,0,0.0
91.7,82.81,49.89990781187555,8.89991160325592,0.2877491834668831,-10.038578207548975,-10.157053453428478,492812.0767704057,5527506.89457739,-6.330161313817371,-10.262140317820013,0,1,0.0,0.0,5,6,5,6,WP5->WP6,1,0.5765417510534417,-0.576541751241524,10.58248748479339,0.6080277358707108,utm,0,0.0,0.0,0,0.0
91.75,82.86,49.899907409877976,8.899911149344163,0.28802263284875396,-10.071189206207348,-10.20176649261883,492812.0441126754,5527506.849925808,-6.36267172411317,-10.306899276562035,0,1,0.0,0.0,5,6,5,6,WP5->WP6,1,0.53875367270613,-0.5387536722887473,10.622889863468076,0.6103490962186121,utm,0,0.0,0.0,0,0.0
91.8,82.91,49.89990700244973,8.899910709362407,0.28800766807596595,-10.102799412941419,-10.247083569668707,492812.0124545312,5527506.804669091,-6.394180559611414,-10.35226007271558,0,1,0.0,0.0,5,6,5,6,WP5->WP6,1,0.5001848798611529,-0.5001848799858831,10.662422847165898,0.6126205045812055,utm,0,0.0,0.0,0,0.0
91.85,82.96,49.899906607299734,8.899910284464783,0.2880331108756347,-10.133325909949647,-10.291034971972842,492811.9818814886,5527506.760776055,-6.424608793226071,-10.39625361841172,0,1,0.0,0.0,5,6,5,6,WP5->WP6,1,0.462753817584794,-0.4627538176240528,10.700635738601205,0.6148160656809819,utm,0,0.0,0.0,0,0.0
91.9,83.01,49.8999062445219,8.899909883598967,0.28803987578537443,-10.162125857040516,-10.331385711339088,492811.9530391171,5527506.720479935,-6.453318218176719,-10.436644565314054,0,1,0.0,0.0,5,6,5,6,WP5->WP6,1,0.4285344134619724,-0.42853441351122257,10.736478339409096,0.6168754392874479,utm,0,0.0,0.0,0,0.0
91.95,83.06,49.89990588859322,8.899909496194857,0.2881310763551787,-10.189958656605523,-10.370974639059705,492811.925164525,5527506.68094403,-6.481062374194153,-10.476272112689912,0,1,0.0,0.0,5,6,5,6,WP5->WP6,1,0.394881680716316,-0.39488168094452925,10.771228508887575,0.6188720461248748,utm,0,0.0,0.0,0,0.0
92.0,83.11,49.899905548437175,8.899909131252512,0.28811060133882094,-10.216177705031102,-10.408809221445987,492811.8989053841,5527506.643159614,-6.507196859514806,-10.514142856933177,0,1,0.0,0.0,5,6,5,6,WP5->WP6,1,0.3626489265183232,-0.3626489267040227,10.804065289225154,0.6207587172152618,utm,0,0.0,0.0,0,0.0
92.05,83.16,49.89990524921451,8.899908799498549,0.28808885641546234,-10.240012355475612,-10.442090901631468,492811.8750357725,5527506.609923092,-6.530956815520767,-10.547457857988775,0,1,0.0,0.0,5,6,5,6,WP5->WP6,1,0.3344394629025996,-0.3344394627092276,10.833707335536204,0.6224618315663045,utm,0,0.0,0.0,0,0.0
92.1,83.21,49.89990495284149,8.899908455836668,0.2880504000689474,-10.264702522657428,-10.475055624141488,492811.850311408,5527506.5770045435,-6.555572567565832,-10.58045770227909,0,1,0.0,0.0,5,6,5,6,WP5->WP6,1,0.30670160123602,-0.30670160096266347,10.864129959398658,0.6242097948058468,utm,0,0.0,0.0,0,0.0
92.15,83.26,49.899904631769324,8.899908037536921,0.2880576487738415,-10.29475499937175,-10.510767561750344,492811.82022319996,5527506.541347043,-6.585543108172715,-10.61621416080743,0,1,0.0,0.0,5,6,5,6,WP5->WP6,1,0.2772716850740308,-0.2772716853003308,10.90033268986923,0.6262898600336102,utm,0,0.0,0.0,0,0.0
92.2,83.31,49.899904278996296,8.899907560332105,0.2881105949969568,-10.329039472963586,-10.550005495454654,492811.7858999705,5527506.50217061,-6.619737051136326,-10.655503488145769,0,1,0.0,0.0,5,6,5,6,WP5->WP6,1,0.24517314884888625,-0.24517314849456154,10.941351720476316,0.6286466507544569,utm,0,0.0,0.0,0,0.0
92.25,83.36,49.89990392646004,8.89990706791545,0.28818120810364356,-10.364416831353383,-10.589217092845088,492811.75048432616,5527506.463021963,-6.655023494618945,-10.694768629036844,0,1,0.0,0.0,5,6,5,6,WP5->WP6,1,0.2133053646292681,-0.21330536505660325,10.983438878041113,0.631064811811593,utm,0,0.0,0.0,0,0.0
92.3,83.41,49.89990358716389,8.899906573950108,0.28819439570770294,-10.399905454131225,-10.626956032307008,492811.7149594283,5527506.4253455335,-6.690424042462837,-10.732561921700835,0,1,0.0,0.0,5,6,5,6,WP5->WP6,1,0.1829043893217265,-0.18290438896481157,11.025359187571393,0.633473386442777,utm,0,0.0,0.0,0,0.0
92.35,83.46,49.899903280572566,8.899906126524684,0.28814911163405793,-10.432050446469983,-10.661057307240446,492811.68278168776,5527506.391300846,-6.722489419043995,-10.766712460666895,0,1,0.0,0.0,5,6,5,6,WP5->WP6,1,0.15544822870259598,-0.15544822874132433,11.063314516681562,0.6356541490334482,utm,0,0.0,0.0,0,0.0
92.4,83.51,49.89990301243441,8.899905754750666,0.2880860400563761,-10.45876031205588,-10.690881546546246,492811.65604262205,5527506.361524223,-6.749130215146579,-10.79657703731209,0,1,0.0,0.0,5,6,5,6,WP5->WP6,1,0.1311725447785743,-0.13117254436176068,11.09513143093972,0.6374822226660963,utm,0,0.0,0.0,0,0.0
92.45,83.56,49.89990277506036,8.899905431075128,0.28811650796489463,-10.482014573240685,-10.717283981741492,492811.63276235486,5527506.335163417,-6.772323487792164,-10.823014415800571,0,1,0.0,0.0,5,6,5,6,WP5->WP6,1,0.10960873581105131,-0.10960873608833957,11.122913891423678,0.6390784925950004,utm,0,0.0,0.0,0,0.0
92.5,83.61,49.899902532904406,8.899905100311518,0.28806465325871006,-10.505778072432191,-10.744218295432978,492811.6089723418,5527506.308271629,-6.796024753712118,-10.849984454922378,0,1,0.0,0.0,5,6,5,6,WP5->WP6,1,0.087618172268298,-0.08761817212841394,11.151296070769247,0.6407092199897987,utm,0,0.0,0.0,0,0.0
92.55,83.66,49.899902285256346,8.899904766048007,0.2880121381506115,-10.529793019750311,-10.77176347958166,492811.58493016456,5527506.280769548,-6.819976171362214,-10.877565613947809,0,1,0.0,0.0,5,6,5,6,WP5->WP6,1,0.06507495786445301,-0.06507495780346326,11.180039664880061,0.642360712842788,utm,0,0.0,0.0,0,0.0
92.6,83.71,49.89990204892497,8.899904452478689,0.28799057389798594,-10.55232120605858,-10.798049941743663,492811.56237583735,5527506.254523702,-6.842443886853289,-10.903885642066598,0,1,0.0,0.0,5,6,5,6,WP5->WP6,1,0.04348889675450121,-0.043488896725098286,11.207087476195456,0.6439147727458108,utm,0,0.0,0.0,0,0.0
92.65,83.76,49.899901833675635,8.899904163102823,0.2876809456348493,-10.573111229301656,-10.821991509025155,492811.541562113,5527506.230619487,-6.863178725412581,-10.92785831540823,0,1,0.0,0.0,5,6,5,6,WP5->WP6,1,0.02387932305694384,-0.0238793228946117,11.23198902660562,0.6453455170143316,utm,0,0.0,0.0,0,0.0
92.7,83.81,49.899901628548484,8.899903882814623,0.2880688686340596,-10.593248355035628,-10.844807214630956,492811.52140252985,5527506.207839813,-6.883263132011052,-10.950704298913479,0,1,0.0,0.0,5,6,5,6,WP5->WP6,1,0.005252785257211562,-0.005252785059865157,11.25603844323332,0.6467273010572766,utm,0,0.0,0.0,0,0.0
92.75,83.86,49.89990142450969,8.899903602650278,0.28805672843227625,-10.613376582507906,-10.867501865030059,492811.50125200296,5527506.185181134,-6.903338881151285,-10.97342925798148,0,1,0.0,0.0,5,6,5,6,WP5->WP6,1,0.013256560851492025,0.013256560837028177,11.28005642751753,0.6481072791224991,utm,0,0.0,0.0,0,0.0
92.8,83.91,49.89990121601783,8.899903307827671,0.28803072587014245,-10.634557923412716,-10.890691817559121,492811.4800481203,5527506.162028758,-6.924466353433672,-10.996651383116841,0,1,0.0,0.0,5,6,5,6,WP5->WP6,1,0.03205478648294304,0.032054786754531904,11.305201285446214,0.649552002875505,utm,0,0.0,0.0,0,0.0
92.85,83.96,49.8999010145522,8.899903021490227,0.28797876930236677,-10.655129653245018,-10.91310026298627,492811.4594546497,5527506.139656763,-6.944985988608096,-11.01909111905843,0,1,0.0,0.0,5,6,5,6,WP5->WP6,1,0.050199970251261376,0.05019997001372396,11.329601070855023,0.6509539177182267,utm,0,0.0,0.0,0,0.0
92.9,84.01,49.89990084582473,8.899902789255503,0.28754369991004736,-10.671814407861422,-10.931867335730807,492811.44275147043,5527506.120919489,-6.961627331271302,-11.037883333861828,0,1,0.0,0.0,5,6,5,6,WP5->WP6,1,0.06549856441131889,0.0654985641193788,11.349501689610415,0.6520973282993074,utm,0,0.0,0.0,0,0.0
92.95,84.06,49.899900678443956,8.899902555995729,0.2879980119384636,-10.68857280655605,-10.950484619849986,492811.42597487627,5527506.1023320425,-6.97834258218063,-11.056525965221226,0,1,0.0,0.0,5,6,5,6,WP5->WP6,1,0.08063627974150368,0.08063628011493076,11.369446534645919,0.6532432799469381,utm,0,0.0,0.0,0,0.0
93.0,84.11,49.89990049466855,8.899902277029428,0.28800626302833054,-10.708614961302692,-10.970925432096589,492811.4059133978,5527506.081926185,-6.998336707241833,-11.076997821219265,0,1,0.0,0.0,5,6,5,6,WP5->WP6,1,0.09694880588259451,0.09694880568149648,11.39295745683425,0.6545941242363308,utm,0,0.0,0.0,0,0.0
93.05,84.16,49.899900304138676,8.899901981685128,0.2880322818439713,-10.729833782899714,-10.992117524434887,492811.38467471726,5527506.06077092,-7.019505558419041,-11.098222959786654,0,1,0.0,0.0,5,6,5,6,WP5->WP6,1,0.11377838140619513,0.11377838134352757,11.417764556167219,0.656019441720771,utm,0,0.0,0.0,0,0.0
93.1,84.21,49.8999001470658,8.899901754464794,0.28774307824288853,-10.746158281837506,-11.0095882905991,492811.3683333813,5527506.043328954,-7.035789328219835,-11.115718682296574,0,1,0.0,0.0,5,6,5,6,WP5->WP6,1,0.12787172172038017,0.1278717215470591,11.437068420756386,0.6571285651755894,utm,0,0.0,0.0,0,0.0
93.15,84.26,49.899900012704286,8.899901565302091,0.2879956307589301,-10.759748554789976,-11.024532937081906,492811.3547285568,5527506.028408443,-7.049344910483342,-11.130683944560587,0,1,0.0,0.0,5,6,5,6,WP5->WP6,1,0.13999737881818164,0.1399973789934013,11.45321404981902,0.6580562289500345,utm,0,0.0,0.0,0,0.0
93.2,84.31,49.89989987991426,8.899901383371324,0.2880194512628238,-10.772819253948661,-11.039302791608188,492811.3416433327,5527506.013661959,-7.0623814687132835,-11.145473469048738,0,1,0.0,0.0,5,6,5,6,WP5->WP6,1,0.15204882516788373,0.15204882523883403,11.468816758152995,0.6589526986539098,utm,0,0.0,0.0,0,0.0
93.25,84.36,49.89989974719061,8.899901201424449,0.28809787295140654,-10.78589111037654,-11.054065263080034,492811.32855696144,5527505.998922859,-7.075419198372401,-11.160255612805486,0,1,0.0,0.0,5,6,5,6,WP5->WP6,1,0.16409280388770717,0.16409280350408859,11.484419218386874,0.6598491541029383,utm,0,0.0,0.0,0,0.0
93.3,84.41,49.89989961298116,8.899901018774191,0.2881535992221563,-10.799013500849888,-11.06899299539903,492811.3154198555,5527505.984018632,-7.088507118285634,-11.175203050486743,0,1,0.0,0.0,5,6,5,6,WP5->WP6,1,0.17628957109359408,0.17628957091182296,11.500102279382325,0.6607502405518747,utm,0,0.0,0.0,0,0.0
93.35,84.46,49.89989948251349,8.899900842721664,0.28797460534835373,-10.811661881621896,-11.083504540658893,492811.3027571265,5527505.969529791,-7.101122032676358,-11.189733540639281,0,1,0.0,0.0,5,6,5,6,WP5->WP6,1,0.18816656932637668,0.1881665695999712,11.515241900698621,0.6616201031134052,utm,0,0.0,0.0,0,0.0
93.4,84.51,49.89989936034545,8.899900673169872,0.2881243092612433,-10.82384322119384,-11.097092941621302,492811.2905624857,5527505.955963102,-7.1132719002780505,-11.203340341337025,0,1,0.0,0.0,5,6,5,6,WP5->WP6,1,0.1992247281310563,0.19922472779663658,11.529749879278803,0.6624536739898976,utm,0,0.0,0.0,0,0.0
93.45,84.56,49.899899227351334,8.899900490051333,0.2881438976665218,-10.836999255044665,-11.111885496475189,492811.27739193017,5527505.941194043,-7.126393715036102,-11.218152722343802,0,1,0.0,0.0,5,6,5,6,WP5->WP6,1,0.21128246291372269,0.21128246287689864,11.545440630669788,0.6633552022984432,utm,0,0.0,0.0,0,0.0
93.5,84.61,49.8998990804538,8.899900294054074,0.28827419126123527,-10.851080552286687,-11.128224488859937,492811.2632944138,5527505.9248804,-7.140437395661138,-11.234512732364237,0,1,0.0,0.0,5,6,5,6,WP5->WP6,1,0.22468511620911838,0.22468511641043,11.562329791983167,0.6643255864854206,utm,0,0.0,0.0,0,0.0
93.55,84.66,49.89989894752689,8.899900124369406,0.28822862556321577,-10.863271438308491,-11.143009567973222,492811.25108863163,5527505.910117524,-7.152594462677371,-11.249315751716495,0,1,0.0,0.0,5,6,5,6,WP5->WP6,1,0.2369164583281396,0.23691645872507872,11.577071498390339,0.6651725864353382,utm,0,0.0,0.0,0,0.0
93.6,84.71,49.89989884605914,8.899899987072589,0.288243350377743,-10.873135439999029,-11.154295535639108,492811.2412134814,5527505.898849251,-7.1624324263539165,-11.260616504587233,0,1,0.0,0.0,5,6,5,6,WP5->WP6,1,0.2461484034018326,0.2461484034003043,11.588872505370574,0.6658506254659061,utm,0,0.0,0.0,0,0.0
93.65,84.76,49.89989875221293,8.899899854599113,0.2881975324360871,-10.882652911800417,-11.164733780782328,492811.2316858555,5527505.888427898,-7.171925658534747,-11.271069197915494,0,1,0.0,0.0,5,6,5,6,WP5->WP6,1,0.2546129691007606,0.25461296937965994,11.600174335560215,0.6664999837789943,utm,0,0.0,0.0,0,0.0
93.7,84.81,49.899898658322556,8.899899722263454,0.2881419491311208,-10.892160482237339,-11.175176938292289,492811.2221681204,5527505.87800162,-7.181408983713482,-11.281526784412563,0,1,0.0,0.0,5,6,5,6,WP5->WP6,1,0.26308421659607295,0.26308421703590684,11.611467365370135,0.6671488364571868,utm,0,0.0,0.0,0,0.0
93.75,84.86,49.89989855007493,8.899899569431591,0.2880750867390605,-10.90314058927856,-11.187217011209082,492811.2111763018,5527505.865981035,-7.192361130495556,-11.293583526276052,0,1,0.0,0.0,5,6,5,6,WP5->WP6,1,0.27284733958907165,0.27284733974483305,11.624505615907825,0.6678979625927516,utm,0,0.0,0.0,0,0.0
93.8,84.91,49.89989841220605,8.899899367462178,0.28810205260876737,-10.917650952113359,-11.202551772345084,492811.19665123173,5527505.850671796,-7.206835672375746,-11.30894054658711,0,1,0.0,0.0,5,6,5,6,WP5->WP6,1,0.28518353447669964,0.2851835343092988,11.641627787427783,0.6688817346215331,utm,0,0.0,0.0,0,0.0
93.85,84.96,49.89989827572126,8.899899160933158,0.28817796449665,-10.932488896915293,-11.217732583883697,492811.1817989158,5527505.835516882,-7.22163796692621,-11.324144321493804,0,1,0.0,0.0,5,6,5,6,WP5->WP6,1,0.2973071573404061,0.29730715698300175,11.659042737341348,0.6698823285349644,utm,0,0.0,0.0,0,0.0
93.9,85.01,49.899898157305316,8.899898976280772,0.28822880080613417,-10.94575512900652,-11.230903650884121,492811.16852037143,5527505.822368809,-7.234873111650813,-11.337336081080139,0,1,0.0,0.0,5,6,5,6,WP5->WP6,1,0.30775215469327605,0.30775215460938354,11.67453769107609,0.6707726070871757,utm,0,0.0,0.0,0,0.0
93.95,85.06,49.89989805526272,8.89989880320956,0.2882239441142341,-10.958189319134618,-11.242253556438204,492811.15607597044,5527505.811040056,-7.247280112816952,-11.348705780692399,0,1,0.0,0.0,5,6,5,6,WP5->WP6,1,0.3165650166424763,0.3165650167043124,11.688874260540736,0.6715963294761006,utm,0,0.0,0.0,0,0.0
94.0,85.11,49.899897968455846,8.89989864750379,0.2880732418988506,-10.969375900202893,-11.25190883626435,492811.14488094545,5527505.801403585,-7.258443321508821,-11.358379091136158,0,1,0.0,0.0,5,6,5,6,WP5->WP6,1,0.32394789296233295,0.32394789265706947,11.701668138047598,0.6723314149070716,utm,0,0.0,0.0,0,0.0
94.05,85.16,49.89989788567299,8.899898500292451,0.2881956783680441,-10.979952204271145,-11.261116536015036,492811.1342965523,5527505.792213699,-7.268997373292223,-11.367603807710111,0,1,0.0,0.0,5,6,5,6,WP5->WP6,1,0.33100572331328765,0.33100572295797004,11.713778894242084,0.6730272508982974,utm,0,0.0,0.0,0,0.0
94.1,85.21,49.899897804043654,8.899898351587154,0.28818884020470314,-10.990635840845384,-11.27019593334996,492811.1236050408,5527505.783152209,-7.279658965941053,-11.376700480468571,0,1,0.0,0.0,5,6,5,6,WP5->WP6,1,0.3379174536616186,0.337917453829345,11.725970981797646,0.6737277598667794,utm,0,0.0,0.0,0,0.0
94.15,85.26,49.89989772417204,8.899898213669763,0.2881893535510984,-11.000544427263149,-11.279079824431784,492811.11368853186,5527505.77428511,-7.289546200772747,-11.385600209236145,0,1,0.0,0.0,5,6,5,6,WP5->WP6,1,0.3447825336475516,0.3447825332455903,11.737365422439764,0.6743824392089562,utm,0,0.0,0.0,0,0.0
94.2,85.31,49.899897643584964,8.89989808815577,0.28821720936560247,-11.009561899557692,-11.288043294015258,492811.1046626761,5527505.765337274,-7.298542521253694,-11.39457773976028,0,1,0.0,0.0,5,6,5,6,WP5->WP6,1,0.3518928145670212,0.3518928141859651,11.74789982956745,0.6749877044383072,utm,0,0.0,0.0,0,0.0
94.25,85.36,49.89989756542244,8.899897971268315,0.2881798398068548,-11.017959603662346,-11.296737087895368,492811.09625670186,5527505.756658179,-7.30691984918667,-11.403284488245845,0,1,0.0,0.0,5,6,5,6,WP5->WP6,1,0.3588545062522261,0.35885450588930873,11.757775149974412,0.6755551011601717,utm,0,0.0,0.0,0,0.0
94.3,85.41,49.89989748558417,8.899897850343121,0.2881353880906291,-11.02664739653505,-11.305617270115539,492811.0875605054,5527505.747793157,-7.315586785087362,-11.412178120575845,0,1,0.0,0.0,5,6,5,6,WP5->WP6,1,0.3659448194924989,0.3659448192159089,11.76797024227748,0.6761408707062198,utm,0,0.0,0.0,0,0.0
94.35,85.46,49.89989740603502,8.899897735302963,0.2881571461109902,-11.034912382869924,-11.314465293774115,492811.07928699,5527505.738959716,-7.323831146233715,-11.421038776636124,0,1,0.0,0.0,5,6,5,6,WP5->WP6,1,0.3730828248214205,0.37308282526344094,11.777744167054042,0.6767024416375347,utm,0,0.0,0.0,0,0.0
94.4,85.51,49.899897335097975,8.899897635119556,0.28817550803759995,-11.042109995377531,-11.322355418653496,492811.0720817031,5527505.731082363,-7.331010435358621,-11.428939830511808,0,1,0.0,0.0,5,6,5,6,WP5->WP6,1,0.3794804205990097,0.3794804208524441,11.786290488742871,0.6771934793669862,utm,0,0.0,0.0,0,0.0
94.45,85.56,49.89989726420365,8.899897529205703,0.2881058271566946,-11.049719308186603,-11.330240791067459,492811.0644648861,5527505.723210312,-7.338601269817445,-11.436836938373744,0,1,0.0,0.0,5,6,5,6,WP5->WP6,1,0.3857961626693125,0.385796162655615,11.795240152875165,0.6777076915526354,utm,0,0.0,0.0,0,0.0
94.5,85.61,49.89989718698128,8.899897412388926,0.2880963460996918,-11.058111934498296,-11.338830014435198,492811.0560641272,5527505.714635738,-7.346973726875149,-11.4454391496256,0,1,0.0,0.0,5,6,5,6,WP5->WP6,1,0.39265613345171785,0.3926561330116815,11.805090882823015,0.6782736754043028,utm,0,0.0,0.0,0,0.0
94.55,85.66,49.899897111501005,8.899897304763613,0.28811881136028705,-11.06584420601034,-11.34722546923855,492811.04832371906,5527505.706253974,-7.354686472099274,-11.453846375457942,0,1,0.0,0.0,5,6,5,6,WP5->WP6,1,0.3994496521764239,0.3994496525552897,11.814256906206568,0.6788003187339404,utm,0,0.0,0.0,0,0.0
94.6,85.71,49.89989704002786,8.899897215634132,0.2881003005598737,-11.072247656318575,-11.355175222453223,492811.0419121984,5527505.698315957,-7.361071799357887,-11.461805478669703,0,1,0.0,0.0,5,6,5,6,WP5->WP6,1,0.40605468422132013,0.40605468448980236,11.82203464792472,0.6792471969082705,utm,0,0.0,0.0,0,0.0
94.65,85.76,49.89989697041692,8.899897126786465,0.28808927641818205,-11.07863085990368,-11.362917848267777,492811.03552119306,5527505.690584958,-7.36743729369482,-11.46955749578774,0,1,0.0,0.0,5,6,5,6,WP5->WP6,1,0.41246014099220835,0.4124601411835657,11.829753677658525,0.6796907017249696,utm,0,0.0,0.0,0,0.0
94.7,85.81,49.89989690214798,8.899897036535304,0.2881095497656715,-11.08511489662907,-11.370511206905096,492811.0290295941,5527505.683003301,-7.373903873143718,-11.477160504087806,0,1,0.0,0.0,5,6,5,6,WP5->WP6,1,0.4187001338875656,0.41870013373885445,11.83754372707015,0.6801382870505254,utm,0,0.0,0.0,0,0.0
94.75,85.86,49.89989683435942,8.89989694558511,0.28812240999889177,-11.091649154855581,-11.37805113444467,492811.02248786506,5527505.67547512,-7.380420758679975,-11.484710201621056,0,1,0.0,0.0,5,6,5,6,WP5->WP6,1,0.42487825023033526,0.42487824994117124,11.845373070012567,0.68058813002643,utm,0,0.0,0.0,0,0.0
94.8,85.91,49.89989676223192,8.89989684291053,0.2881521628629917,-11.099025744122931,-11.386073669647246,492811.01510349556,5527505.667465651,-7.387778694042936,-11.492743959650397,0,1,0.0,0.0,5,6,5,6,WP5->WP6,1,0.43137229655861853,0.43137229670945665,11.854119946620884,0.6810906908456833,utm,0,0.0,0.0,0,0.0
94.85,85.96,49.899896673069414,8.899896708836218,0.28812334390469213,-11.108658227016033,-11.39599095911113,492811.00546159944,5527505.657565199,-7.397387912322301,-11.502676133066416,0,1,0.0,0.0,5,6,5,6,WP5->WP6,1,0.43930379420766086,0.4393037945902294,11.865437033843268,0.6817409257673277,utm,0,0.0,0.0,0,0.0
94.9,86.01,49.89989659459365,8.899896599219376,0.2880844325556523,-11.11653357863015,-11.404719593791393,492810.9975777229,5527505.648850578,-7.405243028362747,-11.511416686698794,0,1,0.0,0.0,5,6,5,6,WP5->WP6,1,0.4463976270135416,0.4463976269766853,11.874806007645876,0.6822792298226661,utm,0,0.0,0.0,0,0.0
94.95,86.06,49.899896525017404,8.899896510283883,0.28771967618729405,-11.12292309206344,-11.412458360748364,492810.9911804152,5527505.641123445,-7.411614837648813,-11.519164859317243,0,1,0.0,0.0,5,6,5,6,WP5->WP6,1,0.45279811200820275,0.4527981116280979,11.882530509430978,0.6827230490417178,utm,0,0.0,0.0,0,0.0
95.0,86.11,49.89989645560358,8.899896429001327,0.2880338614189657,-11.128762785091768,-11.420179060978452,492810.9853327332,5527505.633413636,-7.417437081399839,-11.526893896050751,0,1,0.0,0.0,5,6,5,6,WP5->WP6,1,0.4592839390174425,0.4592839387607017,11.88971177538521,0.6831356560856771,utm,0,0.0,0.0,0,0.0
95.05,86.16,49.89989638102432,8.89989635136076,0.28800013150481446,-11.134340821827625,-11.428474298689077,492810.9797458359,5527505.62512917,-7.422996648121625,-11.535196727141738,0,1,0.0,0.0,5,6,5,6,WP5->WP6,1,0.4663829388816166,0.4663829385069448,11.896743845262433,0.6835396909151136,utm,0,0.0,0.0,0,0.0
95.1,86.21,49.89989629786762,8.899896275576506,0.2876805652783322,-11.139785492860785,-11.437723580566479,492810.9742909765,5527505.615890864,-7.4284210344194435,-11.544452959671617,0,1,0.0,0.0,5,6,5,6,WP5->WP6,1,0.47444367991715186,0.47444367991473363,11.903823833089392,0.6839464789197868,utm,0,0.0,0.0,0,0.0
95.15,86.26,49.899896217095126,8.899896202053387,0.2880338744260979,-11.145067714081739,-11.446707673175416,492810.96899885655,5527505.606917424,-7.433683554991148,-11.553443789482117,0,1,0.0,0.0,5,6,5,6,WP5->WP6,1,0.482274499358877,0.4822744991862699,11.910694599498507,0.6843412458920543,utm,0,0.0,0.0,0,0.0
95.2,86.31,49.89989613202437,8.899896124776001,0.28802039339347657,-11.150619658277018,-11.456169850221,492810.9634364823,5527505.597466451,-7.439214754733257,-11.562913041561842,0,1,0.0,0.0,5,6,5,6,WP5->WP6,1,0.4905241630882418,0.4905241633518944,11.917919828860795,0.6847563788989783,utm,0,0.0,0.0,0,0.0
95.25,86.36,49.899896039370546,8.899896026605395,0.288021826359523,-11.15767266241848,-11.466475469244992,492810.956372519,5527505.587174379,-7.446244763676077,-11.573228335939348,0,1,0.0,0.0,5,6,5,6,WP5->WP6,1,0.499320550381607,0.4993205501113098,11.926777023681323,0.6852652781649241,utm,0,0.0,0.0,0,0.0
95.3,86.41,49.899895933556714,8.899895882650219,0.28777888591451506,-11.168015029650109,-11.478244839127798,492810.9460185467,5527505.575423537,-7.45655995659763,-11.585013234987855,0,1,0.0,0.0,5,6,5,6,WP5->WP6,1,0.5089374435250829,0.508937443903145,11.93913835025928,0.6859755109360333,utm,0,0.0,0.0,0,0.0
95.35,86.46,49.89989582012827,8.89989570102319,0.287954626241358,-11.181063906856984,-11.490861159620248,492810.9329580106,5527505.562829699,-7.469578920688946,-11.597650041803718,0,1,0.0,0.0,5,6,5,6,WP5->WP6,1,0.5188785057849439,0.5188785053920495,11.954315887675948,0.6868475520062269,utm,0,0.0,0.0,0,0.0
95.4,86.51,49.8998956881417,8.899895460230942,0.28804076608328366,-11.198363471323775,-11.50554164841038,492810.9156457218,5527505.548178196,-7.486842833634,-11.61235851701349,0,1,0.0,0.0,5,6,5,6,WP5->WP6,1,0.5300493727312727,0.5300493730091707,11.974054013543068,0.6879816263907761,utm,0,0.0,0.0,0,0.0
95.45,86.56,49.89989553483129,8.899895170607406,0.28806400282048544,-11.219171288282583,-11.522593926634478,492810.8948234086,5527505.531160542,-7.507608954561874,-11.629444695077837,0,1,0.0,0.0,5,6,5,6,WP5->WP6,1,0.5428912761962489,0.5428912757727752,11.997681430050287,0.689339163981442,utm,0,0.0,0.0,0,0.0
95.5,86.61,49.89989534907046,8.899894830316885,0.28809510921081316,-11.24361924226426,-11.543255571098104,492810.8703575858,5527505.510539827,-7.532006692024879,-11.650145920924842,0,1,0.0,0.0,5,6,5,6,WP5->WP6,1,0.5585946220706947,0.5585946217048137,12.025559652662634,0.6909409360222256,utm,0,0.0,0.0,0,0.0
95.55,86.66,49.89989515081837,8.899894438816201,0.2880901554233155,-11.27174635753963,-11.565306584004356,492810.84221221006,5527505.488535217,-7.560079401999246,-11.672243161126971,0,1,0.0,0.0,5,6,5,6,WP5->WP6,1,0.5749723595251706,0.5749723594307408,12.05731079027139,0.6927652303896239,utm,0,0.0,0.0,0,0.0
95.6,86.71,49.899894910635865,8.89989397308536,0.28805191306659594,-11.3052064907259,-11.592021395631415,492810.80872970884,5527505.461875797,-7.593473869259469,-11.699012773111463,0,1,0.0,0.0,5,6,5,6,WP5->WP6,1,0.5949294635922642,0.5949294639854802,12.095172598575067,0.6949406196458773,utm,0,0.0,0.0,0,0.0
95.65,86.76,49.89989465471844,8.899893455240104,0.2880951445509536,-11.342410750658495,-11.620486358366964,492810.7715022329,5527505.433471932,-7.630607542349026,-11.727539161220193,0,1,0.0,0.0,5,6,5,6,WP5->WP6,1,0.6159030182027252,0.6159030180615309,12.137038749011616,0.6973460825104577,utm,0,0.0,0.0,0,0.0
95.7,86.81,49.89989440148444,8.899892891765226,0.28773046323057555,-11.382893241410157,-11.648652850425554,492810.73099822964,5527505.405370795,-7.6710187224671245,-11.755773619748652,0,1,0.0,0.0,5,6,5,6,WP5->WP6,1,0.6359689107411807,0.6359689108199981,12.18206771881283,0.6999332684245602,utm,0,0.0,0.0,0,0.0
95.75,86.86,49.89989415565569,8.899892311036618,0.288027275898718,-11.424615315378588,-11.675995678742796,492810.68925623666,5527505.37809465,-7.712670604349114,-11.783187171444297,0,1,0.0,0.0,5,6,5,6,WP5->WP6,1,0.6549936795966536,0.654993679530396,12.228159369425253,0.7025815117609862,utm,0,0.0,0.0,0,0.0
95.8,86.91,49.89989391701335,8.899891721245712,0.28806728248383,-11.466988464297527,-11.702539182281086,492810.64686449524,5527505.351618378,-7.754974866926204,-11.809802995994687,0,1,0.0,0.0,5,6,5,6,WP5->WP6,1,0.6731115579678402,0.6731115582156196,12.274740429547437,0.7052578746256951,utm,0,0.0,0.0,0,0.0
95.85,86.96,49.89989366696425,8.899891113831096,0.28788697418868364,-11.5106277773802,-11.730351427109731,492810.60320539825,5527505.323875568,-7.798542304546572,-11.837689527310431,0,1,0.0,0.0,5,6,5,6,WP5->WP6,1,0.6922377804085499,0.6922377804404274,12.322802555078448,0.7080193336314107,utm,0,0.0,0.0,0,0.0
95.9,87.01,49.899893387253904,8.899890488767003,0.28807699051132374,-11.555535105772355,-11.761462808385975,492810.55827438284,5527505.292836634,-7.843370791757479,-11.868876355700195,0,1,0.0,0.0,5,6,5,6,WP5->WP6,1,0.7143655696717239,0.7143655700877165,12.372728224423408,0.7108878644694832,utm,0,0.0,0.0,0,0.0
95.95,87.06,49.89989308921713,8.899889862253287,0.28804953059824256,-11.600546581372557,-11.794612584838294,492810.5132365378,5527505.259760261,-7.888299393933266,-11.902100965380669,0,1,0.0,0.0,5,6,5,6,WP5->WP6,1,0.7384752560217988,0.7384752563394279,12.42313831291592,0.7137842281094297,utm,0,0.0,0.0,0,0.0
96.0,87.11,49.89989276456763,8.899889204963667,0.28800602171644163,-11.647769132069211,-11.830722419200558,492810.46598454274,5527505.2237279685,-7.935432393336669,-11.938288774341345,0,1,0.0,0.0,5,6,5,6,WP5->WP6,1,0.7650767738626897,0.7650767737655457,12.476274330643442,0.7168372128257807,utm,0,0.0,0.0,0,0.0
96.05,87.16,49.899892414354134,8.899888497314931,0.28798479970481233,-11.6986097011176,-11.869675663457839,492810.41511217,5527505.184858239,-7.986176400445402,-11.977325934916735,0,1,0.0,0.0,5,6,5,6,WP5->WP6,1,0.7937918143137619,0.7937918145494308,12.53349583530401,0.7201249334086659,utm,0,0.0,0.0,0,0.0
96.1,87.21,49.89989204901024,8.899887759052202,0.28809989912912565,-11.751649712843808,-11.910311818194817,492810.362038981,5527505.144309211,-8.039115677936934,-12.018049637787044,0,1,0.0,0.0,5,6,5,6,WP5->WP6,1,0.8237468873013369,0.8237468870765451,12.593192407608997,0.7235548615564669,utm,0,0.0,0.0,0,0.0
96.15,87.26,49.899891672485445,8.899886993417761,0.28810860067542,-11.806656227643387,-11.952191592733811,492810.30699840945,5527505.102519689,-8.094018239411525,-12.060020310804248,0,1,0.0,0.0,5,6,5,6,WP5->WP6,1,0.8545543375982863,0.8545543375617296,12.655052973521471,0.7271091241894717,utm,0,0.0,0.0,0,0.0
96.2,87.31,49.89989128925657,8.89988621162796,0.28798801715089184,-11.862823413888178,-11.994817043035399,492810.2507966312,5527505.059986342,-8.150079550163355,-12.102738631889224,0,1,0.0,0.0,5,6,5,6,WP5->WP6,1,0.8858763338111699,0.885876333398838,12.71819296158978,0.7307368973423569,utm,0,0.0,0.0,0,0.0
96.25,87.36,49.899890908071406,8.899885399214844,0.28793921986709753,-11.921190712566931,-12.037215177333582,492810.19239591924,5527505.017683158,-8.208340541110374,-12.145234037190676,0,1,0.0,0.0,5,6,5,6,WP5->WP6,1,0.9165626576618855,0.9165626572870897,12.783450544030991,0.7344863390645552,utm,0,0.0,0.0,0,0.0
96.3,87.41,49.899890538705556,8.899884551796864,0.28796149224635975,-11.982072913151283,-12.078298682906958,492810.1314830616,5527504.976697439,-8.269118005642667,-12.186420261859894,0,1,0.0,0.0,5,6,5,6,WP5->WP6,1,0.9454866974650975,0.9454866971290813,12.85093095049251,0.7383634954340186,utm,0,0.0,0.0,0,0.0
96.35,87.46,49.899890194284474,8.899883696492976,0.2880024059713191,-12.043521671790765,-12.116607653603733,492810.07000757754,5527504.938485903,-8.330467235471588,-12.224834174849093,0,1,0.0,0.0,5,6,5,6,WP5->WP6,1,0.9715803075882892,0.9715803078550991,12.918447468081173,0.742242726605546,utm,0,0.0,0.0,0,0.0
96.4,87.51,49.89988987699568,8.899882882095175,0.2880501866590244,-12.10203155884704,-12.151898777628015,492810.01147382654,5527504.903287075,-8.388884676096495,-12.260225700214505,0,1,0.0,0.0,5,6,5,6,WP5->WP6,1,0.9952617966930611,0.995261797027561,12.982512626459057,0.7459236563730206,utm,0,0.0,0.0,0,0.0
96.45,87.56,49.89988957928206,8.89988214832778,0.288015502197211,-12.15474860619696,-12.185012610244062,492809.9587335179,5527504.870256933,-8.441515852406155,-12.293429460376501,0,1,0.0,0.0,5,6,5,6,WP5->WP6,1,1.0178915322650361,1.0178915318785735,13.04048180396418,0.7492543352705271,utm,0,0.0,0.0,0,0.0
96.5,87.61,49.8998893004502,8.899881497839413,0.28806161013567083,-12.201482525246632,-12.216026279784144,492809.9119767618,5527504.839318117,-8.488170400320087,-12.324522188864648,0,1,0.0,0.0,5,6,5,6,WP5->WP6,1,1.0395809247834928,1.0395809249420227,13.092182624261913,0.752224859237927,utm,0,0.0,0.0,0,0.0
96.55,87.66,49.89988904976588,8.899880909572696,0.28774804963844075,-12.243746169801724,-12.243909178356539,492809.86969268357,5527504.811502849,-8.530362587887794,-12.352476647123694,0,1,0.0,0.0,5,6,5,6,WP5->WP6,1,1.059034424571844,1.0590344246134233,13.13890728348214,0.7549094727369583,utm,0,0.0,0.0,0,0.0
96.6,87.71,49.899888804990184,8.899880332332062,0.28776716877724295,-12.285217652492394,-12.271134878247354,492809.8282013295,5527504.784343457,-8.571764216874726,-12.37977262120694,0,1,0.0,0.0,5,6,5,6,WP5->WP6,1,1.077991162133069,1.077991162378163,13.18473093592793,0.7575423179622398,utm,0,0.0,0.0,0,0.0
96.65,87.76,49.8998885407421,8.899879711971133,0.28801430052555893,-12.329787085081175,-12.300526436601826,492809.7836103643,5527504.755023213,-8.616258319467306,-12.409239647909999,0,1,0.0,0.0,5,6,5,6,WP5->WP6,1,1.098493664611996,1.0984936648733779,13.234002411069453,0.7603732613974538,utm,0,0.0,0.0,0,0.0
96.7,87.81,49.89988825057943,8.899879031874095,0.2880754223229376,-12.378648220091673,-12.332800398840693,492809.7347255528,5527504.722827453,-8.665036769176368,-12.441596325486898,0,1,0.0,0.0,5,6,5,6,WP5->WP6,1,1.1210216745759425,1.1210216747793198,13.288028150536546,0.7634773659942341,utm,0,0.0,0.0,0,0.0
96.75,87.86,49.89988793786404,8.899878295804912,0.28809090897675704,-12.431530637865338,-12.36758283642828,492809.6818177068,5527504.6881295955,-8.717829986242577,-12.476468345150352,0,1,0.0,0.0,5,6,5,6,WP5->WP6,1,1.145258743577668,1.1452587438358919,13.346472534178815,0.7668353483505971,utm,0,0.0,0.0,0,0.0
96.8,87.91,49.899887609482555,8.899877533033372,0.2880059680666575,-12.486331469378927,-12.404107768256596,492809.6269898814,5527504.651692505,-8.772537440876476,-12.51308591477573,0,1,0.0,0.0,5,6,5,6,WP5->WP6,1,1.170847033694977,1.1708470332690608,13.40712722439306,0.7703203261513175,utm,0,0.0,0.0,0,0.0
96.85,87.96,49.89988726045323,8.899876739894577,0.2879527616807034,-12.543314016855739,-12.442929300520793,492809.569978139,5527504.612962649,-8.829421245201956,-12.552003433927894,0,1,0.0,0.0,5,6,5,6,WP5->WP6,1,1.1982812341905908,1.1982812343612428,13.470354632286638,0.7739531221004503,utm,0,0.0,0.0,0,0.0
96.9,88.01,49.8998869008105,8.899875950222086,0.28811996069227974,-12.600047529906009,-12.482931331186096,492809.51321375376,5527504.573052435,-8.886053804017138,-12.592100489884615,0,1,0.0,0.0,5,6,5,6,WP5->WP6,1,1.2269212107731653,1.226921210325574,13.533558844119913,0.7775845852960082,utm,0,0.0,0.0,0,0.0
96.95,88.06,49.89988655165895,8.899875165845735,0.2881198636029361,-12.656400545148898,-12.521766457892838,492809.4568312732,5527504.534308151,-8.942308302386664,-12.631030363962054,0,1,0.0,0.0,5,6,5,6,WP5->WP6,1,1.254486782685996,1.254486782525473,13.596170687023355,0.7811820133235846,utm,0,0.0,0.0,0,0.0
97.0,88.11,49.89988621768022,8.89987437674391,0.2882028092266561,-12.713093059117645,-12.558913956323332,492809.4001116833,5527504.497251272,-8.998905468848534,-12.668273952789605,0,1,0.0,0.0,5,6,5,6,WP5->WP6,1,1.280331689376787,1.2803316890850807,13.65879947415256,0.7847804148991327,utm,0,0.0,0.0,0,0.0
97.05,88.16,49.89988589827555,8.899873592407861,0.2880608271647036,-12.769443178890375,-12.59444042254838,492809.34373651654,5527504.4618143225,-9.055163552286103,-12.70389648526907,0,1,0.0,0.0,5,6,5,6,WP5->WP6,1,1.3046491551591104,1.304649155231981,13.720788164006946,0.7883420390253993,utm,0,0.0,0.0,0,0.0
97.1,88.21,49.89988558919553,8.899872829142891,0.28777779962386557,-12.824279460514997,-12.628818508604828,492809.2888761192,5527504.427523267,-9.109910650644451,-12.738368138670921,0,1,0.0,0.0,5,6,5,6,WP5->WP6,1,1.3281228904480114,1.3281228905165874,13.781075172614047,0.7918058913000623,utm,0,0.0,0.0,0,0.0
97.15,88.26,49.899885286394074,8.899872079904423,0.2878107054094218,-12.878108017192728,-12.662498246860098,492809.2350239783,5527504.393928937,-9.163651794020552,-12.772139748558402,0,1,0.0,0.0,5,6,5,6,WP5->WP6,1,1.3510998720160563,1.3510998721043663,13.840241805584595,0.7952053712366907,utm,0,0.0,0.0,0,0.0
97.2,88.31,49.89988499106558,8.899871342789574,0.2880287010301822,-12.931065560216455,-12.69534678903118,492809.18204361445,5527504.361164308,-9.216523899172898,-12.805078788660467,0,1,0.0,0.0,5,6,5,6,WP5->WP6,1,1.3734240306917898,1.3734240303438159,13.89839738823692,0.7985467602342345,utm,0,0.0,0.0,0,0.0
97.25,88.36,49.89988469475611,8.899870607259215,0.28800854504654627,-12.983909266518898,-12.728304443336715,492809.12917689566,5527504.328290455,-9.269281999964733,-12.838126678019762,0,1,0.0,0.0,5,6,5,6,WP5->WP6,1,1.3958766678099896,1.3958766677156418,13.956461656500254,0.8018829026693545,utm,0,0.0,0.0,0,0.0
97.3,88.41,49.89988439795466,8.899869849233475,0.2877477961811965,-13.038369139064674,-12.761316818563492,492809.0746945799,5527504.295364067,-9.323655515909195,-12.871232425794005,0,1,0.0,0.0,5,6,5,6,WP5->WP6,1,1.4180800280111054,1.4180800275660965,14.016123039125775,0.8053108089578181,utm,0,0.0,0.0,0,0.0
97.35,88.46,49.89988409858441,8.899869056256772,0.2879948714752016,-13.095340041105478,-12.79461491410556,492809.01770185115,5527504.262155428,-9.380538501020055,-12.904628694988787,0,1,0.0,0.0,5,6,5,6,WP5->WP6,1,1.440093153653609,1.4400931539803008,14.078303479150216,0.8088834502879245,utm,0,0.0,0.0,0,0.0
97.4,88.51,49.899883800902884,8.89986822209082,0.28795830706346975,-13.155270158317125,-12.827725177242966,492808.95775133505,5527504.229138498,-9.440379889158066,-12.937843004241586,0,1,0.0,0.0,5,6,5,6,WP5->WP6,1,1.4613670584063558,1.4613670579985205,14.143354251742881,0.8126210095369191,utm,0,0.0,0.0,0,0.0
97.45,88.56,49.8998835165995,8.899867387667637,0.2879647371725184,-13.215218756101887,-12.859347428387238,492808.8977843333,5527504.197609014,-9.500242664536927,-12.969569929875433,0,1,0.0,0.0,5,6,5,6,WP5->WP6,1,1.4811764709269648,1.4811764713146955,14.208144195571279,0.8163435826001784,utm,0,0.0,0.0,0,0.0
97.5,88.61,49.899883232708056,8.899866572320004,0.28798446982619696,-13.273796883243596,-12.89092386072727,492808.83918731747,5527504.166123498,-9.558735606377013,-13.00124837178737,0,1,0.0,0.0,5,6,5,6,WP5->WP6,1,1.5011978354809672,1.501197835271806,14.271579934301148,0.819988348412435,utm,0,0.0,0.0,0,0.0
97.55,88.66,49.89988294712654,8.899865763980362,0.2880288891545007,-13.331871525798281,-12.922688274760368,492808.7810933341,5527504.134449403,-9.616724897059612,-13.033113735727966,0,1,0.0,0.0,5,6,5,6,WP5->WP6,1,1.5214981654443633,1.5214981657550017,14.33455656337533,0.8236067356057832,utm,0,0.0,0.0,0,0.0
97.6,88.71,49.89988266218903,8.89986494805342,0.288114463203227,-13.390491273026356,-12.954381058661106,492808.72245455784,5527504.1028476395,-9.675259215931874,-13.064908562228084,0,1,0.0,0.0,5,6,5,6,WP5->WP6,1,1.541625965793722,1.5416259659248892,14.398054982138554,0.8272551027640201,utm,0,0.0,0.0,0,0.0
97.65,88.76,49.89988238206676,8.899864143273144,0.2881659082860782,-13.448310195206593,-12.985538256619007,492808.6646170032,5527504.071780176,-9.732994078309275,-13.096166452392936,0,1,0.0,0.0,5,6,5,6,WP5->WP6,1,1.561378036511356,1.5613780363401222,14.46066668820155,0.8308525229292876,utm,0,0.0,0.0,0,0.0
97.7,88.81,49.89988210154937,8.899863381472825,0.288058444520743,-13.50304124994768,-13.016739401969652,492808.609866028,5527504.040664659,-9.787642219627742,-13.12746222410351,0,1,0.0,0.0,5,6,5,6,WP5->WP6,1,1.581752172434625,1.5817521727040975,14.52025476795059,0.8342762175253601,utm,0,0.0,0.0,0,0.0
97.75,88.86,49.899881821029574,8.899862682947804,0.28812134566116404,-13.553226331542,-13.047940815473398,492808.55965921644,5527504.009542799,-9.837746201083064,-13.158749364316463,0,1,0.0,0.0,5,6,5,6,WP5->WP6,1,1.6029788590906362,1.6029788591399337,14.575379371326884,0.8374434584816874,utm,0,0.0,0.0,0,0.0
97.8,88.91,49.89988154035899,8.89986201090073,0.2881840589815168,-13.601509122039925,-13.079159000927833,492808.51135391626,5527503.978401632,-9.885948617884424,-13.190049544908106,0,1,0.0,0.0,5,6,5,6,WP5->WP6,1,1.624578657258223,1.6245786569385448,14.62863932829536,0.8405035642549896,utm,0,0.0,0.0,0,0.0
97.85,88.96,49.89988126621235,8.89986133380194,0.2881253446067165,-13.65015484979346,-13.109651546396918,492808.46268679225,5527503.947986299,-9.934515248402022,-13.22062508855015,0,1,0.0,0.0,5,6,5,6,WP5->WP6,1,1.6453979333350381,1.6453979333199011,14.682119597217891,0.843576328278897,utm,0,0.0,0.0,0,0.0
97.9,89.01,49.89988100619128,8.899860677513402,0.2881059523057298,-13.697305478404964,-13.138572945335612,492808.4155162718,5527503.919139488,-9.981590452371165,-13.249627185985446,0,1,0.0,0.0,5,6,5,6,WP5->WP6,1,1.6649548631096371,1.6649548632293683,14.733837321720616,0.8465478234948339,utm,0,0.0,0.0,0,0.0
97.95,89.06,49.899880753883394,8.899860046678715,0.28802706913439835,-13.742627391465703,-13.166636429103606,492808.37017488526,5527503.891147804,-10.026839350233786,-13.277768133208156,0,1,0.0,0.0,5,6,5,6,WP5->WP6,1,1.6840122892795493,1.684012289453598,14.783598653763686,0.8494069121636877,utm,0,0.0,0.0,0,0.0
98.0,89.11,49.899880506925406,8.899859406569451,0.2879836436773872,-13.788615630467561,-13.194104858494795,492808.32416823274,5527503.863751827,-10.072755473549478,-13.305315569974482,0,1,0.0,0.0,5,6,5,6,WP5->WP6,1,1.7023605318697357,1.7023605316955022,14.833902666268754,0.8522971810983422,utm,0,0.0,0.0,0,0.0
98.05,89.16,49.899880267113225,8.899858761722106,0.28803156081951437,-13.83494427392305,-13.220778480673163,492808.27782237274,5527503.837150796,-10.119013422168791,-13.332069182768464,0,1,0.0,0.0,5,6,5,6,WP5->WP6,1,1.71986456057497,1.7198645604316167,14.88439189819236,0.8551980920057706,utm,0,0.0,0.0,0,0.0
98.1,89.21,49.89988003546722,8.899858117672263,0.2880353943640971,-13.881215621322907,-13.24654380249103,492808.2315349995,5527503.811457624,-10.165215876011644,-13.357914749532938,0,1,0.0,0.0,5,6,5,6,WP5->WP6,1,1.736487508384281,1.7364875081164395,14.934654584637565,0.8580859865090216,utm,0,0.0,0.0,0,0.0
98.15,89.26,49.899879813060316,8.899857471748978,0.2880443019972086,-13.927621564949225,-13.271281485204568,492808.18511445646,5527503.786791859,-10.211554884619545,-13.382733351550996,0,1,0.0,0.0,5,6,5,6,WP5->WP6,1,1.7520762219288946,1.7520762216148318,14.984856763556937,0.8609704044899532,utm,0,0.0,0.0,0,0.0
98.2,89.31,49.89987960307935,8.899856818616703,0.2880228670046797,-13.974545433886078,-13.294637067202858,492808.13817804074,5527503.763508337,-10.25841431808658,-13.406171419657767,0,1,0.0,0.0,5,6,5,6,WP5->WP6,1,1.766210800012435,1.7662107996323315,15.035308356676138,0.8638691528210444,utm,0,0.0,0.0,0,0.0
98.25,89.36,49.8998794086901,8.899856148763531,0.28792430158010274,-14.022670604907216,-13.316258426669995,492808.09004311805,5527503.741959947,-10.30647796986159,-13.427878313697875,0,1,0.0,0.0,5,6,5,6,WP5->WP6,1,1.7784173894409878,1.7784173895461002,15.086614331311345,0.8668169905235611,utm,0,0.0,0.0,0,0.0
98.3,89.41,49.89987923518942,8.899855481347007,0.28799360032043925,-14.07062071650185,-13.335556410720029,492808.0420862898,5527503.72273377,-10.354371180699673,-13.447262421250343,0,1,0.0,0.0,5,6,5,6,WP5->WP6,1,1.7883755661915628,1.788375566410961,15.13731283222902,0.8697299251969361,utm,0,0.0,0.0,0,0.0
98.35,89.46,49.89987909228919,8.899854815821254,0.28805322725094623,-14.118434986925054,-13.351450793231765,492807.9942697972,5527503.70690965,-10.402135267679114,-13.463244027458131,0,1,0.0,0.0,5,6,5,6,WP5->WP6,1,1.7950173448218298,1.7950173450120765,15.187239843986992,0.8725985331647331,utm,0,0.0,0.0,0,0.0
98.4,89.51,49.899878982841464,8.899854130726055,0.2881061497040666,-14.167655211539106,-13.36362435049922,492807.94505288184,5527503.694806746,-10.451312032411806,-13.475509052164853,0,1,0.0,0.0,5,6,5,6,WP5->WP6,1,1.797742196586325,1.7977421965137057,15.237849726610738,0.8755063761826075,utm,0,0.0,0.0,0,0.0
98.45,89.56,49.89987889718551,8.89985342745402,0.2880297265864455,-14.218181339266533,-13.373151617288546,492807.89453411946,5527503.6853508195,-10.501799359859433,-13.485131404362619,0,1,0.0,0.0,5,6,5,6,WP5->WP6,1,1.797623923339415,1.797623923454025,15.289245698377036,0.8784593847631366,utm,0,0.0,0.0,0,0.0
98.5,89.61,49.89987882344412,8.899852731338521,0.2880883194043088,-14.26819331033795,-13.38135366082914,492807.84453108,5527503.677218898,-10.551775330328383,-13.493428059853613,0,1,0.0,0.0,5,6,5,6,WP5->WP6,1,1.796300859782971,1.7963008597873995,15.339888383962032,0.8813691125089907,utm,0,0.0,0.0,0,0.0
98.55,89.66,49.89987875223332,8.89985206329881,0.2880838732793164,-14.31618819439062,-13.389274234174996,492807.7965447013,5527503.66936564,-10.599735569150653,-13.501439407467842,0,1,0.0,0.0,5,6,5,6,WP5->WP6,1,1.7950795976710934,1.7950795973732243,15.38849779377714,0.8841620162978553,utm,0,0.0,0.0,0,0.0
98.6,89.71,49.89987868082767,8.899851416920848,0.28801970278121075,-14.362626804071134,-13.397216479810307,492807.7501139489,5527503.661488637,-10.646140112017747,-13.50946937315166,0,1,0.0,0.0,5,6,5,6,WP5->WP6,1,1.7941713876982597,1.7941713878019836,15.435583217161147,0.8868673578740992,utm,0,0.0,0.0,0,0.0
98.65,89.76,49.899878599359056,8.899850808688223,0.28801601790577636,-14.406324886468763,-13.406278000743372,492807.70642113755,5527503.652489146,-10.689803029643372,-13.518612798303366,0,1,0.0,0.0,5,6,5,6,WP5->WP6,1,1.7948759492670296,1.7948759493838116,15.480187658593547,0.8894301520728063,utm,0,0.0,0.0,0,0.0
98.7,89.81,49.89987850964052,8.899850213873831,0.28801624816362903,-14.449058944486941,-13.416257135935224,492807.6636907406,5527503.642571119,-10.73250051116338,-13.52867158409208,0,1,0.0,0.0,5,6,5,6,WP5->WP6,1,1.7966622191441928,1.796662219228419,15.524017595112602,0.8919484462926986,utm,0,0.0,0.0,0,0.0
98.75,89.86,49.899878406163474,8.899849616306017,0.28791839401590646,-14.491990820367917,-13.427766591878159,492807.6207605591,5527503.631123649,-10.775392736133654,-13.54026046115905,0,1,0.0,0.0,5,6,5,6,WP5->WP6,1,1.7999139633491275,1.7999139632813916,15.568328668286034,0.8944943847154332,utm,0,0.0,0.0,0,0.0
98.8,89.91,49.89987829491883,8.899849018203193,0.28794171459045487,-14.534961133717362,-13.440140015186106,492807.5777908004,5527503.6188126085,-10.818321692291647,-13.552713035605848,0,1,0.0,0.0,5,6,5,6,WP5->WP6,1,1.8040067981119987,1.8040067978351897,15.612839460041483,0.8970517981753374,utm,0,0.0,0.0,0,0.0
98.85,89.96,49.899878176973836,8.89984843086494,0.28797643179964105,-14.577158073342636,-13.453258698937722,492807.53559311165,5527503.605755574,-10.860476124391425,-13.565909055061638,0,1,0.0,0.0,5,6,5,6,WP5->WP6,1,1.8089763666686423,1.8089763668003704,15.656730626249567,0.8995736104101806,utm,0,0.0,0.0,0,0.0
98.9,90.01,49.8998780753786,8.899847883283673,0.28798276304583653,-14.616498697890583,-13.464558846171789,492807.4962530322,5527503.59451253,-10.899778940482065,-13.57728167809546,0,1,0.0,0.0,5,6,5,6,WP5->WP6,1,1.8126958927427708,1.8126958929291903,15.697476337993425,0.9019146973137709,utm,0,0.0,0.0,0,0.0
98.95,90.06,49.899877977786325,8.899847351860931,0.28805179960291216,-14.654678423572312,-13.475413755247999,492807.4580739848,5527503.583712994,-10.937922192330007,-13.588206968270242,0,1,0.0,0.0,5,6,5,6,WP5->WP6,1,1.8161959033968538,1.8161959038319029,15.736998731045828,0.904185497179906,utm,0,0.0,0.0,0,0.0
99.0,90.11,49.899877878152864,8.899846828717147,0.2881020590059082,-14.692263352835205,-13.486495700146532,492807.4204891936,5527503.5726857195,-10.975470440695062,-13.599358038045466,0,1,0.0,0.0,5,6,5,6,WP5->WP6,1,1.8200303452158904,1.820030345206608,15.775979679913561,0.9064251878118296,utm,0,0.0,0.0,0,0.0
99.05,90.16,49.89987777772956,8.89984632022721,0.28812691124593337,-14.728795485804286,-13.497665496671345,492807.3839566622,5527503.56156922,-11.011966140882578,-13.610594864934683,0,1,0.0,0.0,5,6,5,6,WP5->WP6,1,1.8241484256121465,1.8241484257461051,15.813943396976462,0.9086064323409784,utm,0,0.0,0.0,0,0.0
99.1,90.21,49.89987767794853,8.899845829289733,0.2880845630931478,-14.764066573624241,-13.508763854803883,492807.3486847699,5527503.550522448,-11.047201438690536,-13.621757810935378,0,1,0.0,0.0,5,6,5,6,WP5->WP6,1,1.8284327850589617,1.8284327849405222,15.85065554543188,0.9107157667046025,utm,0,0.0,0.0,0,0.0
99.15,90.26,49.899877578973644,8.89984535681728,0.28807554474302605,-14.798011053575149,-13.519772547915935,492807.3147390774,5527503.53956353,-11.081110833387356,-13.6328285317868,0,1,0.0,0.0,5,6,5,6,WP5->WP6,1,1.8328778214532544,1.8328778210846448,15.886048335126956,0.9127492959495337,utm,0,0.0,0.0,0,0.0
99.2,90.31,49.899877482405195,8.8998448960717,0.2881099908543893,-14.83111302394313,-13.530513579656771,492807.2816359171,5527503.528871042,-11.114178578427527,-13.643630048260093,0,1,0.0,0.0,5,6,5,6,WP5->WP6,1,1.8372180050897813,1.8372180052592924,15.920563713340368,0.9147324126126035,utm,0,0.0,0.0,0,0.0
99.25,90.36,49.89987738953806,8.899844448470505,0.28805964699382436,-14.863270644401261,-13.540842924923934,492807.2494772812,5527503.518588811,-11.146303156157956,-13.654018197208643,0,1,0.0,0.0,5,6,5,6,WP5->WP6,1,1.8413310207848472,1.8413310204566649,15.954074685195529,0.9166578200721635,utm,0,0.0,0.0,0,0.0
99.3,90.41,49.899877305595496,8.899844014527323,0.28804357033705386,-14.894447013657652,-13.55017961622263,492807.21830083284,5527503.509297528,-11.177448817179538,-13.663412167690694,0,1,0.0,0.0,5,6,5,6,WP5->WP6,1,1.8446533509399972,1.8446533511946506,15.986436097190087,0.918517178383988,utm,0,0.0,0.0,0,0.0
99.35,90.46,49.89987723787578,8.899843589266002,0.2880950052418315,-14.92499964021661,-13.557711886186913,492807.1877502908,5527503.501809109,-11.207974516379181,-13.67100122012198,0,1,0.0,0.0,5,6,5,6,WP5->WP6,1,1.8463209323806535,1.8463209322824057,16.017846783537113,0.9203219117729169,utm,0,0.0,0.0,0,0.0
99.4,90.51,49.89987718711047,8.899843167613685,0.2880811583628622,-14.95529298015384,-13.563358366269354,492807.1574614526,5527503.49620538,-11.238244723819662,-13.67670473176986,0,1,0.0,0.0,5,6,5,6,WP5->WP6,1,1.8461855380427012,1.8461855383673518,16.048649334804757,0.9220917041334766,utm,0,0.0,0.0,0,0.0
99.45,90.56,49.899877145644695,8.899842759004747,0.28802648263657676,-14.984649226978831,-13.567970485731689,492807.12811071734,5527503.491634345,-11.267580236541107,-13.681372462771833,0,1,0.0,0.0,5,6,5,6,WP5->WP6,1,1.8452102342063037,1.8452102343377763,16.078337864697282,0.923797489246648,utm,0,0.0,0.0,0,0.0
99.5,90.61,49.899877102071606,8.899842383376043,0.2879483447656108,-15.011636029966418,-13.572816995769664,492807.10112817015,5527503.486825844,-11.294546791526955,-13.686269854195416,0,1,0.0,0.0,5,6,5,6,WP5->WP6,1,1.8449092982611817,1.8449092984760587,16.105743867082342,0.9253721293871064,utm,0,0.0,0.0,0,0.0
99.55,90.66,49.89987705388978,8.899842030449733,0.287969568262401,-15.03699179411697,-13.578176121854712,492807.0757753279,5527503.481502754,-11.319881954637822,-13.691676463000476,0,1,0.0,0.0,5,6,5,6,WP5->WP6,1,1.8454174704537936,1.845417470234528,16.131644516961714,0.9268602779463524,utm,0,0.0,0.0,0,0.0
99.6,90.71,49.89987700227922,8.899841697993805,0.2880656872669581,-15.060876876765224,-13.583916616839637,492807.05189207225,5527503.475796482,-11.343746276455931,-13.697461407631636,0,1,0.0,0.0,5,6,5,6,WP5->WP6,1,1.8465758190029022,1.846575819189046,16.156172657330814,0.9282695675557352,utm,0,0.0,0.0,0,0.0
99.65,90.76,49.89987695608076,8.899841370403879,0.2880218761377918,-15.08441236470081,-13.5890551392392,492807.028359077,5527503.470691475,-11.367262321116868,-13.70264393556863,0,1,0.0,0.0,5,6,5,6,WP5->WP6,1,1.8472086561800407,1.8472086559427905,16.180244684141996,0.929652650690098,utm,0,0.0,0.0,0,0.0
99.7,90.81,49.899876913712575,8.899841044749165,0.28800858603682855,-15.107808818509747,-13.593767631450417,492807.00496562995,5527503.466012141,-11.390640221128706,-13.707400334998965,0,1,0.0,0.0,5,6,5,6,WP5->WP6,1,1.8474492578546662,1.8474492580569517,16.204100325932554,0.931023301199867,utm,0,0.0,0.0,0,0.0
99.75,90.86,49.899876871817085,8.899840722840862,0.28802387844021404,-15.130936113813002,-13.59842754655016,492806.9818413045,5527503.461385004,-11.413749172934331,-13.712103649042547,0,1,0.0,0.0,5,6,5,6,WP5->WP6,1,1.8476886973665996,1.84768869756682,16.227681833263887,0.9323782010314701,utm,0,0.0,0.0,0,0.0
99.8,90.91,49.89987682695791,8.89984040390064,0.2880416192100104,-15.153850169250413,-13.603417104594458,492806.9589296935,5527503.456428071,-11.436644324741792,-13.71713605709374,0,1,0.0,0.0,5,6,5,6,WP5->WP6,1,1.8482917806813053,1.8482917805518235,16.25111577022582,0.9337246220552582,utm,0,0.0,0.0,0,0.0
99.85,90.96,49.89987678084976,8.899840077176972,0.2880281901582042,-15.177323421423562,-13.608545581511809,492806.9354589225,5527503.451333022,-11.460098178300541,-13.7223084224388,0,1,0.0,0.0,5,6,5,6,WP5->WP6,1,1.8489264227095066,1.8489264226521958,16.27512480689791,0.9351040860261955,utm,0,0.0,0.0,0,0.0
99.9,91.01,49.89987673302629,8.89983973817161,0.28803091185429724,-15.201679044007527,-13.613864849008293,492806.91110587696,5527503.446048439,-11.484433677047491,-13.727673228830099,0,1,0.0,0.0,5,6,5,6,WP5->WP6,1,1.849582966102271,1.8495829656970988,16.30003598107673,0.9365353832382729,utm,0,0.0,0.0,0,0.0
99.95,91.06,49.899876689853905,8.899839377008947,0.28797335316270023,-15.227626543582037,-13.618666789736432,492806.88516227895,5527503.441283102,-11.510361430759076,-13.732524032704532,0,1,0.0,0.0,5,6,5,6,WP5->WP6,1,1.8494331180660346,1.8494331178558776,16.32641317301274,0.9380509120130082,utm,0,0.0,0.0,0,0.0
100.0,91.11,49.89987665181381,8.89983899831743,0.2879432267733658,-15.254833392474943,-13.622897880619849,492806.8579605955,5527503.437090072,-11.537549148953985,-13.73680667951703,0,1,0.0,0.0,5,6,5,6,WP5->WP6,1,1.8484866676158433,1.8484866677524114,16.35391985069261,0.9396313365563916,utm,0,0.0,0.0,0,0.0
100.05,91.16,49.899876621153616,8.89983861436257,0.28795025425157217,-15.282418382777088,-13.626308126553376,492806.8303820182,5527503.433718062,-11.565116464567836,-13.740269551984966,0,1,0.0,0.0,5,6,5,6,WP5->WP6,1,1.8466633677382336,1.84666336819404,16.381643918887256,0.9412242514960729,utm,0,0.0,0.0,0,0.0
100.1,91.21,49.899876600119185,8.899838238538988,0.28795872121397936,-15.309419186705474,-13.628647725586985,492806.8033888259,5527503.431415491,-11.592101922491565,-13.742661063559353,0,1,0.0,0.0,5,6,5,6,WP5->WP6,1,1.8438983644980151,1.8438983649242473,16.40859366878951,0.9427726771794386,utm,0,0.0,0.0,0,0.0
100.15,91.26,49.899876593572415,8.899837863593806,0.28797538722027094,-15.336356882580409,-13.629375904182714,492806.7764608705,5527503.430723611,-11.61902745172847,-13.743441675789654,0,1,0.0,0.0,5,6,5,6,WP5->WP6,1,1.8395630009754804,1.8395630009625885,16.435179343468313,0.9443001845452422,utm,0,0.0,0.0,0,0.0
100.2,91.31,49.89987660493302,8.899837489685694,0.28798940295842607,-15.36322007076435,-13.628112296715358,492806.74961005565,5527503.432022619,-11.645882401498966,-13.74223115760833,0,1,0.0,0.0,5,6,5,6,WP5->WP6,1,1.8332859496314897,1.8332859495989768,16.46131843883847,0.9458020332361539,utm,0,0.0,0.0,0,0.0
100.25,91.36,49.89987664217884,8.899837105833898,0.28797443432762526,-15.390797656611134,-13.62396955060522,492806.72204897564,5527503.43620057,-11.673457099648658,-13.738144053146243,0,1,0.0,0.0,5,6,5,6,WP5->WP6,1,1.8240480440964482,1.824048043721899,16.487619189826802,0.9473131700173797,utm,0,0.0,0.0,0,0.0
100.3,91.41,49.899876710280445,8.899836709618617,0.28799426536942524,-15.41926348906003,-13.616394804198858,492806.69360458985,5527503.443810334,-11.701926407869905,-13.730628063902259,0,1,0.0,0.0,5,6,5,6,WP5->WP6,1,1.8112738591365891,1.8112738594914741,16.514148641582317,0.9488374470371235,utm,0,0.0,0.0,0,0.0
100.35,91.46,49.89987680375242,8.899836330955809,0.28805225803112083,-15.446468275338836,-13.605998184341562,492806.6664245208,5527503.454239157,-11.729140695999376,-13.720288866199553,0,1,0.0,0.0,5,6,5,6,WP5->WP6,1,1.7959654095679272,1.795965409640592,16.53891086802728,0.9502601863034902,utm,0,0.0,0.0,0,0.0
100.4,91.51,49.899876922511645,8.899835972712795,0.28818294945479167,-15.472206014639971,-13.592788935593877,492806.6407146749,5527503.467477522,-11.754894027370028,-13.707135296426713,0,1,0.0,0.0,5,6,5,6,WP5->WP6,1,1.7781703922710665,1.7781703925226802,16.561705337629736,0.9515698660704325,utm,0,0.0,0.0,0,0.0
100.45,91.56,49.899877059803785,8.899835641305247,0.2882336158463645,-15.496015777160565,-13.577518323896935,492806.6169347945,5527503.482773847,-11.778724185365718,-13.691917417570949,0,1,0.0,0.0,5,6,5,6,WP5->WP6,1,1.7587128638549965,1.7587128639487077,16.582220328574838,0.9527485760394906,utm,0,0.0,0.0,0,0.0
100.5,91.61,49.899877209834884,8.899835325863776,0.2877612720300351,-15.5186784670423,-13.560830794740541,492806.59430342464,5527503.49948499,-11.801410501473583,-13.67528094444424,0,1,0.0,0.0,5,6,5,6,WP5->WP6,1,1.7380791738269539,1.7380791734519767,16.601343404016557,0.9538473120673312,utm,0,0.0,0.0,0,0.0
100.55,91.66,49.89987735816556,8.89983502492348,0.28773702456208844,-15.540299329418529,-13.544332398425233,492806.5727132152,5527503.516005683,-11.823055035201833,-13.65883148740977,0,1,0.0,0.0,5,6,5,6,WP5->WP6,1,1.717826509420801,1.7178265093237424,16.61947900535465,0.9548893117518191,utm,0,0.0,0.0,0,0.0
100.6,91.71,49.89987750711794,8.899834732067806,0.28799058203307787,-15.561339357264632,-13.527764851863123,492806.55170370184,5527503.532594722,-11.844119101238903,-13.642311773262918,0,1,0.0,0.0,5,6,5,6,WP5->WP6,1,1.6976148457880473,1.6976148454323114,16.63703134164164,0.9558977993410704,utm,0,0.0,0.0,0,0.0
100.65,91.76,49.89987765056715,8.89983445261899,0.2880709253797461,-15.581416178017552,-13.511809407564417,492806.5316561944,5527503.548570617,-11.864219145965762,-13.626402027904987,0,1,0.0,0.0,5,6,5,6,WP5->WP6,1,1.678184764051655,1.6781847641838021,16.65375269710142,0.9568585420696123,utm,0,0.0,0.0,0,0.0
100.7,91.81,49.899877786106764,8.899834181614102,0.28790050555724966,-15.600886350169263,-13.496733724070218,492806.51221391844,5527503.5636662925,-11.883711061964277,-13.611370503902435,0,1,0.0,0.0,5,6,5,6,WP5->WP6,1,1.659732222246469,1.6597322223653184,16.670043345046615,0.9577945380535636,utm,0,0.0,0.0,0,0.0
100.75,91.86,49.89987791614582,8.899833911426361,0.28772675213869064,-15.620297814902308,-13.482269852045423,492806.4928295088,5527503.578150323,-11.903143096365966,-13.596950430423021,0,1,0.0,0.0,5,6,5,6,WP5->WP6,1,1.6418914011072796,1.641891401406506,16.686391053622465,0.9587338125149161,utm,0,0.0,0.0,0,0.0
100.8,91.91,49.89987804569651,8.89983361815946,0.28788044586610495,-15.64136738706003,-13.46786029977351,492806.4717875787,5527503.5925822705,-11.924232470511924,-13.582587900571525,0,1,0.0,0.0,5,6,5,6,WP5->WP6,1,1.6237930505677065,1.6237930502856188,16.704376982187387,0.9597672125958117,utm,0,0.0,0.0,0,0.0
100.85,91.96,49.899878181113785,8.899833321638319,0.2879637501014184,-15.662670758095844,-13.452798224164887,492806.4505128152,5527503.607666794,-11.945556827355176,-13.567573566921055,0,1,0.0,0.0,5,6,5,6,WP5->WP6,1,1.6050101772590286,1.605010177376652,16.72247013291142,0.9608067732364748,utm,0,0.0,0.0,0,0.0
100.9,92.01,49.89987832597084,8.89983301635941,0.28795735195251165,-15.684603325211295,-13.436686189066855,492806.4286105095,5527503.623801698,-11.967512184288353,-13.551510927267373,0,1,0.0,0.0,5,6,5,6,WP5->WP6,1,1.5850784268894058,1.5850784268970861,16.740984220465737,0.9618705192369817,utm,0,0.0,0.0,0,0.0
100.95,92.06,49.899878485808536,8.899832695377281,0.28795788674950984,-15.707664080216102,-13.418907900112751,492806.405582692,5527503.641603697,-11.99059854063671,-13.533784909173846,0,1,0.0,0.0,5,6,5,6,WP5->WP6,1,1.563299130127802,1.5632991305101083,16.760293643023672,0.9629799620306296,utm,0,0.0,0.0,0,0.0
101.0,92.11,49.8998786658667,8.89983235471324,0.28794315594441644,-15.732138869493836,-13.398880545989876,492806.3811444094,5527503.661655751,-12.015102769131772,-13.513813496567309,0,1,0.0,0.0,5,6,5,6,WP5->WP6,1,1.5390464576157756,1.5390464578084608,16.780569796285054,0.9641449493341725,utm,0,0.0,0.0,0,0.0
101.05,92.16,49.89987886165631,8.89983201165854,0.2880262739583606,-15.756785414084778,-13.377103427776314,492806.3565367789,5527503.683457099,-12.039782109088264,-13.492093358188868,0,1,0.0,0.0,5,6,5,6,WP5->WP6,1,1.5130435575003016,1.5130435574833443,16.800686541090545,0.9653007776604282,utm,0,0.0,0.0,0,0.0
101.1,92.21,49.89987906829263,8.899831670044353,0.2880572342588777,-15.7813284660369,-13.354119862573103,492806.3320342128,5527503.706464272,-12.064360358926933,-13.469167054630816,0,1,0.0,0.0,5,6,5,6,WP5->WP6,1,1.4858754971815944,1.4858754968276364,16.820475483421276,0.9664377717573189,utm,0,0.0,0.0,0,0.0
101.15,92.26,49.89987928107455,8.899831328878555,0.28798484740323194,-15.805839303713933,-13.330452739026013,492806.30756476213,5527503.730154687,-12.088907745026518,-13.445557404309511,0,1,0.0,0.0,5,6,5,6,WP5->WP6,1,1.4580423158795381,1.458042316316991,16.84010464093668,0.9675655852528029,utm,0,0.0,0.0,0,0.0
101.2,92.31,49.899879497138286,8.899830986760758,0.28800946580375614,-15.830418537174278,-13.306420588352726,492806.28302743105,5527503.754210075,-12.11352421384072,-13.421583005227149,0,1,0.0,0.0,5,6,5,6,WP5->WP6,1,1.4298379055401986,1.4298379051124237,16.859732517365746,0.9686933251421498,utm,0,0.0,0.0,0,0.0
101.25,92.36,49.89987971516735,8.899830651666154,0.28799932082986957,-15.854493193865231,-13.282169839835765,492806.2589947685,5527503.778483298,-12.13763673469657,-13.397389110177755,0,1,0.0,0.0,5,6,5,6,WP5->WP6,1,1.4015134626828636,1.4015134625064303,16.878823985156856,0.9697902451198165,utm,0,0.0,0.0,0,0.0
101.3,92.41,49.899879934048606,8.899830325198636,0.2881010747368704,-15.877948043058957,-13.257824304503297,492806.2355817938,5527503.802850443,-12.16112988058012,-13.373099251650274,0,1,0.0,0.0,5,6,5,6,WP5->WP6,1,1.3732121525456302,1.373212152667807,16.897289114792517,0.9708511781925995,utm,0,0.0,0.0,0,0.0
101.35,92.46,49.899880155430196,8.899830011289701,0.28809816751323314,-15.90050062888475,-13.233200663979149,492806.2130710955,5527503.8274943745,-12.183721667097416,-13.348529634997249,0,1,0.0,0.0,5,6,5,6,WP5->WP6,1,1.3448069413379315,1.3448069417671584,16.914816205058617,0.9718582152456753,utm,0,0.0,0.0,0,0.0
101.4,92.51,49.899880378644106,8.899829713827412,0.2880683399674487,-15.921871616065864,-13.208373220021322,492806.1917417985,5527503.852340449,-12.205132724891882,-13.323753982782364,0,1,0.0,0.0,5,6,5,6,WP5->WP6,1,1.3164231527976544,1.3164231524662926,16.93114491655211,0.9727963982100626,utm,0,0.0,0.0,0,0.0
101.45,92.56,49.89988059907351,8.899829440287547,0.28787647004205097,-15.941523911988893,-13.183855488652476,492806.17213009513,5527503.876874638,-12.224825170531403,-13.299284555017948,0,1,0.0,0.0,5,6,5,6,WP5->WP6,1,1.2886656808409132,1.2886656808594945,16.945844172148593,0.9736409591048577,utm,0,0.0,0.0,0,0.0
101.5,92.61,49.89988081413554,8.899829184295399,0.28813579751704954,-15.959915503511453,-13.159934755239787,492806.15377779683,5527503.9008103805,-12.243256245914381,-13.275409419089556,0,1,0.0,0.0,5,6,5,6,WP5->WP6,1,1.2617307403537001,1.2617307402894318,16.959417513918446,0.9744208294591938,utm,0,0.0,0.0,0,0.0
101.55,92.66,49.89988102216049,8.899828948937538,0.28810534094567875,-15.976824637922064,-13.136796735264213,492806.1369063197,5527503.923961744,-12.260203923331574,-13.252313778735697,0,1,0.0,0.0,5,6,5,6,WP5->WP6,1,1.2358422479227764,1.2358422477517557,16.971682028371227,0.9751254997897746,utm,0,0.0,0.0,0,0.0
101.6,92.71,49.899881215981104,8.899828726484792,0.2880926029807639,-15.992806612617827,-13.115238623845492,492806.12095952156,5527503.945532591,-12.276221718406305,-13.230795598588884,0,1,0.0,0.0,5,6,5,6,WP5->WP6,1,1.2116788332078483,1.2116788328025365,16.98333240198124,0.9757948840246555,utm,0,0.0,0.0,0,0.0
101.65,92.76,49.899881395055324,8.89982850703731,0.2881791010028063,-16.00857267608044,-13.095320711565106,492806.1052263563,5527503.965463605,-12.292020477936603,-13.210916539654136,0,1,0.0,0.0,5,6,5,6,WP5->WP6,1,1.1891663480966954,1.1891663481728716,16.995078287721032,0.9764697560074879,utm,0,0.0,0.0,0,0.0
101.7,92.81,49.899881554146376,8.899828281952974,0.2882868236788371,-16.024743715610242,-13.07762546941479,492806.08908540505,5527503.9831733825,-12.308219701517373,-13.193260048516095,0,1,0.0,0.0,5,6,5,6,WP5->WP6,1,1.1687602885772201,1.168760289031869,17.00763851397185,0.9771914167644963,utm,0,0.0,0.0,0,0.0
101.75,92.86,49.89988169999217,8.89982804124243,0.2882801864289103,-16.04203741013918,-13.061403458998178,492806.071820276,5527503.999412019,-12.325538248871453,-13.177078395150602,0,1,0.0,0.0,5,6,5,6,WP5->WP6,1,1.149590261425557,1.149590261741129,17.021577238656512,0.9779922805711505,utm,0,0.0,0.0,0,0.0
101.8,92.91,49.8998818317236,8.89982778209693,0.2882499750738978,-16.06065555216522,-13.046751349862719,492806.0532291278,5527504.014083151,-12.344177642662544,-13.162468607537448,0,1,0.0,0.0,5,6,5,6,WP5->WP6,1,1.1317133515501703,1.1317133518340752,17.03711071852049,0.9788847726818626,utm,0,0.0,0.0,0,0.0
101.85,92.96,49.89988194631853,8.899827500306854,0.2882017443439796,-16.080900579212933,-13.034005283597434,492806.03300919395,5527504.026851178,-12.364439541881438,-13.149767280556262,0,1,0.0,0.0,5,6,5,6,WP5->WP6,1,1.115402899418601,1.115402899704933,17.054598925923365,0.9798895756799183,utm,0,0.0,0.0,0,0.0
101.9,93.01,49.89988204795434,8.899827198123075,0.28814435099094515,-16.1026107787379,-13.02270062374993,492806.0113227437,5527504.038180335,-12.38616320793517,-13.138509649783373,0,1,0.0,0.0,5,6,5,6,WP5->WP6,1,1.1002330149574613,1.100233014693148,17.07379597040666,0.9809925616753528,utm,0,0.0,0.0,0,0.0
101.95,93.06,49.899882145517914,8.899826885878355,0.2881259600156486,-16.12504380020221,-13.011848907039951,492805.98891315376,5527504.049057698,-12.408608520927373,-13.12770619429648,0,1,0.0,0.0,5,6,5,6,WP5->WP6,1,1.0853723398142108,1.0853723402114872,17.09378764592673,0.982141204016787,utm,0,0.0,0.0,0,0.0
102.0,93.11,49.89988224580278,8.899826578693348,0.28810181111060557,-16.147113309732568,-13.000694508446495,492805.9668673358,5527504.060237135,-12.430691059387755,-13.116599466651678,0,1,0.0,0.0,5,6,5,6,WP5->WP6,1,1.0702826265191556,1.070282626341161,17.11336565491403,0.9832660787208212,utm,0,0.0,0.0,0,0.0
102.05,93.16,49.89988234870225,8.899826276985623,0.2880658178965181,-16.16878930753724,-12.989249295336313,492805.94521526183,5527504.071706743,-12.452380812203046,-13.105201271362603,0,1,0.0,0.0,5,6,5,6,WP5->WP6,1,1.0549811497857184,1.0549811501340647,17.132502766603057,0.9843656212157312,utm,0,0.0,0.0,0,0.0
102.1,93.21,49.8998824530077,8.899825981202715,0.28807638805350283,-16.19003964059931,-12.977647698732504,492805.92398889246,5527504.083332104,-12.473645375983324,-13.093645922839642,0,1,0.0,0.0,5,6,5,6,WP5->WP6,1,1.039605930589112,1.0396059309069396,17.15119261415802,0.9854394656883982,utm,0,0.0,0.0,0,0.0
102.15,93.26,49.89988255899926,8.899825694041743,0.28810135752651655,-16.210670536265685,-12.96585856122556,492805.90338196483,5527504.095144102,-12.494291116367094,-13.081901894882321,0,1,0.0,0.0,5,6,5,6,WP5->WP6,1,1.024162705660431,1.0241627057421474,17.169239097903652,0.9864763450296732,utm,0,0.0,0.0,0,0.0
102.2,93.31,49.8998826682476,8.89982541852218,0.28792425847333863,-16.230465062333487,-12.953707180715003,492805.8836115584,5527504.107317082,-12.514101529726759,-13.069794131442904,0,1,0.0,0.0,5,6,5,6,WP5->WP6,1,1.0085206116644974,1.008520611820735,17.186396466374557,0.9874621393355825,utm,0,0.0,0.0,0,0.0
102.25,93.36,49.899882786342225,8.899825144103476,0.2880274840693189,-16.25018049796003,-12.940571853782792,492805.86392152635,5527504.120473506,-12.533834809903055,-13.056702665053308,0,1,0.0,0.0,5,6,5,6,WP5->WP6,1,0.9919272489669586,0.9919272486741293,17.203291707175087,0.9884328728257659,utm,0,0.0,0.0,0,0.0
102.3,93.41,49.899882909722194,8.89982486818033,0.28785340858313546,-16.270004019185357,-12.926848653175211,492805.84412423783,5527504.134217714,-12.553677282936405,-13.043023770675063,0,1,0.0,0.0,5,6,5,6,WP5->WP6,1,0.9747364098389096,0.9747364100410615,17.220182857351574,0.989403371284925,utm,0,0.0,0.0,0,0.0
102.35,93.46,49.89988303353257,8.899824598943404,0.2880292375024906,-16.289347173258438,-12.913077579809672,492805.82480718935,5527504.148009134,-12.57303967414191,-13.029296081513166,0,1,0.0,0.0,5,6,5,6,WP5->WP6,1,0.957588626531937,0.9575886262386661,17.236593376910026,0.9903462546160817,utm,0,0.0,0.0,0,0.0
102.4,93.51,49.89988315374948,8.899824340516982,0.2879669927435837,-16.307913653577927,-12.899706197488491,492805.80626597145,5527504.161399985,-12.59162491891766,-13.015966404229403,0,1,0.0,0.0,5,6,5,6,WP5->WP6,1,0.9409788972751708,0.9409788970520562,17.252316243334345,0.991249628126999,utm,0,0.0,0.0,0,0.0
102.45,93.56,49.89988326929584,8.899824092124762,0.28804575926099857,-16.32575923316787,-12.886854306263736,492805.78844467294,5527504.17427059,-12.609488533867989,-13.003154596313834,0,1,0.0,0.0,5,6,5,6,WP5->WP6,1,0.9250143905912875,0.9250143905107712,17.267428678181915,0.992117928661922,utm,0,0.0,0.0,0,0.0
102.5,93.61,49.89988338146544,8.899823853186597,0.2880953081493353,-16.342925592224212,-12.874378002727758,492805.7713018228,5527504.1867648475,-12.626672463899013,-12.990716897882521,0,1,0.0,0.0,5,6,5,6,WP5->WP6,1,0.9095460025419737,0.9095460028831985,17.281944626986213,0.9929519574758635,utm,0,0.0,0.0,0,0.0
102.55,93.66,49.89988349233294,8.899823621454942,0.2881269672248638,-16.359574204129242,-12.862046528753547,492805.7546763202,5527504.199113644,-12.643338569905609,-12.978422955609858,0,1,0.0,0.0,5,6,5,6,WP5->WP6,1,0.8943168842738597,0.894316883897684,17.295979371039554,0.9937583381744034,utm,0,0.0,0.0,0,0.0
102.6,93.71,49.89988360172699,8.899823398376776,0.28815031891661386,-16.375601111702903,-12.849878941607159,492805.7386720556,5527504.211297785,-12.659382898593321,-12.966291620396078,0,1,0.0,0.0,5,6,5,6,WP5->WP6,1,0.8793652403549628,0.879365240221593,17.309434412222853,0.994531411446494,utm,0,0.0,0.0,0,0.0
102.65,93.76,49.899883705973046,8.899823188105346,0.2881849306808405,-16.39070792760755,-12.838283951192068,492805.72358675126,5527504.222908331,-12.674506381852552,-12.954730847850442,0,1,0.0,0.0,5,6,5,6,WP5->WP6,1,0.8651483052415294,0.8651483055808518,17.32209339946718,0.9952587466182716,utm,0,0.0,0.0,0,0.0
102.7,93.81,49.89988380683079,8.899822995655686,0.28818409489269314,-16.404534349838055,-12.82706583333656,492805.70978082734,5527504.234140441,-12.688349244592246,-12.943544295616448,0,1,0.0,0.0,5,6,5,6,WP5->WP6,1,0.851541461326543,0.8515414615377392,17.333565871730645,0.9959179093477544,utm,0,0.0,0.0,0,0.0
102.75,93.86,49.89988390946563,8.899822815502162,0.288205477073104,-16.417477364097255,-12.815650054097738,492805.6968582242,5527504.245568954,-12.701309438503813,-12.93215842731297,0,1,0.0,0.0,6,7,6,7,WP6->WP7,1,0.8400859883975992,-0.2045356203818587,-0.8148065094836809,-0.05052913169563372,utm,0,0.0,0.0,0,0.0
102.8,93.91,49.89988401541729,8.899822644691914,0.2882618944157613,-16.42974911666479,-12.80386535420626,492805.6846071089,5527504.257365343,-12.713599360606167,-12.920402474701405,0,1,0.0,0.0,6,7,6,7,WP6->WP7,1,0.8255889897332253,-0.19244425633954118,-0.8028464287587314,-0.049787443347532115,utm,0,0.0,0.0,0,0.0
102.85,93.96,49.89988411716744,8.89982248245313,0.28815470981783514,-16.441405057938248,-12.792547976543378,492805.6729709352,5527504.268693774,-12.725272802286781,-12.909112450666726,0,1,0.0,0.0,6,7,6,7,WP6->WP7,1,0.8117892083227125,-0.18096148501112025,-0.7913625336669575,-0.04907528501212709,utm,0,0.0,0.0,0,0.0
102.9,94.01,49.89988421518547,8.899822326095425,0.288183193990151,-16.45263847688632,-12.78164571191216,492805.66175656073,5527504.279606692,-12.736523077765014,-12.898236548528075,0,1,0.0,0.0,6,7,6,7,WP6->WP7,1,0.7985812606752418,-0.1698948867731456,-0.7802997868447732,-0.048389243621211074,utm,0,0.0,0.0,0,0.0
102.95,94.06,49.89988431240841,8.899822175056515,0.28820046553812295,-16.463489770346023,-12.770831882617804,492805.65092404163,5527504.2904306995,-12.747391206969041,-12.88744829595089,0,1,0.0,0.0,6,7,6,7,WP6->WP7,1,0.7856320921492828,-0.15920891365587983,-0.7693310769931069,-0.047709033806764146,utm,0,0.0,0.0,0,0.0
103.0,94.11,49.89988440716602,8.899822027518384,0.28817275494687405,-16.47408955263423,-12.76029226498867,492805.640342567,5527504.300980268,-12.75800738867838,-12.876933654770255,0,1,0.0,0.0,6,7,6,7,WP6->WP7,1,0.7730895696843708,-0.14877027150733002,-0.7586401578287304,-0.04704605080881723,utm,0,0.0,0.0,0,0.0
103.05,94.16,49.89988449979943,8.899821886279673,0.2882173688397363,-16.484236757162467,-12.749988916421955,492805.6302131743,5527504.311293058,-12.768170710594859,-12.866654301062226,0,1,0.0,0.0,6,7,6,7,WP6->WP7,1,0.7609542728010348,-0.13878048612999275,-0.7481920755819823,-0.04639812701627502,utm,0,0.0,0.0,0,0.0
103.1,94.21,49.89988459109459,8.899821752287417,0.288216774470366,-16.493863344721095,-12.739834416883445,492805.6206039925,5527504.321456363,-12.777813331980724,-12.856522715650499,0,1,0.0,0.0,6,7,6,7,WP6->WP7,1,0.7491447587067106,-0.12930885419630136,-0.7379004605799996,-0.045759906329838104,utm,0,0.0,0.0,0,0.0
103.15,94.26,49.89988467920628,8.89982162522668,0.28820810942576935,-16.502991941786068,-12.730034006088612,492805.6114921296,5527504.3312650565,-12.786957468430046,-12.846744102425873,0,1,0.0,0.0,6,7,6,7,WP6->WP7,1,0.7378480399426497,-0.1203297272745314,-0.727970113934114,-0.04514408921545201,utm,0,0.0,0.0,0,0.0
103.2,94.31,49.89988476459563,8.899821503866097,0.28825318301497216,-16.511711015001804,-12.720536393211844,492805.6027892229,5527504.340770524,-12.795691651757807,-12.837267365306616,0,1,0.0,0.0,6,7,6,7,WP6->WP7,1,0.7269895434684247,-0.11175544158947705,-0.7183484652921377,-0.04454741559330874,utm,0,0.0,0.0,0,0.0
103.25,94.36,49.899884855027864,8.899821385745353,0.28830413309369285,-16.520197323964645,-12.710477874796066,492805.59431973775,5527504.35083636,-12.80419426143635,-12.827229494228959,0,1,0.0,0.0,6,7,6,7,WP6->WP7,1,0.7156817487579509,-0.10342209246042117,-0.7081696380785798,-0.043916189290137846,utm,0,0.0,0.0,0,0.0
103.3,94.41,49.89988497679215,8.89982126699698,0.288031427071167,-16.528728724566186,-12.696934382049392,492805.5858098379,5527504.364385837,-12.812748765340075,-12.813708133995533,0,1,0.0,0.0,6,7,6,7,WP6->WP7,1,0.7009871506120583,-0.09509518194122003,-0.6945069414302342,-0.043068915501543285,utm,0,0.0,0.0,0,0.0
103.35,94.46,49.899885148801246,8.899821143504509,0.28771756027265477,-16.537600961874414,-12.677802302696968,492805.57696670835,5527504.383522119,-12.821654907660559,-12.79460109770298,0,1,0.0,0.0,6,7,6,7,WP6->WP7,1,0.6807725426230817,-0.0865102058252809,-0.6752534628401126,-0.041874936877224496,utm,0,0.0,0.0,0,0.0
103.4,94.51,49.89988535026556,8.899821005699657,0.2880201327134998,-16.54750146297763,-12.655394003728112,492805.5671001042,5527504.405934686,-12.831595315597951,-12.772221165709198,0,1,0.0,0.0,6,7,6,7,WP6->WP7,1,0.6572300362087822,-0.07694590865604371,-0.6527102325198318,-0.04047694871630483,utm,0,0.0,0.0,0,0.0
103.45,94.56,49.89988557229018,8.899820853066176,0.2880534419341278,-16.558467317409015,-12.630698841323387,492805.55617162806,5527504.430634623,-12.842605127370916,-12.747557375580072,0,1,0.0,0.0,6,7,6,7,WP6->WP7,1,0.6313616712681569,-0.06635059721875966,-0.6278655574207223,-0.03893623954743277,utm,0,0.0,0.0,0,0.0
103.5,94.61,49.899885845909026,8.89982066572453,0.28796081927510486,-16.5719267576847,-12.600265000865582,492805.5427582303,5527504.461074275,-12.856118761643302,-12.71716209128499,0,1,0.0,0.0,6,7,6,7,WP6->WP7,1,0.5996261171309061,-0.05334777921776403,-0.5972482689786718,-0.03703754951262696,utm,0,0.0,0.0,0,0.0
103.55,94.66,49.89988615906718,8.899820451304024,0.2880664536655078,-16.58733166127238,-12.565433316500705,492805.52740602306,5527504.495912612,-12.871585690125357,-12.682374534197152,0,1,0.0,0.0,6,7,6,7,WP6->WP7,1,0.5635209624891775,-0.03846548268018413,-0.562206618430368,-0.03486448860211753,utm,0,0.0,0.0,0,0.0
103.6,94.71,49.89988648057782,8.899820229118456,0.28809145877609826,-16.603294440716212,-12.529672608988419,492805.5114974043,5527504.531680346,-12.88761208980577,-12.646659419871867,0,1,0.0,0.0,6,7,6,7,WP6->WP7,1,0.5267322858005934,-0.02303932389835699,-0.5262281733801647,-0.032633333638348486,utm,0,0.0,0.0,0,0.0
103.65,94.76,49.89988681046965,8.899820004171906,0.2879675117411393,-16.619455581178734,-12.492979685254962,492805.49539174984,5527504.568380189,-12.903838595724665,-12.610012848861516,0,1,0.0,0.0,6,7,6,7,WP6->WP7,1,0.4893714394564739,-0.007428682668699166,-0.4893150523226412,-0.030344215996916793,utm,0,0.0,0.0,0,0.0
103.7,94.81,49.899887172110425,8.899819774055244,0.2880272180242642,-16.63598816497857,-12.452755417929604,492805.4789195212,5527504.608610458,-12.920443307841197,-12.569837081246078,0,1,0.0,0.0,6,7,6,7,WP6->WP7,1,0.4489473881991069,0.008501020749348867,-0.44886689565729704,-0.02783587786853843,utm,0,0.0,0.0,0,0.0
103.75,94.86,49.89988759553349,8.899819502173603,0.2880069537029302,-16.655521326878866,-12.405659282300691,492805.45945709595,5527504.655713855,-12.94006084970897,-12.522798075340688,0,1,0.0,0.0,6,7,6,7,WP6->WP7,1,0.4024349810812822,0.0273282173171385,-0.40150601805721325,-0.02489885663267243,utm,0,0.0,0.0,0,0.0
103.8,94.91,49.8998880755878,8.899819190902925,0.288020602715842,-16.677884368908185,-12.352264216128011,492805.43717433815,5527504.709117446,-12.962519470136613,-12.469468203373253,0,1,0.0,0.0,6,7,6,7,WP6->WP7,1,0.35122702754366486,0.04889076340538217,-0.3478075877993424,-0.021568820577771347,utm,0,0.0,0.0,0,0.0
103.85,94.96,49.89988859463729,8.899818878223533,0.28803163128805875,-16.70034861902893,-12.294531828698913,492805.4147962116,5527504.766856758,-12.985087746579666,-12.411802949383855,0,1,0.0,0.0,6,7,6,7,WP6->WP7,1,0.298223103424362,0.07049036082662287,-0.2897725460539528,-0.017969855383970175,utm,0,0.0,0.0,0,0.0
103.9,95.01,49.899889145197996,8.899818561847693,0.288045852567468,-16.723078438053403,-12.233294537998399,492805.3921573082,5527504.828099926,-13.00792834488675,-12.350634716451168,0,1,0.0,0.0,6,7,6,7,WP6->WP7,1,0.24618914401573552,0.09230359000015793,-0.22823045788036994,-0.014153405414617602,utm,0,0.0,0.0,0,0.0
103.95,95.06,49.89988971252042,8.899818256417939,0.28803837600181287,-16.745021842634937,-12.170192889145985,492805.37030699925,5527504.891205654,-13.029986490786541,-12.287601335905492,0,1,0.0,0.0,6,7,6,7,WP6->WP7,1,0.20002181212760584,0.11330324743582551,-0.16483658406830493,-0.010222119445171903,utm,0,0.0,0.0,0,0.0
104.0,95.11,49.89989029615461,8.89981794903562,0.28805535301250723,-16.767105527947162,-12.105276929840626,492805.34831889154,5527504.956125152,-13.052188411704265,-12.222754647955298,0,1,0.0,0.0,6,7,6,7,WP6->WP7,1,0.16731207454859823,0.1344162987418216,-0.09962724989833381,-0.006178250139136307,utm,0,0.0,0.0,0,0.0
104.05,95.16,49.89989091573074,8.89981758502765,0.28805278061053313,-16.793257446847136,-12.036363252094734,492805.3222695147,5527505.025046209,-13.078464766207617,-12.153919807635248,0,1,0.0,0.0,6,7,6,7,WP6->WP7,1,0.1623999137286061,0.1595364370469859,-0.030362101926773955,-0.0018828649856839936,utm,0,0.0,0.0,0,0.0
104.1,95.21,49.8998915576771,8.899817189016964,0.28803489219176776,-16.82170858026718,-11.964961395855186,492805.2939251658,5527505.096457522,-13.107044286676683,-12.082602286711335,0,1,0.0,0.0,6,7,6,7,WP6->WP7,1,0.18691784977198098,0.1869178497937805,0.04142394161516187,0.0025688501219155732,utm,0,0.0,0.0,0,0.0
104.15,95.26,49.899892215217676,8.89981677337138,0.28771475201913344,-16.85157037033704,-11.891825041148575,492805.26417304145,5527505.169604525,-13.13703729462577,-12.009553724899888,0,1,0.0,0.0,6,7,6,7,WP6->WP7,1,0.2156835682251269,0.21568356825388071,0.11496444973360852,0.007129365994617048,utm,0,0.0,0.0,0,0.0
104.2,95.31,49.899892882567485,8.899816354534964,0.2880882066526777,-16.88166140371804,-11.817597633020144,492805.2341932245,5527505.243842453,-13.16726158891106,-11.935414994135499,0,1,0.0,0.0,6,7,6,7,WP6->WP7,1,0.2446622874383853,0.2446622874435637,0.18959884649833816,0.011757717903021547,utm,0,0.0,0.0,0,0.0
104.25,95.36,49.89989355241032,8.899815938417136,0.2881473031929165,-16.91155712188831,-11.743092933357207,492805.20440901665,5527505.318357299,-13.197291187709197,-11.86099870223552,0,1,0.0,0.0,6,7,6,7,WP6->WP7,1,0.27344169110221833,0.2734416911363501,0.2645075061005558,0.01640307785305722,utm,0,0.0,0.0,0,0.0
104.3,95.41,49.89989423767778,8.899815525091634,0.2881297910170716,-16.941252227163513,-11.666872596508009,492805.1748276363,5527505.394586828,-13.227123610617127,-11.784867067821324,0,1,0.0,0.0,6,7,6,7,WP6->WP7,1,0.3019952258412407,0.30199522581527405,0.341127965122864,0.02115459274580325,utm,0,0.0,0.0,0,0.0
104.35,95.46,49.899894974376984,8.899815103790829,0.28812429644794085,-16.971520313031558,-11.58493165328531,492805.14468115265,5527505.47653544,-13.257539980113506,-11.703018243424594,0,1,0.0,0.0,6,7,6,7,WP6->WP7,1,0.33103689970023376,0.3310368997126689,0.4234745910078194,0.026261208188368426,utm,0,0.0,0.0,0,0.0
104.4,95.51,49.89989574919489,8.899814670519172,0.2881158158199121,-17.002648437001373,-11.498750876963515,492805.1136806427,5527505.562723339,-13.288824341201689,-11.616932971403003,0,1,0.0,0.0,6,7,6,7,WP6->WP7,1,0.360875510837255,0.36087551082725133,0.510071604226281,0.031631405694690404,utm,0,0.0,0.0,0,0.0
104.45,95.56,49.899896538164704,8.899814257433825,0.2881334152527429,-17.032326288526207,-11.410996023530448,492805.0841319334,5527505.650482745,-13.318662088247947,-11.529271414503455,0,1,0.0,0.0,6,7,6,7,WP6->WP7,1,0.38924131813296914,0.3892413181619401,0.5982204589526307,0.03709783856856304,utm,0,0.0,0.0,0,0.0
104.5,95.61,49.899897342934295,8.899813843465738,0.2880273738067445,-17.06206755988313,-11.321483807156225,492805.0545221801,5527505.739998894,-13.34856666799169,-11.439853326417506,0,1,0.0,0.0,6,7,6,7,WP6->WP7,1,0.4176445384777166,0.41764453848037936,0.6881267183534506,0.04267325453376505,utm,0,0.0,0.0,0,0.0
104.55,95.66,49.89989815526426,8.899813410222468,0.2880643067989881,-17.093193644465902,-11.231130671140829,492805.0235292901,5527505.83035748,-13.37985715304967,-11.349597363732755,0,1,0.0,0.0,6,7,6,7,WP6->WP7,1,0.4474194409230574,0.4474194409497851,0.7788939397890895,0.048302061903596205,utm,0,0.0,0.0,0,0.0
104.6,95.71,49.899898980727016,8.899812963748817,0.2880948528416127,-17.12527025722924,-11.139316813193888,492804.99158820463,5527505.922177474,-13.412100644316524,-11.2578831249848,0,1,0.0,0.0,6,7,6,7,WP6->WP7,1,0.47812279941862884,0.47812279942892744,0.8711351889415957,0.054022279123203606,utm,0,0.0,0.0,0,0.0
104.65,95.76,49.89989981418831,8.899812494284292,0.28806874848590375,-17.15899863451517,-11.046613300371215,492804.9579972029,5527506.014888974,-13.445996980764903,-11.16528282314539,0,1,0.0,0.0,6,7,6,7,WP6->WP7,1,0.5104639356111322,0.510463935598802,0.9642900520607758,0.05979915288630166,utm,0,0.0,0.0,0,0.0
104.7,95.81,49.89990066179969,8.899811999026761,0.28816723532239846,-17.1945800938155,-10.952335914205326,492804.92255596246,5527506.109176195,-13.481748738326132,-11.071112904697657,0,1,0.0,0.0,6,7,6,7,WP6->WP7,1,0.54463395206184,0.5446339520528988,1.0590453769861994,0.06567527713947344,utm,0,0.0,0.0,0,0.0
104.75,95.86,49.89990151205524,8.899811502671689,0.2881476909149733,-17.23024040528827,-10.857764424932679,492804.8870362957,5527506.20375751,-13.517579890962224,-10.976649153977633,0,1,0.0,0.0,6,7,6,7,WP6->WP7,1,0.5788784326079116,0.5788784326379228,1.154095823072053,0.07156970293516846,utm,0,0.0,0.0,0,0.0
104.8,95.91,49.899902362021315,8.89981102098599,0.28808807327153485,-17.2648468050578,-10.763225132428138,492804.85257007927,5527506.29830523,-13.552357488311827,-10.88221552502364,0,1,0.0,0.0,6,7,6,7,WP6->WP7,1,0.6120700099905864,0.6120700099959469,1.2490985111652007,0.07746116708306751,utm,0,0.0,0.0,0,0.0
104.85,95.96,49.899903233749825,8.899810569458767,0.28804086181561334,-17.29728648844092,-10.66626526643564,492804.8202729538,5527506.3952696575,-13.584973970369902,-10.785358054563403,0,1,0.0,0.0,6,7,6,7,WP6->WP7,1,0.6430601915474843,0.6430601915457002,1.3464885163939897,0.08350067749783119,utm,0,0.0,0.0,0,0.0
104.9,96.01,49.89990413645904,8.899810157350993,0.2880599974300769,-17.326894106819793,-10.565859505712512,492804.79081137374,5527506.495674815,-13.614766260841861,-10.685050528496504,0,1,0.0,0.0,6,7,6,7,WP6->WP7,1,0.671168811517165,0.6711688115144846,1.447280806987773,0.08975117607146815,utm,0,0.0,0.0,0,0.0
104.95,96.06,49.89990503462508,8.899809760721107,0.28810948477849296,-17.35538972631586,-10.46595906996066,492804.7624606752,5527506.595573363,-13.643446006346494,-10.585245948284864,0,1,0.0,0.0,6,7,6,7,WP6->WP7,1,0.6981734635426317,0.6981734635616783,1.547551594062111,0.09596933430453704,utm,0,0.0,0.0,0,0.0
105.0,96.11,49.899905924275885,8.899809363903557,0.2881047660628085,-17.38389882835535,-10.367005758044444,492804.7340952342,5527506.694525185,-13.672137374407612,-10.486388137564063,0,1,0.0,0.0,6,7,6,7,WP6->WP7,1,0.7252055887874305,0.7252055887748816,1.646875939298574,0.10212880021775866,utm,0,0.0,0.0,0,0.0
105.05,96.16,49.899906825480116,8.899808961553275,0.28796040893056996,-17.41280542607204,-10.266767392780372,492804.7053341751,5527506.794762077,-13.701228593243286,-10.386246567592025,0,1,0.0,0.0,6,7,6,7,WP6->WP7,1,0.7526160140619895,0.7526160140786741,1.7474905584000429,0.10836828073234821,utm,0,0.0,0.0,0,0.0
105.1,96.21,49.89990771706529,8.899808557964166,0.2880103304433022,-17.441801026442256,-10.167598927266674,492804.67648271925,5527506.8939296175,-13.730406684393529,-10.287174642086029,0,1,0.0,0.0,6,7,6,7,WP6->WP7,1,0.780131209085638,0.7801312090735384,1.847037138806274,0.11454152826124168,utm,0,0.0,0.0,0,0.0
105.15,96.26,49.899908601938385,8.899808150248608,0.2880529840395691,-17.471093088856456,-10.069177026878236,492804.6473339224,5527506.992351287,-13.759879657067358,-10.188849561847746,0,1,0.0,0.0,6,7,6,7,WP6->WP7,1,0.8079537490396851,0.8079537490334686,1.9458419143427093,0.12066877375710999,utm,0,0.0,0.0,0,0.0
105.2,96.31,49.899909474394214,8.899807739728436,0.2880992627719621,-17.500586647049293,-9.97213626425947,492804.6179818645,5527507.089392642,-13.789551341033075,-10.09190545976162,0,1,0.0,0.0,6,7,6,7,WP6->WP7,1,0.8359980947937256,0.8359980947721503,2.0432692332069937,0.12671059812688024,utm,0,0.0,0.0,0,0.0
105.25,96.36,49.89991032936888,8.89980733387852,0.2880823872737903,-17.52974467362179,-9.87703988049924,492804.5889626057,5527507.184489948,-13.818883821368217,-9.99690429866314,0,1,0.0,0.0,6,7,6,7,WP6->WP7,1,0.8637358159972779,0.8637358159826314,2.138748203912023,0.13263159830148008,utm,0,0.0,0.0,0,0.0
105.3,96.41,49.8999111760592,8.899806949112941,0.288121630488572,-17.557387909609037,-9.782864940846734,492804.56145630294,5527507.278664152,-13.84670031198766,-9.902821248397231,0,1,0.0,0.0,6,7,6,7,WP6->WP7,1,0.8899731322444754,0.8899731322745457,2.233283809363724,0.13849409694649265,utm,0,0.0,0.0,0,0.0
105.35,96.46,49.89991202074924,8.899806593606971,0.2880188054305304,-17.58292900771499,-9.688912486904133,492804.53605100396,5527507.37261315,-13.87241506803548,-9.808956479653716,0,1,0.0,0.0,6,7,6,7,WP6->WP7,1,0.9141126634630674,0.9141126634831076,2.327565973059313,0.14434087874128035,utm,0,0.0,0.0,0,0.0
105.4,96.51,49.89991287349635,8.899806244587866,0.2880226756102606,-17.60800406121496,-9.594063868120886,492804.5111127631,5527507.467457331,-13.897665718512144,-9.714194994419813,0,1,0.0,0.0,6,7,6,7,WP6->WP7,1,0.9377731399774967,0.9377731399847924,2.4227369581159715,0.15024277959940965,utm,0,0.0,0.0,0,0.0
105.45,96.56,49.899913765082076,8.899805888319555,0.2879749620424982,-17.63359992924218,-9.494895341052255,492804.4856596922,5527507.566620388,-13.92344542837236,-9.61511635221541,0,1,0.0,0.0,6,7,6,7,WP6->WP7,1,0.9618903176754757,0.9618903176493607,2.5222333524636924,0.1564129149072663,utm,0,0.0,0.0,0,0.0
105.5,96.61,49.899914680126315,8.899805522607894,0.28793488752354474,-17.65987424875755,-9.39311759089619,492804.45953192987,5527507.668392531,-13.949908423877787,-9.513430862687528,0,1,0.0,0.0,6,7,6,7,WP6->WP7,1,0.9866470375768003,0.9866470375526052,2.624347669718672,0.16274539718929443,utm,0,0.0,0.0,0,0.0
105.55,96.66,49.8999156218906,8.899805155098623,0.28801284760366386,-17.686277716349647,-9.288367846833216,492804.4332790459,5527507.773135651,-13.976506330771372,-9.408774822950363,0,1,0.0,0.0,6,7,6,7,WP6->WP7,1,1.011488912630371,1.0114889126534343,2.7294343786746156,0.16926220835181247,utm,0,0.0,0.0,0,0.0
105.6,96.71,49.89991657749314,8.89980478113529,0.2879902345158042,-17.713144871894347,-9.182078913155971,492804.4065647178,5527507.879417964,-14.003570751461666,-9.302581120282412,0,1,0.0,0.0,6,7,6,7,WP6->WP7,1,1.0367714903841103,1.0367714903742795,2.8360663472453416,0.17587484671461728,utm,0,0.0,0.0,0,0.0
105.65,96.76,49.89991752867394,8.899804393842787,0.28803267833120194,-17.740969653018322,-9.076281797033397,492804.3788924892,5527507.985209936,-14.031591451668646,-9.196880912408233,0,1,0.0,0.0,6,7,6,7,WP6->WP7,1,1.063018476326738,1.063018476350045,2.942220901120835,0.1824578788460923,utm,0,0.0,0.0,0,0.0
105.7,96.81,49.89991847241808,8.899804010401576,0.2881465300423054,-17.768517740624745,-8.97131183913285,492804.351495739,5527508.090174714,-14.059333949000575,-9.092006986960769,0,1,0.0,0.0,6,7,6,7,WP6->WP7,1,1.0890011332542886,1.0890011332691685,3.0475446308481273,0.18898938853351246,utm,0,0.0,0.0,0,0.0
105.75,96.86,49.89991939532545,8.899803641455913,0.2882152306644707,-17.79502440490207,-8.868659495956623,492804.3251368992,5527508.1928214105,-14.086030902748462,-8.989447709172964,0,1,0.0,0.0,6,7,6,7,WP6->WP7,1,1.1139771483517371,1.1139771483517242,3.150536530458707,0.19537629290704792,utm,0,0.0,0.0,0,0.0
105.8,96.91,49.89992028473134,8.899803276365756,0.28811662250067716,-17.821254072816693,-8.769733425990093,492804.2990499638,5527508.291742956,-14.112443677789997,-8.890612666495144,0,1,0.0,0.0,6,7,6,7,WP6->WP7,1,1.1387313811172834,1.1387313811419355,3.249799959653456,0.20153198119373084,utm,0,0.0,0.0,0,0.0
105.85,96.96,49.89992115936848,8.89980292572968,0.2881540213044546,-17.846445296464267,-8.672450040707679,492804.2739988632,5527508.389021085,-14.13781520811608,-8.793417618609965,0,1,0.0,0.0,6,7,6,7,WP6->WP7,1,1.1624719743357856,1.1624719743359189,3.3474061896753113,0.20758490049872494,utm,0,0.0,0.0,0,0.0
105.9,97.01,49.89992203827833,8.899802592697164,0.2880414196498988,-17.87037180381081,-8.574691415251085,492804.25021261093,5527508.486772574,-14.161923456762452,-8.695745044387877,0,1,0.0,0.0,6,7,6,7,WP6->WP7,1,1.1849414675329404,1.184941467544293,3.4454687271446223,0.2136661170974174,utm,0,0.0,0.0,0,0.0
105.95,97.06,49.899922924236705,8.899802277660147,0.28800007000298317,-17.893005436000617,-8.476148802807018,492804.22771976766,5527508.585306007,-14.184740880329628,-8.597286267206073,0,1,0.0,0.0,6,7,6,7,WP6->WP7,1,1.2061071528159122,1.2061071527833251,3.5442957444804324,0.21979474188861126,utm,0,0.0,0.0,0,0.0
106.0,97.11,49.899923810312046,8.899801992602475,0.28803644746624724,-17.913485221382732,-8.377593180338515,492804.2073799306,5527508.683849565,-14.205405342683662,-8.49881027173251,0,1,0.0,0.0,6,7,6,7,WP6->WP7,1,1.2251198903802385,1.2251198903760232,3.643103929738387,0.2259221988337816,utm,0,0.0,0.0,0,0.0
106.05,97.16,49.899924710506426,8.89980172145662,0.28808484370773424,-17.93296552117132,-8.277467137970852,492804.18804128136,5527508.783961578,-14.22507379122544,-8.398762529715896,0,1,0.0,0.0,6,7,6,7,WP6->WP7,1,1.243110437332272,1.2431104373424717,3.7434669648895547,0.2321460777074793,utm,0,0.0,0.0,0,0.0
106.1,97.21,49.899925613868895,8.899801453331728,0.28816430146801236,-17.95222878193807,-8.176988717662159,492804.1689200564,5527508.884425537,-14.244525976479053,-8.298362127505243,0,1,0.0,0.0,6,7,6,7,WP6->WP7,1,1.260878846551621,1.260878846552628,3.844178989126885,0.2383915986707895,utm,0,0.0,0.0,0,0.0
106.15,97.26,49.89992650439912,8.899801187766657,0.28816653683816934,-17.971308133895548,-8.077937591418225,492804.1499807592,5527508.983462529,-14.263791532663163,-8.199388084933162,0,1,0.0,0.0,6,7,6,7,WP6->WP7,1,1.278484535039913,1.2784845350284846,3.9434617298328747,0.24454848453491362,utm,0,0.0,0.0,0,0.0
106.2,97.31,49.89992736687182,8.899800917901953,0.2879993335619539,-17.990696390327507,-7.982007222498522,492804.13072850846,5527509.079380425,-14.283359762106556,-8.1035341527313,0,1,0.0,0.0,6,7,6,7,WP6->WP7,1,1.2964450957573972,1.2964450957740623,4.039629864267907,0.25051222227293235,utm,0,0.0,0.0,0,0.0
106.25,97.36,49.899928203299034,8.899800640563424,0.2881752276197038,-18.010621598861924,-7.888973819096501,492804.11093564675,5527509.172403232,-14.303459059272427,-8.010577075183392,0,1,0.0,0.0,6,7,6,7,WP6->WP7,1,1.3149851531069183,1.3149851531168602,4.132910442974929,0.2562968921194199,utm,0,0.0,0.0,0,0.0
106.3,97.41,49.89992904802776,8.899800375524286,0.28812962043417306,-18.029663165495347,-7.795017061968745,492804.0920273098,5527509.266347844,-14.322676874115132,-7.916695282794535,0,1,0.0,0.0,6,7,6,7,WP6->WP7,1,1.332628368791669,1.3326283688127356,4.227100847272005,0.2621379835783085,utm,0,0.0,0.0,0,0.0
106.35,97.46,49.89992994034263,8.899800140782833,0.28807589077491436,-18.046528014450487,-7.695767434505788,492804.07530190056,5527509.365580295,-14.339729198429268,-7.817518486641347,0,1,0.0,0.0,6,7,6,7,WP6->WP7,1,1.3480177409175094,1.3480177408961544,4.326549255427642,0.26830514308689113,utm,0,0.0,0.0,0,0.0
106.4,97.51,49.899930850403194,8.899799911564916,0.2876885175858227,-18.06299602855108,-7.594544004218329,492804.0589758079,5527509.46678523,-14.35638870834373,-7.716367902234197,0,1,0.0,0.0,6,7,6,7,WP6->WP7,1,1.362981305620016,1.3629813056046458,4.42796459847602,0.27459427942196607,utm,0,0.0,0.0,0,0.0
106.45,97.56,49.89993178373881,8.899799685201764,0.28791286116529646,-18.07925894387085,-7.490731757365341,492804.04285819456,5527509.57057767,-14.372848266852088,-7.612629138864577,0,1,0.0,0.0,6,7,6,7,WP6->WP7,1,1.3777016119050338,1.3777016118819712,4.531964409412734,0.2810436880631319,utm,0,0.0,0.0,0,0.0
106.5,97.61,49.89993274395362,8.899799483536281,0.2879788969263009,-18.093747470970747,-7.383929813547938,492804.02851825993,5527509.677356238,-14.387539996590931,-7.50589840579778,0,1,0.0,0.0,6,7,6,7,WP6->WP7,1,1.3906042413739015,1.3906042413498194,4.638926170751904,0.2876767780816796,utm,0,0.0,0.0,0,0.0
106.55,97.66,49.89993370853442,8.899799305016998,0.2880336771378585,-18.106573074221256,-7.276642253658576,492804.0158412358,5527509.784618004,-14.400570417172275,-7.398678997531533,0,1,0.0,0.0,6,7,6,7,WP6->WP7,1,1.4018376124056047,1.401837612406708,4.7463487238142275,0.2943384434802622,utm,0,0.0,0.0,0,0.0
106.6,97.71,49.89993465037027,8.899799126342364,0.288017570675646,-18.119409838585252,-7.171884549198335,492804.00314967264,5527509.889350942,-14.413607043388765,-7.293988450430334,0,1,0.0,0.0,6,7,6,7,WP6->WP7,1,1.413119530106147,1.4131195300744546,4.8512428725297845,0.30084331327801134,utm,0,0.0,0.0,0,0.0
106.65,97.76,49.899935568230056,8.899798922667994,0.28800410238652563,-18.134042692901748,-7.069793634424292,492803.9886591706,5527509.991420561,-14.428433822118677,-7.1919671362265944,0,1,0.0,0.0,6,7,6,7,WP6->WP7,1,1.4262360415282602,1.4262360415220618,4.95349813607813,0.3071845361551827,utm,0,0.0,0.0,0,0.0
106.7,97.81,49.899936471475776,8.899798694814024,0.2881317159815849,-18.150412715093193,-6.969328199376555,492803.9724300207,5527510.091867672,-14.444993892509956,-7.091574052348733,0,1,0.0,0.0,6,7,6,7,WP6->WP7,1,1.4411128637982167,1.4411128638028097,5.054154420230068,0.31342660047193605,utm,0,0.0,0.0,0,0.0
106.75,97.86,49.89993736938592,8.899798478464211,0.2881011033634849,-18.165956228466978,-6.869456226060148,492803.95702625695,5527510.191720454,-14.460726622666698,-6.991772573441267,0,1,0.0,0.0,6,7,6,7,WP6->WP7,1,1.4551723674010313,1.4551723673987396,5.154205328860531,0.3196311232385251,utm,0,0.0,0.0,0,0.0
106.8,97.91,49.89993827765134,8.899798270455138,0.2877324602670434,-18.180900506756014,-6.768432464412874,492803.9422230299,5527510.292723763,-14.475862610794138,-6.890818594954908,0,1,0.0,0.0,6,7,6,7,WP6->WP7,1,1.468615915797149,1.4686159157729348,5.255398584181392,0.3259064871013614,utm,0,0.0,0.0,0,0.0
106.85,97.96,49.89993919766451,8.899798078360325,0.28773157079054684,-18.194701435244696,-6.666102034438056,492803.9285644443,5527510.395031687,-14.489858262881171,-6.788556235842407,0,1,0.0,0.0,6,7,6,7,WP6->WP7,1,1.480897381144429,1.4808973811550743,5.3578809431331,0.3322617929950655,utm,0,0.0,0.0,0,0.0
106.9,98.01,49.89994012910681,8.89979790835055,0.2879883277915439,-18.20691567837392,-6.56250037479699,492803.91649361124,5527510.498608212,-14.502270351571497,-6.6850200509652495,0,1,0.0,0.0,6,7,6,7,WP6->WP7,1,1.4915741768254096,1.4915741768386723,5.461610435562235,0.3386944381969236,utm,0,0.0,0.0,0,0.0
106.95,98.06,49.89994107028223,8.899797769225199,0.28799594944481266,-18.216911049898954,-6.457816128013872,492803.9066422125,5527510.603263922,-14.512466574262362,-6.580397373065352,0,1,0.0,0.0,6,7,6,7,WP6->WP7,1,1.500017225547844,1.5000172255466953,5.566389167335073,0.3451921505679332,utm,0,0.0,0.0,0,0.0
107.0,98.11,49.89994201963694,8.899797672700414,0.28777894464606163,-18.223845811069015,-6.352222122655091,492803.8998514196,5527510.708824936,-14.519605190958828,-6.474859310314059,0,1,0.0,0.0,6,7,6,7,WP6->WP7,1,1.505387770170277,1.5053877701827358,5.672031960987102,0.3517434465762586,utm,0,0.0,0.0,0,0.0
107.05,98.16,49.89994296430558,8.89979760016954,0.2881276270846106,-18.229056745120374,-6.247149335468526,492803.8947830692,5527510.813862633,-14.525019650056493,-6.369838885962963,0,1,0.0,0.0,6,7,6,7,WP6->WP7,1,1.5090430659337808,1.5090430659565308,5.777128320144868,0.35826085618308595,utm,0,0.0,0.0,0,0.0
107.1,98.21,49.89994387971221,8.899797501613133,0.2881074341912366,-18.236137466930984,-6.145331277443631,492803.8878413252,5527510.915649405,-14.532296779681928,-6.268075542524457,0,1,0.0,0.0,6,7,6,7,WP6->WP7,1,1.5146153058786231,1.5146153058762857,5.87899924270593,0.3645782446699617,utm,0,0.0,0.0,0,0.0
107.15,98.26,49.89994476013154,8.899797369205341,0.28806450589165133,-18.24565021968265,-6.047404757013228,492803.87846331735,5527511.013549449,-14.541997351683676,-6.170206933282316,0,1,0.0,0.0,6,7,6,7,WP6->WP7,1,1.5226758598258108,1.52267585984764,5.977016553166427,0.37065665657642605,utm,0,0.0,0.0,0,0.0
107.2,98.31,49.899945627581296,8.899797241869797,0.2880996358346266,-18.254798560132677,-5.9509208047615445,492803.8694476479,5527511.110007014,-14.551330833870452,-6.073779601603746,0,1,0.0,0.0,6,7,6,7,WP6->WP7,1,1.5303935073296986,1.5303935073398618,6.0735866422107225,0.37664532098985876,utm,0,0.0,0.0,0,0.0
107.25,98.36,49.8999464918349,8.899797134408587,0.28804446957301694,-18.2625190417415,-5.854792351356797,492803.8618587921,5527511.206107315,-14.55923633283237,-5.9777048313990235,0,1,0.0,0.0,6,7,6,7,WP6->WP7,1,1.536689274852569,1.536689274870159,6.169780310451072,0.38261064217253166,utm,0,0.0,0.0,0,0.0
107.3,98.41,49.89994736017983,8.899797041415827,0.28807232019776763,-18.269200046882872,-5.758208832230596,492803.85530960665,5527511.302661109,-14.566103661432862,-5.881173143163323,0,1,0.0,0.0,6,7,6,7,WP6->WP7,1,1.5419393672734438,1.54193936725558,6.266413449262217,0.38860321653260255,utm,0,0.0,0.0,0,0.0
107.35,98.46,49.89994823293994,8.89979695980926,0.28802581852846354,-18.275063018276335,-5.661134224303538,492803.8495787853,5527511.399704702,-14.572154244524427,-5.784148962236941,0,1,0.0,0.0,6,7,6,7,WP6->WP7,1,1.5463645825338215,1.5463645825090853,6.363525337339625,0.3946254798856339,utm,0,0.0,0.0,0,0.0
107.4,98.51,49.899949109154825,8.899796901613694,0.2880067579725665,-18.27924404132566,-5.563675352272124,492803.845529755,5527511.497130155,-14.57652430399321,-5.686737380921841,0,1,0.0,0.0,6,7,6,7,WP6->WP7,1,1.5491030233780236,1.5491030233991177,6.460996432387326,0.40067001897664317,utm,0,0.0,0.0,0,0.0
107.45,98.56,49.89995000319929,8.899796890501033,0.2880138722186372,-18.280042423320555,-5.4642333472447815,492803.8448646672,5527511.596533423,-14.577516956953332,-5.587336843833327,0,1,0.0,0.0,6,7,6,7,WP6->WP7,1,1.5484312291605904,1.54843122918314,6.560399655947237,0.4068343764231885,utm,0,0.0,0.0,0,0.0
107.5,98.61,49.8999509254746,8.899796916597461,0.28805045556011066,-18.278167542198553,-5.361651305463371,492803.84687597404,5527511.699071898,-14.575843561440706,-5.484792297706008,0,1,0.0,0.0,6,7,6,7,WP6->WP7,1,1.5450411187197215,1.5450411186875672,6.662901808741802,0.4131909098054813,utm,0,0.0,0.0,0,0.0
107.55,98.66,49.899951854977594,8.899796955481625,0.28801810419965834,-18.275373934444058,-5.258265349169025,492803.84980671573,5527511.802412738,-14.573253380134702,-5.3814423605799675,0,1,0.0,0.0,6,7,6,7,WP6->WP7,1,1.5407208658959421,1.540720865875477,6.7661938891142,0.4195964294859269,utm,0,0.0,0.0,0,0.0
107.6,98.71,49.89995277847065,8.899796970388385,0.2875721210444581,-18.2743029678243,-5.1555478617694,492803.85101461015,5527511.905087678,-14.572383842372801,-5.278763998299837,0,1,0.0,0.0,6,7,6,7,WP6->WP7,1,1.53813225987447,1.538132259884223,6.868843299069176,0.4259620948233096,utm,0,0.0,0.0,0,0.0
107.65,98.76,49.89995370359189,8.8997969563854,0.2880112765214182,-18.27530900332153,-5.052649275508865,492803.85014657385,5527512.007946424,-14.573590829735622,-5.175908671692014,0,1,0.0,0.0,6,7,6,7,WP6->WP7,1,1.5376169249528406,1.5376169249451976,6.971704417247486,0.43234088896191497,utm,0,0.0,0.0,0,0.0
107.7,98.81,49.89995463794663,8.8997969413588,0.2880816555190178,-18.276388579779034,-4.948723674183679,492803.8492063995,5527512.11183187,-14.574873338104226,-5.072026886977255,0,1,0.0,0.0,6,7,6,7,WP6->WP7,1,1.5371599139660352,1.5371599139824461,7.07559311204215,0.4387834068847203,utm,0,0.0,0.0,0,0.0
107.75,98.86,49.89995557930913,8.899796944483294,0.2881247628467263,-18.276164102482216,-4.8440186190027665,492803.8495708004,5527512.216494715,-14.574853840167634,-4.967363410629332,0,1,0.0,0.0,6,7,6,7,WP6->WP7,1,1.5353879909870096,1.5353879909856005,7.180241591160507,0.4452730418122443,utm,0,0.0,0.0,0,0.0
107.8,98.91,49.8999565282766,8.89979696514724,0.2881065139208352,-18.274679514478823,-4.738467685117094,492803.85119593976,5527512.322001414,-14.573576391325332,-4.861851928755641,0,1,0.0,0.0,6,7,6,7,WP6->WP7,1,1.532344094916789,1.532344094921245,7.2857168935822365,0.4518139510768028,utm,0,0.0,0.0,0,0.0
107.85,98.96,49.89995748025263,8.899797010343857,0.2877983428599334,-18.271432392607487,-4.632582117384517,492803.85458335665,5527512.427840258,-14.570537769119255,-4.756002496927977,0,1,0.0,0.0,6,7,6,7,WP6->WP7,1,1.5275336138878741,1.5275336138934195,7.391500610120028,0.4583739862286804,utm,0,0.0,0.0,0,0.0
107.9,99.01,49.8999584279833,8.899797079012483,0.2880825795005056,-18.26649893924134,-4.527168749578406,492803.85965579975,5527512.533204835,-14.565812566957902,-4.650621775537729,0,1,0.0,0.0,6,7,6,7,WP6->WP7,1,1.5210446371996458,1.5210446371937947,7.496787441816096,0.4649032077342349,utm,0,0.0,0.0,0,0.0
107.95,99.06,49.8999593691019,8.89979716623265,0.28813134519245476,-18.260232662342418,-4.422490823142703,492803.8660595505,5527512.637832483,-14.55975363595644,-4.545973593369126,0,1,0.0,0.0,6,7,6,7,WP6->WP7,1,1.5132343838203677,1.513234383817608,7.601319507560812,0.4713856234426936,utm,0,0.0,0.0,0,0.0
108.0,99.11,49.899960302455064,8.899797252027623,0.2881099424920474,-18.254068777604562,-4.318676623512499,492803.8723597947,5527512.741596889,-14.553795366198756,-4.442188989371061,0,1,0.0,0.0,6,7,6,7,WP6->WP7,1,1.505539236939599,1.505539236927391,7.704989800482987,0.4778145974666111,utm,0,0.0,0.0,0,0.0
108.05,99.16,49.89996122051359,8.899797314512112,0.28811997889461466,-18.24957961963668,-4.216563602734354,492803.8769837061,5527512.843663033,-14.549507823830936,-4.340108161792159,0,1,0.0,0.0,6,7,6,7,WP6->WP7,1,1.4995431102645276,1.4995431102393257,7.806984529970805,0.4841396636738218,utm,0,0.0,0.0,0,0.0
108.1,99.21,49.89996213469806,8.899797366995449,0.2880725217535877,-18.24580898800562,-4.114881482767146,492803.88088880177,5527512.945299412,-14.545937677030452,-4.238459466956556,0,1,0.0,0.0,6,7,6,7,WP6->WP7,1,1.4942715139373208,1.4942715139490792,7.908559199974426,0.49043868045610767,utm,0,0.0,0.0,0,0.0
108.15,99.26,49.89996305258307,8.899797419836817,0.28813605552361976,-18.242012633807892,-4.0127877619371475,492803.88482016,5527513.047347192,-14.542342623521108,-4.13639928586781,0,1,0.0,0.0,6,7,6,7,WP6->WP7,1,1.4889681247967328,1.4889681247858584,8.01054488015363,0.4967631854825945,utm,0,0.0,0.0,0,0.0
108.2,99.31,49.89996396917885,8.899797481028894,0.28815615455509974,-18.237616328315152,-3.9108374379247657,492803.88935103803,5527513.14925083,-14.538147578481585,-4.034481270238757,0,1,0.0,0.0,6,7,6,7,WP6->WP7,1,1.4830672085064365,1.4830672085104066,8.112378369017994,0.5030782525690295,utm,0,0.0,0.0,0,0.0
108.25,99.36,49.899964885829746,8.899797552083385,0.2881560311102166,-18.232511464085466,-3.808880983889994,492803.89459019963,5527513.2511596475,-14.533244270773139,-3.932555740699172,0,1,0.0,0.0,6,7,6,7,WP6->WP7,1,1.4764580030350236,1.4764580030596444,8.214207512100003,0.5093930501576065,utm,0,0.0,0.0,0,0.0
108.3,99.41,49.89996579811758,8.899797640894034,0.2881486662908478,-18.22613091999889,-3.7074098211718387,492803.90110388224,5527513.352581662,-14.527064844791312,-3.8311128113418818,0,1,0.0,0.0,6,7,6,7,WP6->WP7,1,1.4685809386201076,1.4685809386315547,8.315532755607878,0.515676599090648,utm,0,0.0,0.0,0,0.0
108.35,99.46,49.89996672693062,8.899797758078126,0.28817917786395353,-18.217711904172052,-3.6041006061919543,492803.9096576796,5527513.455838269,-14.518851360713597,-3.727828578092158,0,1,0.0,0.0,6,7,6,7,WP6->WP7,1,1.4586392714734766,1.458639271470225,8.418664988633767,0.5220722060525169,utm,0,0.0,0.0,0,0.0
108.4,99.51,49.89996768581263,8.899797875121573,0.2880599743800124,-18.20930299288265,-3.497446906466335,492803.9182058485,5527513.562438034,-14.510654522047844,-3.621201221831143,0,1,0.0,0.0,6,7,6,7,WP6->WP7,1,1.448658271960937,1.4486582719291123,8.525140154349515,0.5286751204967998,utm,0,0.0,0.0,0,0.0
108.45,99.56,49.89996864944699,8.899797987875044,0.2880293323185409,-18.201202292191184,-3.3902646168345107,492803.92644663656,5527513.669566591,-14.502766805060674,-3.514046090655029,0,1,0.0,0.0,6,7,6,7,WP6->WP7,1,1.438977513986929,1.4389775139643768,8.632148197033633,0.5353110805908153,utm,0,0.0,0.0,0,0.0
108.5,99.61,49.89996961901832,8.899798097255921,0.2879626699700585,-18.19334389326898,-3.282421974361386,492803.9344461022,5527513.777355559,-14.49512258550385,-3.4062313474714756,0,1,0.0,0.0,6,7,6,7,WP6->WP7,1,1.42952917507382,1.4295291751001717,8.739819836493403,0.5419881927479028,utm,0,0.0,0.0,0,0.0
108.55,99.66,49.89997059366981,8.899798201805597,0.2880544688948979,-18.185832588959812,-3.1740142802353066,492803.9420993673,5527513.885709818,-14.4878264273284,-3.297852455638349,0,1,0.0,0.0,6,7,6,7,WP6->WP7,1,1.4204194031172654,1.4204194031058424,8.848061372080247,0.5487006462481467,utm,0,0.0,0.0,0,0.0
108.6,99.71,49.89997155020006,8.899798297837576,0.28807205349366966,-18.178933233105738,-3.067622160677943,492803.949138233,5527513.992050127,-14.481138028670102,-3.191489528864622,0,1,0.0,0.0,6,7,6,7,WP6->WP7,1,1.4119510596013425,1.411951059600024,8.954297401922586,0.5552887310023129,utm,0,0.0,0.0,0,0.0
108.65,99.76,49.89997248389218,8.899798404716284,0.2882242130329238,-18.17125460091861,-2.9637702604195026,492803.9569526665,5527514.095850191,-14.473665695346426,-3.0876642763614655,0,1,0.0,0.0,6,7,6,7,WP6->WP7,1,1.402741380755343,1.4027413807404365,9.057982986569117,0.5617186533219851,utm,0,0.0,0.0,0,0.0
108.7,99.81,49.899973415584604,8.899798524156527,0.28831783355175805,-18.1626734933847,-2.8601407800708656,492803.965668917,5527514.199426718,-14.46529081335757,-2.984059588983655,0,1,0.0,0.0,6,7,6,7,WP6->WP7,1,1.3926329727062072,1.392632972730012,9.161432926397739,0.5681339624446604,utm,0,0.0,0.0,0,0.0
108.75,99.86,49.89997434346802,8.899798660501252,0.28829952492590993,-18.152877894113775,-2.7569349653520763,492803.9755986068,5527514.302578123,-14.455701097671408,-2.8808760223910213,0,1,0.0,0.0,6,7,6,7,WP6->WP7,1,1.381316952353531,1.381316952360821,9.2644414640231,0.5745218986023437,utm,0,0.0,0.0,0,0.0
108.8,99.91,49.89997526741908,8.899798813002272,0.2882608704205518,-18.141921556268883,-2.6541665345230747,492803.9866879859,5527514.405290769,-14.444950253120624,-2.778127389959991,0,1,0.0,0.0,6,7,6,7,WP6->WP7,1,1.3688472482379388,1.3688472482335983,9.366995686178077,0.5808816609961123,utm,0,0.0,0.0,0,0.0
108.85,99.96,49.89997619107571,8.899798955821435,0.28816696662365393,-18.13166080523001,-2.5514308530415293,492803.99708201207,5527514.50797161,-14.434894652920775,-2.6754128551110625,0,1,0.0,0.0,6,7,6,7,WP6->WP7,1,1.3570732618545849,1.3570732618671382,9.469527457044657,0.5872400311033747,utm,0,0.0,0.0,0,0.0
108.9,100.01,49.89997711998043,8.899799086084576,0.28808096234049463,-18.122302133529285,-2.4481114418759735,492804.00657509966,5527514.611237152,-14.425741913204547,-2.5721165910363197,0,1,0.0,0.0,6,7,6,7,WP6->WP7,1,1.3461922692686974,1.3461922692728874,9.572655992355308,0.5936354087563979,utm,0,0.0,0.0,0,0.0
108.95,100.06,49.899978055100014,8.899799219069497,0.2879549853400379,-18.112747917282487,-2.3441007680943997,492804.01626457775,5527514.715193419,-14.416395060252398,-2.4681289587169886,0,1,0.0,0.0,6,7,6,7,WP6->WP7,1,1.3351056147683096,1.3351056147421985,9.676472549680762,0.6000734531709047,utm,0,0.0,0.0,0,0.0
109.0,100.11,49.899978998805395,8.899799350338947,0.2880323452326222,-18.10331694790737,-2.2391351211618145,492804.0258321348,5527514.820104443,-14.407173273910303,-2.363186975941062,0,1,0.0,0.0,6,7,6,7,WP6->WP7,1,1.3241280301714604,1.3241280301814324,9.781245416827282,0.6065708018549871,utm,0,0.0,0.0,0,0.0
109.05,100.16,49.89997994516641,8.899799478975464,0.28808848731550113,-18.094075139975562,-2.133874096157056,492804.03521100065,5527514.925310976,-14.39814115158515,-2.2579501066356897,0,1,0.0,0.0,6,7,6,7,WP6->WP7,1,1.313335145638649,1.3133351456552464,9.886316304442277,0.6130866318782885,utm,0,0.0,0.0,0,0.0
109.1,100.21,49.89998088967644,8.8997996132821,0.2882715871593153,-18.084425965886414,-2.0288189497655336,492804.0449967941,5527515.03031117,-14.388701423886232,-2.152918235398829,0,1,0.0,0.0,6,7,6,7,WP6->WP7,1,1.302138145283462,1.302138145271811,9.99117539899094,0.6195893278389428,utm,0,0.0,0.0,0,0.0
109.15,100.26,49.8999818310948,8.899799756435423,0.2883293512949277,-18.0741412073824,-1.924107682488986,492804.05541745754,5527515.134966773,-14.378625694138464,-2.0482288617640734,0,1,0.0,0.0,6,7,6,7,WP6->WP7,1,1.290310966491615,1.2903109665009458,10.095681395457069,0.6260701268960914,utm,0,0.0,0.0,0,0.0
109.2,100.31,49.89998276770364,8.899799915004863,0.28832324489324296,-18.06274888776815,-1.8199313629650413,492804.0669445235,5527515.23908616,-14.36744180083042,-1.9440720537677407,0,1,0.0,0.0,6,7,6,7,WP6->WP7,1,1.277384696596298,1.2773846965776139,10.199636345503803,0.6325167535493972,utm,0,0.0,0.0,0,0.0
109.25,100.36,49.89998369537315,8.899800086517455,0.28825804664686516,-18.050426675685934,-1.7167493402895238,492804.07939978,5527515.342210406,-14.35532644263003,-1.8409073231741786,0,1,0.0,0.0,6,7,6,7,WP6->WP7,1,1.2635437031217844,1.2635437031296508,10.30258376134879,0.638900899321935,utm,0,0.0,0.0,0,0.0
109.3,100.41,49.89998461693203,8.899800250049381,0.28812213150677,-18.038677829485017,-1.614246985261542,492804.0912809907,5527515.444656025,-14.343782890879083,-1.7384231081232429,0,1,0.0,0.0,6,7,6,7,WP6->WP7,1,1.2502858301587378,1.2502858301455204,10.404860330852067,0.6452434434592952,utm,0,0.0,0.0,0,0.0
109.35,100.46,49.89998553772856,8.899800404559983,0.28803086292961133,-18.027577114523627,-1.5118294246314525,492804.10251421545,5527515.547017747,-14.332887044991367,-1.6360249249264598,0,1,0.0,0.0,6,7,6,7,WP6->WP7,1,1.2376770127377794,1.2376770127384997,10.50706172602974,0.6515813257617851,utm,0,0.0,0.0,0,0.0
109.4,100.51,49.89998646343259,8.899800562628952,0.28777805044870824,-18.016220750910914,-1.4088660167802793,492804.11400371615,5527515.649924756,-14.321736721554771,-1.533080612309277,0,1,0.0,0.0,6,7,6,7,WP6->WP7,1,1.2248046092892335,1.2248046092924803,10.609804912880145,0.6579528065474294,utm,0,0.0,0.0,0,0.0
109.45,100.56,49.899987381692995,8.899800715223737,0.28804763810758416,-18.005257676580108,-1.306730541186738,492804.1250989774,5527515.752004692,-14.310977909888607,-1.4309646673500538,0,1,0.0,0.0,6,7,6,7,WP6->WP7,1,1.2123375324858419,1.2123375325009216,10.711726403324281,0.6642733309336797,utm,0,0.0,0.0,0,0.0
109.5,100.61,49.8999882783946,8.899800862688371,0.2880817051403397,-17.99466317461973,-1.206992989695563,492804.13582260686,5527515.851688157,-14.300582830794156,-1.33124640583992,0,1,0.0,0.0,6,7,6,7,WP6->WP7,1,1.200274282770837,1.200274282796235,10.81125663657357,0.6704455647155836,utm,0,0.0,0.0,0,0.0
109.55,100.66,49.89998917353258,8.899801013257452,0.28827537256952296,-17.98384563569558,-1.107429355656334,492804.1467689511,5527515.951197474,-14.289964464260265,-1.2317015565931797,0,1,0.0,0.0,6,7,6,7,WP6->WP7,1,1.1879906804709732,1.1879906804519207,10.91060974332177,0.6766068142353393,utm,0,0.0,0.0,0,0.0
109.6,100.71,49.89999006521768,8.899801173076911,0.2883645728361302,-17.972363509286524,-1.008249776293179,492804.15837910294,5527516.050322004,-14.278681025665719,-1.1325393058359623,0,1,0.0,0.0,6,7,6,7,WP6->WP7,1,1.1750485053450401,1.1750485053333934,11.009569169642685,0.6827436501919671,utm,0,0.0,0.0,0,0.0
109.65,100.76,49.89999095219234,8.899801342361364,0.288351268652289,-17.96020137645242,-0.9095941249343906,492804.17066828825,5527516.148921903,-14.266716828453355,-1.033899444155395,0,1,0.0,0.0,6,7,6,7,WP6->WP7,1,1.1614344136351857,1.1614344136324135,11.107994881608713,0.6888473885694617,utm,0,0.0,0.0,0,0.0
109.7,100.81,49.89999183584135,8.899801522214846,0.2882483340366662,-17.947279918565275,-0.8113083762770869,492804.1837159997,5527516.247151035,-14.253992887446657,-0.9356278497725725,0,1,0.0,0.0,6,7,6,7,WP6->WP7,1,1.1470668506712312,1.1470668506411372,11.206039658190273,0.6949275037505468,utm,0,0.0,0.0,0,0.0
109.75,100.86,49.899992715361165,8.899801690289483,0.28811557949413985,-17.935204704202608,-0.713481905962809,492804.1959171917,5527516.344922202,-14.242113952175714,-0.8378170058131218,0,1,0.0,0.0,6,7,6,7,WP6->WP7,1,1.133551889513358,1.1335518895054983,11.303637895741847,0.7009799274132275,utm,0,0.0,0.0,0,0.0
109.8,100.91,49.899993581198274,8.899801849575507,0.2880911559014768,-17.923760902062,-0.6171773240811878,492804.20748518856,5527516.441172935,-14.230863198172301,-0.7415286749601364,0,1,0.0,0.0,6,7,6,7,WP6->WP7,1,1.120690513698053,1.1206905137111771,11.39972435283542,0.7069386000405786,utm,0,0.0,0.0,0,0.0
109.85,100.96,49.89999441075674,8.899802005019989,0.2875697298173095,-17.9125930930537,-0.5249079115109624,492804.2187719068,5527516.533390484,-14.219880430493504,-0.6492744321003556,0,1,0.0,0.0,6,7,6,7,WP6->WP7,1,1.1081646312473288,1.1081646312665399,11.491781772825835,0.7126474173415149,utm,0,0.0,0.0,0,0.0
109.9,101.01,49.89999523170548,8.899802156088638,0.28776275710012444,-17.901739662959596,-0.43359613451952445,492804.22974309104,5527516.624651199,-14.209210042026825,-0.5579780591651797,0,1,0.0,0.0,6,7,6,7,WP6->WP7,1,1.0959671222523628,1.095967122240269,11.582886689434222,0.7182971664240818,utm,0,0.0,0.0,0,0.0
109.95,101.06,49.89999604934873,8.899802303968027,0.2878447468320182,-17.891115363231865,-0.34265201736588513,492804.24048474466,5527516.715544708,-14.19876797287725,-0.46704964619129896,0,1,0.0,0.0,6,7,6,7,WP6->WP7,1,1.0840040614675155,1.0840040614407502,11.673627519565075,0.7239243371725806,utm,0,0.0,0.0,0,0.0
110.0,101.11,49.899996843979224,8.899802447602728,0.28808893607558544,-17.88079602039915,-0.25426754327671247,492804.25091814034,5527516.803880007,-14.188625729759224,-0.37868044432252645,0,1,0.0,0.0,6,7,6,7,WP6->WP7,1,1.0723836347218036,1.0723836347078526,11.76181451671118,0.7293931353974029,utm,0,0.0,0.0,0,0.0
110.05,101.16,49.89999758908673,8.899802587223755,0.2881244727250997,-17.870765037322244,-0.17139136976366365,492804.2610559261,5527516.886709597,-14.178760951734148,-0.29581789672374725,0,1,0.0,0.0,6,7,6,7,WP6->WP7,1,1.061132834515913,1.061132834536106,11.844500278288406,0.7345207818845878,utm,0,0.0,0.0,0,0.0
110.1,101.21,49.89999832363636,8.89980272979235,0.28830875401393785,-17.860522288149305,-0.08968951793248243,492804.2714038225,5527516.968365051,-14.168682194955181,-0.21412878669798374,0,1,0.0,0.0,6,7,6,7,WP6->WP7,1,1.0496877329965726,1.049687733018749,11.92600918431628,0.7395754472549705,utm,0,0.0,0.0,0,0.0
110.15,101.26,49.89999905446593,8.899802878745595,0.2883787681613649,-17.84982083795043,-0.008401437659923518,492804.28220968286,5527517.049606286,-14.158144111803267,-0.1328523838892579,0,1,0.0,0.0,6,7,6,7,WP6->WP7,1,1.0377902796291576,1.037790279619371,12.007097750136637,0.7446040457917485,utm,0,0.0,0.0,0,0.0
110.2,101.31,49.89999978208764,8.899803037141767,0.2882788482924563,-17.838440966637254,0.07252984120669485,492804.2936932154,5527517.130489954,-14.146927181747742,-0.05193131323903799,0,1,0.0,0.0,6,7,6,7,WP6->WP7,1,1.025220024023731,1.0252200240237457,12.087819667306585,0.7496099071047477,utm,0,0.0,0.0,0,0.0
110.25,101.36,49.900000490490704,8.899803188141483,0.28815802082560377,-17.827592489012076,0.1513234849006453,492804.30464270833,5527517.209237555,-14.13623724936042,0.026851942762732506,0,1,0.0,0.0,6,7,6,7,WP6->WP7,1,1.0132124865752699,1.01321248658973,12.166412893111008,0.7544837604807755,utm,0,0.0,0.0,0,0.0
110.3,101.41,49.90000115140762,8.899803318038598,0.28813825723928055,-17.818260114173494,0.2248353813067146,492804.3140696426,5527517.28270755,-14.127052475814708,0.10035260394215584,0,1,0.0,0.0,6,7,6,7,WP6->WP7,1,1.002798345811715,1.0027983458215357,12.23974946561939,0.7590316295604305,utm,0,0.0,0.0,0,0.0
110.35,101.46,49.90000179271763,8.89980344381879,0.2880070960174436,-17.80922351707393,0.2961664564474758,492804.3231980013,5527517.35399799,-14.118159093777649,0.17167273815721273,0,1,0.0,0.0,6,7,6,7,WP6->WP7,1,0.9927120653621151,0.9927120653411389,12.310910695956776,0.7634445977160477,utm,0,0.0,0.0,0,0.0
110.4,101.51,49.900002420913395,8.89980357025697,0.2877117069947271,-17.800139647161462,0.36603887210074376,492804.3323716632,5527517.423830292,-14.109215603733901,0.24153489153832197,0,1,0.0,0.0,6,7,6,7,WP6->WP7,1,0.9826000955023534,0.9826000954758447,12.380613311605641,0.7677671118401475,utm,0,0.0,0.0,0,0.0
110.45,101.56,49.9000030511144,8.899803698343153,0.28801009996819954,-17.790937377686355,0.43613432533573837,492804.3416639752,5527517.493885384,-14.100154198356904,0.3116202251985669,0,1,0.0,0.0,6,7,6,7,WP6->WP7,1,0.9723664900065342,0.9723664900211111,12.450537100567377,0.7721033417302893,utm,0,0.0,0.0,0,0.0
110.5,101.61,49.900003675340976,8.899803827393862,0.28802830763467874,-17.781665812315495,0.5055652598047057,492804.35102466657,5527517.563276132,-14.091022224805783,0.3810414420440793,0,1,0.0,0.0,6,7,6,7,WP6->WP7,1,0.9620734458121175,0.9620734458279236,12.519795685954078,0.7763983199138527,utm,0,0.0,0.0,0,0.0
110.55,101.66,49.900004295781144,8.8998039529087,0.28806197765938935,-17.772648279400876,0.5745750424907259,492804.3601308639,5527517.632246234,-14.082143357663881,0.45004117861390114,0,1,0.0,0.0,6,7,6,7,WP6->WP7,1,0.9520405296802633,0.9520405296711878,12.588637087057489,0.7806674269742153,utm,0,0.0,0.0,0,0.0
110.6,101.71,49.90000491437243,8.899804076646626,0.2882057574700754,-17.763758407520573,0.6433791800477422,492804.36910917604,5527517.701010945,-14.07339169824263,0.5188351031392813,0,1,0.0,0.0,6,7,6,7,WP6->WP7,1,0.942138249343832,0.9421382493571306,12.65727483457775,0.7849239047310519,utm,0,0.0,0.0,0,0.0
110.65,101.76,49.90000553331343,8.899804198602666,0.288237764726456,-17.754996554141613,0.712222214662804,492804.37795957277,5527517.769814709,-14.06476808222942,0.5876676589250565,0,1,0.0,0.0,6,7,6,7,WP6->WP7,1,0.932363347686167,0.9323633476793705,12.725953351982275,0.7891829107775219,utm,0,0.0,0.0,0,0.0
110.7,101.81,49.90000612980344,8.89980431118038,0.2881452638970253,-17.746908480548548,0.7785680894240751,492804.3861331202,5527517.836123214,-14.05681308900239,0.6540027372539043,0,1,0.0,0.0,6,7,6,7,WP6->WP7,1,0.9232987914561064,0.9232987914814629,12.792145938585351,0.7932877551630446,utm,0,0.0,0.0,0,0.0
110.75,101.86,49.90000668537457,8.899804424702616,0.28815945269884335,-17.73875254845749,0.8403626758558624,492804.3943684133,5527517.897882162,-14.048781358113047,0.7157884882763028,0,1,0.0,0.0,6,7,6,7,WP6->WP7,1,0.9142336798167777,0.9142336798125807,12.853788548899066,0.7971104388779526,utm,0,0.0,0.0,0,0.0
110.8,101.91,49.90000721582956,8.899804541876325,0.28819610074484514,-17.730334278576663,0.8993636651923045,492804.4028622034,5527517.95684828,-14.04048192827031,0.774782276712358,0,1,0.0,0.0,6,7,6,7,WP6->WP7,1,0.9049476537935831,0.9049476537849855,12.912635105744641,0.800759729091121,utm,0,0.0,0.0,0,0.0
110.85,101.96,49.900007725592175,8.899804665331963,0.2883107820236261,-17.721464687494358,0.9560631006894987,492804.41180405655,5527518.013513161,-14.031726854445878,0.8314763158559799,0,1,0.0,0.0,6,7,6,7,WP6->WP7,1,0.8952445533448927,0.8952445533727841,12.969174608325522,0.8042659504316025,utm,0,0.0,0.0,0,0.0
110.9,102.01,49.90000823013042,8.899804799513223,0.2880375192701817,-17.7118245210383,1.0121814448745072,492804.42151539924,5527518.069596154,-14.022200377716217,0.8875910071656108,0,1,0.0,0.0,6,7,6,7,WP6->WP7,1,0.8847798584978224,0.8847798584975899,13.025121926590328,0.8077354482568118,utm,0,0.0,0.0,0,0.0
110.95,102.06,49.90000872219584,8.899804922910779,0.2881000854995071,-17.70295910291453,1.0669124724480221,492804.4304504486,5527518.12429342,-14.013445623626467,0.942317420616746,0,1,0.0,0.0,6,7,6,7,WP6->WP7,1,0.875110022669262,0.8751100226513481,13.079694084095724,0.8111196673338689,utm,0,0.0,0.0,0,0.0
111.0,102.11,49.90000921173345,8.899805038831035,0.28817701172664273,-17.694630886520322,1.121362338308999,492804.4388481354,5527518.178710357,-14.005227305344306,0.9967617355287075,0,1,0.0,0.0,6,7,6,7,WP6->WP7,1,0.8659812707385943,0.8659812707495526,13.133993163698808,0.8144869518514588,utm,0,0.0,0.0,0,0.0
111.05,102.16,49.900009696810166,8.899805151997228,0.28813559418788115,-17.68650053406017,1.1753160324881342,492804.4470473737,5527518.232631585,-13.997205801017117,1.0507096899673343,0,1,0.0,0.0,6,7,6,7,WP6->WP7,1,0.8570576159882501,0.8570576159775184,13.18779924748161,0.8178236638951689,utm,0,0.0,0.0,0,0.0
111.1,102.21,49.90001017855456,8.899805266403483,0.28800906051440456,-17.67828109012213,1.2288990817689371,492804.4553351721,5527518.286182197,-13.989094515738543,1.1042873226106167,0,1,0.0,0.0,6,7,6,7,WP6->WP7,1,0.848050393262084,0.8480503932590613,13.241233558620296,0.82113732095751,utm,0,0.0,0.0,0,0.0
111.15,102.26,49.90001066493948,8.899805382158798,0.2880356729875836,-17.669964723868357,1.282998283321643,492804.46372054407,5527518.340248625,-13.980887357261963,1.1583810895681381,0,1,0.0,0.0,6,7,6,7,WP6->WP7,1,0.8389386689046432,0.838938668929473,13.295182326698937,0.8244828813762531,utm,0,0.0,0.0,0,0.0
111.2,102.31,49.900011137467736,8.899805495417604,0.28773146865884747,-17.66182771762084,1.335556248381642,492804.47192456695,5527518.392774673,-13.97285647073295,1.210933887399733,0,1,0.0,0.0,6,7,6,7,WP6->WP7,1,0.8300289930005005,0.8300289930005541,13.347593293349936,0.8277330771041713,utm,0,0.0,0.0,0,0.0
111.25,102.36,49.90001160126635,8.899805605375894,0.28770736912646006,-17.65392783491173,1.3871432395454375,492804.47989026265,5527518.444330453,-13.965060712769628,1.2625156380236149,0,1,0.0,0.0,6,7,6,7,WP6->WP7,1,0.8213706713612017,0.8213706713398022,13.399037284260936,0.8309233071298716,utm,0,0.0,0.0,0,0.0
111.3,102.41,49.900012053481916,8.899805711971737,0.28776084411083547,-17.646269524999493,1.4374418816960606,492804.48761275964,5527518.494598723,-13.957503909361549,1.312809083610773,0,1,0.0,0.0,6,7,6,7,WP6->WP7,1,0.8129728414499883,0.8129728414290696,13.449197152570775,0.8340339040165725,utm,0,0.0,0.0,0,0.0
111.35,102.46,49.900012503884156,8.899805818258063,0.2877511587547942,-17.63863345219088,1.4875388330915413,492804.49531275855,5527518.544665413,-13.949968939647079,1.3629008755087852,0,1,0.0,0.0,6,7,6,7,WP6->WP7,1,0.8046002184923218,0.8046002185036416,13.499155761560495,0.8371320200767545,utm,0,0.0,0.0,0,0.0
111.4,102.51,49.9000129442053,8.899805921772153,0.2880316133809153,-17.631196548881373,1.5365144934420623,492804.5028121683,5527518.593611526,-13.94263086526189,1.4118714360520244,0,1,0.0,0.0,6,7,6,7,WP6->WP7,1,0.7964432366317796,0.7964432366081311,13.547996592871112,0.8401608186549374,utm,0,0.0,0.0,0,0.0
111.45,102.56,49.900013375378784,8.899806022392788,0.28788456834904375,-17.62396752394278,1.5844726846953923,492804.5101024224,5527518.641540856,-13.93549859477207,1.4598245294764638,0,1,0.0,0.0,6,7,6,7,WP6->WP7,1,0.7885090656816892,0.788509065705447,13.5958235454307,0.8431267429036473,utm,0,0.0,0.0,0,0.0
111.5,102.61,49.90001379745928,8.89980612203271,0.2881057676050084,-17.616808957784468,1.6314194894695466,492804.5173208935,5527518.688459299,-13.928434775676578,1.5067665046080947,0,1,0.0,0.0,6,7,6,7,WP6->WP7,1,0.7806602661433237,0.7806602661666423,13.642640667455906,0.8460300438676039,utm,0,0.0,0.0,0,0.0
111.55,102.66,49.90001421195211,8.89980621968064,0.2881826795648036,-17.609793504909746,1.6775223400150376,492804.52439518,5527518.734534315,-13.921512360975612,1.552864583209157,0,1,0.0,0.0,6,7,6,7,WP6->WP7,1,0.772966980925905,0.7729669809474324,13.688616378605262,0.8488811658658049,utm,0,0.0,0.0,0,0.0
111.6,102.71,49.900014624443614,8.89980631842992,0.28824724391741957,-17.602698926242688,1.7234025888160356,492804.5315482629,5527518.780386714,-13.914510416740086,1.5987403048202395,0,1,0.0,0.0,6,7,6,7,WP6->WP7,1,0.7651979003194853,0.7651979003007634,13.73436843336682,0.851718418113406,utm,0,0.0,0.0,0,0.0
111.65,102.76,49.900015023453335,8.899806418694638,0.2882654768179768,-17.59549547200152,1.7677832971630483,492804.53880817257,5527518.824740028,-13.907396706286818,1.6431173020973802,0,1,0.0,0.0,6,7,6,7,WP6->WP7,1,0.7573421630126463,0.7573421630077315,13.778620101354882,0.8544626258897248,utm,0,0.0,0.0,0,0.0
111.7,102.81,49.90001540778004,8.89980652154352,0.2883348447227653,-17.588106360157543,1.8105308554729604,492804.5462514818,5527518.867460595,-13.900094216747675,1.685862165875733,0,1,0.0,0.0,6,7,6,7,WP6->WP7,1,0.7493250006359964,0.7493250006475857,13.821236704247065,0.8571054372994227,utm,0,0.0,0.0,0,0.0
111.75,102.86,49.90001578112948,8.89980662992747,0.28830584593450564,-17.58031958481446,1.852057444781503,492804.55409066245,5527518.908960152,-13.892391834349837,1.727387330494821,0,1,0.0,0.0,6,7,6,7,WP6->WP7,1,0.7409284234076099,0.7409284234023389,13.862627083234955,0.8596722060800704,utm,0,0.0,0.0,0,0.0
111.8,102.91,49.90001614221099,8.899806727057017,0.288316029093167,-17.573341374873625,1.8922195069546808,492804.56111977703,5527518.949096809,-13.885495022346731,1.767546933144331,0,1,0.0,0.0,6,7,6,7,WP6->WP7,1,0.7333601679056697,0.733360167885085,13.902665579375638,0.8621551396610376,utm,0,0.0,0.0,0,0.0
111.85,102.96,49.90001649875012,8.899806817712355,0.28819796060722663,-17.56682830036522,1.9318763333051079,492804.5676832669,5527518.988729054,-13.87906217033742,1.8072005920112133,0,1,0.0,0.0,6,7,6,7,WP6->WP7,1,0.7262642785665039,0.726264278558293,13.94220597131579,0.8646071839787824,utm,0,0.0,0.0,0,0.0
111.9,103.01,49.90001684604925,8.899806903642556,0.2881082292837037,-17.560654700207017,1.9705054207897628,492804.5739060441,5527519.027334426,-13.872966645169072,1.8458262598142028,0,1,0.0,0.0,6,7,6,7,WP6->WP7,1,0.7195228809123125,0.7195228809020433,13.980724164707349,0.8669958380259786,utm,0,0.0,0.0,0,0.0
111.95,103.06,49.90001719180719,8.899806989411257,0.2880723712598344,-17.554492702986952,2.008963086273645,492804.58011699386,5527519.065768459,-13.866882382833865,1.8842805521562696,0,1,0.0,0.0,6,7,6,7,WP6->WP7,1,0.7127956139212235,0.7127956139185324,14.019071194447667,0.8693738775891539,utm,0,0.0,0.0,0,0.0
112.0,103.11,49.90001753816808,8.899807075385109,0.2880608304423587,-17.5483159667926,2.0474878162118526,492804.5863427661,5527519.104269509,-13.860783518932294,1.9228019090369344,0,1,0.0,0.0,6,7,6,7,WP6->WP7,1,0.706052624492619,0.7060526244762023,14.057485035828218,0.8717560603864943,utm,0,0.0,0.0,0,0.0
112.05,103.16,49.900017884405536,8.899807161860418,0.28805893939335553,-17.54210320376693,2.0859988165696723,492804.5926045323,5527519.14275679,-13.854648615873884,1.961309615522623,0,1,0.0,0.0,6,7,6,7,WP6->WP7,1,0.6992738295165662,0.6992738295395934,14.095884624786484,0.8741373593390026,utm,0,0.0,0.0,0,0.0
112.1,103.21,49.90001821601093,8.899807245343345,0.28804293688445365,-17.536105426465348,2.1228823348970134,492804.59864922287,5527519.179617526,-13.848725427233148,1.99819007050246,0,1,0.0,0.0,6,7,6,7,WP6->WP7,1,0.6927339651242614,0.6927339651422676,14.13266073554399,0.8764179804706339,utm,0,0.0,0.0,0,0.0
112.15,103.26,49.90001853392364,8.899807325659129,0.28775526164873605,-17.53033519051837,2.15824285538783,492804.6044644268,5527519.214956177,-13.843026708171237,2.033547693863511,0,1,0.0,0.0,6,7,6,7,WP6->WP7,1,0.6864440362956882,0.686444036314838,14.16791798549654,0.8786044114887258,utm,0,0.0,0.0,0,0.0
112.2,103.31,49.90001884533263,8.899807408677093,0.2878755857061123,-17.52437081819783,2.1928799858322643,492804.6104727219,5527519.249571469,-13.837132515269332,2.0681825960054994,0,1,0.0,0.0,6,7,6,7,WP6->WP7,1,0.6799707618487434,0.6799707618684241,14.202449343978925,0.8807458273219047,utm,0,0.0,0.0,0,0.0
112.25,103.36,49.900019157603275,8.899807488440846,0.2879794929728044,-17.518640242585818,2.227612955186307,492804.61624744214,5527519.284282875,-13.831472212739754,2.102912844158709,0,1,0.0,0.0,6,7,6,7,WP6->WP7,1,0.6737297485927471,0.6737297485820489,14.2370799502776,0.8828933978751569,utm,0,0.0,0.0,0,0.0
112.3,103.41,49.900019466473,8.899807571123269,0.2879851334342635,-17.51269997701972,2.261967649660317,492804.6222312623,5527519.318615875,-13.825601564371027,2.137265375815332,0,1,0.0,0.0,6,7,6,7,WP6->WP7,1,0.667284743212926,0.6672847432329818,14.271329372116265,0.8850173297859142,utm,0,0.0,0.0,0,0.0
112.35,103.46,49.900019780243674,8.899807656156032,0.2880308927744296,-17.50659085275917,2.296867463309123,492804.6283846025,5527519.353493553,-13.819563191849738,2.1721631418913603,0,1,0.0,0.0,6,7,6,7,WP6->WP7,1,0.6606629081484399,0.6606629081604017,14.306121142401407,0.8871748947074024,utm,0,0.0,0.0,0,0.0
112.4,103.51,49.90002009324705,8.899807740981524,0.2880449526571835,-17.500496619725023,2.3316819328107985,492804.6345229431,5527519.38828594,-13.813539537717588,2.2069755671545863,0,1,0.0,0.0,6,7,6,7,WP6->WP7,1,0.6540572182749498,0.654057218290475,14.340827831599151,0.8893271834394886,utm,0,0.0,0.0,0,0.0
112.45,103.56,49.900020406192,8.89980782378336,0.28806203554889664,-17.494547774950266,2.3664899029604802,492804.64051594504,5527519.423072022,-13.80766120069893,2.241781210526824,0,1,0.0,0.0,6,7,6,7,WP6->WP7,1,0.6475969387494208,0.6475969387662127,14.37553017182771,0.8914792024760899,utm,0,0.0,0.0,0,0.0
112.5,103.61,49.90002072191913,8.899807905418845,0.28809915450135204,-17.488682726011028,2.4016073274514316,492804.64642559824,5527519.45816755,-13.801867231726646,2.276896022260189,0,1,0.0,0.0,6,7,6,7,WP6->WP7,1,0.6412158388811584,0.6412158388569266,14.410543049948274,0.893650479103124,utm,0,0.0,0.0,0,0.0
112.55,103.66,49.900021036434474,8.899807987227623,0.2881111178135687,-17.482805226856385,2.4365899685703547,492804.6523475165,5527519.4931283295,-13.796060553693678,2.311876126565039,0,1,0.0,0.0,6,7,6,7,WP6->WP7,1,0.634824287172287,0.6348242871640447,14.445421026901883,0.8958133900154127,utm,0,0.0,0.0,0,0.0
112.6,103.71,49.90002134523554,8.899808067192614,0.28810703248600206,-17.47706019341962,2.470937025987385,492804.65813617216,5527519.527453959,-13.790385044529103,2.3462206460535526,0,1,0.0,0.0,6,7,6,7,WP6->WP7,1,0.6285745278229131,0.6285745278115746,14.479665703584432,0.8979370276616846,utm,0,0.0,0.0,0,0.0
112.65,103.76,49.900021649528455,8.899808143975733,0.28812740777805723,-17.471543759572594,2.504782656204762,492804.6636956494,5527519.561278666,-13.784937061776873,2.380063490010798,0,1,0.0,0.0,6,7,6,7,WP6->WP7,1,0.6225606627980995,0.622560662772943,14.513412585575264,0.9000297952385076,utm,0,0.0,0.0,0,0.0
112.7,103.81,49.9000219487097,8.899808219884164,0.2881790217772608,-17.46609016705067,2.5380597289680606,492804.66919155023,5527519.594535127,-13.779550782579463,2.41333788074553,0,1,0.0,0.0,6,7,6,7,WP6->WP7,1,0.6166180104558286,0.6166180104747223,14.546592127492312,0.9020873799823871,utm,0,0.0,0.0,0,0.0
112.75,103.86,49.90002224262676,8.899808296604697,0.28821226027501107,-17.46057822968196,2.570751282001567,492804.67474498955,5527519.627206226,-13.774105036165565,2.4460271019488573,0,1,0.0,0.0,6,7,6,7,WP6->WP7,1,0.6106256971340392,0.6106256971016925,14.579185586226433,0.9041086195645748,utm,0,0.0,0.0,0,0.0
112.8,103.91,49.90002252738349,8.899808367058691,0.28818772030976625,-17.455516507676887,2.6024239579572086,492804.6798470316,5527519.658859457,-13.769107330357656,2.477696974761784,0,1,0.0,0.0,6,7,6,7,WP6->WP7,1,0.6050984289393455,0.6050984289352297,14.610767340026118,0.9060671196236068,utm,0,0.0,0.0,0,0.0
112.85,103.96,49.9000228017323,8.899808428843865,0.28813249736104496,-17.451077591501896,2.6329389900804494,492804.6843249694,5527519.689356339,-13.764729914837517,2.5082084480673075,0,1,0.0,0.0,6,7,6,7,WP6->WP7,1,0.6002107596621817,0.6002107596773036,14.64120124291163,0.9079544372493441,utm,0,0.0,0.0,0,0.0
112.9,104.01,49.9000230639676,8.899808477911614,0.28795562749967574,-17.447552350584026,2.662106671725015,492804.68788779667,5527519.7185076345,-13.761263170687016,2.5373713253065944,0,1,0.0,0.0,6,7,6,7,WP6->WP7,1,0.5962562143043383,0.5962562143239596,14.670301987358831,0.9097590808444787,utm,0,0.0,0.0,0,0.0
112.95,104.06,49.900023319383074,8.899808522380352,0.28819531531307185,-17.44435752265474,2.6905158027203973,492804.691119329,5527519.746901121,-13.758125222462695,2.5657753068953753,0,1,0.0,0.0,6,7,6,7,WP6->WP7,1,0.5926431252925403,0.592643125276158,14.69864944695061,0.9115170104906928,utm,0,0.0,0.0,0,0.0
113.0,104.11,49.90002357056932,8.899808562253277,0.2882608004039242,-17.44149287799586,2.7184545294953204,492804.6940201815,5527519.774824835,-13.75531640421832,2.5937084294855595,0,1,0.0,0.0,6,7,6,7,WP6->WP7,1,0.5893670038965724,0.5893670039151905,14.72653162401925,0.9132460862659404,utm,0,0.0,0.0,0,0.0
113.05,104.16,49.900023817864344,8.899808603231664,0.2883374198628041,-17.43854881210152,2.745960447256353,492804.6969998446,5527519.802315809,-13.752427349740174,2.6212090719491243,0,1,0.0,0.0,6,7,6,7,WP6->WP7,1,0.5860178987552163,0.5860178987725378,14.753980039443643,0.9149482628952048,utm,0,0.0,0.0,0,0.0
113.1,104.21,49.90002405434031,8.899808639169358,0.28834015210890107,-17.435966891573145,2.7722629908217398,492804.6996158985,5527519.828604371,-13.749897940084338,2.647506113164127,0,1,0.0,0.0,6,7,6,7,WP6->WP7,1,0.5830485404896436,0.5830485405065854,14.780231042576396,0.9165761836088941,utm,0,0.0,0.0,0,0.0
113.15,104.26,49.900024279678846,8.899808671304607,0.2881949757490484,-17.433658155234117,2.79732675124636,492804.70195722126,5527519.853655012,-13.747639180743136,2.672564333304763,0,1,0.0,0.0,6,7,6,7,WP6->WP7,1,0.5803705367155441,0.5803705366813653,14.805247930956885,0.9181275723531908,utm,0,0.0,0.0,0,0.0
113.2,104.31,49.90002449923909,8.899808708259712,0.2882429425304413,-17.43100313939875,2.821747808115058,492804.7046438255,5527519.878062746,-13.74503302318044,2.6969807874411345,0,1,0.0,0.0,6,7,6,7,WP6->WP7,1,0.5773559287914801,0.5773559287660319,14.829617326165843,0.9196388076778039,utm,0,0.0,0.0,0,0.0
113.25,104.36,49.900024712632444,8.899808748064952,0.2882751065630585,-17.42814335749108,2.8454829399587944,492804.7075341965,5527519.901784553,-13.742220839543734,2.7207119911909103,0,1,0.0,0.0,6,7,6,7,WP6->WP7,1,0.5741467971500835,0.57414679712602,14.853298117459195,0.9211073401551362,utm,0,0.0,0.0,0,0.0
113.3,104.41,49.900024918282426,8.899808789463329,0.2882503775859686,-17.425169117729663,2.868356798704054,492804.7105378279,5527519.92464528,-13.739292558573652,2.743582491762936,0,1,0.0,0.0,6,7,6,7,WP6->WP7,1,0.5708359955175999,0.5708359955334559,14.876116383081577,0.9225223842610429,utm,0,0.0,0.0,0,0.0
113.35,104.46,49.900025116151326,8.899808834062055,0.2882719787527636,-17.42196495086262,2.8903651901249914,492804.7137701371,5527519.946640578,-13.736132749181706,2.765588321723044,0,1,0.0,0.0,6,7,6,7,WP6->WP7,1,0.5673081755851884,0.5673081755657112,14.898066221963143,0.9238835740486004,utm,0,0.0,0.0,0,0.0
113.4,104.51,49.90002530526168,8.899808880143029,0.2882671787001244,-17.418654292896278,2.911399392642599,492804.71710759215,5527519.967661936,-13.732864585064817,2.7866205628961325,0,1,0.0,0.0,6,7,6,7,WP6->WP7,1,0.5636883172802282,0.56368831725496,14.919040794976278,0.925184284032756,utm,0,0.0,0.0,0,0.0
113.45,104.56,49.90002548724972,8.899808928211765,0.2882736015079994,-17.415200825384836,2.9316414015557326,492804.7205867402,5527519.987891224,-13.729452118568588,2.8068612068891525,0,1,0.0,0.0,6,7,6,7,WP6->WP7,1,0.5599374308912681,0.5599374308908598,14.939221464705545,0.926435761170687,utm,0,0.0,0.0,0,0.0
113.5,104.61,49.90002566564939,8.899808981677712,0.2879207479329028,-17.411359598801656,2.951484285446889,492804.72445295827,5527520.007721031,-13.725651267683133,2.8267036471515894,0,1,0.0,0.0,6,7,6,7,WP6->WP7,1,0.5558048818680986,0.5558048818860185,14.958997483556693,0.9276621444277112,utm,0,0.0,0.0,0,0.0
113.55,104.66,49.900025838387954,8.89980903909447,0.2878802218406632,-17.407234528722277,2.970697501277565,492804.72860206413,5527520.026921041,-13.72156545514008,2.8459172258153558,0,1,0.0,0.0,6,7,6,7,WP6->WP7,1,0.5513979404615111,0.5513979404883289,14.978139958309125,0.9288492392980735,utm,0,0.0,0.0,0,0.0
113.6,104.71,49.90002600728024,8.899809096998974,0.28815416773042585,-17.403074416792137,2.989482906779506,492804.7327856258,5527520.045693365,-13.71744377759751,2.864703234285116,0,1,0.0,0.0,6,7,6,7,WP6->WP7,1,0.5469622981547457,0.546962298144996,14.996854321752286,0.9300097854203899,utm,0,0.0,0.0,0,0.0
113.65,104.76,49.90002617847898,8.899809153157134,0.28817315601554594,-17.399039769790416,3.0085248527279247,492804.7368441157,5527520.064722295,-13.713448016729672,2.883745434693992,0,1,0.0,0.0,6,7,6,7,WP6->WP7,1,0.5426482652804344,0.5426482652600659,15.015826950390375,0.9311863475120131,utm,0,0.0,0.0,0,0.0
113.7,104.81,49.90002634444809,8.899809204156835,0.2881302308428753,-17.395375729058454,3.026985120823465,492804.74053137016,5527520.083170274,-13.709821574913803,2.9022054644301534,0,1,0.0,0.0,6,7,6,7,WP6->WP7,1,0.5387132471576367,0.5387132471806186,15.034223673475566,0.932327195594006,utm,0,0.0,0.0,0,0.0
113.75,104.86,49.90002650706922,8.899809251104758,0.2881324940106128,-17.39200278568502,3.0450730035018503,492804.743927146,5527520.101246409,-13.706485384725966,2.920292692258954,0,1,0.0,0.0,6,7,6,7,WP6->WP7,1,0.5350746820725114,0.5350746820682822,15.052252505621619,0.9334452294133524,utm,0,0.0,0.0,0,0.0
113.8,104.91,49.90002667247854,8.899809301283232,0.2878613208863505,-17.388397745390034,3.063471008427915,492804.7475553405,5527520.119632231,-13.702917797665577,2.9386903699487448,0,1,0.0,0.0,6,7,6,7,WP6->WP7,1,0.531199554515515,0.5311995545071575,15.070587871193828,0.9345822724915586,utm,0,0.0,0.0,0,0.0
113.85,104.96,49.900026837072836,8.899809359420958,0.2881064530482119,-17.38422087781513,3.081778360624441,492804.7517550117,5527520.13792667,-13.698778435937129,2.9569985484704375,0,1,0.0,0.0,6,7,6,7,WP6->WP7,1,0.5267542309310422,0.5267542309471965,15.088824176310252,0.9357131724686015,utm,0,0.0,0.0,0,0.0
113.9,105.01,49.900027001067144,8.899809415681066,0.2880011605764207,-17.38017890650418,3.1000189780746785,492804.7558197515,5527520.156154582,-13.694773785595316,2.975239757448435,0,1,0.0,0.0,6,7,6,7,WP6->WP7,1,0.5224447211970875,0.5224447212141813,15.106995775829027,0.9368400598148825,utm,0,0.0,0.0,0,0.0
113.95,105.06,49.900027165273414,8.899809468997848,0.28794734883591927,-17.376348396529796,3.1182831710646273,492804.7596731462,5527520.174406343,-13.690980557817966,2.993504117242992,0,1,0.0,0.0,6,7,6,7,WP6->WP7,1,0.5183462167275356,0.5183462167341116,15.125194063836288,0.9379686022119439,utm,0,0.0,0.0,0,0.0
114.0,105.11,49.90002733082566,8.899809523991017,0.2880000552328558,-17.37239744760574,3.1366970734368,492804.7636471317,5527520.192807592,-13.687067232502159,3.0119183622300625,0,1,0.0,0.0,6,7,6,7,WP6->WP7,1,0.5141251220105205,0.5141251219785893,15.143540205012105,0.93910631352474,utm,0,0.0,0.0,0,0.0
114.05,105.16,49.90002750035447,8.899809586098328,0.2876972430802024,-17.367935387705995,3.1555532770181984,492804.76813261467,5527520.211650283,-13.682643867156003,3.0307757314294577,0,1,0.0,0.0,6,7,6,7,WP6->WP7,1,0.5093866393014709,0.5093866392781379,15.1623208687202,0.9402709711689691,utm,0,0.0,0.0,0,0.0
114.1,105.21,49.900027659053,8.899809650675685,0.28800373698563464,-17.363295868973264,3.1732048604471843,492804.7727938747,5527520.2292885985,-13.678040756843984,3.0484293112531304,0,1,0.0,0.0,6,7,6,7,WP6->WP7,1,0.5044885924042791,0.5044885924110813,15.179894902235503,0.9413608012618594,utm,0,0.0,0.0,0,0.0
114.15,105.26,49.90002780581744,8.899809710923249,0.2879867106533367,-17.35896742146803,3.1895290485165493,492804.77714241337,5527520.245600465,-13.673745995154604,3.064755419269204,0,1,0.0,0.0,6,7,6,7,WP6->WP7,1,0.4999210774046386,0.4999210773901658,15.19614681211698,0.9423686416327312,utm,0,0.0,0.0,0,0.0
114.2,105.31,49.9000279559296,8.899809774262055,0.28770596627814804,-17.35441688560753,3.206225594409478,492804.7817134492,5527520.2622842435,-13.669229963037651,3.0814541708678007,0,1,0.0,0.0,6,7,6,7,WP6->WP7,1,0.4951260836254567,0.4951260836245897,15.21276760861193,0.9433993580116563,utm,0,0.0,0.0,0,0.0
114.25,105.36,49.90002811401688,8.899809846996938,0.28802016153161114,-17.349191294642324,3.2238091893526013,492804.7869604556,5527520.279853814,-13.664040883129928,3.099040936678648,0,1,0.0,0.0,7,8,7,8,WP7->WP8,1,1.0203727866513137,-0.22602969300807235,-0.9950232166222274,-0.09022632783729014,utm,0,0.0,0.0,0,0.0
114.3,105.41,49.90002826383056,8.899809918202038,0.2880116538673402,-17.34407560992017,3.2404725366178084,492804.79209636926,5527520.296503651,-13.658959864405915,3.1157076079398394,0,1,0.0,0.0,7,8,7,8,WP7->WP8,1,1.0032606121297742,-0.21906487742306868,-0.9790518042119248,-0.08877807832101414,utm,0,0.0,0.0,0,0.0
114.35,105.46,49.900028405465015,8.899809984336448,0.2880695685591797,-17.339324225703464,3.2562261309675775,492804.79686691205,5527520.312244588,-13.65424121945398,3.131464178673923,0,1,0.0,0.0,7,8,7,8,WP7->WP8,1,0.9871328768759245,-0.21241582334777936,-0.9640076942643272,-0.08741391437641793,utm,0,0.0,0.0,0,0.0
114.4,105.51,49.9000285449778,8.899810052130766,0.2880742846926841,-17.334453586479107,3.2717437385585906,492804.80175634654,5527520.327749473,-13.649402905546594,3.1469850931316614,0,1,0.0,0.0,7,8,7,8,WP7->WP8,1,0.9711667376420261,-0.20601084133748157,-0.9490649954316508,-0.08605894614941743,utm,0,0.0,0.0,0,0.0
114.45,105.56,49.90002868437235,8.899810122843627,0.28809514207172093,-17.329373266361774,3.2872481953271016,492804.8068553602,5527520.343240932,-13.644354969379492,3.1624932708218694,0,1,0.0,0.0,7,8,7,8,WP7->WP8,1,0.9551217714526498,-0.19977349467624794,-0.9339957971681067,-0.08469250725627565,utm,0,0.0,0.0,0,0.0
114.5,105.61,49.900028821414814,8.8998101956314,0.28784964686709485,-17.324143875602466,3.30249103584343,492804.8121030349,5527520.358470677,-13.639157510537189,3.1777402264997363,0,1,0.0,0.0,7,8,7,8,WP7->WP8,1,0.9392436123783872,-0.19381952315467882,-0.9190280495380405,-0.08333526766417787,utm,0,0.0,0.0,0,0.0
114.55,105.66,49.900028961235996,8.899810270846002,0.2878443115946678,-17.318740130779116,3.318042945805808,492804.8175254071,5527520.374009138,-13.633786372491159,3.1932964716106653,0,1,0.0,0.0,7,8,7,8,WP7->WP8,1,0.9230187309226383,-0.18779665730459028,-0.9037123398179646,-0.08194647570115679,utm,0,0.0,0.0,0,0.0
114.6,105.71,49.9000291151032,8.899810358640263,0.28810120409227774,-17.312432608489715,3.335157153953703,492804.82385328313,5527520.391108063,-13.62751487782225,3.210416156798601,0,1,0.0,0.0,7,8,7,8,WP7->WP8,1,0.9049983385949057,-0.18144257575046654,-0.8866231355906385,-0.08039686749369471,utm,0,0.0,0.0,0,0.0
114.65,105.76,49.9000293243119,8.899810481894548,0.28805719212345837,-17.303577483527548,3.358426838517984,492804.8327359707,5527520.414356594,-13.618708850583062,3.2336938325315714,0,1,0.0,0.0,7,8,7,8,WP7->WP8,1,0.8803740587826127,-0.17301476245420952,-0.8632058707807108,-0.07827344587247302,utm,0,0.0,0.0,0,0.0
114.7,105.81,49.90002959824033,8.899810635744771,0.28807092689992647,-17.292524213029598,3.388895113654886,492804.84382554726,5527520.444797896,-13.60771964903688,3.2641715137287974,0,1,0.0,0.0,7,8,7,8,WP7->WP8,1,0.8484228895857004,-0.16156915688999968,-0.8328966365130817,-0.07552507692806618,utm,0,0.0,0.0,0,0.0
114.75,105.86,49.90002989182757,8.899810816146703,0.28813761189639403,-17.279563352091863,3.4215499813628023,492804.85682487296,5527520.477422365,-13.59482790302718,3.2968386420980096,0,1,0.0,0.0,7,8,7,8,WP7->WP8,1,0.8136605294618902,-0.15014754059097243,-0.7996869220255421,-0.07251369936754323,utm,0,0.0,0.0,0,0.0
114.8,105.91,49.90003020382995,8.899811017174043,0.28808693201060986,-17.265120671893026,3.4562531121394846,492804.8713081623,5527520.512092294,-13.580458941985853,3.3315561106428504,0,1,0.0,0.0,7,8,7,8,WP7->WP8,1,0.7764148306930749,-0.13851693822940547,-0.7639587993757959,-0.06927395857219774,utm,0,0.0,0.0,0,0.0
114.85,105.96,49.90003058164636,8.899811243849763,0.28814514273008646,-17.248835300344,3.4982765502341424,492804.88764319156,5527520.554077139,-13.56426235625986,3.373594557866454,0,1,0.0,0.0,7,8,7,8,WP7->WP8,1,0.7319748697643105,-0.12351965284548982,-0.7214777233757179,-0.06542187610212702,utm,0,0.0,0.0,0,0.0
114.9,106.01,49.90003098012444,8.899811471500977,0.2881180788722048,-17.232479845093447,3.5425981255154486,492804.9040513487,5527520.598359106,-13.548000212933403,3.4179303543642163,0,1,0.0,0.0,7,8,7,8,WP7->WP8,1,0.6856209755026452,-0.10707972459445078,-0.6772075417698591,-0.06140756181050071,utm,0,0.0,0.0,0,0.0
114.95,106.06,49.900031394935205,8.89981170307967,0.28808689305207913,-17.21584222252375,3.5887363390167417,492804.9207439887,5527520.644456609,-13.531459571036976,3.464082616381347,0,1,0.0,0.0,7,8,7,8,WP7->WP8,1,0.6377115276713586,-0.08967144745615752,-0.6313755016121988,-0.05725162191720382,utm,0,0.0,0.0,0,0.0
115.0,106.11,49.9000318396226,8.899811949769047,0.28803796769352374,-17.198118982673883,3.638197643740339,492804.93852625345,5527520.69387442,-13.513840251951478,3.51355875749141,0,1,0.0,0.0,7,8,7,8,WP7->WP8,1,0.5866190069536692,-0.07092384328851391,-0.5823157801163346,-0.05280300359217778,utm,0,0.0,0.0,0,0.0
115.05,106.16,49.90003229101041,8.89981217059099,0.28803418619182414,-17.182254172039766,3.6884042173979417,492804.95445183024,5527520.744039686,-13.498080073855817,3.5637762313708663,0,1,0.0,0.0,7,8,7,8,WP7->WP8,1,0.5362627195975501,-0.05028125347543054,-0.5339002715667976,-0.04841280095788272,utm,0,0.0,0.0,0,0.0
115.1,106.21,49.90003274970774,8.899812379225317,0.288091078604923,-17.167264972741595,3.7394238079159,492804.96950323344,5527520.795018815,-13.483196746557951,3.6148046841844916,0,1,0.0,0.0,7,8,7,8,WP7->WP8,1,0.4862705701099756,-0.028445200817548703,-0.4854378826436293,-0.044018347323319794,utm,0,0.0,0.0,0,0.0
115.15,106.26,49.900033210746734,8.899812588958838,0.2880760748699939,-17.152196802583244,3.790703855047687,492804.98463392386,5527520.84625819,-13.468234990083147,3.666093640960753,0,1,0.0,0.0,7,8,7,8,WP7->WP8,1,0.43677485906398916,-0.00649953387993764,-0.43672649744400804,-0.039601315301344184,utm,0,0.0,0.0,0,0.0
115.2,106.31,49.90003369238624,8.89981281456173,0.2881102144979558,-17.13598850761268,3.8442752371921545,492805.00090734515,5527520.89978646,-13.452138051623479,3.7196752466261387,0,1,0.0,0.0,7,8,7,8,WP7->WP8,1,0.3858695756033082,0.01607255990803756,-0.3855346964856467,-0.034959365104915735,utm,0,0.0,0.0,0,0.0
115.25,106.36,49.90003421653079,8.899813084754246,0.28800267526151624,-17.116576699833807,3.902574334719785,492805.02038931526,5527520.95803627,-13.43284814094659,3.777988940477371,0,1,0.0,0.0,7,8,7,8,WP7->WP8,1,0.33101134017653305,0.039291476161244863,-0.32867109277594647,-0.029803109386845338,utm,0,0.0,0.0,0,0.0
115.3,106.41,49.900034763331156,8.89981338180759,0.2880888871823645,-17.095235093098662,3.9633933737945277,492805.04180367937,5527521.018802433,-13.411634139018133,3.8388253413140774,0,1,0.0,0.0,7,8,7,8,WP7->WP8,1,0.27585660389624794,0.062686525529528,-0.2686396572180051,-0.024359602245794997,utm,0,0.0,0.0,0,0.0
115.35,106.46,49.90003531826534,8.89981367940858,0.2880289432488237,-17.073854141125338,4.025117113327427,492805.0632585819,5527521.080472882,-13.390382578829303,3.9005661569535732,0,1,0.0,0.0,7,8,7,8,WP7->WP8,1,0.22522753846305263,0.086640577674043,-0.20789625870234896,-0.01885153600485868,utm,0,0.0,0.0,0,0.0
115.4,106.51,49.90003588068981,8.899813992860496,0.28802469904974365,-17.051334389430888,4.087673976958251,492805.085852941,5527521.142974597,-13.367994307598565,3.9631419889628887,0,1,0.0,0.0,7,8,7,8,WP7->WP8,1,0.18278897382242032,0.1102729393477796,-0.1457795863578107,-0.013218944574333617,utm,0,0.0,0.0,0,0.0
115.45,106.56,49.9000364400303,8.899814324927412,0.28805391688141857,-17.027477255063317,4.149887816875424,492805.1097836871,5527521.20513164,-13.344268520770129,4.025377554818988,0,1,0.0,0.0,7,8,7,8,WP7->WP8,1,0.15651962275352388,0.13266742497332612,-0.08305267399579805,-0.007531018037093167,utm,0,0.0,0.0,0,0.0
115.5,106.61,49.900036991799986,8.899814684354206,0.2877219362527021,-17.00165446783492,4.211259579635655,492805.1356781715,5527521.266444314,-13.318576223857235,4.086775227449834,0,1,0.0,0.0,7,8,7,8,WP7->WP8,1,0.15428355136097538,0.15302257030137092,-0.01968520253684788,-0.0017850071314541188,utm,0,0.0,0.0,0,0.0
115.55,106.66,49.900037533297166,8.899815063593124,0.28814264844338877,-16.974408291315562,4.2714887597115245,492805.1629939461,5527521.326612959,-13.291458874417003,4.1470335610210896,0,1,0.0,0.0,7,8,7,8,WP7->WP8,1,0.17155417070546058,0.17155417090817696,0.04374189808862251,0.003966410804530796,utm,0,0.0,0.0,0,0.0
115.6,106.71,49.90003806577715,8.899815458979516,0.2881779132746633,-16.94600200986157,4.330714983504061,492805.191468019,5527521.3857774995,-13.263179924164433,4.206291612237692,0,1,0.0,0.0,7,8,7,8,WP7->WP8,1,0.18855285100676278,0.18855285108305495,0.10716319254910771,0.00971730225134774,utm,0,0.0,0.0,0,0.0
115.65,106.76,49.900038599924535,8.899815863863605,0.2881217015589653,-16.916913372475936,4.390126667359954,492805.22062442126,5527521.445126514,-13.23421925609,4.265736385248601,0,1,0.0,0.0,7,8,7,8,WP7->WP8,1,0.20515457259050007,0.20515457263060088,0.1711693184159974,0.01552122481273799,utm,0,0.0,0.0,0,0.0
115.7,106.81,49.90003912997888,8.899816260068745,0.28786169884310253,-16.888448268616564,4.4490830937543135,492805.24915693095,5527521.504021285,-13.205880980356596,4.324724860489368,0,1,0.0,0.0,7,8,7,8,WP7->WP8,1,0.22193302079108143,0.22193302099477466,0.23442421426424823,0.021257027630979922,utm,0,0.0,0.0,0,0.0
115.75,106.86,49.90003968110858,8.899816652975368,0.2880439220762326,-16.860220144594106,4.510383672124812,492805.27745568904,5527521.565259589,-13.177784177707508,4.386056086048484,0,1,0.0,0.0,7,8,7,8,WP7->WP8,1,0.24041701988706976,0.24041702000667045,0.29930326588879164,0.027140105014360205,utm,0,0.0,0.0,0,0.0
115.8,106.91,49.900040282921864,8.899817061544256,0.2879847794138688,-16.830866775117062,4.577321640258306,492805.30688677763,5527521.63213152,-13.148573615471832,4.453024639748037,0,1,0.0,0.0,7,8,7,8,WP7->WP8,1,0.26171661447520467,0.26171661476112734,0.36919154369069174,0.033477407058772606,utm,0,0.0,0.0,0,0.0
115.85,106.96,49.90004093107911,8.89981749736071,0.28800213349074333,-16.799555821885843,4.649414314786302,492805.33828155557,5527521.704153479,-13.11741634568898,4.525149665772915,0,1,0.0,0.0,7,8,7,8,WP7->WP8,1,0.28488618307791785,0.284886182877845,0.44426461358578817,0.040284853661979286,utm,0,0.0,0.0,0,0.0
115.9,107.01,49.90004159770121,8.899817945754075,0.28800187621110707,-16.767341288490975,4.723560781714202,492805.37058229616,5527521.778227199,-13.085359879478347,4.599329425953329,0,1,0.0,0.0,7,8,7,8,WP7->WP8,1,0.30870702031993513,0.30870702004374745,0.5214839215576522,0.04728691600590072,utm,0,0.0,0.0,0,0.0
115.95,107.06,49.90004222337621,8.899818364210415,0.2880646719714762,-16.737277561455933,4.793152820303458,492805.40072700335,5527521.847751191,-13.055444442026783,4.6689523765817285,0,1,0.0,0.0,7,8,7,8,WP7->WP8,1,0.3311951865379121,0.33119518632965034,0.5938480785294246,0.05384872485772686,utm,0,0.0,0.0,0,0.0
116.0,107.11,49.90004279050115,8.899818744897772,0.2880739158213193,-16.709927322724262,4.856232503242309,492805.42815060355,5527521.910769061,-13.028228656796273,4.7320602759718895,0,1,0.0,0.0,7,8,7,8,WP7->WP8,1,0.3515031831785874,0.3515031833674021,0.6595054549723034,0.059802378875953334,utm,0,0.0,0.0,0,0.0
116.05,107.16,49.90004329233171,8.899819082487578,0.288000866319002,-16.685673399828644,4.9120496789461825,492805.4524694199,5527521.9665314695,-13.004093729250599,4.78790252096951,0,1,0.0,0.0,7,8,7,8,WP7->WP8,1,0.3694331845895781,0.36943318486175386,0.7176377700453835,0.06507367830907573,utm,0,0.0,0.0,0,0.0
116.1,107.21,49.90004376678823,8.899819406072107,0.2881653381741231,-16.662425677189248,4.964822118376807,492805.4757783687,5527522.019251707,-12.980958638770971,4.840699282474816,0,1,0.0,0.0,7,8,7,8,WP7->WP8,1,0.3861447846362555,0.38614478489122894,0.7728052691964841,0.07007613531833808,utm,0,0.0,0.0,0,0.0
116.15,107.26,49.90004422767085,8.899819742448217,0.2881748069878469,-16.638258951489806,5.016084772348343,492805.50000393286,5527522.070461534,-12.95690196059877,4.891988663934171,0,1,0.0,0.0,7,8,7,8,WP7->WP8,1,0.40117648990937055,0.4011764900310706,0.8274255234579542,0.07502896946856132,utm,0,0.0,0.0,0,0.0
116.2,107.31,49.900044694904985,8.899820104071049,0.28812061582881665,-16.61227839138392,5.068053887344364,492805.5260435478,5527522.122375115,-12.931033560598735,4.943987771868706,0,1,0.0,0.0,7,8,7,8,WP7->WP8,1,0.41529194623153487,0.4152919463432127,0.8837623259579276,0.08013745611163943,utm,0,0.0,0.0,0,0.0
116.25,107.36,49.90004524017213,8.899820496578354,0.2881125026315301,-16.58407895610045,5.128702390243361,492805.55431275064,5527522.182961644,-12.90296416520141,5.00466712936759,0,1,0.0,0.0,7,8,7,8,WP7->WP8,1,0.4333732925375038,0.4333732923508624,0.948128001865692,0.0859739818116499,utm,0,0.0,0.0,0,0.0
116.3,107.41,49.90004585818928,8.89982091571138,0.28813570727263327,-16.553966612911573,5.197442667740258,492805.5845049111,5527522.25163415,-12.872998468752485,5.073438756167889,0,1,0.0,0.0,7,8,7,8,WP7->WP8,1,0.45527018409999226,0.4552701840727196,1.019877606639738,0.09248006453855866,utm,0,0.0,0.0,0,0.0
116.35,107.46,49.90004652428208,8.899821357641038,0.2881098652777688,-16.52221646045251,5.271530262680275,492805.61634137173,5527522.325649645,-12.84140608808957,5.1475587617605925,0,1,0.0,0.0,7,8,7,8,WP7->WP8,1,0.4794050137663258,0.4794050137833384,1.096749992937492,0.09945066885398468,utm,0,0.0,0.0,0,0.0
116.4,107.51,49.90004715445237,8.899821795268805,0.2880541135549122,-16.49077537454687,5.341622299262671,492805.6478635474,5527522.395671594,-12.81011483061593,5.217684207484126,0,1,0.0,0.0,7,8,7,8,WP7->WP8,1,0.5011736861166673,0.5011736862866903,1.1703899669018532,0.10612816574234174,utm,0,0.0,0.0,0,0.0
116.45,107.56,49.90004776374385,8.899822230167016,0.2881545812529973,-16.45953039178537,5.40939204506835,492805.67918659304,5527522.463372444,-12.779015053180046,5.285487909801304,0,1,0.0,0.0,7,8,7,8,WP7->WP8,1,0.5215795993780712,0.5215795996459734,1.2421404857828269,0.11263433135828259,utm,0,0.0,0.0,0,0.0
116.5,107.61,49.90004836512268,8.899822664411921,0.28820248171880813,-16.42833234542725,5.476281689748566,492805.7104615438,5527522.530193608,-12.747960471489932,5.352411773987114,0,1,0.0,0.0,7,8,7,8,WP7->WP8,1,0.5414482814415508,0.5414482816597769,1.313192762590039,0.11907718205131054,utm,0,0.0,0.0,0,0.0
116.55,107.66,49.90004897351747,8.899823091618488,0.2882702102445316,-16.397639963937017,5.543951700288069,492805.74123207515,5527522.597795503,-12.717412879283074,5.420114701613784,0,1,0.0,0.0,7,8,7,8,WP7->WP8,1,0.5622085140009111,0.5622085141813911,1.384507940120756,0.1255438719537874,utm,0,0.0,0.0,0,0.0
116.6,107.71,49.900049634318435,8.899823522052317,0.28798880649052494,-16.366715721879725,5.6174506991666515,492805.7722421657,5527522.671223742,-12.68664492899552,5.4936447301879525,0,1,0.0,0.0,7,8,7,8,WP7->WP8,1,0.5865868206111502,0.5865868206192536,1.460396214154244,0.13242523932046585,utm,0,0.0,0.0,0,0.0
116.65,107.76,49.90005033664102,8.89982397963328,0.28800570344994514,-16.33384111138898,5.695568028895676,492805.8052080152,5527522.749265856,-12.653936434770003,5.5717950547114015,0,1,0.0,0.0,7,8,7,8,WP7->WP8,1,0.612491457425774,0.6124914573128615,1.5410576585547227,0.13973942637130934,utm,0,0.0,0.0,0,0.0
116.7,107.81,49.90005105692174,8.89982444598557,0.28801680126027224,-16.300336330558224,5.775682790761038,492805.83880645153,5527522.829303762,-12.620601933915168,5.651943244971335,0,1,0.0,0.0,7,8,7,8,WP7->WP8,1,0.639218105110261,0.6392181049898189,1.6236446284616792,0.14722821547435047,utm,0,0.0,0.0,0,0.0
116.75,107.86,49.90005179615578,8.899824912541826,0.2880228861692798,-16.266816896004155,5.857905675392105,492805.8724223529,5527522.911448926,-12.587256912374869,5.734198738820851,0,1,0.0,0.0,7,8,7,8,WP7->WP8,1,0.6673057715996545,0.667305771870648,1.7078404699738532,0.1548628932104159,utm,0,0.0,0.0,0,0.0
116.8,107.91,49.90005255925168,8.899825368134195,0.28801520369567474,-16.234085154785234,5.942782646752077,492805.9052544241,5527522.996248169,-12.554704462818336,5.819105715490878,0,1,0.0,0.0,7,8,7,8,WP7->WP8,1,0.6977185206463021,0.6977185206420333,1.7935371516314391,0.16263366354485406,utm,0,0.0,0.0,0,0.0
116.85,107.96,49.90005335651423,8.899825812488093,0.2880034459630019,-16.20216083433386,6.031459876814742,492805.937284478,5527523.084847228,-12.522966547927354,5.907809843309224,0,1,0.0,0.0,7,8,7,8,WP7->WP8,1,0.7312173367412007,0.7312173365542028,1.8815913787055665,0.17061821046469317,utm,0,0.0,0.0,0,0.0
116.9,108.01,49.90005419951592,8.899826252014648,0.2877457848023829,-16.170583331174623,6.125224540804358,492805.9689746537,5527523.178532149,-12.49158526910469,6.001598685979843,0,1,0.0,0.0,7,8,7,8,WP7->WP8,1,0.7682905803459967,0.7682905806103744,1.9732794708535553,0.17893226758690092,utm,0,0.0,0.0,0,0.0
116.95,108.06,49.90005505376185,8.89982669842395,0.28769800101615256,-16.13851134148985,6.220239868744525,492806.0011607882,5527523.273466572,-12.459712151729036,6.096638658083975,0,1,0.0,0.0,7,8,7,8,WP7->WP8,1,0.8058027152917427,0.8058027149791422,2.0662382347480013,0.18736154618701414,utm,0,0.0,0.0,0,0.0
117.0,108.11,49.90005589504055,8.899827175728607,0.2880907023757531,-16.104219694947542,6.313812890291324,492806.03556375933,5527523.3669563,-12.425617448985577,6.190241248346865,0,1,0.0,0.0,7,8,7,8,WP7->WP8,1,0.8406921317159698,0.8406921319534564,2.1595475174439076,0.1958226089945361,utm,0,0.0,0.0,0,0.0
117.05,108.16,49.90005670710821,8.89982768067902,0.28810941023956005,-16.067941856696304,6.404136849975544,492806.0719477803,5527523.457195611,-12.389530995860696,6.280599966645241,0,1,0.0,0.0,7,8,7,8,WP7->WP8,1,0.8719599671781418,0.8719599672984039,2.2516846578408205,0.2041773847390286,utm,0,0.0,0.0,0,0.0
117.1,108.21,49.900057466814154,8.899828156189294,0.2880861261981406,-16.033779126470595,6.488636766233716,492806.1062097556,5527523.541616038,-12.355547401646618,6.365132842212915,0,1,0.0,0.0,7,8,7,8,WP7->WP8,1,0.9010416801747415,0.9010416800641364,2.33802668434701,0.21200667340239165,utm,0,0.0,0.0,0,0.0
117.15,108.26,49.90005820931925,8.89982860513963,0.2880878184580172,-16.001524577826157,6.571223481561172,492806.1385617567,5527523.624126581,-12.323467477515806,6.447749547660351,0,1,0.0,0.0,7,8,7,8,WP7->WP8,1,0.9303257750379046,0.9303257747696236,2.421675254777827,0.2195917259044148,utm,0,0.0,0.0,0,0.0
117.2,108.31,49.90005895469396,8.899829041836268,0.2880909904857714,-15.970150388282162,6.654129376201937,492806.1700341779,5527523.706957352,-12.292268183780834,6.530683581717312,0,1,0.0,0.0,7,8,7,8,WP7->WP8,1,0.9604855054827383,0.9604855057015727,2.5049929640807496,0.22714677670989933,utm,0,0.0,0.0,0,0.0
117.25,108.36,49.900059719501456,8.899829463456147,0.2880621738558414,-15.939859378835967,6.739196723529648,492806.2004267423,5527523.791950158,-12.262155865610112,6.61577608063817,0,1,0.0,0.0,7,8,7,8,WP7->WP8,1,0.9928738420228058,0.9928738418607571,2.5892454455828835,0.23478659042492228,utm,0,0.0,0.0,0,0.0
117.3,108.41,49.90006050027161,8.899829855401068,0.28804595641459485,-15.911700347663908,6.826039551467416,492806.2286905569,5527523.878720586,-12.234178143611643,6.702639176510274,0,1,0.0,0.0,7,8,7,8,WP7->WP8,1,1.0280352381570739,1.0280352383597013,2.6734572419391616,0.24242271490812956,utm,0,0.0,0.0,0,0.0
117.35,108.46,49.90006128992418,8.899830202008452,0.2880784985008919,-15.88679856268191,6.913870345293275,492806.25369975314,5527523.966482936,-12.20945829100674,6.790483464486897,0,1,0.0,0.0,7,8,7,8,WP7->WP8,1,1.0663108007676283,1.0663108007922102,2.7562984836799314,0.24993456077351975,utm,0,0.0,0.0,0,0.0
117.4,108.51,49.90006207140204,8.899830519722148,0.2876241381110379,-15.863972626248719,7.000791889256088,492806.27663271804,5527524.053339178,-12.186811672523618,6.877414806745946,0,1,0.0,0.0,7,8,7,8,WP7->WP8,1,1.1055694005109244,1.105569400499238,2.8370987923894266,0.2572613397081112,utm,0,0.0,0.0,0,0.0
117.45,108.56,49.90006281520325,8.899830846881212,0.2880471062529319,-15.840468093349678,7.0835227676539585,492806.3002384043,5527524.136005522,-12.163478529138956,6.96015849057585,0,1,0.0,0.0,7,8,7,8,WP7->WP8,1,1.1415855567791888,1.1415855566477984,2.915161519424221,0.26433988127744656,utm,0,0.0,0.0,0,0.0
117.5,108.61,49.900063532648865,8.89983118421012,0.2880176972096247,-15.816232914564997,7.163322189252813,492806.32457052363,5527524.215740608,-12.139409297145903,7.039973326958716,0,1,0.0,0.0,7,8,7,8,WP7->WP8,1,1.1751393795712692,1.175139379524591,2.9914758495887495,0.271259882396096,utm,0,0.0,0.0,0,0.0
117.55,108.66,49.900064229856035,8.899831539627018,0.28787144420697464,-15.790698215769702,7.240870545501308,492806.3501986311,5527524.293223792,-12.114036663202569,7.1175405429676175,0,1,0.0,0.0,7,8,7,8,WP7->WP8,1,1.206242142948772,1.2062421426315562,3.0669282304475054,0.2781017240111855,utm,0,0.0,0.0,0,0.0
117.6,108.71,49.90006491857196,8.899831898126259,0.28809852883977993,-15.764942068001435,7.3174744452946365,492806.3760468355,5527524.369762601,-12.088440821506083,7.194164116866887,0,1,0.0,0.0,7,8,7,8,WP7->WP8,1,1.2365621751243083,1.2365621749874782,3.1418082323112713,0.2848916636666158,utm,0,0.0,0.0,0,0.0
117.65,108.76,49.90006560831173,8.899832243375181,0.28813580944334255,-15.74013788083427,7.394192224545923,492806.40094361315,5527524.446416519,-12.063796780712437,7.270899660885334,0,1,0.0,0.0,7,8,7,8,WP7->WP8,1,1.2676785383860567,1.2676785382711826,3.2161550178065803,0.2916332525357881,utm,0,0.0,0.0,0,0.0
117.7,108.81,49.900066282960104,8.899832566245523,0.28810344452995823,-15.716941468432587,7.469231431171534,492806.42423101724,5527524.521394684,-12.040756582515314,7.34595416020602,0,1,0.0,0.0,7,8,7,8,WP7->WP8,1,1.298922094016939,1.2989220939556423,3.288181878724847,0.29816447618739633,utm,0,0.0,0.0,0,0.0
117.75,108.86,49.90006692928088,8.899832860109107,0.28810344931226484,-15.69582902792538,7.541119840250079,492806.44543107407,5527524.593226098,-12.019793350598775,7.417855045758188,0,1,0.0,0.0,7,8,7,8,WP7->WP8,1,1.329695867594193,1.3296958674580748,3.3564619591258205,0.30435595073401867,utm,0,0.0,0.0,0,0.0
117.8,108.91,49.900067571837724,8.899833140344631,0.2880260490129527,-15.675695686670958,7.612589597949548,492806.4656518646,5527524.664640335,-11.99980800494086,7.4893355295062065,0,1,0.0,0.0,7,8,7,8,WP7->WP8,1,1.3609399443114851,1.36093994403211,3.4237871496712766,0.3104608381500965,utm,0,0.0,0.0,0,0.0
117.85,108.96,49.900068222627766,8.89983339549716,0.2880042480478517,-15.657364417103077,7.684975110524282,492806.4840725311,5527524.736972374,-11.981625797983725,7.561727877706289,0,1,0.0,0.0,7,8,7,8,WP7->WP8,1,1.394147217725599,1.394147217600014,3.490634152124416,0.3165223646125157,utm,0,0.0,0.0,0,0.0
117.9,109.01,49.90006886617459,8.899833609482231,0.28805708623264575,-15.641990797048953,7.75655498080276,492806.49953565863,5527524.808503043,-11.966398473188747,7.633309114724398,0,1,0.0,0.0,7,8,7,8,WP7->WP8,1,1.4290739415151714,1.4290739412809006,3.554944873569048,0.3223539071731141,utm,0,0.0,0.0,0,0.0
117.95,109.06,49.900069475853314,8.899833784444523,0.2880575690320748,-15.62942074354333,7.824367798789076,492806.5121913098,5527524.876271917,-11.953966212982778,7.701119325123727,0,1,0.0,0.0,7,8,7,8,WP7->WP8,1,1.4636756975425025,1.463675697718446,3.6145729222878877,0.32776083615942186,utm,0,0.0,0.0,0,0.0
118.0,109.11,49.900070070542,8.899833937429014,0.28806904491418267,-15.618429671031942,7.890513318608025,492806.5232663854,5527524.94237627,-11.943109034677036,7.767259815707803,0,1,0.0,0.0,7,8,7,8,WP7->WP8,1,1.4983901401604396,1.4983901400932498,3.6719083417884195,0.3329598750060778,utm,0,0.0,0.0,0,0.0
118.05,109.16,49.90007065370807,8.89983407384385,0.28786768264053647,-15.608629034679225,7.955377210222052,492806.5331497897,5527525.0072011,-11.933439304644708,7.832116862758994,0,1,0.0,0.0,7,8,7,8,WP7->WP8,1,1.5331735232127817,1.5331735232527315,3.727496618397699,0.33800048710986863,utm,0,0.0,0.0,0,0.0
118.1,109.21,49.900071229722286,8.899834211185704,0.2880609500193834,-15.598761797407985,8.019445621764152,492806.54309870454,5527525.071230679,-11.923701443884056,7.896178879775107,0,1,0.0,0.0,7,8,7,8,WP7->WP8,1,1.5673886171957399,1.5673886169420108,3.782524749959711,0.3429903065991486,utm,0,0.0,0.0,0,0.0
118.15,109.26,49.90007180750588,8.899834346650234,0.28769894984438343,-15.589029435215563,8.083710836458133,492806.5529130613,5527525.135457161,-11.914098789333366,7.9604373555630445,0,1,0.0,0.0,7,8,7,8,WP7->WP8,1,1.6018341282625346,1.6018341284706894,3.837614398098887,0.3479857042646619,utm,0,0.0,0.0,0,0.0
118.2,109.31,49.90007239256754,8.899834495022835,0.2879885630493506,-15.578369700946585,8.148785568579097,492806.5636554993,5527525.200491598,-11.903570720984135,8.02550683915615,0,1,0.0,0.0,7,8,7,8,WP7->WP8,1,1.6361029873083826,1.6361029870341524,3.8939217981678884,0.3530915247655518,utm,0,0.0,0.0,0,0.0
118.25,109.36,49.90007303425109,8.899834656456928,0.2880058411302691,-15.566771572211822,8.22015819330029,492806.5753443732,5527525.271820154,-11.892116963281296,8.096873527392745,0,1,0.0,0.0,7,8,7,8,WP7->WP8,1,1.6737591086344594,1.673759108738155,3.9556179017334046,0.35868598002407576,utm,0,0.0,0.0,0,0.0
118.3,109.41,49.90007373176199,8.899834839958872,0.2880232869760299,-15.553587992852872,8.297740332594612,492806.5886263605,5527525.349353619,-11.879090548143722,8.174450339749455,0,1,0.0,0.0,7,8,7,8,WP7->WP8,1,1.714254077558432,1.7142540775919368,4.023056813804518,0.3648011794363812,utm,0,0.0,0.0,0,0.0
118.35,109.46,49.900074427128395,8.899835021110645,0.2880150155393265,-15.540573260064363,8.375083945812275,492806.60173924995,5527525.426648879,-11.866232445056085,8.25178839173168,0,1,0.0,0.0,7,8,7,8,WP7->WP8,1,1.7547218907047268,1.7547218909027276,4.090204868514704,0.3708900045981539,utm,0,0.0,0.0,0,0.0
118.4,109.51,49.9000750905523,8.899835192908878,0.28799112647433267,-15.528230526362913,8.448874686776758,492806.6141756609,5527525.500393587,-11.854039116413333,8.325573681853712,0,1,0.0,0.0,7,8,7,8,WP7->WP8,1,1.7933870216126446,1.7933870213672731,4.154220131717416,0.37669475571132444,utm,0,0.0,0.0,0,0.0
118.45,109.56,49.900075754711004,8.89983536622838,0.28797584038512974,-15.515778497979275,8.522747157835468,492806.6267214314,5527525.574219846,-11.841736697591841,8.399440882727504,0,1,0.0,0.0,7,8,7,8,WP7->WP8,1,1.8320224321790788,1.8320224320101457,4.218368537154616,0.3825115798441965,utm,0,0.0,0.0,0,0.0
118.5,109.61,49.900076410231826,8.899835537147235,0.2879610719822173,-15.50349894265057,8.595658861089037,492806.6390935135,5527525.647085952,-11.829604802129325,8.47234736289829,0,1,0.0,0.0,7,8,7,8,WP7->WP8,1,1.8701633441478507,1.8701633442128334,4.281675792337926,0.3882521304818375,utm,0,0.0,0.0,0,0.0
118.55,109.66,49.90007706267963,8.899835706662607,0.28794777244867514,-15.491320219568804,8.668228761822244,492806.6513643468,5527525.719610528,-11.817573029489722,8.54491198156029,0,1,0.0,0.0,7,8,7,8,WP7->WP8,1,1.908158281551096,1.9081582817320286,4.344658109395324,0.3939632165066076,utm,0,0.0,0.0,0,0.0
118.6,109.71,49.90007771490385,8.899835876856807,0.287945771851255,-15.479092726549641,8.740773794362125,492806.6636838968,5527525.79211018,-11.805492458224762,8.61745183635503,0,1,0.0,0.0,7,8,7,8,WP7->WP8,1,1.9461000329305624,1.9461000328481175,4.407653302048317,0.399675470059622,utm,0,0.0,0.0,0,0.0
118.65,109.76,49.9000783671971,8.89983604702395,0.2879454541602041,-15.466867177456848,8.813326504288082,492806.67600151355,5527525.86461751,-11.793413845589384,8.689999365247786,0,1,0.0,0.0,7,8,7,8,WP7->WP8,1,1.9840482570595739,1.9840482573175227,4.4706530550361805,0.4053881371329064,utm,0,0.0,0.0,0,0.0
118.7,109.81,49.900079019490995,8.899836217111263,0.28794364368095365,-15.454647363661522,8.885879285674363,492806.6883133971,5527525.937124917,-11.781340966292191,8.762546950019896,0,1,0.0,0.0,7,8,7,8,WP7->WP8,1,2.0220008785993056,2.02200087842652,4.533649127711562,0.41110047048424836,utm,0,0.0,0.0,0,0.0
118.75,109.86,49.90007967167125,8.899836387586246,0.28794047280597834,-15.44239969793953,8.958419427780871,492806.7006531043,5527526.009619655,-11.769240221823566,8.835081958211958,0,1,0.0,0.0,7,8,7,8,WP7->WP8,1,2.0599241442322938,2.0599241442409157,4.596653740973974,0.4168135782756159,utm,0,0.0,0.0,0,0.0
118.8,109.91,49.90008030078851,8.899836551158282,0.28797428888127247,-15.430647970051545,9.028394338766953,492806.71249364363,5527526.079550851,-11.757630194711965,8.905051793903112,0,1,0.0,0.0,7,8,7,8,WP7->WP8,1,2.0965539948032057,2.0965539949094,4.657389435526583,0.42232094593959046,utm,0,0.0,0.0,0,0.0
118.85,109.96,49.900080892286574,8.899836705810516,0.2880068581339979,-15.419537079595322,9.094184974580777,492806.7236880097,5527526.145300302,-11.746652556990739,8.970837775617838,0,1,0.0,0.0,7,8,7,8,WP7->WP8,1,2.1309465534220844,2.130946553182424,4.714533604258133,0.42750264262347776,utm,0,0.0,0.0,0,0.0
118.9,110.01,49.900081484590004,8.899836860766356,0.28798009654802204,-15.408404376758881,9.160065189096672,492806.7349042989,5527526.211139268,-11.735653291281778,9.036713346838951,0,1,0.0,0.0,7,8,7,8,WP7->WP8,1,2.1653808698899915,2.165380870149636,4.771759930982984,0.43269178919789447,utm,0,0.0,0.0,0,0.0
118.95,110.06,49.90008207715039,8.89983701562439,0.28797727033152637,-15.397278700746623,9.225973983497658,492806.746113602,5527526.277006811,-11.724661105778068,9.102617470547557,0,1,0.0,0.0,7,8,7,8,WP7->WP8,1,2.199839119666906,2.1998391196095843,4.829003365280543,0.43788248704612853,utm,0,0.0,0.0,0,0.0
119.0,110.11,49.900082650596545,8.899837163485266,0.2880057807305205,-15.386655731087206,9.289756756797713,492806.75681755884,5527526.340749856,-11.71416726289317,9.166395443491638,0,1,0.0,0.0,7,8,7,8,WP7->WP8,1,2.233294962268587,2.233294961987983,4.884306683808193,0.442897259831938,utm,0,0.0,0.0,0,0.0
119.05,110.16,49.90008320414551,8.899837301635943,0.28770853681246267,-15.376730384430319,9.351326422915827,492806.7668212146,5527526.402281613,-11.704366430290975,9.227959831245244,0,1,0.0,0.0,7,8,7,8,WP7->WP8,1,2.2658395900778974,2.265839589784245,4.937476952284705,0.4477186127356863,utm,0,0.0,0.0,0,0.0
119.1,110.21,49.90008375434038,8.899837445494624,0.2879860886924212,-15.366394949838416,9.412523022974874,492806.7772342945,5527526.463439904,-11.694154944969341,9.289152105338871,0,1,0.0,0.0,7,8,7,8,WP7->WP8,1,2.297830281487712,2.2978302812933538,4.990631109754196,0.45253850473181256,utm,0,0.0,0.0,0,0.0
119.15,110.26,49.90008431231378,8.89983759818581,0.28803158354479264,-15.355424949631812,9.474584805931995,492806.7882828412,5527526.525462184,-11.683310843538493,9.351210457272828,0,1,0.0,0.0,7,8,7,8,WP7->WP8,1,2.3299026896761497,2.3299026894866155,5.044854667612761,0.45745536740006176,utm,0,0.0,0.0,0,0.0
119.2,110.31,49.90008487506812,8.899837755948605,0.28805022148587106,-15.344090582939595,9.537178359133577,492806.79969631834,5527526.588015534,-11.672103563672863,9.413801078684628,0,1,0.0,0.0,7,8,7,8,WP7->WP8,1,2.362044789285856,2.362044789224992,5.099718813154942,0.4624303170288814,utm,0,0.0,0.0,0,0.0
119.25,110.36,49.90008542779231,8.89983790926292,0.287736703536065,-15.333075814358835,9.598656288589293,492806.81078883447,5527526.6494541345,-11.661213569634128,9.475275899283588,0,1,0.0,0.0,7,8,7,8,WP7->WP8,1,2.393703215031986,2.3937032152788236,5.153528567003676,0.4673096569382365,utm,0,0.0,0.0,0,0.0
119.3,110.41,49.90008595137209,8.89983804876309,0.2879885051734468,-15.32305351424664,9.656892567537987,492806.8208849479,5527526.707653707,-11.651309299108107,9.533508426509798,0,1,0.0,0.0,7,8,7,8,WP7->WP8,1,2.424004650622288,2.424004650773208,5.20423305140331,0.4719074184334832,utm,0,0.0,0.0,0,0.0
119.35,110.46,49.9000864578892,8.899838186771039,0.28806369163435114,-15.313138421826874,9.713231015186203,492806.8308713597,5527526.763956353,-11.641508478613105,9.589843674562871,0,1,0.0,0.0,7,8,7,8,WP7->WP8,1,2.453152159214837,2.453152159247066,5.253427961061919,0.4763682952980968,utm,0,0.0,0.0,0,0.0
119.4,110.51,49.90008696073634,8.899838321430936,0.2880862574675814,-15.30346386796165,9.769161262351085,492806.84061678394,5527526.819851283,-11.631947300746106,9.645770416595042,0,1,0.0,0.0,7,8,7,8,WP7->WP8,1,2.48221646276257,2.4822164625907233,5.302156625680525,0.48078689417649967,utm,0,0.0,0.0,0,0.0
119.45,110.56,49.90008746721819,8.899838457595926,0.2880048604654516,-15.293681181660657,9.825495788171725,492806.85047083715,5527526.876150186,-11.622278825729154,9.702101485803723,0,1,0.0,0.0,7,8,7,8,WP7->WP8,1,2.5114618690147585,2.5114618691731097,5.351262379505883,0.4852396866031774,utm,0,0.0,0.0,0,0.0
119.5,110.61,49.900087964699615,8.899838582301827,0.28813653474655976,-15.28472176629944,9.880829222045252,492806.85950061225,5527526.931449497,-11.6134313303628,9.75743025355041,0,1,0.0,0.0,7,8,7,8,WP7->WP8,1,2.5406802597520994,2.5406802597700664,5.3990727997120604,0.4895750212722567,utm,0,0.0,0.0,0,0.0
119.55,110.66,49.900088457857265,8.89983869931094,0.28822912389900185,-15.276315321672909,9.935681735710002,492806.8679769958,5527526.986268819,-11.60513564181747,9.812277209945023,0,1,0.0,0.0,7,8,7,8,WP7->WP8,1,2.5700051415545686,2.570005141303073,5.446158450255657,0.49384463556005237,utm,0,0.0,0.0,0,0.0
119.6,110.71,49.90008894767728,8.89983880467765,0.2882804654414068,-15.26874531811284,9.99016301298303,492806.87561677844,5527527.040718173,-11.597675330471247,9.866751444526017,0,1,0.0,0.0,7,8,7,8,WP7->WP8,1,2.5997229610515022,2.599722960802442,5.492418039151074,0.49803934455133086,utm,0,0.0,0.0,0,0.0
119.65,110.76,49.90008941497314,8.899838903902548,0.2882479237262918,-15.261616568992686,10.04213899312301,492806.8828121351,5527527.092663821,-11.590651192120276,9.91872052103281,0,1,0.0,0.0,7,8,7,8,WP7->WP8,1,2.628144888629019,2.6281448888577508,5.536489770740777,0.5020356638696563,utm,0,0.0,0.0,0,0.0
119.7,110.81,49.90008984103359,8.899839013372205,0.28822556968205365,-15.253751791817324,10.08952847692633,492806.8907370931,5527527.140023826,-11.582882345013786,9.9661063849926,0,1,0.0,0.0,7,8,7,8,WP7->WP8,1,2.6530231653701417,2.6530231656648646,5.5775610059636564,0.5057599053466356,utm,0,0.0,0.0,0,0.0
119.75,110.86,49.900090260240255,8.899839140049899,0.28817910265905594,-15.244650714225749,10.136155633296127,492806.8998968354,5527527.186620155,-11.573876203794498,10.012732645496726,0,1,0.0,0.0,7,8,7,8,WP7->WP8,1,2.6764673359009206,2.6764673356988253,5.618858581045345,0.5095046707812095,utm,0,0.0,0.0,0,0.0
119.8,110.91,49.900090665446385,8.899839271533486,0.2875894723542002,-15.235204360368227,10.181225551012968,492806.90939963335,5527527.231659407,-11.564521877618972,10.057802968658507,0,1,0.0,0.0,7,8,7,8,WP7->WP8,1,2.6986359834532068,2.698635983560826,5.659199483267571,0.5131626874067016,utm,0,0.0,0.0,0,0.0
119.85,110.96,49.900091067740874,8.899839393515531,0.28804391145561825,-15.226440638614658,10.225971614779159,492806.9182196406,5527527.276375847,-11.555849274678621,10.102548230439425,0,1,0.0,0.0,7,8,7,8,WP7->WP8,1,2.7211117222449914,2.721111722088374,5.698850381424896,0.5167581361122408,utm,0,0.0,0.0,0,0.0
119.9,111.01,49.900091468706925,8.89983950929853,0.2877431320161538,-15.218122283384226,10.270569920525286,492806.92659426294,5527527.320945184,-11.547621569479816,10.147144922055304,0,1,0.0,0.0,7,8,7,8,WP7->WP8,1,2.7438291663751424,2.7438291662789274,5.738099302583831,0.5203171345040245,utm,0,0.0,0.0,0,0.0
119.95,111.06,49.90009187338193,8.899839629782479,0.2879719221372754,-15.209466191494077,10.315580762486187,492806.9353070373,5527527.36592644,-11.539057071495336,10.1921546459198,0,1,0.0,0.0,7,8,7,8,WP7->WP8,1,2.7665588976582525,2.7665588976215156,5.777881021415554,0.5239244457157434,utm,0,0.0,0.0,0,0.0
120.0,111.11,49.90009228886413,8.899839761798788,0.28794688611814356,-15.199981564544213,10.361793656980474,492806.9448496201,5527527.412108161,-11.529666725546122,10.238367562182248,0,1,0.0,0.0,7,8,7,8,WP7->WP8,1,2.789442452193978,2.7894424524191934,5.81911395887116,0.5276633499648253,utm,0,0.0,0.0,0,0.0
120.05,111.16,49.900092687792196,8.899839899029255,0.2879794640865266,-15.190122329761351,10.406165283498378,492806.95476419874,5527527.45644885,-11.519898318918422,10.282740683294833,0,1,0.0,0.0,7,8,7,8,WP7->WP8,1,2.810843364728817,2.8108433646452897,5.859193836435211,0.5312976974979899,utm,0,0.0,0.0,0,0.0
120.1,111.21,49.900093026341224,8.899840037901225,0.28766057990237603,-15.180145162254263,10.443821122384385,492806.96478768595,5527527.494076282,-11.50999888178194,10.320400941185653,0,1,0.0,0.0,7,8,7,8,WP7->WP8,1,2.8277836287736164,2.8277836288105735,5.894255515686557,0.5344770067983264,utm,0,0.0,0.0,0,0.0
120.15,111.26,49.90009335488216,8.899840172988988,0.2880207268352972,-15.170439868649483,10.48036378981649,492806.97453792056,5527527.530591351,-11.500369030167349,10.356947942636907,0,1,0.0,0.0,7,8,7,8,WP7->WP8,1,2.8442056090549093,2.8442056089295633,5.928295726056732,0.5375636917411521,utm,0,0.0,0.0,0,0.0
120.2,111.31,49.90009369946539,8.899840322109304,0.28802218039568966,-15.15972641529233,10.518690795401392,492806.98529829434,5527527.568888696,-11.48973491799552,10.395280539058149,0,1,0.0,0.0,7,8,7,8,WP7->WP8,1,2.861024137497229,2.8610241375408645,5.964345821314174,0.5408326282432623,utm,0,0.0,0.0,0,0.0
120.25,111.36,49.900094080735705,8.899840509313798,0.2876669293490037,-15.146276828650773,10.561098400669072,492806.998799155,5527527.61126135,-11.476373763463926,10.437697453424335,0,1,0.0,0.0,7,8,7,8,WP7->WP8,1,2.8784228769770035,2.878422876848698,6.005272572129872,0.5445437682194205,utm,0,0.0,0.0,0,0.0
120.3,111.41,49.90009448998042,8.899840746861546,0.28797010326610323,-15.129210363187322,10.606617517992913,492807.01591959834,5527527.656739438,-11.459403279412072,10.48323171120137,0,1,0.0,0.0,7,8,7,8,WP7->WP8,1,2.8951028879454346,2.895102887670225,6.050914036761603,0.5486824271793753,utm,0,0.0,0.0,0,0.0
120.35,111.46,49.900094896270915,8.899841013558172,0.28804518657092637,-15.11004971536635,10.651808046588883,492807.03513294226,5527527.701886268,-11.44033881451469,10.528441611677408,0,1,0.0,0.0,7,8,7,8,WP7->WP8,1,2.9099802695615424,2.909980269649205,6.097669275859483,0.5529220805467376,utm,0,0.0,0.0,0,0.0
120.4,111.51,49.90009527298435,8.899841261183049,0.287989814927202,-15.09225926507903,10.693708802870026,492807.0529722422,5527527.743746476,-11.422637555631809,10.570360379293561,0,1,0.0,0.0,7,8,7,8,WP7->WP8,1,2.923755906659057,2.9237559065801784,6.1410368842276855,0.5568545516537252,utm,0,0.0,0.0,0,0.0
120.45,111.56,49.90009561716313,8.899841477051242,0.2879960932897416,-15.07675035339043,10.731990823118643,492807.0685260842,5527527.781992444,-11.407209831988439,10.60865739453584,0,1,0.0,0.0,7,8,7,8,WP7->WP8,1,2.9369070706755322,2.93690707045512,6.180174116204112,0.5604034223373022,utm,0,0.0,0.0,0,0.0
120.5,111.61,49.900095931279125,8.899841652490348,0.2878426113500932,-15.064146043415011,10.76692904563119,492807.08117202326,5527527.816899836,-11.394678993732668,10.64360627066344,0,1,0.0,0.0,7,8,7,8,WP7->WP8,1,2.9500854041876217,2.9500854041489655,6.214884018654965,0.5635508333578835,utm,0,0.0,0.0,0,0.0
120.55,111.66,49.90009624090518,8.89984181273312,0.28802780791256183,-15.052633504359576,10.801367864474098,492807.09272596287,5527527.851309483,-11.383238508773502,10.678053804673254,0,1,0.0,0.0,7,8,7,8,WP7->WP8,1,2.963766959336603,2.9637669595924065,6.248504434464724,0.5665994523330014,utm,0,0.0,0.0,0,0.0
120.6,111.71,49.900096540939266,8.899841955993818,0.2880420945926379,-15.042341031535889,10.834739796928286,492807.103058901,5527527.884654301,-11.373015509685501,10.711432492360473,0,1,0.0,0.0,7,8,7,8,WP7->WP8,1,2.9776797051486557,2.977679705075824,6.280521336706331,0.5695026685290938,utm,0,0.0,0.0,0,0.0
120.65,111.76,49.900096827074506,8.89984208764298,0.2880791831482334,-15.032882781977156,10.866565800564224,492807.1125558848,5527527.916454924,-11.363623371638823,10.743264238350093,0,1,0.0,0.0,7,8,7,8,WP7->WP8,1,2.9912191202719276,2.9912191204489704,6.310822435034272,0.5722502997259292,utm,0,0.0,0.0,0,0.0
120.7,111.81,49.90009711571444,8.899842213853914,0.2878768664014734,-15.023815238519292,10.898670393340979,492807.12166269205,5527527.948534548,-11.354622327547986,10.775373698212206,0,1,0.0,0.0,7,8,7,8,WP7->WP8,1,3.005236275077238,3.005236274967735,6.3410805842504905,0.5749940363999336,utm,0,0.0,0.0,0,0.0
120.75,111.86,49.90009740300466,8.899842336657967,0.28813836179743446,-15.01499246017541,10.930624861416586,492807.13052463194,5527527.980464434,-11.34586565598147,10.807332614436746,0,1,0.0,0.0,7,8,7,8,WP7->WP8,1,3.0193414077316034,3.019341407430415,6.37106552771821,0.5777129994294448,utm,0,0.0,0.0,0,0.0
120.8,111.91,49.90009768227492,8.899842460596737,0.288164714402808,-15.006088158802266,10.961687293077292,492807.1394668696,5527528.011502531,-11.337025748332962,10.838400010950863,0,1,0.0,0.0,7,8,7,8,WP7->WP8,1,3.032804082668867,3.0328040825992817,6.400426785582995,0.5803754081386769,utm,0,0.0,0.0,0,0.0
120.85,111.96,49.90009795176452,8.899842583029917,0.28816678318511224,-14.997292025598828,10.991661849531846,492807.1482995285,5527528.041453335,-11.328291835845448,10.868379759602249,0,1,0.0,0.0,7,8,7,8,WP7->WP8,1,3.045640744343624,3.045640744021197,6.428892320045107,0.5829565947899401,utm,0,0.0,0.0,0,0.0
120.9,112.01,49.900098219582325,8.899842705539905,0.2881638262697043,-14.988490374181612,11.021450457021214,492807.15713745466,5527528.071218255,-11.319552043569274,10.89817364141345,0,1,0.0,0.0,7,8,7,8,WP7->WP8,1,3.0583521867356707,3.058352186883899,6.4572203731760816,0.585525314962585,utm,0,0.0,0.0,0,0.0
120.95,112.06,49.90009848994826,8.899842832276699,0.28815972401623713,-14.979385050632164,11.051522486067475,492807.16627930955,5527528.101266078,-11.310509256494697,10.928251426666975,0,1,0.0,0.0,7,8,7,8,WP7->WP8,1,3.0710177227736377,3.0710177225654305,6.485961099823948,0.5881314553837254,utm,0,0.0,0.0,0,0.0
121.0,112.11,49.90009873642779,8.899842951145649,0.2881280573673026,-14.970844987230068,11.07893769803437,492807.1748525805,5527528.128658903,-11.302026301098522,10.95567235443741,0,1,0.0,0.0,7,8,7,8,WP7->WP8,1,3.0823828229397727,3.082382823037078,6.5123183063006405,0.5905214638907772,utm,0,0.0,0.0,0,0.0
121.05,112.16,49.90009895146826,8.899843061889703,0.28815377502394984,-14.962888651786322,11.102856032927217,492807.18283768435,5527528.152557029,-11.294119993341155,10.979596665129066,0,1,0.0,0.0,7,8,7,8,WP7->WP8,1,3.09191471880492,3.0919147186516835,6.535642656299087,0.5926364602188986,utm,0,0.0,0.0,0,0.0
121.1,112.21,49.90009916252132,8.899843169083077,0.2881483989370682,-14.95518741264928,11.126330860983169,492807.1905672016,5527528.176012169,-11.286467811034527,11.003077148459852,0,1,0.0,0.0,7,8,7,8,WP7->WP8,1,3.101351474380508,3.1013514743214174,6.558464501894366,0.5947058906483932,utm,0,0.0,0.0,0,0.0
121.15,112.26,49.900099374066556,8.899843277051446,0.2881615469974964,-14.94743049454504,11.14986043189373,492807.1983524485,5527528.199521954,-11.27876007935265,11.026612461544573,0,1,0.0,0.0,7,8,7,8,WP7->WP8,1,3.1107816197028795,3.1107816199687366,6.581364118458791,0.5967823731635489,utm,0,0.0,0.0,0,0.0
121.2,112.31,49.900099585722835,8.899843382633492,0.28806764445639954,-14.93984502023062,11.173402353412651,492807.2059663371,5527528.223044314,-11.271223746589385,11.050159784965217,0,1,0.0,0.0,7,8,7,8,WP7->WP8,1,3.120349870265798,3.120349870561374,6.604161515499731,0.598849586656552,utm,0,0.0,0.0,0,0.0
121.25,112.36,49.90009980508975,8.899843492043038,0.2880859925227729,-14.931984561629603,11.197801907091083,492807.21385624545,5527528.247423596,-11.26341421942925,11.074564933776855,0,1,0.0,0.0,7,8,7,8,WP7->WP8,1,3.1302677201980855,3.1302677201134155,6.627788539683103,0.6009920287565717,utm,0,0.0,0.0,0,0.0
121.3,112.41,49.90010003113005,8.899843601179798,0.2879861311205383,-14.924143701180697,11.222943722709617,492807.22172755573,5527528.272544868,-11.255625735328067,11.099712007679045,0,1,0.0,0.0,7,8,7,8,WP7->WP8,1,3.140683562274287,3.1406835619892557,6.651965927832488,0.6031843765460243,utm,0,0.0,0.0,0,0.0
121.35,112.46,49.90010026755097,8.89984372323324,0.28793084237810296,-14.915374850075196,11.249240144035422,492807.2305280264,5527528.298819045,-11.246911895053927,11.126015042886138,0,1,0.0,0.0,7,8,7,8,WP7->WP8,1,3.1511468928470356,3.1511468930160706,6.677623272375051,0.6055109232450955,utm,0,0.0,0.0,0,0.0
121.4,112.51,49.900100505572276,8.899843855705642,0.2879349614917991,-14.905857455357026,11.275714572324878,492807.2400769773,5527528.325270156,-11.237450161774177,11.152497477829456,0,1,0.0,0.0,7,8,7,8,WP7->WP8,1,3.161158201487701,3.161158201430265,6.7039028743643625,0.6078938947626549,utm,0,0.0,0.0,0,0.0
121.45,112.56,49.90010074185079,8.899844005156346,0.2879956285477673,-14.895120265474572,11.301995154929397,492807.2508449735,5527528.351525869,-11.226768745866138,11.17878853250295,0,1,0.0,0.0,7,8,7,8,WP7->WP8,1,3.170117938967362,3.1701179388510314,6.730829353977761,0.6103355235975577,utm,0,0.0,0.0,0,0.0
121.5,112.61,49.900100968637084,8.899844170122671,0.2880256442942931,-14.883268365779438,11.32721994447634,492807.2627258196,5527528.376724721,-11.214971003355458,11.204026399180293,0,1,0.0,0.0,7,8,7,8,WP7->WP8,1,3.1775448032786273,3.1775448034267404,6.757680393334137,0.612770311690206,utm,0,0.0,0.0,0,0.0
121.55,112.66,49.900101180338595,8.899844352457677,0.2881271736555375,-14.870168624371003,11.350766897226706,492807.2758517627,5527528.400244742,-11.201922638283577,11.227589546702802,0,1,0.0,0.0,7,8,7,8,WP7->WP8,1,3.182932919940691,3.1829329197526164,6.784070731738185,0.6151633245212671,utm,0,0.0,0.0,0,0.0
121.6,112.71,49.90010137662229,8.899844554615823,0.28821603447747995,-14.855644702164815,11.372598970553272,492807.29039902135,5527528.422048665,-11.18744731019251,11.249441290274262,0,1,0.0,0.0,7,8,7,8,WP7->WP8,1,3.186124395487996,3.1861243952573552,6.810087039606233,0.6175224211570087,utm,0,0.0,0.0,0,0.0
121.65,112.76,49.90010156877355,8.899844768265526,0.28824134785998606,-14.84029517648588,11.393971404697544,492807.30577093683,5527528.443392028,-11.17214581213193,11.270835192874074,0,1,0.0,0.0,7,8,7,8,WP7->WP8,1,3.188390354219054,3.188390354134535,6.83629200820209,0.6198986250967741,utm,0,0.0,0.0,0,0.0
121.7,112.81,49.9001017496574,8.899844983917722,0.2882290640521876,-14.824801782899103,11.414090598074374,492807.32128498703,5527528.46348246,-11.156698051199783,11.290976639837027,0,1,0.0,0.0,7,8,7,8,WP7->WP8,1,3.189731456831611,3.1897314569403754,6.861639841465382,0.6221971060525677,utm,0,0.0,0.0,0,0.0
121.75,112.86,49.900101918766744,8.899845200890459,0.28825108582048947,-14.809213515955221,11.432900145845936,492807.33689212205,5527528.482263645,-11.141152891505044,11.309809154830873,0,1,0.0,0.0,7,8,7,8,WP7->WP8,1,3.190148161460174,3.190148161440391,6.886055859498047,0.624411092229669,utm,0,0.0,0.0,0,0.0
121.8,112.91,49.90010209803135,8.899845427886916,0.2881763512037754,-14.792905101246964,11.452839233731137,492807.3532206245,5527528.502172955,-11.124890085950028,11.329772165045142,0,1,0.0,0.0,7,8,7,8,WP7->WP8,1,3.190753720138829,3.1907537203241474,6.911797536238568,0.6267452859709529,utm,0,0.0,0.0,0,0.0
121.85,112.96,49.90010229130449,8.89984565860332,0.2880749258432045,-14.776329429333906,11.47433645246207,492807.36981835915,5527528.523639414,-11.108363180945162,11.351293202489614,0,1,0.0,0.0,7,8,7,8,WP7->WP8,1,3.19217068113578,3.1921706809642045,6.938895246221525,0.6292024415666402,utm,0,0.0,0.0,0,0.0
121.9,113.01,49.90010248411183,8.89984588651758,0.2880931824545051,-14.759955075678374,11.49578186033433,492807.3862147871,5527528.545054355,-11.09203741181409,11.372762058861554,0,1,0.0,0.0,7,8,7,8,WP7->WP8,1,3.1937066509572944,3.1937066509849608,6.9658226172559115,0.6316441512334683,utm,0,0.0,0.0,0,0.0
121.95,113.06,49.90010267777728,8.899846119202953,0.288133457519982,-14.74323794445269,11.517322713023113,492807.4029539821,5527528.566564243,-11.075369190308265,11.394326991401613,0,1,0.0,0.0,7,8,7,8,WP7->WP8,1,3.195044695511207,3.1950446952853997,6.993045504589564,0.6341126576122258,utm,0,0.0,0.0,0,0.0
122.0,113.11,49.90010287478398,8.899846354441802,0.2880734058520667,-14.72633736040834,11.539235205394563,492807.4198770528,5527528.588445377,-11.058518317586277,11.416263774037361,0,1,0.0,0.0,7,8,7,8,WP7->WP8,1,3.196485455038926,3.1964854553274824,7.02066974260775,0.6366175575120946,utm,0,0.0,0.0,0,0.0
122.05,113.16,49.900103072431904,8.899846591561637,0.28800756520690896,-14.709301638130219,11.561219017293592,492807.43693530245,5527528.61039762,-11.041532500938047,11.43827211111784,0,1,0.0,0.0,7,8,7,8,WP7->WP8,1,3.197870113075348,3.1978701129976552,7.048436045942942,0.6391353395554675,utm,0,0.0,0.0,0,0.0
122.1,113.21,49.90010326340989,8.899846821872753,0.2881091245884414,-14.692755083891054,11.582460951440208,492807.4535035892,5527528.631608937,-11.025034202903043,11.459537911228836,0,1,0.0,0.0,7,8,7,8,WP7->WP8,1,3.1991430052598635,3.1991430052625387,7.075321131621587,0.641573214887271,utm,0,0.0,0.0,0,0.0
122.15,113.26,49.90010345021459,8.89984704618403,0.2880307264156019,-14.676639584221322,11.60323870336739,492807.4696403744,5527528.652356834,-11.008965876942966,11.480338872410357,0,1,0.0,0.0,7,8,7,8,WP7->WP8,1,3.200440791277973,3.2004407910970434,7.101573499662814,0.6439537168954893,utm,0,0.0,0.0,0,0.0
122.2,113.31,49.900103644720794,8.89984727937295,0.2879826703266484,-14.659886275954156,11.624873071443906,492807.4864158562,5527528.673960151,-10.992261676758062,11.501997352577746,0,1,0.0,0.0,7,8,7,8,WP7->WP8,1,3.201812256454061,3.2018122567486182,7.128890878331649,0.6464307915227494,utm,0,0.0,0.0,0,0.0
122.25,113.36,49.90010385955176,8.899847530756924,0.2880152702452354,-14.641825755818042,11.648768105317899,492807.5045010452,5527528.697821482,-10.974255217413884,11.525918151251972,0,1,0.0,0.0,7,8,7,8,WP7->WP8,1,3.203663427777137,3.203663427869119,7.158774156936721,0.6491405358254273,utm,0,0.0,0.0,0,0.0
122.3,113.41,49.90010408350445,8.899847798452186,0.28803535288171433,-14.622593361646338,11.67367772086741,492807.5237589926,5527528.722695423,-10.955079342995305,11.55085541959852,0,1,0.0,0.0,7,8,7,8,WP7->WP8,1,3.2052859268246197,3.2052859268860936,7.190189901172752,0.6519892404499433,utm,0,0.0,0.0,0,0.0
122.35,113.46,49.90010430359465,8.899848051963962,0.2880084447029303,-14.604379970818908,11.698157724014427,492807.5419977723,5527528.747141286,-10.936921220098156,11.575361251831055,0,1,0.0,0.0,7,8,7,8,WP7->WP8,1,3.207401868236402,3.207401868425813,7.220616469653053,0.6547482489804043,utm,0,0.0,0.0,0,0.0
122.4,113.51,49.90010451132887,8.899848267140678,0.28798488480566103,-14.588920737858391,11.7212634057163,492807.55748166546,5527528.770217058,-10.921513453766238,11.5984879238531,0,1,0.0,0.0,7,8,7,8,WP7->WP8,1,3.2107127384102463,3.2107127381483624,7.248207779214216,0.6572501630064674,utm,0,0.0,0.0,0,0.0
122.45,113.56,49.90010470602279,8.899848456434144,0.28799797319338555,-14.575321070325309,11.742918652943409,492807.57110480295,5527528.791845461,-10.907961663440801,11.620161103084683,0,1,0.0,0.0,7,8,7,8,WP7->WP8,1,3.2144903100308313,3.2144903103402065,7.273488357616334,0.6595425454521444,utm,0,0.0,0.0,0,0.0
122.5,113.61,49.90010488871085,8.89984863325086,0.28799272068375975,-14.562617786905966,11.763238522480263,492807.58383013215,5527528.81214022,-10.89530328172259,11.640497685410082,0,1,0.0,0.0,7,8,7,8,WP7->WP8,1,3.2180787545043317,3.2180787547320526,7.297172409050631,0.6616901586470207,utm,0,0.0,0.0,0,0.0
122.55,113.66,49.90010505930428,8.899848798074691,0.28799940469278107,-14.550776124601956,11.782213141481478,492807.59569238895,5527528.831091418,-10.88350354024442,11.659487871453166,0,1,0.0,0.0,7,8,7,8,WP7->WP8,1,3.2214452721853615,3.2214452719167554,7.319275069688301,0.6636943751029347,utm,0,0.0,0.0,0,0.0
122.6,113.71,49.90010522753767,8.89984895915601,0.2880741394273314,-14.53920334067506,11.800925259820538,492807.6072855247,5527528.849780581,-10.871972054766957,11.67821513582021,0,1,0.0,0.0,7,8,7,8,WP7->WP8,1,3.224844918121601,3.2248449183271277,7.341003576679133,0.6656646642001327,utm,0,0.0,0.0,0,0.0
122.65,113.76,49.90010539642877,8.89984912057559,0.28814044601034633,-14.527606254605637,11.819710533014748,492807.61890305043,5527528.868542834,-10.860416420386173,11.697015571407974,0,1,0.0,0.0,7,8,7,8,WP7->WP8,1,3.228273741317508,3.228273741226559,7.362803398313768,0.6676414199388361,utm,0,0.0,0.0,0,0.0
122.7,113.81,49.900105569676995,8.899849283016437,0.2881198798653771,-14.51593579629118,11.838980436694442,492807.6305945665,5527528.887789428,-10.848788392089773,11.716300588101149,0,1,0.0,0.0,7,8,7,8,WP7->WP8,1,3.2319623382100175,3.2319623384720644,7.385018644910349,0.6696558454204983,utm,0,0.0,0.0,0,0.0
122.75,113.86,49.90010573011473,8.899849430157305,0.2880662479569207,-14.505364555084205,11.856825466762587,492807.64118540345,5527528.905613187,-10.83825634821551,11.734159150160849,0,1,0.0,0.0,7,8,7,8,WP7->WP8,1,3.235557434775758,3.235557435073679,7.405437446922512,0.6715073735995575,utm,0,0.0,0.0,0,0.0
122.8,113.91,49.900105860054985,8.899849555274765,0.28801649651089667,-14.496375571546201,11.871278349462846,492807.65019008575,5527528.920048271,-10.829299283504952,11.748623830266297,0,1,0.0,0.0,7,8,7,8,WP7->WP8,1,3.2381450311283277,3.2381450311885382,7.422252925366367,0.6730321610069976,utm,0,0.0,0.0,0,0.0
122.85,113.96,49.90010598588012,8.899849673654996,0.28809313712509604,-14.487870619803674,11.885273518164437,492807.6587103194,5527528.934026472,-10.820825159200467,11.762630033306777,0,1,0.0,0.0,7,8,7,8,WP7->WP8,1,3.240801921876655,3.2408019218351276,7.438406111282166,0.6744968933104338,utm,0,0.0,0.0,0,0.0
122.9,114.01,49.900106121294236,8.899849784954013,0.28810781530030233,-14.479874413449956,11.900335242839185,492807.6667234378,5527528.949071481,-10.812861662940122,11.777701365761459,0,1,0.0,0.0,7,8,7,8,WP7->WP8,1,3.244538973077578,3.2445389733097465,7.455037310797868,0.6760049707449736,utm,0,0.0,0.0,0,0.0
122.95,114.06,49.90010625185195,8.899849880702257,0.2881129529062397,-14.47299544227755,11.914856803865085,492807.6736190485,5527528.963578036,-10.806013893859927,11.792230565100908,0,1,0.0,0.0,7,8,7,8,WP7->WP8,1,3.248772036063025,3.248772035946087,7.470531528122614,0.6774099493510712,utm,0,0.0,0.0,0,0.0
123.0,114.11,49.900106373709825,8.899849977549627,0.28808474703340353,-14.466037505222193,11.928410705763353,492807.6805923002,5527528.9771172125,-10.799085296399426,11.805792648345232,0,1,0.0,0.0,7,8,7,8,WP7->WP8,1,3.252315359260377,3.252315359026757,7.485343023635953,0.6787530203745632,utm,0,0.0,0.0,0,0.0
123.05,114.16,49.90010649415712,8.899850076647386,0.28807946319163724,-14.45891789033537,11.94180771404032,492807.6877269548,5527528.990499344,-10.791994779312517,11.819198218174279,0,1,0.0,0.0,7,8,7,8,WP7->WP8,1,3.255633907320844,3.255633907055832,7.500140725209079,0.6800948405965149,utm,0,0.0,0.0,0,0.0
123.1,114.21,49.90010661418791,8.899850174864403,0.28810881071491373,-14.45186155183438,11.955158394800431,492807.6947982966,5527529.003835251,-10.784967422427144,11.832557355053723,0,1,0.0,0.0,7,8,7,8,WP7->WP8,1,3.2589703063656157,3.258970306178542,7.514862095000608,0.681429739234894,utm,0,0.0,0.0,0,0.0
123.15,114.26,49.90010673364739,8.899850272222395,0.28814473186732004,-14.444866929422234,11.968445530350373,492807.7018078622,5527529.0171077205,-10.778001632366795,11.845852850936353,0,1,0.0,0.0,7,8,7,8,WP7->WP8,1,3.2623121662937153,3.2623121661485115,7.529495086426748,0.6827566239342652,utm,0,0.0,0.0,0,0.0
123.2,114.31,49.900106854978986,8.899850373238875,0.28808630117090733,-14.437609465244138,11.981940896336546,492807.70908044203,5527529.030587985,-10.77077351429034,11.859357008710504,0,1,0.0,0.0,7,8,7,8,WP7->WP8,1,3.265590153242784,3.2655901533233203,7.544457130190202,0.6841133463133671,utm,0,0.0,0.0,0,0.0
123.25,114.36,49.90010697775018,8.899850462825878,0.28814959845750765,-14.431173144560137,11.995596384394176,492807.71553242276,5527529.044229406,-10.764366521849297,11.873019617050886,0,1,0.0,0.0,7,8,7,8,WP7->WP8,1,3.2695953236783573,3.2695953235242037,7.559006186076785,0.6854326199385615,utm,0,0.0,0.0,0,0.0
123.3,114.41,49.90010709777862,8.899850549934968,0.2881353190406364,-14.424914847943501,12.008946804783992,492807.72180604347,5527529.057566119,-10.758136884367559,11.886376932263374,0,1,0.0,0.0,7,8,7,8,WP7->WP8,1,3.273536989642187,3.273536989416394,7.573207929340585,0.686720400084969,utm,0,0.0,0.0,0,0.0
123.35,114.46,49.90010720490431,8.899850623017041,0.28812140066237724,-14.419664313283905,12.020862088161426,492807.72707038955,5527529.069469616,-10.752911793068051,11.898297711275518,0,1,0.0,0.0,7,8,7,8,WP7->WP8,1,3.2773090916165826,3.277309091892188,7.585664967934022,0.6878499745805559,utm,0,0.0,0.0,0,0.0
123.4,114.51,49.90010729719391,8.899850691597896,0.28813516962575114,-14.414737165809688,12.031127196256058,492807.73200927326,5527529.07972403,-10.74800672812853,11.90856834501028,0,1,0.0,0.0,7,8,7,8,WP7->WP8,1,3.280252464608932,3.2802524648864786,7.596659608923855,0.688846942355609,utm,0,0.0,0.0,0,0.0
123.45,114.56,49.90010739081493,8.899850773917713,0.2881864933156592,-14.408822951434894,12.041540394201375,492807.7379350245,5527529.090125155,-10.742115284432657,11.91898894123733,0,1,0.0,0.0,7,8,7,8,WP7->WP8,1,3.2825433865600524,3.2825433864209868,7.608409060350898,0.6899123545376115,utm,0,0.0,0.0,0,0.0
123.5,114.61,49.90010748923452,8.899850876702354,0.28817184352096625,-14.401438454884595,12.052487322951176,492807.74533117935,5527529.101057834,-10.734755196725018,11.929945933632553,0,1,0.0,0.0,7,8,7,8,WP7->WP8,1,3.2840662722419225,3.2840662721300764,7.621520406669308,0.691101260094337,utm,0,0.0,0.0,0,0.0
123.55,114.66,49.900107587181,8.89985098205244,0.28817289231158244,-14.393869645603866,12.063381629307711,492807.75291150244,5527529.111937664,-10.727210767683573,11.940850685350597,0,1,0.0,0.0,7,8,7,8,WP7->WP8,1,3.2854150767013897,3.28541507694065,7.634711795317171,0.6922974236982492,utm,0,0.0,0.0,0,0.0
123.6,114.71,49.90010768522299,8.89985108519742,0.28817252163635243,-14.386459260706934,12.074286559196818,492807.76033347903,5527529.122828326,-10.719824719941244,11.95176574587822,0,1,0.0,0.0,7,8,7,8,WP7->WP8,1,3.2868909856028936,3.2868909856057886,7.647808128518024,0.6934849679013462,utm,0,0.0,0.0,0,0.0
123.65,114.76,49.90010778393479,8.899851183292101,0.2882123363693989,-14.379411711351503,12.08526599036681,492807.76739286573,5527529.133793944,-10.712801507150289,11.96275456622243,0,1,0.0,0.0,7,8,7,8,WP7->WP8,1,3.288690651048007,3.288690651118655,7.6607248196184985,0.6946562225880063,utm,0,0.0,0.0,0,0.0
123.7,114.81,49.90010787783787,8.899851259609742,0.2882085154994252,-14.373928719495664,12.095710560102614,492807.7728876098,5527529.144227005,-10.70734117354732,11.973205678164959,0,1,0.0,0.0,7,8,7,8,WP7->WP8,1,3.291329139982257,3.2913291401629046,7.672217397683996,0.6956983421073409,utm,0,0.0,0.0,0,0.0
123.75,114.86,49.90010797314246,8.899851322646914,0.2882069055962746,-14.369399854355832,12.106311017354933,492807.7774288195,5527529.154817167,-10.702834886789788,11.983810747973621,0,1,0.0,0.0,7,8,7,8,WP7->WP8,1,3.294792943991527,3.2947929440339454,7.683207219447995,0.6966948728865102,utm,0,0.0,0.0,0,0.0
123.8,114.91,49.90010809000041,8.899851428962627,0.28811173127087397,-14.361761670181817,12.119308792358144,492807.7850813006,5527529.167799531,-10.695225228730123,11.996818258427083,0,1,0.0,0.0,7,8,7,8,WP7->WP8,1,3.297458224842358,3.2974582249321687,7.6980395663518735,0.6980398346642752,utm,0,0.0,0.0,0,0.0
123.85,114.96,49.900108215104396,8.899851538410156,0.28815541695172237,-14.353898482783949,12.133223750028074,492807.7929599202,5527529.181698411,-10.687392453604843,12.01074302662164,0,1,0.0,0.0,7,8,7,8,WP7->WP8,1,3.3005497842719502,3.3005497844307654,7.7137141884523395,0.6994611719443874,utm,0,0.0,0.0,0,0.0
123.9,115.01,49.900108315075485,8.899851597821286,0.2881230845936701,-14.349630128280925,12.144343248389026,492807.7972414177,5527529.1928077545,-10.683147588570137,12.021866418421268,0,1,0.0,0.0,7,8,7,8,WP7->WP8,1,3.3045490595175995,3.3045490593419986,7.724928221587452,0.7004780336749725,utm,0,0.0,0.0,0,0.0
123.95,115.06,49.90010840551418,8.899851656951245,0.28819828681085313,-14.34538197430216,12.154402485653229,492807.8015013058,5527529.202857287,-10.67892084037885,12.031929933466017,0,1,0.0,0.0,7,8,7,8,WP7->WP8,1,3.3078735544185056,3.3078735544395186,7.735324734253338,0.7014207646027404,utm,0,0.0,0.0,0,0.0
124.0,115.11,49.90010850331796,8.899851722274802,0.28812672162136227,-14.340688845342148,12.165280919327136,492807.80620708456,5527529.213725096,-10.674250900396146,12.042813191190362,0,1,0.0,0.0,7,8,7,8,WP7->WP8,1,3.3113936698772544,3.3113936696999544,7.746632360610693,0.7024461131430927,utm,0,0.0,0.0,0,0.0
124.05,115.16,49.90010860617075,8.899851785655015,0.2881282066553091,-14.336135334631093,12.176720940597024,492807.81077405193,5527529.225154451,-10.669721621554345,12.05425753351301,0,1,0.0,0.0,7,8,7,8,WP7->WP8,1,3.3153852313672387,3.3153852313647123,7.758275160665946,0.7035018544335274,utm,0,0.0,0.0,0,0.0
124.1,115.21,49.90010871265418,8.89985184902608,0.28817187976225134,-14.331582481169301,12.188564787704767,492807.81534090184,5527529.236987473,-10.665193790395278,12.06610554177314,0,1,0.0,0.0,7,8,7,8,WP7->WP8,1,3.3196401356122265,3.319640135516393,7.770223898115693,0.7045853373959072,utm,0,0.0,0.0,0,0.0
124.15,115.26,49.90010882133013,8.899851913354434,0.28822617156532543,-14.326960851868213,12.200652502725397,492807.8199768259,5527529.249064173,-10.660597688518465,12.078197452239692,0,1,0.0,0.0,7,8,7,8,WP7->WP8,1,3.324001590894455,3.3240015906554405,7.7824024105033915,0.7056896558006508,utm,0,0.0,0.0,0,0.0
124.2,115.31,49.90010893103558,8.899851980321301,0.2881880691518456,-14.322149660265579,12.212854726196355,492807.824802389,5527529.261255083,-10.65581232495606,12.090404198504984,0,1,0.0,0.0,7,8,7,8,WP7->WP8,1,3.328293766547493,3.3282937664022225,7.7947911785900095,0.7068130396898005,utm,0,0.0,0.0,0,0.0
124.25,115.36,49.900109045223736,8.899852061312995,0.2881287177702097,-14.31633086406286,12.225555547462587,492807.8306358174,5527529.273943044,-10.65002073958749,12.103111313655972,0,1,0.0,0.0,7,8,7,8,WP7->WP8,1,3.3321460486724757,3.3321460488477475,7.808214038759712,0.7080301925782496,utm,0,0.0,0.0,0,0.0
124.3,115.41,49.90010917256008,8.899852178443302,0.28812181952019694,-14.307915712351214,12.239718803585596,492807.8390665107,5527529.288089385,-10.641636709158774,12.117285360582173,0,1,0.0,0.0,7,8,7,8,WP7->WP8,1,3.3349804722621816,3.334980472071167,7.82443629505975,0.7095011880190962,utm,0,0.0,0.0,0,0.0
124.35,115.46,49.90010931132446,8.899852316881997,0.2881232663156506,-14.297969673190284,12.25515316838757,492807.849029174,5527529.30350428,-10.631724897481035,12.13273300230503,0,1,0.0,0.0,7,8,7,8,WP7->WP8,1,3.337480824634376,3.3374808248776655,7.842619305532948,0.711149979963462,utm,0,0.0,0.0,0,0.0
124.4,115.51,49.90010947246959,8.899852512238413,0.2880550248983019,-14.28393441696119,12.273076879811889,492807.8630827351,5527529.321402061,-10.617730392201338,12.150676996447146,0,1,0.0,0.0,7,8,7,8,WP7->WP8,1,3.338499154614557,3.338499154643308,7.865352456388397,0.7132113677658705,utm,0,0.0,0.0,0,0.0
124.45,115.56,49.900109641107825,8.899852721198783,0.2880779522234237,-14.268921793299217,12.291834028061496,492807.87811438413,5527529.340131637,-10.602760545327328,12.169456006027758,0,1,0.0,0.0,7,8,7,8,WP7->WP8,1,3.3393184693219906,3.3393184694910683,7.889354044035384,0.7153877743858124,utm,0,0.0,0.0,0,0.0
124.5,115.61,49.90010977398014,8.899852874925982,0.28803717567773934,-14.257877361463864,12.306613035169685,492807.8891741219,5527529.3548899675,-10.591749501531012,12.184250702150166,0,1,0.0,0.0,7,8,7,8,WP7->WP8,1,3.34055896436082,3.3405589645716183,7.90775478582701,0.7170563096858996,utm,0,0.0,0.0,0,0.0
124.55,115.66,49.90010983600465,8.899852960606093,0.28808475114480947,-14.251721728841492,12.313511844016006,492807.89533649664,5527529.361777788,-10.585609858040698,12.191158792935312,0,1,0.0,0.0,7,8,7,8,WP7->WP8,1,3.3403792856572663,3.3403792855098597,7.916995167305341,0.7178942053999672,utm,0,0.0,0.0,0,0.0
124.6,115.71,49.90010988474582,8.899853029122836,0.2881717998733625,-14.246799187472217,12.318933183743571,492807.90026430186,5527529.367190381,-10.580699915939476,12.196587594226003,0,1,0.0,0.0,7,8,7,8,WP7->WP8,1,3.3401734381994355,3.340173438120912,7.924312068921056,0.7185576845559348,utm,0,0.0,0.0,0,0.0
124.65,115.76,49.900109934204934,8.899853095904854,0.2879387186288801,-14.242001276260993,12.324434380031281,492807.90506763395,5527529.372682962,-10.57591470994521,12.202095974236727,0,1,0.0,0.0,7,8,7,8,WP7->WP8,1,3.340114116666419,3.340114116918506,7.931608432866802,0.7192193014050611,utm,0,0.0,0.0,0,0.0
124.7,115.81,49.9001099814909,8.899853163106892,0.28818170640610524,-14.237173189013129,12.329693862121266,492807.9099008067,5527529.377933887,-10.571098867047112,12.207362798042595,0,1,0.0,0.0,7,8,7,8,WP7->WP8,1,3.339874576592581,3.3398745768097036,7.9387410617675735,0.7198660711515272,utm,0,0.0,0.0,0,0.0
124.75,115.86,49.900110029054304,8.899853231631441,0.2881767795277286,-14.232250086748609,12.334984203751478,492807.9148289976,5527529.383215532,-10.566188107826747,12.212660654447973,0,1,0.0,0.0,7,8,7,8,WP7->WP8,1,3.3395830389005936,3.3395830388759853,7.945958945334667,0.7205205715874333,utm,0,0.0,0.0,0,0.0
124.8,115.91,49.900110079218635,8.899853282099365,0.28818275118775094,-14.228624251214502,12.340563838713267,492807.9184608306,5527529.388788087,-10.56257465807721,12.21824514772743,0,1,0.0,0.0,7,8,7,8,WP7->WP8,1,3.340463970117163,3.3404639699431895,7.952551937616625,0.7211184083746794,utm,0,0.0,0.0,0,0.0
124.85,115.96,49.90011013412422,8.899853330577582,0.2881729812620702,-14.225141364843095,12.346670829652469,492807.92195047665,5527529.39488798,-10.559105132240802,12.224356506951153,0,1,0.0,0.0,7,8,7,8,WP7->WP8,1,3.341796596807782,3.341796596548975,7.959451968628211,0.7217440867003091,utm,0,0.0,0.0,0,0.0
124.9,116.01,49.90011018840646,8.899853386265049,0.28812152342776864,-14.221140534528462,12.352708487095123,492807.92595776555,5527529.400917873,-10.55511773575563,12.230399573221803,0,1,0.0,0.0,7,8,7,8,WP7->WP8,1,3.342691154981053,3.3426911547309692,7.9666365170535425,0.7223955643852091,utm,0,0.0,0.0,0,0.0
124.95,116.06,49.900110240769926,8.899853450089337,0.2881361973882243,-14.216555119534252,12.358532725798895,492807.9305491186,5527529.406733653,-10.550545572652481,12.236230450682342,0,1,0.0,0.0,7,8,7,8,WP7->WP8,1,3.343003307241361,3.3430033074865104,7.974039650050823,0.7230668627968213,utm,0,0.0,0.0,0,0.0
125.0,116.11,49.90011028980163,8.899853520567468,0.288087813564922,-14.211491663412087,12.363986381866797,492807.93561782496,5527529.412178359,-10.545494836056605,12.241691830568016,0,1,0.0,0.0,7,8,7,8,WP7->WP8,1,3.342711588187267,3.342711588217105,7.981472786124491,0.7237408818157127,utm,0,0.0,0.0,0,0.0
125.05,116.16,49.900110338228465,8.899853592670578,0.2880443662455237,-14.206311461825873,12.369372759806925,492807.94080313994,5527529.417555657,-10.540327269292902,12.247086187824607,0,1,0.0,0.0,7,8,7,8,WP7->WP8,1,3.342287508909573,3.342287509032266,7.988930867943807,0.7244171628552158,utm,0,0.0,0.0,0,0.0
125.1,116.21,49.900110386618174,8.899853665178988,0.2880099072892445,-14.20110214167242,12.37475500861378,492807.9460175563,5527529.422928791,-10.535130587639287,12.252476474270225,0,1,0.0,0.0,7,8,7,8,WP7->WP8,1,3.3418386523655843,3.3418386523644568,7.996404771051611,0.7250948785313566,utm,0,0.0,0.0,0,0.0
125.15,116.26,49.90011043503891,8.899853737877308,0.2879814673002365,-14.19587917753471,12.380140708742106,492807.9512456156,5527529.428305355,-10.52992027439177,12.257870238274336,0,1,0.0,0.0,7,8,7,8,WP7->WP8,1,3.341381690558733,3.3413816907178195,8.003890172461837,0.7257736368460875,utm,0,0.0,0.0,0,0.0
125.2,116.31,49.90011046894503,8.89985378757174,0.288011647156639,-14.19230891300025,12.383911989221458,492807.9548194831,5527529.432070355,-10.526358833303675,12.261646995320916,0,1,0.0,0.0,7,8,7,8,WP7->WP8,1,3.341127758039521,3.3411277578818406,8.009075080580288,0.7262437919257747,utm,0,0.0,0.0,0,0.0
125.25,116.36,49.90011048725483,8.899853809712505,0.28805128941636826,-14.190718223907991,12.38594853562693,492807.9564122536,5527529.434103959,-10.524772772856522,12.263685836456716,0,1,0.0,0.0,7,8,7,8,WP7->WP8,1,3.341246527494748,3.341246527245281,8.011655460052555,0.7264777745709232,utm,0,0.0,0.0,0,0.0
125.3,116.41,49.900110505805294,8.899853821232037,0.28795534889661417,-14.189890610528701,12.388011850645873,492807.9572422913,5527529.436165344,-10.523949532653205,12.265749945305288,0,1,0.0,0.0,7,8,7,8,WP7->WP8,1,3.3419616304744806,3.3419616304396764,8.01375947930152,0.7266685620092077,utm,0,0.0,0.0,0,0.0
125.35,116.46,49.90011052982261,8.899853837591625,0.2879426229157468,-14.18871526647223,12.390683228651,492807.95842073247,5527529.4388340805,-10.522779892373364,12.268422551453114,0,1,0.0,0.0,7,8,7,8,WP7->WP8,1,3.342808701386744,3.342808701623327,8.01655113624704,0.7269217027908177,utm,0,0.0,0.0,0,0.0
125.4,116.51,49.90011057297399,8.8998538958429,0.28798479890993595,-14.184530240966309,12.395482833121761,492807.9626104877,5527529.443626172,-10.518605951452628,12.273228423669934,0,1,0.0,0.0,7,8,7,8,WP7->WP8,1,3.342757696177931,3.342757696197571,8.022916321852058,0.7274988826129057,utm,0,0.0,0.0,0,0.0
125.45,116.56,49.90011063042923,8.899853986721487,0.2881647027115458,-14.178001127278659,12.401873414717045,492807.96914551384,5527529.450005469,-10.512091982876882,12.279629221186042,0,1,0.0,0.0,7,8,7,8,WP7->WP8,1,3.3419638794949043,3.3419638792623445,8.032014225535141,0.7283238587809278,utm,0,0.0,0.0,0,0.0
125.5,116.61,49.90011069890035,8.89985409974667,0.2880665167639167,-14.169880905518294,12.409489260716045,492807.9772726449,5527529.457607414,-10.503989947028458,12.28725790604949,0,1,0.0,0.0,7,8,7,8,WP7->WP8,1,3.3407604664451793,3.3407604667389745,8.043077300189617,0.7293270319571796,utm,0,0.0,0.0,0,0.0
125.55,116.66,49.9001107697557,8.899854228559837,0.28793888752942165,-14.160626406294607,12.417370298106093,492807.9865339512,5527529.46547293,-10.494754610641394,12.295153899118304,0,1,0.0,0.0,7,8,7,8,WP7->WP8,1,3.338869141808087,3.3388691420581336,8.055079843044043,0.7304153938650964,utm,0,0.0,0.0,0,0.0
125.6,116.71,49.90011083852419,8.899854368811335,0.28796671384327727,-14.150550127512682,12.425019221038003,492807.9966163961,5527529.473105324,-10.48469737189589,12.302819477394223,0,1,0.0,0.0,7,8,7,8,WP7->WP8,1,3.3362032922928764,3.3362032922857714,8.067441169181999,0.7315362893839096,utm,0,0.0,0.0,0,0.0
125.65,116.76,49.90011089610848,8.899854496341538,0.28797023303873737,-14.141387801946886,12.43142415625335,492808.0057835931,5527529.479495451,-10.475551282404922,12.309239778667688,0,1,0.0,0.0,7,8,7,8,WP7->WP8,1,3.333421127102018,3.3334211272610275,8.078263866352358,0.7325176657042445,utm,0,0.0,0.0,0,0.0
125.7,116.81,49.90011093525421,8.89985457789525,0.28810684557134253,-14.135528627922723,12.435778223989447,492808.0116462274,5527529.483839947,-10.46970299660461,12.313603569753468,0,1,0.0,0.0,7,8,7,8,WP7->WP8,1,3.331810034984027,3.3318100347816384,8.085380713037123,0.7331630043570723,utm,0,0.0,0.0,0,0.0
125.75,116.86,49.900110977366964,8.899854677092813,0.28821073675539083,-14.12840184263785,12.440462304707232,492808.01877640374,5527529.488512628,-10.462588257098105,12.31829972192645,0,1,0.0,0.0,7,8,7,8,WP7->WP8,1,3.329452064721911,3.329452064612599,8.093572986168462,0.733905860110519,utm,0,0.0,0.0,0,0.0
125.8,116.91,49.900111043601214,8.899854824178723,0.2881283923723034,-14.117834549903693,12.44782935061582,492808.02934928803,5527529.495862601,-10.452039650990628,12.325684497132897,0,1,0.0,0.0,7,8,7,8,WP7->WP8,1,3.3262302374374726,3.326230237703834,8.106040055779422,0.7350363441948072,utm,0,0.0,0.0,0,0.0
125.85,116.96,49.90011114680887,8.89985501765157,0.28810672500084733,-14.103934617469617,12.459308842748943,492808.04325896647,5527529.507318922,-10.438167800661176,12.337186592631042,0,1,0.0,0.0,7,8,7,8,WP7->WP8,1,3.3231568112829013,3.323156811308777,8.123796195428056,0.73664642851274,utm,0,0.0,0.0,0,0.0
125.9,117.01,49.900111231777,8.899855185749376,0.28807080704812277,-14.091857738543418,12.46875960453815,492808.055343614,5527529.516749764,-10.426114296657033,12.346657206304371,0,1,0.0,0.0,7,8,7,8,WP7->WP8,1,3.320145987568109,3.320145987446515,8.138826645129301,0.7380093537788358,utm,0,0.0,0.0,0,0.0
125.95,117.06,49.90011128186797,8.899855280006912,0.28807366790195393,-14.085085866330171,12.474331079579782,492808.06212020596,5527529.522309958,-10.419356064347085,12.352239701896906,0,1,0.0,0.0,7,8,7,8,WP7->WP8,1,3.3186348608563274,3.3186348608004104,8.147461137207339,0.7387923088897589,utm,0,0.0,0.0,0,0.0
126.0,117.11,49.9001113118552,8.89985535013411,0.28804243462616025,-14.080047622800297,12.477666473298546,492808.06716087874,5527529.525637282,-10.414326383615844,12.355583619326353,0,1,0.0,0.0,7,8,7,8,WP7->WP8,1,3.3169835316684235,3.316983531493141,8.153270834186142,0.7393191183304714,utm,0,0.0,0.0,0,0.0
126.05,117.16,49.900111320466436,8.89985543372669,0.28818462697252056,-14.074041967568641,12.478624276561463,492808.0731653963,5527529.526586676,-10.408325027266983,12.356552794575691,0,1,0.0,0.0,7,8,7,8,WP7->WP8,1,3.3130507458367586,3.3130507460147087,8.157906433204682,0.7397394633734633,utm,0,0.0,0.0,0,0.0
126.1,117.21,49.900111301717025,8.899855513530818,0.2882464004450355,-14.068308491254,12.476538833605051,492808.07889377733,5527529.524494406,-10.402589782548603,12.354479412548244,0,1,0.0,0.0,7,8,7,8,WP7->WP8,1,3.3073436583148594,3.3073436585876252,8.160056106903667,0.7399343906481919,utm,0,0.0,0.0,0,0.0
126.15,117.26,49.90011126411871,8.899855591688999,0.2882200017422517,-14.06269326697187,12.472356880539614,492808.0845011522,5527529.520306622,-10.396968637884129,12.350310130044818,0,1,0.0,0.0,7,8,7,8,WP7->WP8,1,3.300361704164506,3.300361703878466,8.160538287054804,0.739978113592206,utm,0,0.0,0.0,0,0.0
126.2,117.31,49.90011126164837,8.899855723815763,0.28808324886799164,-14.053200704407141,12.472082111342345,492808.0939895261,5527529.520019277,-10.387479368655477,12.350054053589702,0,1,0.0,0.0,7,8,7,8,WP7->WP8,1,3.2929813116712783,3.2929813119350952,8.16650834740487,0.7405194644002626,utm,0,0.0,0.0,0,0.0
126.25,117.36,49.90011131138264,8.899855907558017,0.2880261404602696,-14.039999860194781,12.477613911752687,492808.10719244886,5527529.525531221,-10.374294681358151,12.355609476566315,0,1,0.0,0.0,7,8,7,8,WP7->WP8,1,3.286567010813229,3.2865670106297133,8.179297226833825,0.7416791294299345,utm,0,0.0,0.0,0,0.0
126.3,117.41,49.900111365036594,8.89985610428798,0.2880481535742454,-14.025865922263865,12.483581687364614,492808.1213286722,5527529.531477719,-10.360178130562417,12.361602526158094,0,1,0.0,0.0,7,8,7,8,WP7->WP8,1,3.2797285840261714,3.2797285838390735,8.193024191592997,0.7429238577959484,utm,0,0.0,0.0,0,0.0
126.35,117.46,49.9001114200002,8.89985631720719,0.28807785976264133,-14.010568878385408,12.489695132374019,492808.1366277281,5527529.537568274,-10.344899228250142,12.367743463255465,0,1,0.0,0.0,7,8,7,8,WP7->WP8,1,3.2721025787589872,3.2721025786720594,8.207618711830847,0.744247254019886,utm,0,0.0,0.0,0,0.0
126.4,117.51,49.90011151993725,8.899856582769019,0.28795371473060005,-13.991489759336655,12.50081084333771,492808.1557140216,5527529.548654038,-10.325849569926504,12.37889206316322,0,1,0.0,0.0,7,8,7,8,WP7->WP8,1,3.264863174946295,3.2648631751695496,8.228469894290399,0.7461379894248117,utm,0,0.0,0.0,0,0.0
126.45,117.56,49.90011167448891,8.899856904212776,0.287948986464666,-13.968395839023454,12.518001182910952,492808.17882161826,5527529.565806635,-10.30279862252064,12.39612071402371,0,1,0.0,0.0,7,8,7,8,WP7->WP8,1,3.2585317955289583,3.2585317957954953,8.256542767635674,0.7486835705041999,utm,0,0.0,0.0,0,0.0
126.5,117.61,49.90011184233032,8.899857247143567,0.28796626057512803,-13.943758196522847,12.536669701253507,492808.20347429096,5527529.584434755,-10.278207469906192,12.414829973131418,0,1,0.0,0.0,7,8,7,8,WP7->WP8,1,3.2519913875828803,3.2519913874193236,8.286741843779378,0.7514219505731342,utm,0,0.0,0.0,0,0.0
126.55,117.66,49.90011201062026,8.899857588759023,0.28808020238699794,-13.919215053449179,12.555388110223808,492808.2280325687,5527529.603112873,-10.253710876510013,12.43358891736716,0,1,0.0,0.0,7,8,7,8,WP7->WP8,1,3.245555144149947,3.2455551443719792,8.316917261855671,0.7541581853850426,utm,0,0.0,0.0,0,0.0
126.6,117.71,49.90011217739309,8.899857931580865,0.2880945958557884,-13.894585238340643,12.5739377744792,492808.25267725793,5527529.621622197,-10.229127315804362,12.45217935461551,0,1,0.0,0.0,7,8,7,8,WP7->WP8,1,3.238943314707199,3.2389433148650166,8.347021074177302,0.7568879271582086,utm,0,0.0,0.0,0,0.0
126.65,117.76,49.900112345353364,8.899858280204826,0.2876905541110632,-13.869538573669796,12.592619514397054,492808.2777388053,5527529.640262987,-10.204127332544886,12.470902630127966,0,1,0.0,0.0,7,8,7,8,WP7->WP8,1,3.2321012073169624,3.232101207165321,8.377496404767532,0.7596513573202888,utm,0,0.0,0.0,0,0.0
126.7,117.81,49.90011252570639,8.899858658150768,0.2880201189037202,-13.842385290209123,12.61267966527176,492808.3049079652,5527529.660278822,-10.177024279371835,12.491007888689637,0,1,0.0,0.0,7,8,7,8,WP7->WP8,1,3.2245580915512133,3.2245580914775083,8.41038862724658,0.7626339454640771,utm,0,0.0,0.0,0,0.0
126.75,117.86,49.900112751691886,8.899859127078457,0.28800676994870916,-13.80869548145865,12.637815384121721,492808.33861780143,5527529.6853594575,-10.143397275707684,12.516199472360313,0,1,0.0,0.0,7,8,7,8,WP7->WP8,1,3.215359619614882,3.215359619724336,8.451385937403543,0.7663514835927113,utm,0,0.0,0.0,0,0.0
126.8,117.91,49.90011302466353,8.899859690960032,0.288027643082015,-13.768183771829467,12.668177238560595,492808.37915377587,5527529.71565502,-10.102961355878506,12.546628451906145,0,1,0.0,0.0,7,8,7,8,WP7->WP8,1,3.204387294002447,3.204387293748352,8.500788310010096,0.7708311727017455,utm,0,0.0,0.0,0,0.0
126.85,117.96,49.900113316095535,8.899860306361889,0.28798539479270135,-13.72397062053937,12.700592385884622,492808.42339244526,5527529.74799811,-10.058829508605413,12.579117147251964,0,1,0.0,0.0,7,8,7,8,WP7->WP8,1,3.1919433138331157,3.1919433135403175,8.55415761457389,0.7756705737223242,utm,0,0.0,0.0,0,0.0
126.9,118.01,49.9001136130882,8.899860979475337,0.28802588768432913,-13.675611217110868,12.733626029402378,492808.4717765233,5527529.780953906,-10.01055429421831,12.61223220732063,0,1,0.0,0.0,7,8,7,8,WP7->WP8,1,3.1767563387919617,3.17675633852913,8.610694852345091,0.7807972353568897,utm,0,0.0,0.0,0,0.0
126.95,118.06,49.90011391319972,8.89986170658815,0.2880997927258685,-13.623372263979329,12.767006573887096,492808.524039052,5527529.814251279,-9.958401775802486,12.645701623521745,0,1,0.0,0.0,7,8,7,8,WP7->WP8,1,3.158851928541905,3.158851928393318,8.670020387468153,0.7861767331331394,utm,0,0.0,0.0,0,0.0
127.0,118.11,49.90011422172813,8.899862492489097,0.28814915188656853,-13.566909715019714,12.801323305947518,492808.5805247265,5527529.848478824,-9.90202919987496,12.68011512234807,0,1,0.0,0.0,7,8,7,8,WP7->WP8,1,3.1383526283751393,3.138352628267854,8.732805217738939,0.7918699115279619,utm,0,0.0,0.0,0,0.0
127.05,118.16,49.900114526764504,8.89986329011157,0.2881143019357486,-13.509605040617036,12.835251627789642,492808.6378516675,5527529.882316988,-9.844814078824129,12.714142015203834,0,1,0.0,0.0,7,8,7,8,WP7->WP8,1,3.1169616395027977,3.1169616397519295,8.795843500719275,0.7975860724089027,utm,0,0.0,0.0,0,0.0
127.1,118.21,49.900114833063995,8.899864088454558,0.28811895223781503,-13.452248601262252,12.869320443462092,492808.69523053966,5527529.916295522,-9.787547489453573,12.748309448361397,0,1,0.0,0.0,7,8,7,8,WP7->WP8,1,3.095622825836648,3.095622825894116,8.859022063254708,0.8033149535047243,utm,0,0.0,0.0,0,0.0
127.15,118.26,49.90011514928038,8.899864830101007,0.28807563280484727,-13.398965488347484,12.904492286052314,492808.7485391988,5527529.951382085,-9.734354742337018,12.78357149194926,0,1,0.0,0.0,7,8,7,8,WP7->WP8,1,3.0780921882520746,3.0780921883327204,8.920386195910813,0.8088793064343733,utm,0,0.0,0.0,0,0.0
127.2,118.31,49.900115474371304,8.899865515489944,0.2881536032548904,-13.34972416028907,12.940651218610991,492808.79780901887,5527529.987460743,-9.68520408164477,12.819812314584851,0,1,0.0,0.0,7,8,7,8,WP7->WP8,1,3.0642703358785726,3.064270336012154,8.97986847168041,0.8142730170779444,utm,0,0.0,0.0,0,0.0
127.25,118.36,49.900115798524645,8.89986618995051,0.28821247395392857,-13.301267974034822,12.976705866498603,492808.84629387327,5527530.023436208,-9.636838042351883,12.855947359465063,0,1,0.0,0.0,7,8,7,8,WP7->WP8,1,3.050976257364223,3.0509762573413552,9.038760599338625,0.8196132145008385,utm,0,0.0,0.0,0,0.0
127.3,118.41,49.900116112319104,8.899866859170393,0.28766552717537003,-13.253188301253576,13.011608325594514,492808.8944008256,5527530.05826045,-9.58884610934183,12.890929941087961,0,1,0.0,0.0,7,8,7,8,WP7->WP8,1,3.0372178841446615,3.037217884264419,9.096533550243716,0.8248519276498498,utm,0,0.0,0.0,0,0.0
127.35,118.46,49.90011642495044,8.899867517048493,0.2880414686591135,-13.205923471562215,13.04638141319989,492808.94169308944,5527530.09295646,-9.541668437886983,12.925781607627869,0,1,0.0,0.0,7,8,7,8,WP7->WP8,1,3.0239934873283407,3.0239934876040513,9.153677987041261,0.830033648641321,utm,0,0.0,0.0,0,0.0
127.4,118.51,49.90011673546673,8.899868180278034,0.2876761630163375,-13.158274171087381,13.080919251290663,492808.9893693542,5527530.1274168035,-9.494105990917888,12.960398874245584,0,1,0.0,0.0,7,8,7,8,WP7->WP8,1,3.010324293982745,3.0103242942541475,9.210894196673044,0.8352218778219113,utm,0,0.0,0.0,0,0.0
127.45,118.56,49.90011703989852,8.89986887099567,0.28800606821031904,-13.108650006052308,13.114780326843771,492809.03901878337,5527530.161198015,-9.444568152364809,12.994343514554203,0,1,0.0,0.0,7,8,7,8,WP7->WP8,1,2.9947163741613436,2.9947163744127034,9.268882375866863,0.8404801073578915,utm,0,0.0,0.0,0,0.0
127.5,118.61,49.90011733841176,8.8998695868946,0.2877563834907212,-13.05721670715544,13.147983099971654,492809.0904757375,5527530.194318772,-9.393220622150693,13.027633661404252,0,1,0.0,0.0,7,8,7,8,WP7->WP8,1,2.9773074773004264,2.9773074770312817,9.32754866060625,0.8457998258845211,utm,0,0.0,0.0,0,0.0
127.55,118.66,49.90011762659,8.899870318684647,0.28799889656762473,-13.004641721107424,13.180036340367861,492809.14307238243,5527530.2262889305,-9.340729615767486,13.05977697018534,0,1,0.0,0.0,7,8,7,8,WP7->WP8,1,2.9582842278424186,2.958284227685914,9.386085948348908,0.8511078472717045,utm,0,0.0,0.0,0,0.0
127.6,118.71,49.90011790019837,8.899871074854723,0.2879332595357537,-12.950315167554978,13.210469015527089,492809.19741772336,5527530.256636833,-9.286484576936346,13.090303795412183,0,1,0.0,0.0,7,8,7,8,WP7->WP8,1,2.936877354538974,2.9368773546596283,9.444533848603129,0.8564077632150133,utm,0,0.0,0.0,0,0.0
127.65,118.76,49.90011815009567,8.899871853848907,0.2879502621629665,-12.894348830559741,13.238264376615627,492809.2533986628,5527530.284346286,-9.230595253873616,13.118197574280202,0,1,0.0,0.0,7,8,7,8,WP7->WP8,1,2.9125098797592823,2.9125098799845737,9.502048242992466,0.8616230310769547,utm,0,0.0,0.0,0,0.0
127.7,118.81,49.900118367055065,8.899872655395853,0.28804629451143565,-12.83676220490064,13.262396148643086,492809.3109943424,5527530.308391451,-9.173079124302603,13.142432406544685,0,1,0.0,0.0,7,8,7,8,WP7->WP8,1,2.8845286091453555,2.8845286093604865,9.55783785445852,0.8666818997445009,utm,0,0.0,0.0,0,0.0
127.75,118.86,49.90011855742955,8.899873449742977,0.28801173675333597,-12.779692845898973,13.28357095748797,492809.368069012,5527530.329481529,-9.1160742638167,13.163710451684892,0,1,0.0,0.0,7,8,7,8,WP7->WP8,1,2.8550151341176186,2.8550151338422056,9.611047478339588,0.8715068213023011,utm,0,0.0,0.0,0,0.0
127.8,118.91,49.90011873513342,8.89987421870831,0.2879981337583587,-12.724447025238186,13.303336449846455,492809.42331899423,5527530.349165292,-9.060889446525835,13.183576175943017,0,1,0.0,0.0,7,8,7,8,WP7->WP8,1,2.82596779191637,2.825967791913063,9.662001016032487,0.8761271663551088,utm,0,0.0,0.0,0,0.0
127.85,118.96,49.900118906532754,8.899874968503386,0.28802214782641655,-12.670578479473235,13.322400706982089,492809.4771913188,5527530.36814994,-9.007079975563101,13.20273824967444,0,1,0.0,0.0,7,8,7,8,WP7->WP8,1,2.7975089004614717,2.797508900190869,9.711526117522117,0.8806179842260198,utm,0,0.0,0.0,0,0.0
127.9,119.01,49.90011907926823,8.899875685656573,0.28802074104307346,-12.619055069277339,13.341613579661697,492809.5287196504,5527530.387286278,-8.955614984733984,13.222044287249446,0,1,0.0,0.0,7,8,7,8,WP7->WP8,1,2.7709258814218996,2.7709258816501285,9.759637566604226,0.884980615474309,utm,0,0.0,0.0,0,0.0
127.95,119.06,49.90011926500671,8.89987636115995,0.2880461573934128,-12.570523962860324,13.362272738579541,492809.5772588156,5527530.407872325,-8.90714392135851,13.24279017560184,0,1,0.0,0.0,7,8,7,8,WP7->WP8,1,2.7475543414209085,2.747554341330962,9.806898617850855,0.8892661346787641,utm,0,0.0,0.0,0,0.0
128.0,119.11,49.90011947005988,8.899876986603324,0.2880963864864707,-12.525589385296508,13.385080214927445,492809.6222057704,5527530.430610634,-8.862272141326685,13.265676478855312,0,1,0.0,0.0,7,8,7,8,WP7->WP8,1,2.728309612974331,2.728309613171122,9.853448590009057,0.8934871749304885,utm,0,0.0,0.0,0,0.0
128.05,119.16000000000001,49.900119689732236,8.899877604416556,0.2880664490653113,-12.481202990374577,13.409513742684261,492809.6666069357,5527530.454975076,-8.817951506527606,13.29018710553646,0,1,0.0,0.0,7,8,7,8,WP7->WP8,1,2.7105391307650395,2.7105391305954694,9.900875369814244,0.8977877220046523,utm,0,0.0,0.0,0,0.0
128.1,119.21,49.90011991036113,8.89987823782021,0.2880300050641065,-12.435696511510542,13.434053662130456,492809.7121278754,5527530.47944437,-8.77251144888578,13.314806273207068,0,1,0.0,0.0,7,8,7,8,WP7->WP8,1,2.691988142766927,2.6919881430194192,9.949111903141176,0.9021616955933937,utm,0,0.0,0.0,0,0.0
128.15,119.26,49.90012012556513,8.899878868266065,0.2880245459952826,-12.390402533968366,13.457990186860057,492809.7574355928,5527530.503310797,-8.72728262579767,13.338821875862777,0,1,0.0,0.0,7,8,7,8,WP7->WP8,1,2.673205633741267,2.6732056336844936,9.996752358043542,0.9064816182148279,utm,0,0.0,0.0,0,0.0
128.2,119.30999999999999,49.900120334272415,8.899879485842797,0.2881087369857812,-12.346033130152337,13.481204100531576,492809.8018181431,5527530.526456135,-8.682976588548627,13.362113344483078,0,1,0.0,0.0,7,8,7,8,WP7->WP8,1,2.6546542183565123,2.6546542184474986,10.04324281360159,0.9106972616434555,utm,0,0.0,0.0,0,0.0
128.25,119.36,49.90012052844882,8.89988008657598,0.28810082504176954,-12.302873840410353,13.502801785405087,492809.84498890676,5527530.547987511,-8.639877012756187,13.383786866441369,0,1,0.0,0.0,7,8,7,8,WP7->WP8,1,2.635968887016252,2.6359688871062725,10.087719474686589,0.914730299000901,utm,0,0.0,0.0,0,0.0
128.3,119.41000000000001,49.900120695103254,8.899880678813991,0.28802960051348847,-12.260324880758812,13.521338281857306,492809.88754549576,5527530.566459739,-8.597381527302787,13.40239923261106,0,1,0.0,0.0,7,8,7,8,WP7->WP8,1,2.6157541126606825,2.6157541129214033,10.129476502269,0.9185167264904536,utm,0,0.0,0.0,0,0.0
128.35,119.46,49.90012084815131,8.899881265168377,0.28802887513801145,-12.218198626441477,13.538361378797532,492809.92967752734,5527530.583419738,-8.555305613670498,13.419497980736196,0,1,0.0,0.0,7,8,7,8,WP7->WP8,1,2.5948749826787547,2.5948749825107535,10.169810254732246,0.9221740947928845,utm,0,0.0,0.0,0,0.0
128.4,119.51,49.90012099467837,8.899881850937557,0.28797265448149717,-12.176114415785326,13.554659163337863,492809.97176656296,5527530.599654771,-8.5132703067502,13.435871623456478,0,1,0.0,0.0,7,8,7,8,WP7->WP8,1,2.5735556557651775,2.573555655966314,10.209566380462695,0.9257790852833304,utm,0,0.0,0.0,0,0.0
128.45,119.55999999999999,49.90012112795794,8.89988242259794,0.287982965157452,-12.135043842639403,13.569483468509702,492810.0128404003,5527530.61441827,-8.472245343378745,13.450770393945277,0,1,0.0,0.0,7,8,7,8,WP7->WP8,1,2.552046267777399,2.552046267765288,10.24754489049723,0.9292228858297941,utm,0,0.0,0.0,0,0.0
128.5,119.61,49.900121238451725,8.899882988588683,0.2880553440979778,-12.094380601193086,13.581773375922811,492810.05350368365,5527530.62664893,-8.431622585107107,13.463134988211095,0,1,0.0,0.0,7,8,7,8,WP7->WP8,1,2.529196310491514,2.5291963105779254,10.283335547259753,0.9324682970690712,utm,0,0.0,0.0,0,0.0
128.55,119.66000000000001,49.9001213288279,8.899883548791147,0.2879919144719196,-12.05413321488456,13.59182565889453,492810.0937482895,5527530.636643416,-8.391411133110523,13.47326203994453,0,1,0.0,0.0,7,8,7,8,WP7->WP8,1,2.505205414495963,2.50520541461921,10.317157950620416,0.9355352317926886,utm,0,0.0,0.0,0,0.0
128.6,119.71,49.90012140203758,8.899884091469268,0.28795065837473827,-12.015144853736542,13.59996856158661,492810.13273182616,5527530.644730968,-8.3524544594693,13.481478012166917,0,1,0.0,0.0,7,8,7,8,WP7->WP8,1,2.480926899766033,2.480926899921394,10.34871232200912,0.938396506796182,utm,0,0.0,0.0,0,0.0
128.65,119.76,49.90012146482994,8.899884607848156,0.28794665806530984,-11.978045944097191,13.606952776134994,492810.1698251242,5527530.651662823,-8.315384205721784,13.488532065413892,0,1,0.0,0.0,7,8,7,8,WP7->WP8,1,2.457327653223466,2.457327653427409,10.378157846801349,0.9410665566290528,utm,0,0.0,0.0,0,0.0
128.7,119.80999999999999,49.90012152650573,8.899885092754921,0.2879343369244958,-11.943208128903413,13.613812797590105,492810.20465807256,5527530.658473552,-8.280573890253436,13.495457543991506,0,1,0.0,0.0,7,8,7,8,WP7->WP8,1,2.435362952772257,2.435362952941605,10.40603744971084,0.9435946124071124,utm,0,0.0,0.0,0,0.0
128.75,119.86,49.90012159497202,8.899885542632887,0.2877528611252531,-11.910886935311126,13.621428107282899,492810.23697642185,5527530.666042632,-8.248280659259763,13.503133083693683,0,1,0.0,0.0,7,8,7,8,WP7->WP8,1,2.4157990960199,2.4157990959576283,10.432852038574522,0.9460260952561756,utm,0,0.0,0.0,0,0.0
128.8,119.91000000000001,49.900121665097274,8.899885985296557,0.28802416579079215,-11.879084048233949,13.629227938149425,492810.26877692004,5527530.673796852,-8.216505886637606,13.510992054827511,0,1,0.0,0.0,7,8,7,8,WP7->WP8,1,2.3967485543187688,2.396748554044346,10.459469259718764,0.9484396812720182,utm,0,0.0,0.0,0,0.0
128.85,119.96,49.90012173199854,8.899886440903074,0.28800507938431247,-11.846351290512034,13.636669174734116,492810.301506435,5527530.681191378,-8.183800916944165,13.518494396470487,0,1,0.0,0.0,7,8,7,8,WP7->WP8,1,2.3767591620941806,2.376759162010231,10.486419665483378,0.9508834796731456,utm,0,0.0,0.0,0,0.0
128.9,120.01,49.90012179742548,8.899886900571428,0.28803638676340154,-11.813326712840267,13.643946425437072,492810.3345274332,5527530.688421597,-8.150803924130742,13.525833391584456,0,1,0.0,0.0,7,8,7,8,WP7->WP8,1,2.3564416466190017,2.356441646624542,10.513435604344266,0.9533332204588625,utm,0,0.0,0.0,0,0.0
128.95,120.05999999999999,49.9001218609916,8.899887378073457,0.2879551242105143,-11.77902088617697,13.65101670298101,492810.3688288877,5527530.69544321,-8.116525794554036,13.53296800237149,0,1,0.0,0.0,7,8,7,8,WP7->WP8,1,2.335017393124661,2.3350173930369467,10.541128458901241,0.9558443423425206,utm,0,0.0,0.0,0,0.0
129.0,120.11,49.90012192041145,8.899887880647317,0.28796568260284783,-11.742913789926481,13.657625803176835,492810.40493027004,5527530.702001425,-8.080446219886653,13.539645148441195,0,1,0.0,0.0,7,8,7,8,WP7->WP8,1,2.311926432429813,2.311926432732103,10.569643850296472,0.9584300499013539,utm,0,0.0,0.0,0,0.0
129.05,120.16000000000001,49.90012196993276,8.899888413862083,0.2879419523887421,-11.704605317409126,13.663133916965572,492810.44323067094,5527530.707456155,-8.042164002195932,13.545226061716676,0,1,0.0,0.0,7,8,7,8,WP7->WP8,1,2.2864487845228,2.2864487842897883,10.598756806348886,0.9610699431955171,utm,0,0.0,0.0,0,0.0
129.1,120.21,49.90012200341717,8.899888960321539,0.2879552700264566,-11.665345288722305,13.666858291170183,492810.48247986153,5527530.711126587,-8.002927120076492,13.549025814048946,0,1,0.0,0.0,7,8,7,8,WP7->WP8,1,2.2590882340646026,2.259088233792169,10.627135871068088,0.9636432889770985,utm,0,0.0,0.0,0,0.0
129.15,120.26,49.90012201521406,8.899889516053323,0.28796464167830566,-11.6254190955352,13.668170425858875,492810.5223917257,5527530.712384856,-7.963019619113766,13.55041559971869,0,1,0.0,0.0,7,8,7,8,WP7->WP8,1,2.2296522153452005,2.229652215059699,10.65411847549999,0.9660900070764422,utm,0,0.0,0.0,0,0.0
129.2,120.30999999999999,49.90012200022923,8.89989008934142,0.288008214816423,-11.584231580260935,13.666503706449394,492810.56356042397,5527530.710663778,-7.921845472767018,13.548830196261406,0,1,0.0,0.0,7,8,7,8,WP7->WP8,1,2.1973204116569622,2.197320411702627,10.679662130708484,0.9684062446983421,utm,0,0.0,0.0,0,0.0
129.25,120.36,49.90012196137596,8.899890670151413,0.2881026263302772,-11.542503659326472,13.66218216801955,492810.60526576365,5527530.706288222,-7.880125940544531,13.544592097401619,0,1,0.0,0.0,7,8,7,8,WP7->WP8,1,2.162850657167839,2.162850657342589,10.703543438852918,0.9705717446603809,utm,0,0.0,0.0,0,0.0
129.3,120.41000000000001,49.90012191358156,8.899891229172253,0.2873153738087678,-11.502341166013055,13.65686613392592,492810.6454049776,5527530.700920661,-7.839969256543554,13.539356838911772,0,1,0.0,0.0,7,8,7,8,WP7->WP8,1,2.1289212188208335,2.128921218525799,10.725651364868122,0.9725764385681488,utm,0,0.0,0.0,0,0.0
129.35,120.46,49.90012186764769,8.89989174719568,0.287979799361783,-11.465124105544822,13.651757041152546,492810.68260022183,5527530.695763892,-7.802757220866624,13.534322668798268,0,1,0.0,0.0,7,8,7,8,WP7->WP8,1,2.097361029365889,2.0973610294518172,10.74599916399155,0.9744215283749074,utm,0,0.0,0.0,0,0.0
129.4,120.51,49.90012181146151,8.89989224650691,0.2880542842035023,-11.42925141079981,13.645507612803666,492810.7184501184,5527530.689469041,-7.766886775265448,13.528145990334451,0,1,0.0,0.0,7,8,7,8,WP7->WP8,1,2.0660785234166794,2.066078523617129,10.764606825080216,0.9761088266224502,utm,0,0.0,0.0,0,0.0
129.45,120.55999999999999,49.90012174206596,8.899892739851218,0.28807543542249503,-11.39380740580309,13.637788945301455,492810.753869535,5527530.681706111,-7.731441969342995,13.520499822683632,0,1,0.0,0.0,7,8,7,8,WP7->WP8,1,2.0341649421018015,2.03416494233835,10.781820816219453,0.9776697502089263,utm,0,0.0,0.0,0,0.0
129.5,120.61,49.90012166382676,8.899893225535319,0.28809297399553685,-11.358913743437348,13.629086622879116,492810.7887375168,5527530.672960657,-7.696545357524883,13.51186931785196,0,1,0.0,0.0,7,8,7,8,WP7->WP8,1,2.0020286376255374,2.002028637746627,10.797930349171235,0.9791305241658872,utm,0,0.0,0.0,0,0.0
129.55,120.66000000000001,49.900121576862475,8.89989370548319,0.28798345951570226,-11.324432196780133,13.619413834565659,492810.82319225254,5527530.663245674,-7.662058794579934,13.502267927862704,0,1,0.0,0.0,7,8,7,8,WP7->WP8,1,1.9695733264099926,1.9695733261361859,10.813035396291092,0.9805002137476644,utm,0,0.0,0.0,0,0.0
129.6,120.71,49.90012149562707,8.899894166578713,0.28795698406417086,-11.2913050850325,13.610378253023274,492810.85629395023,5527530.654169455,-7.628927367273718,13.493300840258598,0,1,0.0,0.0,7,8,7,8,WP7->WP8,1,1.9385603058760141,1.9385603059347876,10.827742289909768,0.9818337997212775,utm,0,0.0,0.0,0,0.0
129.65,120.76,49.90012143583147,8.899894600421108,0.28806777188298816,-11.260135956748691,13.603727359857398,492810.8874416391,5527530.6474795835,-7.59775780205382,13.486713646911085,0,1,0.0,0.0,7,8,7,8,WP7->WP8,1,1.910584860315396,1.9105848602981106,10.842983921895838,0.9832158744923756,utm,0,0.0,0.0,0,0.0
129.7,120.80999999999999,49.90012140479855,8.89989501342231,0.2881580240832783,-11.230464150640877,13.600275656322077,492810.9170968826,5527530.6439896235,-7.568091218941845,13.483321431092918,0,1,0.0,0.0,7,8,7,8,WP7->WP8,1,1.8858276550579547,1.8858276548193287,10.859678054541664,0.9847296585527866,utm,0,0.0,0.0,0,0.0
129.75,120.86,49.900121398342634,8.899895417974088,0.28809605725672005,-11.2013993878667,13.599557584055967,492810.94614897924,5527530.643233011,-7.539036786707584,13.482660559006035,0,1,0.0,0.0,7,8,7,8,WP7->WP8,1,1.8633102525244492,1.863310252632036,10.878050952565792,0.9863956690465652,utm,0,0.0,0.0,0,0.0
129.8,120.91000000000001,49.900121411740955,8.899895832253485,0.2880436812423648,-11.171635750636346,13.601047840327842,492810.975902619,5527530.64468291,-7.509288086439483,13.484208500012755,0,1,0.0,0.0,7,8,7,8,WP7->WP8,1,1.8417000091941567,1.841700009488307,10.898554090865165,0.9882548446386408,utm,0,0.0,0.0,0,0.0
129.85,120.96,49.90012144182843,8.89989624847203,0.2880802510749257,-11.141732796470729,13.604394384687518,492811.0057979994,5527530.647988168,-7.479403760342393,13.487612253986299,0,1,0.0,0.0,7,8,7,8,WP7->WP8,1,1.821192295880849,1.82119229588882,10.920556185681912,0.9902499420261992,utm,0,0.0,0.0,0,0.0
129.9,121.01,49.90012148382667,8.89989667668145,0.2880569984449025,-11.110968365656992,13.609065728486668,492811.03655627905,5527530.652616543,-7.448660899826791,13.49234196357429,0,1,0.0,0.0,7,8,7,8,WP7->WP8,1,1.8008933091721822,1.8008933090261545,10.944124061215083,0.9923870206679448,utm,0,0.0,0.0,0,0.0
129.95,121.05999999999999,49.90012152015234,8.899897120507793,0.2880752894293525,-11.079081947047843,13.613106128552396,492811.0684352518,5527530.656612731,-7.416795269062277,13.496443182229996,0,1,0.0,0.0,7,8,7,8,WP7->WP8,1,1.7793324568365783,1.7793324567593853,10.96794355046504,0.9945469150403385,utm,0,0.0,0.0,0,0.0
130.0,121.11,49.900121544626664,8.899897553445411,0.28784207974164344,-11.047977821864931,13.615828337489951,492811.0995304852,5527530.659292297,-7.3857090345118195,13.4992252048105,0,1,0.0,0.0,7,8,7,8,WP7->WP8,1,1.7575071047059774,1.7575071046744781,10.990253808834206,0.9965699559625235,utm,0,0.0,0.0,0,0.0
130.05,121.16000000000001,49.90012154946129,8.89989797592115,0.2879654424702748,-11.017625323750895,13.616366079270533,492811.12987147615,5527530.659789277,-7.355369846103713,13.499822165817022,0,1,0.0,0.0,7,8,7,8,WP7->WP8,1,1.734830147654568,1.734830147459905,11.010417596442394,0.9983983600447457,utm,0,0.0,0.0,0,0.0
130.1,121.21,49.900121546696816,8.899898409980878,0.288028555360572,-10.986440581266493,13.616058594687152,492811.161043247,5527530.6594402585,-7.324197094363626,13.499575871042907,0,1,0.0,0.0,7,8,7,8,WP7->WP8,1,1.710973350711735,1.710971665730938,11.030481842254233,1.0002177379147137,utm,0,0.0,0.0,0,0.0
130.15,121.26,49.90012154084798,8.89989884531975,0.2880674569771172,-10.955163939509813,13.615408044645967,492811.192306422,5527530.658748186,-7.292931808508001,13.49898682627827,0,1,0.0,0.0,7,8,7,8,WP7->WP8,1,1.6869671037578555,1.6868201676287227,11.050345633821175,1.0020189390727074,utm,0,0.0,0.0,0,0.0
130.2,121.30999999999999,49.90012153384456,8.899899274739948,0.28806925087282786,-10.924312521181564,13.614629074739376,492811.22314437316,5527530.657928317,-7.26209132297663,13.498268582858145,0,1,0.0,0.0,7,8,7,8,WP7->WP8,1,1.663431816304637,1.6629076820693214,11.069835232392135,1.0037862093038987,utm,0,0.0,0.0,0,0.0
130.25,121.36,49.900121529667864,8.899899694830044,0.2880621639037826,-10.894131417978425,13.614164512577421,492811.25331269915,5527530.657423622,-7.231921497674193,13.497863305732608,0,1,0.0,0.0,7,8,7,8,WP7->WP8,1,1.6408443604495344,1.6397083723044374,11.089127060619731,1.0055355461928936,utm,0,0.0,0.0,0,0.0
130.3,121.41000000000001,49.900121527403115,8.899900101174987,0.28808870904463324,-10.8649378264358,13.613912611391886,492811.2824941954,5527530.657132824,-7.202739201602526,13.497668673284352,0,1,0.0,0.0,7,8,7,8,WP7->WP8,1,1.6193668723835397,1.6173966578026115,11.10793747481762,1.0072412296079354,utm,0,0.0,0.0,0,0.0
130.35,121.46,49.900121520217915,8.899900495771464,0.2880368238715002,-10.836588295967223,13.613113422458307,492811.31083123956,5527530.656296085,-7.174399553914554,13.496925318613648,0,1,0.0,0.0,7,8,7,8,WP7->WP8,1,1.5983579985193905,1.5953690717204192,11.12578330505025,1.0088594468537238,utm,0,0.0,0.0,0,0.0
130.4,121.51,49.90012150565366,8.899900875549777,0.2880772826077051,-10.809303366882611,13.611493481261004,492811.33810301457,5527530.654640343,-7.1471224707202055,13.495359455235302,0,1,0.0,0.0,7,8,7,8,WP7->WP8,1,1.5777557235749329,1.5736149341674888,11.14231354072539,1.010358369128438,utm,0,0.0,0.0,0,0.0
130.45,121.55999999999999,49.90012147495921,8.899901239243738,0.28808950761240215,-10.78317400784032,13.60807942599685,492811.36421728856,5527530.65119275,-7.120996977493633,13.49199793767184,0,1,0.0,0.0,7,8,7,8,WP7->WP8,1,1.5568941470947475,1.5515697160440993,11.156730529411305,1.011665667215429,utm,0,0.0,0.0,0,0.0
130.5,121.61,49.90012143604279,8.89990159025142,0.28809753634282903,-10.757956086344738,13.603750863936783,492811.38941927045,5527530.646832234,-7.095780763018411,13.487720495089889,0,1,0.0,0.0,7,8,7,8,WP7->WP8,1,1.5361774311243437,1.5296207262375865,11.169860488818214,1.0128562605625466,utm,0,0.0,0.0,0,0.0
130.55,121.66000000000001,49.90012139197535,8.899901933399915,0.28813137910406406,-10.733302802970702,13.598849368362101,492811.41405607626,5527530.641899768,-7.071127836767118,13.482869243249297,0,1,0.0,0.0,7,8,7,8,WP7->WP8,1,1.515582543487663,1.5077271878382503,11.182188278464436,1.0139741150724193,utm,0,0.0,0.0,0,0.0
130.6,121.71,49.90012134427598,8.899902272646012,0.2881903557974767,-10.708929885031855,13.59354390473644,492811.4384120901,5527530.63656387,-7.046754371491261,13.477613635361195,0,1,0.0,0.0,7,8,7,8,WP7->WP8,1,1.4950219371822548,1.4857834133616634,11.194027112103448,1.015047632219839,utm,0,0.0,0.0,0,0.0
130.65,121.76,49.900121297995945,8.899902607350713,0.2881895214613373,-10.684883240687437,13.588396308998105,492811.46244217275,5527530.631386213,-7.022707357129548,13.472515193745494,0,1,0.0,0.0,7,8,7,8,WP7->WP8,1,1.4749328227613503,1.4641899203281976,11.20577334821935,1.0161127528451097,utm,0,0.0,0.0,0,0.0
130.7,121.80999999999999,49.90012125511556,8.899902933103132,0.28821516284926246,-10.661479767328728,13.583626845926679,492811.4858298485,5527530.626587397,-6.999303994583897,13.467793474905193,0,1,0.0,0.0,7,8,7,8,WP7->WP8,1,1.4556923186841848,1.4433304900954929,11.217387829638852,1.0171659262693173,utm,0,0.0,0.0,0,0.0
130.75,121.86,49.90012121185121,8.899903249950361,0.28821751298914633,-10.638716081589655,13.57881467646658,492811.5085779374,5527530.621746745,-6.976540077594109,13.463027811609209,0,1,0.0,0.0,7,8,7,8,WP7->WP8,1,1.4369813081854785,1.4229286372700294,11.228553485231823,1.0181784012399713,utm,0,0.0,0.0,0,0.0
130.8,121.91000000000001,49.900121165537776,8.899903560891707,0.2882177955199492,-10.61637670027863,13.573663366206366,492811.53090143966,5527530.616567656,-6.954199629544746,13.457922314293683,0,1,0.0,0.0,7,8,7,8,WP7->WP8,1,1.4184253598001852,1.4026279445182996,11.239185680980949,1.019142503346601,utm,0,0.0,0.0,0,0.0
130.85,121.96,49.90012111590583,8.899903866267085,0.28824549799823657,-10.594437202310154,13.568142947091058,492811.5528247268,5527530.611020139,-6.93225818045903,13.452447073534131,0,1,0.0,0.0,7,8,7,8,WP7->WP8,1,1.3999754461166083,1.3823903765699925,11.249277574104491,1.0200576121021079,utm,0,0.0,0.0,0,0.0
130.9,122.01,49.90012106218199,8.899904162409669,0.2882230888072598,-10.573161028504167,13.562167397869251,492811.5740843489,5527530.605018562,-6.910978896426968,13.446515586227179,0,1,0.0,0.0,7,8,7,8,WP7->WP8,1,1.381723540225781,1.3623598053781785,11.258592437798931,1.0209022616855692,utm,0,0.0,0.0,0,0.0
130.95,122.05999999999999,49.900121004647566,8.899904451487181,0.28814161636907243,-10.552392440265372,13.555768008965714,492811.5948360238,5527530.598593991,-6.890206162992399,13.440159434452653,0,1,0.0,0.0,7,8,7,8,WP7->WP8,1,1.3635782142018715,1.34243844470676,11.267255376410303,1.0216877962601665,utm,0,0.0,0.0,0,0.0
131.0,122.11,49.90012094622497,8.89990472866231,0.2880325804082859,-10.532478971096172,13.549269831468433,492811.6147327922,5527530.592071815,-6.870288009813521,13.433702860027552,0,1,0.0,0.0,7,8,7,8,WP7->WP8,1,1.345997226425144,1.3231015223939468,11.27528679007421,1.022416065661454,utm,0,0.0,0.0,0,0.0
131.05,122.16000000000001,49.900120887155005,8.899905014896714,0.28802920402790533,-10.511914644187776,13.542699647433912,492811.63528006006,5527530.5854767915,-6.849719120597001,13.427175583317876,0,1,0.0,0.0,7,8,7,8,WP7->WP8,1,1.328053995432071,1.3032239576242097,11.283687205293836,1.0231777952421448,utm,0,0.0,0.0,0,0.0
131.1,122.21,49.90012082610918,8.899905305657665,0.2880145581445478,-10.491025110343077,13.535909695304442,492811.6561521103,5527530.578661652,-6.828824725351296,13.420429261401296,0,1,0.0,0.0,7,8,7,8,WP7->WP8,1,1.3098477581517423,1.282956630702888,11.29213256281894,1.0239436000837143,utm,0,0.0,0.0,0,0.0
131.15,122.26,49.90012076198473,8.899905596390722,0.28800182845380096,-10.47013758053434,13.528777316614935,492811.6770216999,5527530.571504228,-6.807931662828196,13.413340648636222,0,1,0.0,0.0,7,8,7,8,WP7->WP8,1,1.2914866921697326,1.2624679460742574,11.300316834113252,1.0246857302496983,utm,0,0.0,0.0,0,0.0
131.2,122.30999999999999,49.90012069541263,8.899905878959975,0.28802249436954774,-10.44983657397146,13.521372692480451,492811.697304639,5527530.5640754495,-6.787624353484716,13.405978749506176,0,1,0.0,0.0,7,8,7,8,WP7->WP8,1,1.2733749397391414,1.2422470278553133,11.307912808805018,1.0253745150854026,utm,0,0.0,0.0,0,0.0
131.25,122.36,49.90012062669725,8.899906148786581,0.2880168879135389,-10.43045105475935,13.513729678114675,492811.71667214105,5527530.5564096,-6.768231694877613,13.398376764729619,0,1,0.0,0.0,7,8,7,8,WP7->WP8,1,1.2557210714251017,1.2225654821013354,11.31473205645794,1.0259928681690873,utm,0,0.0,0.0,0,0.0
131.3,122.41000000000001,49.90012055629044,8.89990641315203,0.2880378876576689,-10.41145788885515,13.505898529937317,492811.7356471966,5527530.548556217,-6.749230862711556,13.39058595430106,0,1,0.0,0.0,7,8,7,8,WP7->WP8,1,1.2382418362976018,1.2030591431583555,11.321153201339422,1.0265751222446595,utm,0,0.0,0.0,0,0.0
131.35,122.46,49.900120485530024,8.899906673191706,0.2880485026907557,-10.392775505244018,13.498028051694792,492811.7543115426,5527530.540663934,-6.730540610151365,13.38275521993637,0,1,0.0,0.0,7,8,7,8,WP7->WP8,1,1.2210046303931175,1.183762980101898,11.32734222626156,1.0271363282369315,utm,0,0.0,0.0,0,0.0
131.4,122.51,49.90012041365397,8.89990692801092,0.28807368506527387,-10.374468182521198,13.49003348365808,492811.772600813,5527530.532648112,-6.712225024122745,13.374799710698426,0,1,0.0,0.0,7,8,7,8,WP7->WP8,1,1.2039730666107142,1.164670589217635,11.333192989841733,1.0276668614989342,utm,0,0.0,0.0,0,0.0
131.45,122.55999999999999,49.900120339407906,8.89990717647641,0.28807583467594683,-10.356617338938943,13.481775306262872,492811.79043343605,5527530.5243693935,-6.694365216593724,13.366579801775515,0,1,0.0,0.0,7,8,7,8,WP7->WP8,1,1.1870715785598376,1.1457529273510856,11.338546651136017,1.0281523187133976,utm,0,0.0,0.0,0,0.0
131.5,122.61,49.90012025341266,8.899907424798162,0.28799170514738104,-10.338776822082663,13.472210301346326,492811.80825399107,5527530.514784387,-6.676513172395062,13.35705357324332,0,1,0.0,0.0,7,8,7,8,WP7->WP8,1,1.169175669712393,1.1259925116245153,11.342902164263954,1.0285472662370494,utm,0,0.0,0.0,0,0.0
131.55,122.66000000000001,49.90012016061194,8.899907666859699,0.2879455510688861,-10.32138606638611,13.461888343378769,492811.82562395494,5527530.504443331,-6.659109225380234,13.346769812516868,0,1,0.0,0.0,7,8,7,8,WP7->WP8,1,1.150971603900193,1.1060806202884401,11.34639067115105,1.0288635957063519,utm,0,0.0,0.0,0,0.0
131.6,122.71,49.900120059818626,8.899907899004168,0.2879310531818558,-10.304707796076093,13.450677392074137,492811.84228053305,5527530.493214589,-6.6424157350556925,13.335596021264791,0,1,0.0,0.0,8,0,,,completed_or_unknown,0,,,,,,0,0.0,0.0,0,0.0
131.65,122.76,49.90011995291522,8.899908110923448,0.2879620468305637,-10.289482591456617,13.438786831846791,492811.85748372297,5527530.481308451,-6.627173392800614,13.32374004740268,0,1,0.0,0.0,8,0,,,completed_or_unknown,0,,,,,,0,0.0,0.0,0,0.0
131.7,122.80999999999999,49.90011984813511,8.899908285387191,0.2879686922001943,-10.276948355866374,13.427132440920419,492811.8699973432,5527530.469641982,-6.61462139536161,13.312114878557622,0,1,0.0,0.0,8,0,,,completed_or_unknown,0,,,,,,0,0.0,0.0,0,0.0
131.75,122.86,49.9001197423723,8.899908430141712,0.28810497100012045,-10.266548560235915,13.415368745411985,492811.88037723716,5527530.457869104,-6.604202762013301,13.300376269966364,0,1,0.0,0.0,8,0,,,completed_or_unknown,0,,,,,,0,0.0,0.0,0,0.0
131.8,122.91000000000001,49.90011962979691,8.899908560790921,0.28821311302796393,-10.257162151722858,13.402847307958847,492811.8897431401,5527530.44534014,-6.594795622571837,13.2878782376647,0,1,0.0,0.0,8,0,,,completed_or_unknown,0,,,,,,0,0.0,0.0,0,0.0
131.85,122.96,49.900119516086235,8.899908677466142,0.28824243675400846,-10.248779695418289,13.3901995951576,492811.89810532646,5527530.4326862935,-6.586391782737337,13.27525201626122,0,1,0.0,0.0,8,0,,,completed_or_unknown,0,,,,,,0,0.0,0.0,0,0.0
131.9,123.01,49.90011940208423,8.899908792620044,0.2882241349524315,-10.24050653724168,13.377519478282549,492811.90635821555,5527530.420000201,-6.578097133315168,13.26259318832308,0,1,0.0,0.0,8,0,,,completed_or_unknown,0,,,,,,0,0.0,0.0,0,0.0
131.95,123.05999999999999,49.900119290534995,8.899908898577674,0.2882477829377977,-10.232894079335349,13.365112176412495,492811.91395103483,5527530.407587696,-6.570463451673277,13.250205772928894,0,1,0.0,0.0,8,0,,,completed_or_unknown,0,,,,,,0,0.0,0.0,0,0.0
132.0,123.11,49.90011917819079,8.8999090037549,0.2882123164795278,-10.225337689130441,13.352616452648613,492811.92148769094,5527530.395086881,-6.562885641877074,13.237729861401021,0,1,0.0,0.0,8,0,,,completed_or_unknown,0,,,,,,0,0.0,0.0,0,0.0
132.05,123.16000000000001,49.900119065249676,8.899909109077866,0.28820963922627746,-10.217770828242823,13.340054335874456,492811.9290347249,5527530.382519684,-6.5552972355508246,13.225187602452934,0,1,0.0,0.0,8,0,,,completed_or_unknown,0,,,,,,0,0.0,0.0,0,0.0
132.1,123.21,49.90011893718329,8.899909243161213,0.28807827075285874,-10.208137696268215,13.32580987818062,492811.9386449506,5527530.3682680605,-6.54564009787282,13.210967725142837,0,1,0.0,0.0,8,0,,,completed_or_unknown,0,,,,,,0,0.0,0.0,0,0.0
132.15,123.26,49.90011876866418,8.899909479735387,0.28783749493679367,-10.191141176675377,13.30706598051496,492811.9556095886,5527530.349508963,-6.528613734233659,13.192264633253217,0,1,0.0,0.0,8,0,,,completed_or_unknown,0,,,,,,0,0.0,0.0,0,0.0
132.2,123.30999999999999,49.90011856799052,8.899909784615522,0.2880221011547129,-10.169237259119196,13.284745623735963,492811.97747487115,5527530.327168281,-6.506674949952867,13.169996128417552,0,1,0.0,0.0,8,0,,,completed_or_unknown,0,,,,,,0,0.0,0.0,0,0.0
132.25,123.36,49.90011834707954,8.899910084184656,0.28805594549295704,-10.147714907049492,13.260174328254115,492811.9989557356,5527530.302578073,-6.48511316877557,13.145476840436459,0,1,0.0,0.0,8,0,,,completed_or_unknown,0,,,,,,0,0.0,0.0,0,0.0
132.3,123.41000000000001,49.900118112291594,8.899910377269192,0.28812550483474697,-10.1266584367411,13.234059537850257,492812.01996884437,5527530.27644561,-6.464014058408793,13.119413765147328,0,1,0.0,0.0,8,0,,,completed_or_unknown,0,,,,,,0,0.0,0.0,0,0.0
132.35,123.46,49.90011787390337,8.899910666543809,0.28814659472371057,-10.105875687652121,13.207544297932051,492812.0407078074,5527530.249913222,-6.443187774391845,13.092949862591922,0,1,0.0,0.0,8,0,,,completed_or_unknown,0,,,,,,0,0.0,0.0,0,0.0
132.4,123.51,49.900117624607795,8.89991097701912,0.28808911261523734,-10.083569788277732,13.179815865452467,492812.06296768726,5527530.222166094,-6.420836578879971,13.065276239998639,0,1,0.0,0.0,8,0,,,completed_or_unknown,0,,,,,,0,0.0,0.0,0,0.0
132.45,123.55999999999999,49.90011734909068,8.89991137370705,0.28813396891898585,-10.055069998630792,13.14917088520339,492812.0914150676,5527530.191495311,-6.392288281931542,13.034699368290603,0,1,0.0,0.0,8,0,,,completed_or_unknown,0,,,,,,0,0.0,0.0,0,0.0
132.5,123.61,49.90011704380582,8.899911833534123,0.28801790721927967,-10.022034017875708,13.115214925195914,492812.1243923903,5527530.1575088175,-6.359199140802957,13.00082173012197,0,1,0.0,0.0,8,0,,,completed_or_unknown,0,,,,,,0,0.0,0.0,0,0.0
132.55,123.66000000000001,49.90011671668238,8.899912330068638,0.288051271495562,-9.986360814490508,13.078829921883074,492812.16000262956,5527530.121090729,-6.323469084512908,12.964521187357605,0,1,0.0,0.0,8,0,,,completed_or_unknown,0,,,,,,0,0.0,0.0,0,0.0
132.6,123.71,49.900116380346034,8.899912847517552,0.2880440187768664,-9.949185029531357,13.041420193066115,492812.1971134772,5527530.083646317,-6.286235045816284,12.927199272438884,0,1,0.0,0.0,8,0,,,completed_or_unknown,0,,,,,,0,0.0,0.0,0,0.0
132.65,123.76,49.900116027011826,8.899913396113229,0.2880247717005381,-9.909771525356273,13.002119841243703,492812.2364586182,5527530.044309052,-6.246760488313157,12.887991877272725,0,1,0.0,0.0,8,0,,,completed_or_unknown,0,,,,,,0,0.0,0.0,0,0.0
132.7,123.80999999999999,49.900115625219,8.899913998410826,0.28805605033307863,-9.866499841267993,12.957429575963863,492812.27965318714,5527529.999578878,-6.203418752236757,12.84340428840369,0,1,0.0,0.0,8,0,,,completed_or_unknown,0,,,,,,0,0.0,0.0,0,0.0
132.75,123.86,49.90011518623751,8.899914648253322,0.28818800926942073,-9.81981232439929,12.908602921712758,492812.3262566894,5527529.950709408,-6.156654460937716,12.794688656926155,0,1,0.0,0.0,8,0,,,completed_or_unknown,0,,,,,,0,0.0,0.0,0,0.0
132.8,123.91000000000001,49.900114723582874,8.899915337019904,0.28820426584371084,-9.770328331616875,12.85714317167276,492812.37565202545,5527529.89920416,-6.1070896651363,12.743346464820206,0,1,0.0,0.0,8,0,,,completed_or_unknown,0,,,,,,0,0.0,0.0,0,0.0
132.85,123.96,49.900114238884115,8.899916047111358,0.28813791118521653,-9.719312267060285,12.803231516683415,492812.4265755426,5527529.845245944,-6.055988613166846,12.689556351862848,0,1,0.0,0.0,8,0,,,completed_or_unknown,0,,,,,,0,0.0,0.0,0,0.0
132.9,124.01,49.90011374571231,8.89991674539826,0.288185188431605,-9.669144292962415,12.748377429476445,492812.4766500531,5527529.790346807,-6.005733462516218,12.634822526015341,0,1,0.0,0.0,8,0,,,completed_or_unknown,0,,,,,,0,0.0,0.0,0,0.0
132.95,124.05999999999999,49.900113243537604,8.899917420321442,0.28828603008867915,-9.620654870314754,12.692521975093976,492812.5250453515,5527529.734448944,-5.957154223811813,12.579084446653724,0,1,0.0,0.0,8,0,,,completed_or_unknown,0,,,,,,0,0.0,0.0,0,0.0
133.0,124.11,49.90011272493927,8.899918110741677,0.28813327587958754,-9.571052071878992,12.634839767671568,492812.5745511386,5527529.676723574,-5.907458480040077,12.521522529423237,0,1,0.0,0.0,8,0,,,completed_or_unknown,0,,,,,,0,0.0,0.0,0,0.0
133.05,124.16000000000001,49.900112174638835,8.89991888060412,0.28803075864940175,-9.51574179893048,12.573631426185749,492812.62975739397,5527529.615465858,-5.852050658664666,12.460447069257498,0,1,0.0,0.0,8,0,,,completed_or_unknown,0,,,,,,0,0.0,0.0,0,0.0
133.1,124.21,49.900111615218066,8.899919673644325,0.2877596367231478,-9.458766334686427,12.511408655850454,492812.6866268168,5527529.5531918965,-5.794976329954807,12.398360851220787,0,1,0.0,0.0,8,0,,,completed_or_unknown,0,,,,,,0,0.0,0.0,0,0.0
133.15,124.26,49.900111050241094,8.899920468256726,0.2881187647887668,-9.40167791698753,12.448567885298543,492812.74360832345,5527529.490300031,-5.7377878818660975,12.335657102055848,0,1,0.0,0.0,8,0,,,completed_or_unknown,0,,,,,,0,0.0,0.0,0,0.0
133.2,124.30999999999999,49.90011047462785,8.899921275311153,0.2881016522970469,-9.343695609914436,12.384544073489979,492812.801481781,5527529.426224406,-5.679703586793039,12.271772537380457,0,1,0.0,0.0,8,0,,,completed_or_unknown,0,,,,,,0,0.0,0.0,0,0.0
133.25,124.36,49.900109881393085,8.89992210915086,0.28809704570096917,-9.283788931615412,12.31856026909549,492812.8612762188,5527529.360187002,-5.619691857194994,12.205932536162436,0,1,0.0,0.0,8,0,,,completed_or_unknown,0,,,,,,0,0.0,0.0,0,0.0
133.3,124.41000000000001,49.90010928047949,8.89992296352204,0.2879645772487484,-9.222407182792836,12.251722370888904,492812.92254399415,5527529.2932938775,-5.558203978056554,12.139241673052311,0,1,0.0,0.0,8,0,,,completed_or_unknown,0,,,,,,0,0.0,0.0,0,0.0
133.35,124.46,49.90010867526207,8.89992382932455,0.28819224557125495,-9.160204157367232,12.18440577057375,492812.98463207774,5527529.225921147,-5.495894214720465,12.07207391038537,0,1,0.0,0.0,8,0,,,completed_or_unknown,0,,,,,,0,0.0,0.0,0,0.0
133.4,124.51,49.90010805430988,8.8999247019485,0.28818663983494686,-9.097511050007144,12.115339036838304,492813.0472077102,5527529.156798327,-5.433091137965675,12.003157675266266,0,1,0.0,0.0,8,0,,,completed_or_unknown,0,,,,,,0,0.0,0.0,0,0.0
133.45,124.55999999999999,49.90010737757442,8.89992561281279,0.28811692570851377,-9.032070589926265,12.040067690283545,492813.112521305,5527529.081469711,-5.3675296634901315,11.928044699132442,0,1,0.0,0.0,8,0,,,completed_or_unknown,0,,,,,,0,0.0,0.0,0,0.0
133.5,124.61,49.90010667659474,8.899926554474096,0.288106613202067,-8.964417538098393,11.962099727493205,492813.1800430016,5527529.003442604,-5.299751206708606,11.850240523926914,0,1,0.0,0.0,8,0,,,completed_or_unknown,0,,,,,,0,0.0,0.0,0,0.0
133.55,124.66000000000001,49.90010596915069,8.899927495789319,0.288084935109228,-8.89678935032927,11.883412751424546,492813.2475388857,5527528.924696806,-5.231996193993837,11.771717575378716,0,1,0.0,0.0,8,0,,,completed_or_unknown,0,,,,,,0,0.0,0.0,0,0.0
133.6,124.71,49.90010526920047,8.899928434033402,0.28818203571206413,-8.829381806626104,11.805559294254422,492813.31481532974,5527528.846784489,-5.164463366672862,11.694027381017804,0,1,0.0,0.0,8,0,,,completed_or_unknown,0,,,,,,0,0.0,0.0,0,0.0
133.65,124.76,49.900104562721765,8.899929375000767,0.28804604456951677,-8.761778610536943,11.72697969050892,492813.3822863797,5527528.768146055,-5.096733541751746,11.615611715242267,0,1,0.0,0.0,8,0,,,completed_or_unknown,0,,,,,,0,0.0,0.0,0,0.0
133.7,124.80999999999999,49.9001038370473,8.899930334308868,0.28804273778925404,-8.692857735980002,11.646264997983936,492813.45107172854,5527528.687371627,-5.027682386164088,11.535064398311079,0,1,0.0,0.0,8,0,,,completed_or_unknown,0,,,,,,0,0.0,0.0,0,0.0
133.75,124.86,49.900103082717244,8.899931339695963,0.28781055102995695,-8.620626345754376,11.562363026354355,492813.5231620065,5527528.603406776,-4.955315805855207,11.451337564736605,0,1,0.0,0.0,8,0,,,completed_or_unknown,0,,,,,,0,0.0,0.0,0,0.0
133.8,124.91000000000001,49.900102308709904,8.899932378590695,0.2881092434107413,-8.545987620824546,11.476272406784988,492813.59765573003,5527528.51725094,-4.880538573022932,11.36542768124491,0,1,0.0,0.0,8,0,,,completed_or_unknown,0,,,,,,0,0.0,0.0,0,0.0
133.85,124.96,49.90010153466441,8.899933425776043,0.2882299903890753,-8.470753261897835,11.39017754275529,492813.67274484463,5527528.431090066,-4.805165935715195,11.279514719732106,0,1,0.0,0.0,8,0,,,completed_or_unknown,0,,,,,,0,0.0,0.0,0,0.0
133.9,125.01,49.900100738023944,8.899934466880293,0.28810423363159404,-8.395955795573105,11.301569505391102,492813.7473938887,5527528.34241761,-4.7302250899374485,11.191088739782572,0,1,0.0,0.0,8,0,,,completed_or_unknown,0,,,,,,0,0.0,0.0,0,0.0
133.95,125.05999999999999,49.90009991790494,8.899935523621993,0.28814425782781583,-8.320034866662185,11.210350017641414,492813.8231624586,5527528.251133249,-4.654156117350794,11.100054558366537,0,1,0.0,0.0,8,0,,,completed_or_unknown,0,,,,,,0,0.0,0.0,0,0.0
134.0,125.11,49.90009910208522,8.899936580493419,0.2878297854900144,-8.244104617701444,11.11960872682532,492813.89894098596,5527528.160326883,-4.578078762453515,11.009498403407633,0,1,0.0,0.0,8,0,,,completed_or_unknown,0,,,,,,0,0.0,0.0,0,0.0
134.05,125.16000000000001,49.90009827482741,8.899937639420024,0.288084467571819,-8.168026715715204,11.027595209436058,492813.97486541065,5527528.068248603,-4.501851319684647,10.917670818977058,0,1,0.0,0.0,8,0,,,completed_or_unknown,0,,,,,,0,0.0,0.0,0,0.0
134.1,125.21,49.90009742881679,8.899938712986792,0.2880379499161703,-8.090897000628996,10.933495871270443,492814.0518384426,5527527.974083933,-4.4245683999033645,10.823760314844549,0,1,0.0,0.0,8,0,,,completed_or_unknown,0,,,,,,0,0.0,0.0,0,0.0
134.15,125.26,49.90009658251465,8.899939797867594,0.2880475575796666,-8.012954436023932,10.839364107805187,492814.12962395657,5527527.879885767,-4.3464728921535425,10.7298189913854,0,1,0.0,0.0,8,0,,,completed_or_unknown,0,,,,,,0,0.0,0.0,0,0.0
134.2,125.30999999999999,49.90009572699475,8.899940896244397,0.2881308755731372,-7.9340422599101785,10.74420707969949,492814.2083773257,5527527.784661453,-4.267406152968761,10.634854714386165,0,1,0.0,0.0,8,0,,,completed_or_unknown,0,,,,,,0,0.0,0.0,0,0.0
134.25,125.36,49.90009485647026,8.899941998893654,0.2881093975321411,-7.854823132054172,10.647381133894891,492814.2874352974,5527527.687768481,-4.188029314042069,10.53822279162705,0,1,0.0,0.0,8,0,,,completed_or_unknown,0,,,,,,0,0.0,0.0,0,0.0
134.3,125.41000000000001,49.900093986898696,8.899943101217168,0.288076097370918,-7.775627406993984,10.550661178611307,492814.36647002,5527527.590981489,-4.108676073374227,10.441696773283184,0,1,0.0,0.0,8,0,,,completed_or_unknown,0,,,,,,0,0.0,0.0,0,0.0
134.35,125.46,49.90009311764808,8.899944204962726,0.2880420697417594,-7.696329516172763,10.453976923066843,492814.4456069179,5527527.494230047,-4.029220775060821,10.34520663972944,0,1,0.0,0.0,8,0,,,completed_or_unknown,0,,,,,,0,0.0,0.0,0,0.0
134.4,125.51,49.90009225993934,8.899945288827189,0.2879978988323564,-7.618459969791475,10.358576435999431,492814.52331776277,5527527.398763769,-3.9511957571376115,10.24999696481973,0,1,0.0,0.0,8,0,,,completed_or_unknown,0,,,,,,0,0.0,0.0,0,0.0
134.45,125.55999999999999,49.900091419316645,8.89994634792742,0.288045830788317,-7.5423695937246675,10.26507638110534,492814.5992526931,5527527.305199537,-3.8749529119813815,10.156683473847806,0,1,0.0,0.0,8,0,,,completed_or_unknown,0,,,,,,0,0.0,0.0,0,0.0
134.5,125.61,49.90009057779735,8.899947408841026,0.28802239435638505,-7.466148936942832,10.171476599435406,492814.6753177212,5527527.211535448,-3.7985796407447197,10.063270553946495,0,1,0.0,0.0,8,0,,,completed_or_unknown,0,,,,,,0,0.0,0.0,0,0.0
134.55,125.66000000000001,49.90008974075584,8.899948468903387,0.28810676050405026,-7.389989437268912,10.078374869349151,492814.7513222845,5527527.118369292,-3.7222684748121537,9.970355364494026,0,1,0.0,0.0,8,0,,,completed_or_unknown,0,,,,,,0,0.0,0.0,0,0.0
134.6,125.71,49.90008891469079,8.899949518379888,0.2880919034321552,-7.314590471986678,9.986494019823267,492814.82656825206,5527527.026424546,-3.6467199255130254,9.878659080713987,0,1,0.0,0.0,8,0,,,completed_or_unknown,0,,,,,,0,0.0,0.0,0,0.0
134.65,125.76,49.90008809503468,8.899950550758732,0.28823627119379414,-7.240419876865885,9.89532601888444,492814.9005872975,5527526.935194004,-3.572400645178277,9.787672952748835,0,1,0.0,0.0,8,0,,,completed_or_unknown,0,,,,,,0,0.0,0.0,0,0.0
134.7,125.80999999999999,49.90008726188251,8.899951581824403,0.28811010937595277,-7.166343625729388,9.802656888383794,492814.97451003536,5527526.84246306,-3.4981727275880985,9.695186114870012,0,1,0.0,0.0,8,0,,,completed_or_unknown,0,,,,,,0,0.0,0.0,0,0.0
134.75,125.86,49.900086421180525,8.89995261815438,0.28820518992738986,-7.091889164012952,9.709148014153472,492815.048809713,5527526.748892204,-3.4235651044291444,9.601860608905554,0,1,0.0,0.0,8,0,,,completed_or_unknown,0,,,,,,0,0.0,0.0,0,0.0
134.8,125.91000000000001,49.90008557415966,8.899953655723971,0.2878034921214668,-7.0173456429791745,9.614936309224714,492815.1231974784,5527526.654618682,-3.3488670784863643,9.507832733914256,0,1,0.0,0.0,8,0,,,completed_or_unknown,0,,,,,,0,0.0,0.0,0,0.0
134.85,125.96,49.90008471095048,8.899954705704607,0.2877438349238168,-6.941910458412835,9.518924024838457,492815.1984741475,5527526.5585441105,-3.2732742186053656,9.412006746977568,0,1,0.0,0.0,8,0,,,completed_or_unknown,0,,,,,,0,0.0,0.0,0,0.0
134.9,126.01,49.90008383456001,8.899955764065696,0.28808317031120567,-6.865873185534212,9.421445622204775,492815.2743507081,5527526.461003205,-3.197076638287399,9.314716410823166,0,1,0.0,0.0,8,0,,,completed_or_unknown,0,,,,,,0,0.0,0.0,0,0.0
134.95,126.05999999999999,49.900082950053886,8.899956835704458,0.2880879215715924,-6.788881986815378,9.32306453910531,492815.3511796088,5527526.3625587085,-3.1199237454566173,9.216525627300143,0,1,0.0,0.0,8,0,,,completed_or_unknown,0,,,,,,0,0.0,0.0,0,0.0
135.0,126.11,49.90008205887513,8.899957910617944,0.2882104060805115,-6.711655517618202,9.22394127826157,492815.42824269726,5527526.263372018,-3.0425342203234322,9.11759342532605,0,1,0.0,0.0,8,0,,,completed_or_unknown,0,,,,,,0,0.0,0.0,0,0.0
135.05,126.16000000000001,49.90008116968237,8.899958979682957,0.2882622957919755,-6.634849228258982,9.125038914727428,492815.5048860726,5527526.164406698,-2.9655651355860755,9.018881210125983,0,1,0.0,0.0,8,0,,,completed_or_unknown,0,,,,,,0,0.0,0.0,0,0.0
135.1,126.21,49.900080286513614,8.899960048234508,0.28827962736466234,-6.558079828195254,9.026806583017308,492815.58149347076,5527526.066111193,-2.888634235074278,8.92083868663758,0,1,0.0,0.0,8,0,,,completed_or_unknown,0,,,,,,0,0.0,0.0,0,0.0
135.15,126.26,49.900079404345185,8.899961112522785,0.28822496736430003,-6.481616720327331,8.928685515034214,492815.6577948511,5527525.967927317,-2.812009718560148,8.822906783781946,0,1,0.0,0.0,8,0,,,completed_or_unknown,0,,,,,,0,0.0,0.0,0,0.0
135.2,126.30999999999999,49.900078514484996,8.899962177041077,0.28802221188985616,-6.405137087170949,8.829708914834647,492815.7341116109,5527525.868888229,-2.7353670044103637,8.724119723774493,0,1,0.0,0.0,8,0,,,completed_or_unknown,0,,,,,,0,0.0,0.0,0,0.0
135.25,126.36,49.900077620524144,8.899963245435968,0.288066662717474,-6.328378942277546,8.73027620955503,492815.81070616434,5527525.769392849,-2.658444994594902,8.624877289868891,0,1,0.0,0.0,8,0,,,completed_or_unknown,0,,,,,,0,0.0,0.0,0,0.0
135.3,126.41000000000001,49.900076725727665,8.89996431652923,0.2881126034674787,-6.251426934630466,8.630750559862756,492815.88749438134,5527525.669804304,-2.5813290152000263,8.525542329996824,0,1,0.0,0.0,8,0,,,completed_or_unknown,0,,,,,,0,0.0,0.0,0,0.0
135.35,126.46,49.90007583038204,8.899965385120224,0.28823250497608405,-6.174654700865246,8.531163830695313,492815.9641028181,5527525.570154944,-2.504392614646349,8.4261459633708,0,1,0.0,0.0,8,0,,,completed_or_unknown,0,,,,,,0,0.0,0.0,0,0.0
135.4,126.51,49.90007493927302,8.899966444527807,0.28829588374827686,-6.098542243265075,8.432048325773254,492816.0400523757,5527525.470977503,-2.4281166447908618,8.32721934095025,0,1,0.0,0.0,8,0,,,completed_or_unknown,0,,,,,,0,0.0,0.0,0,0.0
135.45,126.55999999999999,49.9000740535335,8.899967497806168,0.2882789588105782,-6.022870135780884,8.333530055829224,492816.1155625601,5527525.372397646,-2.352282015082892,8.228888851590455,0,1,0.0,0.0,8,0,,,completed_or_unknown,0,,,,,,0,0.0,0.0,0,0.0
135.5,126.61,49.90007317025952,8.899968553131883,0.2882811685886108,-5.947050937442648,8.235286020191312,492816.19122014515,5527525.274091719,-2.2763008881593123,8.130832777358592,0,1,0.0,0.0,8,0,,,completed_or_unknown,0,,,,,,0,0.0,0.0,0,0.0
135.55,126.66000000000001,49.90007228495567,8.899969605278573,0.288134729277412,-5.871460134117337,8.136816208838406,492816.2666491283,5527525.175560412,-2.2005476191989146,8.032550570555031,0,1,0.0,0.0,8,0,,,completed_or_unknown,0,,,,,,0,0.0,0.0,0,0.0
135.6,126.71,49.90007139015033,8.899970664459387,0.28809669236788005,-5.795363968641664,8.03728957355966,492816.34258186276,5527525.07597203,-2.124287118203938,7.9332129545509815,0,1,0.0,0.0,8,0,,,completed_or_unknown,0,,,,,,0,0.0,0.0,0,0.0
135.65,126.76,49.90007049254584,8.899971725390039,0.28810930948280655,-5.719142087206635,7.937451596255004,492816.41863984975,5527524.976072266,-2.0479003392974846,7.833564369939268,0,1,0.0,0.0,8,0,,,completed_or_unknown,0,,,,,,0,0.0,0.0,0,0.0
135.7,126.80999999999999,49.900069601809854,8.899972781317992,0.288085389363724,-5.64327962144737,7.838377584311137,492816.49433958804,5527524.876936641,-1.9718743252451532,7.7346787406131625,0,1,0.0,0.0,8,0,,,completed_or_unknown,0,,,,,,0,0.0,0.0,0,0.0
135.75,126.86,49.90006872188835,8.899973819481657,0.2881257953769898,-5.568693419539675,7.740506435727716,492816.5687651836,5527524.779005102,-1.897126414871309,7.636992991901934,0,1,0.0,0.0,8,0,,,completed_or_unknown,0,,,,,,0,0.0,0.0,0,0.0
135.8,126.91000000000001,49.90006784591888,8.899974851063144,0.28814878695035795,-5.494580110009573,7.643074860125643,492816.6427186663,5527524.681513593,-1.8228520648553967,7.539745714515448,0,1,0.0,0.0,8,0,,,completed_or_unknown,0,,,,,,0,0.0,0.0,0,0.0
135.85,126.96,49.90006697415731,8.899975882889164,0.2882859764041421,-5.420449232142809,7.546111317110251,492816.7166903376,5527524.584489906,-1.7485610679723322,7.442966317757964,0,1,0.0,0.0,8,0,,,completed_or_unknown,0,,,,,,0,0.0,0.0,0,0.0
135.9,127.01,49.9000661040499,8.899976909891933,0.28825436431644025,-5.346664877656518,7.4493317617924975,492816.79031587305,5527524.487650597,-1.6746168126701377,7.346370156854391,0,1,0.0,0.0,8,0,,,completed_or_unknown,0,,,,,,0,0.0,0.0,0,0.0
135.95,127.05999999999999,49.90006522825654,8.899977935776628,0.2878220779498792,-5.272960850516316,7.351919774102458,492816.8638602718,5527524.390179219,-1.600751610705629,7.249141662381589,0,1,0.0,0.0,8,0,,,completed_or_unknown,0,,,,,,0,0.0,0.0,0,0.0
136.0,127.11,49.90006435806022,8.899978956505558,0.28775891344278576,-5.19962723591686,7.255130330373703,492816.93703524047,5527524.293330628,-1.5272578891017474,7.152534734457731,0,1,0.0,0.0,8,0,,,completed_or_unknown,0,,,,,,0,0.0,0.0,0,0.0
136.05,127.16000000000001,49.900063506801786,8.899979958562701,0.28800014676425695,-5.127635083913194,7.160447292240252,492817.0088720995,5527524.198589393,-1.4551092144101858,7.058030742220581,0,1,0.0,0.0,8,0,,,completed_or_unknown,0,,,,,,0,0.0,0.0,0,0.0
136.1,127.21,49.90006265979336,8.899980954371314,0.28803718433838676,-5.056091853576891,7.066236971236217,492817.08026085055,5527524.104321286,-1.3834102043765597,6.963998397812247,0,1,0.0,0.0,8,0,,,completed_or_unknown,0,,,,,,0,0.0,0.0,0,0.0
136.15,127.26,49.900061811361034,8.899981949640846,0.2880685572696611,-4.984587353089266,6.9718682729247154,492817.1516106785,5527524.009894917,-1.3117495956248604,6.869807664304972,0,1,0.0,0.0,8,0,,,completed_or_unknown,0,,,,,,0,0.0,0.0,0,0.0
136.2,127.30999999999999,49.90006096367777,8.899982945095026,0.28808679313690366,-4.913069586759049,6.877582890985162,492817.2229738806,5527523.915551815,-1.2400758872972801,6.775700241327286,0,1,0.0,0.0,8,0,,,completed_or_unknown,0,,,,,,0,0.0,0.0,0,0.0
136.25,127.36,49.900060117583095,8.899983940770518,0.2881156157003655,-4.84153592035671,6.783474204252393,492817.2943532148,5527523.821385318,-1.1683866289095022,6.681769476272166,0,1,0.0,0.0,8,0,,,completed_or_unknown,0,,,,,,0,0.0,0.0,0,0.0
136.3,127.41000000000001,49.900059271008104,8.899984934543452,0.28808723436023814,-4.770138942020196,6.689312092082104,492817.365595847,5527523.727165598,-1.0968338963575661,6.5877850372344255,0,1,0.0,0.0,8,0,,,completed_or_unknown,0,,,,,,0,0.0,0.0,0,0.0
136.35,127.46,49.90005840781504,8.899985945535201,0.28799782661709167,-4.697504888989547,6.593301599864211,492817.4380725927,5527523.63109659,-1.0240409629186615,6.491955387406051,0,1,0.0,0.0,8,0,,,completed_or_unknown,0,,,,,,0,0.0,0.0,0,0.0
136.4,127.51,49.90005752406372,8.899986980484861,0.2879710888253529,-4.623149595211769,6.49500447132693,492817.5122668388,5527523.532739563,-0.949522998649627,6.39384339004755,0,1,0.0,0.0,8,0,,,completed_or_unknown,0,,,,,,0,0.0,0.0,0,0.0
136.45,127.55999999999999,49.900056642353114,8.899988016102037,0.2880388685615975,-4.5487463441884985,6.396934326254902,492817.58650932857,5527523.434609367,-0.8749575384426862,6.295958382077515,0,1,0.0,0.0,8,0,,,completed_or_unknown,0,,,,,,0,0.0,0.0,0,0.0
136.5,127.61,49.90005576139888,8.899989048043057,0.28807466041510427,-4.474607204251799,6.29894830979694,492817.6604879282,5527523.336563619,-0.8006562452064827,6.198156951926649,0,1,0.0,0.0,8,0,,,completed_or_unknown,0,,,,,,0,0.0,0.0,0,0.0
136.55,127.66000000000001,49.90005487967702,8.899990079214227,0.2881045949887971,-4.400523373691255,6.2008769124003935,492817.73441112944,5527523.238432597,-0.7264100690954365,6.100270066410303,0,1,0.0,0.0,8,0,,,completed_or_unknown,0,,,,,,0,0.0,0.0,0,0.0
136.6,127.71,49.90005399940377,8.899991111218727,0.28809841818708604,-4.326379673082763,6.102966638934919,492817.8083943944,5527523.140462558,-0.6521043600514531,6.002544360235333,0,1,0.0,0.0,8,0,,,completed_or_unknown,0,,,,,,0,0.0,0.0,0,0.0
136.65,127.76,49.90005312079934,8.899992144290339,0.2881080846741321,-4.2521593064532635,6.005241985434124,492817.8824545452,5527523.042677963,-0.577722376678139,5.905004350468516,0,1,0.0,0.0,8,0,,,completed_or_unknown,0,,,,,,0,0.0,0.0,0,0.0
136.7,127.80999999999999,49.90005224051595,8.89999317499381,0.2880530988062193,-4.178109077410432,5.907330584169054,492817.95634438004,5527522.944706923,-0.5035100939567201,5.807277335785329,0,1,0.0,0.0,8,0,,,completed_or_unknown,0,,,,,,0,0.0,0.0,0,0.0
136.75,127.86,49.900051357448156,8.899994206730153,0.28772613258455826,-4.1039846423731605,5.8091094830505074,492818.0303079804,5527522.846426208,-0.4292230255668983,5.709240889176726,0,1,0.0,0.0,8,0,,,completed_or_unknown,0,,,,,,0,0.0,0.0,0,0.0
136.8,127.91000000000001,49.900050470912284,8.899995243123104,0.28802840512576666,-4.029525656229357,5.71050263697155,492818.1046054856,5527522.747759459,-0.35460078209871426,5.610819512046874,0,1,0.0,0.0,8,0,,,completed_or_unknown,0,,,,,,0,0.0,0.0,0,0.0
136.85,127.96,49.90004958370296,8.899996281975188,0.28807191074944305,-3.9548899953573127,5.611820884905702,492818.17907949735,5527522.649017598,-0.2798017855384387,5.512323605827987,0,1,0.0,0.0,8,0,,,completed_or_unknown,0,,,,,,0,0.0,0.0,0,0.0
136.9,128.01,49.90004870206421,8.89999731126304,0.28806842833135027,-3.880941470597196,5.513758732069698,492818.2528674784,5527522.550896008,-0.20569085993338376,5.414445705711842,0,1,0.0,0.0,8,0,,,completed_or_unknown,0,,,,,,0,0.0,0.0,0,0.0
136.95,128.06,49.900047825902455,8.899998334414436,0.288077771022156,-3.80743381549903,5.416305768604419,492818.3262155824,5527522.45338395,-0.13202181761153042,5.317175884731114,0,1,0.0,0.0,8,0,,,completed_or_unknown,0,,,,,,0,0.0,0.0,0,0.0
137.0,128.11,49.900046954739715,8.899999355345258,0.2880349237984367,-3.7340856961102142,5.31940883227275,492818.3994049593,5527522.356427912,-0.05851333384634927,5.220461558550596,0,1,0.0,0.0,8,0,,,completed_or_unknown,0,,,,,,0,0.0,0.0,0,0.0
137.05,128.16000000000003,49.90004608229323,8.90000037553697,0.2880213573440853,-3.660790677612401,5.222369108305054,492818.47254106874,5527522.259329215,0.014942352951038629,5.1236043982207775,0,1,0.0,0.0,8,0,,,completed_or_unknown,0,,,,,,0,0.0,0.0,0,0.0
137.1,128.20999999999998,49.900045209514964,8.90000139599912,0.2879822787001598,-3.5874762298053455,5.125292481093151,492818.5456965531,5527522.162193606,0.08841753611341119,5.0267103891819715,0,1,0.0,0.0,8,0,,,completed_or_unknown,0,,,,,,0,0.0,0.0,0,0.0
137.15,128.26,49.90004433638839,8.90000241711761,0.28796045345863175,-3.5141146274902484,5.028177113186884,492818.618899124,5527522.065019209,0.1619399333721958,4.9297777488827705,0,1,0.0,0.0,8,0,,,completed_or_unknown,0,,,,,,0,0.0,0.0,0,0.0
137.2,128.31,49.90004346323327,8.900003438317666,0.28796134127844913,-3.4407471651917536,4.931058569187531,492818.6921075509,5527521.967841629,0.23546819720650092,4.832841943949461,0,1,0.0,0.0,8,0,,,completed_or_unknown,0,,,,,,0,0.0,0.0,0,0.0
137.25,128.36,49.90004259030898,8.900004459972644,0.2879561995492215,-3.3673470193549564,4.833965700670923,492818.7653486852,5527521.870689673,0.30902908369898796,4.735931871458888,0,1,0.0,0.0,8,0,,,completed_or_unknown,0,,,,,,0,0.0,0.0,0,0.0
137.3,128.41000000000003,49.900041732956176,8.900005463546107,0.28791766592345575,-3.2952459283494333,4.738604804038973,492818.83729359956,5527521.775270728,0.38128804648295045,4.6407505283132195,0,1,0.0,0.0,8,0,,,completed_or_unknown,0,,,,,,0,0.0,0.0,0,0.0
137.35,128.45999999999998,49.90004093323629,8.900006403089892,0.2879599452259289,-3.227745008413657,4.649654251673752,492818.9046487448,5527521.686265705,0.4489361288724467,4.5519679468125105,0,1,0.0,0.0,8,0,,,completed_or_unknown,0,,,,,,0,0.0,0.0,0,0.0
137.4,128.51,49.90004018872107,8.900007273525638,0.28799621637147704,-3.165209111121488,4.566843956090611,492818.9670490547,5527521.603405105,0.5116091548115946,4.469313427805901,0,1,0.0,0.0,8,0,,,completed_or_unknown,0,,,,,,0,0.0,0.0,0,0.0
137.45,128.56,49.90003945050452,8.9000081345558,0.2879541912392695,-3.1033489519627797,4.484734243389524,492819.0287748343,5527521.52124571,0.573605343408417,4.387357886880636,0,1,0.0,0.0,8,0,,,completed_or_unknown,0,,,,,,0,0.0,0.0,0,0.0
137.5,128.61,49.90003871155626,8.900008996937029,0.28793933140640926,-3.0413917264039845,4.402543144452809,492819.0905975346,5527521.439004833,0.6356987207545899,4.305321183986962,0,1,0.0,0.0,8,0,,,completed_or_unknown,0,,,,,,0,0.0,0.0,0,0.0
137.55,128.66000000000003,49.90003797246536,8.900009859633535,0.2879442708519322,-2.9794118498659583,4.320336180616273,492819.1524428576,5527521.356748069,0.6978147729532793,4.223268669098616,0,1,0.0,0.0,8,0,,,completed_or_unknown,0,,,,,,0,0.0,0.0,0,0.0
137.6,128.70999999999998,49.90003723333323,8.900010722234919,0.2879458203466089,-2.917438807316454,4.238124630583393,492819.2142813451,5527521.274486728,0.7599240047275089,4.141211554408073,0,1,0.0,0.0,8,0,,,completed_or_unknown,0,,,,,,0,0.0,0.0,0,0.0
137.65,128.76,49.900036506064986,8.900011571455723,0.2876780207818396,-2.856427083959476,4.157232666216326,492819.2751606615,5527521.193545729,0.8210697196773253,4.0604716129601,0,1,0.0,0.0,8,0,,,completed_or_unknown,0,,,,,,0,0.0,0.0,0,0.0
137.7,128.81,49.90003581682195,8.900012375949222,0.2879838093195279,-2.798628765076054,4.080570137117211,492819.3328335075,5527521.116836761,0.8789950356585905,3.9839531145989895,0,1,0.0,0.0,8,0,,,completed_or_unknown,0,,,,,,0,0.0,0.0,0,0.0
137.75,128.86,49.900035141996064,8.900013160649427,0.2880244104497425,-2.742252482698699,4.00551118692341,492819.3890870286,5527521.041732629,0.9354957458563149,3.9090347653254867,0,1,0.0,0.0,8,0,,,completed_or_unknown,0,,,,,,0,0.0,0.0,0,0.0
137.8,128.91000000000003,49.90003446749301,8.900013946674942,0.288073334225411,-2.6857809843012763,3.930488143774426,492819.445435777,5527520.966664263,0.9920915650436655,3.8341524954885244,0,1,0.0,0.0,8,0,,,completed_or_unknown,0,,,,,,0,0.0,0.0,0,0.0
137.85,128.95999999999998,49.90003381535972,8.9000147082754,0.288096943416756,-2.6310642884784974,3.8579532253469706,492819.500033748,5527520.894085366,1.046928412572015,3.7617539120838046,0,1,0.0,0.0,8,0,,,completed_or_unknown,0,,,,,,0,0.0,0.0,0,0.0
137.9,129.01,49.90003320491311,8.900015424213226,0.28808893724713314,-2.579628195059853,3.7900549974134234,492819.5513586202,5527520.826145683,1.0984768913476728,3.693983731791377,0,1,0.0,0.0,8,0,,,completed_or_unknown,0,,,,,,0,0.0,0.0,0,0.0
137.95,129.06,49.90003259762655,8.900016132360195,0.28780207452900114,-2.5287518308126598,3.7225082523980157,492819.6021244579,5527520.75855809,1.149465178255923,3.626563796773553,0,1,0.0,0.0,8,0,,,completed_or_unknown,0,,,,,,0,0.0,0.0,0,0.0
138.0,129.11,49.90003199018165,8.900016834509925,0.28779165708678217,-2.478306334297439,3.654943896303741,492819.65245957836,5527520.690953469,1.2000228064716794,3.5591254150494933,0,1,0.0,0.0,8,0,,,completed_or_unknown,0,,,,,,0,0.0,0.0,0,0.0
138.05,129.16000000000003,49.90003137659076,8.90001754106651,0.28807834036273755,-2.427544230091103,3.58669593870638,492819.70311026886,5527520.622665097,1.2508982561994344,3.4910043263807893,0,1,0.0,0.0,8,0,,,completed_or_unknown,0,,,,,,0,0.0,0.0,0,0.0
138.1,129.20999999999998,49.90003077682916,8.90001823235887,0.2880349752426378,-2.377878774487646,3.51998617381637,492819.75266680395,5527520.5559157645,1.300674484751653,3.4244186617434025,0,1,0.0,0.0,8,0,,,completed_or_unknown,0,,,,,,0,0.0,0.0,0,0.0
138.15,129.26,49.90003022473242,8.900018873379834,0.2879768557591566,-2.3318250349173892,3.4585780342127457,492819.7986201459,5527520.4944707565,1.346830060123466,3.3631254201754928,0,1,0.0,0.0,8,0,,,completed_or_unknown,0,,,,,,0,0.0,0.0,0,0.0
138.2,129.31,49.90002968943931,8.90001949447559,0.28795957071981004,-2.2872028091323577,3.3990389146628615,492819.8431450428,5527520.43489593,1.3915510352817364,3.303697641938925,0,1,0.0,0.0,8,0,,,completed_or_unknown,0,,,,,,0,0.0,0.0,0,0.0
138.25,129.36,49.9000291540979,8.900020115208308,0.28794937692873274,-2.242606665550584,3.3394944228530505,492819.88764386164,5527520.375315769,1.436245950171724,3.244264444336295,0,1,0.0,0.0,8,0,,,completed_or_unknown,0,,,,,,0,0.0,0.0,0,0.0
138.3,129.41000000000003,49.900028629249235,8.900020723487328,0.2879276222463196,-2.1989052499420225,3.281117009053682,492819.9312498694,5527520.316903413,1.4800442104460672,3.185996102169156,0,1,0.0,0.0,8,0,,,completed_or_unknown,0,,,,,,0,0.0,0.0,0,0.0
138.35,129.45999999999998,49.90002811805192,8.900021315731129,0.2880021026117508,-2.1563558743729354,3.2242579955740447,492819.97370632575,5527520.260010388,1.5226879188558087,3.1292432947084308,0,1,0.0,0.0,8,0,,,completed_or_unknown,0,,,,,,0,0.0,0.0,0,0.0
138.4,129.51,49.90002760706158,8.900021906731984,0.28799133563446727,-2.1138957974109713,3.1674220036397123,492820.0160735509,5527520.2031404935,1.5652423202991486,3.07251332513988,0,1,0.0,0.0,8,0,,,completed_or_unknown,0,,,,,,0,0.0,0.0,0,0.0
138.45,129.56,49.900027098559,8.900022493877147,0.2880528228471328,-2.071712730211931,3.1108627181142494,492820.0581642474,5527520.146547565,1.6075192819116637,3.016059407964349,0,1,0.0,0.0,8,0,,,completed_or_unknown,0,,,,,,0,0.0,0.0,0,0.0
138.5,129.61,49.90002659307451,8.900023078487886,0.2881241531760974,-2.029711747094013,3.054639125605071,492820.10007338156,5527520.090290438,1.6496135755442083,2.959940690547228,0,1,0.0,0.0,8,0,,,completed_or_unknown,0,,,,,,0,0.0,0.0,0,0.0
138.55,129.66000000000003,49.90002610378835,8.900023646591738,0.28814131340072013,-1.988896690639081,3.000217227617484,492820.1407994691,5527520.035835867,1.6905188889359124,2.905620622448623,0,1,0.0,0.0,8,0,,,completed_or_unknown,0,,,,,,0,0.0,0.0,0,0.0
138.6,129.70999999999998,49.900025643772686,8.900024180916377,0.28805308311950883,-1.9505084800027934,2.9490510026338885,492820.17910402804,5527519.984638905,1.7289919519098476,2.8545501651242375,0,1,0.0,0.0,8,0,,,completed_or_unknown,0,,,,,,0,0.0,0.0,0,0.0
138.65,129.76,49.90002520176934,8.90002468693304,0.2881047767559759,-1.914154037754459,2.8998882365099363,492820.2153783074,5527519.935447312,1.7654281379072927,2.805478375405073,0,1,0.0,0.0,8,0,,,completed_or_unknown,0,,,,,,0,0.0,0.0,0,0.0
138.7,129.81,49.9000247791333,8.900025169673963,0.2880138464512336,-1.8794718261327257,2.852879639779939,492820.249983901,5527519.888411259,1.8001885439734906,2.758556615561247,0,1,0.0,0.0,8,0,,,completed_or_unknown,0,,,,,,0,0.0,0.0,0,0.0
138.75,129.86,49.90002435650458,8.900025654777382,0.2879837907135379,-1.844619882504551,2.805871858122171,492820.2847591603,5527519.841375794,1.8351186129148118,2.7116360031068325,0,1,0.0,0.0,8,0,,,completed_or_unknown,0,,,,,,0,0.0,0.0,0,0.0
138.8,129.91000000000003,49.90002394776733,8.900026120607542,0.2877046661694325,-1.8111526137608287,2.760409184550198,492820.31815236167,5527519.7958866665,1.8686615356709808,2.6662571653723717,0,1,0.0,0.0,8,0,,,completed_or_unknown,0,,,,,,0,0.0,0.0,0,0.0
138.85,129.95999999999998,49.90002356017434,8.900026567934361,0.2879831528673226,-1.7790147056757983,2.7172983261898795,492820.3502198733,5527519.752750187,1.9008710230700672,2.623226593248546,0,1,0.0,0.0,8,0,,,completed_or_unknown,0,,,,,,0,0.0,0.0,0,0.0
138.9,130.01,49.900023176435,8.900027009870508,0.2879957926320242,-1.7472640870164275,2.6746160981832214,492820.3819008232,5527519.7100426825,1.9326925372588448,2.580623719841242,0,1,0.0,0.0,8,0,,,completed_or_unknown,0,,,,,,0,0.0,0.0,0,0.0
138.95,130.06,49.900022792681675,8.90002745153115,0.2879825310379191,-1.7155332617696293,2.6319323150300704,492820.41356198606,5527519.6673336495,1.9644942694576457,2.538019253872335,0,1,0.0,0.0,8,0,,,completed_or_unknown,0,,,,,,0,0.0,0.0,0,0.0
139.0,130.11,49.90002240867282,8.900027893528868,0.2879606857872519,-1.6837782195036521,2.5892201097705687,492820.44524731877,5527519.624596175,1.9963202651706524,2.4953864263370633,0,1,0.0,0.0,8,0,,,completed_or_unknown,0,,,,,,0,0.0,0.0,0,0.0
139.05,130.16000000000003,49.90002202374128,8.900028336252207,0.2879178608407192,-1.6519710455021905,2.5464052768705225,492820.4769846259,5527519.581756043,2.028198573330883,2.4526511123403907,0,1,0.0,0.0,8,0,,,completed_or_unknown,0,,,,,,0,0.0,0.0,0,0.0
139.1,130.20999999999998,49.90002164027784,8.900028774339667,0.2878184718730861,-1.6204969332676653,2.5037537371823246,492820.50838922313,5527519.539079585,2.05974363401765,2.4100783756002784,0,1,0.0,0.0,8,0,,,completed_or_unknown,0,,,,,,0,0.0,0.0,0,0.0
139.15,130.26,49.90002126824805,8.900029201461964,0.28784035673897324,-1.589810606127942,2.462373928090183,492820.53900804796,5527519.497675399,2.09049873391632,2.368775313720107,0,1,0.0,0.0,8,0,,,completed_or_unknown,0,,,,,,0,0.0,0.0,0,0.0
139.2,130.31,49.90002091314879,8.900029609687547,0.28814546222905235,-1.5604819012376832,2.4228772556499716,492820.56827230746,5527519.458155408,2.1198930668178946,2.3293519727885723,0,1,0.0,0.0,8,0,,,completed_or_unknown,0,,,,,,0,0.0,0.0,0,0.0
139.25,130.36,49.90002056268742,8.900030011962007,0.2881838682198284,-1.531580750904995,2.383896440442497,492820.5971098724,5527519.419151638,2.1488590063527226,2.290443444624543,0,1,0.0,0.0,8,0,,,completed_or_unknown,0,,,,,,0,0.0,0.0,0,0.0
139.3,130.41000000000003,49.900020213508675,8.900030419793437,0.2882659136527939,-1.5022803637588436,2.345058288346127,492820.6263467048,5527519.38028994,2.1782237429870293,2.2516783038154244,0,1,0.0,0.0,8,0,,,completed_or_unknown,0,,,,,,0,0.0,0.0,0,0.0
139.35,130.45999999999998,49.900019874439785,8.90003082080603,0.2879547997805164,-1.473469871454476,2.3073446267362274,492820.6550953393,5527519.342552938,2.2070965780876577,2.2140362430363894,0,1,0.0,0.0,8,0,,,completed_or_unknown,0,,,,,,0,0.0,0.0,0,0.0
139.4,130.51,49.90001953979212,8.90003120631622,0.2882290261240671,-1.4457731394609379,2.270122725371235,492820.6827313162,5527519.305308985,2.2348551368922926,2.1768835624679923,0,1,0.0,0.0,8,0,,,completed_or_unknown,0,,,,,,0,0.0,0.0,0,0.0
139.45,130.56,49.90001920501551,8.900031586821092,0.28806062487370815,-1.4184360112568368,2.232886482414155,492820.7100078147,5527519.268051175,2.262254264904186,2.139715841040015,0,1,0.0,0.0,8,0,,,completed_or_unknown,0,,,,,,0,0.0,0.0,0,0.0
139.5,130.61,49.90001888134259,8.90003195138146,0.288133379682281,-1.392244405731927,2.1968852698694534,492820.7361408975,5527519.23202943,2.2885059101390652,2.1037804083898664,0,1,0.0,0.0,8,0,,,completed_or_unknown,0,,,,,,0,0.0,0.0,0,0.0
139.55,130.66000000000003,49.900018571581974,8.90003230163244,0.28810748792061036,-1.3670808489602553,2.1624314839797263,492820.76124840806,5527519.197555865,2.3137268869322725,2.069389769807458,0,1,0.0,0.0,8,0,,,completed_or_unknown,0,,,,,,0,0.0,0.0,0,0.0
139.6,130.70999999999998,49.900018260193136,8.900032651556813,0.28799228237716373,-1.3419407570083126,2.12779659569145,492820.78633222205,5527519.162901301,2.338924763724208,2.0348180532455444,0,1,0.0,0.0,8,0,,,completed_or_unknown,0,,,,,,0,0.0,0.0,0,0.0
139.65,130.76,49.90001794457489,8.900033004987298,0.28804171350499796,-1.3165487707659893,2.0926912819568755,492820.8116672021,5527519.127776164,2.3643753558862954,1.9997765943408012,0,1,0.0,0.0,8,0,,,completed_or_unknown,0,,,,,,0,0.0,0.0,0,0.0
139.7,130.81,49.90001764836652,8.900033337516932,0.28803483058569396,-1.2926583927305983,2.0597448731010033,492820.83550405595,5527519.094811071,2.3883207119069993,1.966890231706202,0,1,0.0,0.0,8,0,,,completed_or_unknown,0,,,,,,0,0.0,0.0,0,0.0
139.75,130.86,49.90001737471945,8.900033646907044,0.2880015197194979,-1.2704304588164426,2.0293078926340375,492820.85768247984,5527519.064356619,2.4105993735138327,1.9365090308710933,0,1,0.0,0.0,8,0,,,completed_or_unknown,0,,,,,,0,0.0,0.0,0,0.0
139.8,130.91000000000003,49.90001708807885,8.900033967396592,0.28771886132677604,-1.2474050930473504,1.99742568014552,492820.8806560883,5527519.03245645,2.43367797951214,1.9046847419813275,0,1,0.0,0.0,8,0,,,completed_or_unknown,0,,,,,,0,0.0,0.0,0,0.0
139.85,130.95999999999998,49.90001678797832,8.900034301337586,0.28776818696312445,-1.2234133167649215,1.9640463582691448,492820.90459372307,5527518.999058482,2.4577255424228497,1.871365837752819,0,1,0.0,0.0,8,0,,,completed_or_unknown,0,,,,,,0,0.0,0.0,0,0.0
139.9,131.01,49.90001648555069,8.900034637942865,0.28808322712527057,-1.199230126652338,1.930408197895423,492820.92872235004,5527518.965401525,2.481964949925896,1.8377885753288865,0,1,0.0,0.0,8,0,,,completed_or_unknown,0,,,,,,0,0.0,0.0,0,0.0
139.95,131.06,49.90001618245326,8.900034970219748,0.2880730592783567,-1.1753579073293574,1.8966955390709257,492820.9525400317,5527518.931670513,2.505893657798879,1.8041362343356013,0,1,0.0,0.0,8,0,,,completed_or_unknown,0,,,,,,0,0.0,0.0,0,0.0
140.0,131.11,49.90001588857136,8.900035292138385,0.2880684071317792,-1.1522298695258657,1.8640078972520744,492820.97561519773,5527518.898965101,2.529076474427711,1.7715070405974984,0,1,0.0,0.0,8,0,,,completed_or_unknown,0,,,,,,0,0.0,0.0,0,0.0
140.05,131.16000000000003,49.900015607169564,8.900035602807023,0.28810201319218687,-1.1299100807516207,1.8327083814567215,492820.99788429064,5527518.867648337,2.5514486461761408,1.7402638318017125,0,1,0.0,0.0,8,0,,,completed_or_unknown,0,,,,,,0,0.0,0.0,0,0.0
140.1,131.20999999999998,49.90001533118537,8.900035902316024,0.28820375762203054,-1.1083920489153385,1.8020114502584301,492821.0193527518,5527518.8369349865,2.573018202034291,1.7096213940531015,0,1,0.0,0.0,8,0,,,completed_or_unknown,0,,,,,,0,0.0,0.0,0,0.0
140.15,131.26,49.90001506588841,8.900036187112883,0.2882827168182329,-1.0879310013907115,1.77250322903094,492821.0397662381,5527518.80741128,2.593528868514113,1.6801651176065207,0,1,0.0,0.0,8,0,,,completed_or_unknown,0,,,,,,0,0.0,0.0,0,0.0
140.2,131.31,49.90001480653419,8.90003646623841,0.28824143374330674,-1.067877407188708,1.7436560016650973,492821.0597733163,5527518.778548848,2.613630949985236,1.651368772611022,0,1,0.0,0.0,8,0,,,completed_or_unknown,0,,,,,,0,0.0,0.0,0,0.0
140.25,131.36,49.90001455338494,8.900036742191496,0.28814995921904873,-1.048051734907778,1.7154989360017405,492821.07955348474,5527518.7503766045,2.6335038485121913,1.623261864297092,0,1,0.0,0.0,8,0,,,completed_or_unknown,0,,,,,,0,0.0,0.0,0,0.0
140.3,131.41000000000003,49.900014308220854,8.900037013499881,0.2881389383003584,-1.0285597581607455,1.6882300365752536,492821.0990012765,5527518.723092617,2.653041445009876,1.5960421115159988,0,1,0.0,0.0,8,0,,,completed_or_unknown,0,,,,,,0,0.0,0.0,0,0.0
140.35,131.45999999999998,49.90001406681787,8.90003728759022,0.2881576142970204,-1.0088679138265562,1.6613794736778946,492821.1186494139,5527518.696226532,2.6727780089713633,1.5692409202456474,0,1,0.0,0.0,8,0,,,completed_or_unknown,0,,,,,,0,0.0,0.0,0,0.0
140.4,131.51,49.900013826160404,8.900037567390058,0.2882082727024842,-0.9887658741002854,1.6346118330594017,492821.1387076933,5527518.669442788,2.692924441304058,1.5425234213471413,0,1,0.0,0.0,8,0,,,completed_or_unknown,0,,,,,,0,0.0,0.0,0,0.0
140.45,131.56,49.90001358564266,8.900037851745221,0.2881836944225469,-0.9683365599740039,1.6078597332929163,492821.1590931369,5527518.642674144,2.713397986313794,1.5158221004530787,0,1,0.0,0.0,8,0,,,completed_or_unknown,0,,,,,,0,0.0,0.0,0,0.0
140.5,131.61,49.90001335540958,8.900038125003311,0.28823499893382254,-0.9487045079664408,1.5822515668817005,492821.17868316395,5527518.617050038,2.733072347473353,1.4902626890689135,0,1,0.0,0.0,8,0,,,completed_or_unknown,0,,,,,,0,0.0,0.0,0,0.0
140.55,131.66000000000003,49.90001313870573,8.900038382056948,0.28829651731260963,-0.9302366544716483,1.5581482190831761,492821.1971114663,5527518.592931702,2.7515800281544216,1.4662052113562822,0,1,0.0,0.0,8,0,,,completed_or_unknown,0,,,,,,0,0.0,0.0,0,0.0
140.6,131.70999999999998,49.9000129243757,8.900038630501527,0.2882930656029667,-0.9123873132463535,1.5343089037448747,492821.2149218567,5527518.569078118,2.7694689278141595,1.4424104485660791,0,1,0.0,0.0,8,0,,,completed_or_unknown,0,,,,,,0,0.0,0.0,0,0.0
140.65,131.76,49.90001271055039,8.900038866576336,0.28824203687760364,-0.8954266701470336,1.5105257265063545,492821.2318439798,5527518.545281835,2.786469376180321,1.4186700591817498,0,1,0.0,0.0,8,0,,,completed_or_unknown,0,,,,,,0,0.0,0.0,0,0.0
140.7,131.81,49.900012494471255,8.900039092918313,0.2881220730355038,-0.8791652761997829,1.4864918629078352,492821.24806679966,5527518.521235897,2.8027713477495126,1.3946777116507292,0,1,0.0,0.0,8,0,,,completed_or_unknown,0,,,,,,0,0.0,0.0,0,0.0
140.75,131.86,49.90001228274486,8.900039316535562,0.2880658211771496,-0.8630996385221996,1.462942143015554,492821.2640945876,5527518.497674172,2.8188766928506084,1.3711689319461584,0,1,0.0,0.0,8,0,,,completed_or_unknown,0,,,,,,0,0.0,0.0,0,0.0
140.8,131.91000000000003,49.900012073526554,8.90003953875801,0.2880430418874933,-0.8471342094066738,1.4396713893764996,492821.28002257936,5527518.474391436,2.8348813229822554,1.3479388104751706,0,1,0.0,0.0,8,0,,,completed_or_unknown,0,,,,,,0,0.0,0.0,0,0.0
140.85,131.95999999999998,49.90001186400235,8.900039761274533,0.2880317333374692,-0.8311476527263781,1.4163666128396308,492821.29597164504,5527518.451074661,2.8509071390144527,1.3246747199445963,0,1,0.0,0.0,8,0,,,completed_or_unknown,0,,,,,,0,0.0,0.0,0,0.0
140.9,132.01,49.90001165431119,8.900039983913581,0.2880249925575972,-0.8151522932450533,1.3930432658159584,492821.31192948535,5527518.427739312,2.866941790911369,1.3013920839875937,0,1,0.0,0.0,8,0,,,completed_or_unknown,0,,,,,,0,0.0,0.0,0,0.0
140.95,132.06,49.90001144451433,8.90004020665226,0.28801960624122197,-0.7991497758725589,1.3697081610923696,492821.32789446507,5527518.4043922005,2.882983620860614,1.2780977096408606,0,1,0.0,0.0,8,0,,,completed_or_unknown,0,,,,,,0,0.0,0.0,0,0.0
141.0,132.11,49.900011244698455,8.900040418967823,0.28801718292006107,-0.7838961006187584,1.3474832137535,492821.3431123837,5527518.3821558,2.8982747336267494,1.2559115793555975,0,1,0.0,0.0,8,0,,,completed_or_unknown,0,,,,,,0,0.0,0.0,0,0.0
141.05,132.16000000000003,49.90001105367272,8.900040620733563,0.28801444339318294,-0.7694003705774036,1.326235968194364,492821.357573965,5527518.360897723,2.91280628927052,1.2347012730315328,0,1,0.0,0.0,8,0,,,completed_or_unknown,0,,,,,,0,0.0,0.0,0,0.0
141.1,132.20999999999998,49.90001086453251,8.900040818118987,0.28805864708446005,-0.7552193415661891,1.3051984445404339,492821.37172125117,5527518.339849703,2.927022859279532,1.2136999880895019,0,1,0.0,0.0,8,0,,,completed_or_unknown,0,,,,,,0,0.0,0.0,0,0.0
141.15,132.26,49.900010684962815,8.900041003966765,0.288034648545071,-0.7418672272878084,1.285225421490888,492821.38504137483,5527518.319866862,2.940408761089202,1.1937611494213343,0,1,0.0,0.0,8,0,,,completed_or_unknown,0,,,,,,0,0.0,0.0,0,0.0
141.2,132.31,49.90001051688345,8.900041181216762,0.28799712587112725,-0.7291328150118218,1.2665304352342543,492821.39774574863,5527518.301162372,2.9531747038126923,1.1750986268743873,0,1,0.0,0.0,8,0,,,completed_or_unknown,0,,,,,,0,0.0,0.0,0,0.0
141.25,132.36,49.9000103432963,8.90004136387376,0.28798259291993467,-0.7160099403435748,1.2472228337564342,492821.41083761223,5527518.281844993,2.96633015392581,1.1558244954794645,0,1,0.0,0.0,8,0,,,completed_or_unknown,0,,,,,,0,0.0,0.0,0,0.0
141.3,132.41000000000003,49.90001016745911,8.90004155006755,0.2879756459342172,-0.702632966983675,1.2276649661902328,492821.424183139,5527518.262277109,2.979740091250278,1.1363006951287389,0,1,0.0,0.0,8,0,,,completed_or_unknown,0,,,,,,0,0.0,0.0,0,0.0
141.35,132.45999999999998,49.90000999134273,8.900041736359718,0.2879710140246991,-0.6892489258331843,1.2080760459286635,492821.43753568945,5527518.242678176,2.9931571545894258,1.116745869629085,0,1,0.0,0.0,8,0,,,completed_or_unknown,0,,,,,,0,0.0,0.0,0,0.0
141.4,132.51,49.90000981531065,8.900041922829592,0.28796453831109886,-0.6758521174561952,1.1884965025353689,492821.4509010145,5527518.223088599,3.0065869616228156,1.0972004421055317,0,1,0.0,0.0,8,0,,,completed_or_unknown,0,,,,,,0,0.0,0.0,0,0.0
141.45,132.56,49.90000963920359,8.900042109218345,0.28795506535952775,-0.6624611371573002,1.1689086180947572,492821.46426050295,5527518.203490691,3.020010959589854,1.0776466662064195,0,1,0.0,0.0,8,0,,,completed_or_unknown,0,,,,,,0,0.0,0.0,0,0.0
141.5,132.61,49.9000094710597,8.900042288026418,0.28793094365461924,-0.6496147860151416,1.1502064546743282,492821.4770767617,5527518.184778878,3.0328888107906096,1.0589771885424852,0,1,0.0,0.0,8,0,,,completed_or_unknown,0,,,,,,0,0.0,0.0,0,0.0
141.55,132.66000000000003,49.90000930719568,8.900042460181654,0.28788620264927484,-0.6372464036397067,1.1319803295196365,492821.48941587843,5527518.166543548,3.0452879522927105,1.040782619267702,0,1,0.0,0.0,8,0,,,completed_or_unknown,0,,,,,,0,0.0,0.0,0,0.0
141.6,132.70999999999998,49.90000914581795,8.900042620235796,0.28796147493216867,-0.6257474165536304,1.1140307459197956,492821.5008863169,5527518.148585812,3.056817505566869,1.0228627799078822,0,1,0.0,0.0,8,0,,,completed_or_unknown,0,,,,,,0,0.0,0.0,0,0.0
141.65,132.76,49.900008986728054,8.900042772029202,0.2879953625006423,-0.6148419167479512,1.0963356325395728,492821.5117638453,5527518.130883233,3.067753311130218,1.0051961420103908,0,1,0.0,0.0,8,0,,,completed_or_unknown,0,,,,,,0,0.0,0.0,0,0.0
141.7,132.81,49.900008832819374,8.900042933918224,0.28798969316072864,-0.6032111039643997,1.0792168113092704,492821.523367165,5527518.11375575,3.0794130089343525,0.9881069883704185,0,1,0.0,0.0,8,0,,,completed_or_unknown,0,,,,,,0,0.0,0.0,0,0.0
141.75,132.86,49.90000868236056,8.900043091863198,0.28797675116855315,-0.5918636486954589,1.0624817079717248,492821.53468775266,5527518.097012206,3.0907887109788135,0.971400841139257,0,1,0.0,0.0,8,0,,,completed_or_unknown,0,,,,,,0,0.0,0.0,0,0.0
141.8,132.91000000000003,49.90000853357891,8.900043247633853,0.2879666274449018,-0.5806724060070113,1.0459331514605092,492821.5458524392,5527518.080455346,3.1020078975707293,0.9548808624967933,0,1,0.0,0.0,8,0,,,completed_or_unknown,0,,,,,,0,0.0,0.0,0,0.0
141.85,132.95999999999998,49.90000838488003,8.90004340379451,0.2879621333430545,-0.5694531438252393,1.029393801303326,492821.5570451462,5527518.063907648,3.1132550743059255,0.9383701384067535,0,1,0.0,0.0,8,0,,,completed_or_unknown,0,,,,,,0,0.0,0.0,0,0.0
141.9,133.01,49.900008236366396,8.90004356020617,0.28796045582009167,-0.5582158486379549,1.0128750543608234,492821.5682559067,5527518.047380525,3.1245202366262674,0.921880048699677,0,1,0.0,0.0,8,0,,,completed_or_unknown,0,,,,,,0,0.0,0.0,0,0.0
141.95,133.06,49.90000809271939,8.900043708776355,0.2877686466012077,-0.5475419190610651,0.9968976094796826,492821.5789042492,5527518.031395237,3.13522119843401,0.9059299370273948,0,1,0.0,0.0,8,0,,,completed_or_unknown,0,,,,,,0,0.0,0.0,0,0.0
142.0,133.11,49.90000795365094,8.900043848660076,0.28813846558635386,-0.5374920629758029,0.9814294241328959,492821.5889294476,5527518.015919837,3.1452973393024877,0.8904876578599215,0,1,0.0,0.0,8,0,,,completed_or_unknown,0,,,,,,0,0.0,0.0,0,0.0
142.05,133.16000000000003,49.90000781246854,8.900043979573576,0.28819166449052563,-0.5280866665952919,0.9657261095512613,492821.5983101307,5527518.000210261,3.1547297401120886,0.8748090798035264,0,1,0.0,0.0,8,0,,,completed_or_unknown,0,,,,,,0,0.0,0.0,0,0.0
142.1,133.20999999999998,49.90000767762741,8.90004411698952,0.28811994073863473,-0.5182141063707307,0.9507281168740688,492821.6081587315,5527517.985205102,3.1646277346881106,0.8598364563658834,0,1,0.0,0.0,8,0,,,completed_or_unknown,0,,,,,,0,0.0,0.0,0,0.0
142.15,133.26,49.900007545860575,8.900044252546206,0.28807444587997144,-0.5084751233172199,0.9360720696378906,492821.6178742648,5527517.970541931,3.1743915355182253,0.8452053815126419,0,1,0.0,0.0,8,0,,,completed_or_unknown,0,,,,,,0,0.0,0.0,0,0.0
142.2,133.31,49.90000741615918,8.90004438585831,0.28803759928555345,-0.4988974007737994,0.9216457546131543,492821.6274289087,5527517.956108614,3.183993690472562,0.8308036290109158,0,1,0.0,0.0,8,0,,,completed_or_unknown,0,,,,,,0,0.0,0.0,0,0.0
142.25,133.36,49.900007288951414,8.9000445165747,0.2880245022383792,-0.4895061656263346,0.9074967997531377,492821.63679750985,5527517.941952795,3.193408889172133,0.8166787596419454,0,1,0.0,0.0,8,0,,,completed_or_unknown,0,,,,,,0,0.0,0.0,0,0.0
142.3,133.41000000000003,49.90000716350985,8.900044645455777,0.28801324244532867,-0.4802467874435428,0.8935442935734843,492821.6460345689,5527517.927993523,3.202691898739431,0.8027500035241246,0,1,0.0,0.0,8,0,,,completed_or_unknown,0,,,,,,0,0.0,0.0,0,0.0
142.35,133.45999999999998,49.90000703799486,8.90004477482078,0.2880105942126946,-0.4709526419232255,0.8795836211059243,492821.65530637064,5527517.91402604,3.2120096779544838,0.788813148625195,0,1,0.0,0.0,8,0,,,completed_or_unknown,0,,,,,,0,0.0,0.0,0,0.0
142.4,133.51,49.900006912514385,8.900044903932821,0.2880038872823422,-0.4616766701746224,0.8656267869776375,492821.6645600109,5527517.900062419,3.2213092829915695,0.7748800981789827,0,1,0.0,0.0,8,0,,,completed_or_unknown,0,,,,,,0,0.0,0.0,0,0.0
142.45,133.56,49.9000067964983,8.900045022930778,0.28800594544821806,-0.4531273384093005,0.8527226504720283,492821.67308870645,5527517.887152042,3.229880476486869,0.7619978971779346,0,1,0.0,0.0,8,0,,,completed_or_unknown,0,,,,,,0,0.0,0.0,0,0.0
142.5,133.61,49.90000668670973,8.900045135714697,0.287985621241356,-0.4450244501625606,0.8405111817329983,492821.68117206125,5527517.874934654,3.23800404794747,0.7498072125017643,0,1,0.0,0.0,8,0,,,completed_or_unknown,0,,,,,,0,0.0,0.0,0,0.0
142.55,133.66000000000003,49.90000657935379,8.900045247235626,0.2879805122937458,-0.43701230060075047,0.8285702886729198,492821.68916507467,5527517.862987854,3.2460363869322464,0.7378868171945214,0,1,0.0,0.0,8,0,,,completed_or_unknown,0,,,,,,0,0.0,0.0,0,0.0
142.6,133.70999999999998,49.900006473480744,8.90004535753582,0.28797217931125674,-0.42908785399799326,0.8167943324121794,492821.6970706402,5527517.851206039,3.2539807347930036,0.7261311179026961,0,1,0.0,0.0,8,0,,,completed_or_unknown,0,,,,,,0,0.0,0.0,0,0.0
142.65,133.76,49.90000636945801,8.90004546610467,0.28797543652351526,-0.4212877946901075,0.8052241818892937,492821.7048521429,5527517.839630116,3.261800341948401,0.7145809000357985,0,1,0.0,0.0,8,0,,,completed_or_unknown,0,,,,,,0,0.0,0.0,0,0.0
142.7,133.81,49.900006266759476,8.900045572982881,0.28797134519578105,-0.4136091982369173,0.7938013174653121,492821.7125124278,5527517.828201581,3.2694982463144697,0.7031776709482074,0,1,0.0,0.0,8,0,,,completed_or_unknown,0,,,,,,0,0.0,0.0,0,0.0
142.75,133.86,49.900006165737615,8.9000456776336,0.28797355457061846,-0.4060906345777148,0.782564945388006,492821.72001299285,5527517.816959678,3.2770358166308142,0.6919605461880565,0,1,0.0,0.0,8,0,,,completed_or_unknown,0,,,,,,0,0.0,0.0,0,0.0
142.8,133.91000000000003,49.90000606608513,8.900045780953196,0.2879711380739552,-0.3986677045152009,0.7714808849808225,492821.72741816577,5527517.805870151,3.284477493260056,0.6808954821899533,0,1,0.0,0.0,8,0,,,completed_or_unknown,0,,,,,,0,0.0,0.0,0,0.0
142.85,133.95999999999998,49.9000059663222,8.90004588464184,0.2879657991493745,-0.3912182605068535,0.7603845397653798,492821.7348498257,5527517.794768311,3.291945697274059,0.6698181927204132,0,1,0.0,0.0,8,0,,,completed_or_unknown,0,,,,,,0,0.0,0.0,0,0.0
142.9,134.01,49.90000586642674,8.900045988448666,0.28796251669030837,-0.3837603257313513,0.7492734539120711,492821.7422899534,5527517.783651724,3.2994224177091382,0.6587261827662587,0,1,0.0,0.0,8,0,,,completed_or_unknown,0,,,,,,0,0.0,0.0,0,0.0
142.95,134.06,49.900005770488924,8.900046088013243,0.287971774295654,-0.376607172626937,0.7386025657873135,492821.74942600855,5527517.772975566,3.3065936157945544,0.648073598742485,0,1,0.0,0.0,8,0,,,completed_or_unknown,0,,,,,,0,0.0,0.0,0,0.0
143.0,134.11,49.90000567673663,8.900046185498006,0.28796690445202827,-0.3696034423990556,0.7281747665871415,492821.75641302497,5527517.762542599,3.313614974555094,0.6376637127250433,0,1,0.0,0.0,8,0,,,completed_or_unknown,0,,,,,,0,0.0,0.0,0,0.0
143.05,134.16000000000003,49.90000558772182,8.900046280786484,0.28750765884752205,-0.3627575029156307,0.7182739038002928,492821.7632430168,5527517.752636566,3.3204775732010603,0.6277802409604192,0,1,0.0,0.0,8,0,,,completed_or_unknown,0,,,,,,0,0.0,0.0,0,0.0
143.1,134.20999999999998,49.900005509674095,8.900046376993842,0.28811111135429823,-0.35584554701885096,0.709592879385107,492821.77014062565,5527517.743949796,3.3274037705850787,0.619116248562932,0,1,0.0,0.0,8,0,,,completed_or_unknown,0,,,,,,0,0.0,0.0,0,0.0
143.15,134.26,49.90000543390716,8.900046474679606,0.28815799143136633,-0.3488273760674593,0.7011655398334855,492821.7771447454,5527517.735516469,3.334435643046163,0.6107060480862856,0,1,0.0,0.0,8,0,,,completed_or_unknown,0,,,,,,0,0.0,0.0,0,0.0
143.2,134.31,49.90000535053406,8.900046558052805,0.28808530838102797,-0.34283748205604103,0.6918921885618442,492821.7831198717,5527517.726238839,3.340441309963353,0.6014481587335467,0,1,0.0,0.0,8,0,,,completed_or_unknown,0,,,,,,0,0.0,0.0,0,0.0
143.25,134.36,49.90000526852096,8.900046644397822,0.2880053738900623,-0.3366340797913618,0.6827701060640877,492821.78930862236,5527517.717112134,3.3466601027175784,0.5923418970778584,0,1,0.0,0.0,8,0,,,completed_or_unknown,0,,,,,,0,0.0,0.0,0,0.0
143.3,134.41000000000003,49.90000519744013,8.900046735489836,0.28771611331625585,-0.33008963254216944,0.6748639896373779,492821.7958399034,5527517.709200453,3.3532174201100133,0.5844517815858126,0,1,0.0,0.0,8,0,,,completed_or_unknown,0,,,,,,0,0.0,0.0,0,0.0
143.35,134.45999999999998,49.90000512800261,8.900046830735377,0.288030512432098,-0.32324677779116845,0.6671406531580499,492821.8026697164,5527517.70147108,3.360072667011991,0.5767449587583542,0,1,0.0,0.0,8,0,,,completed_or_unknown,0,,,,,,0,0.0,0.0,0,0.0
143.4,134.51,49.900005055539495,8.900046934996203,0.28806544503137455,-0.315756225712775,0.6590807880718971,492821.8101465185,5527517.693404449,3.36757601093268,0.5687030097469687,0,1,0.0,0.0,8,0,,,completed_or_unknown,0,,,,,,0,0.0,0.0,0,0.0
143.45,134.56,49.90000498292771,8.900047039649426,0.288054890241427,-0.30823748210765733,0.6510043873494014,492821.8176514788,5527517.685321251,3.37510756746633,0.5606445875018835,0,1,0.0,0.0,8,0,,,completed_or_unknown,0,,,,,,0,0.0,0.0,0,0.0
143.5,134.61,49.900004911976296,8.900047141391422,0.28773930124240243,-0.30092789372372697,0.6431126648718489,492821.8249476141,5527517.677422938,3.382429690856952,0.5527703603729606,0,1,0.0,0.0,8,0,,,completed_or_unknown,0,,,,,,0,0.0,0.0,0,0.0
143.55,134.66000000000003,49.9000048427213,8.900047229545924,0.2880801019099809,-0.29459449010686256,0.6354096302002836,492821.83126820705,5527517.669714539,3.3887756514013745,0.5450828317552805,0,1,0.0,0.0,8,0,,,completed_or_unknown,0,,,,,,0,0.0,0.0,0,0.0
143.6,134.70999999999998,49.90000477015023,8.900047301495967,0.28803977428785144,-0.2894252855132537,0.6273377576568386,492821.8364245751,5527517.661639001,3.3939586032065563,0.5370243294164538,0,1,0.0,0.0,8,0,,,completed_or_unknown,0,,,,,,0,0.0,0.0,0,0.0
143.65,134.76,49.90000469514196,8.900047374341097,0.28809755465957304,-0.2841917738648639,0.6189948021368831,492821.84164486296,5527517.6532924045,3.3992063676705584,0.5286949807778001,0,1,0.0,0.0,8,0,,,completed_or_unknown,0,,,,,,0,0.0,0.0,0,0.0
143.7,134.81,49.90000462774657,8.900047452090545,0.2879804887935749,-0.2786059147141643,0.6114986061940184,492821.84721848666,5527517.645791759,3.404804678342771,0.5212127426639199,0,1,0.0,0.0,8,0,,,completed_or_unknown,0,,,,,,0,0.0,0.0,0,0.0
143.75,134.86,49.90000456090959,8.900047535457572,0.2880348367584001,-0.27261646418647334,0.6040645205945862,492821.8531956231,5527517.638352659,3.410806296800729,0.5137933790683746,0,1,0.0,0.0,8,0,,,completed_or_unknown,0,,,,,,0,0.0,0.0,0,0.0
143.8,134.91000000000003,49.90000449186579,8.90004762180471,0.28806893810782386,-0.2664129095420616,0.5963849765593744,492821.85938645055,5527517.630667914,3.4170224145636894,0.5061290776357055,0,1,0.0,0.0,8,0,,,completed_or_unknown,0,,,,,,0,0.0,0.0,0,0.0
143.85,134.95999999999998,49.90000442035805,8.900047712440205,0.2879997209943901,-0.25990126056264545,0.5884313751000381,492821.8658848834,5527517.622708811,3.423547040205449,0.49819143395870924,0,1,0.0,0.0,8,0,,,completed_or_unknown,0,,,,,,0,0.0,0.0,0,0.0
143.9,135.01,49.900004340866786,8.900047804288686,0.28776703760089983,-0.25330246543554397,0.5795897892385219,492821.87246924307,5527517.613861961,3.430160517571494,0.48936632834374905,0,1,0.0,0.0,8,0,,,completed_or_unknown,0,,,,,,0,0.0,0.0,0,0.0
143.95,135.06,49.900004259139024,8.900047890699907,0.2879706913443418,-0.24709430672812588,0.5704994443232151,492821.8786627909,5527517.604766974,3.4363840030273423,0.4802918005734682,0,1,0.0,0.0,8,0,,,completed_or_unknown,0,,,,,,0,0.0,0.0,0,0.0
144.0,135.11,49.90000417598104,8.900047972677696,0.2879354352081702,-0.2412046651804636,0.5612500202326889,492821.8845377369,5527517.595513397,3.4422894108574837,0.47105763386934996,0,1,0.0,0.0,8,0,,,completed_or_unknown,0,,,,,,0,0.0,0.0,0,0.0
144.05,135.16000000000003,49.90000410093846,8.900048042554893,0.28794692093438234,-0.2361843828053555,0.5529032490143551,492821.88954487594,5527517.5871632695,3.4473240393563174,0.4627240523695946,0,1,0.0,0.0,8,0,,,completed_or_unknown,0,,,,,,0,0.0,0.0,0,0.0
144.1,135.20999999999998,49.90000403202049,8.900048098291284,0.2879664484925403,-0.2321800375471764,0.54523770059005,492821.89353739325,5527517.579495449,3.451341803127434,0.4550694301724434,0,1,0.0,0.0,8,0,,,completed_or_unknown,0,,,,,,0,0.0,0.0,0,0.0
144.15,135.26,49.90000396392397,8.900048141068636,0.2879847763774368,-0.22910672620112094,0.5376635194985404,492821.89659937116,5527517.571920198,3.4544287275639363,0.4475043108686805,0,1,0.0,0.0,8,0,,,completed_or_unknown,0,,,,,,0,0.0,0.0,0,0.0
144.2,135.31,49.900003892154274,8.900048170853694,0.288004585102595,-0.2269668378363619,0.5296807820371248,492821.8987277549,5527517.563937803,3.456583404506091,0.4395289719104767,0,1,0.0,0.0,8,0,,,completed_or_unknown,0,,,,,,0,0.0,0.0,0,0.0
144.25,135.36,49.90000381952673,8.900048188286096,0.2881025016237115,-0.22571441809477805,0.5216026280603028,492821.8999688981,5527517.555861211,3.4578511561849155,0.431456514634192,0,1,0.0,0.0,8,0,,,completed_or_unknown,0,,,,,,0,0.0,0.0,0,0.0
144.3,135.41000000000003,49.900003746141124,8.90004819357123,0.2882010821114056,-0.22533471102845426,0.5134401572669728,492821.9003375655,5527517.547701501,3.458246710768435,0.4232980636879802,0,1,0.0,0.0,8,0,,,completed_or_unknown,0,,,,,,0,0.0,0.0,0,0.0
144.35,135.45999999999998,49.90000367054143,8.900048188741046,0.28822638279808255,-0.22568173251453602,0.505031420040914,492821.89997946686,5527517.539296592,3.4579163111629896,0.41489201970398426,0,1,0.0,0.0,8,0,,,completed_or_unknown,0,,,,,,0,0.0,0.0,0,0.0
144.4,135.51,49.9000035951354,8.900048178587236,0.2882530493668976,-0.2264112264910818,0.49664422350410486,492821.8992390776,5527517.530913725,3.4572035504388623,0.40650675911456347,0,1,0.0,0.0,8,0,,,completed_or_unknown,0,,,,,,0,0.0,0.0,0,0.0
144.45,135.56,49.900003522579,8.900048169424146,0.2882683100163964,-0.22706954279703534,0.4885739825201741,492821.8985702602,5527517.522847593,3.4565613174345344,0.39843846671283245,0,1,0.0,0.0,8,0,,,completed_or_unknown,0,,,,,,0,0.0,0.0,0,0.0
144.5,135.61,49.900003452861846,8.900048166726013,0.2882606100245217,-0.2272633884494705,0.48081954311099157,492821.8983661488,5527517.515096516,3.4563827496604063,0.39068675972521305,0,1,0.0,0.0,8,0,,,completed_or_unknown,0,,,,,,0,0.0,0.0,0,0.0
144.55,135.66000000000003,49.900003383901264,8.900048164329503,0.28826971764549425,-0.22743556414696559,0.4731492549567706,492821.89818381093,5527517.507429528,3.456225678208284,0.38301921263337135,0,1,0.0,0.0,8,0,,,completed_or_unknown,0,,,,,,0,0.0,0.0,0,0.0
144.6,135.70999999999998,49.900003314976196,8.900048160958761,0.28825004204722293,-0.22767773293492144,0.4654829169312435,492821.8979315132,5527517.499766581,3.455998633929994,0.37535547465085983,0,1,0.0,0.0,8,0,,,completed_or_unknown,0,,,,,,0,0.0,0.0,0,0.0
144.65,135.76,49.90000324551861,8.90004816412036,0.28819573730544734,-0.22745058988613237,0.4577573489086771,492821.89814826054,5527517.4920438025,3.4562408293713816,0.3676334526389837,0,1,0.0,0.0,8,0,,,completed_or_unknown,0,,,,,,0,0.0,0.0,0,0.0
144.7,135.81,49.90000318051408,8.900048197361173,0.28805309366212994,-0.22506242503723836,0.4505270808934851,492821.90052582504,5527517.484813243,3.458642208192032,0.36041076853871346,0,1,0.0,0.0,8,0,,,completed_or_unknown,0,,,,,,0,0.0,0.0,0,0.0
144.75,135.86,49.90000311786064,8.900048240285644,0.2879801753016768,-0.2219785439744113,0.44355831875611146,492821.9035991762,5527517.477843156,3.4617385115707293,0.35345084592700005,0,1,0.0,0.0,8,0,,,completed_or_unknown,0,,,,,,0,0.0,0.0,0,0.0
144.8,135.91000000000003,49.90000305390296,8.900048288283855,0.28797665270301703,-0.2185301432805086,0.43644448862004054,492821.9070367075,5527517.470727574,3.4651994725572877,0.34634663071483374,0,1,0.0,0.0,8,0,,,completed_or_unknown,0,,,,,,0,0.0,0.0,0,0.0
144.85,135.95999999999998,49.900002988891245,8.90004833290239,0.288046696175396,-0.21532455330928071,0.4292134218057629,492821.91023136885,5527517.463495126,3.4684179500327446,0.3391247494146228,0,1,0.0,0.0,8,0,,,completed_or_unknown,0,,,,,,0,0.0,0.0,0,0.0
144.9,136.01,49.900002920704814,8.900048380500447,0.288068092866314,-0.21190490146395471,0.4216292405138311,492821.9136395354,5527517.455909419,3.471851095673628,0.33155031502246857,0,1,0.0,0.0,8,0,,,completed_or_unknown,0,,,,,,0,0.0,0.0,0,0.0
144.95,136.06,49.90000285201297,8.900048426566197,0.28802860553694604,-0.20859533721143414,0.4139888432940407,492821.9169375836,5527517.448267665,3.475174308230635,0.3239194704219699,0,1,0.0,0.0,8,0,,,completed_or_unknown,0,,,,,,0,0.0,0.0,0,0.0
145.0,136.11,49.9000028009591,8.900048456646589,0.2878940077879366,-0.20643423079846265,0.40831026761999467,492821.9190902504,5527517.442588479,3.4773456782568246,0.3182474095374346,0,1,0.0,0.0,8,0,,,completed_or_unknown,0,,,,,,0,0.0,0.0,0,0.0
145.05,136.16000000000003,49.90000279027784,8.900048460227792,0.28794866093860483,-0.20617694157639738,0.4071222213104356,492821.91934585193,5527517.441400565,3.4776051929802634,0.3170603448525071,0,1,0.0,0.0,8,0,,,completed_or_unknown,0,,,,,,0,0.0,0.0,0,0.0
145.1,136.20999999999998,49.90000279007733,8.90004846079561,0.287951196720192,-0.2061361470716803,0.40709991932108286,492821.91938660026,5527517.441378219,3.477646014711354,0.31703813280910254,0,1,0.0,0.0,8,0,,,completed_or_unknown,0,,,,,,0,0.0,0.0,0,0.0
145.15,136.26,49.900002789853175,8.900048460945857,0.2879543473358678,-0.2061253526139465,0.40707498745024084,492821.91939735715,5527517.441353282,3.4776568537345156,0.31701323110610247,0,1,0.0,0.0,8,0,,,completed_or_unknown,0,,,,,,0,0.0,0.0,0,0.0
145.2,136.31,49.90000278960868,8.900048461110963,0.2879539792762737,-0.2061134907323579,0.40704779290492943,492821.919409178,5527517.441326083,3.4776687641860917,0.31698607094585896,0,1,0.0,0.0,8,0,,,completed_or_unknown,0,,,,,,0,0.0,0.0,0,0.0
145.25,136.36,49.90000278936941,8.900048461274654,0.28795255734989345,-0.20610173043725766,0.40702117994761483,492821.9194208982,5527517.441299465,3.4776805720175616,0.31695949099957943,0,1,0.0,0.0,8,0,,,completed_or_unknown,0,,,,,,0,0.0,0.0,0,0.0
145.3,136.41000000000003,49.900002789138235,8.900048461433949,0.2879509648808974,-0.20609028600466828,0.40699546696588657,492821.91943230375,5527517.441273747,3.4776920622680336,0.316933810710907,0,1,0.0,0.0,8,0,,,completed_or_unknown,0,,,,,,0,0.0,0.0,0,0.0
145.35,136.45999999999998,49.90000278891421,8.900048461588531,0.28794948465773773,-0.2060791801511662,0.40697054853807607,492821.9194433719,5527517.441248824,3.477703212411143,0.31690892577171326,0,1,0.0,0.0,8,0,,,completed_or_unknown,0,,,,,,0,0.0,0.0,0,0.0
145.4,136.51,49.90000278869577,8.900048461739004,0.2879481844874251,-0.2060683694855379,0.4069462527348851,492821.9194541458,5527517.441224523,3.4777140663936734,0.31688466016203165,0,1,0.0,0.0,8,0,,,completed_or_unknown,0,,,,,,0,0.0,0.0,0,0.0
145.45,136.56,49.900002788481885,8.90004846188594,0.28794706238697343,-0.20605781304137288,0.4069224628141974,492821.91946466634,5527517.4412007285,3.477724665252026,0.31686090026050806,0,1,0.0,0.0,8,0,,,completed_or_unknown,0,,,,,,0,0.0,0.0,0,0.0
145.5,136.61,49.90000278827194,8.900048462029721,0.28794609805929,-0.20604748312486712,0.4068991115608553,492821.91947496095,5527517.441177373,3.477735036809463,0.31683757808059454,0,1,0.0,0.0,8,0,,,completed_or_unknown,0,,,,,,0,0.0,0.0,0,0.0
145.55,136.66000000000003,49.90000278806539,8.90004846217076,0.28794526945771515,-0.20603735025551964,0.40687613741992473,492821.91948505904,5527517.441154394,3.477745210577268,0.31681463308632374,0,1,0.0,0.0,8,0,,,completed_or_unknown,0,,,,,,0,0.0,0.0,0,0.0
145.6,136.70999999999998,49.900002787556325,8.90004846245366,0.2879476826956684,-0.20601702555582269,0.4068195153710075,492821.9195053001,5527517.441097767,3.477765638148412,0.31675807386636734,0,1,0.0,0.0,8,0,,,completed_or_unknown,0,,,,,,0,0.0,0.0,0,0.0
145.65,136.76,49.90000278484122,8.900048467023105,0.28795986970278703,-0.20568873669476212,0.406517521912252,492821.91983305477,5527517.440795458,3.478094387217425,0.31645684503018856,0,1,0.0,0.0,8,0,,,completed_or_unknown,0,,,,,,0,0.0,0.0,0,0.0
145.7,136.81,49.90000276796495,8.900048488387794,0.28802983684872213,-0.20415380429102073,0.4046404225965464,492821.9213648689,5527517.438917061,3.4796323829796165,0.31458350736647844,0,1,0.0,0.0,8,0,,,completed_or_unknown,0,,,,,,0,0.0,0.0,0,0.0
145.75,136.86,49.90000273366763,8.900048545881717,0.2880357428091888,-0.20002319034599655,0.400825629854157,492821.92548874085,5527517.435098287,3.4837688167463057,0.31077834218740463,0,1,0.0,0.0,8,0,,,completed_or_unknown,0,,,,,,0,0.0,0.0,0,0.0
145.8,136.91000000000003,49.90000268416254,8.900048644540234,0.2880521738601879,-0.19293513248499622,0.3953193202617595,492821.9325666165,5527517.429584726,3.4908648231066763,0.3052881360054016,0,1,0.0,0.0,8,0,,,completed_or_unknown,0,,,,,,0,0.0,0.0,0,0.0
145.85,136.95999999999998,49.90000262224881,8.900048783372673,0.28806304467209337,-0.18296080506046045,0.38843283443020926,492821.94252776523,5527517.422687692,3.500848645926453,0.29842396453022957,0,1,0.0,0.0,8,0,,,completed_or_unknown,0,,,,,,0,0.0,0.0,0,0.0
145.9,137.01,49.9000025505232,8.900048961863908,0.28807580555850404,-0.17013721694896136,0.38045499943014394,492821.95533557853,5527517.414695946,3.513682725315448,0.2904744679108262,0,1,0.0,0.0,8,0,,,completed_or_unknown,0,,,,,,0,0.0,0.0,0,0.0
145.95,137.06,49.900002472922544,8.90004918032675,0.28809994279884715,-0.15444189430951616,0.3718237007886867,492821.971013105,5527517.406047166,3.5293886674335226,0.28187739942222834,0,1,0.0,0.0,8,0,,,completed_or_unknown,0,,,,,,0,0.0,0.0,0,0.0
146.0,137.11,49.90000240176821,8.90004942754244,0.28812631838378905,-0.13668084182465798,0.36390940816867845,492821.9887564908,5527517.398112352,3.547158104891423,0.27400109823793173,0,1,0.0,0.0,8,0,,,completed_or_unknown,0,,,,,,0,0.0,0.0,0,0.0
146.05,137.16000000000003,49.900002349522296,8.900049679623798,0.2881314325357944,-0.11857021849229732,0.3580982445819157,492822.0068521129,5527517.392279357,3.565272850508336,0.2682277662679553,0,1,0.0,0.0,8,0,,,completed_or_unknown,0,,,,,,0,0.0,0.0,0,0.0
146.1,137.20999999999998,49.90000232038315,8.900049931862496,0.2881568786171991,-0.10044829123830662,0.3548571813231149,492822.0249624623,5527517.3890154185,3.583393857406918,0.26502352580428123,0,1,0.0,0.0,8,0,,,completed_or_unknown,0,,,,,,0,0.0,0.0,0,0.0
146.15,137.26,49.90000231793232,8.900050183948848,0.2881920259959015,-0.08233730916270637,0.3545845821141503,492822.0430658306,5527517.388718772,3.601498104922939,0.2647865377366543,0,1,0.0,0.0,8,0,,,completed_or_unknown,0,,,,,,0,0.0,0.0,0,0.0
146.2,137.31,49.90000234530421,8.900050433850001,0.28821434109502625,-0.06438332121992912,0.35762907924294374,492822.061016692,5527517.391738104,3.619438919122331,0.2678650077432394,0,1,0.0,0.0,8,0,,,completed_or_unknown,0,,,,,,0,0.0,0.0,0,0.0
146.25,137.36,49.90000240281672,8.900050676977628,0.28821147715510365,-0.046915973012188,0.3640260307126015,492822.07848558004,5527517.398109194,3.6368867173441686,0.2742936294525862,0,1,0.0,0.0,8,0,,,completed_or_unknown,0,,,,,,0,0.0,0.0,0,0.0
146.3,137.41000000000003,49.90000248915784,8.9000509072504,0.28814095252278976,-0.030372173604601718,0.3736295067553508,492822.0950355659,5527517.407686761,3.653405051853042,0.2839256823062897,0,1,0.0,0.0,8,0,,,completed_or_unknown,0,,,,,,0,0.0,0.0,0,0.0
146.35,137.45999999999998,49.90000260149796,8.900051125371547,0.28816857685791286,-0.014701399799498343,0.38612477628627206,492822.11071673286,5527517.420156127,3.6690450427122414,0.29644665587693453,0,1,0.0,0.0,8,0,,,completed_or_unknown,0,,,,,,0,0.0,0.0,0,0.0
146.4,137.51,49.90000273593147,8.90005132686,0.28814561472155115,-0.0002255913024177077,0.4010774312782473,492822.1252066904,5527517.435083489,3.6834857306675985,0.31142168678343296,0,1,0.0,0.0,8,0,,,completed_or_unknown,0,,,,,,0,0.0,0.0,0,0.0
146.45,137.56,49.900002882338605,8.90005151261546,0.2881210233730689,0.013119890501341595,0.41736187679363457,492822.13856855006,5527517.4513436165,3.696793934912421,0.3277257578447461,0,1,0.0,0.0,8,0,,,completed_or_unknown,0,,,,,,0,0.0,0.0,0,0.0
146.5,137.61,49.9000030335654,8.900051677080198,0.28803979981322597,0.024935753921193272,0.43418239998380376,492822.15040211874,5527517.468141646,3.708572083967738,0.34456269163638353,0,1,0.0,0.0,8,0,,,completed_or_unknown,0,,,,,,0,0.0,0.0,0,0.0
146.55,137.66000000000003,49.90000318134563,8.900051812457106,0.2880428967586533,0.034661820941867316,0.4506195724882357,492822.16014621616,5527517.484559267,3.7182620266103186,0.36101233307272196,0,1,0.0,0.0,8,0,,,completed_or_unknown,0,,,,,,0,0.0,0.0,0,0.0
146.6,137.70999999999998,49.900003312882234,8.900051913801112,0.2880450674761687,0.04194281604748377,0.4652500114568262,492822.16744381073,5527517.499174139,3.7255114204017445,0.3756511751562357,0,1,0.0,0.0,8,0,,,completed_or_unknown,0,,,,,,0,0.0,0.0,0,0.0
146.65,137.76,49.90000341626287,8.900051976806969,0.28811487650111134,0.04646943135289053,0.4767487441057464,492822.171983951,5527517.510662232,3.7300136787234806,0.3871541656553745,0,1,0.0,0.0,8,0,,,completed_or_unknown,0,,,,,,0,0.0,0.0,0,0.0
146.7,137.81,49.90000348109088,8.900052009683385,0.28817829735203465,0.04883141636829589,0.4839593775120578,492822.174354608,5527517.517866828,3.732360581168905,0.39436653535813093,0,1,0.0,0.0,8,0,,,completed_or_unknown,0,,,,,,0,0.0,0.0,0,0.0
146.75,137.86,49.900003505860816,8.90005200902372,0.2881705096910376,0.04878402308095858,0.4867144666897448,492822.1743109084,5527517.520620877,3.732307806261815,0.39712042547762394,0,1,0.0,0.0,8,0,,,completed_or_unknown,0,,,,,,0,0.0,0.0,0,0.0
146.8,137.91000000000003,49.900003492700904,8.900051980250947,0.28806983287148014,0.04671686170836016,0.48525072715137907,492822.17224262236,5527517.51916048,3.730244343925733,0.3956532208248973,0,1,0.0,0.0,8,0,,,completed_or_unknown,0,,,,,,0,0.0,0.0,0,0.0
146.85,137.95999999999998,49.90000344266528,8.900051942504623,0.28803251523804896,0.04400500134122973,0.479685408310671,492822.16952442453,5527517.513601007,3.727544481283985,0.39008482079952955,0,1,0.0,0.0,8,0,,,completed_or_unknown,0,,,,,,0,0.0,0.0,0,0.0
146.9,138.01,49.90000335810181,8.900051896074073,0.2879395724106377,0.04066922828520432,0.47027965591369897,492822.1661774415,5527517.504203469,3.7242284846142866,0.38067630399018526,0,1,0.0,0.0,8,0,,,completed_or_unknown,0,,,,,,0,0.0,0.0,0,0.0
146.95,138.06,49.900003251700895,8.900051842022377,0.28801573463642643,0.0367859188611303,0.45844498685887025,492822.16227990144,5527517.492378716,3.7203699324745685,0.36883877217769623,0,1,0.0,0.0,8,0,,,completed_or_unknown,0,,,,,,0,0.0,0.0,0,0.0
147.0,138.11,49.90000314270532,8.900051804888268,0.28802614596120135,0.03411804263578088,0.44632172138752435,492822.15959692304,5527517.480263862,3.717726891336497,0.3567151417955756,0,1,0.0,0.0,8,0,,,completed_or_unknown,0,,,,,,0,0.0,0.0,0,0.0
147.05,138.16000000000003,49.90000303022947,8.90005178286245,0.2880942712077894,0.032535611912441025,0.4338113546246368,492822.1579984394,5527517.467760611,3.716169619001448,0.3442066917195916,0,1,0.0,0.0,8,0,,,completed_or_unknown,0,,,,,,0,0.0,0.0,0,0.0
147.1,138.20999999999998,49.900002921263436,8.900051775082384,0.28809498060453426,0.03197665803987965,0.4216913742056866,492822.15742354334,5527517.45564623,3.715634647232946,0.33209048211574554,0,1,0.0,0.0,8,0,,,completed_or_unknown,0,,,,,,0,0.0,0.0,0,0.0
147.15,138.26,49.90000282657423,8.9000517707069,0.2880493457934723,0.03166230426706966,0.41115936533241426,492822.15709526767,5527517.445118855,3.715341064729728,0.3215620815753937,0,1,0.0,0.0,8,0,,,completed_or_unknown,0,,,,,,0,0.0,0.0,0,0.0
147.2,138.31,49.90000274335204,8.90005177864474,0.2880773148417335,0.032232593200837906,0.4019027994544916,492822.15765298175,5527517.435865235,3.7159292697324418,0.3123103491961956,0,1,0.0,0.0,8,0,,,completed_or_unknown,0,,,,,,0,0.0,0.0,0,0.0
147.25,138.36,49.90000266732358,8.900051797777959,0.2880385588168397,0.03360720706668775,0.3934463713051651,492822.15901576605,5527517.427410358,3.7173199084354565,0.30386000871658325,0,1,0.0,0.0,8,0,,,completed_or_unknown,0,,,,,,0,0.0,0.0,0,0.0
147.3,138.41000000000003,49.90000260299247,8.900051820204414,0.2880449147198429,0.03521842135157525,0.3862910064467516,492822.1606167914,5527517.420255707,3.718944502179511,0.29671067278832197,0,1,0.0,0.0,8,0,,,completed_or_unknown,0,,,,,,0,0.0,0.0,0,0.0
147.35,138.45999999999998,49.90000255108477,8.900051851110755,0.28808628846269685,0.03743886754633914,0.3805174614149806,492822.1628286478,5527517.41448151,3.721175374579616,0.29094379767775536,0,1,0.0,0.0,8,0,,,completed_or_unknown,0,,,,,,0,0.0,0.0,0,0.0
147.4,138.51,49.90000250677938,8.900051898752645,0.2880537978736253,0.04086166857280342,0.3755895000488034,492822.16624350555,5527517.4095509555,3.7246064617065713,0.286024522036314,0,1,0.0,0.0,8,0,,,completed_or_unknown,0,,,,,,0,0.0,0.0,0,0.0
147.45,138.56,49.90000247144689,8.900051958894878,0.28806749548608207,0.04518254865038245,0.37165956844865805,492822.17055741407,5527517.405616834,3.7289333111257292,0.28210463747382164,0,1,0.0,0.0,8,0,,,completed_or_unknown,0,,,,,,0,0.0,0.0,0,0.0
147.5,138.61,49.90000244313009,8.900052037183835,0.28808596647601,0.050807168534093075,0.3685099715765697,492822.1761755813,5527517.402460995,3.7345618474064395,0.2789673302322626,0,1,0.0,0.0,8,0,,,completed_or_unknown,0,,,,,,0,0.0,0.0,0,0.0
147.55,138.66000000000003,49.900002423105434,8.900052126316844,0.2881043803673342,0.05721087229806519,0.3662826862415054,492822.1825737508,5527517.40022606,3.7409673471120186,0.27675349172204733,0,1,0.0,0.0,8,0,,,completed_or_unknown,0,,,,,,0,0.0,0.0,0,0.0
147.6,138.70999999999998,49.90000241018273,8.90005223312405,0.288106969594989,0.0648843674759896,0.3648453311289178,492822.19024225697,5527517.398779047,3.7486405800445937,0.27533175610005856,0,1,0.0,0.0,8,0,,,completed_or_unknown,0,,,,,,0,0.0,0.0,0,0.0
147.65,138.76,49.9000023999036,8.900052351219417,0.2881227900280969,0.07336885324213326,0.3637020126154601,492822.1987218212,5527517.397624868,3.757123901625164,0.2742055272683501,0,1,0.0,0.0,8,0,,,completed_or_unknown,0,,,,,,0,0.0,0.0,0,0.0
147.7,138.81,49.90000238881516,8.900052477116546,0.288155677409469,0.0824138516463766,0.36246867744011413,492822.2077615536,5527517.396379963,3.766167687368579,0.2729904167354107,0,1,0.0,0.0,8,0,,,completed_or_unknown,0,,,,,,0,0.0,0.0,0,0.0
147.75,138.86,49.90000237691552,8.900052604137434,0.28816280372021535,0.09153958578460061,0.3611451154670709,492822.2168818691,5527517.395044759,3.7752923533553258,0.2716852752491832,0,1,0.0,0.0,8,0,,,completed_or_unknown,0,,,,,,0,0.0,0.0,0,0.0
147.8,138.91000000000003,49.90000236482603,8.900052730971256,0.28765571857312316,0.1006518802601365,0.3598004351989799,492822.2259887221,5527517.393688464,3.7844036263413727,0.27035899832844734,0,1,0.0,0.0,8,0,,,completed_or_unknown,0,,,,,,0,0.0,0.0,0,0.0
147.85,138.95999999999998,49.90000235555874,8.900052857935792,0.2880324685178524,0.10977356587050956,0.3587696610381877,492822.23510538123,5527517.392645935,3.7935236715129577,0.26934651751071215,0,1,0.0,0.0,8,0,,,completed_or_unknown,0,,,,,,0,0.0,0.0,0,0.0
147.9,139.01,49.90000234618141,8.900052976306416,0.28805989279901595,0.11827782730987682,0.35772664735092696,492822.2436048471,5527517.391591995,3.8020265643135644,0.2683205921202898,0,1,0.0,0.0,8,0,,,completed_or_unknown,0,,,,,,0,0.0,0.0,0,0.0
147.95,139.06,49.900002336714735,8.900053092831547,0.28810681742650024,0.12664950051500046,0.3566736964332339,492822.25197176455,5527517.3905283,3.8103969415533356,0.26728447433561087,0,1,0.0,0.0,8,0,,,completed_or_unknown,0,,,,,,0,0.0,0.0,0,0.0
148.0,139.11,49.90000232887717,8.90005321298044,0.2881153887163039,0.13528152061891544,0.35580194696800677,492822.2605991663,5527517.3896453865,3.819027205987368,0.2664299961179495,0,1,0.0,0.0,8,0,,,completed_or_unknown,0,,,,,,0,0.0,0.0,0,0.0
148.05,139.16000000000003,49.90000232068528,8.9000533289438,0.28811879837189813,0.14361283374194292,0.354890786071895,492822.2689259289,5527517.388723478,3.8273569614393637,0.26553553249686956,0,1,0.0,0.0,8,0,,,completed_or_unknown,0,,,,,,0,0.0,0.0,0,0.0
148.1,139.20999999999998,49.900002313671386,8.900053443799571,0.2881237262927824,0.15186457286692354,0.3541106508667274,492822.27717332414,5527517.387932648,3.8356069179135375,0.2647718843072653,0,1,0.0,0.0,8,0,,,completed_or_unknown,0,,,,,,0,0.0,0.0,0,0.0
148.15,139.26,49.900002308118175,8.90005355652655,0.28811765221494756,0.1599633703431898,0.3534929831882594,492822.2852680556,5527517.387304425,3.8437036756658927,0.2641703402623534,0,1,0.0,0.0,8,0,,,completed_or_unknown,0,,,,,,0,0.0,0.0,0,0.0
148.2,139.31,49.900002303665005,8.900053661566597,0.2881164190700924,0.16750990499965446,0.35299766973785346,492822.2928109086,5527517.386799245,3.85124815243762,0.26369001902639866,0,1,0.0,0.0,8,0,,,completed_or_unknown,0,,,,,,0,0.0,0.0,0,0.0
148.25,139.36,49.90000230142128,8.900053766782278,0.2881225146668064,0.1750690580762791,0.35274810693228137,492822.3003667027,5527517.3865397,3.8588047608500347,0.2634553760290146,0,1,0.0,0.0,8,0,,,completed_or_unknown,0,,,,,,0,0.0,0.0,0,0.0
148.3,139.41000000000003,49.90000230182836,8.900053865231031,0.288109801252676,0.1821420455306869,0.3527933844776206,492822.307436919,5527517.386575526,3.865874820679892,0.2635144991800189,0,1,0.0,0.0,8,0,,,completed_or_unknown,0,,,,,,0,0.0,0.0,0,0.0
148.35,139.45999999999998,49.900002303916004,8.900053957502903,0.28812935258401934,0.18877125891949817,0.35302558737675704,492822.3140637883,5527517.386798793,3.8725009182235226,0.26375960372388363,0,1,0.0,0.0,8,0,,,completed_or_unknown,0,,,,,,0,0.0,0.0,0,0.0
148.4,139.51,49.90000230911435,8.900054044493096,0.2881167730012556,0.1950210134652517,0.3536037848995183,492822.3203118121,5527517.387368424,3.8787470309762284,0.26434982009232044,0,1,0.0,0.0,8,0,,,completed_or_unknown,0,,,,,,0,0.0,0.0,0,0.0
148.45,139.56,49.900002317563505,8.90005412541942,0.2881424416282912,0.20083511320720232,0.3545435603495907,492822.32612483785,5527517.388300069,3.8845569550758228,0.26530061569064856,0,1,0.0,0.0,8,0,,,completed_or_unknown,0,,,,,,0,0.0,0.0,0,0.0
148.5,139.61,49.90000232962918,8.90005419816373,0.28811295365852785,0.20606138145820738,0.3558855909254091,492822.33135080384,5527517.3896345915,3.8897784949513152,0.26665235310792923,0,1,0.0,0.0,8,0,,,completed_or_unknown,0,,,,,,0,0.0,0.0,0,0.0
148.55,139.66000000000003,49.90000234367112,8.900054252361873,0.2881051589909909,0.2099552122306119,0.3574474348779644,492822.33524515905,5527517.391190616,3.893667701340746,0.2682212023064494,0,1,0.0,0.0,8,0,,,completed_or_unknown,0,,,,,,0,0.0,0.0,0,0.0
148.6,139.70999999999998,49.90000236219961,8.900054300517539,0.2880823349973548,0.21341492514152374,0.3595083060952751,492822.33870623563,5527517.393246048,3.8971219857921824,0.2702880287542939,0,1,0.0,0.0,8,0,,,completed_or_unknown,0,,,,,,0,0.0,0.0,0,0.0
148.65,139.76,49.900002385085266,8.900054335893119,0.28809184335065574,0.21595646095690438,0.3620538120432399,492822.34125014924,5527517.395787146,3.8996575117926113,0.27283749636262655,0,1,0.0,0.0,8,0,,,completed_or_unknown,0,,,,,,0,0.0,0.0,0,0.0
148.7,139.81,49.900002413519125,8.90005436178601,0.288074884167718,0.2178167191123017,0.36521642884515504,492822.3431138809,5527517.398946015,3.901510823692661,0.2760024890303612,0,1,0.0,0.0,8,0,,,completed_or_unknown,0,,,,,,0,0.0,0.0,0,0.0
148.75,139.86,49.90000244436842,8.900054371779529,0.2880270305145348,0.21853469706075565,0.3686477074628446,492822.343836148,5527517.402374961,3.902221787313465,0.2794337971135974,0,1,0.0,0.0,8,0,,,completed_or_unknown,0,,,,,,0,0.0,0.0,0,0.0
148.8,139.91000000000003,49.900002469698954,8.90005437609322,0.2881026962478217,0.21884461140192857,0.37146515037358785,492822.3441496961,5527517.405190864,3.902526054356713,0.2822507172822952,0,1,0.0,0.0,8,0,,,completed_or_unknown,0,,,,,,0,0.0,0.0,0,0.0
148.85,139.95999999999998,49.900002472734656,8.900054378879469,0.28805290864256783,0.2190447877048081,0.3718028025348397,492822.3443502426,5527517.405528113,3.9027254883549176,0.28258862625807524,0,1,0.0,0.0,8,0,,,completed_or_unknown,0,,,,,,0,0.0,0.0,0,0.0
148.9,140.01,49.90000247185937,8.900054379921968,0.2880104899449255,0.2191196854062401,0.37170544739277744,492822.3444249805,5527517.405430698,3.902800546900835,0.28249145671725273,0,1,0.0,0.0,8,0,,,completed_or_unknown,0,,,,,,0,0.0,0.0,0,0.0
148.95,140.06,49.900002471795574,8.900054380469848,0.2879909063863455,0.2191590474904232,0.3716983515946994,492822.3444643173,5527517.405423554,3.90283990703756,0.2824844429269433,0,1,0.0,0.0,8,0,,,completed_or_unknown,0,,,,,,0,0.0,0.0,0,0.0
149.0,140.11,49.90000247174517,8.900054380965715,0.28797872467741137,0.21919467269776607,0.3716927451430122,492822.34449992084,5527517.405417901,3.9028755290200934,0.28247890900820494,0,1,0.0,0.0,8,0,,,completed_or_unknown,0,,,,,,0,0.0,0.0,0,0.0
149.05,140.16000000000003,49.90000247170091,8.900054381420695,0.28797063776616916,0.21922736044756877,0.37168782216335056,492822.34453258896,5527517.405412937,3.9029082133201882,0.28247405122965574,0,1,0.0,0.0,8,0,,,completed_or_unknown,0,,,,,,0,0.0,0.0,0,0.0
149.1,140.20999999999998,49.90000247166229,8.900054381857194,0.28796513613228214,0.21925872042623512,0.37168352676100413,492822.3445639306,5527517.4054086,3.9029395690304227,0.2824698183685541,0,1,0.0,0.0,8,0,,,completed_or_unknown,0,,,,,,0,0.0,0.0,0,0.0
149.15,140.26,49.90000247162792,8.900054382286333,0.2879612453269033,0.21928955167020145,0.3716797039873462,492822.3445947444,5527517.405404738,3.902970395400189,0.2824660576879978,0,1,0.0,0.0,8,0,,,completed_or_unknown,0,,,,,,0,0.0,0.0,0,0.0
149.2,140.31,49.90000247159654,8.900054382712057,0.287958386146761,0.2193201374985685,0.37167621304430926,492822.3446253133,5527517.405401208,3.90300097578438,0.2824626285582781,0,1,0.0,0.0,8,0,,,completed_or_unknown,0,,,,,,0,0.0,0.0,0,0.0
149.25,140.36,49.900002471567404,8.900054383136052,0.2879562169728668,0.21935059915149183,0.3716729725661761,492822.34465575847,5527517.405397928,3.9030314316041768,0.28245944902300835,0,1,0.0,0.0,8,0,,,completed_or_unknown,0,,,,,,0,0.0,0.0,0,0.0
149.3,140.41000000000003,49.900002472881454,8.900054384381558,0.2876552946449335,0.2194400817884088,0.3718191308654854,492822.3447454002,5527517.405543909,3.9031205917708576,0.2826057244092226,0,1,0.0,0.0,8,0,,,completed_or_unknown,0,,,,,,0,0.0,0.0,0,0.0
149.35,140.45999999999998,49.90000247605964,8.900054391468133,0.2880502793279156,0.21994921221042832,0.37217263165341474,492822.3452547983,5527517.40589659,3.9036288249189965,0.28296008240431547,0,1,0.0,0.0,8,0,,,completed_or_unknown,0,,,,,,0,0.0,0.0,0,0.0
149.4,140.51,49.900002475821594,8.90005439303031,0.28801592342961446,0.22006144575398914,0.3721461538339437,492822.34536695166,5527517.405869973,3.903741065354552,0.2829338349401951,0,1,0.0,0.0,8,0,,,completed_or_unknown,0,,,,,,0,0.0,0.0,0,0.0
149.45,140.56,49.900002475667556,8.900054393527343,0.2880034456395413,0.2200971548084712,0.3721290210439886,492822.3454026235,5527517.405852798,3.9037767936242744,0.282916777767241,0,1,0.0,0.0,8,0,,,completed_or_unknown,0,,,,,,0,0.0,0.0,0,0.0
149.5,140.61,49.90000247565951,8.900054393898825,0.2879959634719669,0.22012384372299248,0.37212812602109807,492822.34542930056,5527517.405851868,3.9038034735713154,0.282915934920311,0,1,0.0,0.0,8,0,,,completed_or_unknown,0,,,,,,0,0.0,0.0,0,0.0
149.55,140.66000000000003,49.900002475629464,8.900054394298065,0.2879896112144649,0.22015252684664274,0.37212478365893625,492822.3454579677,5527517.405848489,3.903832151729148,0.2829126510769129,0,1,0.0,0.0,8,0,,,completed_or_unknown,0,,,,,,0,0.0,0.0,0,0.0
149.6,140.70999999999998,49.900002475593496,8.900054394711006,0.2879843669262233,0.22018219431273583,0.37212078329575615,492822.345487618,5527517.405844451,3.9038618151680566,0.2829087097197771,0,1,0.0,0.0,8,0,,,completed_or_unknown,0,,,,,,0,0.0,0.0,0,0.0
149.65,140.76,49.9000024755571,8.900054395135724,0.2879801345830099,0.2202127079074943,0.3721167355282016,492822.345518114,5527517.405840363,3.903892324422486,0.2829047227278352,0,1,0.0,0.0,8,0,,,completed_or_unknown,0,,,,,,0,0.0,0.0,0,0.0
149.7,140.81,49.90000247552256,8.900054395569464,0.2879767106310045,0.22024386969041138,0.3721128936512883,492822.34554925817,5527517.405836482,3.9039234812371433,0.28290094435214996,0,1,0.0,0.0,8,0,,,completed_or_unknown,0,,,,,,0,0.0,0.0,0,0.0
149.75,140.86,49.90000247549006,8.900054396007713,0.2879739225546946,0.22027535537597592,0.37210927889085543,492822.34558072645,5527517.405832826,3.903954961395357,0.2828973922878504,0,1,0.0,0.0,8,0,,,completed_or_unknown,0,,,,,,0,0.0,0.0,0,0.0
149.8,140.91000000000003,49.90000247545924,8.900054396448976,0.287971626210383,0.22030705763474487,0.3721058502102805,492822.3456124114,5527517.405829357,3.9039866576204076,0.2828940274193883,0,1,0.0,0.0,8,0,,,completed_or_unknown,0,,,,,,0,0.0,0.0,0,0.0
149.85,140.95999999999998,49.90000247548392,8.900054396892454,0.28796924714652067,0.22033891903717076,0.37210859612635794,492822.3456442638,5527517.405832059,3.9040185009362176,0.2828968344256282,0,1,0.0,0.0,8,0,,,completed_or_unknown,0,,,,,,0,0.0,0.0,0,0.0
149.9,141.01,49.90000247577149,8.900054397293077,0.28796981599771126,0.22036770157774868,0.37214058063607147,492822.3456730774,5527517.405863993,3.904047209129203,0.2829288635402918,0,1,0.0,0.0,8,0,,,completed_or_unknown,0,,,,,,0,0.0,0.0,0,0.0
149.95,141.06,49.90000247585541,8.900054397684926,0.287969427964775,0.2203958536695171,0.3721499150526677,492822.3457012307,5527517.405873286,3.9040753316367045,0.2829382484778762,0,1,0.0,0.0,8,0,,,completed_or_unknown,0,,,,,,0,0.0,0.0,0,0.0
150.0,141.11,49.90000247587545,8.900054398075977,0.2879683191398224,0.2204239484593593,0.37215214447332223,492822.3457293172,5527517.405875477,3.904103410837706,0.2829405330121517,0,1,0.0,0.0,8,0,,,completed_or_unknown,0,,,,,,0,0.0,0.0,0,0.0
150.05,141.16000000000003,49.90000247587889,8.90005439846549,0.2879670973771675,0.22045193285684922,0.3721525272459576,492822.34575729084,5527517.4058758225,3.9041313831694424,0.2829409707337618,0,1,0.0,0.0,8,0,,,completed_or_unknown,0,,,,,,0,0.0,0.0,0,0.0
150.1,141.20999999999998,49.90000247589954,8.900054398823471,0.28796660494639853,0.22047765172250391,0.37215482388176985,492822.34578300256,5527517.405878084,3.904157087265048,0.28294331673532724,0,1,0.0,0.0,8,0,,,completed_or_unknown,0,,,,,,0,0.0,0.0,0,0.0
150.15,141.26,49.900002475929924,8.900054399101881,0.287965402072204,0.22049765392338677,0.37215820303538644,492822.3458030012,5527517.405881435,3.9041770747862756,0.28294673282653093,0,1,0.0,0.0,8,0,,,completed_or_unknown,0,,,,,,0,0.0,0.0,0,0.0
150.2,141.31,49.90000247597234,8.900054399347244,0.2879666400094458,0.22051528185915795,0.3721629215394629,492822.34582062846,5527517.405886128,3.9041946864454076,0.2829514844343066,0,1,0.0,0.0,8,0,,,completed_or_unknown,0,,,,,,0,0.0,0.0,0,0.0
150.25,141.36,49.90000247597286,8.900054399610216,0.2879646743534152,0.22053417490404822,0.372162978849229,492822.345839514,5527517.405886161,3.9042135718045756,0.2829515803605318,0,1,0.0,0.0,8,0,,,completed_or_unknown,0,,,,,,0,0.0,0.0,0,0.0
150.3,141.41000000000003,49.90000247600702,8.900054399821174,0.28796641232037107,0.22054933107209826,0.37216677827446376,492822.34585466917,5527517.405889938,3.904228714411147,0.2829554062336683,0,1,0.0,0.0,8,0,,,completed_or_unknown,0,,,,,,0,0.0,0.0,0,0.0
150.35,141.45999999999998,49.90000247599528,8.900054400074676,0.28796606211395126,0.22056754376828341,0.3721654728853468,492822.34587287274,5527517.405888608,3.9042469222913496,0.2829541368409991,0,1,0.0,0.0,8,0,,,completed_or_unknown,0,,,,,,0,0.0,0.0,0,0.0
150.4,141.51,49.90000247601478,8.90005440025409,0.2879657205276728,0.2205804336387709,0.37216764145859527,492822.34588576044,5527517.405890759,3.9042598028318025,0.28295633010566235,0,1,0.0,0.0,8,0,,,completed_or_unknown,0,,,,,,0,0.0,0.0,0,0.0
150.45,141.56,49.90000247601952,8.900054400440524,0.2879652157098105,0.22059382786830598,0.3721681692744659,492822.34589914995,5527517.405891269,3.9042731905938126,0.2829568851739168,0,1,0.0,0.0,8,0,,,completed_or_unknown,0,,,,,,0,0.0,0.0,0,0.0
150.5,141.61,49.900002476018194,8.90005440062914,0.28796468753739335,0.22060737881669487,0.37216802140111876,492822.34591269534,5527517.405891103,3.9042867364478298,0.28295676317065954,0,1,0.0,0.0,8,0,,,completed_or_unknown,0,,,,,,0,0.0,0.0,0,0.0
