stamp_sec,elapsed_sec,map_x_m,map_y_m,yaw_rad,linear_x_mps,angular_z_rps,last_reached_wp,active_target_wp,target_local_east_m,target_local_north_m,target_map_x_m,target_map_y_m,latest_cmd_linear_x_mps,latest_cmd_angular_z_radps,noise_active,outage_active
1789007501.1159983,0.01802968978881836,-0.00015418372816033204,-5.6696243506814926e-05,-2.7892867406726656,2.173317359174423e-15,-1.8398801372929802e-06,0,1,0.0,0.0,-37.27886621374637,-18.83789669140242,0.0,0.0,0,0
1789007501.1308486,0.03288006782531738,-0.00015418372816036264,-5.669624350682617e-05,-2.789286774049228,2.1817990290370054e-15,-1.953928886783989e-06,0,1,0.0,0.0,-37.27886621374637,-18.83789669140242,0.0,0.0,0,0
1789007501.1666312,0.06866264343261719,-0.0001541837281584742,-5.6696243492658816e-05,-2.7892868954119576,2.1799575317643072e-15,-2.0663039949476705e-06,0,1,0.0,0.0,-37.27886621374637,-18.83789669140242,0.0,0.0,0,0
1789007501.2174304,0.1194617748260498,-0.00015418372815857818,-5.669624349269704e-05,-2.7892870224396242,2.173233732528633e-15,-2.131326257540702e-06,0,1,0.0,0.0,-37.27886621374637,-18.83789669140242,0.0,0.0,0,0
1789007501.2308345,0.13286590576171875,-0.0001541837281586058,-5.66962434927072e-05,-2.789287055618936,2.1818355591642918e-15,-2.214144371948276e-06,0,1,0.0,0.0,-37.27886621374637,-18.83789669140242,0.0,0.0,0,0
1789007501.2683382,0.17036962509155273,-0.00015418372815671736,-5.669624347851561e-05,-2.7892872845953756,2.179941066041809e-15,-2.347206805490001e-06,0,1,0.0,0.0,-37.27886621374637,-18.83789669140242,0.0,0.0,0,0
1789007501.3188076,0.2208390235900879,-0.00015418372815682066,-5.669624347855359e-05,-2.7892875213443937,2.1731884766249225e-15,-2.4225549539473067e-06,0,1,0.0,0.0,-37.27886621374637,-18.83789669140242,0.0,0.0,0,0
1789007501.3308709,0.23290228843688965,-0.00015418372815684554,-5.669624347856273e-05,-2.78928755589659,2.1818704566413285e-15,-2.523964535056821e-06,0,1,0.0,0.0,-37.27886621374637,-18.83789669140242,0.0,0.0,0,0
1789007501.3694375,0.2714688777923584,-0.0001541837281549554,-5.6696243464344145e-05,-2.7892875081528956,2.1799390165681256e-15,-2.5842698683472458e-06,0,1,0.0,0.0,-37.27886621374637,-18.83789669140242,0.0,0.0,0,0
1789007501.4203136,0.3223450183868408,-0.00015418372815505948,-5.669624346438242e-05,-2.789287389205531,2.173073027331418e-15,-2.6141672947012023e-06,0,1,0.0,0.0,-37.27886621374637,-18.83789669140242,0.0,0.0,0,0
1789007501.4308424,0.3328738212585449,-0.00015418372815508122,-5.66962434643904e-05,-2.7892874174739295,2.1819009975068028e-15,-2.6299228635235333e-06,0,1,0.0,0.0,-37.27886621374637,-18.83789669140242,0.0,0.0,0,0
1789007501.47083,0.372861385345459,-0.0001541837281531906,-5.6696243450148584e-05,-2.7892876995500564,2.179946541149987e-15,-2.6867629480140515e-06,0,1,0.0,0.0,-37.27886621374637,-18.83789669140242,0.0,0.0,0,0
1789007501.480906,0.3829374313354492,-0.00015418372815321135,-5.66962434501562e-05,-2.7892877281352897,2.1820233319129377e-15,-2.71481604505556e-06,0,1,0.0,0.0,-37.27886621374637,-18.83789669140242,0.0,0.0,0,0
1789007501.5308342,0.43286561965942383,-0.00015418372815331362,-5.6696243450193795e-05,-2.789287992366003,2.1819304777657683e-15,-2.7750349287080393e-06,0,1,0.0,0.0,-37.27886621374637,-18.83789669140242,0.0,0.0,0,0
1789007501.572195,0.4742264747619629,-0.00015418372815142206,-5.66962434359257e-05,-2.7892878686809097,2.1799234177110068e-15,-2.7793439682064224e-06,0,1,0.0,0.0,-37.27886621374637,-18.83789669140242,0.0,0.0,0,0
1789007501.5808308,0.4828622341156006,-0.00015418372815143984,-5.6696243435932234e-05,-2.789287893064783,2.182056798693809e-15,-2.786174387880367e-06,0,1,0.0,0.0,-37.27886621374637,-18.83789669140242,0.0,0.0,0,0
1789007501.6308305,0.5328619480133057,-0.00015418372815154225,-5.669624343596988e-05,-2.789287652275302,2.1819547855426107e-15,-2.725463146933667e-06,0,1,0.0,0.0,-37.27886621374637,-18.83789669140242,0.0,0.0,0,0
1789007501.6736195,0.5756509304046631,-0.00015418372814965002,-5.669624342167699e-05,-2.7892878584378944,2.1799048371437777e-15,-2.70959211426212e-06,0,1,0.0,0.0,-37.27886621374637,-18.83789669140242,0.0,0.0,0,0
1789007501.6808848,0.582916259765625,-0.00015418372814966498,-5.669624342168248e-05,-2.7892878775857026,2.1820893987305158e-15,-2.699383720595542e-06,0,1,0.0,0.0,-37.27886621374637,-18.83789669140242,0.0,0.0,0,0
1789007501.730809,0.6328403949737549,-0.00015418372814976725,-5.669624342172008e-05,-2.789288065629731,2.181977312464243e-15,-2.7022908733809516e-06,0,1,0.0,0.0,-37.27886621374637,-18.83789669140242,0.0,0.0,0,0
1789007501.7754886,0.6775200366973877,-0.0001541837281478749,-5.669624340740156e-05,-2.789287604500315,2.1717101440542918e-15,-2.6823521757520456e-06,0,1,0.0,0.0,-37.27886621374637,-18.83789669140242,0.0,0.0,0,0
1789007501.780883,0.6829144954681396,-0.00015418372814788626,-5.6696243407405736e-05,-2.789287613770673,2.181900952550975e-15,-2.5731093992768e-06,0,1,0.0,0.0,-37.27886621374637,-18.83789669140242,0.0,0.0,0,0
1789007501.8309128,0.7329442501068115,-0.00015418372814798872,-5.66962434074434e-05,-2.7892874990948844,2.181990851194898e-15,-2.439034798559669e-06,0,1,0.0,0.0,-37.27886621374637,-18.83789669140242,0.0,0.0,0,0
1789007501.876567,0.7785983085632324,-0.0001541837281460948,-5.669624339310017e-05,-2.7892874706614084,2.171649409034049e-15,-2.4333768523760883e-06,0,1,0.0,0.0,-37.27886621374637,-18.83789669140242,0.0,0.0,0,0
1789007501.8809094,0.7829408645629883,-0.000154183728146104,-5.669624339310355e-05,-2.7892874743157794,2.1819194464142547e-15,-2.3145489838665807e-06,0,1,0.0,0.0,-37.27886621374637,-18.83789669140242,0.011655640850085545,0.018316007050134434,0,0
1789007501.9309042,0.8329355716705322,-0.00015418372814620637,-5.6696243393141186e-05,-2.789287444297361,2.182005881471732e-15,-2.1935197599844183e-06,0,1,0.0,0.0,-37.27886621374637,-18.83789669140242,0.0233109789500304,0.03663153835004778,0,0
1789007501.9782205,0.8802518844604492,-0.00015418372814431205,-5.66962433787719e-05,-2.789287360030453,2.1713598335995122e-15,-2.1857168300939744e-06,0,1,0.0,0.0,-37.27886621374637,-18.83789669140242,0.034983274200021695,0.0549737166000341,0,0
1789007501.980872,0.8829033374786377,-0.00015418372814431777,-5.6696243378774024e-05,-2.789287358548699,2.181928058719011e-15,-2.0428875286091294e-06,0,1,0.0,0.0,-37.27886621374637,-18.83789669140242,0.04663945265015172,0.06166396728298121,0,0
1789007502.0309086,0.9329400062561035,-0.00015418372814442023,-5.669624337881168e-05,-2.7892873897770256,2.182015314241212e-15,-1.9228238404608275e-06,0,1,0.0,0.0,-37.27886621374637,-18.83789669140242,0.05,0.06166396728298121,0,0
1789007502.0793223,0.981353759765625,-0.00015418372814252458,-5.669624336441803e-05,-2.789287498497717,2.171230906325334e-15,-1.9234920351367877e-06,0,1,0.0,0.0,-37.27886621374637,-18.83789669140242,0.05,0.06166396728298121,0,0
1789007502.0808334,0.9828648567199707,-0.00015418372814252797,-5.669624336441929e-05,-2.789287496354249,2.1819402009793378e-15,-1.8365591953941175e-06,0,1,0.0,0.0,-37.27886621374637,-18.83789669140242,0.05,0.06166423328971785,0,0
1789007502.1308894,1.0329208374023438,-0.00015418372814263046,-5.669624336445696e-05,-2.7892875805193325,2.182022101806331e-15,-1.766479235699711e-06,0,1,0.0,0.0,-37.27886621374637,-18.83789669140242,0.05,0.06166423328971785,0,0
1789007502.1811595,1.08319091796875,-0.00015418372814073506,-5.66962433500391e-05,-2.789252361845207,2.170884974222619e-15,-2.8905249199660546e-07,0,1,0.0,0.0,-37.27886621374637,-18.83789669140242,0.05,0.06166423328971785,0,0
1789007502.232041,1.1340723037719727,-0.00030482723891684516,-0.00011208467613155937,-2.7892192632398927,0.0035198143024170033,1.965595537459295e-05,0,1,0.0,0.0,-37.27886621374637,-18.83789669140242,0.05,0.06166462377922169,0,0
1789007502.2828732,1.1849045753479004,-0.000476747106178555,-0.00017533249057861502,-2.7890785836752796,0.0036887652920189924,2.5769796639195708e-05,0,1,0.0,0.0,-37.27886621374637,-18.83789669140242,0.0,0.0,0,0
1789007502.3338647,1.235896110534668,-0.0007116789144208833,-0.0002618253627793994,-2.7888749890028923,0.00463086631257266,0.00013812533850590645,0,1,0.0,0.0,-37.27886621374637,-18.83789669140242,0.0,0.0,0,0
1789007502.3843107,1.2863421440124512,-0.0009356160942368157,-0.00034437666233996176,-2.7886222852693487,0.004834743786112008,0.0001490628757771549,0,1,0.0,0.0,-37.27886621374637,-18.83789669140242,0.0,0.0,0,0
1789007502.4349594,1.3369908332824707,-0.0010413878045742078,-0.00038350989506471926,-2.7883907517766144,0.00037628554772413603,0.00031131655412746674,0,1,0.0,0.0,-37.27886621374637,-18.83789669140242,0.0,0.0,0,0
1789007502.4855664,1.3875977993011475,-0.001036237493283114,-0.00038163358297349493,-2.7883287135922887,1.9926271635549257e-05,0.0003818724154214387,0,1,0.0,0.0,-37.27886621374637,-18.83789669140242,0.0,0.018322219849960675,0,0
1789007502.536458,1.4384894371032715,-0.0005428781691545143,-0.00019983027797295706,-2.788253841417111,-0.00835370527245749,0.0005144545421161884,0,1,0.0,0.0,-37.27886621374637,-18.83789669140242,0.0,0.0549799645999883,0,0
1789007502.5869312,1.4889626502990723,-0.00012439148519787435,-4.557519453776451e-05,-2.788504508512909,-0.008973752533739861,0.0005619722657636696,0,1,0.0,0.0,-37.27886621374637,-18.83789669140242,0.0,0.07333217484992928,0,0
1789007502.6375587,1.5395901203155518,0.00032570178887370043,0.00012013680364567018,-2.7887241981279782,-0.009462580414122868,0.0005715573985288854,0,1,0.0,0.0,-37.27886621374637,-18.83789669140242,0.0,0.09999999999999999,0,0
1789007502.643389,1.5454204082489014,0.00037752175799637077,0.00013922054025979208,-2.788722426435476,-0.009512724414145208,0.00054334923505108,0,1,0.0,0.0,-37.27886621374637,-18.83789669140242,0.0,0.09999999999999999,0,0
1789007502.68829,1.5903215408325195,0.0007077084191658466,0.00026079422836489157,-2.78874593704193,-0.006723309075782157,0.0005093693976258548,0,1,0.0,0.0,-37.27886621374637,-18.83789669140242,0.0,0.09999999999999999,0,0
1789007502.7393637,1.641395092010498,0.0008966904275020288,0.0003303354647223894,-2.788792938528917,-0.0024949677504605486,0.00048527761706209093,0,1,0.0,0.0,-37.27886621374637,-18.83789669140242,0.0,0.09999999999999999,0,0
1789007502.7455528,1.6475841999053955,0.0009008574617031225,0.00033187085897984716,-2.788791193698425,-0.002135767113557166,0.0004590149166780365,0,1,0.0,0.0,-37.27886621374637,-18.83789669140242,0.0,0.09999999999999999,0,0
1789007502.7898514,1.691882848739624,0.0009544006575130434,0.0003514543603902152,-2.7889321376999385,-0.0007682610217255273,0.00040209692678982485,0,1,0.0,0.0,-37.27886621374637,-18.83789669140242,0.011658004049922965,0.07002227530019808,0,0
1789007502.8405013,1.742532730102539,0.0009724318752265935,0.0003579937969428206,-2.789054425000791,-0.00019649829655805516,0.00036359392304158956,0,1,0.0,0.0,-37.27886621374637,-18.83789669140242,0.02332600934992115,0.06222863893179845,0,0
1789007502.844271,1.7463023662567139,0.0009715769511189859,0.00035767954190275917,-2.78905539378839,-0.0001383676228845856,0.0003192920085911514,0,1,0.0,0.0,-37.27886621374637,-18.83789669140242,0.035001866200127546,0.06222863893179845,0,0
1789007502.8915207,1.7935521602630615,0.0009741804796958781,0.0003588433642368618,-2.788662865008886,6.2173780748653465e-06,0.0003503927555299147,0,1,0.0,0.0,-37.27886621374637,-18.83789669140242,0.04666813584985902,0.06222863893179845,0,0
1789007502.9420443,1.8440756797790527,0.0009446219973745309,0.0003480150986203428,-2.7885087222765788,0.0008726320250479044,0.000366901014541473,0,1,0.0,0.0,-37.27886621374637,-18.83789669140242,0.05,0.06222863893179845,0,0
1789007502.9466968,1.8487281799316406,0.0009384375355530846,0.0003457363710196835,-2.7885055314849123,0.0009645299819757521,0.00039564532506878956,0,1,0.0,0.0,-37.27886621374637,-18.83789669140242,0.05,0.06212568157042068,0,0
1789007502.9927359,1.8947672843933105,0.0008687534793515022,0.00032008541532896757,-2.788403376341021,0.0020714586497712385,0.0004397099703851543,0,1,0.0,0.0,-37.27886621374637,-18.83789669140242,0.05,0.06212568157042068,0,0
1789007503.0434687,1.945500135421753,0.0007541636200745699,0.00027785168676724937,-2.788314963396876,0.002564049408779973,0.00046894751246192716,0,1,0.0,0.0,-37.27886621374637,-18.83789669140242,0.05,0.06212568157042068,0,0
1789007503.0943158,1.996347188949585,0.0006248272917013651,0.0002301526082670849,-2.7880819095058187,0.002758753748720194,0.0005780255272266682,0,1,0.0,0.0,-37.27886621374637,-18.83789669140242,0.05,0.06212568157042068,0,0
1789007503.1447957,2.0468270778656006,0.0004727134048686704,0.00017401542484510386,-2.7879816779242157,0.003394287546688607,0.000627432356775417,0,1,0.0,0.0,-37.27886621374637,-18.83789669140242,0.05,0.06201705941037897,0,0
1789007503.14776,2.0497913360595703,0.00046158184153159243,0.0001699071267019675,-2.7879775817741783,0.0034684609971323463,0.000672546209431071,0,1,0.0,0.0,-37.27886621374637,-18.83789669140242,0.05,0.06201705941037897,0,0
1789007503.1954744,2.097505807876587,0.0002840251283774882,0.00010435414398248325,-2.7878823790722005,0.004154491130670501,0.0007450791345604477,0,1,0.0,0.0,-37.27886621374637,-18.83789669140242,0.05,0.06201705941037897,0,0
1789007503.246567,2.1485984325408936,8.733018489251882e-05,3.1681635826056855e-05,-2.787746200606797,0.004166960641865431,0.0007762835186443716,0,1,0.0,0.0,-37.27886621374637,-18.83789669140242,0.05,0.06201705941037897,0,0
1789007503.2524004,2.1544318199157715,6.447491477663359e-05,2.3238863558059923e-05,-2.787739526964408,0.004189385454419659,0.0008238441564887651,0,1,0.0,0.0,-37.27886621374637,-18.83789669140242,0.05,0.06201705941037897,0,0
1789007503.2973158,2.1993472576141357,-0.00010674855155423292,-4.003829850845537e-05,-2.7876567796561016,0.004149074379191283,0.0008988089385981422,0,1,0.0,0.0,-37.27886621374637,-18.83789669140242,0.05,0.06224469219722476,0,0
1789007503.3479583,2.2499897480010986,-0.0003006240606519706,-0.00011169621631839879,-2.7875821073910636,0.004139931302386482,0.0009284420806373975,0,1,0.0,0.0,-37.27886621374637,-18.83789669140242,0.05,0.06224469219722476,0,0
1789007503.3986945,2.3007259368896484,-0.0004688603176643887,-0.00017398721239365755,-2.7873759008099155,0.003443225769496283,0.0010292117335644168,0,1,0.0,0.0,-37.27886621374637,-18.83789669140242,0.05,0.06224469219722476,0,0
1789007503.4496644,2.3516957759857178,-0.0005980641935583108,-0.00022193440215957161,-2.7870954803097447,0.002610595014286545,0.0010680213587436445,0,1,0.0,0.0,-37.27886621374637,-18.83789669140242,0.05,0.06224469219722476,0,0
1789007503.500146,2.402177333831787,-0.0007002426519760957,-0.0002598206395779899,-2.786939919436218,0.0021706416621336162,0.001264213871097275,0,1,0.0,0.0,-37.27886621374637,-18.83789669140242,0.05,0.062490510832673575,0,0
1789007503.5507576,2.452789068222046,-0.0007984023521338241,-0.0002962112202523803,-2.7868089774761193,0.0020803899334504773,0.0013125027046368301,0,1,0.0,0.0,-37.27886621374637,-18.83789669140242,0.05,0.062490510832673575,0,0
1789007503.6013734,2.5034048557281494,-0.0008934031166955113,-0.00033144485747621354,-2.7866658769185197,0.002024510730313141,0.0014527306765794226,0,1,0.0,0.0,-37.27886621374637,-18.83789669140242,0.05,0.062490510832673575,0,0
1789007503.6522522,2.554283618927002,-0.000988796143336654,-0.0003668316541803887,-2.786533429359505,0.0020204883919595737,0.0014896454288933177,0,1,0.0,0.0,-37.27886621374637,-18.83789669140242,0.05,0.062490510832673575,0,0
1789007503.7026782,2.6047096252441406,-0.0010554185470579081,-0.00039155521746212375,-2.786449132210319,0.0013240710731859324,0.0016215959449736048,0,1,0.0,0.0,-37.27886621374637,-18.83789669140242,0.0066545381000196364,0.09916744013265695,0,0
1789007503.7532752,2.655306577682495,-0.0010829444201767016,-0.00040178115930309647,-2.7863809597438154,0.0005072527724612952,0.0016487157086059376,0,1,0.0,0.0,-37.27886621374637,-18.83789669140242,0.0,0.09999999999999999,0,0
1789007503.8040085,2.7060399055480957,-0.0010864834004871379,-0.00040309322192304194,-2.7863294252294426,6.228379114986014e-05,0.0017143183900840916,0,1,0.0,0.0,-37.27886621374637,-18.83789669140242,0.0,0.09999999999999999,0,0
1789007503.830834,2.732865333557129,-0.0010869490507077275,-0.0004032668733639341,-2.786282706444494,2.9197165941958777e-06,0.0017300103416166674,0,1,0.0,0.0,-37.27886621374637,-18.83789669140242,0.0,0.09999999999999999,0,0
1789007503.8544466,2.7564780712127686,-0.0010861665281167643,-0.00040297285011228317,-2.786257589206528,-3.9062372253395914e-05,0.0017438011575483694,0,1,0.0,0.0,-37.27886621374637,-18.83789669140242,0.0,0.09999999999999999,0,0
1789007503.9051335,2.8071649074554443,-0.00108432203923147,-0.0004022818776350747,-2.786198842055149,-6.754849170934812e-05,0.0017610424248274323,0,1,0.0,0.0,-37.27886621374637,-18.83789669140242,0.0,0.09999999999999999,0,0
1789007503.9308324,2.8328638076782227,-0.001083466430450608,-0.0004019630161107769,-2.786153298581729,-4.37267106748943e-05,0.0017665891215598887,0,1,0.0,0.0,-37.27886621374637,-18.83789669140242,0.0,0.09999999999999999,0,0
1789007503.955787,2.857818365097046,-0.0010818910814013338,-0.00040137209846028066,-2.786152207669876,-7.300203678513745e-05,0.0017673638432491147,0,1,0.0,0.0,-37.27886621374637,-18.83789669140242,0.0,0.09999999999999999,0,0
1789007504.0067916,2.908823013305664,-0.001079645671417949,-0.00040052674430331007,-2.7861574755953105,-7.17853911082273e-05,0.001757426828273143,0,1,0.0,0.0,-37.27886621374637,-18.83789669140242,0.0,0.09999999999999999,0,0
1789007504.0309126,2.9329440593719482,-0.001078895989176614,-0.0004002472563124735,-2.786115378277931,-4.234619569292518e-05,0.0017511234439600122,0,1,0.0,0.0,-37.27886621374637,-18.83789669140242,0.0,0.09999999999999999,0,0
1789007504.0572581,2.95928955078125,-0.0010773587917118073,-0.00039967295171837924,-2.786115166524495,-6.795895175112133e-05,0.00173942794521593,0,1,0.0,0.0,-37.27886621374637,-18.83789669140242,0.0,0.09999999999999999,0,0
1789007504.1078916,3.009922981262207,-0.0010754098082104435,-0.00039894497367435954,-2.786083734676152,-6.3947905088927e-05,0.0017171665957806206,0,1,0.0,0.0,-37.27886621374637,-18.83789669140242,0.0,0.09999999999999999,0,0
1789007504.1309223,3.0329537391662598,-0.0010748150574797575,-0.0003987231296144888,-2.786044673798284,-3.6911506978720655e-05,0.0017077063822574059,0,1,0.0,0.0,-37.27886621374637,-18.83789669140242,0.0,0.09999999999999999,0,0
1789007504.158765,3.0607964992523193,-0.0010733925493352512,-0.000398190087304755,-2.786107613668732,-6.0139493488357594e-05,0.0016785575550756807,0,1,0.0,0.0,-37.27886621374637,-18.83789669140242,0.0,0.09999999999999999,0,0
1789007504.2092502,3.111281633377075,-0.0010717363807545039,-0.0003975726034395955,-2.786082078010004,-5.625929322271753e-05,0.0016347095929931056,0,1,0.0,0.0,-37.27886621374637,-18.83789669140242,0.0,0.09999999999999999,0,0
1789007504.2308786,3.1329100131988525,-0.0010712961205363563,-0.00039740833523470054,-2.7860475542509078,-3.188612478184539e-05,0.0016179748037705851,0,1,0.0,0.0,-37.27886621374637,-18.83789669140242,0.0,0.09999999999999999,0,0
1789007504.2600002,3.162031650543213,-0.0010700032685945476,-0.00039692705861495815,-2.786057787016495,-5.272428519883391e-05,0.0015927001178530366,0,1,0.0,0.0,-37.27886621374637,-18.83789669140242,0.0,0.09999999999999999,0,0
1789007504.310721,3.212752342224121,-0.0010685620825274715,-0.00039639025776002306,-2.786041867208179,-4.937536482542311e-05,0.0015497113739738426,0,1,0.0,0.0,-37.27886621374637,-18.83789669140242,0.0,0.09999999999999999,0,0
1789007504.3308835,3.232914924621582,-0.001068250391553795,-0.00039627385800871707,-2.786011496845615,-2.7521734475884873e-05,0.001532609563184608,0,1,0.0,0.0,-37.27886621374637,-18.83789669140242,0.0,0.09999999999999999,0,0
1789007504.3618648,3.2638962268829346,-0.0010671670409017353,-0.0003958704607848226,-2.786077809933816,-4.6643510236098286e-05,0.0014898806460806556,0,1,0.0,0.0,-37.27886621374637,-18.83789669140242,0.0,0.09999999999999999,0,0
1789007504.4123156,3.3143470287323,-0.0010659059290917157,-0.00039540134401284905,-2.786060133109438,-4.358147567736166e-05,0.0014282482781252778,0,1,0.0,0.0,-37.27886621374637,-18.83789669140242,0.0,0.09999999999999999,0,0
1789007504.4309013,3.332932710647583,-0.0010655878121008649,-0.0003952826886035965,-2.7860346784812826,-2.3826367202584995e-05,0.0014057492795635654,0,1,0.0,0.0,-37.27886621374637,-18.83789669140242,0.0,0.09999999999999999,0,0
1789007504.4629033,3.3649346828460693,-0.0010646176829374118,-0.00039492231541051105,-2.786041438543978,-4.070933131002374e-05,0.0013738238826108762,0,1,0.0,0.0,-37.27886621374637,-18.83789669140242,0.0,0.09999999999999999,0,0
1789007504.5135348,3.4155662059783936,-0.0010635326469054702,-0.00039451888856864814,-2.7860299726816073,-3.813240319680342e-05,0.0013220406648293416,0,1,0.0,0.0,-37.27886621374637,-18.83789669140242,0.0,0.09999999999999999,0,0
1789007504.5308325,3.43286395072937,-0.0010634084668030626,-0.0003944723560143852,-2.7860080934262372,-2.056812756476077e-05,0.0013021868318845344,0,1,0.0,0.0,-37.27886621374637,-18.83789669140242,0.0,0.09999999999999999,0,0
1789007504.5643413,3.4663727283477783,-0.0010624080761979648,-0.00039410090406446634,-2.786050775720269,-3.579373432180841e-05,0.001258019135971571,0,1,0.0,0.0,-37.27886621374637,-18.83789669140242,0.0,0.09999999999999999,0,0
1789007504.614771,3.5168023109436035,-0.0010615407228601959,-0.00039377853280966055,-2.7860241770549456,-3.3802464177804855e-05,0.0012301812160080384,0,1,0.0,0.0,-37.27886621374637,-18.83789669140242,0.0,0.09999999999999999,0,0
1789007504.6308496,3.532881021499634,-0.001061675275115631,-0.0003938281254745989,-2.7860062467718847,-1.5405475787599144e-05,0.001193737194793008,0,1,0.0,0.0,-37.27886621374637,-18.83789669140242,0.0,0.09999999999999999,0,0
1789007504.6653845,3.567415952682495,-0.0010608068025553545,-0.00039350571050353024,-2.786007961972752,-3.048020095663794e-05,0.0011541730966123985,0,1,0.0,0.0,-37.27886621374637,-18.83789669140242,0.0,0.09999999999999999,0,0
1789007504.7162094,3.6182408332824707,-0.001060060913436173,-0.00039322859122213415,-2.786006025637098,-3.0115694054573036e-05,0.0011299041651233856,0,1,0.0,0.0,-37.27886621374637,-18.83789669140242,0.0,0.09999999999999999,0,0
1789007504.7309103,3.632941722869873,-0.0010602188304547186,-0.0003932869313308583,-2.785991513383535,-1.3214654542861212e-05,0.0010867999826239406,0,1,0.0,0.0,-37.27886621374637,-18.83789669140242,0.0,0.09999999999999999,0,0
1789007504.766715,3.6687464714050293,-0.001059430352994933,-0.0003929941082428523,-2.7859604014537296,-2.6688875006148896e-05,0.0010506435244828649,0,1,0.0,0.0,-37.27886621374637,-18.83789669140242,0.0,0.09999999999999999,0,0
1789007504.8179047,3.7199361324310303,-0.0010587680530882468,-0.0003927479143813552,-2.7859229813348403,-2.7124122875323933e-05,0.0010294522232837044,0,1,0.0,0.0,-37.27886621374637,-18.83789669140242,0.0,0.09999999999999999,0,0
1789007504.8309088,3.732940196990967,-0.0010589413353299208,-0.00039281200712967904,-2.785911020770272,-1.1357848081739973e-05,0.001003472384100794,0,1,0.0,0.0,-37.27886621374637,-18.83789669140242,0.0,0.09999999999999999,0,0
1789007504.8686109,3.7706422805786133,-0.0010582088367262976,-0.0003925399752786646,-2.7858963058546906,-2.3612593247490944e-05,0.0009756963565113344,0,1,0.0,0.0,-37.27886621374637,-18.83789669140242,0.0,0.09999999999999999,0,0
1789007504.9195192,3.8215506076812744,-0.001057627208428039,-0.000392323525242345,-2.7858068857148894,-2.4482826758119072e-05,0.0009613690329709898,0,1,0.0,0.0,-37.27886621374637,-18.83789669140242,0.0,0.09999999999999999,0,0
1789007504.9308796,3.8329110145568848,-0.0010948867511052316,-0.00040614832488553053,-2.785796742799443,0.001441142456574936,0.0009450244772555654,0,1,0.0,0.0,-37.27886621374637,-18.83789669140242,0.0,0.09999999999999999,0,0
1789007504.9699926,3.8720240592956543,-0.0011523540905610437,-0.0004275073309177424,-2.7856576765048637,0.0016365972913225308,0.0009515897627187246,0,1,0.0,0.0,-37.27886621374637,-18.83789669140242,0.0,0.09999999999999999,0,0
1789007504.9808362,3.8828675746917725,-0.0012111189024575726,-0.0004493275336738651,-2.7856472654073383,0.0032958228255626234,0.0009532979756879734,0,1,0.0,0.0,-37.27886621374637,-18.83789669140242,0.0,0.09999999999999999,0,0
1789007505.0308328,3.932864189147949,-0.0013905565327317344,-0.0005160451052574913,-2.7855196430264457,0.0043109496307829264,0.0009686640127937264,0,1,0.0,0.0,-37.27886621374637,-18.83789669140242,0.0,0.09999999999999999,0,0
1789007505.0718808,3.973912239074707,-0.0015627538330945288,-0.0005801550655913313,-2.785279540836291,0.0045976571568759695,0.001022220271881384,0,1,0.0,0.0,-37.27886621374637,-18.83789669140242,0.0,0.09999999999999999,0,0
1789007505.0808802,3.9829115867614746,-0.0016013860806503774,-0.0005945343568845208,-2.7852691144913404,0.004621183884156571,0.0010475263097894031,0,1,0.0,0.0,-37.27886621374637,-18.83789669140242,0.0,0.09999999999999999,0,0
1789007505.130834,4.032865524291992,-0.001819229663045498,-0.0006756811672639013,-2.7850956618496636,0.004689292832495259,0.0010962787743287025,0,1,0.0,0.0,-37.27886621374637,-18.83789669140242,0.0,0.09999999999999999,0,0
1789007505.1729689,4.075000286102295,-0.0020082186530322576,-0.0007461076662013763,-2.784970026447265,0.004883128839873359,0.0011487956473738565,0,1,0.0,0.0,-37.27886621374637,-18.83789669140242,0.0,0.09999999999999999,0,0
1789007505.1809034,4.082934856414795,-0.0020076197260249255,-0.0007459163310256325,-2.784959430435088,0.003491063292360164,0.0011758985795208027,0,1,0.0,0.0,-37.27886621374637,-18.83789669140242,0.0,0.09999999999999999,0,0
1789007505.230834,4.1328654289245605,-0.0021177249450532935,-0.0007870192163233619,-2.784845991728883,0.0012146852082854233,0.0012154176925242067,0,1,0.0,0.0,-37.27886621374637,-18.83789669140242,0.0,0.09999999999999999,0,0
1789007505.274468,4.176499366760254,-0.002160708182197321,-0.0008030832624258303,-2.784720130466449,0.0009824744785427659,0.001256142348008663,0,1,0.0,0.0,-37.27886621374637,-18.83789669140242,0.0,0.09999999999999999,0,0
1789007505.2808337,4.182865142822266,-0.002151647918215584,-0.0007997180886104037,-2.7847106094245446,0.0004298579894055584,0.001288469237480035,0,1,0.0,0.0,-37.27886621374637,-18.83789669140242,0.0,0.09999999999999999,0,0
1789007505.3309078,4.23293924331665,-0.0021639104406174876,-0.0008043071109061469,-2.784620229776029,8.418663138680057e-05,0.0013271811204786847,0,1,0.0,0.0,-37.27886621374637,-18.83789669140242,0.0,0.09999999999999999,0,0
1789007505.375454,4.277485370635986,-0.002166211560215333,-0.0008051707100055082,-2.784546244270619,3.863702204903733e-05,0.0013276912471225583,0,1,0.0,0.0,-37.27886621374637,-18.83789669140242,0.0,0.09999999999999999,0,0
1789007505.3808336,4.282865047454834,-0.0021651376266760523,-0.0008047708275413005,-2.7845371257714056,-1.0805186687593652e-05,0.0013642174909153529,0,1,0.0,0.0,-37.27886621374637,-18.83789669140242,0.011663772050042098,0.07000744329989174,0,0
1789007505.4308884,4.3329198360443115,-0.0021640201793248688,-0.000804352834587762,-2.7844681622264,-3.669636059871581e-05,0.00139489314575946,0,1,0.0,0.0,-37.27886621374637,-18.83789669140242,0.02332557255008396,0.0628154622592653,0,0
1789007505.4770925,4.37912392616272,-0.002161133016514055,-0.0008032741124057317,-2.7844118131625457,-8.468878359054086e-05,0.0013945743591274329,0,1,0.0,0.0,-37.27886621374637,-18.83789669140242,0.03499749820016404,0.0628154622592653,0,0
1789007505.4809241,4.382955551147461,-0.0021622501715154474,-0.0008036896577896938,-2.784404979513995,-4.220054735664557e-05,0.0014241848014197222,0,1,0.0,0.0,-37.27886621374637,-18.83789669140242,0.04667062225030349,0.0628154622592653,0,0
1789007505.5308332,4.432864665985107,-0.0021602511111587894,-0.0008029412972032591,-2.784339517938693,-4.1610430070130255e-05,0.0014456851477774142,0,1,0.0,0.0,-37.27886621374637,-18.83789669140242,0.05,0.0628154622592653,0,0
1789007505.5783067,4.480338096618652,-0.0021571425770346995,-0.0008017800480612231,-2.7842811301584867,-8.648318444601973e-05,0.0014452496071377366,0,1,0.0,0.0,-37.27886621374637,-18.83789669140242,0.05,0.06299435791714739,0,0
1789007505.5808814,4.48291277885437,-0.0021584013172523575,-0.0008022487474106791,-2.7842764755545666,-3.9336277103996335e-05,0.0014611040460409254,0,1,0.0,0.0,-37.27886621374637,-18.83789669140242,0.05,0.06299435791714739,0,0
1789007505.6308327,4.532864093780518,-0.002156548409978992,-0.0008015524614318974,-2.7842417252347764,-3.665508210861532e-05,0.001468183710807779,0,1,0.0,0.0,-37.27886621374637,-18.83789669140242,0.05,0.06299435791714739,0,0
1789007505.680059,4.582090377807617,-0.0021536318354345324,-0.0008004620032967592,-2.7841966679864427,-7.856500646632565e-05,0.0014669833105770947,0,1,0.0,0.0,-37.27886621374637,-18.83789669140242,0.05,0.06299435791714739,0,0
1789007505.680904,4.582935333251953,-0.0021917097291524086,-0.0008146537692542007,-2.7841953052758788,0.0012119381740605753,0.001469180038661315,0,1,0.0,0.0,-37.27886621374637,-18.83789669140242,0.05,0.06299435791714739,0,0
1789007505.730998,4.633029460906982,-0.0022853186079712065,-0.0008495714808702799,-2.7841594820068787,0.0029870891170275856,0.0014633542635853866,0,1,0.0,0.0,-37.27886621374637,-18.83789669140242,0.0,0.0,0,0
1789007505.7815716,4.683603048324585,-0.0024290528164914874,-0.000903277389181802,-2.7839799833238703,0.003092767191132325,0.0014678289129541524,0,1,0.0,0.0,-37.27886621374637,-18.83789669140242,0.0,0.0,0,0
1789007505.8324223,4.7344536781311035,-0.002626308162982377,-0.000977010802589986,-2.7837805645201277,0.0039341775026021444,0.0015303656856659317,0,1,0.0,0.0,-37.27886621374637,-18.83789669140242,0.0,0.0,0,0
1789007505.8830285,4.785059928894043,-0.0028157545415208674,-0.0010479357214968276,-2.783504464071275,0.004074421624267931,0.0015391272414131947,0,1,0.0,0.0,-37.27886621374637,-18.83789669140242,0.0,0.0,0,0
1789007505.9336417,4.835673093795776,-0.002902929649434582,-0.00108085433621121,-2.7832589520342816,-0.003683499392912571,0.0016926792606499063,0,1,0.0,0.0,-37.27886621374637,-18.83789669140242,0.0,0.0,0,0
1789007505.9843502,4.88638162612915,-0.002721814672446683,-0.0010129543019701869,-2.783434541488251,-0.003930527901601622,0.0016814146297175938,0,1,0.0,0.0,-37.27886621374637,-18.83789669140242,0.0,0.0,0,0
1789007506.0359862,4.9380176067352295,-0.0012436265509288748,-0.0004603625847305278,-2.78373574130021,-0.024385773017664123,0.0016918234411020905,0,1,0.0,0.0,-37.27886621374637,-18.83789669140242,0.0,0.0,0,0
1789007506.0867212,4.988752603530884,-2.474891844045786e-05,-6.7191042763225e-06,-2.784997064400378,-0.02601045328645016,0.001592347508417658,0,1,0.0,0.0,-37.27886621374637,-18.83789669140242,0.0,0.0,0,0
1789007506.1375947,5.039626121520996,0.0012914865363682659,0.0004807404095055046,-2.7861243170870615,-0.028048463240104626,0.0010882564761900534,0,1,0.0,0.0,-37.27886621374637,-18.83789669140242,0.0,0.0,0,0
1789007506.1487408,5.050772190093994,0.0015825421126692866,0.0005887710983662262,-2.7861307024342596,-0.028394590819115842,0.0007930428899739118,0,1,0.0,0.0,-37.27886621374637,-18.83789669140242,0.0,0.0,0,0
1789007506.1884584,5.090489864349365,0.002423043180181859,0.0009001252522151107,-2.7862650588661815,-0.0208319935667683,0.00041411157454351665,0,1,0.0,0.0,-37.27886621374637,-18.83789669140242,0.011660960500012151,0.018324366500019097,0,0
1789007506.2388787,5.1409101486206055,0.0030125148762313006,0.0011183894454163171,-2.7863134859965544,-0.008175322348122361,0.0001619131260354055,0,1,0.0,0.0,-37.27886621374637,-18.83789669140242,0.023329705349988215,0.03666096554998149,0,0
1789007506.2643466,5.166378021240234,0.003147763398798247,0.0011685416766662494,-2.786322595860563,-0.007148478669200271,-1.8473477515813577e-05,0,1,0.0,0.0,-37.27886621374637,-18.83789669140242,0.034993611800200594,0.05498996140031523,0,0
1789007506.2894635,5.191494941711426,0.0031856595681652245,0.0011806773854450036,-2.7869948772904722,-0.0029412350917671225,-0.0003408457112563143,0,1,0.0,0.0,-37.27886621374637,-18.83789669140242,0.04667141745017034,0.06334808133232099,0,0
1789007506.3400455,5.242076873779297,0.0032703155233923466,0.0012107125365059198,-2.787571223285867,-0.0012187809869238998,-0.0005592612168750482,0,1,0.0,0.0,-37.27886621374637,-18.83789669140242,0.05,0.06334808133232099,0,0
1789007506.3474402,5.249471664428711,0.00326279918635679,0.0012079288304808098,-2.787588932339766,-0.0010302853723853532,-0.0007917274201062692,0,1,0.0,0.0,-37.27886621374637,-18.83789669140242,0.05,0.06334808133232099,0,0
1789007506.3909383,5.292969703674316,0.0032997644657321713,0.0012216438910541826,-2.7876134411463074,-0.0008052598009698552,-0.00108693935334596,0,1,0.0,0.0,-37.27886621374637,-18.83789669140242,0.05,0.06245970955040928,0,0
1789007506.4414127,5.343444108963013,0.0033180679250637045,0.0012284287878500176,-2.7876588593249503,-0.00016051901506177382,-0.0012821921864924093,0,1,0.0,0.0,-37.27886621374637,-18.83789669140242,0.05,0.06245970955040928,0,0
1789007506.451405,5.353436470031738,0.003305916636547548,0.0012239359223866402,-2.787679884827731,-5.080289561596387e-05,-0.0014250633580908815,0,1,0.0,0.0,-37.27886621374637,-18.83789669140242,0.05,0.06245970955040928,0,0
1789007506.492009,5.39404034614563,0.0032810847520372585,0.0012145670326071509,-2.7879001376972865,0.0009684264163891842,-0.001613414488693018,0,1,0.0,0.0,-37.27886621374637,-18.83789669140242,0.05,0.06245970955040928,0,0
1789007506.54289,5.444921493530273,0.0032225571755132125,0.001192868197397978,-2.7880970195538333,0.0013968230498160605,-0.0017388347189420796,0,1,0.0,0.0,-37.27886621374637,-18.83789669140242,0.05,0.06245970955040928,0,0
1789007506.5493753,5.451406717300415,0.003201624174896993,0.0011851366197698128,-2.7881155564654643,0.0014794946190121833,-0.0018874560890678475,0,1,0.0,0.0,-37.27886621374637,-18.83789669140242,0.05,0.06087493921785307,0,0
1789007506.5933738,5.495405197143555,0.003138791746195984,0.001161973786448508,-2.7881841545658967,0.001592952794272579,-0.002036712670721949,0,1,0.0,0.0,-37.27886621374637,-18.83789669140242,0.05,0.06087493921785307,0,0
1789007506.6439767,5.546008110046387,0.003066721498245509,0.0011354157558141984,-2.7882540394698565,0.00158022616649739,-0.0021342083911567015,0,1,0.0,0.0,-37.27886621374637,-18.83789669140242,0.05,0.06087493921785307,0,0
1789007506.6945434,5.596574783325195,0.0029613593467344526,0.001096559191243212,-2.7882426871921635,0.00225565980073298,-0.0023041675419662134,0,1,0.0,0.0,-37.27886621374637,-18.83789669140242,0.05,0.06087493921785307,0,0
1789007506.7454286,5.647459983825684,0.002827881991440864,0.001047324754033682,-2.7880628741123696,0.0030754820657695526,-0.0023285942900658726,0,1,0.0,0.0,-37.27886621374637,-18.83789669140242,0.05,0.06005325216955195,0,0
1789007506.7485392,5.650570631027222,0.002807105307010121,0.0010396434189239205,-2.7880703063934194,0.003183783316135314,-0.0023330662804776346,0,1,0.0,0.0,-37.27886621374637,-18.83789669140242,0.05,0.06005325216955195,0,0
1789007506.795887,5.69791841506958,0.0026595326705329343,0.0009851687331024542,-2.788009523193836,0.0034714421061958216,-0.0023191258286512167,0,1,0.0,0.0,-37.27886621374637,-18.83789669140242,0.05,0.06005325216955195,0,0
1789007506.8465712,5.748602628707886,0.0024952896078261184,0.0009245159626106492,-2.787956851724209,0.003547330348850362,-0.002304599422858849,0,1,0.0,0.0,-37.27886621374637,-18.83789669140242,0.05,0.06005325216955195,0,0
1789007506.8503323,5.752363681793213,0.0024740090125749624,0.0009166495890412664,-2.7879642826166413,0.003576682603042878,-0.0022792405404173438,0,1,0.0,0.0,-37.27886621374637,-18.83789669140242,0.05,0.06005325216955195,0,0
1789007506.8972268,5.799258232116699,0.002321353659875535,0.0008602347353604664,-2.787863125986322,0.0035696649428958766,-0.0022155836141248384,0,1,0.0,0.0,-37.27886621374637,-18.83789669140242,0.05,0.05936249917993943,0,0
1789007506.9480186,5.85004997253418,0.002170256944771147,0.0008043120713955477,-2.787636354787229,0.0031586866687201135,-0.002177630612295845,0,1,0.0,0.0,-37.27886621374637,-18.83789669140242,0.05,0.05936249917993943,0,0
1789007506.99852,5.9005513191223145,0.002042293037828163,0.0007569697435505413,-2.787582553095209,0.002477650618575924,-0.0019753723118088352,0,1,0.0,0.0,-37.27886621374637,-18.83789669140242,0.05,0.05936249917993943,0,0
1789007507.049105,5.951136350631714,0.00193521428541358,0.0007173358215287717,-2.787531456980119,0.0022756492632144535,-0.0019212682403935753,0,1,0.0,0.0,-37.27886621374637,-18.83789669140242,0.05,0.05936249917993943,0,0
1789007507.051747,5.953778505325317,0.0019235076684914986,0.0007130036553709485,-2.787533575592619,0.0022551579355779747,-0.0018588722028058395,0,1,0.0,0.0,-37.27886621374637,-18.83789669140242,0.05,0.05936249917993943,0,0
1789007507.0999887,6.0020201206207275,0.0018277574571522177,0.0006774490826274264,-2.787254984737528,0.0021654208012968175,-0.0016962251507537148,0,1,0.0,0.0,-37.27886621374637,-18.83789669140242,0.05,0.05938742602864902,0,0
1789007507.150421,6.052452325820923,0.0017287128087703323,0.000640759236879692,-2.787219371213963,0.002142807170447485,-0.0016136188500251783,0,1,0.0,0.0,-37.27886621374637,-18.83789669140242,0.05,0.05938742602864902,0,0
1789007507.2010338,6.103065252304077,0.0016501489897403922,0.0006116491795802367,-2.787171928639459,0.0014354033899247507,-0.001392228714450776,0,1,0.0,0.0,-37.27886621374637,-18.83789669140242,0.05,0.05938742602864902,0,0
1789007507.2516596,6.153691053390503,0.0016171807725530259,0.0005994157391783395,-2.7871305856523465,0.000608364976820621,-0.001335362522068802,0,1,0.0,0.0,-37.27886621374637,-18.83789669140242,0.05,0.05938742602864902,0,0
1789007507.255543,6.157574415206909,0.0016118974125236252,0.0005974597930697089,-2.787132499118634,0.0004995930835267815,-0.0012689974001604382,0,1,0.0,0.0,-37.27886621374637,-18.83789669140242,0.05,0.0596912944658349,0,0
1789007507.3025856,6.204617023468018,0.0016045705808393365,0.0005946849039798108,-2.7869757103278756,0.00016166628527197906,-0.001119828917569358,0,1,0.0,0.0,-37.27886621374637,-18.83789669140242,0.05,0.0596912944658349,0,0
1789007507.3530726,6.255104064941406,0.001601138488714677,0.0005933938738780078,-2.7869426983942986,7.643534683815162e-05,-0.0010488119408273496,0,1,0.0,0.0,-37.27886621374637,-18.83789669140242,0.05,0.0596912944658349,0,0
1789007507.3531756,6.255207061767578,0.0015959270853668215,0.0005914644084453868,-2.7869395398642984,5.4281120276111225e-05,-0.0009737881329205788,0,1,0.0,0.0,-37.27886621374637,-18.83789669140242,0.05,0.0596912944658349,0,0
1789007507.4037435,6.305774927139282,0.0015950222141760842,0.0005911171232264108,-2.7869151215926378,2.0132830671441618e-05,-0.0008543712098338253,0,1,0.0,0.0,-37.27886621374637,-18.83789669140242,0.05,0.0596912944658349,0,0
1789007507.4308834,6.33291482925415,0.0015948772750159952,0.0005910636979078187,-2.786935937896686,8.677510104170823e-06,-0.0008084061764721782,0,1,0.0,0.0,-37.27886621374637,-18.83789669140242,0.05,0.060331304112138856,0,0
1789007507.454651,6.356682538986206,0.0015892061655462838,0.0005889439212158358,-2.7868209579761682,9.324530567945665e-06,-0.0007245908048560197,0,1,0.0,0.0,-37.27886621374637,-18.83789669140242,0.05,0.060331304112138856,0,0
1789007507.505145,6.407176494598389,0.001589176676479912,0.0005889257102167598,-2.7867836498873553,5.791175188929169e-06,-0.0006011851081096717,0,1,0.0,0.0,-37.27886621374637,-18.83789669140242,0.05,0.060331304112138856,0,0
1789007507.5308335,6.4328649044036865,0.001589205066738477,0.0005889363770602119,-2.7867967751361844,3.0030528804470524e-06,-0.0005550977960037915,0,1,0.0,0.0,-37.27886621374637,-18.83789669140242,0.05,0.060331304112138856,0,0
1789007507.5557764,6.457807779312134,0.0015836354713980282,0.0005868683537640783,-2.7867453110671727,4.604857454086283e-06,-0.0004980505296344963,0,1,0.0,0.0,-37.27886621374637,-18.83789669140242,0.05,0.060331304112138856,0,0
1789007507.6064546,6.508486032485962,0.0015836708621122853,0.0005868784897033712,-2.786720431666057,4.138732302751132e-06,-0.0004087800651780371,0,1,0.0,0.0,-37.27886621374637,-18.83789669140242,0.0,0.0,0,0
1789007507.6308508,6.532882213592529,0.001583714446085634,0.0005868947014683986,-2.7867286123532757,2.2311892766016195e-06,-0.00037429816160793576,0,1,0.0,0.0,-37.27886621374637,-18.83789669140242,0.0,0.0,0,0
1789007507.6572547,6.559286117553711,0.0015781749772097711,0.0005848386535495242,-2.7866498236042654,3.924685775155723e-06,-0.0003087422304280438,0,1,0.0,0.0,-37.27886621374637,-18.83789669140242,0.0,0.0,0,0
1789007507.7076666,6.609698057174683,0.0015782129910111096,0.0005848510041516,-2.7866165624955266,3.7406696308848112e-06,-0.00021339037085883327,0,1,0.0,0.0,-37.27886621374637,-18.83789669140242,0.0,0.0,0,0
1789007507.7309039,6.632935285568237,0.0015782566800358032,0.0005848672274716821,-2.7866197655997587,1.968871962635443e-06,-0.00017827197851084622,0,1,0.0,0.0,-37.27886621374637,-18.83789669140242,0.0,0.0,0,0
1789007507.7582579,6.660289287567139,0.001578049963054407,0.0005847894155965356,-2.786583985318712,3.605476450111459e-06,-0.0001344023203316433,0,1,0.0,0.0,-37.27886621374637,-18.83789669140242,0.0,0.0,0,0
1789007507.809046,6.711077451705933,0.0015780791895213435,0.0005847991137401646,-2.786543020536586,3.4977786959882487e-06,-6.378965687241448e-05,0,1,0.0,0.0,-37.27886621374637,-18.83789669140242,0.0,0.0,0,0
1789007507.8309116,6.732943058013916,0.0015781225733442349,0.0005848151981764057,-2.7865429958869274,1.7726985193069667e-06,-3.634281082319238e-05,0,1,0.0,0.0,-37.27886621374637,-18.83789669140242,0.0,0.0,0,0
1789007507.8601022,6.762133598327637,0.001577904482699006,0.0005847426356346513,-2.7869282136342317,3.412009865681864e-06,-6.77751437216955e-05,0,1,0.0,0.0,-37.27886621374637,-18.83789669140242,0.0,0.0,0,0
1789007507.910769,6.812800407409668,0.00157792432751922,0.0005847562911296633,-2.787313674744202,3.2994533467200406e-06,-0.0001593337223378348,0,1,0.0,0.0,-37.27886621374637,-18.83789669140242,0.0,0.0,0,0
1789007507.9308846,6.832916021347046,0.0015940501860685604,0.0005907280621192806,-2.7873191317951984,-0.0007619917100678737,-0.00020484551164340247,0,1,0.0,0.0,-37.27886621374637,-18.83789669140242,0.011660568500019508,0.018323750500030656,0,0
1789007507.9614112,6.863442659378052,0.0016190303809140362,0.0005999654789274574,-2.787653568904287,-0.000910399711057084,-0.00030039639213912215,0,1,0.0,0.0,-37.27886621374637,-18.83789669140242,0.023330455750010512,0.03666214475001653,0,0
1789007508.0123117,6.9143431186676025,0.0017198866383339563,0.0006372302454590501,-2.787889565935982,-0.0021624961451073513,-0.000462747702433877,0,1,0.0,0.0,-37.27886621374637,-18.83789669140242,0.035002302999964735,0.0550036189999446,0,0
1789007508.0309305,6.932961940765381,0.0017636623462158976,0.0006533975555486962,-2.787901097257435,-0.0024666652891750583,-0.000527219818142656,0,1,0.0,0.0,-37.27886621374637,-18.83789669140242,0.0466667242999847,0.061453276290364275,0,0
1789007508.063112,6.965143442153931,0.001840645930893222,0.0006818032989446339,-2.788029015381645,-0.0026061261501353376,-0.0006069138316760951,0,1,0.0,0.0,-37.27886621374637,-18.83789669140242,0.05,0.061598891521668225,0,0
1789007508.1136978,7.015729188919067,0.0019673273935371122,0.0007285351153513117,-2.788153180606477,-0.0027405858333593588,-0.0007232544745539297,0,1,0.0,0.0,-37.27886621374637,-18.83789669140242,0.05,0.061598891521668225,0,0
1789007508.1308248,7.032856225967407,0.0020099181645498493,0.0007442465779557674,-2.788167662543363,-0.002693787749658071,-0.0007649892610699283,0,1,0.0,0.0,-37.27886621374637,-18.83789669140242,0.05,0.061598891521668225,0,0
1789007508.1642673,7.066298723220825,0.0020955431223580808,0.0007758131939211433,-2.7882604812291225,-0.0027751471335538537,-0.0008207290564592217,0,1,0.0,0.0,-37.27886621374637,-18.83789669140242,0.05,0.061598891521668225,0,0
1789007508.215399,7.1174304485321045,0.0021088922245627857,0.0007806675969595528,-2.7884022532747217,-0.000637325047790146,-0.0008583189081697693,0,1,0.0,0.0,-37.27886621374637,-18.83789669140242,0.05,0.061598891521668225,0,0
1789007508.2308779,7.132909297943115,0.0020260823922568488,0.0007500752983086108,-2.788418919715593,0.0028147581986688644,-0.0009308072638704746,0,1,0.0,0.0,-37.27886621374637,-18.83789669140242,0.05,0.061598891521668225,0,0
1789007508.265956,7.16798734664917,0.001923387100730657,0.000712247467883832,-2.7882268426417487,0.0032843476680341436,-0.0009448790572365527,0,1,0.0,0.0,-37.27886621374637,-18.83789669140242,0.05,0.06105975284862023,0,0
1789007508.3166664,7.218697786331177,0.0017197740032718263,0.0006371259730792709,-2.7880712340528753,0.004251276212077985,-0.0009518227379166511,0,1,0.0,0.0,-37.27886621374637,-18.83789669140242,0.05,0.06105975284862023,0,0
1789007508.3309045,7.232935905456543,0.0016560688863058318,0.0006136142464589668,-2.7880838115204556,0.004565117105180966,-0.0009338642316096202,0,1,0.0,0.0,-37.27886621374637,-18.83789669140242,0.05,0.06105975284862023,0,0
1789007508.3676522,7.269683599472046,0.001493462284694146,0.0005535726145283219,-2.7879676163481246,0.004818382777414093,-0.0008924713281724056,0,1,0.0,0.0,-37.27886621374637,-18.83789669140242,0.05,0.06105975284862023,0,0
1789007508.4182274,7.320258855819702,0.0012684019020183677,0.00047050549633400403,-2.7880329631370087,0.004901382479164665,-0.0008723812091253407,0,1,0.0,0.0,-37.27886621374637,-18.83789669140242,0.05,0.06105975284862023,0,0
1789007508.430931,7.332962512969971,0.0012153754848504086,0.00045093741837555224,-2.788043289487447,0.004735398913238071,-0.0008580099966167057,0,1,0.0,0.0,-37.27886621374637,-18.83789669140242,0.05,0.06080834773291524,0,0
1789007508.4688704,7.370901823043823,0.0010430463717931002,0.0003872556147181384,-2.7879178389653503,0.004930209599143549,-0.0008163901054715212,0,1,0.0,0.0,-37.27886621374637,-18.83789669140242,0.05,0.06080834773291524,0,0
1789007508.519605,7.421636343002319,0.0008163844612002363,0.00030348760491657583,-2.7878184695295025,0.004930687247806248,-0.000791911092489082,0,1,0.0,0.0,-37.27886621374637,-18.83789669140242,0.05,0.06080834773291524,0,0
1789007508.5309331,7.432964563369751,0.0007699116200961183,0.00028632578981684846,-2.7878250563496207,0.004730510584063651,-0.0007481244747109078,0,1,0.0,0.0,-37.27886621374637,-18.83789669140242,0.05,0.06080834773291524,0,0
1789007508.5706718,7.472703218460083,0.0005901999312778921,0.0002197827644851788,-2.7876077253878657,0.004903230313304721,-0.0006531113204369612,0,1,0.0,0.0,-37.27886621374637,-18.83789669140242,0.05,0.06080834773291524,0,0
1789007508.580807,7.48283839225769,0.0005483602543737724,0.00020432112646774032,-2.7876120186513234,0.004747728946889433,-0.0006054606056609019,0,1,0.0,0.0,-37.27886621374637,-18.83789669140242,0.05,0.06079428546053048,0,0
1789007508.630832,7.53286337852478,0.0003266254878491344,0.00012228954190773134,-2.7875247732647117,0.004711356209328878,-0.0005336310304712016,0,1,0.0,0.0,-37.27886621374637,-18.83789669140242,0.05,0.06079428546053048,0,0
1789007508.6719737,7.574005126953125,0.0001418018965192595,5.385224001014003e-05,-2.787395217446865,0.004864998870782808,-0.00044612008550635356,0,1,0.0,0.0,-37.27886621374637,-18.83789669140242,0.05,0.06079428546053048,0,0
1789007508.6808338,7.582865238189697,0.00010565648530561515,4.048570527428309e-05,-2.7873966664269045,0.004726206817374125,-0.0004008249951753849,0,1,0.0,0.0,-37.27886621374637,-18.83789669140242,0.05,0.06079428546053048,0,0
1789007508.730833,7.632864475250244,-9.076679937654718e-05,-3.2259777106588975e-05,-2.7872866443898516,0.0036572925499214486,-0.0003259317677926958,0,1,0.0,0.0,-37.27886621374637,-18.83789669140242,0.05,0.06079428546053048,0,0
1789007508.77342,7.6754515171051025,-0.00023578334234628076,-8.607042038110874e-05,-2.787096752453424,0.0036408611016540424,-0.000205525683482183,0,1,0.0,0.0,-37.27886621374637,-18.83789669140242,0.05,0.06079428546053048,0,0
1789007508.7809062,7.6829376220703125,-0.00022814766465081973,-8.325059368476441e-05,-2.787095412934938,0.0023717347926077463,-0.0001449507260823413,0,1,0.0,0.0,-37.27886621374637,-18.83789669140242,0.05,0.06101355534900602,0,0
1789007508.830833,7.7328643798828125,-0.0003214678069719152,-0.00011785715893368865,-2.787015721385885,0.001595740312522599,-6.28778313023649e-05,0,1,0.0,0.0,-37.27886621374637,-18.83789669140242,0.05,0.06101355534900602,0,0
1789007508.874736,7.7767674922943115,-0.00038721084990546147,-0.0001422456105836729,-2.7869448627341415,0.00159982879471909,-6.0331769977289944e-05,0,1,0.0,0.0,-37.27886621374637,-18.83789669140242,0.05,0.06101355534900602,0,0
1789007508.880883,7.782914400100708,-0.0003895735859153584,-0.00014312113225450397,-2.78694051489793,0.0013738584434833602,2.5043818486678536e-05,0,1,0.0,0.0,-37.27886621374637,-18.83789669140242,0.05,0.06101355534900602,0,0
1789007508.9309087,7.832940101623535,-0.00045247829235645483,-0.0001664739942468527,-2.7868318534010488,0.0013085754450875176,0.00013624786833255905,0,1,0.0,0.0,-37.27886621374637,-18.83789669140242,0.05,0.06126584167048958,0,0
1789007508.9765847,7.878616094589233,-0.0005082992048917601,-0.00018717255989005526,-2.786784444515827,0.0013001831106557577,0.00013793543533504698,0,1,0.0,0.0,-37.27886621374637,-18.83789669140242,0.0,0.0,0,0
1789007508.9809508,7.88298225402832,-0.0005012877559045752,-0.00018457690176735322,-2.7867787708189558,0.0008746905080238671,0.00022824569938568377,0,1,0.0,0.0,-37.27886621374637,-18.83789669140242,0.0,0.0,0,0
1789007509.0309036,7.932934999465942,-0.0005289061113264212,-0.00019482598558700226,-2.7867301334823593,0.0002795392901988558,0.00030673093310859556,0,1,0.0,0.0,-37.27886621374637,-18.83789669140242,0.0,0.0,0,0
1789007509.077835,7.9798665046691895,-0.0005399774358106849,-0.00019893880663434657,-2.786686042668685,0.00022602869114472934,0.000307977074413923,0,1,0.0,0.0,-37.27886621374637,-18.83789669140242,0.0,0.0,0,0
1789007509.080954,7.982985496520996,-0.0005354032188141146,-0.00019724425348919959,-2.7866810104840103,4.423487568114761e-05,0.00037568535673316336,0,1,0.0,0.0,-37.27886621374637,-18.83789669140242,0.0,0.0,0,0
1789007509.1309326,8.032963991165161,-0.0005357085691784537,-0.0001973656373391918,-2.7866249386211823,-3.177454672955193e-05,0.00045147502585630994,0,1,0.0,0.0,-37.27886621374637,-18.83789669140242,0.0,0.0,0,0
1789007509.1790848,8.081116199493408,-0.0005327885654290382,-0.0001962740461300327,-2.786648794606806,-9.548759097438774e-05,0.0004495020792051896,0,1,0.0,0.0,-37.27886621374637,-18.83789669140242,0.0,0.018315338249703928,0,0
1789007509.180834,8.082865476608276,-0.0005339135063429103,-0.00019669015593573534,-2.7866452902773564,-5.2844853818475256e-05,0.0004978017990597528,0,1,0.0,0.0,-37.27886621374637,-18.83789669140242,0.0,0.036630394899884774,0,0
1789007509.2309043,8.132935762405396,-0.0005224296722945972,-0.0001924289221282494,-2.7866632471467123,-0.0004716836614577039,0.0005269865207570382,0,1,0.0,0.0,-37.27886621374637,-18.83789669140242,0.0,0.05499661419999029,0,0
1789007509.2805588,8.182590246200562,-0.0004985490294779714,-0.0001835738998404933,-2.786679678015807,-0.0005521686007205635,0.0005251476126676134,0,1,0.0,0.0,-37.27886621374637,-18.83789669140242,0.0,0.07330274764999559,0,0
1789007509.280891,8.18292236328125,-0.00048326797491903386,-0.0001779132231793333,-2.786678374218853,-0.0010606997745423894,0.0005442467218899241,0,1,0.0,0.0,-37.27886621374637,-18.83789669140242,0.0,0.09162077814999066,0,0
1789007509.3314714,8.233502864837646,-0.0004277836065372287,-0.00015734890065850478,-2.7867186308695784,-0.0012943140881731161,0.0005503733022582634,0,1,0.0,0.0,-37.27886621374637,-18.83789669140242,0.0,0.0,0,0
1789007509.3819678,8.28399920463562,-0.0003637903564723118,-0.0001336365327117656,-2.786729118132348,-0.0014072345626227757,0.0005487000126608336,0,1,0.0,0.0,-37.27886621374637,-18.83789669140242,0.0,0.0,0,0
1789007509.4327378,8.334769248962402,-0.0002988632372398926,-0.00010958063372225203,-2.7867396537946996,-0.0013917168144539918,0.0005444628129692037,0,1,0.0,0.0,-37.27886621374637,-18.83789669140242,0.0,0.0,0,0
1789007509.4836345,8.385665893554688,-0.0002298572718159846,-8.402733598036225e-05,-2.7868341077185885,-0.0014992926835589628,0.0005391890290551531,0,1,0.0,0.0,-37.27886621374637,-18.83789669140242,0.0,0.0,0,0
1789007509.5341408,8.436172246932983,-0.00021377843439689804,-7.807673128003893e-05,-2.786859593362123,-0.0003839849787792342,0.0004970004396016499,0,1,0.0,0.0,-37.27886621374637,-18.83789669140242,0.0,0.0,0,0
1789007509.5850322,8.487063646316528,-0.000197452603636845,-7.205176577097855e-05,-2.7870115089183862,-0.0003853262033044493,0.00047508366761968345,0,1,0.0,0.0,-37.27886621374637,-18.83789669140242,0.011669988049879974,0.018338552649811393,0,0
1789007509.6359582,8.537989616394043,-0.00019932335745057543,-7.276110735543372e-05,-2.787145414746741,-5.889643048058422e-05,0.00039527030693639457,0,1,0.0,0.0,-37.27886621374637,-18.83789669140242,0.034998976600127206,0.0549983918001999,0,0
1789007509.687197,8.589228391647339,-0.00019633991693885494,-7.174667810225543e-05,-2.7881763673402156,-7.924372653072179e-05,0.00032118071016321866,0,1,0.0,0.0,-37.27886621374637,-18.83789669140242,0.04666542544987351,0.06221536665378761,0,0
1789007509.7376292,8.639660596847534,-0.0001723567639083706,-6.291107257707175e-05,-2.7885711432325615,-0.0008495877487994252,-0.00010008397379466472,0,1,0.0,0.0,-37.27886621374637,-18.83789669140242,0.05,0.06221536665378761,0,0
1789007509.7466042,8.648635625839233,-0.00016325140567027388,-5.955416601119831e-05,-2.7885814589312212,-0.0009244583116205024,-0.0002665276705015001,0,1,0.0,0.0,-37.27886621374637,-18.83789669140242,0.05,0.06216366713323323,0,0
1789007509.7882574,8.690288782119751,-9.856092522931239e-05,-3.568691975889389e-05,-2.788533221678701,-0.002020686061218426,-0.00042451205240227554,0,1,0.0,0.0,-37.27886621374637,-18.83789669140242,0.05,0.06216366713323323,0,0
1789007509.8393297,8.741361141204834,1.2670469020428099e-05,5.30827977292822e-06,-2.788567982938556,-0.0025117505447884133,-0.0005343866550546889,0,1,0.0,0.0,-37.27886621374637,-18.83789669140242,0.05,0.06216366713323323,0,0
1789007509.847483,8.74951434135437,3.300512364287192e-05,1.2801415655008073e-05,-2.788577463986738,-0.0025698043868884776,-0.000636532924490949,0,1,0.0,0.0,-37.27886621374637,-18.83789669140242,0.05,0.06216366713323323,0,0
1789007509.8897676,8.791799068450928,0.00013726808824971883,5.120312821916449e-05,-2.788666285896223,-0.002685528361143834,-0.0007530981103350437,0,1,0.0,0.0,-37.27886621374637,-18.83789669140242,0.05,0.0619878473718806,0,0
1789007509.9403985,8.842429876327515,0.00025140713529499877,9.322103845135382e-05,-2.788749914584434,-0.002309022967331613,-0.0008313949720031136,0,1,0.0,0.0,-37.27886621374637,-18.83789669140242,0.05,0.0619878473718806,0,0
1789007509.9443443,8.846375703811646,0.000258915176472067,9.598470175155226e-05,-2.788756681967116,-0.0022787495476953266,-0.0008968287960231763,0,1,0.0,0.0,-37.27886621374637,-18.83789669140242,0.05,0.0619878473718806,0,0
1789007509.991019,8.8930504322052,0.00025230961320678964,9.354109857734512e-05,-2.7885310128534964,0.0020807467322550054,-0.0009174216868068294,0,1,0.0,0.0,-37.27886621374637,-18.83789669140242,0.05,0.0619878473718806,0,0
1789007510.0420036,8.944035053253174,-4.978869144244841e-05,-1.784146198792924e-05,-2.788190539457202,0.008063221829210028,-0.00092728920933169,0,1,0.0,0.0,-37.27886621374637,-18.83789669140242,0.05,0.0619878473718806,0,0
1789007510.0484395,8.950470924377441,-0.0001140518531990756,-4.1552744228105925e-05,-2.788194879691391,0.00866097638335697,-0.000893504580636123,0,1,0.0,0.0,-37.27886621374637,-18.83789669140242,0.05,0.0619878473718806,0,0
1789007510.0925663,8.994597673416138,-0.0005205678487080102,-0.00019158356646229794,-2.788042948699849,0.010553407693993919,-0.0008284180709635206,0,1,0.0,0.0,-37.27886621374637,-18.83789669140242,0.05,0.061030133763949085,0,0
1789007510.143193,9.04522442817688,-0.0010425561982046572,-0.000384345902335406,-2.7879121925495918,0.011300412623292812,-0.0007849849384312786,0,1,0.0,0.0,-37.27886621374637,-18.83789669140242,0.05,0.061030133763949085,0,0
1789007510.1446602,9.046691656112671,-0.0010594813260993124,-0.00039059611995986886,-2.787910857903691,0.011377715193804691,-0.0007359930011934168,0,1,0.0,0.0,-37.27886621374637,-18.83789669140242,0.05,0.061030133763949085,0,0
1789007510.1941156,9.096147060394287,-0.001583022500925512,-0.000584177801461998,-2.7876686227513536,0.011211365531714467,-0.0006255853991772249,0,1,0.0,0.0,-37.27886621374637,-18.83789669140242,0.05,0.061030133763949085,0,0
1789007510.2446947,9.146726131439209,-0.001971463173494384,-0.0007278263753987253,-2.787590420451674,0.00752167057189871,-0.0005567756246490065,0,1,0.0,0.0,-37.27886621374637,-18.83789669140242,0.05,0.061030133763949085,0,0
1789007510.2485962,9.150627613067627,-0.001989010682940433,-0.0007343125050294989,-2.7875894492830486,0.007166235105784541,-0.0004948885006166003,0,1,0.0,0.0,-37.27886621374637,-18.83789669140242,0.05,0.060739377475498874,0,0
1789007510.2955437,9.197575092315674,-0.0021217177984584603,-0.000783489034756658,-2.787500352254647,0.002322240852995357,-0.00039291216110099456,0,1,0.0,0.0,-37.27886621374637,-18.83789669140242,0.05,0.060739377475498874,0,0
1789007510.3462777,9.248309135437012,-0.002176390204130781,-0.0008037987235705248,-2.787424801574719,0.0008004636601307685,-0.0003495713189444944,0,1,0.0,0.0,-37.27886621374637,-18.83789669140242,0.05,0.060739377475498874,0,0
1789007510.3547318,9.256763219833374,-0.0021772461788952353,-0.0008041155819047877,-2.78742509293663,0.0006118881064933545,-0.0003013609963499308,0,1,0.0,0.0,-37.27886621374637,-18.83789669140242,0.05,0.060739377475498874,0,0
1789007510.3971548,9.29918622970581,-0.0021821604261777943,-0.0008060600098012006,-2.787280492778785,8.65631124082046e-05,-0.00019343184803630715,0,1,0.0,0.0,-37.27886621374637,-18.83789669140242,0.05,0.060739377475498874,0,0
1789007510.4477258,9.349757194519043,-0.002182435916485683,-0.0008061973460676068,-2.787230813438432,-5.1089356015586896e-05,-0.00014085181211238897,0,1,0.0,0.0,-37.27886621374637,-18.83789669140242,0.02835008665019814,0.07905853492533121,0,0
1789007510.4666476,9.36867904663086,-0.0021799476491733993,-0.0008052761714137063,-2.787230251848673,-0.00011417822807933227,-8.937007295120375e-05,0,1,0.0,0.0,-37.27886621374637,-18.83789669140242,0.006663835699828272,0.09740843957564418,0,0
1789007510.498344,9.400375366210938,-0.0021783730727315564,-0.0008047165678231912,-2.7871786584986165,-0.00012090843070924865,-4.9376273983417e-06,0,1,0.0,0.0,-37.27886621374637,-18.83789669140242,0.0,0.09999999999999999,0,0
1789007510.548959,9.450990438461304,-0.0021741077038508086,-0.0008031527694433084,-2.7871356549167365,-0.00012136529910322297,2.9522176530331815e-05,0,1,0.0,0.0,-37.27886621374637,-18.83789669140242,0.0,0.09999999999999999,0,0
1789007510.5999672,9.501998662948608,-0.002169181178946261,-0.0008013499327807431,-2.787050813225977,-0.000126596444751125,0.0001475784646206392,0,1,0.0,0.0,-37.27886621374637,-18.83789669140242,0.0,0.09999999999999999,0,0
1789007510.6504912,9.552522659301758,-0.0021650799507597265,-0.0007998361642322594,-2.787015405248596,-0.00011556498789694133,0.00018527243554845226,0,1,0.0,0.0,-37.27886621374637,-18.83789669140242,0.0,0.09999999999999999,0,0
1789007510.7010345,9.603065967559814,-0.002160813070629286,-0.000798258779576274,-2.786977504771424,-0.00011287901275954567,0.0002820693282536777,0,1,0.0,0.0,-37.27886621374637,-18.83789669140242,0.0,0.09999999999999999,0,0
1789007510.7518096,9.653841018676758,-0.0021572249983458154,-0.0007969331436100195,-2.78693091481728,-0.00010350127007479205,0.00030583845522576773,0,1,0.0,0.0,-37.27886621374637,-18.83789669140242,0.0,0.09999999999999999,0,0
1789007510.8023114,9.70434284210205,-0.0021535603419385427,-0.0007955760910260088,-2.786898603148376,-9.941564141727794e-05,0.0003943622769185283,0,1,0.0,0.0,-37.27886621374637,-18.83789669140242,0.0,0.09999999999999999,0,0
1789007510.852913,9.754944324493408,-0.002150490959017022,-0.000794438913692576,-2.7868720028732628,-9.186730366141775e-05,0.00041399502180235003,0,1,0.0,0.0,-37.27886621374637,-18.83789669140242,0.0,0.09999999999999999,0,0
1789007510.903477,9.805508375167847,-0.00214734114056213,-0.0007932716114934037,-2.7868496923998958,-8.716134650483168e-05,0.0004661277526589507,0,1,0.0,0.0,-37.27886621374637,-18.83789669140242,0.0,0.09999999999999999,0,0
1789007510.9308329,9.83286428451538,-0.00214617328997304,-0.0007928384273104352,-2.786836320907436,-5.331982742138406e-05,0.00047806632451694503,0,1,0.0,0.0,-37.27886621374637,-18.83789669140242,0.0,0.09999999999999999,0,0
1789007510.9542246,9.856256008148193,-0.002144419835873003,-0.0007921889443104589,-2.7868292453140135,-8.186906005159022e-05,0.0004957345870513212,0,1,0.0,0.0,-37.27886621374637,-18.83789669140242,0.0,0.09999999999999999,0,0
1789007511.0046978,9.906729221343994,-0.002142058500149093,-0.0007913135656002068,-2.786805518102806,-7.652752768291408e-05,0.0005211680202469627,0,1,0.0,0.0,-37.27886621374637,-18.83789669140242,0.0,0.09999999999999999,0,0
1789007511.0309036,9.932934999465942,-0.0021411400614135107,-0.0007909728090180741,-2.7867913964894453,-4.5952268875617324e-05,0.0005303808900261318,0,1,0.0,0.0,-37.27886621374637,-18.83789669140242,0.0,0.09999999999999999,0,0
1789007511.055256,9.957287311553955,-0.0021395423690777414,-0.0007903810319099764,-2.7867855385041205,-7.150081197951289e-05,0.0005395080155012153,0,1,0.0,0.0,-37.27886621374637,-18.83789669140242,0.0,0.09999999999999999,0,0
1789007511.1058204,10.007851839065552,-0.0021375193600281224,-0.0007896309633514476,-2.7867674771009634,-6.693604065674721e-05,0.0005527279464268266,0,1,0.0,0.0,-37.27886621374637,-18.83789669140242,0.0,0.09999999999999999,0,0
1789007511.130859,10.032890319824219,-0.00213680375617786,-0.0007893654009131605,-2.786753385700677,-3.957122333348135e-05,0.0005575653682758163,0,1,0.0,0.0,-37.27886621374637,-18.83789669140242,0.0,0.09999999999999999,0,0
1789007511.1566641,10.058695554733276,-0.0021353151258767114,-0.0007888140388596043,-2.7867522173805193,-6.30122097728278e-05,0.0005641158945597367,0,1,0.0,0.0,-37.27886621374637,-18.83789669140242,0.0,0.09999999999999999,0,0
1789007511.2071693,10.109200716018677,-0.0021335987651532897,-0.0007881776614315484,-2.786727952077488,-5.8909009498560326e-05,0.0005736699096364763,0,1,0.0,0.0,-37.27886621374637,-18.83789669140242,0.0,0.09999999999999999,0,0
1789007511.2308328,10.132864236831665,-0.002133060153259312,-0.000787977714330271,-2.786714205428989,-3.416223587016001e-05,0.0005770964802934136,0,1,0.0,0.0,-37.27886621374637,-18.83789669140242,0.0,0.09999999999999999,0,0
1789007511.257731,10.159762382507324,-0.002131683635756127,-0.0007874679083243451,-2.7867081459615224,-5.519251660549151e-05,0.0005798762253943668,0,1,0.0,0.0,-37.27886621374637,-18.83789669140242,0.0,0.09999999999999999,0,0
1789007511.3085048,10.210536241531372,-0.0021301600318493017,-0.0007869029620392893,-2.786686038281811,-5.187120661919352e-05,0.000585118816886283,0,1,0.0,0.0,-37.27886621374637,-18.83789669140242,0.0,0.09999999999999999,0,0
1789007511.3308651,10.232896566390991,-0.0021297651897988048,-0.0007867563223833627,-2.7866728511724417,-2.9519106474603514e-05,0.0005873812980167939,0,1,0.0,0.0,-37.27886621374637,-18.83789669140242,0.0,0.09999999999999999,0,0
1789007511.3594885,10.26151990890503,-0.002128479127532405,-0.0007862799106984491,-2.7866492582868987,-4.8912235334225464e-05,0.000591423611457342,0,1,0.0,0.0,-37.27886621374637,-18.83789669140242,0.0,0.09999999999999999,0,0
1789007511.4103801,10.312411546707153,-0.0021272248128511076,-0.0007858146679318736,-2.7866186688318386,-4.610072377218161e-05,0.00059730912907881,0,1,0.0,0.0,-37.27886621374637,-18.83789669140242,0.0,0.09999999999999999,0,0
1789007511.4309092,10.332940578460693,-0.0021269641280538525,-0.000785717758264832,-2.7866062946352343,-2.5604703875770577e-05,0.0005995056877380082,0,1,0.0,0.0,-37.27886621374637,-18.83789669140242,0.0,0.09999999999999999,0,0
1789007511.4645889,10.366620302200317,-0.002125591121612226,-0.0007852091202306647,-2.786591740691343,-4.573059729299672e-05,0.000601327373190714,0,1,0.0,0.0,-37.27886621374637,-18.83789669140242,0.0,0.09999999999999999,0,0
1789007511.512083,10.414114475250244,-0.0021246511775597364,-0.0007848601921818264,-2.7865385741449384,-4.076307496113866e-05,0.0006100301596069912,0,1,0.0,0.0,-37.27886621374637,-18.83789669140242,0.0,0.09999999999999999,0,0
1789007511.5308852,10.432916641235352,-0.0021244976257939157,-0.0007848030037755167,-2.7865269025573896,-2.218827774252856e-05,0.0006145117136661221,0,1,0.0,0.0,-37.27886621374637,-18.83789669140242,0.0,0.09999999999999999,0,0
1789007511.5625358,10.464567184448242,-0.0021233748493988008,-0.0007843862741544576,-2.786408789725341,-3.814352143817043e-05,0.0006367620832893664,0,1,0.0,0.0,-37.27886621374637,-18.83789669140242,0.0,0.09999999999999999,0,0
1789007511.6131582,10.51518964767456,-0.002122474654415562,-0.0007840514578547593,-2.786296055186572,-3.5753562053512694e-05,0.0006765501428498581,0,1,0.0,0.0,-37.27886621374637,-18.83789669140242,0.0,0.09999999999999999,0,0
1789007511.6309357,10.53296709060669,-0.0021223758707219396,-0.0007840145083538228,-2.7862832051932376,-1.9182428809919793e-05,0.0006929146342458126,0,1,0.0,0.0,-37.27886621374637,-18.83789669140242,0.0,0.09999999999999999,0,0
1789007511.6640644,10.56609582901001,-0.0021213287891530984,-0.000783625475687699,-2.7861391272689913,-3.36473632746966e-05,0.0007361860648506261,0,1,0.0,0.0,-37.27886621374637,-18.83789669140242,0.0,0.09999999999999999,0,0
1789007511.714582,10.616613388061523,-0.002088835675613661,-0.0007715688509541694,-2.7860516329812004,-0.000618850485866391,0.000763258655848016,0,1,0.0,0.0,-37.27886621374637,-18.83789669140242,0.0,0.09999999999999999,0,0
1789007511.7308352,10.632866621017456,-0.002055370193181594,-0.0007591539524759422,-2.786037382252546,-0.0015162335311745298,0.0007994238734585881,0,1,0.0,0.0,-37.27886621374637,-18.83789669140242,0.0,0.09999999999999999,0,0
1789007511.76524,10.667271375656128,-0.0020027061109464724,-0.0007395961389293714,-2.785970376806296,-0.001678096068845612,0.0008367972494539686,0,1,0.0,0.0,-37.27886621374637,-18.83789669140242,0.0,0.09999999999999999,0,0
1789007511.8158762,10.717907667160034,-0.001911465482845783,-0.0007057059425198798,-2.7859030612038507,-0.0019447219832211076,0.0008589929724482653,0,1,0.0,0.0,-37.27886621374637,-18.83789669140242,0.0,0.09999999999999999,0,0
1789007511.8309324,10.732963800430298,-0.0018834702371203055,-0.0006953060510487947,-2.7858885796511665,-0.0019896469372972874,0.0008868701198558154,0,1,0.0,0.0,-37.27886621374637,-18.83789669140242,0.0,0.09999999999999999,0,0
1789007511.8667367,10.768768072128296,-0.0018146263090420157,-0.0006697223199588478,-2.785817034145766,-0.002088246866047057,0.000924983850156017,0,1,0.0,0.0,-37.27886621374637,-18.83789669140242,0.0,0.09999999999999999,0,0
1789007511.9172554,10.819286823272705,-0.0017180972887068252,-0.000633846820680139,-2.785751937448744,-0.002113718413794951,0.0009465716262406381,0,1,0.0,0.0,-37.27886621374637,-18.83789669140242,0.0,0.09999999999999999,0,0
1789007511.9308848,10.832916259765625,-0.0017100528662248905,-0.0006308464339536311,-2.785737668448184,-0.001410004052335708,0.0009722670574092123,0,1,0.0,0.0,-37.27886621374637,-18.83789669140242,0.0,0.09999999999999999,0,0
1789007511.9678721,10.869903564453125,-0.001661569807706128,-0.0006128177784536965,-2.7856708759901134,-0.0014032493394557485,0.0010005209882397036,0,1,0.0,0.0,-37.27886621374637,-18.83789669140242,0.0,0.09999999999999999,0,0
1789007512.0185423,10.920573711395264,-0.0016534840650591692,-0.0006097934451667018,-2.785604233223867,-0.00044686908734169434,0.0010165799785614366,0,1,0.0,0.0,-37.27886621374637,-18.83789669140242,0.0,0.09999999999999999,0,0
1789007512.0308332,10.932864665985107,-0.001668135058186498,-0.0006152295668799901,-2.7855905897959827,0.00032551462444491055,0.001037396634233824,0,1,0.0,0.0,-37.27886621374637,-18.83789669140242,0.0,0.09999999999999999,0,0
1789007512.0694606,10.971492052078247,-0.001682155974439786,-0.000620440631531695,-2.785537530421666,0.00042798744241506406,0.001063916635680923,0,1,0.0,0.0,-37.27886621374637,-18.83789669140242,0.0,0.09999999999999999,0,0
1789007512.119908,11.021939516067505,-0.001711228305003003,-0.0006312512138922988,-2.7854831795195545,0.0005892171449848539,0.0010784152712332437,0,1,0.0,0.0,-37.27886621374637,-18.83789669140242,0.0,0.09999999999999999,0,0
1789007512.1308582,11.032889604568481,-0.0017187477574412806,-0.0006340474149792205,-2.7854705307343464,0.0006532375690053552,0.0010946643711517601,0,1,0.0,0.0,-37.27886621374637,-18.83789669140242,0.0,0.09999999999999999,0,0
1789007512.1705458,11.072577238082886,-0.0017439638198962553,-0.0006434254645301149,-2.7853827053846674,0.0007039192097610974,0.0011184472203295268,0,1,0.0,0.0,-37.27886621374637,-18.83789669140242,0.0,0.09999999999999999,0,0
1789007512.1809096,11.082941055297852,-0.0017501523128313774,-0.0006457285780479758,-2.785370420467112,0.0006837899511253359,0.0011309050440605477,0,1,0.0,0.0,-37.27886621374637,-18.83789669140242,0.0,0.09999999999999999,0,0
1789007512.2309132,11.132944583892822,-0.0018224532328037387,-0.0006726087970589806,-2.785270706244568,0.002341436398435135,0.0011586971276064493,0,1,0.0,0.0,-37.27886621374637,-18.83789669140242,0.0,0.09999999999999999,0,0
1789007512.2722886,11.174319982528687,-0.0019198030271241225,-0.0007088548673858478,-2.785073949422336,0.002623307346091322,0.0012121614797630134,0,1,0.0,0.0,-37.27886621374637,-18.83789669140242,0.0,0.09999999999999999,0,0
1789007512.2808344,11.182865858078003,-0.0019875326532068495,-0.0007340443904779964,-2.785062186272405,0.004439980008184527,0.0012384336426489067,0,1,0.0,0.0,-37.27886621374637,-18.83789669140242,0.0,0.09999999999999999,0,0
1789007512.3308816,11.23291301727295,-0.002223381819244645,-0.0008219057715710125,-2.7848826064413825,0.005615328817853099,0.0012899182150678458,0,1,0.0,0.0,-37.27886621374637,-18.83789669140242,0.011666414899946175,0.0700006474001384,0,0
1789007512.3736694,11.275700807571411,-0.0024571435001316637,-0.0009090800305659092,-2.78468941848014,0.006002434844100075,0.0013593345493409226,0,1,0.0,0.0,-37.27886621374637,-18.83789669140242,0.02333080295015861,0.040006506699592125,0,0
1789007512.380883,11.282914400100708,-0.002496226188264277,-0.0009236546934834616,-2.784677669561708,0.005979452581226462,0.001394386923710689,0,1,0.0,0.0,-37.27886621374637,-18.83789669140242,0.034988437050014906,0.03607841531280429,0,0
1789007512.4308405,11.332871913909912,-0.0027777758959131324,-0.0010287545952942473,-2.784442961133612,0.00604617736940334,0.0014778898924910151,0,1,0.0,0.0,-37.27886621374637,-18.83789669140242,0.04665675630003534,0.03607841531280429,0,0
1789007512.475331,11.377362489700317,-0.003034024119012488,-0.0011244025722082786,-2.7843442600404154,0.0062682556096362325,0.001479023272890424,0,1,0.0,0.0,-37.27886621374637,-18.83789669140242,0.05,0.03607841531280429,0,0
1789007512.4808457,11.382877111434937,-0.0030091033776137458,-0.0011151529216228825,-2.7843322741229812,0.004193754400631331,0.0015526079168984937,0,1,0.0,0.0,-37.27886621374637,-18.83789669140242,0.05,0.03607841531280429,0,0
1789007512.5309331,11.432964563369751,-0.0031447793847371197,-0.0011658731065914783,-2.784237795531351,0.001529284018287455,0.0016156842671219127,0,1,0.0,0.0,-37.27886621374637,-18.83789669140242,0.0,0.0,0,0
1789007512.57694,11.478971481323242,-0.003210524897710483,-0.0011903981875607266,-2.7842008203445823,0.001540619115850567,0.0016141991723662124,0,1,0.0,0.0,-37.27886621374637,-18.83789669140242,0.0,0.0,0,0
1789007512.5808115,11.482842922210693,-0.003184591298337623,-0.0011807389024736797,-2.7841919210657586,0.00046308395011248693,0.0016673514107203803,0,1,0.0,0.0,-37.27886621374637,-18.83789669140242,0.0,0.0,0,0
1789007512.6308336,11.532865047454834,-0.0031982005226589678,-0.0011858037162829974,-2.7841513191372944,0.00010445453963642178,0.0016980122928278597,0,1,0.0,0.0,-37.27886621374637,-18.83789669140242,0.0,0.0,0,0
1789007512.6780386,11.58007001876831,-0.003201255516540589,-0.0011868955022755646,-2.7841900101654913,5.21995891048227e-05,0.0016929526230003305,0,1,0.0,0.0,-37.27886621374637,-18.83789669140242,0.0,0.0,0,0
1789007512.6808825,11.582913875579834,-0.0032181341101468275,-0.0011931871516746631,-2.784184914857649,0.000614924633597407,0.0016977157304232722,0,1,0.0,0.0,-37.27886621374637,-18.83789669140242,0.0,0.0,0,0
1789007512.7308328,11.632864236831665,-0.003115587452831317,-0.0011549706337218356,-2.7842176641285996,-0.005379511545885505,0.0016778730977869668,0,1,0.0,0.0,-37.27886621374637,-18.83789669140242,0.0,0.0,0,0
1789007512.779465,11.681496381759644,-0.0028631206462861897,-0.0010606762866668218,-2.784562279736838,-0.005686010995992413,0.0016599595691117088,0,1,0.0,0.0,-37.27886621374637,-18.83789669140242,0.0,0.0,0,0
1789007512.7808318,11.682863235473633,-0.002596782971088394,-0.0009614002805185041,-2.7845648114040285,-0.014787199473012965,0.0015640955335162949,0,1,0.0,0.0,-37.27886621374637,-18.83789669140242,0.0,0.0,0,0
1789007512.8308856,11.732917070388794,-0.0018217951394448805,-0.0006725386851764187,-2.7847897999086872,-0.01855208946207932,0.0014276843324304619,0,1,0.0,0.0,-37.27886621374637,-18.83789669140242,0.0,0.0,0,0
1789007512.8807237,11.782755136489868,-0.0009292939084411867,-0.0003408384669779194,-2.78547348356177,-0.019449949742833008,0.001394994906230435,0,1,0.0,0.0,-37.27886621374637,-18.83789669140242,0.0,0.0,0,0
1789007512.8808672,11.782898664474487,-0.0009170499579848041,-0.0003362900550199497,-2.785486490267444,-0.019789731031906947,0.0011651563906934313,0,1,0.0,0.0,-37.27886621374637,-18.83789669140242,0.011666224500049793,0.018332638500078248,0,0
1789007512.931297,11.833328485488892,4.205682736700175e-05,1.924322067290286e-05,-2.7860870374797053,-0.02078535099072462,0.0008478965617664207,0,1,0.0,0.0,-37.27886621374637,-18.83789669140242,0.023320633350112984,0.03664670955017755,0,0
1789007512.9821703,11.884201765060425,0.0010549735924846155,0.00039407729224878556,-2.786556447051768,-0.021721958682276027,0.0008267090696994324,0,1,0.0,0.0,-37.27886621374637,-18.83789669140242,0.03500135100016451,0.05500212300025851,0,0
1789007513.0326488,11.934680223464966,0.0013952352626911194,0.0005199122288538373,-2.786544529601961,-0.005560920648223094,0.0001981763823382465,0,1,0.0,0.0,-37.27886621374637,-18.83789669140242,0.05,0.06335961925486723,0,0
1789007513.0832474,11.985278844833374,0.001656379800058875,0.0006159157313738564,-2.7869116827213047,-0.005675414544348683,0.0001818842135191052,0,1,0.0,0.0,-37.27886621374637,-18.83789669140242,0.028325168250057688,0.08169986150481842,0,0
1789007513.1347375,12.036768913269043,0.0015895395458865873,0.0005901097863883286,-2.787466073895626,-0.00040925850349172365,-0.0002712712304414492,0,1,0.0,0.0,-37.27886621374637,-18.83789669140242,0.0,0.09999999999999999,0,0
1789007513.1852856,12.087316989898682,0.001593182359445436,0.0005910856779351353,-2.7877795660469658,-0.00017267627259703067,-0.0005108775474564706,0,1,0.0,0.0,-37.27886621374637,-18.83789669140242,0.0,0.09999999999999999,0,0
1789007513.2359087,12.137940168380737,0.0015099020962360578,0.000560050084812553,-2.7880741744881283,0.0018444912169937179,-0.000980789366390205,0,1,0.0,0.0,-37.27886621374637,-18.83789669140242,0.011671286899991173,0.06998811940002268,0,0
1789007513.286528,12.188559532165527,0.001405043774762501,0.0005213589002348733,-2.788129264080825,0.002169025859419013,-0.0011468611267172737,0,1,0.0,0.0,-37.27886621374637,-18.83789669140242,0.023322839750017012,0.062493375755536075,0,0
1789007513.3375444,12.239575862884521,0.0012662175052165143,0.00047015515622010986,-2.788171296966428,0.0027753689064292774,-0.0014539679581477326,0,1,0.0,0.0,-37.27886621374637,-18.83789669140242,0.046658391499931895,0.062493375755536075,0,0
1789007513.353758,12.255789518356323,0.0012181407372205745,0.00045241314967200947,-2.788202025307395,0.00286986476175053,-0.0015750867614205933,0,1,0.0,0.0,-37.27886621374637,-18.83789669140242,0.05,0.062493375755536075,0,0
1789007513.3880649,12.290096282958984,0.0011280457774722607,0.000419226951628178,-2.788054377560999,0.002870065205932578,-0.0016628539439382422,0,1,0.0,0.0,-37.27886621374637,-18.83789669140242,0.05,0.061155789144492406,0,0
1789007513.4386497,12.340681076049805,0.0010130288866101033,0.00037681399636790646,-2.7879472374294565,0.0022374554130749256,-0.0017222546768463052,0,1,0.0,0.0,-37.27886621374637,-18.83789669140242,0.05,0.061155789144492406,0,0
1789007513.465046,12.367077350616455,0.0009551295914789677,0.0003554327204924518,-2.787994699185664,0.0022857939822062247,-0.001748429023993657,0,1,0.0,0.0,-37.27886621374637,-18.83789669140242,0.05,0.061155789144492406,0,0
1789007513.4892619,12.391293287277222,0.0009394189670540185,0.00034965954233833824,-2.787950974632994,0.0011714946607224897,-0.0017698377089180781,0,1,0.0,0.0,-37.27886621374637,-18.83789669140242,0.05,0.061155789144492406,0,0
1789007513.540158,12.442189455032349,0.000907634365038834,0.00033793039523416886,-2.7878915204797377,0.0004667456036999185,-0.0017826227212057939,0,1,0.0,0.0,-37.27886621374637,-18.83789669140242,0.05,0.061155789144492406,0,0
1789007513.5442462,12.446277618408203,0.0009037853431380315,0.00033650190166820013,-2.7878991163935996,0.00041214511551705864,-0.0017891768628598846,0,1,0.0,0.0,-37.27886621374637,-18.83789669140242,0.05,0.06009157993520301,0,0
1789007513.5906906,12.492722034454346,0.0008906981662457747,0.0003316649813893077,-2.7878744793423222,0.00021743826916365182,-0.0017805083127698286,0,1,0.0,0.0,-37.27886621374637,-18.83789669140242,0.05,0.06009157993520301,0,0
1789007513.6412647,12.543296098709106,0.0008843672555098114,0.00032932124487263263,-2.7878547620397223,0.00011974932162882845,-0.0017741955004967928,0,1,0.0,0.0,-37.27886621374637,-18.83789669140242,0.05,0.06009157993520301,0,0
1789007513.64773,12.549761533737183,0.0008803102079076791,0.00032781467445352634,-2.7878654940245475,0.00011940117367974346,-0.001760896090737047,0,1,0.0,0.0,-37.27886621374637,-18.83789669140242,0.05,0.06009157993520301,0,0
1789007513.6921017,12.594133138656616,0.0008762929217529558,0.00032631357309224413,-2.787691060274184,9.622741932649867e-05,-0.0017003119036857902,0,1,0.0,0.0,-37.27886621374637,-18.83789669140242,0.05,0.06009157993520301,0,0
1789007513.742548,12.644579410552979,0.0008160284856534654,0.00030401641434575063,-2.787667919786704,0.0017220695004260826,-0.0016628429807142317,0,1,0.0,0.0,-37.27886621374637,-18.83789669140242,0.05,0.06009157993520301,0,0
1789007513.7444255,12.646456956863403,0.0008061254182514686,0.0003003474785102734,-2.7876691952083226,0.0018775466355066123,-0.0016252842164209494,0,1,0.0,0.0,-37.27886621374637,-18.83789669140242,0.05,0.059877489830056835,0,0
1789007513.7931848,12.695216178894043,0.0006694599887717846,0.00024978225240789,-2.7874756327780768,0.004065934244006492,-0.001536362541922113,0,1,0.0,0.0,-37.27886621374637,-18.83789669140242,0.05,0.059877489830056835,0,0
1789007513.8438587,12.745890140533447,0.0004436315824723025,0.0001662139751568734,-2.7873093318918483,0.005062175913688976,-0.001476821120343156,0,1,0.0,0.0,-37.27886621374637,-18.83789669140242,0.05,0.059877489830056835,0,0
1789007513.894845,12.796876430511475,0.00018721143148936687,7.119453215202572e-05,-2.787022987741002,0.005425495510407422,-0.0012304018991560943,0,1,0.0,0.0,-37.27886621374637,-18.83789669140242,0.05,0.059877489830056835,0,0
1789007513.9453416,12.847373008728027,-6.880543724559016e-05,-2.3666099941620426e-05,-2.786944336525029,0.005495756487431631,-0.0011424332937563797,0,1,0.0,0.0,-37.27886621374637,-18.83789669140242,0.05,0.029889339530006213,0,0
1789007513.995928,12.897959470748901,-0.00026496158138254505,-9.640143167576303e-05,-2.786848664465455,0.003700461296800756,-0.0009066186856268775,0,1,0.0,0.0,-37.27886621374637,-18.83789669140242,0.05,-0.018452138869691524,0,0
1789007514.0468063,12.948837757110596,-0.0003582868430669732,-0.00013110154053018686,-2.786698102734714,0.0014837123083873951,-0.000840839898118355,0,1,0.0,0.0,-37.27886621374637,-18.83789669140242,0.05,-0.023366978565851848,0,0
1789007514.04721,12.949241399765015,-0.00035272873770070777,-0.00012904644463262077,-2.7866946676316795,0.0012313539001559475,-0.0007427252094122742,0,1,0.0,0.0,-37.27886621374637,-18.83789669140242,0.05,-0.023366978565851848,0,0
1789007514.0972993,12.999330759048462,-0.0003789098807998864,-0.0001387888490836282,-2.786655060973159,0.00035828691541406,-0.000590952366636705,0,1,0.0,0.0,-37.27886621374637,-18.83789669140242,0.05,-0.02314348780705283,0,0
1789007514.1478577,13.049889087677002,-0.0003867878494194117,-0.00014173744304824494,-2.786617005656462,0.00011769692350548861,-0.0005316036143123864,0,1,0.0,0.0,-37.27886621374637,-18.83789669140242,0.05,-0.02314348780705283,0,0
1789007514.1983633,13.10039472579956,-0.0005331291556231458,-0.00019598541818095203,-2.7865950005953657,0.004065605490093496,-0.00037040733221866887,0,1,0.0,0.0,-37.27886621374637,-18.83789669140242,0.05,-0.02314348780705283,0,0
1789007514.2491605,13.15119194984436,-0.0009153059826960587,-0.00033735809524877567,-2.7870818605117957,0.009025146003638471,-0.00034067298809176925,0,1,0.0,0.0,-37.27886621374637,-18.83789669140242,0.05,-0.02314348780705283,0,0
1789007514.2624583,13.16448974609375,-0.0010444132980724113,-0.0003851548663878469,-2.7870875448125707,0.00971218273416294,-0.000363163494798765,0,1,0.0,0.0,-37.27886621374637,-18.83789669140242,0.05,-0.025742725213058287,0,0
1789007514.299639,13.201670408248901,-0.0014503805667622043,-0.0005350081714904923,-2.787558553925978,0.011526658676732526,-0.0004652382931058366,0,1,0.0,0.0,-37.27886621374637,-18.83789669140242,0.05,-0.025742725213058287,0,0
1789007514.3502276,13.252259016036987,-0.002010592053387479,-0.0007415813229286192,-2.787972704563077,0.012065907749275085,-0.0005308460720496326,0,1,0.0,0.0,-37.27886621374637,-18.83789669140242,0.05,-0.025742725213058287,0,0
1789007514.3534396,13.255470991134644,-0.002041790257561347,-0.0007530989921291804,-2.7879791801926284,0.012152786275541465,-0.0006288210180082086,0,1,0.0,0.0,-37.27886621374637,-18.83789669140242,0.05,-0.025742725213058287,0,0
1789007514.4007943,13.302825689315796,-0.0025776255202889075,-0.0009500309209535371,-2.7885750079167844,0.012281403965754025,-0.0008548410281771591,0,1,0.0,0.0,-37.27886621374637,-18.83789669140242,0.05,-0.025742725213058287,0,0
1789007514.4516659,13.353697299957275,-0.0031903427541780656,-0.0011742091530294488,-2.7895107537094206,0.013130263629923198,-0.0009794764025403636,0,1,0.0,0.0,-37.27886621374637,-18.83789669140242,0.05,-0.025742725213058287,0,0
1789007514.4651136,13.36714506149292,-0.003348932533373964,-0.0012324701267872645,-2.7895368502621656,0.013358301079556774,-0.0012283349763980362,0,1,0.0,0.0,-37.27886621374637,-18.83789669140242,0.05,-0.025340672995662315,0,0
1789007514.50213,13.40416145324707,-0.003878184577011665,-0.001426181394504958,-2.7899858377867033,0.015120249888543031,-0.0016309917788899745,0,1,0.0,0.0,-37.27886621374637,-18.83789669140242,0.05,-0.025340672995662315,0,0
1789007514.5527258,13.45475721359253,-0.004636091721483027,-0.0017035259218316663,-2.7903904854970825,0.016324539617910496,-0.0017942682110296925,0,1,0.0,0.0,-37.27886621374637,-18.83789669140242,0.05,-0.025340672995662315,0,0
1789007514.6035798,13.505611181259155,-0.005415994985820357,-0.0019870977007220634,-2.7913689635607257,0.016888811145731503,-0.002430123412633778,0,1,0.0,0.0,-37.27886621374637,-18.83789669140242,0.05,-0.02252150769267852,0,0
1789007514.630833,13.532864332199097,-0.00584211668241009,-0.002142722388844346,-2.791445175316323,0.01673487619172749,-0.0026431592748727023,0,1,0.0,0.0,-37.27886621374637,-18.83789669140242,0.05,-0.02252150769267852,0,0
1789007514.6541266,13.556158065795898,-0.006190993724063608,-0.002269617884910382,-2.791696471487728,0.016995618877835923,-0.0028630818801920806,0,1,0.0,0.0,-37.27886621374637,-18.83789669140242,0.05,-0.02252150769267852,0,0
1789007514.7047343,13.606765747070312,-0.006801276988445048,-0.0024916395522729296,-2.7919869106797854,0.012450861613811549,-0.0031899966491188794,0,1,0.0,0.0,-37.27886621374637,-18.83789669140242,0.05,-0.02252150769267852,0,0
1789007514.7308536,13.632884979248047,-0.006996447285624095,-0.0025624694643535703,-2.792076501725283,0.007364881339851703,-0.0033112294647496777,0,1,0.0,0.0,-37.27886621374637,-18.83789669140242,0.05,-0.02252150769267852,0,0
1789007514.7554543,13.657485723495483,-0.007127018053579572,-0.002609786450687886,-2.792236796053693,0.006666540784110113,-0.003447066605501274,0,1,0.0,0.0,-37.27886621374637,-18.83789669140242,0.05,-0.02252150769267852,0,0
1789007514.8062851,13.708316564559937,-0.007378376067638253,-0.0027013411804505563,-2.7923845129717857,0.005073111042733905,-0.0036712584310455917,0,1,0.0,0.0,-37.27886621374637,-18.83789669140242,0.05,-0.02076345684317251,0,0
1789007514.8308332,13.732864618301392,-0.007488108634047548,-0.0027412804378217736,-2.792478828911144,0.004725014980758964,-0.0037612722657951493,0,1,0.0,0.0,-37.27886621374637,-18.83789669140242,0.05,-0.02076345684317251,0,0
1789007514.856697,13.758728504180908,-0.00757508371511146,-0.002773098231367583,-2.792470714641064,0.004593701689086736,-0.003833997553755669,0,1,0.0,0.0,-37.27886621374637,-18.83789669140242,0.05,-0.02076345684317251,0,0
1789007514.907299,13.809330463409424,-0.007789822100608533,-0.0028514825589650026,-2.792539308562758,0.004452474821179308,-0.003926200727077147,0,1,0.0,0.0,-37.27886621374637,-18.83789669140242,0.05,-0.02076345684317251,0,0
1789007514.9309082,13.832939624786377,-0.00788151725125511,-0.0028848379403208133,-2.792633529046332,0.004104895824371592,-0.0039558480253489995,0,1,0.0,0.0,-37.27886621374637,-18.83789669140242,0.05,-0.02076345684317251,0,0
1789007514.957887,13.859918355941772,-0.007956321858747114,-0.002912221663174074,-2.792591876374846,0.003960983826406454,-0.003971035788900181,0,1,0.0,0.0,-37.27886621374637,-18.83789669140242,0.05,-0.018447066526859998,0,0
1789007515.0087705,13.910801887512207,-0.00809088457657997,-0.002961592688967442,-2.7924459715914014,0.002649018417600621,-0.003955888678341985,0,1,0.0,0.0,-37.27886621374637,-18.83789669140242,0.05,-0.018447066526859998,0,0
1789007515.0309043,13.93293571472168,-0.008128529048837036,-0.002975258178153904,-2.7925328926960176,0.0017922064274241143,-0.003942069563551218,0,1,0.0,0.0,-37.27886621374637,-18.83789669140242,0.05,-0.018447066526859998,0,0
1789007515.0592356,13.961266994476318,-0.008143465132310705,-0.002980752768838861,-2.792534140660755,0.001501559711507328,-0.003918509134461165,0,1,0.0,0.0,-37.27886621374637,-18.83789669140242,0.05,-0.018447066526859998,0,0
1789007515.1100469,14.012078285217285,-0.008203553459627672,-0.0030027326087749095,-2.7925995962049908,0.0011125747779477336,-0.003874801614348356,0,1,0.0,0.0,-37.27886621374637,-18.83789669140242,0.05,-0.018447066526859998,0,0
1789007515.130907,14.032938480377197,-0.008227383407667035,-0.0030114100360004166,-2.792679509515843,0.0011656619614131894,-0.0038568744465017676,0,1,0.0,0.0,-37.27886621374637,-18.83789669140242,0.05,-0.018447066526859998,0,0
1789007515.1609914,14.06302285194397,-0.008230330985100266,-0.0030124967843743835,-2.792695231120414,0.0010029894203289742,-0.0038275927496830937,0,1,0.0,0.0,-37.27886621374637,-18.83789669140242,0.05,-0.015622514716039098,0,0
1789007515.211403,14.113434314727783,-0.008398608062872313,-0.003073815045217023,-2.7928968876047793,0.0034977441285747295,-0.003798119086811898,0,1,0.0,0.0,-37.27886621374637,-18.83789669140242,0.05,-0.015622514716039098,0,0
1789007515.2308338,14.132865190505981,-0.008515946424350572,-0.003116592412608625,-2.792970297336076,0.006048661099293303,-0.0037901813022981116,0,1,0.0,0.0,-37.27886621374637,-18.83789669140242,0.05,-0.015622514716039098,0,0
1789007515.2620058,14.164037227630615,-0.008673731729023195,-0.0031739070633177574,-2.793062087116248,0.0064900624642573075,-0.003779960269428984,0,1,0.0,0.0,-37.27886621374637,-18.83789669140242,0.05,-0.015622514716039098,0,0
1789007515.3125908,14.214622259140015,-0.009008593487803043,-0.0032954929090591592,-2.7933601613792973,0.007099393697300873,-0.003787005239423688,0,1,0.0,0.0,-37.27886621374637,-18.83789669140242,0.05,-0.015622514716039098,0,0
1789007515.330833,14.232864379882812,-0.009131578545741037,-0.0033401418479509374,-2.793429612444573,0.007182833735730788,-0.0037942725025559305,0,1,0.0,0.0,-37.27886621374637,-18.83789669140242,0.05,-0.01887480156496167,0,0
1789007515.3634458,14.265477180480957,-0.009322558423393149,-0.0034093802026625305,-2.7935405403600178,0.007266154853697188,-0.0038013563706090093,0,1,0.0,0.0,-37.27886621374637,-18.83789669140242,0.05,-0.01887480156496167,0,0
1789007515.4138649,14.315896272659302,-0.009666244154087846,-0.0035341597220581752,-2.793640352401807,0.007310771545506971,-0.0037946809037897903,0,1,0.0,0.0,-37.27886621374637,-18.83789669140242,0.05,-0.01887480156496167,0,0
1789007515.4309208,14.33295226097107,-0.009785891375110684,-0.003577561662958618,-2.7937047821591543,0.007450436573261913,-0.0037886529607786953,0,1,0.0,0.0,-37.27886621374637,-18.83789669140242,0.05,-0.01887480156496167,0,0
1789007515.46712,14.36915135383606,-0.010008083251112734,-0.003658180314970225,-2.7937259658216727,0.007553876033599899,-0.0037633599760198235,0,1,0.0,0.0,-37.27886621374637,-18.83789669140242,0.05,-0.01887480156496167,0,0
1789007515.5154846,14.417515993118286,-0.010424323514397116,-0.003809391812752599,-2.7937270196758655,0.008989835447414574,-0.0037444932330470016,0,1,0.0,0.0,-37.27886621374637,-18.83789669140242,0.05,-0.018787005320191383,0,0
1789007515.530931,14.432962417602539,-0.010603602516761595,-0.003874477309475092,-2.793782519314312,0.010875339830057947,-0.003693559354510103,0,1,0.0,0.0,-37.27886621374637,-18.83789669140242,0.05,-0.018787005320191383,0,0
1789007515.565907,14.467938423156738,-0.010933983680062346,-0.003994139491555502,-2.7939197997574707,0.011265006236798703,-0.003656646127120923,0,1,0.0,0.0,-37.27886621374637,-18.83789669140242,0.05,-0.018787005320191383,0,0
1789007515.6165125,14.51854395866394,-0.011492549760511584,-0.004196589100858048,-2.794078166493256,0.011827798688541483,-0.0036340556089905214,0,1,0.0,0.0,-37.27886621374637,-18.83789669140242,0.05,-0.018787005320191383,0,0
1789007515.6308532,14.53288459777832,-0.011651566718970618,-0.0042541858657828575,-2.794128817984535,0.011871492457942076,-0.003607227724025087,0,1,0.0,0.0,-37.27886621374637,-18.83789669140242,0.05,-0.018787005320191383,0,0
1789007515.6671271,14.569158554077148,-0.012022159473798932,-0.004388377010328479,-2.794202585261421,0.01211903464191926,-0.003573952975490495,0,1,0.0,0.0,-37.27886621374637,-18.83789669140242,0.05,-0.015430026638011136,0,0
1789007515.718,14.620031356811523,-0.012606323648348275,-0.004600127536598044,-2.794249570825141,0.01236969947928415,-0.0035520830126531213,0,1,0.0,0.0,-37.27886621374637,-18.83789669140242,0.05,-0.015430026638011136,0,0
1789007515.7308822,14.632913589477539,-0.012778105621990006,-0.004662349700213463,-2.7942929196594344,0.013284822861516084,-0.003502262759141281,0,1,0.0,0.0,-37.27886621374637,-18.83789669140242,0.05,-0.015430026638011136,0,0
1789007515.7685192,14.67055058479309,-0.013213071368517999,-0.004819793709339712,-2.794359638412931,0.013656428925650308,-0.0034498238495426175,0,1,0.0,0.0,-37.27886621374637,-18.83789669140242,0.05,-0.015430026638011136,0,0
1789007515.8191636,14.721194982528687,-0.013917714182312182,-0.005075000551706662,-2.794446188153555,0.014778436701987543,-0.0034189101536684953,0,1,0.0,0.0,-37.27886621374637,-18.83789669140242,0.05,-0.015430026638011136,0,0
1789007515.830835,14.732866525650024,-0.014085466406231782,-0.005135701187369372,-2.7944836371830704,0.015068947407734458,-0.0033736632675637787,0,1,0.0,0.0,-37.27886621374637,-18.83789669140242,0.05,-0.015430026638011136,0,0
1789007515.8699174,14.77194881439209,-0.014599509686260795,-0.005321768056275091,-2.7945081483193257,0.015443359975615245,-0.003313913116538049,0,1,0.0,0.0,-37.27886621374637,-18.83789669140242,0.05,-0.015273894366497792,0,0
1789007515.8809052,14.782936573028564,-0.014753218083041917,-0.0053773595908482895,-2.7945427606644992,0.015276680919649385,-0.0032822249973698597,0,1,0.0,0.0,-37.27886621374637,-18.83789669140242,0.05,-0.015273894366497792,0,0
1789007515.93094,14.832971334457397,-0.015481733110437166,-0.0056410841847642215,-2.794614606190981,0.01569147068763606,-0.003218753834581022,0,1,0.0,0.0,-37.27886621374637,-18.83789669140242,0.05,-0.015273894366497792,0,0
1789007515.9715402,14.873571634292603,-0.016036327536055762,-0.005841687091322393,-2.7946623096195595,0.01604962860864199,-0.003151672995580073,0,1,0.0,0.0,-37.27886621374637,-18.83789669140242,0.05,-0.015273894366497792,0,0
1789007515.9808788,14.882910251617432,-0.016194746652244178,-0.005898988283317713,-2.794689845566654,0.01680199635752094,-0.003116376429749249,0,1,0.0,0.0,-37.27886621374637,-18.83789669140242,0.05,-0.015273894366497792,0,0
1789007516.0308902,14.932921648025513,-0.01701301258060758,-0.006195107349131787,-2.794745422179876,0.017999014362038122,-0.0030577943592819128,0,1,0.0,0.0,-37.27886621374637,-18.83789669140242,0.05,0.0,0,0
1789007516.073056,14.975087404251099,-0.017680836423151592,-0.0064368399163417305,-2.794701346295773,0.018515918346942457,-0.002960336681834147,0,1,0.0,0.0,-37.27886621374637,-18.83789669140242,0.05,0.0,0,0
1789007516.0809307,14.982962131500244,-0.017814973295646193,-0.006485326620157178,-2.794722312547475,0.018462276653743694,-0.0029113623831597485,0,1,0.0,0.0,-37.27886621374637,-18.83789669140242,0.05,0.0,0,0
1789007516.1308255,15.032856941223145,-0.018683665769232072,-0.006799568633369958,-2.794786774702893,0.01855722605706457,-0.0028429516042295755,0,1,0.0,0.0,-37.27886621374637,-18.83789669140242,0.05,0.0,0,0
1789007516.1744032,15.07643461227417,-0.019389611501919507,-0.007054755440564379,-2.7948409743263865,0.01893359541872794,-0.0028405409907630843,0,1,0.0,0.0,-37.27886621374637,-18.83789669140242,0.05,0.0,0,0
1789007516.1808975,15.082928895950317,-0.019468804026446247,-0.007083332491380112,-2.794855421978469,0.01774892893930692,-0.002768271095169757,0,1,0.0,0.0,-37.27886621374637,-18.83789669140242,0.05,0.0,0,0
1789007516.2309265,15.132957935333252,-0.020281064074325252,-0.007377067733510469,-2.7949046603673007,0.016768953838853264,-0.0026886574330536954,0,1,0.0,0.0,-37.27886621374637,-18.83789669140242,0.05,0.0,0,0
1789007516.2760618,15.178093194961548,-0.0209304174328879,-0.007612125027253302,-2.794835515933275,0.017045586262738516,-0.002681148418973541,0,1,0.0,0.0,-37.27886621374637,-18.83789669140242,0.05,0.0,0,0
1789007516.28085,15.182881355285645,-0.020992535419136257,-0.007634554216720474,-2.794842508607369,0.01658050614774079,-0.002566455990222935,0,1,0.0,0.0,-37.27886621374637,-18.83789669140242,0.05,0.0,0,0
1789007516.3309195,15.232950925827026,-0.021772347169174675,-0.007916679526991146,-2.794857327592916,0.016527912936184646,-0.00245505544046749,0,1,0.0,0.0,-37.27886621374637,-18.83789669140242,0.05,0.0,0,0
1789007516.3775752,15.279606580734253,-0.02242973456592213,-0.008155115973594721,-2.7946415964194022,0.01677638028076373,-0.0024410207031304652,0,1,0.0,0.0,-37.27886621374637,-18.83789669140242,0.05,0.0,0,0
1789007516.3809116,15.2829430103302,-0.022473876735531532,-0.00817106805639475,-2.7946411720624558,0.016505859094603913,-0.0022972699924346386,0,1,0.0,0.0,-37.27886621374637,-18.83789669140242,0.05,0.0,0,0
1789007516.430832,15.332863330841064,-0.023266399045044857,-0.008459290229077222,-2.7942435676113377,0.017322452521748386,-0.0020424046679320467,0,1,0.0,0.0,-37.27886621374637,-18.83789669140242,0.05,0.0,0,0
1789007516.4787993,15.380830764770508,-0.023975127715730727,-0.008716095031377423,-2.794231682184663,0.017590545648366228,-0.0020377027970642073,0,1,0.0,0.0,-37.27886621374637,-18.83789669140242,0.05,0.0,0,0
1789007516.4808846,15.38291597366333,-0.02400053733271406,-0.008725282310497622,-2.7942252292595144,0.0172490665113071,-0.00184514034686,0,1,0.0,0.0,-37.27886621374637,-18.83789669140242,0.05,0.0,0,0
1789007516.530833,15.432864427566528,-0.02478411820865213,-0.009009308710274142,-2.794197032775157,0.01593783614434208,-0.001673194785429732,0,1,0.0,0.0,-37.27886621374637,-18.83789669140242,0.05,0.0,0,0
1789007516.5802076,15.482239007949829,-0.02544667620673723,-0.0092489883771121,-2.7943085556582736,0.016122179476475325,-0.0016744112615768474,0,1,0.0,0.0,-37.27886621374637,-18.83789669140242,0.05,0.0,0,0
1789007516.5808387,15.482870101928711,-0.025436844316864476,-0.009245414300824999,-2.7943022992974718,0.015378804577707591,-0.0015478774845514443,0,1,0.0,0.0,-37.27886621374637,-18.83789669140242,0.05,0.0,0,0
1789007516.6311123,15.533143758773804,-0.02616039627090843,-0.009507245600022453,-2.79439116466502,0.01518520901953715,-0.001427523942743438,0,1,0.0,0.0,-37.27886621374637,-18.83789669140242,0.05,0.0,0,0
1789007516.6816351,15.583666563034058,-0.0267984109208948,-0.009738241312276406,-2.7943763611822128,0.015320594546123008,-0.0014237083844058876,0,1,0.0,0.0,-37.27886621374637,-18.83789669140242,0.05,0.0,0,0
1789007516.732397,15.63442850112915,-0.027517626464811845,-0.009998778942640422,-2.7943448230842076,0.016371003157411454,-0.0012074603791939064,0,1,0.0,0.0,-37.27886621374637,-18.83789669140242,0.05,-0.00017847369269778039,0,0
1789007516.7830205,15.685051918029785,-0.02821049614054725,-0.010249811811322904,-2.794272148372322,0.016552352450081534,-0.0012017346365812054,0,1,0.0,0.0,-37.27886621374637,-18.83789669140242,0.05,-0.00017847369269778039,0,0
1789007516.83406,15.736091375350952,-0.029247274258499337,-0.010625811753695013,-2.794115649292482,0.020608124396369984,-0.0009771025298366948,0,1,0.0,0.0,-37.27886621374637,-18.83789669140242,0.05,-0.00017847369269778039,0,0
1789007516.8845158,15.786547183990479,-0.03014095331397593,-0.010949679746704221,-2.794062777372295,0.02103121356736256,-0.0008935208413747292,0,1,0.0,0.0,-37.27886621374637,-18.83789669140242,0.05,-0.00017847369269778039,0,0
1789007516.935541,15.8375723361969,-0.03117928373554854,-0.011326111095600968,-2.7940061645938026,0.022183532339325403,-0.0007195717102361245,0,1,0.0,0.0,-37.27886621374637,-18.83789669140242,0.05,0.030242958270634217,0,0
1789007516.986459,15.888490438461304,-0.032152321153852886,-0.011679137340601537,-2.793877176609735,0.022653326298080572,-0.0006500176920157413,0,1,0.0,0.0,-37.27886621374637,-18.83789669140242,0.05,0.030242958270634217,0,0
1789007517.0369258,15.938957214355469,-0.03336792993074476,-0.012119966379185599,-2.7938323025360003,0.025297812178497112,-0.0004478812664961644,0,1,0.0,0.0,-37.27886621374637,-18.83789669140242,0.05,0.030242958270634217,0,0
1789007517.0517228,15.953754186630249,-0.033613208911992945,-0.012208799499947461,-2.7938347472193894,0.025511743304763572,-0.0003809333761133961,0,1,0.0,0.0,-37.27886621374637,-18.83789669140242,0.06103121392428873,0.030773145835070567,0,0
1789007517.087647,15.989678382873535,-0.0344773920896176,-0.012522426503729428,-2.793754353966057,0.025755335869160574,-0.00028912357119095024,0,1,0.0,0.0,-37.27886621374637,-18.83789669140242,0.06103121392428873,0.030773145835070567,0,0
1789007517.1383426,16.040374040603638,-0.03570487650046972,-0.012967824317688613,-2.793688063641223,0.025865527881882754,-0.00022601804671168755,0,1,0.0,0.0,-37.27886621374637,-18.83789669140242,0.06103121392428873,0.030773145835070567,0,0
1789007517.1473725,16.04940390586853,-0.03580714497658179,-0.013004850930457657,-2.7936866050419984,0.02592952176984246,-0.00016712441644059522,0,1,0.0,0.0,-37.27886621374637,-18.83789669140242,0.06103121392428873,0.030773145835070567,0,0
1789007517.1892278,16.091259241104126,-0.03681757829806791,-0.013374948001421996,-2.7928855886087853,0.02570954998928855,8.862575306794385e-05,0,1,0.0,0.0,-37.27886621374637,-18.83789669140242,0.06103121392428873,0.030773145835070567,0,0
1789007517.239777,16.14180850982666,-0.038102887101258,-0.013843544615968111,-2.792584434272574,0.027865034762702166,0.00025085662433534057,0,1,0.0,0.0,-37.27886621374637,-18.83789669140242,0.06103121392428873,0.030773145835070567,0,0
1789007517.260396,16.16242742538452,-0.03852542875505455,-0.013997378782586696,-2.792568915721064,0.0282399364441957,0.00040299750393367023,0,1,0.0,0.0,-37.27886621374637,-18.83789669140242,0.06529781125485898,0.031218785404150077,0,0
1789007517.2903972,16.192428588867188,-0.03940805156337518,-0.014320068231169665,-2.7922288137135474,0.03125475360731892,0.000625869027982287,0,1,0.0,0.0,-37.27886621374637,-18.83789669140242,0.06529781125485898,0.031218785404150077,0,0
1789007517.3412077,16.243239164352417,-0.04094082149849772,-0.01488092525246344,-2.791714426688098,0.032684044077352856,0.0007815500332179198,0,1,0.0,0.0,-37.27886621374637,-18.83789669140242,0.06529781125485898,0.031218785404150077,0,0
1789007517.350671,16.252702474594116,-0.04110067787349159,-0.01493943207769732,-2.791695919357639,0.032905532291734166,0.0009940826219106862,0,1,0.0,0.0,-37.27886621374637,-18.83789669140242,0.06529781125485898,0.031218785404150077,0,0
1789007517.3916955,16.293726921081543,-0.04237175602671585,-0.015404261360578991,-2.791457122690121,0.03319681055250604,0.0012438802830644898,0,1,0.0,0.0,-37.27886621374637,-18.83789669140242,0.05,0.028421959088203354,0,0
1789007517.4422998,16.34433126449585,-0.04400149139294208,-0.016000231029793147,-2.7912363602713857,0.034928443630727606,0.001409738557418734,0,1,0.0,0.0,-37.27886621374637,-18.83789669140242,0.05,0.028421959088203354,0,0
1789007517.4597452,16.36177659034729,-0.04443564180854733,-0.016159139056218443,-2.7912020503480566,0.03530707899011311,0.0015541771652967814,0,1,0.0,0.0,-37.27886621374637,-18.83789669140242,0.05,0.028421959088203354,0,0
1789007517.492877,16.39490842819214,-0.04561229308314326,-0.01658979484115242,-2.791023556799417,0.038122571339892164,0.0017337616147396302,0,1,0.0,0.0,-37.27886621374637,-18.83789669140242,0.05,0.028421959088203354,0,0
1789007517.543794,16.445825338363647,-0.04750305860456972,-0.017282061264563327,-2.7907929883057347,0.040293208852863784,0.0018542967828727081,0,1,0.0,0.0,-37.27886621374637,-18.83789669140242,0.05,0.028421959088203354,0,0
1789007517.5484746,16.45050597190857,-0.04752990156311557,-0.01729219718025156,-2.790777359640667,0.040537655088541145,0.0019999987194461197,0,1,0.0,0.0,-37.27886621374637,-18.83789669140242,0.05,0.028421959088203354,0,0
1789007517.5944016,16.49643301963806,-0.049286577414798804,-0.017935313737859507,-2.790642685328073,0.041124991500283974,0.0022075505858557957,0,1,0.0,0.0,-37.27886621374637,-18.83789669140242,0.06166998770004284,0.029577213584755874,0,0
1789007517.6450171,16.547048568725586,-0.05123890773368405,-0.018650183550492798,-2.7905214875227786,0.04134130571333288,0.002284515121351468,0,1,0.0,0.0,-37.27886621374637,-18.83789669140242,0.07319681063294411,0.029577213584755874,0,0
1789007517.6507623,16.552793741226196,-0.05129455482622372,-0.018670939865473673,-2.79050462040757,0.0414047398270803,0.0023562413622425903,0,1,0.0,0.0,-37.27886621374637,-18.83789669140242,0.07319681063294411,0.029577213584755874,0,0
1789007517.6956167,16.59764814376831,-0.05300660353655695,-0.019297077042439933,-2.790531204706447,0.040875696958470945,0.0024492717473060636,0,1,0.0,0.0,-37.27886621374637,-18.83789669140242,0.07319681063294411,0.029577213584755874,0,0
1789007517.7465634,16.648594856262207,-0.054884004864926624,-0.019982607784963535,-2.7906904566141977,0.038936184822092074,0.0024740797738258087,0,1,0.0,0.0,-37.27886621374637,-18.83789669140242,0.07319681063294411,0.029577213584755874,0,0
1789007517.797055,16.6990864276886,-0.05644423822057469,-0.020553078925675497,-2.7907203133587295,0.036253829784606735,0.002471020140670874,0,1,0.0,0.0,-37.27886621374637,-18.83789669140242,0.0666569029201161,0.01699999869801105,0,0
1789007517.84765,16.74968147277832,-0.05813435034714744,-0.02117061365345289,-2.790753048502153,0.03554448912574008,0.0024592200832633136,0,1,0.0,0.0,-37.27886621374637,-18.83789669140242,0.0666569029201161,0.01699999869801105,0,0
1789007517.8505793,16.752610683441162,-0.05804064201427886,-0.021136664501248785,-2.7907468956677812,0.03542328654072559,0.0024371534377457442,0,1,0.0,0.0,-37.27886621374637,-18.83789669140242,0.0666569029201161,0.01699999869801105,0,0
1789007517.898409,16.800440311431885,-0.059614584030492225,-0.021710381450268122,-2.7909582127565056,0.03510966251545407,0.0023555597226557197,0,1,0.0,0.0,-37.27886621374637,-18.83789669140242,0.0666569029201161,0.01699999869801105,0,0
1789007517.9489431,16.850974559783936,-0.06128932798102396,-0.0223219676554813,-2.7909818204600327,0.03548460994181147,0.0023086902656458325,0,1,0.0,0.0,-37.27886621374637,-18.83789669140242,0.0666569029201161,0.01699999869801105,0,0
1789007517.999847,16.901878356933594,-0.06273654565248549,-0.022849903160785983,-2.79111884984962,0.03422370509621696,0.0021456474209760497,0,1,0.0,0.0,-37.27886621374637,-18.83789669140242,0.07893618658185009,0.027474079839885247,0,0
1789007518.0505385,16.95256996154785,-0.06428383947192629,-0.02341403490494887,-2.791238908158442,0.03225399985228399,0.0020905234192757334,0,1,0.0,0.0,-37.27886621374637,-18.83789669140242,0.07893618658185009,0.027474079839885247,0,0
1789007518.0506313,16.952662706375122,-0.06407332091582106,-0.02333736255420516,-2.7912420621986103,0.0319446835302923,0.0020169126634800366,0,1,0.0,0.0,-37.27886621374637,-18.83789669140242,0.07893618658185009,0.027474079839885247,0,0
1789007518.1015165,17.00354790687561,-0.06556802001615947,-0.023880188719119223,-2.791641692093325,0.03112840917437883,0.0018132665551143798,0,1,0.0,0.0,-37.27886621374637,-18.83789669140242,0.07893618658185009,0.027474079839885247,0,0
1789007518.152006,17.05403733253479,-0.06703517160736075,-0.02441440343304729,-2.791750830405385,0.03096031080467501,0.0017078032539919975,0,1,0.0,0.0,-37.27886621374637,-18.83789669140242,0.07510966151952742,0.02735555972903968,0,0
1789007518.2025952,17.104626655578613,-0.06844744001786429,-0.02492849461868928,-2.791886245715352,0.03510076696347724,0.0013992720122611043,0,1,0.0,0.0,-37.27886621374637,-18.83789669140242,0.07510966151952742,0.02735555972903968,0,0
1789007518.2532115,17.155242919921875,-0.07050520021224572,-0.02567769521074706,-2.7920011049901334,0.044570153176685265,0.0013173480378765826,0,1,0.0,0.0,-37.27886621374637,-18.83789669140242,0.07510966151952742,0.02735555972903968,0,0
1789007518.2555454,17.1575767993927,-0.0704008917387373,-0.025639753427963423,-2.792002774830592,0.04577639669746871,0.001218061664891368,0,1,0.0,0.0,-37.27886621374637,-18.83789669140242,0.07510966151952742,0.02735555972903968,0,0
1789007518.3040895,17.20612096786499,-0.07282266700428369,-0.026523335767983876,-2.7918661870113954,0.0543111521287943,0.0010706976201388851,0,1,0.0,0.0,-37.27886621374637,-18.83789669140242,0.07194468468427659,0.027016912680119288,0,0
1789007518.3308785,17.23290991783142,-0.07422682840719468,-0.027035454025242264,-2.7918400627320743,0.05631376010419718,0.001016153680501912,0,1,0.0,0.0,-37.27886621374637,-18.83789669140242,0.07194468468427659,0.027016912680119288,0,0
1789007518.3545418,17.25657320022583,-0.0752508768635604,-0.027409297832006834,-2.791795270701143,0.05721726933220468,0.0009671904970599802,0,1,0.0,0.0,-37.27886621374637,-18.83789669140242,0.07194468468427659,0.027016912680119288,0,0
1789007518.4052682,17.307299613952637,-0.07798753555469118,-0.02840848081324114,-2.7916602711298615,0.05808462548041234,0.0009082642945152411,0,1,0.0,0.0,-37.27886621374637,-18.83789669140242,0.07194468468427659,0.027016912680119288,0,0
1789007518.4308352,17.332866668701172,-0.07936454882162303,-0.02891103206421545,-2.7916379880942155,0.05752046445858993,0.0008901168542631179,0,1,0.0,0.0,-37.27886621374637,-18.83789669140242,0.07194468468427659,0.027016912680119288,0,0
1789007518.4663897,17.36842107772827,-0.08103704133103062,-0.029522675578982673,-2.791507813511154,0.05831820450197301,0.0008762562997149313,0,1,0.0,0.0,-37.27886621374637,-18.83789669140242,0.07194468468427659,0.027016912680119288,0,0
1789007518.5067546,17.408786058425903,-0.08325689153358348,-0.03033343791489892,-2.7914519581511636,0.05912837823495118,0.0008540094096767799,0,1,0.0,0.0,-37.27886621374637,-18.83789669140242,0.05027024878399061,0.02621806166134776,0,0
1789007518.5309362,17.43296766281128,-0.08461377315301236,-0.030828951571211932,-2.791431716230923,0.06004600013529382,0.0008459123217769953,0,1,0.0,0.0,-37.27886621374637,-18.83789669140242,0.05,0.02621806166134776,0,0
1789007518.5573072,17.459338665008545,-0.08583876020651765,-0.031276690086940555,-2.7913986272137836,0.060826549729062165,0.0008360685724547933,0,1,0.0,0.0,-37.27886621374637,-18.83789669140242,0.05,0.02621806166134776,0,0
1789007518.6078491,17.509880542755127,-0.08872380798483165,-0.03233090990118125,-2.7913186946564403,0.06137865661066649,0.0008249280116207395,0,1,0.0,0.0,-37.27886621374637,-18.83789669140242,0.05,0.02621806166134776,0,0
1789007518.6308796,17.5329110622406,-0.09003665000280679,-0.03281055190600506,-2.791299875181985,0.06093830141411473,0.0008214825559649426,0,1,0.0,0.0,-37.27886621374637,-18.83789669140242,0.05,0.02621806166134776,0,0
1789007518.658731,17.560762405395508,-0.09134582653613303,-0.033290813779112916,-2.79113145254817,0.061501115338833255,0.0008381944162416082,0,1,0.0,0.0,-37.27886621374637,-18.83789669140242,0.05,0.025890116847585895,0,0
1789007518.7092578,17.611289262771606,-0.09423762732297211,-0.034349127890143195,-2.790985474989978,0.0614783213090277,0.0008709701061942607,0,1,0.0,0.0,-37.27886621374637,-18.83789669140242,0.05,0.025890116847585895,0,0
1789007518.7309341,17.632965564727783,-0.09546860730607164,-0.03479933383439474,-2.7909658682821195,0.06073893476490151,0.0008855712611823795,0,1,0.0,0.0,-37.27886621374637,-18.83789669140242,0.05,0.025890116847585895,0,0
1789007518.7598977,17.6619291305542,-0.09681757634792892,-0.035294019848278534,-2.7908593424772454,0.06118885888808739,0.000910955996390801,0,1,0.0,0.0,-37.27886621374637,-18.83789669140242,0.05,0.025890116847585895,0,0
1789007518.8107474,17.7127788066864,-0.09969795910472434,-0.03635229031154634,-2.7904378364818805,0.06081210286031744,0.0010129927805769582,0,1,0.0,0.0,-37.27886621374637,-18.83789669140242,0.05,0.025890116847585895,0,0
1789007518.8308384,17.732869863510132,-0.1008285433425643,-0.03676648148331267,-2.7904151332928446,0.06022668913417558,0.001064493726221006,0,1,0.0,0.0,-37.27886621374637,-18.83789669140242,0.05,0.025824927992653113,0,0
1789007518.8611808,17.763212203979492,-0.10222365181069336,-0.037280006158841826,-2.790222513115745,0.060631210091006554,0.0011390099589672963,0,1,0.0,0.0,-37.27886621374637,-18.83789669140242,0.05,0.025824927992653113,0,0
1789007518.9117877,17.81381916999817,-0.10507902546102652,-0.0383282702032319,-2.790033193675944,0.0605300039303083,0.0012535234248569481,0,1,0.0,0.0,-37.27886621374637,-18.83789669140242,0.05,0.025824927992653113,0,0
1789007518.9309053,17.832936763763428,-0.10609714349649017,-0.03870178921392754,-2.790007051725964,0.05742407683162835,0.0012964683205014195,0,1,0.0,0.0,-37.27886621374637,-18.83789669140242,0.05,0.025824927992653113,0,0
1789007518.962349,17.864380359649658,-0.10744387210880739,-0.03919762191593611,-2.7898714519613725,0.057258865175396474,0.0013558554274525566,0,1,0.0,0.0,-37.27886621374637,-18.83789669140242,0.05,0.025824927992653113,0,0
1789007519.0132346,17.915266036987305,-0.10983749981202928,-0.040076952145285484,-2.789737182517839,0.05030427504923097,0.0014557169119330205,0,1,0.0,0.0,-37.27886621374637,-18.83789669140242,0.06167246290028743,-0.004189976608085989,0,0
1789007519.0308337,17.932865142822266,-0.11058003973702873,-0.04034966127160521,-2.789709804219703,0.04609816787326967,0.0014948619774116532,0,1,0.0,0.0,-37.27886621374637,-18.83789669140242,0.0733361789502851,-0.007422377328233165,0,0
1789007519.0636814,17.965712785720825,-0.11162643722180757,-0.040734724483241204,-2.789656361952017,0.045251554745681107,0.0015353894195769228,0,1,0.0,0.0,-37.27886621374637,-18.83789669140242,0.08499810300013451,-0.007422377328233165,0,0
1789007519.1142907,18.016322135925293,-0.11370446192842319,-0.04149776134467086,-2.789589385396341,0.04391925737472331,0.0015614970493329403,0,1,0.0,0.0,-37.27886621374637,-18.83789669140242,0.09666362190000655,-0.007422377328233165,0,0
1789007519.1308348,18.03286623954773,-0.11436935274374709,-0.041741989212960254,-2.7895619490320755,0.043263908853327065,0.001591855577564648,0,1,0.0,0.0,-37.27886621374637,-18.83789669140242,0.1011888580024243,-0.007422377328233165,0,0
1789007519.1649039,18.066935300827026,-0.11538047789691365,-0.04211401637158464,-2.7895329389688595,0.04297271962426933,0.0016155352464813377,0,1,0.0,0.0,-37.27886621374637,-18.83789669140242,0.1011888580024243,-0.007422377328233165,0,0
1789007519.2159173,18.11794877052307,-0.11752781940602687,-0.04290059531233505,-2.789675691595851,0.04453196751816611,0.0016243065259841994,0,1,0.0,0.0,-37.27886621374637,-18.83789669140242,0.09725886672735212,-0.006977477956873666,0,0
1789007519.2308877,18.13291907310486,-0.11820253353607968,-0.04314831914850774,-2.789652184544129,0.04640179023400402,0.001607763043119002,0,1,0.0,0.0,-37.27886621374637,-18.83789669140242,0.09725886672735212,-0.006977477956873666,0,0
1789007519.2664356,18.168467044830322,-0.11937639202597143,-0.04357569935576298,-2.790067318257976,0.04650184168781896,0.0015018599838771424,0,1,0.0,0.0,-37.27886621374637,-18.83789669140242,0.09725886672735212,-0.006977477956873666,0,0
1789007519.317037,18.21906852722168,-0.1215863232390152,-0.0443822407518983,-2.790412873708219,0.046545836743443855,0.0014379073664271698,0,1,0.0,0.0,-37.27886621374637,-18.83789669140242,0.09725886672735212,-0.006977477956873666,0,0
1789007519.330833,18.232864379882812,-0.12218612896339807,-0.04460199595770886,-2.7903997588751603,0.04644097126712878,0.0013165022392730805,0,1,0.0,0.0,-37.27886621374637,-18.83789669140242,0.09725886672735212,-0.006977477956873666,0,0
1789007519.367873,18.269904375076294,-0.12341193504038628,-0.04504377371523026,-2.7911836986521905,0.046373454558429575,0.0010259664324468222,0,1,0.0,0.0,-37.27886621374637,-18.83789669140242,0.07558734217790514,-0.006771836228047799,0,0
1789007519.4183104,18.32034182548523,-0.12561286203254182,-0.04584427479493639,-2.7915678355613163,0.04646749214208927,0.0008654173181725313,0,1,0.0,0.0,-37.27886621374637,-18.83789669140242,0.05387891842732641,-0.006771836228047799,0,0
1789007519.430819,18.332850456237793,-0.12626609336644676,-0.04608279317229744,-2.791568781386087,0.050774103525685496,0.0006424685033995566,0,1,0.0,0.0,-37.27886621374637,-18.83789669140242,0.05,-0.006771836228047799,0,0
1789007519.4688966,18.370928049087524,-0.12768894455873622,-0.046599128949466585,-2.7918903574951606,0.05133083146111951,0.0003940380602263669,0,1,0.0,0.0,-37.27886621374637,-18.83789669140242,0.05,-0.006771836228047799,0,0
1789007519.519472,18.42150330543518,-0.13070545641227765,-0.04769653091723149,-2.7921636856791174,0.061535708830731055,0.0002515798781695654,0,1,0.0,0.0,-37.27886621374637,-18.83789669140242,0.05,-0.006771836228047799,0,0
1789007519.5308657,18.432897090911865,-0.13161422934602268,-0.04802781729065046,-2.7921713654479023,0.07188948091093314,5.72344554245513e-05,0,1,0.0,0.0,-37.27886621374637,-18.83789669140242,0.06166501524994601,-0.006895425993328284,0,0
1789007519.5702603,18.472291707992554,-0.13390392578220178,-0.048858582567761766,-2.792483620038999,0.07403482654882465,-0.00021296079807836925,0,1,0.0,0.0,-37.27886621374637,-18.83789669140242,0.07332483370009868,-0.006895425993328284,0,0
1789007519.5808313,18.48286271095276,-0.13467512821625055,-0.04913935107187146,-2.792492867811993,0.07570370213451758,-0.0003563163491569399,0,1,0.0,0.0,-37.27886621374637,-18.83789669140242,0.08499672540006031,-0.006895425993328284,0,0
1789007519.6308339,18.532865285873413,-0.13826265059502477,-0.05044449326659493,-2.7925779084734237,0.07699299363134465,-0.0005224532580521176,0,1,0.0,0.0,-37.27886621374637,-18.83789669140242,0.08654583707451824,-0.006895425993328284,0,0
1789007519.671441,18.573472499847412,-0.1407867388579808,-0.051362790829704456,-2.792593147731956,0.07834738266819741,-0.0006646144903962122,0,1,0.0,0.0,-37.27886621374637,-18.83789669140242,0.08654583707451824,-0.006895425993328284,0,0
1789007519.680904,18.582935333251953,-0.14144342247737912,-0.05160172829346804,-2.792603815201258,0.07698926642235895,-0.0007435058569045347,0,1,0.0,0.0,-37.27886621374637,-18.83789669140242,0.08757348263805566,-0.004605961929773902,0,0
1789007519.730871,18.63290238380432,-0.14504310677071858,-0.05291182890243033,-2.792625249935646,0.07634174730038937,-0.000835248685628992,0,1,0.0,0.0,-37.27886621374637,-18.83789669140242,0.08757348263805566,-0.004605961929773902,0,0
1789007519.7728791,18.67491054534912,-0.1476150734485678,-0.05384843096022715,-2.7925778705190916,0.07735179895819982,-0.00093002359987694,0,1,0.0,0.0,-37.27886621374637,-18.83789669140242,0.08757348263805566,-0.004605961929773902,0,0
1789007519.7808843,18.682915687561035,-0.14817559073918507,-0.05405240448752014,-2.7925878137974367,0.07666968745087699,-0.0009823781733757613,0,1,0.0,0.0,-37.27886621374637,-18.83789669140242,0.08757348263805566,-0.004605961929773902,0,0
1789007519.8309119,18.732943296432495,-0.1517791028515111,-0.05536463136208498,-2.7925747724132495,0.0766138202171072,-0.0010325361345975257,0,1,0.0,0.0,-37.27886621374637,-18.83789669140242,0.08757348263805566,-0.004605961929773902,0,0
1789007519.8739748,18.77600622177124,-0.15441592280864153,-0.05632526255290615,-2.7925163606738463,0.07757425606195249,-0.0010635194364640396,0,1,0.0,0.0,-37.27886621374637,-18.83789669140242,0.08757348263805566,-0.004605961929773902,0,0
1789007519.880883,18.782914400100708,-0.15489498632460236,-0.05649962338612325,-2.79252471739404,0.07675820508210565,-0.0010821437544682264,0,1,0.0,0.0,-37.27886621374637,-18.83789669140242,0.09924385113789126,-0.005664614490233352,0,0
1789007519.9309096,18.83294105529785,-0.15851355307338277,-0.05781915776811173,-2.792412995742854,0.07719466640674129,-0.0010864767544866464,0,1,0.0,0.0,-37.27886621374637,-18.83789669140242,0.11091107278805962,-0.005664614490233352,0,0
1789007519.9754965,18.877527952194214,-0.16126359442597324,-0.05882190969806004,-2.79233469552768,0.0781183236435316,-0.00108200263374152,0,1,0.0,0.0,-37.27886621374637,-18.83789669140242,0.11834738492965703,-0.005664614490233352,0,0
1789007519.9808617,18.882893085479736,-0.1616636871174055,-0.05896761907129369,-2.7923400187276877,0.07843619986620823,-0.0010728681376943694,0,1,0.0,0.0,-37.27886621374637,-18.83789669140242,0.11834738492965703,-0.005664614490233352,0,0
1789007520.030834,18.932865381240845,-0.16536737456022366,-0.06031821046731633,-2.7922721543387663,0.0793371169213728,-0.001045426059783225,0,1,0.0,0.0,-37.27886621374637,-18.83789669140242,0.11834738492965703,-0.005664614490233352,0,0
1789007520.0766907,18.978722095489502,-0.16828167334414318,-0.06138058130846646,-2.7922458368854217,0.0802898329206091,-0.0010424509926122408,0,1,0.0,0.0,-37.27886621374637,-18.83789669140242,0.09669170997989572,-0.0026490448104838507,0,0
1789007520.0808816,18.98291301727295,-0.16857678462536624,-0.06148808124255334,-2.792248668974411,0.07964887831423995,-0.0010164274473796404,0,1,0.0,0.0,-37.27886621374637,-18.83789669140242,0.07501623407996708,-0.0026490448104838507,0,0
1789007520.1308835,19.032914876937866,-0.17232110175399856,-0.06285390738077566,-2.7921783209601925,0.07972325360104693,-0.0009717109102970426,0,1,0.0,0.0,-37.27886621374637,-18.83789669140242,0.053356003929902765,-0.0026490448104838507,0,0
1789007520.1782377,19.08026909828186,-0.17534498883510666,-0.06395493286660484,-2.7922603373288633,0.08063116746517815,-0.0009732179856609862,0,1,0.0,0.0,-37.27886621374637,-18.83789669140242,0.05,-0.0026490448104838507,0,0
1789007520.180883,19.082914352416992,-0.17558940900885,-0.06404397688674873,-2.7922618141710362,0.08241807813287844,-0.000953398795213812,0,1,0.0,0.0,-37.27886621374637,-18.83789669140242,0.05,-0.0026490448104838507,0,0
1789007520.2308383,19.132869720458984,-0.17954108835741128,-0.06548311883762253,-2.792331326647017,0.08623161865392218,-0.0009452456246842539,0,1,0.0,0.0,-37.27886621374637,-18.83789669140242,0.05,-0.002739534789385892,0,0
1789007520.2795413,19.181572675704956,-0.1829434568373263,-0.06671886539086755,-2.7925682567060153,0.08737699398682201,-0.0009534021992775089,0,1,0.0,0.0,-37.27886621374637,-18.83789669140242,0.05,-0.002739534789385892,0,0
1789007520.280881,19.182912349700928,-0.18306303061134108,-0.066762393346326,-2.792571185229251,0.08772863003460779,-0.000986303981377124,0,1,0.0,0.0,-37.27886621374637,-18.83789669140242,0.05,-0.002739534789385892,0,0
1789007520.3309233,19.232954740524292,-0.18720160206239217,-0.06826753284066818,-2.7926839230760003,0.08819821401063165,-0.0010245620971563812,0,1,0.0,0.0,-37.27886621374637,-18.83789669140242,0.05,-0.002739534789385892,0,0
1789007520.3805666,19.28259801864624,-0.19075023951880873,-0.0695577072894333,-2.792748287953967,0.08934652042361278,-0.0010251544195683576,0,1,0.0,0.0,-37.27886621374637,-18.83789669140242,0.05,-0.002739534789385892,0,0
1789007520.380836,19.282867431640625,-0.19074247151520482,-0.06955487272261959,-2.792750264849536,0.08831424469698827,-0.0010544875031450055,0,1,0.0,0.0,-37.27886621374637,-18.83789669140242,0.06166620209996836,0.010693448662447437,0,0
1789007520.4311619,19.33319330215454,-0.1948374246392593,-0.07104420854440754,-2.792805535268499,0.08417326919857833,-0.0010776125831553195,0,1,0.0,0.0,-37.27886621374637,-18.83789669140242,0.07332748774988432,0.010693448662447437,0,0
1789007520.4820175,19.38404893875122,-0.19826064807729882,-0.07229238360903106,-2.792621662341097,0.08504114983379864,-0.0010673664461998847,0,1,0.0,0.0,-37.27886621374637,-18.83789669140242,0.08500109340002382,0.010693448662447437,0,0
1789007520.5324292,19.434460639953613,-0.2013851416306173,-0.07343067312814715,-2.7925749134630915,0.06832312143653414,-0.001001094156547891,0,1,0.0,0.0,-37.27886621374637,-18.83789669140242,0.10832799875001911,0.010693448662447437,0,0
1789007520.5830185,19.485049962997437,-0.2039999446639618,-0.07438405226482764,-2.7924739865852404,0.06834990198447295,-0.0009945243196177902,0,1,0.0,0.0,-37.27886621374637,-18.83789669140242,0.12000395640011448,0.010693448662447437,0,0
1789007520.6336153,19.535646677017212,-0.20703148756052928,-0.07548959116010616,-2.7923789589980355,0.06485178741651046,-0.0008703817126989293,0,1,0.0,0.0,-37.27886621374637,-18.83789669140242,0.12934652060270313,0.010641512294920786,0,0
1789007520.6845589,19.58659029006958,-0.2094804526838941,-0.07638725939632897,-2.791988757329126,0.06471128862318208,-0.0008519462446577769,0,1,0.0,0.0,-37.27886621374637,-18.83789669140242,0.12934652060270313,0.010641512294920786,0,0
1789007520.7350373,19.63706874847412,-0.2128020855799976,-0.07760214584930422,-2.7917234715881274,0.07265609937265824,-0.0006092529527814187,0,1,0.0,0.0,-37.27886621374637,-18.83789669140242,0.11821922768246045,0.01059930021564166,0,0
1789007520.78575,19.68778133392334,-0.2156348097504684,-0.07864179612363278,-2.7913156774315193,0.07342251461190033,-0.0004956163059627135,0,1,0.0,0.0,-37.27886621374637,-18.83789669140242,0.11821922768246045,0.01059930021564166,0,0
1789007520.8366013,19.738632678985596,-0.21980643952039314,-0.08017440608637691,-2.7907110295554314,0.08467117734265545,-0.00018874944234363177,0,1,0.0,0.0,-37.27886621374637,-18.83789669140242,0.11821922768246045,0.01059930021564166,0,0
1789007520.887084,19.78911542892456,-0.2231646197960845,-0.08140679744424383,-2.7905414262995474,0.08569322338647768,1.4843087600090373e-05,0,1,0.0,0.0,-37.27886621374637,-18.83789669140242,0.11821922768246045,0.01059930021564166,0,0
1789007520.9376717,19.83970308303833,-0.22742846140159592,-0.08297021121108059,-2.7903749619045337,0.09218189319152163,0.00039640505926637177,0,1,0.0,0.0,-37.27886621374637,-18.83789669140242,0.09973753419789397,0.010814720424047365,0,0
1789007520.9447167,19.846748113632202,-0.22734025008505243,-0.08293899461983827,-2.7903648766585865,0.09277913900881207,0.0005245320214313611,0,1,0.0,0.0,-37.27886621374637,-18.83789669140242,0.09973753419789397,0.010814720424047365,0,0
1789007520.9883301,19.890361547470093,-0.23139550085759442,-0.0844259275723435,-2.790255253418494,0.10302827251352698,0.0006791418294687026,0,1,0.0,0.0,-37.27886621374637,-18.83789669140242,0.09973753419789397,0.010814720424047365,0,0
1789007521.0392787,19.941310167312622,-0.23652567693431376,-0.08630788172975712,-2.7901195864696677,0.1099038680003206,0.0007860132950081701,0,1,0.0,0.0,-37.27886621374637,-18.83789669140242,0.09973753419789397,0.010814720424047365,0,0
1789007521.0411615,19.943192958831787,-0.23599426156718145,-0.08611429995690617,-2.790112895866419,0.11045942288593293,0.0009047126510405035,0,1,0.0,0.0,-37.27886621374637,-18.83789669140242,0.09973753419789397,0.010814720424047365,0,0
1789007521.0897424,19.99177384376526,-0.24107924798524516,-0.08797996221098738,-2.7900067292425694,0.1125294839625308,0.0010392349339272357,0,1,0.0,0.0,-37.27886621374637,-18.83789669140242,0.08440601148388602,0.008348176420561999,0,0
1789007521.1404922,20.042523622512817,-0.2464460619099159,-0.0899494314921717,-2.7899112453752672,0.11318588805405563,0.0011297552762825982,0,1,0.0,0.0,-37.27886621374637,-18.83789669140242,0.08440601148388602,0.008348176420561999,0,0
1789007521.1454263,20.047457695007324,-0.24620107669131172,-0.089861027216911,-2.789901646317121,0.11331697971882727,0.001204963857330814,0,1,0.0,0.0,-37.27886621374637,-18.83789669140242,0.08440601148388602,0.008348176420561999,0,0
1789007521.1911695,20.09320092201233,-0.2510188264119378,-0.09163102349051083,-2.7897358178333174,0.11166576755872311,0.00131084694427776,0,1,0.0,0.0,-37.27886621374637,-18.83789669140242,0.08440601148388602,0.008348176420561999,0,0
1789007521.2419863,20.144017696380615,-0.2561746124916475,-0.09352661060608206,-2.7895431200815044,0.10721989159415989,0.0013830813166960914,0,1,0.0,0.0,-37.27886621374637,-18.83789669140242,0.08440601148388602,0.008348176420561999,0,0
1789007521.2556775,20.157708883285522,-0.2567361928222099,-0.09373470888066505,-2.78951895083547,0.1070678824926317,0.0014774459125704961,0,1,0.0,0.0,-37.27886621374637,-18.83789669140242,0.09607811633398093,0.026690055470711148,0,0
1789007521.2923987,20.194430112838745,-0.26031400228688645,-0.0950524968492306,-2.789296608690306,0.10375683517577082,0.0016082021275986586,0,1,0.0,0.0,-37.27886621374637,-18.83789669140242,0.10774914563383142,0.03257137931805726,0,0
1789007521.3430529,20.245084285736084,-0.2651781095750236,-0.09684335953904809,-2.78908629551392,0.1022649119443602,0.001694627642039015,0,1,0.0,0.0,-37.27886621374637,-18.83789669140242,0.11942276248385249,0.03257137931805726,0,0
1789007521.351576,20.253607511520386,-0.26516348748902624,-0.09684017861309442,-2.789066941227805,0.10218901931247375,0.0017783687527337703,0,1,0.0,0.0,-37.27886621374637,-18.83789669140242,0.13107539053396727,0.03257137931805726,0,0
1789007521.3940084,20.296039819717407,-0.26921095501130876,-0.09833915767056368,-2.7884918967662586,0.10175313883474714,0.001996883269776633,0,1,0.0,0.0,-37.27886621374637,-18.83789669140242,0.1427493094338181,0.03257137931805726,0,0
1789007521.4446507,20.34668207168579,-0.27394789584668255,-0.10008836504273724,-2.788221269873216,0.09951032230450463,0.002132803119398815,0,1,0.0,0.0,-37.27886621374637,-18.83789669140242,0.1516657704114914,0.022977513667816928,0,0
1789007521.4647725,20.366803884506226,-0.2749601838990429,-0.10046472654109469,-2.7881699806078077,0.09948201689387479,0.002255831408645535,0,1,0.0,0.0,-37.27886621374637,-18.83789669140242,0.1516657704114914,0.022977513667816928,0,0
1789007521.495386,20.397417306900024,-0.2777205219669931,-0.10148970991180606,-2.787759655331412,0.09740046704977941,0.0024837822320328837,0,1,0.0,0.0,-37.27886621374637,-18.83789669140242,0.1516657704114914,0.022977513667816928,0,0
1789007521.5460188,20.448050260543823,-0.282364509187253,-0.10321021821096223,-2.7873765940162194,0.09815000130294076,0.0025891839281778433,0,1,0.0,0.0,-37.27886621374637,-18.83789669140242,0.1516657704114914,0.022977513667816928,0,0
1789007521.5971556,20.499186992645264,-0.28619642510849613,-0.1046392230086741,-2.786820418625701,0.0984113876213555,0.002995388224647224,0,1,0.0,0.0,-37.27886621374637,-18.83789669140242,0.13002145291192393,0.020330216524501652,0,0
1789007521.6476676,20.549699068069458,-0.2908549715377747,-0.10636743517630903,-2.7865447717028453,0.09857570076730021,0.0031341007990771342,0,1,0.0,0.0,-37.27886621374637,-18.83789669140242,0.10835003236196827,0.020330216524501652,0,0
1789007521.6982782,20.60030961036682,-0.2948241738545325,-0.10784306021902651,-2.7863851048052863,0.10415367441719163,0.003461680179371039,0,1,0.0,0.0,-37.27886621374637,-18.83789669140242,0.06500652631169943,0.020330216524501652,0,0
1789007521.749086,20.6511173248291,-0.30009010877359243,-0.10979451451820808,-2.7862882708027823,0.11236390021651252,0.0035311523606098,0,1,0.0,0.0,-37.27886621374637,-18.83789669140242,0.06175313800573348,0.020330216524501652,0,0
1789007521.7995079,20.701539278030396,-0.30468226584274016,-0.11150203015776783,-2.786157440205189,0.11773974555499839,0.003715679121589406,0,1,0.0,0.0,-37.27886621374637,-18.83789669140242,0.0850872113556852,0.027589183859527126,0,0
1789007521.8504643,20.752495765686035,-0.310341085262003,-0.11360101974757061,-2.7860536765186352,0.1191448682138424,0.0037505145691357623,0,1,0.0,0.0,-37.27886621374637,-18.83789669140242,0.09674139620557069,0.027589183859527126,0,0
1789007521.9010444,20.803075790405273,-0.315030070892884,-0.11534849798270488,-2.78581396422617,0.11961104025816577,0.003832167144031798,0,1,0.0,0.0,-37.27886621374637,-18.83789669140242,0.12009252715562067,0.027589183859527126,0,0
1789007521.9519978,20.854029178619385,-0.32072539145742557,-0.11746975057306397,-2.7854167920519814,0.1197868098800327,0.003861230698254272,0,1,0.0,0.0,-37.27886621374637,-18.83789669140242,0.1308772727034309,0.027589183859527126,0,0
1789007522.0024486,20.90447998046875,-0.32520159639929913,-0.11914473991706606,-2.7850625253181756,0.11534529449396093,0.004059801624518002,0,1,0.0,0.0,-37.27886621374637,-18.83789669140242,0.15236389726400376,-0.020746545740303178,0,0
1789007522.0530949,20.95512628555298,-0.3304402925190374,-0.12109853679552703,-2.784765647927837,0.11020095987192213,0.004114239361317507,0,1,0.0,0.0,-37.27886621374637,-18.83789669140242,0.15236389726400376,-0.03813551428417365,0,0
1789007522.1037548,21.005786180496216,-0.33450227279206723,-0.12262513722003883,-2.784304457096976,0.10726840918361324,0.004311020865335921,0,1,0.0,0.0,-37.27886621374637,-18.83789669140242,0.15961103975772856,-0.037834499419356384,0,0
1789007522.1308239,21.03285527229309,-0.3372044923044389,-0.12363397194773829,-2.784184649019774,0.10656085391435058,0.004370700506132724,0,1,0.0,0.0,-37.27886621374637,-18.83789669140242,0.15961103975772856,-0.037834499419356384,0,0
1789007522.154804,21.056835412979126,-0.3385536990168207,-0.12414342388686692,-2.784145415175689,0.10657810871898722,0.004433110826318987,0,1,0.0,0.0,-37.27886621374637,-18.83789669140242,0.15961103975772856,-0.037834499419356384,0,0
1789007522.2053552,21.107386589050293,-0.3435860325869019,-0.12601802740257975,-2.7841585156389503,0.10635018693463708,0.004481614790855638,0,1,0.0,0.0,-37.27886621374637,-18.83789669140242,0.15961103975772856,-0.037834499419356384,0,0
1789007522.230897,21.132928371429443,-0.34615496997215944,-0.12697740083090112,-2.784043737447254,0.10756237037107935,0.0044877416836610895,0,1,0.0,0.0,-37.27886621374637,-18.83789669140242,0.15961103975772856,-0.037834499419356384,0,0
1789007522.2633986,21.165430068969727,-0.3483628144788007,-0.12780391447004047,-2.7841497577244367,0.10793560552746889,0.004456985128930739,0,1,0.0,0.0,-37.27886621374637,-18.83789669140242,0.15961103975772856,-0.037834499419356384,0,0
1789007522.306809,21.208840370178223,-0.35284775563285375,-0.1294447184440986,-2.7855271070683085,0.11001007301822584,0.004140315179882082,0,1,0.0,0.0,-37.27886621374637,-18.83789669140242,0.14726840794086457,-0.040688979048281906,0,0
1789007522.33094,21.23297142982483,-0.35534321558021403,-0.1303728426914116,-2.785435780915004,0.11047629561564211,0.003957157985891066,0,1,0.0,0.0,-37.27886621374637,-18.83789669140242,0.14726840794086457,-0.040688979048281906,0,0
1789007522.357226,21.259257316589355,-0.35697412583474997,-0.13096741227878497,-2.78616967281444,0.11075507487380092,0.0036572217151458575,0,1,0.0,0.0,-37.27886621374637,-18.83789669140242,0.14726840794086457,-0.040688979048281906,0,0
1789007522.4078345,21.309865951538086,-0.36223374325272323,-0.13290379659065954,-2.7867604341479164,0.11097597392597766,0.003155206250498271,0,1,0.0,0.0,-37.27886621374637,-18.83789669140242,0.14726840794086457,-0.040688979048281906,0,0
1789007522.4309044,21.33293581008911,-0.3646287914803566,-0.13379120537716205,-2.7866979845484243,0.11083997498217714,0.0029537048675062744,0,1,0.0,0.0,-37.27886621374637,-18.83789669140242,0.14726840794086457,-0.040688979048281906,0,0
1789007522.4584405,21.360471963882446,-0.3663721778246907,-0.1344270307198326,-2.787285946385384,0.11102675932595829,0.002651380732038943,0,1,0.0,0.0,-37.27886621374637,-18.83789669140242,0.12559657204086763,-0.04054301472380757,0,0
1789007522.5092964,21.411327838897705,-0.3717348462412212,-0.13639385078163024,-2.787946689258255,0.11262378905541899,0.002066099084293165,0,1,0.0,0.0,-37.27886621374637,-18.83789669140242,0.10391693549089726,-0.04054301472380757,0,0
1789007522.530832,21.432863473892212,-0.3742111892402371,-0.13730808908184758,-2.7879137042577424,0.12210670538435808,0.0018166519883981483,0,1,0.0,0.0,-37.27886621374637,-18.83789669140242,0.08248106197877364,-0.04054301472380757,0,0
1789007522.5597546,21.461786031723022,-0.3777141850993316,-0.13858663435000398,-2.7880935654413928,0.12414237906474938,0.001540675939623121,0,1,0.0,0.0,-37.27886621374637,-18.83789669140242,0.08248106197877364,-0.04054301472380757,0,0
1789007522.6103666,21.51239800453186,-0.38420108336416103,-0.14097581645567328,-2.7882405006144118,0.13769834708636725,0.0011325773078414718,0,1,0.0,0.0,-37.27886621374637,-18.83789669140242,0.08248106197877364,-0.04054301472380757,0,0
1789007522.6308343,21.53286576271057,-0.3869023974281404,-0.14197215617896947,-2.78822494035529,0.14076312694744658,0.000983709058346806,0,1,0.0,0.0,-37.27886621374637,-18.83789669140242,0.08248106197877364,-0.04054301472380757,0,0
1789007522.6610541,21.563085556030273,-0.3910719718940348,-0.14348649490258963,-2.788379187805466,0.14243746939538923,0.0007921893917917852,0,1,0.0,0.0,-37.27886621374637,-18.83789669140242,0.09414336647857867,-0.03871296175445119,0,0
1789007522.712104,21.61413550376892,-0.3979169680344371,-0.14599632582291375,-2.788895094312918,0.1438654814617658,0.00037839633041265825,0,1,0.0,0.0,-37.27886621374637,-18.83789669140242,0.10582558492867478,-0.03871296175445119,0,0
1789007522.730923,21.632954359054565,-0.4004136815668811,-0.14691532816957825,-2.7888961922177797,0.14219030628516713,0.00019783683124097707,0,1,0.0,0.0,-37.27886621374637,-18.83789669140242,0.11747844817853051,-0.03871296175445119,0,0
1789007522.7625616,21.6645929813385,-0.40480374665181357,-0.1484914523280355,-2.789349740292011,0.1430547030888325,-6.711504531209773e-05,0,1,0.0,0.0,-37.27886621374637,-18.83789669140242,0.1291589642288041,-0.03871296175445119,0,0
1789007522.8131776,21.715209007263184,-0.41116029829648437,-0.15081764044240897,-2.7897603405766263,0.13463913634233854,-0.0004818081827049097,0,1,0.0,0.0,-37.27886621374637,-18.83789669140242,0.14081467192866018,-0.03871296175445119,0,0
1789007522.8309143,21.732945680618286,-0.41320959423224124,-0.15156973350054945,-2.789776816874727,0.12572168081410054,-0.0006386860289425476,0,1,0.0,0.0,-37.27886621374637,-18.83789669140242,0.15247814157871706,-0.04720075602487971,0,0
1789007522.8641133,21.76614475250244,-0.41725903240710055,-0.15300389642337117,-2.790389810867538,0.12459188884805136,-0.0009693161528803808,0,1,0.0,0.0,-37.27886621374637,-18.83789669140242,0.16416089762853933,-0.04720075602487971,0,0
1789007522.9146354,21.816666841506958,-0.4229958590533873,-0.1550997810091929,-2.7906848872956656,0.12169009065994177,-0.001178617649019441,0,1,0.0,0.0,-37.27886621374637,-18.83789669140242,0.1758160453285878,-0.04720075602487971,0,0
1789007522.9308841,21.832915544509888,-0.42479964375618023,-0.1557600356609483,-2.7907178359933154,0.11982169765321486,-0.0014483336329512801,0,1,0.0,0.0,-37.27886621374637,-18.83789669140242,0.1776983523368835,-0.04720075602487971,0,0
1789007522.9652529,21.867284297943115,-0.428721883231245,-0.1571700024309518,-2.790926632581534,0.1197741506154218,-0.0017109447105206482,0,1,0.0,0.0,-37.27886621374637,-18.83789669140242,0.1776983523368835,-0.04720075602487971,0,0
1789007523.01586,21.91789150238037,-0.4341807758508085,-0.15916396141433803,-2.7911286108214717,0.11578515537003595,-0.0018680148692229155,0,1,0.0,0.0,-37.27886621374637,-18.83789669140242,0.15602901243709308,-0.06548180817975663,0,0
1789007523.0308313,21.932862758636475,-0.4356955546783744,-0.15971756008086477,-2.7911675871972865,0.111513612958979,-0.002065546949289679,0,1,0.0,0.0,-37.27886621374637,-18.83789669140242,0.14554821995171632,-0.06548180817975663,0,0
1789007523.0668697,21.96890115737915,-0.439478358718522,-0.16107653533635705,-2.791326520143556,0.11086594860465106,-0.0023068663390455727,0,1,0.0,0.0,-37.27886621374637,-18.83789669140242,0.14554821995171632,-0.06548180817975663,0,0
1789007523.1172833,22.019314765930176,-0.44480098543583013,-0.16302129294072898,-2.7914408111515288,0.11210318810173166,-0.0024435595745794046,0,1,0.0,0.0,-37.27886621374637,-18.83789669140242,0.14554821995171632,-0.06548180817975663,0,0
1789007523.1308646,22.032896041870117,-0.44624878768793214,-0.1635500816356231,-2.7914820754396685,0.11279184072570128,-0.0025947241733026427,0,1,0.0,0.0,-37.27886621374637,-18.83789669140242,0.14554821995171632,-0.06548180817975663,0,0
1789007523.167891,22.06992244720459,-0.4501611852505671,-0.16495776490965106,-2.791547657712225,0.11268225159296702,-0.0027247371612890638,0,1,0.0,0.0,-37.27886621374637,-18.83789669140242,0.12387417925198033,-0.06671094469260425,0,0
1789007523.218773,22.12080430984497,-0.45556334226113365,-0.1669317514121147,-2.7916109421824564,0.11298925063543634,-0.0027981109873744105,0,1,0.0,0.0,-37.27886621374637,-18.83789669140242,0.12341051150452009,-0.06671094469260425,0,0
1789007523.2309117,22.132943153381348,-0.4570366736285633,-0.1674698007600773,-2.7916501931805655,0.12032838108644324,-0.0029073531165822513,0,1,0.0,0.0,-37.27886621374637,-18.83789669140242,0.12341051150452009,-0.06671094469260425,0,0
1789007523.2692068,22.17123818397522,-0.4615376331809733,-0.1690574598477406,-2.792117655197106,0.12121986787790728,-0.0030774224389532616,0,1,0.0,0.0,-37.27886621374637,-18.83789669140242,0.12341051150452009,-0.06671094469260425,0,0
1789007523.3199136,22.22194504737854,-0.4679767786679183,-0.17139794572439151,-2.7925532736536667,0.1325798770639535,-0.003174278673069848,0,1,0.0,0.0,-37.27886621374637,-18.83789669140242,0.12341051150452009,-0.06671094469260425,0,0
1789007523.3309457,22.232977151870728,-0.4695467936455676,-0.17196969457400513,-2.792596376485308,0.14071298746911098,-0.0033235089940203185,0,1,0.0,0.0,-37.27886621374637,-18.83789669140242,0.12341051150452009,-0.06671094469260425,0,0
1789007523.3705058,22.272537231445312,-0.47496147957028106,-0.17387760672664573,-2.7929321599928048,0.1426725464524816,-0.00349656013264318,0,1,0.0,0.0,-37.27886621374637,-18.83789669140242,0.10173106215434351,-0.06759472406469287,0,0
1789007523.3809106,22.282942056655884,-0.4763728687601242,-0.1743906970695256,-2.7929736979981015,0.1436363585827957,-0.0035901647283701197,0,1,0.0,0.0,-37.27886621374637,-18.83789669140242,0.09461002553051169,-0.06759472406469287,0,0
1789007523.4309163,22.332947731018066,-0.48315090782974474,-0.17683371123598873,-2.793916180206458,0.14453359231150711,-0.0038898825885816785,0,1,0.0,0.0,-37.27886621374637,-18.83789669140242,0.09461002553051169,-0.06759472406469287,0,0
1789007523.4718313,22.373862743377686,-0.4888995044976077,-0.17884555178764056,-2.7943479999912992,0.1458054098819427,-0.0041734202044450015,0,1,0.0,0.0,-37.27886621374637,-18.83789669140242,0.09461002553051169,-0.06759472406469287,0,0
1789007523.480911,22.38294243812561,-0.49009875526544155,-0.1792794772524583,-2.794393966416257,0.14423007233100618,-0.004324213757654098,0,1,0.0,0.0,-37.27886621374637,-18.83789669140242,0.09461002553051169,-0.06759472406469287,0,0
1789007523.5308092,22.432840585708618,-0.49682475098820417,-0.18170796387883964,-2.7947997950531085,0.1424002716398692,-0.004527179786014351,0,1,0.0,0.0,-37.27886621374637,-18.83789669140242,0.09461002553051169,-0.06759472406469287,0,0
1789007523.5730877,22.47511911392212,-0.502665775207652,-0.183742002339818,-2.7951073226491987,0.14317972565022646,-0.004726873618299769,0,1,0.0,0.0,-37.27886621374637,-18.83789669140242,0.10627387598036132,-0.06817427865229549,0,0
1789007523.5808754,22.482906818389893,-0.5036687051942237,-0.1841040026911064,-2.7951500948991246,0.1415519299290391,-0.004834039674841864,0,1,0.0,0.0,-37.27886621374637,-18.83789669140242,0.1179435052803745,-0.06817427865229549,0,0
1789007523.6309118,22.53294324874878,-0.5103154315940207,-0.18650371514891792,-2.795381508641042,0.14086508383185334,-0.004993400757084674,0,1,0.0,0.0,-37.27886621374637,-18.83789669140242,0.12960808373048333,-0.06817427865229549,0,0
1789007523.6743689,22.57640027999878,-0.5162545970458029,-0.18856705421949976,-2.7954301142556974,0.14170234005032167,-0.00498744781047591,0,1,0.0,0.0,-37.27886621374637,-18.83789669140242,0.13621624160896648,-0.06817427865229549,0,0
1789007523.680834,22.582865476608276,-0.5170817803708241,-0.18886536154857866,-2.7954685019181906,0.14066161696069807,-0.005101440797195533,0,1,0.0,0.0,-37.27886621374637,-18.83789669140242,0.13621624160896648,-0.06817427865229549,0,0
1789007523.7309117,22.632943153381348,-0.5235820329639721,-0.19121456267664397,-2.795533044598753,0.13538601409027087,-0.005160729667326294,0,1,0.0,0.0,-37.27886621374637,-18.83789669140242,0.0,0.0,0,0
1789007523.775779,22.677810430526733,-0.5294790257361781,-0.19325367149317038,-2.7955719680020548,0.135932092430535,-0.005153137661725233,0,1,0.0,0.0,-37.27886621374637,-18.83789669140242,0.0,0.0,0,0
1789007523.7808628,22.682894229888916,-0.5298265149586333,-0.1933783460395993,-2.7956002727611504,0.12463129348546832,-0.005194966135445672,0,1,0.0,0.0,-37.27886621374637,-18.83789669140242,0.0,0.0,0,0
1789007523.8309207,22.732952117919922,-0.5355203397127288,-0.19543110066097405,-2.795835750499911,0.11692293001951404,-0.0052274848752931835,0,1,0.0,0.0,-37.27886621374637,-18.83789669140242,0.0,0.0,0,0
1789007523.87677,22.778801441192627,-0.5406186608831642,-0.19720827712745992,-2.796355657416334,0.11663348505662914,-0.005239501065501664,0,1,0.0,0.0,-37.27886621374637,-18.83789669140242,0.0,0.0,0,0
1789007523.8808346,22.78286600112915,-0.5409872746951014,-0.1973406943397317,-2.796381961642135,0.11404614062973682,-0.005322702252313158,0,1,0.0,0.0,-37.27886621374637,-18.83789669140242,0.0,0.0,0,0
1789007523.9308412,22.83287262916565,-0.54633401349541,-0.19925870226588657,-2.796838403572883,0.11311599173541355,-0.005432292535438928,0,1,0.0,0.0,-37.27886621374637,-18.83789669140242,0.0,0.0,0,0
1789007523.9781792,22.880210638046265,-0.5513938231824292,-0.20101933429101146,-2.797272956762802,0.1126769332633993,-0.005439801321582701,0,1,0.0,0.0,-37.27886621374637,-18.83789669140242,0.0,0.0,0,0
1789007523.9808822,22.88291358947754,-0.5515008886873599,-0.20105733879068036,-2.797294667162412,0.10640885444673845,-0.005575954852093352,0,1,0.0,0.0,-37.27886621374637,-18.83789669140242,0.0,0.0,0,0
1789007524.030879,22.932910442352295,-0.5561944388435586,-0.202738963661303,-2.7976005703403217,0.09200001495536386,-0.00568363188414286,0,1,0.0,0.0,-37.27886621374637,-18.83789669140242,0.0,0.0,0,0
1789007524.0792348,22.981266260147095,-0.5603445585168751,-0.2041931378845177,-2.7970001258101274,0.09062322799148194,-0.005645390759196591,0,1,0.0,0.0,-37.27886621374637,-18.83789669140242,0.011675767249880663,0.018347634249812474,0,0
1789007524.0808322,22.982863664627075,-0.5602017382892035,-0.20414142615537248,-2.797004676658572,0.08097656460019903,-0.00556969742165232,0,1,0.0,0.0,-37.27886621374637,-18.83789669140242,0.023342238149871262,0.03647170045102635,0,0
1789007524.1308358,23.032867193222046,-0.5639162009431871,-0.20549068968059536,-2.7964830711486,0.07686189232431602,-0.005343036036487488,0,1,0.0,0.0,-37.27886621374637,-18.83789669140242,0.03500148540001646,0.03647170045102635,0,0
1789007524.1807637,23.08279514312744,-0.5674507401436628,-0.20673358399189284,-2.7955366426403603,0.07486795560504608,-0.005291089550849524,0,1,0.0,0.0,-37.27886621374637,-18.83789669140242,0.04666765390002183,0.03647170045102635,0,0
1789007524.1808329,23.08286428451538,-0.5674755919985447,-0.2067423503818607,-2.7955168277901277,0.0755727673795515,-0.004883597554252934,0,1,0.0,0.0,-37.27886621374637,-18.83789669140242,0.058342603549954214,0.03647170045102635,0,0
1789007524.23122,23.133251428604126,-0.5707978886121418,-0.20794895447933362,-2.7952402066700026,0.06339070526886383,-0.004474170268141208,0,1,0.0,0.0,-37.27886621374637,-18.83789669140242,0.0,0.0,0,0
1789007524.2818007,23.1838321685791,-0.5737117668141146,-0.20894609384570487,-2.795651939823247,0.060908922925191324,-0.004482387548866076,0,1,0.0,0.0,-37.27886621374637,-18.83789669140242,0.0,0.0,0,0
1789007524.3327184,23.234749794006348,-0.5739965208695839,-0.2090442727841241,-2.7960405909573387,0.009586334900435518,-0.0040435075102483045,0,1,0.0,0.0,-37.27886621374637,-18.83789669140242,0.0,0.0,0,0
1789007524.3831484,23.28517985343933,-0.5743362877562563,-0.20917100500227112,-2.795851159227223,0.004794331076838046,-0.004026888597488293,0,1,0.0,0.0,-37.27886621374637,-18.83789669140242,0.0,0.0,0,0
1789007524.4337316,23.335762977600098,-0.5741261232149328,-0.2090472088525916,-2.7956439232832118,-0.002755608288375657,-0.003554562383345854,0,1,0.0,0.0,-37.27886621374637,-18.83789669140242,0.0,0.0,0,0
1789007524.4843476,23.38637900352478,-0.5738757917626683,-0.20896225757138245,-2.795009248002438,-0.007688065531386528,-0.003521376413953988,0,1,0.0,0.0,-37.27886621374637,-18.83789669140242,0.0,0.0,0,0
1789007524.5352705,23.437301874160767,-0.5736482365275982,-0.20888556178946996,-2.7939690638962684,-0.007107690811037311,-0.0029475787614897356,0,1,0.0,0.0,-37.27886621374637,-18.83789669140242,0.011659628049937963,0.018322272649902518,0,0
1789007524.5857584,23.48778986930847,-0.5731603747182353,-0.20865884854929123,-2.793757269392932,-0.011642997217661946,-0.0025666513931544136,0,1,0.0,0.0,-37.27886621374637,-18.83789669140242,0.023327330949950917,0.03665723434992288,0,0
1789007524.6365323,23.53856372833252,-0.5729036016700734,-0.20856610028009537,-2.7935327142745865,-0.00795385455897197,-0.0018575326519938457,0,1,0.0,0.0,-37.27886621374637,-18.83789669140242,0.046659086249746906,0.03718427910159031,0,0
1789007524.63744,23.53947138786316,-0.5728570697470361,-0.2084985169730655,-2.7935217570507405,-0.007768658576209738,-0.0016140122759800478,0,1,0.0,0.0,-37.27886621374637,-18.83789669140242,0.05,0.03718427910159031,0,0
1789007524.6873605,23.589391946792603,-0.5724796360002724,-0.20836212289305475,-2.793030624995723,-0.008036678590762077,-0.001174627066651871,0,1,0.0,0.0,-37.27886621374637,-18.83789669140242,0.05,0.014811956811075415,0,0
1789007524.7378206,23.639852046966553,-0.572174370160227,-0.20825114302822553,-2.792863263438134,-0.006283938299318616,-0.000883039006081663,0,1,0.0,0.0,-37.27886621374637,-18.83789669140242,0.05,0.014811956811075415,0,0
1789007524.7476032,23.64963459968567,-0.5720821688305501,-0.20816714710239104,-2.7928587068038597,-0.006617750706481803,-0.0006494800203829274,0,1,0.0,0.0,-37.27886621374637,-18.83789669140242,0.05,0.014811956811075415,0,0
1789007524.788428,23.690459489822388,-0.5719226783918114,-0.2081090178152115,-2.7927251294912625,-0.004180426905475441,-0.00036680885379805503,0,1,0.0,0.0,-37.27886621374637,-18.83789669140242,0.05,0.014811956811075415,0,0
1789007524.8391228,23.741154193878174,-0.571788034709554,-0.20805989528777077,-2.792608492810653,-0.0030492859821362843,-0.00017296864981238032,0,1,0.0,0.0,-37.27886621374637,-18.83789669140242,0.05,0.014811956811075415,0,0
1789007524.844429,23.746460437774658,-0.5717389697989231,-0.2079917939127622,-2.7926001213047726,-0.0030510224197798077,-4.980039543192205e-06,0,1,0.0,0.0,-37.27886621374637,-18.83789669140242,0.05,0.010052654376874371,0,0
1789007524.8899798,23.792011260986328,-0.571630481073557,-0.2079522121400365,-2.792549839452734,-0.002702575432497963,0.00024227881709062545,0,1,0.0,0.0,-37.27886621374637,-18.83789669140242,0.05,0.010052654376874371,0,0
1789007524.9406052,23.842636585235596,-0.5715414555903923,-0.20791971861769526,-2.7925180759760933,-0.0024057998463823805,0.0004066252408064991,0,1,0.0,0.0,-37.27886621374637,-18.83789669140242,0.05,0.010052654376874371,0,0
1789007524.9472837,23.84931516647339,-0.5714913706669259,-0.20785144067832187,-2.792508485138125,-0.0025180552793992598,0.0005343412769395114,0,1,0.0,0.0,-37.27886621374637,-18.83789669140242,0.05,0.010052654376874371,0,0
1789007524.9912732,23.893304586410522,-0.5714305690643025,-0.20782915084828676,-2.792326011644236,-0.0015020520122508243,0.0007093605107047269,0,1,0.0,0.0,-37.27886621374637,-18.83789669140242,0.05,0.010052654376874371,0,0
1789007525.0419302,23.94396162033081,-0.5715392893645728,-0.2078685101921585,-2.7921652554350005,0.0027626340204556996,0.0008269073936916683,0,1,0.0,0.0,-37.27886621374637,-18.83789669140242,0.05,0.011299857820073774,0,0
1789007525.045457,23.94748830795288,-0.5715231232876264,-0.2078127693703295,-2.7921562345540014,0.003233278172513426,0.0009410307780557491,0,1,0.0,0.0,-37.27886621374637,-18.83789669140242,0.05,0.011299857820073774,0,0
1789007525.0927207,23.994752168655396,-0.5717810412015646,-0.20790647599547613,-2.7916777668013877,0.007449863491130237,0.0011987347149256704,0,1,0.0,0.0,-37.27886621374637,-18.83789669140242,0.05,0.011299857820073774,0,0
1789007525.1431866,24.045217990875244,-0.5722338408393651,-0.20807160063889604,-2.7914666800906462,0.009486155342447579,0.0013626748046583323,0,1,0.0,0.0,-37.27886621374637,-18.83789669140242,0.05,0.011299857820073774,0,0
1789007525.1484199,24.050451278686523,-0.5722483148160722,-0.20802725944080444,-2.7914519741877375,0.009733949445435815,0.0015074327377167813,0,1,0.0,0.0,-37.27886621374637,-18.83789669140242,0.05,0.011299857820073774,0,0
1789007525.1937957,24.095827102661133,-0.5726872214586224,-0.20818756884064574,-2.7911663825512116,0.010303948514513647,0.0017057891936436466,0,1,0.0,0.0,-37.27886621374637,-18.83789669140242,0.05,0.011299857820073774,0,0
1789007525.244765,24.146796464920044,-0.5731807541547687,-0.20836811498709296,-2.790847713102677,0.009668751112886847,0.0018382625423506893,0,1,0.0,0.0,-37.27886621374637,-18.83789669140242,0.05,0.029623925669999773,0,0
1789007525.2526393,24.15467071533203,-0.5732102717656782,-0.20832951002889794,-2.790824699844498,0.00959560203276132,0.002009375510246617,0,1,0.0,0.0,-37.27886621374637,-18.83789669140242,0.05,0.03237602719028171,0,0
1789007525.295371,24.197402477264404,-0.5734724586137401,-0.20842560115066486,-2.790683555169887,0.005810083736043416,0.0022514416118177313,0,1,0.0,0.0,-37.27886621374637,-18.83789669140242,0.05,0.03237602719028171,0,0
1789007525.3459957,24.248027086257935,-0.573618518003083,-0.2084791899512831,-2.790550659426056,0.0016443216766064057,0.0023406268193346446,0,1,0.0,0.0,-37.27886621374637,-18.83789669140242,0.05,0.03237602719028171,0,0
1789007525.3674266,24.269458055496216,-0.5735877409194833,-0.20841871464536918,-2.7904947791824943,0.0006496380803975946,0.002424661405250478,0,1,0.0,0.0,-37.27886621374637,-18.83789669140242,0.05,0.03317409944875788,0,0
1789007525.3968394,24.29887080192566,-0.5736069442384043,-0.20842575694200233,-2.7903788452998914,-2.9576787314722392e-05,0.0025638488099754553,0,1,0.0,0.0,-37.27886621374637,-18.83789669140242,0.05,0.03317409944875788,0,0
1789007525.4477098,24.349741220474243,-0.5736086997557213,-0.2084263624438887,-2.7902101085094277,-0.0006496903824299427,0.002621192559700803,0,1,0.0,0.0,-37.27886621374637,-18.83789669140242,0.05,0.03317409944875788,0,0
1789007525.4981635,24.400194883346558,-0.5735630755879094,-0.20836055606525944,-2.7900608780794207,-0.0005298982527638869,0.0028303425115292495,0,1,0.0,0.0,-37.27886621374637,-18.83789669140242,0.05,0.03317409944875788,0,0
1789007525.5487847,24.45081615447998,-0.5736336724202351,-0.20838628233724268,-2.789939680466341,0.0012830209644996548,0.0028768929801116687,0,1,0.0,0.0,-37.27886621374637,-18.83789669140242,0.05,0.03317409944875788,0,0
1789007525.5994046,24.50143599510193,-0.5738154941448377,-0.2084040562701212,-2.7895615895952006,0.004897363435064783,0.0030290172812297697,0,1,0.0,0.0,-37.27886621374637,-18.83789669140242,0.05,-0.026846149051101133,0,0
1789007525.6502066,24.55223798751831,-0.5741007483366019,-0.2085089022059534,-2.789108363243609,0.005671347332504544,0.0030883495885813297,0,1,0.0,0.0,-37.27886621374637,-18.83789669140242,0.05,-0.04516963610116666,0,0
1789007525.7006483,24.60267972946167,-0.574374695120854,-0.20856107996882478,-2.78883367184714,0.006425431358145872,0.003384521658214744,0,1,0.0,0.0,-37.27886621374637,-18.83789669140242,0.05,-0.04932603976378838,0,0
1789007525.7512558,24.653287172317505,-0.574793033827025,-0.20871497095954786,-2.788605240992965,0.008743141339779721,0.003454762899730244,0,1,0.0,0.0,-37.27886621374637,-18.83789669140242,0.05,-0.04883632404419282,0,0
1789007525.80207,24.70410132408142,-0.5752753989322078,-0.2088440742375058,-2.788506504887582,0.011030715428307851,0.0036368350897728343,0,1,0.0,0.0,-37.27886621374637,-18.83789669140242,0.05,-0.04883632404419282,0,0
1789007525.8526905,24.754721879959106,-0.5757499492126377,-0.20901893895430154,-2.788385892837627,0.009517438654065558,0.0036765043262454353,0,1,0.0,0.0,-37.27886621374637,-18.83789669140242,0.05,-0.04883632404419282,0,0
1789007525.9037282,24.80575966835022,-0.5761965079503868,-0.20918072875996754,-2.7888458110974153,0.009033791048986496,0.0036473581344555962,0,1,0.0,0.0,-37.27886621374637,-18.83789669140242,0.05,-0.05161547830328345,0,0
1789007525.9308834,24.83291482925415,-0.5764305998508527,-0.20926688957062617,-2.7887493320838805,0.009025562036811019,0.0035975859095423086,0,1,0.0,0.0,-37.27886621374637,-18.83789669140242,0.05,-0.05161547830328345,0,0
1789007525.954786,24.856817483901978,-0.5766317185048324,-0.20933813144006305,-2.7892511708570775,0.008866856600686271,0.0034634372302394904,0,1,0.0,0.0,-37.27886621374637,-18.83789669140242,0.05,-0.05161547830328345,0,0
1789007526.0059633,24.907994747161865,-0.5771744131957008,-0.20953532510065928,-2.7904723736423467,0.01132973582973874,0.003035507403317278,0,1,0.0,0.0,-37.27886621374637,-18.83789669140242,0.05,-0.05161547830328345,0,0
1789007526.0308707,24.932902097702026,-0.5775313063012866,-0.20966599785179088,-2.7904068952903898,0.015299301957820362,0.00281831006439715,0,1,0.0,0.0,-37.27886621374637,-18.83789669140242,0.05,-0.05161547830328345,0,0
1789007526.0564346,24.958466053009033,-0.5778558730698924,-0.20973547587002297,-2.790871478237683,0.015890638186976454,0.0025393333814402556,0,1,0.0,0.0,-37.27886621374637,-18.83789669140242,0.05,-0.05161547830328345,0,0
1789007526.1073148,25.00934624671936,-0.5787393654562013,-0.210057496397033,-2.79131415195089,0.01866354566251555,0.0020842479425512,0,1,0.0,0.0,-37.27886621374637,-18.83789669140242,0.05,-0.05465682897095878,0,0
1789007526.1308908,25.03292226791382,-0.5791686650236223,-0.21021433409458032,-2.791274217507048,0.019340410439870854,0.0019057202847484872,0,1,0.0,0.0,-37.27886621374637,-18.83789669140242,0.05,-0.05465682897095878,0,0
1789007526.1582823,25.06031370162964,-0.5796092172789572,-0.21032470424151536,-2.7921126029229852,0.019594407155371377,0.0015302816923676316,0,1,0.0,0.0,-37.27886621374637,-18.83789669140242,0.05,-0.05465682897095878,0,0
1789007526.2088354,25.11086678504944,-0.5805500994942987,-0.21066655267771356,-2.7924409704796807,0.01987241350844022,0.0009956290754502067,0,1,0.0,0.0,-37.27886621374637,-18.83789669140242,0.05,-0.05465682897095878,0,0
1789007526.2308328,25.132864236831665,-0.5809177652600069,-0.21080037720379535,-2.7924287740925267,0.017876508790178526,0.0008008308126773142,0,1,0.0,0.0,-37.27886621374637,-18.83789669140242,0.05132973562926056,-0.05196449260227382,0,0
1789007526.259626,25.161657333374023,-0.581327874224909,-0.21090044879527264,-2.7927476366273196,0.017661118673245383,0.0005497321840129063,0,1,0.0,0.0,-37.27886621374637,-18.83789669140242,0.05132973562926056,-0.05196449260227382,0,0
1789007526.3102002,25.212231636047363,-0.5820583003065462,-0.21116494925973195,-2.793108437243171,0.015228829073350061,0.00014581881553420913,0,1,0.0,0.0,-37.27886621374637,-18.83789669140242,0.05132973562926056,-0.05196449260227382,0,0
1789007526.3308833,25.232914686203003,-0.5823530317720481,-0.2112720277098642,-2.793113407582444,0.015092504747933928,-1.0355071830832262e-05,0,1,0.0,0.0,-37.27886621374637,-18.83789669140242,0.05132973562926056,-0.05196449260227382,0,0
1789007526.3611233,25.26315474510193,-0.5827825229059637,-0.21142688811306434,-2.7935039509982587,0.015049838231341572,-0.00029816793287930213,0,1,0.0,0.0,-37.27886621374637,-18.83789669140242,0.05132973562926056,-0.05196449260227382,0,0
1789007526.4117062,25.313737630844116,-0.5835002550306435,-0.21168713476389117,-2.7936078849516286,0.015027698057197716,-0.0006831754308413741,0,1,0.0,0.0,-37.27886621374637,-18.83789669140242,0.05132973562926056,-0.05196449260227382,0,0
1789007526.4308343,25.332865715026855,-0.5836956840380909,-0.21170982638002117,-2.793627385375986,0.015044127161642216,-0.0008153476271227327,0,1,0.0,0.0,-37.27886621374637,-18.83789669140242,0.05987241394817833,-0.05067103754884253,0,0
1789007526.4623902,25.364421606063843,-0.584142329055818,-0.2118716994219425,-2.793707351909789,0.015022538986789345,-0.0009693411075445523,0,1,0.0,0.0,-37.27886621374637,-18.83789669140242,0.05987241394817833,-0.05067103754884253,0,0
1789007526.513082,25.41511344909668,-0.5848611696705374,-0.2121316332573619,-2.794015580486823,0.01502101070635657,-0.0012328986621646578,0,1,0.0,0.0,-37.27886621374637,-18.83789669140242,0.05987241394817833,-0.05067103754884253,0,0
1789007526.5308836,25.432914972305298,-0.5851143691240975,-0.21222336777517975,-2.7940426963579514,0.015041986837099073,-0.0013362355071012925,0,1,0.0,0.0,-37.27886621374637,-18.83789669140242,0.05987241394817833,-0.05067103754884253,0,0
1789007526.564039,25.466070413589478,-0.5855027256302671,-0.21231497133190524,-2.794416352051624,0.015020338568342603,-0.0015579567925517754,0,1,0.0,0.0,-37.27886621374637,-18.83789669140242,0.05987241394817833,-0.05067103754884253,0,0
1789007526.614466,25.516497373580933,-0.5862149968585849,-0.2125723690084515,-2.794610438167077,0.014866910829294323,-0.0016979991447182883,0,1,0.0,0.0,-37.27886621374637,-18.83789669140242,0.055027698129415555,-0.032349842124773806,0,0
1789007526.630884,25.532915353775024,-0.5864509259950599,-0.21265769548839755,-2.794647443037137,0.015036381958070706,-0.0018770747767624149,0,1,0.0,0.0,-37.27886621374637,-18.83789669140242,0.055027698129415555,-0.032349842124773806,0,0
1789007526.6650965,25.56712794303894,-0.5868500898346685,-0.21275383265161027,-2.7947922122548126,0.01501954748971296,-0.0020511166787293743,0,1,0.0,0.0,-37.27886621374637,-18.83789669140242,0.055027698129415555,-0.032349842124773806,0,0
1789007526.715866,25.617897510528564,-0.5875672069869313,-0.21301284223109024,-2.7949533012350476,0.014876893707465918,-0.002155086255807978,0,1,0.0,0.0,-37.27886621374637,-18.83789669140242,0.055027698129415555,-0.032349842124773806,0,0
1789007526.730882,25.63291335105896,-0.5878056479137664,-0.21309901610830115,-2.794993835803701,0.015866680722233795,-0.0023224110312091086,0,1,0.0,0.0,-37.27886621374637,-18.83789669140242,0.055027698129415555,-0.032349842124773806,0,0
1789007526.7662969,25.668328285217285,-0.5882481046807068,-0.21321096327292016,-2.795094745449353,0.01596255989303755,-0.0024653493562999686,0,1,0.0,0.0,-37.27886621374637,-18.83789669140242,0.05,-0.029891290132266782,0,0
1789007526.8171651,25.719196557998657,-0.5892475800651275,-0.21357200293082057,-2.7952118774307375,0.019943024016318193,-0.0025477035994557196,0,1,0.0,0.0,-37.27886621374637,-18.83789669140242,0.05,-0.029891290132266782,0,0
1789007526.8308432,25.732874631881714,-0.5896512030077684,-0.21371788204243972,-2.795251979819327,0.025513471418881353,-0.0026427977625462064,0,1,0.0,0.0,-37.27886621374637,-18.83789669140242,0.05,-0.029891290132266782,0,0
1789007526.8678606,25.76989197731018,-0.5904668659519093,-0.21396470539767073,-2.795314643240658,0.02647252495804701,-0.0027248498437485043,0,1,0.0,0.0,-37.27886621374637,-18.83789669140242,0.05,-0.029891290132266782,0,0
1789007526.918619,25.820650339126587,-0.5917997561755675,-0.21444671026645412,-2.7951889590816417,0.02784089649426954,-0.00276552333648158,0,1,0.0,0.0,-37.27886621374637,-18.83789669140242,0.05,-0.029891290132266782,0,0
1789007526.9309108,25.832942247390747,-0.5921307594135059,-0.21456619913003325,-2.795224584236634,0.028265117155607943,-0.0027992578946388256,0,1,0.0,0.0,-37.27886621374637,-18.83789669140242,0.05,-0.029891290132266782,0,0
1789007526.9690416,25.871073007583618,-0.5930540075693644,-0.21485261418247256,-2.795166328572097,0.02883938557813985,-0.002800832122207321,0,1,0.0,0.0,-37.27886621374637,-18.83789669140242,0.05,-0.027322410931810735,0,0
1789007527.0196784,25.921709775924683,-0.5944469858563636,-0.2153562087311653,-2.7951390056517793,0.029415198430021744,-0.002800175404393296,0,1,0.0,0.0,-37.27886621374637,-18.83789669140242,0.05,-0.027322410931810735,0,0
1789007527.030909,25.93294048309326,-0.5947134391633034,-0.21545235430209397,-2.795169608164241,0.02773220940381654,-0.002784538402813456,0,1,0.0,0.0,-37.27886621374637,-18.83789669140242,0.05,-0.027322410931810735,0,0
1789007527.070614,25.97264552116394,-0.5956440760649481,-0.21574235101332515,-2.794991030753401,0.02803097673945032,-0.0027206003747822505,0,1,0.0,0.0,-37.27886621374637,-18.83789669140242,0.05,-0.027322410931810735,0,0
1789007527.0808342,25.982865571975708,-0.595839985751463,-0.21581304637239437,-2.795017376180762,0.02524629225422794,-0.002690869763118036,0,1,0.0,0.0,-37.27886621374637,-18.83789669140242,0.05,-0.027765523269772528,0,0
1789007527.1308334,26.032864809036255,-0.5969884057238458,-0.2162283951446361,-2.7950194186759765,0.023676460517520044,-0.0026392278856386983,0,1,0.0,0.0,-37.27886621374637,-18.83789669140242,0.05,-0.027765523269772528,0,0
1789007527.1717012,26.073732614517212,-0.5977819220966505,-0.21646820968705904,-2.7950418805545505,0.023713796924577972,-0.00258686398249486,0,1,0.0,0.0,-37.27886621374637,-18.83789669140242,0.05,-0.027765523269772528,0,0
1789007527.1807976,26.082828998565674,-0.5979731893472872,-0.2165372705759112,-2.79506390127776,0.023282078045134998,-0.0025596052611534113,0,1,0.0,0.0,-37.27886621374637,-18.83789669140242,0.05,-0.027765523269772528,0,0
1789007527.2309208,26.132952213287354,-0.5990014059995965,-0.2169089426831624,-2.7950961808874406,0.02038478153233516,-0.002514533386538157,0,1,0.0,0.0,-37.27886621374637,-18.83789669140242,0.05,-0.027765523269772528,0,0
1789007527.2731152,26.17514657974243,-0.5996799585513665,-0.2171081321653037,-2.794943567694447,0.020105229634581334,-0.002417902096349061,0,1,0.0,0.0,-37.27886621374637,-18.83789669140242,0.05,-0.027765523269772528,0,0
1789007527.2808836,26.182914972305298,-0.5997173181784525,-0.21712155498698682,-2.7949601020333157,0.015910867328433158,-0.002370844760732682,0,1,0.0,0.0,-37.27886621374637,-18.83789669140242,0.05,-0.027690869849175216,0,0
1789007527.3307989,26.232830286026,-0.600373363608371,-0.2173591480829227,-2.7949163721259556,0.011998217010149921,-0.002290619678867326,0,1,0.0,0.0,-37.27886621374637,-18.83789669140242,0.05,-0.027690869849175216,0,0
1789007527.374125,26.276156425476074,-0.6007278353114638,-0.2174408266812607,-2.7949069606518533,0.011604828975049003,-0.0022868679063130348,0,1,0.0,0.0,-37.27886621374637,-18.83789669140242,0.05,-0.027690869849175216,0,0
1789007527.3809116,26.2829430103302,-0.6007760502535474,-0.2174582282521949,-2.794917754125321,0.01070460964997812,-0.0022019221305398786,0,1,0.0,0.0,-37.27886621374637,-18.83789669140242,0.05,-0.027690869849175216,0,0
1789007527.4308343,26.332865715026855,-0.6012693173238284,-0.21763681868219842,-2.7949106101081385,0.010310324880173815,-0.0021083759963593015,0,1,0.0,0.0,-37.27886621374637,-18.83789669140242,0.05,-0.027690869849175216,0,0
1789007527.4757144,26.377745866775513,-0.6015666505129218,-0.21769792570456972,-2.7949083098588963,0.009870554589860437,-0.0021045548664637252,0,1,0.0,0.0,-37.27886621374637,-18.83789669140242,0.05,-0.02741790199652314,0,0
1789007527.4808726,26.382904052734375,-0.6016516545342296,-0.21772864436626047,-2.7949137922165823,0.011032951133476415,-0.0019999888961459325,0,1,0.0,0.0,-37.27886621374637,-18.83789669140242,0.05,-0.02741790199652314,0,0
1789007527.530919,26.432950496673584,-0.602188133712808,-0.2179224730463648,-2.7950064827634056,0.011781938153573854,-0.0019209329116417673,0,1,0.0,0.0,-37.27886621374637,-18.83789669140242,0.05,-0.02741790199652314,0,0
1789007527.576823,26.478854417800903,-0.6025582845788868,-0.21800972964238785,-2.7950807438713956,0.011438429363538975,-0.0019203419620566957,0,1,0.0,0.0,-37.27886621374637,-18.83789669140242,0.05,-0.02741790199652314,0,0
1789007527.5809312,26.482962608337402,-0.6026103413111016,-0.21802852751614446,-2.795084779106781,0.01167019143739171,-0.0018563072767892074,0,1,0.0,0.0,-37.27886621374637,-18.83789669140242,0.05,-0.02741790199652314,0,0
1789007527.6308694,26.5329008102417,-0.6031566415906628,-0.21822591123196453,-2.79512508785066,0.011606301974492654,-0.0017828192420635094,0,1,0.0,0.0,-37.27886621374637,-18.83789669140242,0.05,-0.02741790199652314,0,0
1789007527.6782522,26.580283641815186,-0.6035327297045163,-0.218315225883223,-2.7952680362116067,0.011277342516251336,-0.0017853880081530285,0,1,0.0,0.0,-37.27886621374637,-18.83789669140242,0.05,0.0025980394030739283,0,0
1789007527.6808984,26.582929849624634,-0.6035707743155297,-0.2183289592611666,-2.7952702997458974,0.011592102539298944,-0.0017426109064425047,0,1,0.0,0.0,-37.27886621374637,-18.83789669140242,0.05,0.00289162399247289,0,0
1789007527.730913,26.632944345474243,-0.6041245972152182,-0.21852873821420626,-2.795390888572832,0.012012056652483585,-0.0017161521935098003,0,1,0.0,0.0,-37.27886621374637,-18.83789669140242,0.05,0.00289162399247289,0,0
1789007527.7795231,26.681554555892944,-0.6045307482156932,-0.21862909699490868,-2.795460443214271,0.011725418644312206,-0.0017155543850556757,0,1,0.0,0.0,-37.27886621374637,-18.83789669140242,0.05,0.00289162399247289,0,0
1789007527.7808836,26.682914972305298,-0.6046024292526291,-0.21865498423113572,-2.795461203282298,0.013651110014802204,-0.001689261933610497,0,1,0.0,0.0,-37.27886621374637,-18.83789669140242,0.05,0.003143692733719948,0,0
1789007527.8309047,26.732936143875122,-0.6052801545684401,-0.2188995531357703,-2.795497162602862,0.015375786747593956,-0.0016498036548810923,0,1,0.0,0.0,-37.27886621374637,-18.83789669140242,0.05,0.003143692733719948,0,0
1789007527.8809721,26.783003568649292,-0.6058616428094554,-0.21906358476522517,-2.795431551461839,0.015267265268660263,-0.0016432673047345873,0,1,0.0,0.0,-37.27886621374637,-18.83789669140242,0.05,0.003143692733719948,0,0
1789007527.9317727,26.8338041305542,-0.6066558606462358,-0.21935044048945296,-2.7953623341511715,0.01627874013514181,-0.0015096435217435919,0,1,0.0,0.0,-37.27886621374637,-18.83789669140242,0.05,0.003143692733719948,0,0
1789007527.9823885,26.884419918060303,-0.6072853927752114,-0.2195326661318558,-2.7950947805093174,0.016222064436207457,-0.0014947698802865925,0,1,0.0,0.0,-37.27886621374637,-18.83789669140242,0.05,0.003143692733719948,0,0
1789007528.0331893,26.93522071838379,-0.6080301474101931,-0.21980299355136398,-2.79465258801483,0.015575394923651027,-0.0011474726859117932,0,1,0.0,0.0,-37.27886621374637,-18.83789669140242,0.05,0.003310738010331991,0,0
1789007528.0836327,26.985664129257202,-0.6086189920457934,-0.2199706268353642,-2.7946052166993844,0.015490828845645442,-0.0011428052379631023,0,1,0.0,0.0,-37.27886621374637,-18.83789669140242,0.05,0.003310738010331991,0,0
1789007528.1342819,27.03631329536438,-0.609369293130699,-0.22024223162705953,-2.7945403721611903,0.01567505265191451,-0.0008620349168928427,0,1,0.0,0.0,-37.27886621374637,-18.83789669140242,0.05,0.003310738010331991,0,0
1789007528.1852891,27.087320566177368,-0.609968607217696,-0.22041408618751698,-2.794417396449872,0.01561360626122516,-0.0007714589215979507,0,1,0.0,0.0,-37.27886621374637,-18.83789669140242,0.05,0.003505230061709884,0,0
1789007528.235884,27.13791537284851,-0.610717690483061,-0.22068530284560664,-2.7943752980995042,0.015694243936757585,-0.0005336961975308543,0,1,0.0,0.0,-37.27886621374637,-18.83789669140242,0.05,0.003505230061709884,0,0
1789007528.2864797,27.18851113319397,-0.611308059001799,-0.22085387365757775,-2.7943535763242346,0.015639149847343003,-0.0004569162892862311,0,1,0.0,0.0,-37.27886621374637,-18.83789669140242,0.05,0.003505230061709884,0,0
1789007528.3370693,27.239100694656372,-0.6120568728635687,-0.22112498147700285,-2.794326790874064,0.015696006932654077,-0.00030361883134407406,0,1,0.0,0.0,-37.27886621374637,-18.83789669140242,0.05,0.003505230061709884,0,0
1789007528.3878634,27.289894819259644,-0.6128064965584415,-0.2213974961704212,-2.7939311713287043,0.015702127234100013,-8.525425601025466e-05,0,1,0.0,0.0,-37.27886621374637,-18.83789669140242,0.055675053000450156,0.004137965089175853,0,0
1789007528.4383123,27.340343713760376,-0.6133906024414892,-0.22156461006448694,-2.793784940187137,0.01569591112918064,2.1570030957520986e-05,0,1,0.0,0.0,-37.27886621374637,-18.83789669140242,0.055675053000450156,0.004137965089175853,0,0
1789007528.450578,27.352609395980835,-0.6134092154501226,-0.2215265998002562,-2.7937791181339335,0.01569200941464729,0.00011666753558796432,0,1,0.0,0.0,-37.27886621374637,-18.83789669140242,0.055675053000450156,0.004137965089175853,0,0
1789007528.4889495,27.3909809589386,-0.6139759820424794,-0.22173207223762745,-2.7937721388402728,0.01570243460869884,0.0002184902740583756,0,1,0.0,0.0,-37.27886621374637,-18.83789669140242,0.034032024450552874,0.02245129693908894,0,0
1789007528.5398002,27.441831588745117,-0.6147334238005265,-0.2220066599597266,-2.793766350094896,0.01590222512374849,0.00028782432108474516,0,1,0.0,0.0,-37.27886621374637,-18.83789669140242,0.012361976700858597,0.04078749118883025,0,0
1789007528.5472908,27.44932222366333,-0.6146800095709591,-0.22194270302503066,-2.793760812106377,0.01592334614083922,0.0003561524255401852,0,1,0.0,0.0,-37.27886621374637,-18.83789669140242,0.0,0.05912271688906004,0,0
1789007528.590255,27.492286443710327,-0.615330558347021,-0.22217890493129563,-2.7936278061567323,0.01620226691266362,0.00045160612373599813,0,1,0.0,0.0,-37.27886621374637,-18.83789669140242,0.0,0.07747015753891902,0,0
1789007528.6408973,27.54292869567871,-0.6161058712274396,-0.22246041073896472,-2.7935077610864,0.016319765193565244,0.0005156520933112294,0,1,0.0,0.0,-37.27886621374637,-18.83789669140242,0.0,0.09579572138903132,0,0
1789007528.6521695,27.554200887680054,-0.6161092093019114,-0.22241723683520037,-2.7934982045807155,0.016335821809788226,0.0005775282011135804,0,1,0.0,0.0,-37.27886621374637,-18.83789669140242,0.0,0.09999999999999999,0,0
1789007528.691471,27.593502521514893,-0.6167138297061503,-0.22263668560622124,-2.793455017972901,0.01637155117188535,0.0006495466944949099,0,1,0.0,0.0,-37.27886621374637,-18.83789669140242,0.0,0.09999999999999999,0,0
1789007528.7423627,27.644394159317017,-0.6174540629799503,-0.22290538589219902,-2.7934080576714764,0.015136748916673258,0.0006979018837722788,0,1,0.0,0.0,-37.27886621374637,-18.83789669140242,0.0,0.09999999999999999,0,0
1789007528.7476783,27.649709701538086,-0.61735316873734,-0.22282456255339492,-2.7934017640510382,0.015024056432618062,0.0007521009306119095,0,1,0.0,0.0,-37.27886621374637,-18.83789669140242,0.0,0.09999999999999999,0,0
1789007528.7928016,27.694833040237427,-0.617999931206379,-0.2230601257163989,-2.7930935149643656,0.015394995444076628,0.0008649870433142713,0,1,0.0,0.0,-37.27886621374637,-18.83789669140242,0.0,0.09999999999999999,0,0
1789007528.843378,27.74540948867798,-0.6188125286105414,-0.2233560098199361,-2.79282157163723,0.017646358632423254,0.0009396218584364562,0,1,0.0,0.0,-37.27886621374637,-18.83789669140242,0.0,0.09999999999999999,0,0
1789007528.8505058,27.7525372505188,-0.6187595643612627,-0.22329281102114043,-2.7928099769265264,0.017879462957387602,0.0010265141652068177,0,1,0.0,0.0,-37.27886621374637,-18.83789669140242,0.0,0.09999999999999999,0,0
1789007528.8940284,27.79605984687805,-0.6195106828106597,-0.22356814558864435,-2.7920546691175008,0.018656154329008044,0.001257878914843862,0,1,0.0,0.0,-37.27886621374637,-18.83789669140242,0.0,0.09999999999999999,0,0
1789007528.944938,27.84696936607361,-0.6204124653900042,-0.22389999691393592,-2.791040192335061,0.018972437496940334,0.0014200660789818454,0,1,0.0,0.0,-37.27886621374637,-18.83789669140242,0.0,0.09999999999999999,0,0
1789007528.9483821,27.85041356086731,-0.6202929068148872,-0.22381284255081074,-2.7910221360470944,0.019018427390058466,0.0017085213699037747,0,1,0.0,0.0,-37.27886621374637,-18.83789669140242,0.0,0.09999999999999999,0,0
1789007528.9954133,27.89744472503662,-0.6210926746267357,-0.22410692701176502,-2.790452112425674,0.017966651602811207,0.0021724530852678357,0,1,0.0,0.0,-37.27886621374637,-18.83789669140242,0.0,0.09999999999999999,0,0
1789007529.046017,27.94804835319519,-0.6218011516336512,-0.22436796614636603,-2.789952639071966,0.013945537166634126,0.0023675085340708365,0,1,0.0,0.0,-37.27886621374637,-18.83789669140242,0.0,0.09999999999999999,0,0
1789007529.0513382,27.953369617462158,-0.6216738793620358,-0.22427824418602185,-2.7899291354935047,0.013500928001617582,0.002578950742560201,0,1,0.0,0.0,-37.27886621374637,-18.83789669140242,0.0,0.09999999999999999,0,0
1789007529.0968223,27.99885368347168,-0.6220806638117335,-0.22442999257783097,-2.78908546181513,0.008980206437678282,0.003058551648048781,0,1,0.0,0.0,-37.27886621374637,-18.83789669140242,0.0,0.09999999999999999,0,0
1789007529.147237,28.0492684841156,-0.622457982824029,-0.22456951458410326,-2.788688500558182,0.007564095972971606,0.003293520947110244,0,1,0.0,0.0,-37.27886621374637,-18.83789669140242,0.0,0.09999999999999999,0,0
1789007529.1978176,28.099848985671997,-0.6226077681832932,-0.224582999614046,-2.788099052558676,0.006934098514011191,0.00391592893832426,0,1,0.0,0.0,-37.27886621374637,-18.83789669140242,0.0,0.09999999999999999,0,0
1789007529.2484062,28.150437593460083,-0.6229379050926935,-0.22470543194895345,-2.78761029384704,0.006805313687464316,0.004087623869341513,0,1,0.0,0.0,-37.27886621374637,-18.83789669140242,0.0,0.09999999999999999,0,0
1789007529.2611656,28.16319704055786,-0.6228297631562376,-0.224623193520677,-2.7875469049681048,0.006697446442827662,0.0042812821174382345,0,1,0.0,0.0,-37.27886621374637,-18.83789669140242,0.0,0.09999999999999999,0,0
1789007529.2992334,28.20126485824585,-0.6230613984947527,-0.22470969234723764,-2.7869369036570064,0.006326395578286034,0.004694647335616274,0,1,0.0,0.0,-37.27886621374637,-18.83789669140242,0.0,0.09999999999999999,0,0
1789007529.3497066,28.25173807144165,-0.623345570161835,-0.22481515219104045,-2.786577482911416,0.005770519771151621,0.0048888680329025585,0,1,0.0,0.0,-37.27886621374637,-18.83789669140242,0.0,0.09999999999999999,0,0
1789007529.4003172,28.302348613739014,-0.62361517516665,-0.22491533921062765,-2.78614877263779,0.005527084461203154,0.005378689939679268,0,1,0.0,0.0,-37.27886621374637,-18.83789669140242,0.0,0.09999999999999999,0,0
1789007529.4509063,28.352937698364258,-0.6236919406230392,-0.22490208413885412,-2.785799584036636,0.0054686446645549934,0.005499916423513069,0,1,0.0,0.0,-37.27886621374637,-18.83789669140242,0.0,0.09999999999999999,0,0
1789007529.5017228,28.403754234313965,-0.623959686544027,-0.22500207354372392,-2.785142599351032,0.005485852453134482,0.005930296375453096,0,1,0.0,0.0,-37.27886621374637,-18.83789669140242,0.0,0.09999999999999999,0,0
1789007529.5522008,28.454232215881348,-0.6241925231272174,-0.22508892741611997,-2.7847618558931866,0.004673976323273905,0.006074292549860034,0,1,0.0,0.0,-37.27886621374637,-18.83789669140242,0.0,0.09999999999999999,0,0
1789007529.5526245,28.45465588569641,-0.6240004526107872,-0.22497589036796903,-2.7847530153255686,0.00459384653776167,0.006217621717971288,0,1,0.0,0.0,-37.27886621374637,-18.83789669140242,0.0,0.09999999999999999,0,0
1789007529.602836,28.50486731529236,-0.6241758856312882,-0.2250413328729964,-2.784469262598479,0.0033797245442761556,0.006423718638152898,0,1,0.0,0.0,-37.27886621374637,-18.83789669140242,0.0,0.09999999999999999,0,0
1789007529.6536238,28.555655241012573,-0.624328440622109,-0.22509820652961238,-2.784187692868085,0.002987826494534568,0.006497065889844112,0,1,0.0,0.0,-37.27886621374637,-18.83789669140242,0.0,0.09999999999999999,0,0
1789007529.7041764,28.606207847595215,-0.6242791747191678,-0.22503860559730848,-2.783858323260676,0.0028548472904759746,0.006737625581356861,0,1,0.0,0.0,-37.27886621374637,-18.83789669140242,0.0,0.09999999999999999,0,0
1789007529.7309136,28.63294506072998,-0.624355938711209,-0.22506726394706075,-2.7836756223458115,0.003005299662124205,0.006788577558901332,0,1,0.0,0.0,-37.27886621374637,-18.83789669140242,0.0,0.09999999999999999,0,0
1789007529.7549334,28.656964778900146,-0.6242292069816123,-0.2249788858324881,-2.783588556550333,0.002838729637518943,0.006832098622967536,0,1,0.0,0.0,-37.27886621374637,-18.83789669140242,0.0,0.09999999999999999,0,0
1789007529.8056567,28.707688093185425,-0.6243721913095441,-0.2250323581325615,-2.783231578666469,0.002851148389370612,0.0069068586214498205,0,1,0.0,0.0,-37.27886621374637,-18.83789669140242,0.0,0.09999999999999999,0,0
1789007529.8308895,28.73292088508606,-0.6244451034099502,-0.22505963051466896,-2.7830557397839875,0.0030219734098055817,0.0069369281798312326,0,1,0.0,0.0,-37.27886621374637,-18.83789669140242,0.0,0.09999999999999999,0,0
1789007529.85669,28.758721351623535,-0.6243238384787012,-0.22497348835399988,-2.7829743497534323,0.0028702975146975085,0.006971225465969329,0,1,0.0,0.0,-37.27886621374637,-18.83789669140242,0.0,0.09999999999999999,0,0
1789007529.9072087,28.809240102767944,-0.624467988333861,-0.22502742942049708,-2.7827138840081425,0.0028949399785144904,0.007010144955296931,0,1,0.0,0.0,-37.27886621374637,-18.83789669140242,0.0,0.09999999999999999,0,0
1789007529.9308965,28.832927942276,-0.6245372859309496,-0.2250533939973528,-2.7825472799164572,0.003053896537441247,0.007021123678112321,0,1,0.0,0.0,-37.27886621374637,-18.83789669140242,0.0,0.09999999999999999,0,0
1789007529.9578536,28.8598849773407,-0.6244200357205024,-0.2249689185507194,-2.7825057990520308,0.0029175301862529837,0.007012991335117517,0,1,0.0,0.0,-37.27886621374637,-18.83789669140242,0.0,0.09999999999999999,0,0
1789007530.0087082,28.91073966026306,-0.6245665426906516,-0.22502386890955828,-2.782187137594154,0.0029379444204536424,0.007011352667711252,0,1,0.0,0.0,-37.27886621374637,-18.83789669140242,0.0,0.09999999999999999,0,0
1789007530.0309045,28.93293595314026,-0.6246445518909285,-0.225053099239892,-2.7820314338742285,0.003660669023831183,0.007013043090546723,0,1,0.0,0.0,-37.27886621374637,-18.83789669140242,0.0,0.09999999999999999,0,0
1789007530.0591693,28.961200714111328,-0.6245494646642503,-0.22497728661243155,-2.781772208539175,0.003643733006128055,0.007029359095965999,0,1,0.0,0.0,-37.27886621374637,-18.83789669140242,0.0,0.09999999999999999,0,0
1789007530.109771,29.011802434921265,-0.6247702413899191,-0.22506024329141808,-2.7814283632029326,0.0045990104846670736,0.007050018744719069,0,1,0.0,0.0,-37.27886621374637,-18.83789669140242,0.0,0.09999999999999999,0,0
1789007530.1308334,29.032864809036255,-0.6248695540745695,-0.22509760152981656,-2.7812794961925307,0.0049617467254899385,0.007057403504735938,0,1,0.0,0.0,-37.27886621374637,-18.83789669140242,0.0,0.09999999999999999,0,0
1789007530.16039,29.062421321868896,-0.624813499326315,-0.22503661538094008,-2.781150143666229,0.004947674212805684,0.0070539846484544665,0,1,0.0,0.0,-37.27886621374637,-18.83789669140242,0.0,0.09999999999999999,0,0
1789007530.2118695,29.113900899887085,-0.6250604692503037,-0.22512950036708834,-2.7810282628735576,0.005063364149046852,0.007011735696638463,0,1,0.0,0.0,-37.27886621374637,-18.83789669140242,0.0,0.09999999999999999,0,0
1789007530.2309616,29.13299298286438,-0.6251535540469747,-0.225164584516801,-2.780895458330288,0.0051506071292999915,0.006988283086162914,0,1,0.0,0.0,-37.27886621374637,-18.83789669140242,0.0,0.09999999999999999,0,0
1789007530.2645628,29.16659426689148,-0.6251201607013194,-0.22511241936372056,-2.780640040258383,0.005099084127697268,0.006972479330792818,0,1,0.0,0.0,-37.27886621374637,-18.83789669140242,0.0,0.09999999999999999,0,0
1789007530.3131838,29.21521520614624,-0.6253876742305218,-0.22521330839140277,-2.7803493007872833,0.005808463462391428,0.006944194375530658,0,1,0.0,0.0,-37.27886621374637,-18.83789669140242,0.0,0.09999999999999999,0,0
1789007530.330905,29.2329363822937,-0.6255015718456973,-0.22525626550200617,-2.780226779880098,0.006617625847111242,0.00693338130403437,0,1,0.0,0.0,-37.27886621374637,-18.83789669140242,0.0,0.09999999999999999,0,0
1789007530.3638673,29.26589870452881,-0.6257082890935106,-0.22533427462985464,-2.780105568531314,0.0067583586303434345,0.006904901945028976,0,1,0.0,0.0,-37.27886621374637,-18.83789669140242,0.0,0.09999999999999999,0,0
1789007530.414796,29.316827535629272,-0.6258487413417094,-0.22534805707306485,-2.779799158744437,0.006999858972120286,0.006886838865509295,0,1,0.0,0.0,-37.27886621374637,-18.83789669140242,0.0,0.09999999999999999,0,0
1789007530.4308786,29.33291006088257,-0.6259588581202754,-0.22538971493626203,-2.7796897858261533,0.007167459220170482,0.006856918077375316,0,1,0.0,0.0,-37.27886621374637,-18.83789669140242,0.0,0.09999999999999999,0,0
1789007530.465355,29.36738634109497,-0.6261908319645652,-0.22547741385192382,-2.7795556818089127,0.0072062956418710924,0.006813188705474125,0,1,0.0,0.0,-37.27886621374637,-18.83789669140242,0.0,0.09999999999999999,0,0
1789007530.5159662,29.41799759864807,-0.6265320262459667,-0.22560647910249826,-2.7793629134989204,0.0071878698539723195,0.006785113554257407,0,1,0.0,0.0,-37.27886621374637,-18.83789669140242,0.0,0.09999999999999999,0,0
1789007530.5308642,29.43289566040039,-0.6265836156486386,-0.2256261845725168,-2.7792645720590445,0.005352145749693277,0.006734345878548116,0,1,0.0,0.0,-37.27886621374637,-18.83789669140242,0.0,0.09999999999999999,0,0
1789007530.5668457,29.46887707710266,-0.6265598510688232,-0.22557786515739528,-2.7792911898761297,0.005122290221893413,0.006627921940943143,0,1,0.0,0.0,-37.27886621374637,-18.83789669140242,0.0,0.09999999999999999,0,0
1789007530.6173708,29.519402265548706,-0.6266700947922228,-0.22561970136059326,-2.7790852249151254,0.0027628878832399112,0.0065685735560959396,0,1,0.0,0.0,-37.27886621374637,-18.83789669140242,0.0,0.09999999999999999,0,0
1789007530.6308186,29.53285002708435,-0.6266772424256615,-0.22562249682926627,-2.7790010546671073,0.001661016621579624,0.006489984474982878,0,1,0.0,0.0,-37.27886621374637,-18.83789669140242,0.0,0.09999999999999999,0,0
1789007530.6681156,29.570147037506104,-0.6265297801916612,-0.22552757147976035,-2.778961750245626,0.0013314469619658596,0.0063856009590393505,0,1,0.0,0.0,-37.27886621374637,-18.83789669140242,0.0,0.09999999999999999,0,0
1789007530.7187803,29.620811700820923,-0.6265868141388955,-0.22554904011348129,-2.778869757768933,0.00105152060098579,0.0063234211721684775,0,1,0.0,0.0,-37.27886621374637,-18.83789669140242,0.0,0.09999999999999999,0,0
1789007530.7308838,29.632915258407593,-0.6266033443879871,-0.22555530011718827,-2.7787986839097605,0.0011781975626830022,0.006224278642994986,0,1,0.0,0.0,-37.27886621374637,-18.83789669140242,0.0,0.09999999999999999,0,0
1789007530.7696245,29.671655893325806,-0.6264437761455982,-0.225455853976214,-2.778946483271539,0.0009583936925216908,0.006038484852039376,0,1,0.0,0.0,-37.27886621374637,-18.83789669140242,0.0,0.09999999999999999,0,0
1789007530.8200333,29.72206473350525,-0.6265539551225029,-0.22549749030198252,-2.7788220606905476,0.0018591859687720276,0.0059376651625348414,0,1,0.0,0.0,-37.27886621374637,-18.83789669140242,0.0,0.09999999999999999,0,0
1789007530.830833,29.732864379882812,-0.6266182754515123,-0.22552178014104862,-2.7787647078293505,0.0036509992854556745,0.005806854250516582,0,1,0.0,0.0,-37.27886621374637,-18.83789669140242,0.0,0.09999999999999999,0,0
1789007530.8706307,29.77266216278076,-0.6265587808402953,-0.22546068423355747,-2.7785763926538167,0.003733146633227521,0.005688234034361355,0,1,0.0,0.0,-37.27886621374637,-18.83789669140242,0.0,0.09999999999999999,0,0
1789007530.8808417,29.782873153686523,-0.6266072806754714,-0.22547907256119418,-2.7785219644702623,0.0042119978728706224,0.0056228091790895655,0,1,0.0,0.0,-37.27886621374637,-18.83789669140242,0.0,0.09999999999999999,0,0
1789007530.93091,29.83294153213501,-0.6268106642992843,-0.22555623189666557,-2.778386447609197,0.004463632953772534,0.005498470100333964,0,1,0.0,0.0,-37.27886621374637,-18.83789669140242,0.0,0.09999999999999999,0,0
1789007530.9719641,29.873995542526245,-0.6267836504913734,-0.22550774027034107,-2.778126470377116,0.0044623176521734415,0.005406207264065627,0,1,0.0,0.0,-37.27886621374637,-18.83789669140242,0.0,0.09999999999999999,0,0
1789007530.9809048,29.882936239242554,-0.6268229520731534,-0.22552268368510026,-2.778080855293727,0.004530180663124758,0.005355102197849021,0,1,0.0,0.0,-37.27886621374637,-18.83789669140242,0.0,0.09999999999999999,0,0
1789007531.0308757,29.932907104492188,-0.627035186435458,-0.2256034123171077,-2.7778312591118364,0.004557169501951232,0.0052925393155331775,0,1,0.0,0.0,-37.27886621374637,-18.83789669140242,0.0,0.09999999999999999,0,0
1789007531.0732465,29.9752779006958,-0.6270162923198782,-0.22555817207009407,-2.7776772971016275,0.004541212160966897,0.005220309156308668,0,1,0.0,0.0,-37.27886621374637,-18.83789669140242,0.0,0.09999999999999999,0,0
1789007531.0808463,29.982877731323242,-0.6270494038685059,-0.2255707813100934,-2.7776397332755662,0.004564483595695685,0.005182305241671661,0,1,0.0,0.0,-37.27886621374637,-18.83789669140242,0.0,0.09999999999999999,0,0
1789007531.1308653,30.032896757125854,-0.6272628628094113,-0.22565194775749575,-2.7775606430538793,0.004567985444737563,0.005083748548885898,0,1,0.0,0.0,-37.27886621374637,-18.83789669140242,0.0,0.0,0,0
1789007531.1747434,30.076774835586548,-0.6272491161654502,-0.22560898736472598,-2.777250044081047,0.004510706829001377,0.005086836506912619,0,1,0.0,0.0,-37.27886621374637,-18.83789669140242,0.0,0.0,0,0
1789007531.1809187,30.082950115203857,-0.6272771642308634,-0.2256196796861683,-2.7772222052591475,0.004569547368874544,0.005020376004638179,0,1,0.0,0.0,-37.27886621374637,-18.83789669140242,0.0,0.0,0,0
1789007531.2308846,30.13291597366333,-0.6274905155424235,-0.2257010795011383,-2.776944954811532,0.0045704659813952005,0.004969453619666717,0,1,0.0,0.0,-37.27886621374637,-18.83789669140242,0.0,0.0,0,0
1789007531.2759166,30.177947998046875,-0.6274811400838256,-0.2256599494666408,-2.7767441194103606,0.004517305264687055,0.004968539170161843,0,1,0.0,0.0,-37.27886621374637,-18.83789669140242,0.0,0.0,0,0
1789007531.2808332,30.182864665985107,-0.6274609466412477,-0.22565233069145976,-2.776722636174362,0.0031186585050362588,0.004919144768498961,0,1,0.0,0.0,-37.27886621374637,-18.83789669140242,0.0,0.0,0,0
1789007531.3308363,30.23286771774292,-0.6275594633497105,-0.22569011956586857,-2.776437329098173,0.0010503581041723525,0.00487634989735515,0,1,0.0,0.0,-37.27886621374637,-18.83789669140242,0.0,0.0,0,0
1789007531.377151,30.27918243408203,-0.62760057506386,-0.2257055860880227,-2.7765861350763994,0.0008464205822588657,0.004861214838074453,0,1,0.0,0.0,-37.27886621374637,-18.83789669140242,0.0,0.0,0,0
1789007531.3808334,30.282864809036255,-0.6275902854604116,-0.2257016921116328,-2.776574098414738,0.0002278189987879729,0.004753694956230092,0,1,0.0,0.0,-37.27886621374637,-18.83789669140242,0.0,0.0,0,0
1789007531.430907,30.33293843269348,-0.6273940207405605,-0.225589141079761,-2.7767127434016072,-4.230508356071261e-05,0.004587345839512659,0,1,0.0,0.0,-37.27886621374637,-18.83789669140242,0.0,0.0,0,0
1789007531.4785655,30.38059687614441,-0.6273870455979901,-0.2255858241639108,-2.778111647714258,-0.0002807908039405946,0.004520845019450734,0,1,0.0,0.0,-37.27886621374637,-18.83789669140242,0.0,0.0,0,0
1789007531.4808908,30.382922172546387,-0.6274039979969532,-0.2255922649715149,-2.7781242784748086,0.0005017809578865223,0.004051605659173293,0,1,0.0,0.0,-37.27886621374637,-18.83789669140242,0.0,0.0,0,0
1789007531.5308335,30.432864904403687,-0.6274452630687241,-0.22560755377693104,-2.779138888669354,0.0013709497738139706,0.003436882432126182,0,1,0.0,0.0,-37.27886621374637,-18.83789669140242,0.0,0.0,0,0
1789007531.5796745,30.481705904006958,-0.627304090254821,-0.22551606505537555,-2.7793192455978515,0.0012146768761971348,0.0034217880412171805,0,1,0.0,0.0,-37.27886621374637,-18.83789669140242,0.0,0.0,0,0
1789007531.580832,30.482863426208496,-0.6273207552127998,-0.22552238278997616,-2.7793436286083217,0.001725661600655551,0.0029351371244324626,0,1,0.0,0.0,-37.27886621374637,-18.83789669140242,0.0,0.0,0,0
1789007531.630839,30.532870531082153,-0.6274037807554027,-0.22555374997709918,-2.7795382291465214,0.0018489420967572915,0.002488533011455611,0,1,0.0,0.0,-37.27886621374637,-18.83789669140242,0.0,0.0,0,0
1789007531.6811624,30.5831937789917,-0.6272879404592479,-0.22547187450006026,-2.780015950384802,0.001725575555188771,0.0024627696172380255,0,1,0.0,0.0,-37.27886621374637,-18.83789669140242,0.0,0.0,0,0
1789007531.7315912,30.633622646331787,-0.6273689947105398,-0.2255024379848877,-2.780271818489474,0.00128410699905195,0.0014660236070386376,0,1,0.0,0.0,-37.27886621374637,-18.83789669140242,0.011666818449975835,0.018333571849962028,0,0
1789007531.7822573,30.68428874015808,-0.6272268058609037,-0.22541074687059484,-2.7805708440827948,0.0011440487868393065,0.001449649429895193,0,1,0.0,0.0,-37.27886621374637,-18.83789669140242,0.023331138950106835,0.03666321835016788,0,0
1789007531.8328831,30.734914541244507,-0.6272156689226417,-0.22540645375179005,-2.780884123755523,5.1171662473221125e-05,0.0006248097145389362,0,1,0.0,0.0,-37.27886621374637,-18.83789669140242,0.04666718385005879,0.0657182723718385,0,0
1789007531.8840883,30.78611969947815,-0.6270145581649472,-0.22529272046648946,-2.7809999397136402,-0.0001359269931083115,0.0006185886738957578,0,1,0.0,0.0,-37.27886621374637,-18.83789669140242,0.05,0.0657182723718385,0,0
1789007531.9345653,30.836596727371216,-0.6270127741222663,-0.22529207174141117,-2.780915190039734,-9.965408146905453e-05,-3.785606251355912e-05,0,1,0.0,0.0,-37.27886621374637,-18.83789669140242,0.05,0.06412943629237512,0,0
1789007531.9851625,30.88719391822815,-0.626806224845863,-0.22517641192539847,-2.781230282455907,-0.0002634551825802147,-0.00020071189064281038,0,1,0.0,0.0,-37.27886621374637,-18.83789669140242,0.05,0.06412943629237512,0,0
1789007532.0362563,30.93828773498535,-0.626835753524564,-0.22518752481563833,-2.781679761868342,0.0006047109058711512,-0.0005873309339914808,0,1,0.0,0.0,-37.27886621374637,-18.83789669140242,0.05,0.06412943629237512,0,0
1789007532.086767,30.98879837989807,-0.6266671184432011,-0.22508629864452706,-2.7818112296931696,0.0005333927118934871,-0.0008111120689435647,0,1,0.0,0.0,-37.27886621374637,-18.83789669140242,0.05,0.06228525531167787,0,0
1789007532.1375635,31.039594888687134,-0.6267345279465583,-0.22511166706716218,-2.7819439716553225,0.0011888517761694537,-0.0012251422810860763,0,1,0.0,0.0,-37.27886621374637,-18.83789669140242,0.05,0.06228525531167787,0,0
1789007532.1525059,31.054537296295166,-0.6265543859554479,-0.22500623973688558,-2.781971029905293,0.0011874377977397258,-0.0013601247675627333,0,1,0.0,0.0,-37.27886621374637,-18.83789669140242,0.05,0.06228525531167787,0,0
1789007532.1885767,31.0906081199646,-0.6265969955073363,-0.2250222670818524,-2.7819963764410596,0.0012500495098170218,-0.0015092443962624058,0,1,0.0,0.0,-37.27886621374637,-18.83789669140242,0.05,0.06228525531167787,0,0
1789007532.239488,31.14151930809021,-0.626748793840005,-0.22507941596942735,-2.782007381230737,0.004158014167890476,-0.0016101688242120605,0,1,0.0,0.0,-37.27886621374637,-18.83789669140242,0.05,0.06228525531167787,0,0
1789007532.2629745,31.165005922317505,-0.6266541955019935,-0.22500627302954096,-2.7820519876076046,0.004450149984559127,-0.0017128657830056218,0,1,0.0,0.0,-37.27886621374637,-18.83789669140242,0.05,0.06107933571018902,0,0
1789007532.2903926,31.192424058914185,-0.6269171934614844,-0.22510519527588774,-2.782233674944933,0.009284605786073107,-0.0018522052145008088,0,1,0.0,0.0,-37.27886621374637,-18.83789669140242,0.05,0.06107933571018902,0,0
1789007532.3410342,31.24306559562683,-0.6274627516312354,-0.22531014328276777,-2.7824247594522884,0.01252500225497725,-0.001945071418316152,0,1,0.0,0.0,-37.27886621374637,-18.83789669140242,0.05,0.06107933571018902,0,0
1789007532.3713639,31.2733952999115,-0.6276364421376278,-0.22533780439104376,-2.782490828571732,0.013094471963159078,-0.002032548660203664,0,1,0.0,0.0,-37.27886621374637,-18.83789669140242,0.05,0.06107933571018902,0,0
1789007532.3919678,31.293999195098877,-0.6279064708266981,-0.2254392612385391,-2.782466963835749,0.01379316989416976,-0.002141713531291277,0,1,0.0,0.0,-37.27886621374637,-18.83789669140242,0.05,0.06107933571018902,0,0
1789007532.4423754,31.344406843185425,-0.6285624713674383,-0.2256855743034873,-2.782533212467777,0.014100236470148101,-0.002213634974679677,0,1,0.0,0.0,-37.27886621374637,-18.83789669140242,0.05,0.060157422229337204,0,0
1789007532.4483287,31.35036015510559,-0.6284394149008192,-0.22560195444218972,-2.7825492094317688,0.014179532741088867,-0.002265388977316335,0,1,0.0,0.0,-37.27886621374637,-18.83789669140242,0.05,0.060157422229337204,0,0
1789007532.493033,31.39506435394287,-0.628956544240051,-0.22579652881444542,-2.782322821397859,0.01125685575465976,-0.002260242469332097,0,1,0.0,0.0,-37.27886621374637,-18.83789669140242,0.05,0.060157422229337204,0,0
1789007532.5436728,31.445704221725464,-0.6293022747009831,-0.2259267967722654,-2.782139077297499,0.006069534699552658,-0.002256125300356185,0,1,0.0,0.0,-37.27886621374637,-18.83789669140242,0.05,0.060157422229337204,0,0
1789007532.5530097,31.45504117012024,-0.6291358485369104,-0.22582703161854167,-2.7821581867989944,0.005571937570921319,-0.002223218130537107,0,1,0.0,0.0,-37.27886621374637,-18.83789669140242,0.05,0.060157422229337204,0,0
1789007532.5945306,31.496562004089355,-0.6292835311837225,-0.22588284320902782,-2.7820303380558804,0.0031058747272853355,-0.002134026709610047,0,1,0.0,0.0,-37.27886621374637,-18.83789669140242,0.05,0.05952495303625863,0,0
1789007532.6449778,31.547009229660034,-0.6294030923231638,-0.22592790908239238,-2.7820390273830355,0.0022740607904372895,-0.002101176334371729,0,1,0.0,0.0,-37.27886621374637,-18.83789669140242,0.05,0.05952495303625863,0,0
1789007532.6492872,31.551318645477295,-0.629401748370838,-0.2259259152661147,-2.7820464145503747,0.002168853524268812,-0.002066344103111927,0,1,0.0,0.0,-37.27886621374637,-18.83789669140242,0.05,0.05952495303625863,0,0
1789007532.6955912,31.597622632980347,-0.629488441975702,-0.22595873602563146,-2.7819354244972914,0.0019142219117998962,-0.0019848265445445382,0,1,0.0,0.0,-37.27886621374637,-18.83789669140242,0.05,0.05952495303625863,0,0
1789007532.7463973,31.648428678512573,-0.6295786596219846,-0.2259928476218502,-2.781844816892434,0.0018473579601263682,-0.00194158614949694,0,1,0.0,0.0,-37.27886621374637,-18.83789669140242,0.05,0.05952495303625863,0,0
1789007532.7974215,31.699452877044678,-0.6296353783383527,-0.22601286124306602,-2.781726889596615,0.0011425177919461133,-0.0017577713507795816,0,1,0.0,0.0,-37.27886621374637,-18.83789669140242,0.05,0.059443448573971804,0,0
1789007532.8478558,31.749887228012085,-0.6296607259924178,-0.2260224546313652,-2.781722486746003,0.0003145660510180726,-0.0016963873398792473,0,1,0.0,0.0,-37.27886621374637,-18.83789669140242,0.05,0.059443448573971804,0,0
1789007532.8502178,31.752249240875244,-0.6296510323983999,-0.2260173160415747,-2.781723717346981,0.00021134103503664967,-0.0016350917072951783,0,1,0.0,0.0,-37.27886621374637,-18.83789669140242,0.05,0.059443448573971804,0,0
1789007532.8984616,31.800493001937866,-0.6296522519009538,-0.22601782151922126,-2.7817073213957504,-9.587408477074205e-05,-0.0015314162232841447,0,1,0.0,0.0,-37.27886621374637,-18.83789669140242,0.05,0.059443448573971804,0,0
1789007532.94927,31.851301431655884,-0.6296474018748934,-0.22601609875692175,-2.781539834577592,-0.00018046185280117986,-0.001484281525801828,0,1,0.0,0.0,-37.27886621374637,-18.83789669140242,0.05,0.059681840144718695,0,0
1789007532.9514625,31.8534939289093,-0.6296385781988459,-0.22601128472983165,-2.7815396226112554,-0.00019669335658405873,-0.0013985447110903791,0,1,0.0,0.0,-37.27886621374637,-18.83789669140242,0.05,0.059681840144718695,0,0
1789007532.9997733,31.90180468559265,-0.6296325856208056,-0.22600907441593104,-2.7814486068469986,-0.0002064707327191346,-0.0012530273695533865,0,1,0.0,0.0,-37.27886621374637,-18.83789669140242,0.05,0.059681840144718695,0,0
1789007533.0503798,31.95241117477417,-0.6296893447270276,-0.22603048607349602,-2.781366276389298,0.0014081131850704075,-0.0011910416359482265,0,1,0.0,0.0,-37.27886621374637,-18.83789669140242,0.05,0.059681840144718695,0,0
1789007533.1009674,32.00299882888794,-0.6298560860615131,-0.22609188052869103,-2.7811475311513023,0.004090956196963605,-0.0009673175044229824,0,1,0.0,0.0,-37.27886621374637,-18.83789669140242,0.05,0.06013525046563398,0,0
1789007533.1518307,32.05386209487915,-0.6300815090937044,-0.22617703548613838,-2.780760725149527,0.004863495825021574,-0.000890458967923615,0,1,0.0,0.0,-37.27886621374637,-18.83789669140242,0.05,0.06013525046563398,0,0
1789007533.1534808,32.05551218986511,-0.6300829232810126,-0.22617607819789057,-2.7807562805273807,0.004971213956543469,-0.000742200988665385,0,1,0.0,0.0,-37.27886621374637,-18.83789669140242,0.05,0.06013525046563398,0,0
1789007533.2024515,32.104482889175415,-0.6303199212104533,-0.22626561664194497,-2.780589852463932,0.005244011842685444,-0.0005051443609580739,0,1,0.0,0.0,-37.27886621374637,-18.83789669140242,0.05,0.06013525046563398,0,0
1789007533.2530367,32.155068159103394,-0.6305692401675839,-0.22635985967340191,-2.780441922039213,0.0053088193239743,-0.0004099428694494567,0,1,0.0,0.0,-37.27886621374637,-18.83789669140242,0.05,0.06013525046563398,0,0
1789007533.2592435,32.161274909973145,-0.630592073241952,-0.22636699485755657,-2.7804388570081393,0.005335510135334766,-0.0003004942292415081,0,1,0.0,0.0,-37.27886621374637,-18.83789669140242,0.05,0.06013525046563398,0,0
1789007533.3038077,32.20583915710449,-0.6308031629204532,-0.22644696370630096,-2.7801404481145973,0.005118449257384328,-6.569893384023061e-05,0,1,0.0,0.0,-37.27886621374637,-18.83789669140242,0.05,0.06047562500151497,0,0
1789007533.3309052,32.23293662071228,-0.6309259815145428,-0.22649340260060874,-2.780137227459351,0.004816067146025215,4.0250699367581983e-05,0,1,0.0,0.0,-37.27886621374637,-18.83789669140242,0.05,0.06047562500151497,0,0
1789007533.371261,32.27329230308533,-0.6310988809967679,-0.22655745807738373,-2.779930240453519,0.004826065338331496,0.00017116918621465322,0,1,0.0,0.0,-37.27886621374637,-18.83789669140242,0.05,0.06047562500151497,0,0
1789007533.4049058,32.3069372177124,-0.6312437411884513,-0.22661240482783826,-2.7797440869525762,0.004695684343114565,0.0003797068179440233,0,1,0.0,0.0,-37.27886621374637,-18.83789669140242,0.05,0.06047562500151497,0,0
1789007533.4309118,32.33294320106506,-0.6313565161036158,-0.22665509369793943,-2.779729948697589,0.004639059383753134,0.00046137683575484797,0,1,0.0,0.0,-37.27886621374637,-18.83789669140242,0.05,0.06116152230805408,0,0
1789007533.4555347,32.357566118240356,-0.6314549218165079,-0.2266909743626764,-2.779577656481926,0.004656531122753134,0.0005669495773073321,0,1,0.0,0.0,-37.27886621374637,-18.83789669140242,0.05,0.06116152230805408,0,0
1789007533.5063858,32.40841722488403,-0.6316747416937775,-0.22677451799832038,-2.7792108219878284,0.004641882669412429,0.0008004665242040391,0,1,0.0,0.0,-37.27886621374637,-18.83789669140242,0.05,0.06116152230805408,0,0
1789007533.5308826,32.43291401863098,-0.6317595423397354,-0.22680669455433095,-2.779186242493783,0.0036450934603413903,0.000907136571023257,0,1,0.0,0.0,-37.27886621374637,-18.83789669140242,0.05,0.06116152230805408,0,0
1789007533.5568192,32.458850622177124,-0.631836017338875,-0.22683433388703797,-2.7790125023454926,0.0034961732074871256,0.0010342028139434113,0,1,0.0,0.0,-37.27886621374637,-18.83789669140242,0.05,0.06116152230805408,0,0
1789007533.6074076,32.50943899154663,-0.6319350325524828,-0.22687202862222985,-2.7788353112548596,0.0019351893667375049,0.0012290544280689527,0,1,0.0,0.0,-37.27886621374637,-18.83789669140242,0.05,0.062046373486906926,0,0
1789007533.6309037,32.53293514251709,-0.631969117714782,-0.2268849762220233,-2.778802636450465,0.0015177381764121625,0.0013029476658021444,0,1,0.0,0.0,-37.27886621374637,-18.83789669140242,0.05,0.062046373486906926,0,0
1789007533.658069,32.56010031700134,-0.6319965090866861,-0.22689394822641953,-2.778681490798129,0.0013836577944233656,0.0013957446836373646,0,1,0.0,0.0,-37.27886621374637,-18.83789669140242,0.05,0.062046373486906926,0,0
1789007533.7091625,32.611193895339966,-0.632057935127358,-0.22691733388376598,-2.7785043142001715,0.001212523707385662,0.0015696515213629528,0,1,0.0,0.0,-37.27886621374637,-18.83789669140242,0.05,0.062046373486906926,0,0
1789007533.730909,32.63294053077698,-0.6320837384503942,-0.22692713428580724,-2.778466802730015,0.001239758552024446,0.0016429981827198203,0,1,0.0,0.0,-37.27886621374637,-18.83789669140242,0.05,0.062046373486906926,0,0
1789007533.7595851,32.661616563797,-0.6321072336975136,-0.22693458747945955,-2.778396759565771,0.00116714718415817,0.0017214471129680829,0,1,0.0,0.0,-37.27886621374637,-18.83789669140242,0.05,0.062046373486906926,0,0
1789007533.810438,32.71246933937073,-0.6321447623984556,-0.2269488538803261,-2.7783179043473876,0.0007023705938707953,0.0018312036827085917,0,1,0.0,0.0,-37.27886621374637,-18.83789669140242,0.05,0.06270086953571688,0,0
1789007533.8308547,32.73288607597351,-0.632149391650596,-0.22695062507756572,-2.778278551791388,0.00025772382430628774,0.0018698073437879565,0,1,0.0,0.0,-37.27886621374637,-18.83789669140242,0.05,0.06270086953571688,0,0
1789007533.861453,32.763484477996826,-0.632144687402908,-0.22694734463726768,-2.778242573319165,8.016304336776737e-05,0.0019270334236827522,0,1,0.0,0.0,-37.27886621374637,-18.83789669140242,0.05,0.06270086953571688,0,0
1789007533.911911,32.813942432403564,-0.6321428572037618,-0.22694664672318837,-2.7781508596280555,-0.00013242523659596578,0.002005783525789802,0,1,0.0,0.0,-37.27886621374637,-18.83789669140242,0.05,0.06270086953571688,0,0
1789007533.9309328,32.832964181900024,-0.6321421507669867,-0.22694637483849844,-2.77811137044167,-8.893359242551065e-05,0.0020329598964757244,0,1,0.0,0.0,-37.27886621374637,-18.83789669140242,0.05,0.06323631819958488,0,0
1789007533.9625137,32.86454510688782,-0.632129234583712,-0.22693996923923687,-2.7780741466135717,-0.00019101724486522828,0.0020610456010562396,0,1,0.0,0.0,-37.27886621374637,-18.83789669140242,0.05,0.06323631819958488,0,0
1789007534.01311,32.915141344070435,-0.6321240102692515,-0.226937990157717,-2.7778833488879737,-0.00020019839414181886,0.002120033993502464,0,1,0.0,0.0,-37.27886621374637,-18.83789669140242,0.05,0.06323631819958488,0,0
1789007534.0308342,32.932865619659424,-0.6321469951531548,-0.22694670068117992,-2.777844502206398,0.001023150130385986,0.002145081888812882,0,1,0.0,0.0,-37.27886621374637,-18.83789669140242,0.05,0.06323631819958488,0,0
1789007534.064135,32.966166496276855,-0.6321742723420852,-0.22695562405961822,-2.777561127305387,0.001176720710256905,0.00222644750765993,0,1,0.0,0.0,-37.27886621374637,-18.83789669140242,0.05,0.06323631819958488,0,0
1789007534.1146348,33.01666617393494,-0.6323179713740682,-0.2270103509990406,-2.7773195544574243,0.002773225160728715,0.0022784463217391413,0,1,0.0,0.0,-37.27886621374637,-18.83789669140242,0.05,0.06323631819958488,0,0
1789007534.130886,33.032917499542236,-0.6323827243131834,-0.22703501091045541,-2.7772785627131817,0.003621782667975625,0.0023561192523802992,0,1,0.0,0.0,-37.27886621374637,-18.83789669140242,0.05,0.06367245027484993,0,0
1789007534.1652708,33.067302227020264,-0.6324933889586971,-0.22707575478785186,-2.777107554058915,0.0037567678242091656,0.0024398073887721794,0,1,0.0,0.0,-37.27886621374637,-18.83789669140242,0.05,0.06367245027484993,0,0
1789007534.2158842,33.117915630340576,-0.6326782107425418,-0.22714628114923227,-2.7769598433389406,0.003916123288054827,0.0024886580369007285,0,1,0.0,0.0,-37.27886621374637,-18.83789669140242,0.05,0.06367245027484993,0,0
1789007534.2308872,33.1329185962677,-0.6328754218064588,-0.22722136318053426,-2.776919230960132,0.009343386594226653,0.0025476196656149387,0,1,0.0,0.0,-37.27886621374637,-18.83789669140242,0.05,0.06367245027484993,0,0
1789007534.266755,33.16878652572632,-0.6331973231549451,-0.22734251138307138,-2.7771686119719226,0.010151439414720565,0.0025396278256133507,0,1,0.0,0.0,-37.27886621374637,-18.83789669140242,0.05,0.06367245027484993,0,0
1789007534.3172302,33.21926164627075,-0.6341068203148728,-0.22768887027896134,-2.7773626129685547,0.018007291073321434,0.0025324062451269618,0,1,0.0,0.0,-37.27886621374637,-18.83789669140242,0.05,0.06389311412038903,0,0
1789007534.3308592,33.232890605926514,-0.6344617245357931,-0.22782405028402278,-2.7773307519031363,0.023036494656366494,0.00248236922066906,0,1,0.0,0.0,-37.27886621374637,-18.83789669140242,0.05,0.06389311412038903,0,0
1789007534.3678696,33.26990103721619,-0.6352832710373072,-0.22813668333644602,-2.77754512369443,0.024409891704974995,0.0023868334504156827,0,1,0.0,0.0,-37.27886621374637,-18.83789669140242,0.05,0.06389311412038903,0,0
1789007534.4187725,33.32080388069153,-0.636480663072664,-0.22859159846858576,-2.777939623086574,0.02562066812457258,0.0023237483378639842,0,1,0.0,0.0,-37.27886621374637,-18.83789669140242,0.05,0.06389311412038903,0,0
1789007534.4308872,33.332918643951416,-0.6365271305975122,-0.22857193579502125,-2.7779186143193972,0.02537018630376992,0.0021730026598649377,0,1,0.0,0.0,-37.27886621374637,-18.83789669140242,0.05,0.06389311412038903,0,0
1789007534.4692447,33.37127614021301,-0.6374533438885579,-0.2289240036114171,-2.777985323229034,0.026285961062060895,0.0020286141150720385,0,1,0.0,0.0,-37.27886621374637,-18.83789669140242,0.05,0.06389311412038903,0,0
1789007534.5198426,33.421874046325684,-0.6385933844184225,-0.229357373110813,-2.7780308756684673,0.02502439111120243,0.0019462212538047306,0,1,0.0,0.0,-37.27886621374637,-18.83789669140242,0.05,0.06420629438633721,0,0
1789007534.530854,33.43288540840149,-0.6387933100721515,-0.2294334686437597,-2.778014988953684,0.022849278045267485,0.0018411473261129969,0,1,0.0,0.0,-37.27886621374637,-18.83789669140242,0.05,0.06420629438633721,0,0
1789007534.5704856,33.472517013549805,-0.6394089946805636,-0.22962997982693376,-2.778083801769934,0.02336674443522163,0.001725557458081256,0,1,0.0,0.0,-37.27886621374637,-18.83789669140242,0.05,0.06420629438633721,0,0
1789007534.5808835,33.48291492462158,-0.6396285303030749,-0.22971349689077022,-2.7780693096680067,0.023184790141825402,0.0016633738810441572,0,1,0.0,0.0,-37.27886621374637,-18.83789669140242,0.05,0.06420629438633721,0,0
1789007534.630916,33.5329475402832,-0.6407152721741841,-0.23012564542607641,-2.7782967685282403,0.023306413710684253,0.0015126906298944332,0,1,0.0,0.0,-37.27886621374637,-18.83789669140242,0.0,0.0,0,0
1789007534.6720304,33.57406187057495,-0.6413775057812588,-0.23033951091709326,-2.7784169855550207,0.023933536719548325,0.0013596622922007042,0,1,0.0,0.0,-37.27886621374637,-18.83789669140242,0.0,0.0,0,0
1789007534.6809204,33.58295178413391,-0.6415606453262004,-0.23040911364088884,-2.7784091944082383,0.02343946083596988,0.0012794358558513004,0,1,0.0,0.0,-37.27886621374637,-18.83789669140242,0.0,0.0,0,0
1789007534.730835,33.63286638259888,-0.6426370205736855,-0.2308174813600174,-2.77851270222208,0.022717226178830284,0.0011591135212632542,0,1,0.0,0.0,-37.27886621374637,-18.83789669140242,0.0,0.0,0,0
1789007534.7733967,33.67542815208435,-0.6432985463173986,-0.2310307600690886,-2.778691195156927,0.02316969169888798,0.0009861624964106622,0,1,0.0,0.0,-37.27886621374637,-18.83789669140242,0.0,0.0,0,0
1789007534.7808855,33.68291687965393,-0.6434280421315838,-0.23107993596791612,-2.7786879966694538,0.022000545985935364,0.0008981512401121679,0,1,0.0,0.0,-37.27886621374637,-18.83789669140242,0.0,0.0,0,0
1789007534.8309183,33.73294973373413,-0.6444446203889181,-0.23146563524109817,-2.7787226530086224,0.021438298621893136,0.0007873171597254883,0,1,0.0,0.0,-37.27886621374637,-18.83789669140242,0.0,0.0,0,0
1789007534.8749216,33.77695298194885,-0.6450789401831843,-0.231669125493077,-2.778766069766183,0.021863906338776957,0.0007846014567991314,0,1,0.0,0.0,-37.27886621374637,-18.83789669140242,0.0,0.0,0,0
1789007534.880834,33.78286552429199,-0.6451802880713033,-0.2317076030814745,-2.7787676951131832,0.021273803782971615,0.0006710407392749785,0,1,0.0,0.0,-37.27886621374637,-18.83789669140242,0.0,0.0,0,0
1789007534.9309163,33.832947731018066,-0.6461749497185024,-0.23208489942652916,-2.7788115633531705,0.021212775195283605,0.0005577351078851078,0,1,0.0,0.0,-37.27886621374637,-18.83789669140242,0.011659796050071235,0.018322536650111944,0,0
1789007534.9763684,33.87839984893799,-0.6468244598426287,-0.2322915303968429,-2.7794761013487457,0.021601237979266812,0.0005305223545675835,0,1,0.0,0.0,-37.27886621374637,-18.83789669140242,0.02333752295007798,0.036673250350122547,0,0
1789007534.9808052,33.88283658027649,-0.6468023540580861,-0.23228309931475372,-2.779486567448456,0.01786275671396227,0.00027711728365122795,0,1,0.0,0.0,-37.27886621374637,-18.83789669140242,0.03500046619997192,0.05500073259995589,0,0
1789007535.0309126,33.93294405937195,-0.6474322751474834,-0.23251930002602092,-2.780056325483655,0.00874845828166555,-4.3522575540349247e-05,0,1,0.0,0.0,-37.27886621374637,-18.83789669140242,0.0466639022500658,0.06294610248568158,0,0
1789007535.0773654,33.97939682006836,-0.6475444744253749,-0.23252317842379036,-2.780454321665654,0.008556148075469807,-6.031227989398996e-05,0,1,0.0,0.0,-37.27886621374637,-18.83789669140242,0.05,0.06294610248568158,0,0
1789007535.0808308,33.9828622341156,-0.6473366163688267,-0.23244446207839195,-2.7804723957603734,0.0006509863726690386,-0.00036034565778314575,0,1,0.0,0.0,-37.27886621374637,-18.83789669140242,0.05,0.06233770739908021,0,0
1789007535.1308587,34.03289008140564,-0.647297734897079,-0.23242881879228858,-2.780833838260552,-0.002452675692205695,-0.0006673641660513332,0,1,0.0,0.0,-37.27886621374637,-18.83789669140242,0.05,0.06233770739908021,0,0
1789007535.1787705,34.08080196380615,-0.6469098026712524,-0.23224414069953833,-2.7813882401534893,-0.003134300016185279,-0.0006893229610168769,0,1,0.0,0.0,-37.27886621374637,-18.83789669140242,0.05,0.06233770739908021,0,0
1789007535.1809137,34.082945108413696,-0.6468949179439678,-0.2322385626002797,-2.7814092424493895,-0.003458956983911311,-0.00107323289198012,0,1,0.0,0.0,-37.27886621374637,-18.83789669140242,0.05,0.06233770739908021,0,0
1789007535.2308357,34.132867097854614,-0.6467436076257759,-0.23218132255300244,-2.78170549803804,-0.0029187310141104766,-0.0014109974517315823,0,1,0.0,0.0,-37.27886621374637,-18.83789669140242,0.05,0.06233770739908021,0,0
1789007535.279872,34.18190336227417,-0.6463335848292191,-0.23198943902353325,-2.7820412779403707,-0.0035706977866012683,-0.001422611778727413,0,1,0.0,0.0,-37.27886621374637,-18.83789669140242,0.05,0.06160635438771958,0,0
1789007535.280904,34.1829354763031,-0.6464579137988657,-0.23203638853455794,-2.78206050918622,0.0006945808200706068,-0.0017256210449663582,0,1,0.0,0.0,-37.27886621374637,-18.83789669140242,0.05,0.06160635438771958,0,0
1789007535.3308647,34.23289608955383,-0.6465733727980271,-0.2320797120343664,-2.782506141287801,0.004719146651035241,-0.002095385136373614,0,1,0.0,0.0,-37.27886621374637,-18.83789669140242,0.05,0.06160635438771958,0,0
1789007535.3812706,34.28330206871033,-0.6465294964058691,-0.23202586644815773,-2.7825302958642144,0.00447587176550956,-0.0020918019970134543,0,1,0.0,0.0,-37.27886621374637,-18.83789669140242,0.05,0.06160635438771958,0,0
1789007535.4321032,34.334134578704834,-0.6468913964211704,-0.23216189905807835,-2.782577537977426,0.00684977623015227,-0.002517348691361936,0,1,0.0,0.0,-37.27886621374637,-18.83789669140242,0.0,0.0,0,0
1789007535.4828222,34.38485360145569,-0.646952254972627,-0.2321474475708649,-2.7826711512729356,0.0067289889150557855,-0.002515902319222799,0,1,0.0,0.0,-37.27886621374637,-18.83789669140242,0.0,0.0,0,0
1789007535.53371,34.43574142456055,-0.6471776372486749,-0.2322319897320738,-2.7827266260014545,0.0036356312725922602,-0.002781075110135417,0,1,0.0,0.0,-37.27886621374637,-18.83789669140242,0.0,0.0,0,0
1789007535.5841672,34.48619866371155,-0.6470810363366496,-0.23215855656493306,-2.7828302191791208,0.003372273837363974,-0.0027794819187183183,0,1,0.0,0.0,-37.27886621374637,-18.83789669140242,0.0,0.0,0,0
1789007535.6347775,34.53680896759033,-0.6470445248826141,-0.23214480025309608,-2.782924428986108,0.00012233881111592577,-0.0029297435515798676,0,1,0.0,0.0,-37.27886621374637,-18.83789669140242,0.0,0.0,0,0
1789007535.6853478,34.58737921714783,-0.6467757998053086,-0.23200682357364175,-2.7832184285884485,-0.0003350496467362692,-0.00297017375858498,0,1,0.0,0.0,-37.27886621374637,-18.83789669140242,0.0,0.0,0,0
1789007535.7362316,34.63826298713684,-0.646768226500919,-0.23200394308054975,-2.783523554399408,-0.0002904541983859019,-0.0030896107913594125,0,1,0.0,0.0,-37.27886621374637,-18.83789669140242,0.0,0.0,0,0
1789007535.7867196,34.688750982284546,-0.6464860732487153,-0.2318610400864272,-2.7841051913122876,-0.0006595233292317114,-0.00317733196195993,0,1,0.0,0.0,-37.27886621374637,-18.83789669140242,0.0,0.0,0,0
1789007535.8373008,34.73933219909668,-0.6463881305710414,-0.2318243340345923,-2.784615649259129,-0.002310086297786426,-0.0034408756147659095,0,1,0.0,0.0,-37.27886621374637,-18.83789669140242,0.011664230900123584,0.018329505700194204,0,0
1789007535.8492546,34.751286029815674,-0.6461002827626978,-0.23167959831717655,-2.78466428781169,-0.0024865155462301517,-0.0035630518022809854,0,1,0.0,0.0,-37.27886621374637,-18.83789669140242,0.02332926855015103,0.036660279150237327,0,0
1789007535.8882084,34.7902398109436,-0.6460039141390811,-0.2316436722515845,-2.7845645324687514,-0.0028073691133252907,-0.0036659062396685073,0,1,0.0,0.0,-37.27886621374637,-18.83789669140242,0.034998752599949515,0.054998039799920656,0,0
1789007535.9386284,34.840659856796265,-0.6458707814013723,-0.23159402036983984,-2.784630361717291,-0.0029266326878274367,-0.003737071430166365,0,1,0.0,0.0,-37.27886621374637,-18.83789669140242,0.046672246250000174,0.05888718473414581,0,0
1789007535.9451244,34.847155809402466,-0.64559583474756,-0.23145424015808774,-2.784656610095016,-0.0029678577177825257,-0.003773615302113512,0,1,0.0,0.0,-37.27886621374637,-18.83789669140242,0.05,0.05888718473414581,0,0
1789007535.989263,34.89129447937012,-0.645474533875072,-0.2314090522951545,-2.784953174663611,-0.0029814625247436824,-0.0038428534245001354,0,1,0.0,0.0,-37.27886621374637,-18.83789669140242,0.05,0.058489334673310335,0,0
1789007536.0398862,34.94191765785217,-0.6453962219859706,-0.23138001974171388,-2.7852195754498794,-0.0010989102308326625,-0.0038890567564758326,0,1,0.0,0.0,-37.27886621374637,-18.83789669140242,0.05,0.058489334673310335,0,0
1789007536.0482032,34.95023465156555,-0.6451371368112178,-0.2312462999945363,-2.7852546427649383,-0.0009621972206727659,-0.003935982745752873,0,1,0.0,0.0,-37.27886621374637,-18.83789669140242,0.05,0.058489334673310335,0,0
1789007536.090755,34.9927864074707,-0.6451680450571867,-0.2312578733817318,-2.7851225540554396,0.001532268114104636,-0.003938281573262367,0,1,0.0,0.0,-37.27886621374637,-18.83789669140242,0.05,0.058489334673310335,0,0
1789007536.1412823,35.04331374168396,-0.6452811454499351,-0.23130003069052374,-2.7851773249670053,0.0026865791547769297,-0.0039421371074828924,0,1,0.0,0.0,-37.27886621374637,-18.83789669140242,0.05,0.058489334673310335,0,0
1789007536.1472495,35.049280881881714,-0.6450441524623594,-0.23117466743583007,-2.785200197974244,0.0027982065814748606,-0.0039299396039257275,0,1,0.0,0.0,-37.27886621374637,-18.83789669140242,0.05,0.058489334673310335,0,0
1789007536.1918857,35.09391713142395,-0.6451692823684265,-0.23122127589399122,-2.7850573931086333,0.0030948802079539426,-0.0038594252161478918,0,1,0.0,0.0,-37.27886621374637,-18.83789669140242,0.05,0.05789305143679183,0,0
1789007536.2428255,35.14485692977905,-0.6453216371870187,-0.23127808451263798,-2.7848459995555253,0.0032039973884773858,-0.003808661175480762,0,1,0.0,0.0,-37.27886621374637,-18.83789669140242,0.05,0.05789305143679183,0,0
1789007536.261397,35.16342830657959,-0.6451228000525234,-0.23116706796669675,-2.7849109745824396,0.0032096225634322857,-0.003713576124927986,0,1,0.0,0.0,-37.27886621374637,-18.83789669140242,0.05,0.05789305143679183,0,0
1789007536.2932494,35.19528079032898,-0.6452207413562671,-0.2312035992628705,-2.784897172322738,0.003258584291094823,-0.0035992311417135394,0,1,0.0,0.0,-37.27886621374637,-18.83789669140242,0.05,0.05789305143679183,0,0
1789007536.3438118,35.245843172073364,-0.6453375076390103,-0.2312471175555221,-2.784932123250508,0.002228527563812755,-0.0035230751589720908,0,1,0.0,0.0,-37.27886621374637,-18.83789669140242,0.05,0.05789305143679183,0,0
1789007536.3505661,35.25259757041931,-0.6450940319426912,-0.23111960162645082,-2.7849517768669547,0.0021316064803259547,-0.003450589767452555,0,1,0.0,0.0,-37.27886621374637,-18.83789669140242,0.05,0.05772452954823773,0,0
1789007536.394563,35.2965943813324,-0.6451273204989749,-0.23113204591681638,-2.78481520296067,0.0006164228634725328,-0.0033042414367282537,0,1,0.0,0.0,-37.27886621374637,-18.83789669140242,0.05,0.05772452954823773,0,0
1789007536.445487,35.34751844406128,-0.64514103959657,-0.23113727303621828,-2.7845388483791504,0.00011390350869592952,-0.0032277079977811505,0,1,0.0,0.0,-37.27886621374637,-18.83789669140242,0.05,0.05772452954823773,0,0
1789007536.4502876,35.35231900215149,-0.6448862664183612,-0.23100568223147983,-2.784548206093817,6.12753502936156e-05,-0.003089972622254368,0,1,0.0,0.0,-37.27886621374637,-18.83789669140242,0.05,0.05772452954823773,0,0
1789007536.496033,35.398064374923706,-0.6448862309846413,-0.23100570211168006,-2.7845232919149008,-8.493113400927517e-05,-0.0028692428086124337,0,1,0.0,0.0,-37.27886621374637,-18.83789669140242,0.05,0.05772452954823773,0,0
1789007536.5466275,35.44865894317627,-0.6448824742893275,-0.23100432909836371,-2.784504178303413,-0.00014343601349291874,-0.002779174774065129,0,1,0.0,0.0,-37.27886621374637,-18.83789669140242,0.05,0.05772452954823773,0,0
1789007536.5971937,35.49922513961792,-0.6448997183574691,-0.2310093494048077,-2.784440495443853,0.0007652161099964102,-0.0025067093639850133,0,1,0.0,0.0,-37.27886621374637,-18.83789669140242,0.05,0.05814359141203266,0,0
1789007536.6481168,35.550148248672485,-0.6449787267404821,-0.23103889972842756,-2.784268198852866,0.001856564550292484,-0.0024255630380659184,0,1,0.0,0.0,-37.27886621374637,-18.83789669140242,0.05,0.05814359141203266,0,0
1789007536.6481757,35.55020713806152,-0.6449716039069269,-0.23103478207827854,-2.7842632157511944,0.002000390945378355,-0.002291019180062276,0,1,0.0,0.0,-37.27886621374637,-18.83789669140242,0.05,0.05814359141203266,0,0
1789007536.698569,35.600600481033325,-0.6450824127475083,-0.23107620631767503,-2.784141430448985,0.00243721929966816,-0.0020613149225896924,0,1,0.0,0.0,-37.27886621374637,-18.83789669140242,0.05,0.05814359141203266,0,0
1789007536.749246,35.65127730369568,-0.6452028109251419,-0.23112123217435648,-2.784027255612855,0.002543724123628314,-0.001962738291586924,0,1,0.0,0.0,-37.27886621374637,-18.83789669140242,0.05,0.05879742386440437,0,0
1789007536.800059,35.70209050178528,-0.6453175826612128,-0.23116279599408018,-2.783673024188617,0.002619228491819737,-0.0015759689914513866,0,1,0.0,0.0,-37.27886621374637,-18.83789669140242,0.05,0.05879742386440437,0,0
1789007536.8505907,35.75262212753296,-0.6454256904003675,-0.2312032890699249,-2.7835738890921378,0.0022092972787410336,-0.0014423576697071738,0,1,0.0,0.0,-37.27886621374637,-18.83789669140242,0.05,0.05879742386440437,0,0
1789007536.9012277,35.8032591342926,-0.645495144842117,-0.23122786893457503,-2.7834716983495102,0.0015627262506647751,-0.001078365060384451,0,1,0.0,0.0,-37.27886621374637,-18.83789669140242,0.05,0.059605351785818744,0,0
1789007536.9518266,35.85385799407959,-0.6455620135643301,-0.23125294147334283,-2.783385443415379,0.001354954510126566,-0.000986469892289362,0,1,0.0,0.0,-37.27886621374637,-18.83789669140242,0.05,0.059605351785818744,0,0
1789007537.002693,35.90472435951233,-0.6456141571996206,-0.23127107002238953,-2.7832130824009833,0.0012791463548551115,-0.0006600552752580437,0,1,0.0,0.0,-37.27886621374637,-18.83789669140242,0.05,0.059605351785818744,0,0
1789007537.0531194,35.955150842666626,-0.6456747449866072,-0.23129378676495616,-2.7831623707870072,0.0012475409343918453,-0.0005591289194733273,0,1,0.0,0.0,-37.27886621374637,-18.83789669140242,0.05,0.059605351785818744,0,0
1789007537.1037252,36.00575661659241,-0.6457072612876728,-0.23130452465704068,-2.7831185464979082,0.0008024491232510732,-0.00029365430495342055,0,1,0.0,0.0,-37.27886621374637,-18.83789669140242,0.05,0.060224309001738835,0,0
1789007537.1309037,36.03293514251709,-0.6457171425685035,-0.2313082281486593,-2.783123361916654,0.00029720817590117083,-0.0002321746167385529,0,1,0.0,0.0,-37.27886621374637,-18.83789669140242,0.05,0.060224309001738835,0,0
1789007537.1544523,36.05648374557495,-0.6457113053797666,-0.23130459183202803,-2.7830796328870377,0.00018253115095167463,-0.00015931872963193143,0,1,0.0,0.0,-37.27886621374637,-18.83789669140242,0.05,0.060224309001738835,0,0
1789007537.2053032,36.10733461380005,-0.6457132045829611,-0.23130532911098295,-2.78295110998803,-3.333030885240614e-05,-7.151695157574561e-06,0,1,0.0,0.0,-37.27886621374637,-18.83789669140242,0.05,0.060224309001738835,0,0
1789007537.2308342,36.13286566734314,-0.6457128646107962,-0.23130520107580146,-2.782948084216172,-4.156997207045328e-05,6.150602362085374e-05,0,1,0.0,0.0,-37.27886621374637,-18.83789669140242,0.05,0.060224309001738835,0,0
1789007537.2558687,36.15790009498596,-0.6457009062914763,-0.23129926331158526,-2.7828977636429926,-9.684265928892671e-05,0.00013697272030521444,0,1,0.0,0.0,-37.27886621374637,-18.83789669140242,0.05,0.06110753772935522,0,0
1789007537.3065448,36.20857620239258,-0.6456980541453549,-0.23129819885621106,-2.782830845148465,-0.00011169948176293768,0.00025480672824500927,0,1,0.0,0.0,-37.27886621374637,-18.83789669140242,0.05,0.06110753772935522,0,0
1789007537.330909,36.232940435409546,-0.6457138759314274,-0.23130412594221733,-2.7828223077314846,0.0007094517662548278,0.0002999711859760506,0,1,0.0,0.0,-37.27886621374637,-18.83789669140242,0.05,0.06110753772935522,0,0
1789007537.3574984,36.25952982902527,-0.6457237367151172,-0.23130636996501996,-2.7827133362125243,0.0008000487135364448,0.00038342700079826406,0,1,0.0,0.0,-37.27886621374637,-18.83789669140242,0.05,0.06110753772935522,0,0
1789007537.408012,36.31004333496094,-0.6458176067845418,-0.23134157946908793,-2.7826398248603077,0.0020503795347974123,0.0005038141385405838,0,1,0.0,0.0,-37.27886621374637,-18.83789669140242,0.05,0.061659514971494606,0,0
1789007537.4308336,36.33286499977112,-0.6458692233033012,-0.23136094330240617,-2.78262613153003,0.0024114331052989585,0.000547749456011438,0,1,0.0,0.0,-37.27886621374637,-18.83789669140242,0.05,0.061659514971494606,0,0
1789007537.4585648,36.36059617996216,-0.6459232492677355,-0.23137975899940538,-2.782573242796264,0.0024949965146709957,0.0006009400723646642,0,1,0.0,0.0,-37.27886621374637,-18.83789669140242,0.05,0.061659514971494606,0,0
1789007537.5091538,36.4111852645874,-0.6460466666979177,-0.2314261199394347,-2.7823805505807453,0.002634422915959453,0.0007048488923172479,0,1,0.0,0.0,-37.27886621374637,-18.83789669140242,0.05,0.061659514971494606,0,0
1789007537.5309367,36.43296813964844,-0.6461003877105952,-0.23144629259207275,-2.7823629149804,0.0026394449591500228,0.0007490369068808844,0,1,0.0,0.0,-37.27886621374637,-18.83789669140242,0.05,0.061659514971494606,0,0
1789007537.5601413,36.462172746658325,-0.6461627291314924,-0.2314683274544016,-2.782085431733649,0.0026752368121952756,0.000859395595795412,0,1,0.0,0.0,-37.27886621374637,-18.83789669140242,0.05,0.061659514971494606,0,0
1789007537.610714,36.51274538040161,-0.6462782029332632,-0.2315117734425091,-2.7819243455062845,0.0024562570443074365,0.001018049045831171,0,1,0.0,0.0,-37.27886621374637,-18.83789669140242,0.05,0.058716760321597894,0,0
1789007537.6308818,36.53291320800781,-0.6463184908019681,-0.23152692752145262,-2.781900943797839,0.0021736332610039397,0.0010760761021454024,0,1,0.0,0.0,-37.27886621374637,-18.83789669140242,0.05,0.058716760321597894,0,0
1789007537.661361,36.56339240074158,-0.6463692185102041,-0.23154457741232545,-2.781781873252694,0.0021433695161166832,0.001151618196037466,0,1,0.0,0.0,-37.27886621374637,-18.83789669140242,0.05,0.058716760321597894,0,0
1789007537.7121694,36.614200830459595,-0.6464654950132076,-0.23158085365538592,-2.7815798203567477,0.002029725347025503,0.0012967357501862955,0,1,0.0,0.0,-37.27886621374637,-18.83789669140242,0.05,0.058716760321597894,0,0
1789007537.7308793,36.63291072845459,-0.6465002824017835,-0.23159394879230605,-2.781552818024631,0.0019922726538471355,0.001357366876914952,0,1,0.0,0.0,-37.27886621374637,-18.83789669140242,0.05,0.058716760321597894,0,0
1789007537.7626176,36.66464900970459,-0.6465489054567706,-0.2316108216008076,-2.7814389335779786,0.0019923530410601207,0.0014317308769706077,0,1,0.0,0.0,-37.27886621374637,-18.83789669140242,0.05,0.0591927289341887,0,0
1789007537.8132224,36.715253829956055,-0.6466425660679962,-0.23164611147753253,-2.7813156991151473,0.0019799074237984754,0.0015400996024757694,0,1,0.0,0.0,-37.27886621374637,-18.83789669140242,0.05,0.0591927289341887,0,0
1789007537.8308334,36.73286485671997,-0.6466870187079719,-0.23166284583032165,-2.7812866126686475,0.0025383390307836665,0.0015791679007705534,0,1,0.0,0.0,-37.27886621374637,-18.83789669140242,0.05,0.0591927289341887,0,0
1789007537.8638344,36.76586580276489,-0.6467576173743207,-0.2316879937391991,-2.781210896403664,0.002661288552517261,0.001628338978034176,0,1,0.0,0.0,-37.27886621374637,-18.83789669140242,0.05,0.0591927289341887,0,0
1789007537.9146981,36.81672954559326,-0.6469259782944632,-0.23175148136826215,-2.7810101888905288,0.003448202978589035,0.0016629400262021545,0,1,0.0,0.0,-37.27886621374637,-18.83789669140242,0.05,0.0591927289341887,0,0
1789007537.9308758,36.83290719985962,-0.6469878732945399,-0.23177481153233406,-2.780979642381071,0.0038218445469071676,0.0017405835297417465,0,1,0.0,0.0,-37.27886621374637,-18.83789669140242,0.05,0.06296340238458167,0,0
1789007537.965165,36.86719632148743,-0.6471021366652482,-0.2318165404952946,-2.7807340119146122,0.003935080260625076,0.0018428591725971532,0,1,0.0,0.0,-37.27886621374637,-18.83789669140242,0.05,0.06296340238458167,0,0
1789007538.01584,36.91787147521973,-0.6472901264651394,-0.23188757100881652,-2.780497706018495,0.004007111555878546,0.0019038863420043942,0,1,0.0,0.0,-37.27886621374637,-18.83789669140242,0.05,0.06296340238458167,0,0
1789007538.030833,36.93286442756653,-0.6473451555541992,-0.23190835460332446,-2.7804643400216857,0.0039798750251419605,0.001991498522856224,0,1,0.0,0.0,-37.27886621374637,-18.83789669140242,0.05,0.06296340238458167,0,0
1789007538.0665238,36.968555212020874,-0.6474687125688978,-0.23195363193899002,-2.7802923476535133,0.004056327792169143,0.0020865012929521757,0,1,0.0,0.0,-37.27886621374637,-18.83789669140242,0.05,0.06296340238458167,0,0
1789007538.1174667,37.019498109817505,-0.6476149733636004,-0.2320089660496166,-2.780128367644914,0.003281910897398495,0.0021416530931044294,0,1,0.0,0.0,-37.27886621374637,-18.83789669140242,0.05,0.06332960668640833,0,0
1789007538.130835,37.03286647796631,-0.6476223055671344,-0.23201177667559136,-2.780095401310492,0.0019860163860081874,0.002230429953956157,0,1,0.0,0.0,-37.27886621374637,-18.83789669140242,0.05,0.06332960668640833,0,0
1789007538.1681206,37.070152044296265,-0.6476774910340075,-0.2320312091765899,-2.7799864125043374,0.0018458032265930263,0.002308840803960451,0,1,0.0,0.0,-37.27886621374637,-18.83789669140242,0.05,0.06332960668640833,0,0
1789007538.218702,37.12073349952698,-0.6477454169129858,-0.23205691009835033,-2.779869733126628,0.0014913930529940154,0.002352947203602809,0,1,0.0,0.0,-37.27886621374637,-18.83789669140242,0.05,0.06332960668640833,0,0
1789007538.2308943,37.13292574882507,-0.6477589431342704,-0.2320620318248943,-2.779838299117835,0.001344190992484697,0.0024033980915850743,0,1,0.0,0.0,-37.27886621374637,-18.83789669140242,0.05,0.06332960668640833,0,0
1789007538.269529,37.171560525894165,-0.6477953938354942,-0.23207428815899742,-2.7799207813872466,0.0012793559642883057,0.002423048091137995,0,1,0.0,0.0,-37.27886621374637,-18.83789669140242,0.05,0.06332960668640833,0,0
1789007538.3199656,37.221997022628784,-0.6479442454442964,-0.2321304893189838,-2.779955158634648,0.0027603122777146278,0.0024327493706745766,0,1,0.0,0.0,-37.27886621374637,-18.83789669140242,0.05,0.06380831976110736,0,0
1789007538.3308606,37.23289203643799,-0.6480240437954506,-0.2321606225042825,-2.7799290998591455,0.004861439320159856,0.0024240745145511803,0,1,0.0,0.0,-37.27886621374637,-18.83789669140242,0.05,0.06380831976110736,0,0
1789007538.3705878,37.27261924743652,-0.6482014260983631,-0.23222611910846408,-2.7801001623290356,0.005185008272211648,0.0023677204729182525,0,1,0.0,0.0,-37.27886621374637,-18.83789669140242,0.05,0.06380831976110736,0,0
1789007538.380886,37.282917499542236,-0.6482524963913839,-0.2322454283470904,-2.780077243474006,0.005251263672489913,0.002341322333912546,0,1,0.0,0.0,-37.27886621374637,-18.83789669140242,0.05,0.06380831976110736,0,0
1789007538.4308674,37.33289885520935,-0.6484994237071557,-0.23233862532729405,-2.780209224145254,0.005312187676711753,0.00226972859684648,0,1,0.0,0.0,-37.27886621374637,-18.83789669140242,0.05,0.06380831976110736,0,0
1789007538.472175,37.37420630455017,-0.648696617030044,-0.23241159095432545,-2.7802641979593945,0.0054503562301611835,0.0021800696457653754,0,1,0.0,0.0,-37.27886621374637,-18.83789669140242,0.05,0.06408971468607584,0,0
1789007538.480833,37.382864475250244,-0.6487376063626467,-0.23242708386718444,-2.780247532006644,0.005348791875881779,0.0021343277152347092,0,1,0.0,0.0,-37.27886621374637,-18.83789669140242,0.05,0.06408971468607584,0,0
1789007538.530908,37.432939529418945,-0.6489925085956418,-0.23252347257968692,-2.7800882182618416,0.005535133898929044,0.0020991369614956346,0,1,0.0,0.0,-37.27886621374637,-18.83789669140242,0.05,0.06408971468607584,0,0
1789007538.5732536,37.475285053253174,-0.6492038044706618,-0.23260199423771694,-2.7799072140564194,0.005681825259683619,0.002087294514208024,0,1,0.0,0.0,-37.27886621374637,-18.83789669140242,0.05,0.06408971468607584,0,0
1789007538.580911,37.48294234275818,-0.6493268242444482,-0.23264846496750888,-2.779891677758082,0.008832274078120237,0.002079136740905771,0,1,0.0,0.0,-37.27886621374637,-18.83789669140242,0.05,0.06408971468607584,0,0
1789007538.630886,37.532917499542236,-0.6498681178682517,-0.23285323178444323,-2.7797295696361473,0.014419497306767549,0.0020802386415114415,0,1,0.0,0.0,-37.27886621374637,-18.83789669140242,0.05,0.06400798903467755,0,0
1789007538.674618,37.57664942741394,-0.6501873210023108,-0.2329377891470516,-2.7795598224635563,0.014890378510660825,0.0020829005522037397,0,1,0.0,0.0,-37.27886621374637,-18.83789669140242,0.05,0.06400798903467755,0,0
1789007538.6808908,37.5829222202301,-0.6503225282026586,-0.23298895574034112,-2.779546187875609,0.01651229089963923,0.002094688527399308,0,1,0.0,0.0,-37.27886621374637,-18.83789669140242,0.05,0.06400798903467755,0,0
1789007538.7308328,37.632864236831665,-0.6511093566925721,-0.233287022364685,-2.779413296524151,0.01718194964289714,0.002108671132902745,0,1,0.0,0.0,-37.27886621374637,-18.83789669140242,0.05,0.06400798903467755,0,0
1789007538.775723,37.677754402160645,-0.6515584676779115,-0.2334217473103207,-2.7790033214098573,0.017735521965654696,0.002121398435117632,0,1,0.0,0.0,-37.27886621374637,-18.83789669140242,0.05,0.06400798903467755,0,0
1789007538.7809086,37.6829400062561,-0.6516257097785711,-0.23344727978904195,-2.7789883762874363,0.01716529065085321,0.0021882578426000877,0,1,0.0,0.0,-37.27886621374637,-18.83789669140242,0.05,0.06400798903467755,0,0
1789007538.8309033,37.73293471336365,-0.6524363605856579,-0.2337558909826709,-2.7784635845870973,0.0175303768687388,0.0023449268287264683,0,1,0.0,0.0,-37.27886621374637,-18.83789669140242,0.05,0.06374580333630246,0,0
1789007538.8773556,37.7793869972229,-0.6529214716876796,-0.23390472583745064,-2.7782831821204432,0.01806469233707597,0.002348022827914955,0,1,0.0,0.0,-37.27886621374637,-18.83789669140242,0.05,0.06374580333630246,0,0
1789007538.8808336,37.782865047454834,-0.6529858540399799,-0.2339291965977597,-2.778268418668262,0.01829031667598577,0.0024623197013723765,0,1,0.0,0.0,-37.27886621374637,-18.83789669140242,0.05,0.06374580333630246,0,0
1789007538.930907,37.83293843269348,-0.653849170966565,-0.23425756017216084,-2.7781017990323686,0.018582971530689024,0.002556319367191711,0,1,0.0,0.0,-37.27886621374637,-18.83789669140242,0.05,0.06374580333630246,0,0
1789007538.9787688,37.88080024719238,-0.6544010908273702,-0.2344321670774813,-2.7779523672323565,0.019128617013709347,0.0025574811608385564,0,1,0.0,0.0,-37.27886621374637,-18.83789669140242,0.05,0.06374580333630246,0,0
1789007538.9808624,37.882893800735474,-0.6544241085072023,-0.23444094620531625,-2.77794240696139,0.018662724679879696,0.002633792484053794,0,1,0.0,0.0,-37.27886621374637,-18.83789669140242,0.05,0.063788065124924,0,0
1789007539.0309072,37.93293857574463,-0.6553291514074739,-0.23478532885079903,-2.7778147300365768,0.020123456416874345,0.002704118603763355,0,1,0.0,0.0,-37.27886621374637,-18.83789669140242,0.05,0.063788065124924,0,0
1789007539.080138,37.98216938972473,-0.6559728402617164,-0.2349957023348645,-2.7775356613628044,0.02070454874314651,0.002710449357530372,0,1,0.0,0.0,-37.27886621374637,-18.83789669140242,0.05,0.063788065124924,0,0
1789007539.0809033,37.98293471336365,-0.6560611654416568,-0.23502924028139927,-2.7775290889508426,0.023422195935811498,0.0027916205440132206,0,1,0.0,0.0,-37.27886621374637,-18.83789669140242,0.05,0.063788065124924,0,0
1789007539.1308336,38.032865047454834,-0.657208069637023,-0.23546655568197827,-2.7772859680178135,0.02599632884807282,0.0028767851026171493,0,1,0.0,0.0,-37.27886621374637,-18.83789669140242,0.05,0.063788065124924,0,0
1789007539.1816201,38.083651542663574,-0.6581594708309314,-0.23579504331082035,-2.7770051072579625,0.026819516954157553,0.002882604473722604,0,1,0.0,0.0,-37.27886621374637,-18.83789669140242,0.028315911600111578,0.0821361399248296,0,0
1789007539.2320955,38.13412690162659,-0.6594438781322157,-0.23628544389091594,-2.776798954803504,0.027267410566490624,0.003073816669106152,0,1,0.0,0.0,-37.27886621374637,-18.83789669140242,0.0,0.09999999999999999,0,0
1789007539.2827268,38.18475818634033,-0.6604435451353393,-0.2366335512484146,-2.7764430628439634,0.028069710954300303,0.0030826557296441135,0,1,0.0,0.0,-37.27886621374637,-18.83789669140242,0.0,0.09999999999999999,0,0
1789007539.3333402,38.235371589660645,-0.6616402309632005,-0.23709186634803595,-2.7761328698998153,0.02490599769253906,0.003297040074616068,0,1,0.0,0.0,-37.27886621374637,-18.83789669140242,0.0,0.0,0,0
1789007539.3842092,38.286240577697754,-0.6625236117508355,-0.23739697396220172,-2.7757028150459457,0.025520148471874157,0.0033083046464552754,0,1,0.0,0.0,-37.27886621374637,-18.83789669140242,0.0,0.0,0,0
1789007539.4347107,38.33674216270447,-0.6634748298908308,-0.23776230307048213,-2.7753823206503982,0.021627916489880505,0.00355836470546824,0,1,0.0,0.0,-37.27886621374637,-18.83789669140242,0.0,0.0,0,0
1789007539.4853425,38.38737392425537,-0.6641800206334534,-0.23800057359352736,-2.774841629818739,0.02192013129945099,0.0036512646259495986,0,1,0.0,0.0,-37.27886621374637,-18.83789669140242,0.0,0.0,0,0
1789007539.5359457,38.43797707557678,-0.6651750074706404,-0.2383840026948164,-2.7743787352930984,0.021602596969847614,0.003902183652454501,0,1,0.0,0.0,-37.27886621374637,-18.83789669140242,0.0,0.0,0,0
1789007539.5868063,38.48883771896362,-0.6658845578600329,-0.23862494393787378,-2.7738826481828913,0.021955756333722216,0.004019608499974246,0,1,0.0,0.0,-37.27886621374637,-18.83789669140242,0.0,0.0,0,0
1789007539.6372406,38.53927206993103,-0.665787077351912,-0.23858937139088376,-2.7735894642260743,-0.0022626377521495667,0.004351463622901291,0,1,0.0,0.0,-37.27886621374637,-18.83789669140242,0.0,0.018332217200031666,0,0
1789007539.6512728,38.55330419540405,-0.6653922740934807,-0.23840430265834903,-2.773522044002039,-0.003647034299699469,0.00445469337308996,0,1,0.0,0.0,-37.27886621374637,-18.83789669140242,0.0,0.03666992560001746,0,0
1789007539.687876,38.58990740776062,-0.665146341015652,-0.2383071950627088,-2.7742653613116466,-0.00824063432255315,0.0043868481115877205,0,1,0.0,0.0,-37.27886621374637,-18.83789669140242,0.0,0.055014181199794635,0,0
1789007539.7387772,38.64080858230591,-0.6647070864137546,-0.2381357616192356,-2.775390995759326,-0.010077877552256188,0.004326719026158227,0,1,0.0,0.0,-37.27886621374637,-18.83789669140242,0.0,0.0733623797501423,0,0
1789007539.789279,38.6913104057312,-0.6641458387950991,-0.23792048505983776,-2.775387813665786,-0.013805770729919155,0.0038580739448385855,0,1,0.0,0.0,-37.27886621374637,-18.83789669140242,0.0,0.0,0,0
1789007539.8398786,38.741909980773926,-0.6630283777518031,-0.23745850667605206,-2.775395768382042,-0.018140555955650912,0.0036912296039895527,0,1,0.0,0.0,-37.27886621374637,-18.83789669140242,0.0,0.0,0,0
1789007539.8906116,38.79264307022095,-0.6621126566034695,-0.2371077958160725,-2.775764196585814,-0.019827363954663696,0.00331261592271576,0,1,0.0,0.0,-37.27886621374637,-18.83789669140242,0.0,0.0,0,0
1789007539.9416103,38.84364175796509,-0.6611701587858542,-0.23674791458107688,-2.7763897359792176,-0.020144350496925957,0.003140381915992777,0,1,0.0,0.0,-37.27886621374637,-18.83789669140242,0.0,0.0,0,0
1789007539.9435508,38.845582246780396,-0.660823327659926,-0.2365815713637994,-2.776395097419596,-0.020184672796918147,0.002876248546955643,0,1,0.0,0.0,-37.27886621374637,-18.83789669140242,0.0,0.0,0,0
1789007539.9922004,38.89423179626465,-0.6599018993598255,-0.2362308923057449,-2.7770715023989214,-0.02036278980119308,0.002454741248912409,0,1,0.0,0.0,-37.27886621374637,-18.83789669140242,0.0,0.0,0,0
1789007540.0428066,38.94483804702759,-0.658979061229845,-0.2358805156003103,-2.7776725806403717,-0.019598442394174808,0.002173750726613779,0,1,0.0,0.0,-37.27886621374637,-18.83789669140242,0.0,0.0,0,0
1789007540.0495095,38.95154094696045,-0.6585556004560659,-0.23568516271470913,-2.777674461645262,-0.01963931053146578,0.0018759790966438256,0,1,0.0,0.0,-37.27886621374637,-18.83789669140242,0.0,0.0,0,0
1789007540.09342,38.9954514503479,-0.6578692196034066,-0.23542502295526205,-2.7780452367565367,-0.015371743323930777,0.0014815951816993808,0,1,0.0,0.0,-37.27886621374637,-18.83789669140242,0.0,0.0,0,0
1789007540.1443202,39.04635167121887,-0.6573589840815515,-0.23523276419739758,-2.7786012713254413,-0.009704690777948406,0.0012134364459982457,0,1,0.0,0.0,-37.27886621374637,-18.83789669140242,0.0,0.0,0,0
1789007540.1523116,39.0543429851532,-0.6570053848728272,-0.23506419808418252,-2.7786090649788013,-0.009198294908386076,0.0008635214318151595,0,1,0.0,0.0,-37.27886621374637,-18.83789669140242,0.0,0.018337110550055515,0,0
1789007540.1947577,39.09678912162781,-0.656727936431376,-0.2349603986169079,-2.7791996802374688,-0.007104936480230866,0.00028733956982595363,0,1,0.0,0.0,-37.27886621374637,-18.83789669140242,0.0,0.03667092934965695,0,0
1789007540.2453814,39.14741277694702,-0.6564156096467658,-0.23484319215916263,-2.7797135158459247,-0.006562434138990551,3.918796559849251e-05,0,1,0.0,0.0,-37.27886621374637,-18.83789669140242,0.0,0.05499311454973395,0,0
1789007540.2564762,39.15850758552551,-0.6560548953970697,-0.2346721140466126,-2.7797290023040144,-0.006543434272931222,-0.0002372598149952922,0,1,0.0,0.0,-37.27886621374637,-18.83789669140242,0.0,0.0733286053496613,0,0
1789007540.2962554,39.19828677177429,-0.6558027963438058,-0.23457738498047498,-2.780105357620094,-0.006919289464276795,-0.0007686859986375237,0,1,0.0,0.0,-37.27886621374637,-18.83789669140242,0.0,0.09167013294977551,0,0
1789007540.346913,39.24894452095032,-0.6554654044271818,-0.23445003344502394,-2.7802732878734306,-0.007318932211961033,-0.0010077001140513535,0,1,0.0,0.0,-37.27886621374637,-18.83789669140242,0.0,0.09999999999999999,0,0
1789007540.3562748,39.25830626487732,-0.6551087518265283,-0.23428065988143074,-2.7802944121014384,-0.007387079443106344,-0.001227401295066657,0,1,0.0,0.0,-37.27886621374637,-18.83789669140242,0.0,0.09999999999999999,0,0
1789007540.3975332,39.299564599990845,-0.6548460198710055,-0.23418163910151024,-2.7804928551471426,-0.006985572947651927,-0.0015812093614827512,0,1,0.0,0.0,-37.27886621374637,-18.83789669140242,0.0,0.09999999999999999,0,0
1789007540.4481385,39.35016989707947,-0.6545231408196113,-0.23405988132236266,-2.780671494340338,-0.006909014404346908,-0.0017228900885123087,0,1,0.0,0.0,-37.27886621374637,-18.83789669140242,0.0,0.09999999999999999,0,0
1789007540.498983,39.40101432800293,-0.6539147152419396,-0.2337964102978555,-2.781232574947077,-0.006797204341014958,-0.0022279729109323486,0,1,0.0,0.0,-37.27886621374637,-18.83789669140242,0.0,0.0,0,0
1789007540.5494988,39.45153021812439,-0.6535348018949408,-0.23365341601257397,-2.7814943792400135,-0.008438877161347431,-0.0024043368530272855,0,1,0.0,0.0,-37.27886621374637,-18.83789669140242,0.0,0.0,0,0
1789007540.6000702,39.50210165977478,-0.6528377633438883,-0.23335600914695714,-2.781489005327119,-0.008769828243239448,-0.002820846222843151,0,1,0.0,0.0,-37.27886621374637,-18.83789669140242,0.0,0.0,0,0
1789007540.6508362,39.55286765098572,-0.6525048314757409,-0.23323007863726075,-2.781208112040399,-0.006820706947487768,-0.0028938557771359765,0,1,0.0,0.0,-37.27886621374637,-18.83789669140242,0.0,0.0,0,0
1789007540.701309,39.60334038734436,-0.6519539173031915,-0.23298763591909097,-2.7810900494352833,-0.0057008648414621855,-0.0029802562155806026,0,1,0.0,0.0,-37.27886621374637,-18.83789669140242,0.0,0.0,0,0
1789007540.7520328,39.6540641784668,-0.6516946739075326,-0.23288955669544023,-2.780977290315921,-0.005509129371165958,-0.0029781443676032177,0,1,0.0,0.0,-37.27886621374637,-18.83789669140242,0.0,0.0,0,0
1789007540.802776,39.70480751991272,-0.6515143042044609,-0.23282220732516143,-2.7815681757076063,-0.0035262778989552826,-0.003011406931084125,0,1,0.0,0.0,-37.27886621374637,-18.83789669140242,0.0,0.0,0,0
1789007540.8536973,39.75572872161865,-0.6511093010720572,-0.2326359839528685,-2.782311808972322,-0.0025613934928633646,-0.0030691966442012754,0,1,0.0,0.0,-37.27886621374637,-18.83789669140242,0.0,0.0,0,0
1789007540.904224,39.80625534057617,-0.6509602498452336,-0.23258016754181665,-2.782692871676624,-0.0033600349485606367,-0.0034757685670020366,0,1,0.0,0.0,-37.27886621374637,-18.83789669140242,0.011669215599931703,0.018337338799892678,0,0
1789007540.9308355,39.83286690711975,-0.6508694381561223,-0.2325460814352013,-2.782790161044418,-0.0037032762424369942,-0.003571179317012391,0,1,0.0,0.0,-37.27886621374637,-18.83789669140242,0.0,0.0,0,0
1789007540.9548953,39.856926679611206,-0.650507487115245,-0.23237566506902713,-2.7830179811413562,-0.0037419222800100984,-0.003685721990787104,0,1,0.0,0.0,-37.27886621374637,-18.83789669140242,0.0,0.0,0,0
1789007541.0057037,39.907735109329224,-0.6503248586107465,-0.23230705117070424,-2.7830236736453116,-0.003866843874969563,-0.003815753980150803,0,1,0.0,0.0,-37.27886621374637,-18.83789669140242,0.0,0.0,0,0
1789007541.0308952,39.932926654815674,-0.6502332720956654,-0.23227272740349317,-2.7831218155470605,-0.0039024556421356146,-0.00385443653837585,0,1,0.0,0.0,-37.27886621374637,-18.83789669140242,0.0,0.0,0,0
1789007541.0567281,39.95875954627991,-0.6498633904601624,-0.23209924578785393,-2.783079200210846,-0.003907022604500638,-0.003889647697801252,0,1,0.0,0.0,-37.27886621374637,-18.83789669140242,0.0,0.0,0,0
1789007541.1071548,40.00918626785278,-0.6497377815128367,-0.23205226866476772,-2.783290402789309,-0.002553437736879409,-0.003949988787741359,0,1,0.0,0.0,-37.27886621374637,-18.83789669140242,0.0,0.0,0,0
1789007541.1308978,40.03292918205261,-0.6497142192265675,-0.23204352785616436,-2.7833853579302428,-0.001003433513677516,-0.0039733446905934515,0,1,0.0,0.0,-37.27886621374637,-18.83789669140242,0.0,0.01832246679960008,0,0
1789007541.1577182,40.059749603271484,-0.6494218085999448,-0.23189933335026572,-2.783465547541251,-0.0006888724666453975,-0.003997111836097408,0,1,0.0,0.0,-37.27886621374637,-18.83789669140242,0.0,0.03665383920006207,0,0
1789007541.2084994,40.110530853271484,-0.6494148474111092,-0.23189641783592063,-2.7830842056663423,-3.2471966691581345e-05,-0.003935788017395185,0,1,0.0,0.0,-37.27886621374637,-18.83789669140242,0.0,0.05500233694974668,0,0
1789007541.2309387,40.132970094680786,-0.6494151764854296,-0.23189654270448368,-2.7831704724238415,3.945301077767152e-05,-0.0038914174690227836,0,1,0.0,0.0,-37.27886621374637,-18.83789669140242,0.0,0.0733204917499279,0,0
1789007541.2589302,40.160961627960205,-0.6491450647948017,-0.23176079869997906,-2.7832066433861056,0.0001654272539166908,-0.003844894846947547,0,1,0.0,0.0,-37.27886621374637,-18.83789669140242,0.0,0.09165559534994827,0,0
1789007541.3095493,40.211580753326416,-0.6491514276766348,-0.23176314739292844,-2.783300463723603,0.00021694683093678155,-0.003772421451875059,0,1,0.0,0.0,-37.27886621374637,-18.83789669140242,0.0,0.09999999999999999,0,0
1789007541.330883,40.232914447784424,-0.6490965738274148,-0.23174248559974792,-2.7833795743445178,-0.0025574305695804443,-0.003745419499089472,0,1,0.0,0.0,-37.27886621374637,-18.83789669140242,0.0,0.09999999999999999,0,0
1789007541.3602495,40.26228094100952,-0.6487447213637618,-0.231576256830352,-2.78337044488975,-0.0029730705179608903,-0.003701822442455246,0,1,0.0,0.0,-37.27886621374637,-18.83789669140242,0.0,0.09999999999999999,0,0
1789007541.4113224,40.31335377693176,-0.6484011645080865,-0.23144747149401998,-2.7835394932801156,-0.007358079411542711,-0.003640561143529382,0,1,0.0,0.0,-37.27886621374637,-18.83789669140242,0.0,0.09999999999999999,0,0
1789007541.4309042,40.33293557167053,-0.6482427258756315,-0.23138814166486493,-2.783609786293134,-0.00852174621077505,-0.0036186732104530653,0,1,0.0,0.0,-37.27886621374637,-18.83789669140242,0.0,0.09999999999999999,0,0
1789007541.4620004,40.36403179168701,-0.6477180716786206,-0.2311574490504595,-2.7836913990304173,-0.008916820404473797,-0.003592667769164793,0,1,0.0,0.0,-37.27886621374637,-18.83789669140242,0.0,0.09999999999999999,0,0
1789007541.512605,40.4146363735199,-0.6472813285742989,-0.23099405890167263,-2.7838117030185936,-0.00939905681880708,-0.003548546336544654,0,1,0.0,0.0,-37.27886621374637,-18.83789669140242,0.0,0.09999999999999999,0,0
1789007541.5308828,40.43291425704956,-0.6470876470884309,-0.23092158400109924,-2.7838756949984846,-0.011029819632694584,-0.003531355847359855,0,1,0.0,0.0,-37.27886621374637,-18.83789669140242,0.0,0.09999999999999999,0,0
1789007541.563667,40.46569848060608,-0.6464726358794564,-0.230656970790409,-2.783690517994881,-0.011593947483285124,-0.0034515401272242337,0,1,0.0,0.0,-37.27886621374637,-18.83789669140242,0.0,0.09999999999999999,0,0
1789007541.6141832,40.51621460914612,-0.6459642890165257,-0.23046657367962067,-2.783632560613169,-0.011006494032473233,-0.0033188490217333235,0,1,0.0,0.0,-37.27886621374637,-18.83789669140242,0.0,0.09999999999999999,0,0
1789007541.6308792,40.53291058540344,-0.6458620022555618,-0.23042842719796858,-2.783685439364299,-0.007740757639007338,-0.0032666546883754932,0,1,0.0,0.0,-37.27886621374637,-18.83789669140242,0.0,0.09999999999999999,0,0
1789007541.6649044,40.566935777664185,-0.6456169342851419,-0.23033470944939216,-2.783322954003399,-0.007294544523469409,-0.0031308872895239393,0,1,0.0,0.0,-37.27886621374637,-18.83789669140242,0.0,0.09999999999999999,0,0
1789007541.7155285,40.61755990982056,-0.6453392093671475,-0.2302301361549243,-2.78305219970491,-0.006152415457452422,-0.0030406672049490043,0,1,0.0,0.0,-37.27886621374637,-18.83789669140242,0.0,0.09999999999999999,0,0
1789007541.730898,40.63292932510376,-0.6452688977157716,-0.23020380350712816,-2.78309049799046,-0.0054855523015843064,-0.0028805390872502605,0,1,0.0,0.0,-37.27886621374637,-18.83789669140242,0.0,0.09999999999999999,0,0
1789007541.7711613,40.673192739486694,-0.6450529665212483,-0.23012068634345653,-2.7826092842323407,-0.005452727950443204,-0.002595444533147514,0,1,0.0,0.0,-37.27886621374637,-18.83789669140242,0.0,0.09999999999999999,0,0
1789007541.816846,40.71887731552124,-0.6448480236673771,-0.23004352428843772,-2.782507739911168,-0.00498344248488802,-0.0024344921380568527,0,1,0.0,0.0,-37.27886621374637,-18.83789669140242,0.0,0.09999999999999999,0,0
1789007541.8308742,40.732905626297,-0.6447961293820416,-0.2300240551073544,-2.7825316245432696,-0.004470637389706798,-0.002237413510373634,0,1,0.0,0.0,-37.27886621374637,-18.83789669140242,0.011661913200123308,0.07001222319968291,0,0
1789007541.867448,40.769479513168335,-0.6446347650186945,-0.22996189170615375,-2.7824042243531513,-0.004396725342553129,-0.0020335806293620435,0,1,0.0,0.0,-37.27886621374637,-18.83789669140242,0.02332633520013587,0.058347817646960426,0,0
1789007541.9180505,40.82008194923401,-0.6444209000415186,-0.22988129807624863,-2.782242236949632,-0.004504091194787003,-0.0019126831642250122,0,1,0.0,0.0,-37.27886621374637,-18.83789669140242,0.034997667599964186,0.058347817646960426,0,0
1789007541.9308274,40.83285880088806,-0.6443661756696956,-0.229860741536203,-2.7822572406431387,-0.004541440465478587,-0.0017417178729083513,0,1,0.0,0.0,-37.27886621374637,-18.83789669140242,0.04666781279993301,0.058347817646960426,0,0
1789007541.968932,40.87096333503723,-0.6441945684774006,-0.22979436862582048,-2.781816455959907,-0.004523834353549113,-0.0014492792263916113,0,1,0.0,0.0,-37.27886621374637,-18.83789669140242,0.05,0.058347817646960426,0,0
1789007542.0193868,40.92141819000244,-0.6439791467879324,-0.22971307667180532,-2.7816246167390313,-0.004567750507171136,-0.0012880305734473373,0,1,0.0,0.0,-37.27886621374637,-18.83789669140242,0.05,0.058347817646960426,0,0
1789007542.0308914,40.93292284011841,-0.6439509055713029,-0.22970245019387087,-2.7816285380206205,-0.003733593159701972,-0.0010788878294174203,0,1,0.0,0.0,-37.27886621374637,-18.83789669140242,0.05,0.059232174555460614,0,0
1789007542.0700397,40.972071170806885,-0.643807248291208,-0.22964680625090333,-2.7814331268020114,-0.0035980683976246605,-0.0008529679353647121,0,1,0.0,0.0,-37.27886621374637,-18.83789669140242,0.05,0.059232174555460614,0,0
1789007542.0809073,40.98293876647949,-0.6437940261769015,-0.2296418254612594,-2.781435533847691,-0.002671031044215671,-0.0007304756854105925,0,1,0.0,0.0,-37.27886621374637,-18.83789669140242,0.05,0.059232174555460614,0,0
1789007542.1308892,41.032920598983765,-0.6436830676815265,-0.22959983663990546,-2.7812392667270545,-0.0020991873358311127,-0.0005061696967240048,0,1,0.0,0.0,-37.27886621374637,-18.83789669140242,0.05,0.059232174555460614,0,0
1789007542.1712446,41.07327604293823,-0.6435976675657649,-0.22956623692016997,-2.781160250561662,-0.001916488165922834,-0.00030529296339037803,0,1,0.0,0.0,-37.27886621374637,-18.83789669140242,0.05,0.059232174555460614,0,0
1789007542.180833,41.08286452293396,-0.6435800117907171,-0.22955958414475106,-2.7811573315320484,-0.001918870130956947,-0.00019654358471569723,0,1,0.0,0.0,-37.27886621374637,-18.83789669140242,0.05,0.0602173874123643,0,0
1789007542.2309399,41.13297128677368,-0.6434907976457461,-0.22952590669694392,-2.7810829370526013,-0.00188616134008819,-5.6217301660301516e-05,0,1,0.0,0.0,-37.27886621374637,-18.83789669140242,0.05,0.0602173874123643,0,0
1789007542.2724416,41.17447304725647,-0.6434099813082034,-0.22949404703120485,-2.7810136203790523,-0.0017589004504975478,8.446342845952842e-05,0,1,0.0,0.0,-37.27886621374637,-18.83789669140242,0.05,0.0602173874123643,0,0
1789007542.2808342,41.182865619659424,-0.6434069237971832,-0.2294928921861198,-2.7810087020936027,-0.001319183660519426,0.00016035929898963803,0,1,0.0,0.0,-37.27886621374637,-18.83789669140242,0.05,0.0602173874123643,0,0
1789007542.3308835,41.23291492462158,-0.6434154149328409,-0.22949599874446208,-2.7808442920348977,0.0016930614435688631,0.00031377180003207104,0,1,0.0,0.0,-37.27886621374637,-18.83789669140242,0.05,0.0602173874123643,0,0
1789007542.3736093,41.27564072608948,-0.6434869357095202,-0.22952155789490225,-2.7806305774417526,0.0022776482499830388,0.0004842290926129034,0,1,0.0,0.0,-37.27886621374637,-18.83789669140242,0.05,0.05802804038006193,0,0
1789007542.3809078,41.282939195632935,-0.6435642001440774,-0.2295506971251661,-2.780622397653814,0.0046481828841470315,0.0005721178170291392,0,1,0.0,0.0,-37.27886621374637,-18.83789669140242,0.05,0.05802804038006193,0,0
1789007542.4308355,41.33286690711975,-0.6438179986569146,-0.22964649353231145,-2.7804285273049665,0.0062514623051485585,0.000706084982963515,0,1,0.0,0.0,-37.27886621374637,-18.83789669140242,0.05,0.05802804038006193,0,0
1789007542.4748864,41.37691783905029,-0.6440733183958632,-0.22974161510920735,-2.780271830597108,0.006646783469836235,0.0007103826361728876,0,1,0.0,0.0,-37.27886621374637,-18.83789669140242,0.05,0.05802804038006193,0,0
1789007542.4808335,41.3828649520874,-0.6441105793527846,-0.22975569960097142,-2.780259458426829,0.0067046699645006,0.0008560507338123171,0,1,0.0,0.0,-37.27886621374637,-18.83789669140242,0.05,0.05802804038006193,0,0
1789007542.5308821,41.43291354179382,-0.6444272999528234,-0.22987554909166616,-2.7799288845367207,0.006824753471305747,0.0010790407842243355,0,1,0.0,0.0,-37.27886621374637,-18.83789669140242,0.05,0.05802804038006193,0,0
1789007542.5768063,41.478837728500366,-0.644718449913233,-0.22998438652066536,-2.7798230285290604,0.007222510729297951,0.0010813371299781941,0,1,0.0,0.0,-37.27886621374637,-18.83789669140242,0.05,0.05864710513463555,0,0
1789007542.5809042,41.482935667037964,-0.6446735566869228,-0.22996745152216894,-2.779808731281372,0.0047689976132632515,0.0012573714387329217,0,1,0.0,0.0,-37.27886621374637,-18.83789669140242,0.05,0.05864710513463555,0,0
1789007542.6308331,41.532864570617676,-0.6448308914125113,-0.23002708119209536,-2.7797024323804544,0.0018058717752705792,0.0014054779683562455,0,1,0.0,0.0,-37.27886621374637,-18.83789669140242,0.05,0.05864710513463555,0,0
1789007542.6783793,41.58041071891785,-0.6449038680651861,-0.23005338779061724,-2.7795964798126565,0.0019528987066392254,0.0014071018639294705,0,1,0.0,0.0,-37.27886621374637,-18.83789669140242,0.05,0.05864710513463555,0,0
1789007542.6808321,41.582863569259644,-0.6448716203939322,-0.23004120441146292,-2.7795853965292103,0.0006121897202997825,0.0015595564296277812,0,1,0.0,0.0,-37.27886621374637,-18.83789669140242,0.05,0.05864710513463555,0,0
1789007542.7308943,41.63292574882507,-0.6448917623014964,-0.23004884492430389,-2.7794934310645085,0.0002066397271281653,0.0016779399641157016,0,1,0.0,0.0,-37.27886621374637,-18.83789669140242,0.05,0.055856050755828626,0,0
1789007542.7794483,41.681479692459106,-0.6449025954580184,-0.23005292906053143,-2.7794570320409897,0.0002702502928039041,0.0016760988224841533,0,1,0.0,0.0,-37.27886621374637,-18.83789669140242,0.05,0.055856050755828626,0,0
1789007542.7808983,41.6829297542572,-0.6448988883541266,-0.23005152786058777,-2.7794498476634066,7.519962186169595e-05,0.0017621524656738893,0,1,0.0,0.0,-37.27886621374637,-18.83789669140242,0.05,0.055856050755828626,0,0
1789007542.830919,41.73295044898987,-0.6448901446452479,-0.23004684898040345,-2.7794139430683904,3.2845433410094524e-05,0.0018215612821787224,0,1,0.0,0.0,-37.27886621374637,-18.83789669140242,0.05,0.055856050755828626,0,0
1789007542.88085,41.78288149833679,-0.6448928790730869,-0.23004786673595815,-2.77939002790023,8.40216265348167e-05,0.0018188232766340588,0,1,0.0,0.0,-37.27886621374637,-18.83789669140242,0.05,0.055856050755828626,0,0
1789007542.8808844,41.78291583061218,-0.6448915119325127,-0.2300473492648215,-2.779387413517424,1.88889218735505e-05,0.001872560343662084,0,1,0.0,0.0,-37.27886621374637,-18.83789669140242,0.05,0.05640710186678917,0,0
1789007542.9313035,41.83333492279053,-0.6448924722912465,-0.23004770971379873,-2.779310023010533,1.4142581930011204e-05,0.0019120123900003814,0,1,0.0,0.0,-37.27886621374637,-18.83789669140242,0.05,0.05640710186678917,0,0
1789007542.9818807,41.883912086486816,-0.6448835768925009,-0.23004298522770605,-2.779229427013278,6.021594492517546e-05,0.0019113167668633282,0,1,0.0,0.0,-37.27886621374637,-18.83789669140242,0.05,0.05640710186678917,0,0
1789007543.032745,41.934776306152344,-0.6448828175267145,-0.23004269157449167,-2.7791826770068897,1.154661527559596e-05,0.001964860968066517,0,1,0.0,0.0,-37.27886621374637,-18.83789669140242,0.05,0.05640710186678917,0,0
1789007543.0831819,41.98521327972412,-0.6448736654861197,-0.2300378701906243,-2.7790846855091664,5.297219262034785e-05,0.0019648123242576644,0,1,0.0,0.0,-37.27886621374637,-18.83789669140242,0.05,0.05348548994554829,0,0
1789007543.1338103,42.03584170341492,-0.6450291707745642,-0.230096777646259,-2.77900200215987,0.0035232432440374752,0.0019983290498859965,0,1,0.0,0.0,-37.27886621374637,-18.83789669140242,0.05,0.05348548994554829,0,0
1789007543.1846192,42.08665060997009,-0.6451907215510364,-0.2301567408002709,-2.778812489482152,0.0037298064106706477,0.002002124588725121,0,1,0.0,0.0,-37.27886621374637,-18.83789669140242,0.05,0.05348548994554829,0,0
1789007543.2355123,42.13754367828369,-0.6454244854675187,-0.23024549449021223,-2.7786190005720224,0.0046447472062775535,0.0020515624542360783,0,1,0.0,0.0,-37.27886621374637,-18.83789669140242,0.05,0.05357798343213897,0,0
1789007543.2860518,42.18808317184448,-0.6456392228190371,-0.2303257653754033,-2.7784051301377506,0.00489029664244254,0.0020871045819971213,0,1,0.0,0.0,-37.27886621374637,-18.83789669140242,0.05,0.05357798343213897,0,0
1789007543.337213,42.23924446105957,-0.645988821174091,-0.23045862750968935,-2.7782192857127552,0.007148023438621979,0.002173819666866143,0,1,0.0,0.0,-37.27886621374637,-18.83789669140242,0.05,0.05357798343213897,0,0
1789007543.3561442,42.25817561149597,-0.6461085284400335,-0.23050279847597485,-2.778175671405737,0.007350062137712046,0.002208699525049883,0,1,0.0,0.0,-37.27886621374637,-18.83789669140242,0.05,0.05357798343213897,0,0
1789007543.3878,42.2898313999176,-0.6463126005842071,-0.2305802503885411,-2.778306741878462,0.007011493984494231,0.0022067376653382904,0,1,0.0,0.0,-37.27886621374637,-18.83789669140242,0.05,0.053668791341284924,0,0
1789007543.4386902,42.34072160720825,-0.6466392225460369,-0.23070412148193736,-2.7785086620317028,0.0068583759760812235,0.0022020835775186246,0,1,0.0,0.0,-37.27886621374637,-18.83789669140242,0.05,0.053668791341284924,0,0
1789007543.4442382,42.346269607543945,-0.6466630578472354,-0.2307118251529306,-2.7784985494780168,0.006859368897765593,0.0021587796930463876,0,1,0.0,0.0,-37.27886621374637,-18.83789669140242,0.05,0.053668791341284924,0,0
1789007543.4891448,42.39117622375488,-0.6469488434418288,-0.23082017536308477,-2.7786297440506234,0.0068100422432398,0.0020731783303159675,0,1,0.0,0.0,-37.27886621374637,-18.83789669140242,0.05,0.053668791341284924,0,0
1789007543.5397606,42.441792011260986,-0.647267774442068,-0.23094107411268497,-2.77874060302059,0.006771294112831767,0.0020147150178166135,0,1,0.0,0.0,-37.27886621374637,-18.83789669140242,0.05,0.053668791341284924,0,0
1789007543.5412598,42.44329118728638,-0.6472657052207057,-0.23093893099786278,-2.778740942379433,0.0067578694234707425,0.0019484311415911553,0,1,0.0,0.0,-37.27886621374637,-18.83789669140242,0.05,0.053668791341284924,0,0
1789007543.5905805,42.4926118850708,-0.6476462296341066,-0.2310836814328578,-2.778373884079726,0.009785056026376918,0.0019316220851304945,0,1,0.0,0.0,-37.27886621374637,-18.83789669140242,0.05,0.053875366138915234,0,0
1789007543.6415148,42.543546199798584,-0.6482584812410985,-0.2313164293901542,-2.778192901274768,0.014282692876146448,0.0019173099648806763,0,1,0.0,0.0,-37.27886621374637,-18.83789669140242,0.05,0.053875366138915234,0,0
1789007543.6452334,42.54726481437683,-0.648306771302521,-0.23133343072942764,-2.7781857431736703,0.014708534484136702,0.0019178739637577304,0,1,0.0,0.0,-37.27886621374637,-18.83789669140242,0.05,0.053875366138915234,0,0
1789007543.6921716,42.59420299530029,-0.6489866965857978,-0.231592174277875,-2.777983210226529,0.016170752462927814,0.0019394282155432113,0,1,0.0,0.0,-37.27886621374637,-18.83789669140242,0.05,0.053875366138915234,0,0
1789007543.7427747,42.644806146621704,-0.649763181433963,-0.2318878237061095,-2.777809123887964,0.0167198804108173,0.0019534101375338064,0,1,0.0,0.0,-37.27886621374637,-18.83789669140242,0.05,0.053875366138915234,0,0
1789007543.7937343,42.69576573371887,-0.6505848172544753,-0.2322002055264588,-2.7778902929472453,0.017751021810207518,0.0019526922870817258,0,1,0.0,0.0,-37.27886621374637,-18.83789669140242,0.05,0.0536813816583405,0,0
1789007543.8441617,42.746193170547485,-0.6511362990381074,-0.232376198394677,-2.7778759470249343,0.018114975840104627,0.0019413302985295084,0,1,0.0,0.0,-37.27886621374637,-18.83789669140242,0.05,0.0536813816583405,0,0
1789007543.8947845,42.79681587219238,-0.6519585098767309,-0.23268920852599798,-2.777786960098203,0.017302663005297887,0.0018947700747838768,0,1,0.0,0.0,-37.27886621374637,-18.83789669140242,0.05,0.0536813816583405,0,0
1789007543.9456384,42.84766983985901,-0.6527646670791476,-0.23299628860623758,-2.777659515384203,0.017048114731240408,0.00188557187387252,0,1,0.0,0.0,-37.27886621374637,-18.83789669140242,0.056170753166079536,0.053606094938392454,0,0
1789007543.9961476,42.898179054260254,-0.6532599111955258,-0.23315151306338572,-2.777531622751382,0.016857714361554043,0.0018770563055708338,0,1,0.0,0.0,-37.27886621374637,-18.83789669140242,0.056170753166079536,0.053606094938392454,0,0
1789007544.0467224,42.94875383377075,-0.6540943166206192,-0.23346949847841778,-2.7774250489453594,0.0180641802106154,0.001877895838544669,0,1,0.0,0.0,-37.27886621374637,-18.83789669140242,0.056170753166079536,0.053606094938392454,0,0
1789007544.0474925,42.94952392578125,-0.6538112165422177,-0.23332825312565902,-2.777423543416875,0.018162618609318663,0.0018792743888290514,0,1,0.0,0.0,-37.27886621374637,-18.83789669140242,0.056170753166079536,0.053606094938392454,0,0
1789007544.0973256,42.99935698509216,-0.6547639311331105,-0.23369148658992925,-2.7772897717360165,0.021321065986566006,0.0018870275273526224,0,1,0.0,0.0,-37.27886621374637,-18.83789669140242,0.05811497658491137,0.05360799693192047,0,0
1789007544.1486142,43.05064558982849,-0.6558627388664734,-0.23411094400813026,-2.777062598721932,0.02358774177520364,0.0018943531269038619,0,1,0.0,0.0,-37.27886621374637,-18.83789669140242,0.05811497658491137,0.05360799693192047,0,0
1789007544.1990602,43.101091623306274,-0.6567050539625897,-0.2343996385478208,-2.776875123869894,0.02461673575689394,0.001965783466203673,0,1,0.0,0.0,-37.27886621374637,-18.83789669140242,0.05811497658491137,0.05360799693192047,0,0
1789007544.249633,43.15166449546814,-0.6578659123409987,-0.23484313107137747,-2.7767174810731916,0.024867646455495628,0.0019878889079484414,0,1,0.0,0.0,-37.27886621374637,-18.83789669140242,0.05811497658491137,0.05360799693192047,0,0
1789007544.262582,43.164613485336304,-0.6578571107614504,-0.2348069422307009,-2.776690274774822,0.02503459066943687,0.002013361779333966,0,1,0.0,0.0,-37.27886621374637,-18.83789669140242,0.03645489138479208,0.0719357613320214,0,0
1789007544.3002124,43.20224380493164,-0.6587935555078672,-0.23516479003651522,-2.776582072331009,0.02670023882417739,0.0020549288663204005,0,1,0.0,0.0,-37.27886621374637,-18.83789669140242,0.014777458334574497,0.09027820468220552,0,0
1789007544.3510952,43.25312662124634,-0.6601649965040118,-0.23568887209265,-2.77646956005176,0.029550842343703827,0.0020713803660666304,0,1,0.0,0.0,-37.27886621374637,-18.83789669140242,0.0,0.09999999999999999,0,0
1789007544.4016578,43.3036892414093,-0.6613180211447564,-0.23609689752611623,-2.776390649380049,0.03160185043566721,0.0021141992222567926,0,1,0.0,0.0,-37.27886621374637,-18.83789669140242,0.0,0.09999999999999999,0,0
1789007544.452428,43.35445952415466,-0.6628226112633618,-0.23667200323109253,-2.7763279580010076,0.032151690413732927,0.00211987000084409,0,1,0.0,0.0,-37.27886621374637,-18.83789669140242,0.0,0.09999999999999999,0,0
1789007544.5033653,43.405396699905396,-0.6640184463754891,-0.23709785761617433,-2.776062105090658,0.03230001406262737,0.0021527192801341012,0,1,0.0,0.0,-37.27886621374637,-18.83789669140242,0.0,0.09999999999999999,0,0
1789007544.5308435,43.43287491798401,-0.6647447743248989,-0.23737601431116104,-2.776001991689266,0.027857834462785936,0.002173246378322499,0,1,0.0,0.0,-37.27886621374637,-18.83789669140242,0.0,0.09999999999999999,0,0
1789007544.5538638,43.45589518547058,-0.6650017050775691,-0.23744245563298158,-2.775912532615319,0.02752714060410281,0.002197919525203535,0,1,0.0,0.0,-37.27886621374637,-18.83789669140242,0.0,0.09999999999999999,0,0
1789007544.6044922,43.50652360916138,-0.6659551362058606,-0.23780960723920705,-2.7754726793960396,0.019380818486922947,0.002286097863028272,0,1,0.0,0.0,-37.27886621374637,-18.83789669140242,0.0,0.09999999999999999,0,0
1789007544.6308837,43.532915115356445,-0.6663469181886863,-0.23795997817333003,-2.775409963498756,0.015502814451808346,0.0023321149198376233,0,1,0.0,0.0,-37.27886621374637,-18.83789669140242,0.0,0.09999999999999999,0,0
1789007544.6550944,43.55712580680847,-0.6663479200712998,-0.2379298395255174,-2.7750993813109788,0.014873272834080383,0.0024159795112983873,0,1,0.0,0.0,-37.27886621374637,-18.83789669140242,0.0,0.09999999999999999,0,0
1789007544.705899,43.607930421829224,-0.6669917479920213,-0.23818036387109462,-2.7742433265811215,0.013365381771012621,0.0026704921242223776,0,1,0.0,0.0,-37.27886621374637,-18.83789669140242,0.0,0.09999999999999999,0,0
1789007544.7308326,43.632863998413086,-0.6672976757983831,-0.23829809462207824,-2.7741707773179107,0.013106106146963782,0.0027983286663095888,0,1,0.0,0.0,-37.27886621374637,-18.83789669140242,0.0,0.09999999999999999,0,0
1789007544.7563136,43.658344984054565,-0.667605621443479,-0.2384175918972949,-2.7738563393498037,0.01290523553576264,0.002952954685053029,0,1,0.0,0.0,-37.27886621374637,-18.83789669140242,0.0,0.09999999999999999,0,0
1789007544.8069618,43.70899319648743,-0.6681860133184064,-0.23864233455457823,-2.7734024353014077,0.012093786487571605,0.0032078178298397156,0,1,0.0,0.0,-37.27886621374637,-18.83789669140242,0.0,0.09999999999999999,0,0
1789007544.8308756,43.73290705680847,-0.6680485690606638,-0.23855853560754575,-2.7733205836077466,0.00891301682261169,0.003308462209327823,0,1,0.0,0.0,-37.27886621374637,-18.83789669140242,0.0,0.09999999999999999,0,0
1789007544.8575852,43.75961661338806,-0.668257514286501,-0.23863990465268226,-2.773016174198244,0.008173425521020482,0.003443474210773464,0,1,0.0,0.0,-37.27886621374637,-18.83789669140242,0.0,0.09999999999999999,0,0
1789007544.9084058,43.81043720245361,-0.6684671895964522,-0.23872182314961168,-2.772594579812719,0.00379888325494353,0.0036971713487493427,0,1,0.0,0.0,-37.27886621374637,-18.83789669140242,0.0,0.09999999999999999,0,0
1789007544.930917,43.832948446273804,-0.66852973207142,-0.2387460486548196,-2.7725064384087434,0.002880210333044734,0.003804533437688848,0,1,0.0,0.0,-37.27886621374637,-18.83789669140242,0.0,0.09999999999999999,0,0
1789007544.958833,43.86086440086365,-0.6682535960477936,-0.23860885118580372,-2.7723456297705447,0.002293781767899552,0.003917450742378988,0,1,0.0,0.0,-37.27886621374637,-18.83789669140242,0.0,0.09999999999999999,0,0
1789007545.0094438,43.91147518157959,-0.6683587924113322,-0.23864970492121235,-2.7720581279311025,0.001852854701390306,0.0040889304503341556,0,1,0.0,0.0,-37.27886621374637,-18.83789669140242,0.0,0.09999999999999999,0,0
1789007545.0308201,43.93285155296326,-0.6684048135461125,-0.2386674920754264,-2.7719674718927134,0.0021444675009037258,0.0041525628932397455,0,1,0.0,0.0,-37.27886621374637,-18.83789669140242,0.0,0.09999999999999999,0,0
1789007545.0604534,43.96248483657837,-0.6681180329581293,-0.23852646907668296,-2.771674627476718,0.0017491440214619067,0.0042749021813701365,0,1,0.0,0.0,-37.27886621374637,-18.83789669140242,0.0,0.09999999999999999,0,0
1789007545.1110106,44.013041973114014,-0.6682593371860175,-0.23858128116002592,-2.771360125421639,0.002674111520300871,0.004450146844578878,0,1,0.0,0.0,-37.27886621374637,-18.83789669140242,0.0,0.09999999999999999,0,0
1789007545.13089,44.0329213142395,-0.6683409556930027,-0.23861284732379195,-2.7712685376663035,0.004068664844727611,0.004513360436810037,0,1,0.0,0.0,-37.27886621374637,-18.83789669140242,0.0,0.09999999999999999,0,0
1789007545.1617148,44.063746213912964,-0.6681183409520134,-0.23849666278621343,-2.771092399061101,0.003964834110847583,0.004587989276952757,0,1,0.0,0.0,-37.27886621374637,-18.83789669140242,0.0,0.09999999999999999,0,0
1789007545.2123086,44.11434006690979,-0.6683401731023211,-0.23858289249495873,-2.7707545767240576,0.004455010274514929,0.004711702666735044,0,1,0.0,0.0,-37.27886621374637,-18.83789669140242,0.0,0.09999999999999999,0,0
1789007545.2308826,44.1329140663147,-0.6684270977656189,-0.23861665393334333,-2.770664614458643,0.004840413232000354,0.004759700249466095,0,1,0.0,0.0,-37.27886621374637,-18.83789669140242,0.0,0.09999999999999999,0,0
1789007545.2638202,44.16585159301758,-0.6682330774192438,-0.23851180053837062,-2.770468720991637,0.004630016554945129,0.004840901723351594,0,1,0.0,0.0,-37.27886621374637,-18.83789669140242,0.0,0.09999999999999999,0,0
1789007545.314365,44.21639633178711,-0.6684654356172458,-0.23860216559390438,-2.7702621801955583,0.004712382815374604,0.004891555407049346,0,1,0.0,0.0,-37.27886621374637,-18.83789669140242,0.0,0.09999999999999999,0,0
1789007545.3308327,44.23286414146423,-0.6685026037039774,-0.23861672814169235,-2.77017881640802,0.003335536464092974,0.004946504156051649,0,1,0.0,0.0,-37.27886621374637,-18.83789669140242,0.0,0.09999999999999999,0,0
1789007545.3650765,44.26710796356201,-0.6682610047753557,-0.2384934406352649,-2.7700909060169856,0.002887740110985205,0.004982116291746923,0,1,0.0,0.0,-37.27886621374637,-18.83789669140242,0.0,0.09999999999999999,0,0
1789007545.4158254,44.317856788635254,-0.6682957447146702,-0.2385069738428865,-2.7699741031047886,0.0008308604502654439,0.005001306372139765,0,1,0.0,0.0,-37.27886621374637,-18.83789669140242,0.0,0.09999999999999999,0,0
1789007545.4309094,44.33294081687927,-0.6682904735642703,-0.23850495944137345,-2.7698978473407014,9.119623934978347e-05,0.005017992341905684,0,1,0.0,0.0,-37.27886621374637,-18.83789669140242,0.0,0.09999999999999999,0,0
1789007545.466427,44.36845850944519,-0.6679459044571028,-0.23834169024482216,-2.769821604761349,-0.0004103515553588242,0.005015392100045796,0,1,0.0,0.0,-37.27886621374637,-18.83789669140242,0.0,0.09999999999999999,0,0
1789007545.5172386,44.419270038604736,-0.6679313423150938,-0.23833592844992302,-2.7697024869235105,-0.0006183684746495792,0.005012103064244179,0,1,0.0,0.0,-37.27886621374637,-18.83789669140242,0.0,0.09999999999999999,0,0
1789007545.5309272,44.43295860290527,-0.6679341439957845,-0.23833699302653524,-2.769634839208407,-0.00030368962850225187,0.0049947143120609916,0,1,0.0,0.0,-37.27886621374637,-18.83789669140242,0.0,0.09999999999999999,0,0
1789007545.567883,44.46991443634033,-0.6675802284691807,-0.23817019303845516,-2.7696148039135053,-0.0006869142605987637,0.004952929638013318,0,1,0.0,0.0,-37.27886621374637,-18.83789669140242,0.0,0.09999999999999999,0,0
1789007545.6188686,44.52090001106262,-0.6675966916544112,-0.2381764764671351,-2.769664834199608,-0.00012789597670161368,0.004923804229460057,0,1,0.0,0.0,-37.27886621374637,-18.83789669140242,0.0,0.09999999999999999,0,0
1789007545.630909,44.53294038772583,-0.6676308515807559,-0.23818972141487668,-2.7696092144830424,0.00120067541984223,0.004847860326100942,0,1,0.0,0.0,-37.27886621374637,-18.83789669140242,0.0,0.09999999999999999,0,0
1789007545.6694858,44.5715172290802,-0.6673360685678998,-0.2380461375918327,-2.7695193249088224,0.0010209974091569824,0.004771578839823908,0,1,0.0,0.0,-37.27886621374637,-18.83789669140242,0.0,0.09999999999999999,0,0
1789007545.7201436,44.622174978256226,-0.6674116395797463,-0.23807557013561126,-2.76940563867378,0.001272100940447661,0.004727124189555834,0,1,0.0,0.0,-37.27886621374637,-18.83789669140242,0.0,0.09999999999999999,0,0
1789007545.7309134,44.6329448223114,-0.6674365485324789,-0.23808526609634992,-2.7693580910288733,0.001714875165037266,0.004664549273766124,0,1,0.0,0.0,-37.27886621374637,-18.83789669140242,0.0,0.09999999999999999,0,0
1789007545.770991,44.673022508621216,-0.6671624684689738,-0.23794987714761834,-2.769324615318264,0.0015093720268386309,0.00458271224342618,0,1,0.0,0.0,-37.27886621374637,-18.83789669140242,0.0,0.09999999999999999,0,0
1789007545.7808323,44.68286371231079,-0.6671831920716481,-0.23795795430556882,-2.769281928752545,0.001735566828624429,0.00453996187716145,0,1,0.0,0.0,-37.27886621374637,-18.83789669140242,0.0,0.09999999999999999,0,0
1789007545.8308866,44.73291802406311,-0.6672804777247017,-0.23799589307245975,-2.769088510270901,0.0024174650471462415,0.004476503263289399,0,1,0.0,0.0,-37.27886621374637,-18.83789669140242,0.0,0.09999999999999999,0,0
1789007545.8725991,44.774630546569824,-0.6670392603531103,-0.23787353485709714,-2.76884218207805,0.0023154720884888454,0.004437879771633444,0,1,0.0,0.0,-37.27886621374637,-18.83789669140242,0.0,0.09999999999999999,0,0
1789007545.8808987,44.78293013572693,-0.6670797197211101,-0.23788930463776942,-2.7688065224809333,0.0031869924181805124,0.004415767295241455,0,1,0.0,0.0,-37.27886621374637,-18.83789669140242,0.0,0.09999999999999999,0,0
1789007545.9309118,44.83294320106506,-0.6672392823478205,-0.23795168097626215,-2.76857449166743,0.003673276113197687,0.0043924176975203635,0,1,0.0,0.0,-37.27886621374637,-18.83789669140242,0.0,0.09999999999999999,0,0
1789007545.9740613,44.87609267234802,-0.6670533206067888,-0.23785105297943035,-2.7684819741628486,0.0036330786119211024,0.0043424735726248845,0,1,0.0,0.0,-37.27886621374637,-18.83789669140242,0.0,0.09999999999999999,0,0
1789007545.9809103,44.88294172286987,-0.6670810375797677,-0.2378618930777424,-2.7684533967442815,0.003792066856152604,0.004317797414702574,0,1,0.0,0.0,-37.27886621374637,-18.83789669140242,0.0,0.09999999999999999,0,0
1789007546.0308788,44.932910203933716,-0.6672588068885474,-0.23793143070768652,-2.768334775671729,0.0038560854262966074,0.004271161887878432,0,1,0.0,0.0,-37.27886621374637,-18.83789669140242,0.0,0.09999999999999999,0,0
1789007546.0751007,44.977132081985474,-0.6670823800452997,-0.23783469910943267,-2.7682126855020606,0.003747434407901423,0.00426886094186615,0,1,0.0,0.0,-37.27886621374637,-18.83789669140242,0.0,0.09999999999999999,0,0
1789007546.0809255,44.982956886291504,-0.6670707629059484,-0.23783020628750068,-2.7681906367356715,0.002629015949254727,0.004217234507887266,0,1,0.0,0.0,-37.27886621374637,-18.83789669140242,0.0,0.09999999999999999,0,0
1789007546.1308322,45.03286361694336,-0.6671523785957096,-0.2378622076188484,-2.7680801234816585,0.0008645105272501349,0.004152883050760839,0,1,0.0,0.0,-37.27886621374637,-18.83789669140242,0.0,0.09999999999999999,0,0
1789007546.1766787,45.078710079193115,-0.666852101554106,-0.23771702173279433,-2.7681028887403674,0.0006325061779035797,0.004144484817847722,0,1,0.0,0.0,-37.27886621374637,-18.83789669140242,0.0,0.09999999999999999,0,0
1789007546.1808755,45.08290696144104,-0.6668413289195912,-0.23771282213371095,-2.7680906688901112,0.0001625769943877344,0.004041780214618152,0,1,0.0,0.0,-37.27886621374637,-18.83789669140242,0.0,0.09999999999999999,0,0
1789007546.2308333,45.13286471366882,-0.6668435307313633,-0.23771364009305684,-2.768013811301775,-6.613346812006932e-05,0.003937482575692725,0,1,0.0,0.0,-37.27886621374637,-18.83789669140242,0.0,0.09999999999999999,0,0
1789007546.278122,45.180153369903564,-0.6665039934690251,-0.23755323896813194,-2.767965047938507,-0.0003239935129060952,0.003931673063535733,0,1,0.0,0.0,-37.27886621374637,-18.83789669140242,0.0,0.09999999999999999,0,0
1789007546.280913,45.182944536209106,-0.6665090387215785,-0.2375552086078543,-2.7679600504712183,-0.0001315016722072374,0.00382996703248927,0,1,0.0,0.0,-37.27886621374637,-18.83789669140242,0.0,0.09999999999999999,0,0
1789007546.3308156,45.23284697532654,-0.6665286605697242,-0.2375627868272188,-2.768030919454159,0.0011006496056394752,0.003673459261170486,0,1,0.0,0.0,-37.27886621374637,-18.83789669140242,0.0,0.09999999999999999,0,0
1789007546.3796682,45.281699657440186,-0.6662446670820281,-0.23742429283863023,-2.7678964856883983,0.0009143136591158107,0.003671475577091152,0,1,0.0,0.0,-37.27886621374637,-18.83789669140242,0.0,0.09999999999999999,0,0
1789007546.3808331,45.282864570617676,-0.666303490841056,-0.23744727535044355,-2.7678987481166604,0.002877680017131868,0.0035553527167076927,0,1,0.0,0.0,-37.27886621374637,-18.83789669140242,0.0,0.09999999999999999,0,0
1789007546.4308634,45.332894802093506,-0.6664519129011987,-0.23750542351871426,-2.767797846330222,0.003591211882109357,0.0034499948187870434,0,1,0.0,0.0,-37.27886621374637,-18.83789669140242,0.0,0.09999999999999999,0,0
1789007546.4810488,45.38308024406433,-0.6662890921686487,-0.2374146359801821,-2.7675158829952062,0.0035347075268310564,0.0034546407672725694,0,1,0.0,0.0,-37.27886621374637,-18.83789669140242,0.0,0.09999999999999999,0,0
1789007546.5319133,45.43394470214844,-0.666479859949284,-0.23748954791981025,-2.7672533182375028,0.003908767351652789,0.0033536831732741876,0,1,0.0,0.0,-37.27886621374637,-18.83789669140242,0.0,0.09999999999999999,0,0
1789007546.5825164,45.48454785346985,-0.6663339964501481,-0.23740560945461375,-2.767049604503258,0.003872111685266564,0.003355166557144202,0,1,0.0,0.0,-37.27886621374637,-18.83789669140242,0.0,0.09999999999999999,0,0
1789007546.6331847,45.535216093063354,-0.6664775698670162,-0.237462087540197,-2.7668855352465074,0.0029351209647231298,0.0033016712151473972,0,1,0.0,0.0,-37.27886621374637,-18.83789669140242,0.0,0.09999999999999999,0,0
1789007546.6838593,45.585890769958496,-0.6662853983172133,-0.237360104940213,-2.766708714533244,0.0028551883623032263,0.0033020749814929987,0,1,0.0,0.0,-37.27886621374637,-18.83789669140242,0.0,0.09999999999999999,0,0
1789007546.7348375,45.636868953704834,-0.6664070859215612,-0.2374079745751784,-2.766584134466215,0.002613873446678304,0.003268286262023897,0,1,0.0,0.0,-37.27886621374637,-18.83789669140242,0.0,0.09999999999999999,0,0
1789007546.785333,45.68736433982849,-0.6661997635285201,-0.23730026331241874,-2.7662506358481336,0.002528670862968676,0.0032530556321655434,0,1,0.0,0.0,-37.27886621374637,-18.83789669140242,0.0,0.09999999999999999,0,0
1789007546.8359187,45.73795008659363,-0.666328873298888,-0.2373511821492637,-2.7659682846953446,0.0027897315550192985,0.0032694101113181447,0,1,0.0,0.0,-37.27886621374637,-18.83789669140242,0.0,0.09999999999999999,0,0
1789007546.886811,45.78884243965149,-0.6661332206962599,-0.23724822930661954,-2.765687193285603,0.0027426752474017657,0.003291414417614896,0,1,0.0,0.0,-37.27886621374637,-18.83789669140242,0.0,0.09999999999999999,0,0
1789007546.9374385,45.83946990966797,-0.6662906493587528,-0.2373103430827995,-2.765503729112345,0.0032046534384680392,0.003358267816836827,0,1,0.0,0.0,-37.27886621374637,-18.83789669140242,0.0,0.09999999999999999,0,0
1789007546.9473972,45.84942865371704,-0.6659935472479761,-0.23716743527925102,-2.7654692152323928,0.003212922966644531,0.0033769879238618006,0,1,0.0,0.0,-37.27886621374637,-18.83789669140242,0.0,0.09999999999999999,0,0
1789007546.9880326,45.890064001083374,-0.6661162973094276,-0.2372158920171994,-2.765360786713363,0.003251871817131138,0.003389888812361087,0,1,0.0,0.0,-37.27886621374637,-18.83789669140242,0.0,0.09999999999999999,0,0
1789007547.0386782,45.940709590911865,-0.6662699859873927,-0.23727657485310422,-2.765246248911524,0.0032597410918356715,0.0033979692050883567,0,1,0.0,0.0,-37.27886621374637,-18.83789669140242,0.0,0.09999999999999999,0,0
1789007547.0431,45.94513154029846,-0.6662704779293452,-0.23727575045750557,-2.765231292944538,0.0032643657784006365,0.0033966868946882878,0,1,0.0,0.0,-37.27886621374637,-18.83789669140242,0.0,0.09999999999999999,0,0
1789007547.0897205,45.99175190925598,-0.6663926149481095,-0.23732401927865424,-2.7651387192279206,0.0024613725144541155,0.0033824047255585493,0,1,0.0,0.0,-37.27886621374637,-18.83789669140242,0.0,0.09999999999999999,0,0
1789007547.1402018,46.04223322868347,-0.6664704315262097,-0.23735483073940952,-2.764983937127763,0.0012547625342190906,0.0033737709185264024,0,1,0.0,0.0,-37.27886621374637,-18.83789669140242,0.0,0.09999999999999999,0,0
1789007547.140804,46.04283547401428,-0.6664558289216571,-0.23734804453573022,-2.7649822629709,0.0011576693766264699,0.0033662377575404854,0,1,0.0,0.0,-37.27886621374637,-18.83789669140242,0.0,0.09999999999999999,0,0
1789007547.1908157,46.09284710884094,-0.6665007840042655,-0.23736580893986017,-2.764874357283282,0.0007594657925812082,0.003347068491432653,0,1,0.0,0.0,-37.27886621374637,-18.83789669140242,0.0,0.09999999999999999,0,0
1789007547.241607,46.143638372421265,-0.6665328716259569,-0.23737844922297385,-2.764843273440884,0.0006022496948159547,0.003331993943267405,0,1,0.0,0.0,-37.27886621374637,-18.83789669140242,0.0,0.09999999999999999,0,0
1789007547.2533162,46.1553475856781,-0.666525938859245,-0.23737469058662156,-2.7648059653509947,0.0005647311027628893,0.0032996765062475565,0,1,0.0,0.0,-37.27886621374637,-18.83789669140242,0.0,0.09999999999999999,0,0
1789007547.2920835,46.19411492347717,-0.6665470741196784,-0.23738304096882987,-2.7647050227350176,0.0005482697232872098,0.003263680072080394,0,1,0.0,0.0,-37.27886621374637,-18.83789669140242,0.0,0.09999999999999999,0,0
1789007547.3426926,46.24472403526306,-0.6666477922797882,-0.23742278955796356,-2.7645933090557406,0.0026028424762259664,0.0032390237593769725,0,1,0.0,0.0,-37.27886621374637,-18.83789669140242,0.0,0.09999999999999999,0,0
1789007547.3550858,46.25711727142334,-0.6666713938796925,-0.23743111004654976,-2.764554686506414,0.0027988623791449347,0.0032145458413207454,0,1,0.0,0.0,-37.27886621374637,-18.83789669140242,0.0,0.09999999999999999,0,0
1789007547.3933053,46.29533672332764,-0.6668516004674513,-0.23750239155749567,-2.7642805956295313,0.005527360892747371,0.0032193918203237007,0,1,0.0,0.0,-37.27886621374637,-18.83789669140242,0.0,0.09999999999999999,0,0
1789007547.4441617,46.346193075180054,-0.6671586556415144,-0.23762411645669673,-2.7639605693222724,0.006796870826569371,0.003223379649071363,0,1,0.0,0.0,-37.27886621374637,-18.83789669140242,0.0,0.09999999999999999,0,0
1789007547.4946306,46.39666199684143,-0.6674828326938095,-0.23775171847991902,-2.7637656943172506,0.007274181080573656,0.003282178389945251,0,1,0.0,0.0,-37.27886621374637,-18.83789669140242,0.0,0.09999999999999999,0,0
1789007547.545314,46.447345495224,-0.6678263798379224,-0.23788808358795374,-2.76360524167894,0.007358403315314145,0.0032952760921407987,0,1,0.0,0.0,-37.27886621374637,-18.83789669140242,0.0,0.09999999999999999,0,0
1789007547.5470755,46.4491069316864,-0.6678253012993375,-0.23788665209697285,-2.7635989931928657,0.007377700204680549,0.003304584630911366,0,1,0.0,0.0,-37.27886621374637,-18.83789669140242,0.0,0.09999999999999999,0,0
1789007547.59612,46.498151540756226,-0.6681356061820467,-0.23800995605540937,-2.763408508072487,0.0067168626717434305,0.0033226897383237734,0,1,0.0,0.0,-37.27886621374637,-18.83789669140242,0.0,0.09999999999999999,0,0
1789007547.6470418,46.549073219299316,-0.6684210133192668,-0.23812339623286258,-2.7632562355165065,0.005881867285243702,0.0033303420980542917,0,1,0.0,0.0,-37.27886621374637,-18.83789669140242,0.0,0.09999999999999999,0,0
1789007547.6974804,46.59951186180115,-0.6686641129493464,-0.23821919489159457,-2.7629674723687985,0.005461270438387231,0.003364821807511076,0,1,0.0,0.0,-37.27886621374637,-18.83789669140242,0.0,0.09999999999999999,0,0
1789007547.7482724,46.65030384063721,-0.6689171560644916,-0.23831995876205633,-2.7627244101388375,0.005361867265263876,0.00338312622563363,0,1,0.0,0.0,-37.27886621374637,-18.83789669140242,0.0,0.09999999999999999,0,0
1789007547.7990732,46.70110464096069,-0.669153693672899,-0.23841328315894728,-2.7624262821708037,0.005314977393781825,0.0034676848388511725,0,1,0.0,0.0,-37.27886621374637,-18.83789669140242,0.0,0.09999999999999999,0,0
1789007547.8495512,46.751582622528076,-0.6693700251079909,-0.23849955585695995,-2.7622357648943137,0.0044919784250456235,0.0034975406966548557,0,1,0.0,0.0,-37.27886621374637,-18.83789669140242,0.0,0.09999999999999999,0,0
1789007547.9002373,46.802268743515015,-0.6695146647444324,-0.238556313245557,-2.762060492220649,0.0031519308100626683,0.0035615194001732114,0,1,0.0,0.0,-37.27886621374637,-18.83789669140242,0.0,0.09999999999999999,0,0
1789007547.950791,46.85282230377197,-0.6696481050427077,-0.23860952787983283,-2.7619197069071606,0.0027636493630820566,0.003573794122782916,0,1,0.0,0.0,-37.27886621374637,-18.83789669140242,0.0,0.09999999999999999,0,0
1789007548.0016327,46.903664112091064,-0.669757673306493,-0.23865231989622449,-2.761687214789329,0.0025797271479917824,0.003604738484938362,0,1,0.0,0.0,-37.27886621374637,-18.83789669140242,0.0,0.09999999999999999,0,0
1789007548.0521848,46.95421624183655,-0.6698787667088644,-0.2387006653514718,-2.76151865719011,0.002545279965244527,0.003617019727437839,0,1,0.0,0.0,-37.27886621374637,-18.83789669140242,0.0,0.09999999999999999,0,0
1789007548.102855,47.00488638877869,-0.6700033432897189,-0.238749466463732,-2.761283941671063,0.002987444506219514,0.0036495375195450845,0,1,0.0,0.0,-37.27886621374637,-18.83789669140242,0.0,0.09999999999999999,0,0
1789007548.1535475,47.05557894706726,-0.6701681023231135,-0.23881530959185543,-2.761092216038184,0.0035348380416143975,0.003660524138156784,0,1,0.0,0.0,-37.27886621374637,-18.83789669140242,0.0,0.09999999999999999,0,0
1789007548.2044928,47.10652422904968,-0.6703356032699358,-0.23888140147481587,-2.760798890735708,0.003829754025856813,0.0037118185252292667,0,1,0.0,0.0,-37.27886621374637,-18.83789669140242,0.0,0.09999999999999999,0,0
1789007548.230836,47.13286733627319,-0.6704306503239275,-0.23891944782581473,-2.7607001557949817,0.0038909246744550097,0.003732293944166552,0,1,0.0,0.0,-37.27886621374637,-18.83789669140242,0.0,0.09999999999999999,0,0
1789007548.2550175,47.15704894065857,-0.6705042732867521,-0.2389479640398599,-2.7606048122602482,0.003900546434585245,0.00375160065146494,0,1,0.0,0.0,-37.27886621374637,-18.83789669140242,0.0,0.09999999999999999,0,0
1789007548.3057244,47.20775580406189,-0.6706887966368774,-0.23902186240294146,-2.760443708429631,0.0039226930260885555,0.00377382122218483,0,1,0.0,0.0,-37.27886621374637,-18.83789669140242,0.0,0.09999999999999999,0,0
1789007548.330884,47.23291540145874,-0.6707548753756681,-0.23904841493897414,-2.7603484250069514,0.002758578751989091,0.0037803475039777357,0,1,0.0,0.0,-37.27886621374637,-18.83789669140242,0.0,0.09999999999999999,0,0
1789007548.3565786,47.258610010147095,-0.6708027374357259,-0.23906658001915093,-2.7603424567446946,0.002562505642106487,0.003773399386624445,0,1,0.0,0.0,-37.27886621374637,-18.83789669140242,0.0,0.09999999999999999,0,0
1789007548.4070303,47.309061765670776,-0.6708447975866254,-0.2390835105368516,-2.760212017759405,0.0006982071530007428,0.003757949443391386,0,1,0.0,0.0,-37.27886621374637,-18.83789669140242,0.0,0.09999999999999999,0,0
1789007548.4309096,47.33294105529785,-0.6708505819215694,-0.23908585420135095,-2.760122654461702,0.00021873544037621532,0.0037504545458932224,0,1,0.0,0.0,-37.27886621374637,-18.83789669140242,0.0,0.09999999999999999,0,0
1789007548.4577193,47.359750747680664,-0.670838806262308,-0.23908012933073197,-2.7601093776480043,4.1139959984595716e-05,0.0037299493002504566,0,1,0.0,0.0,-37.27886621374637,-18.83789669140242,0.0,0.09999999999999999,0,0
1789007548.5083818,47.41041326522827,-0.6708363056945277,-0.2390790918317615,-2.760013021794438,-0.00015893443619292318,0.003690573213455256,0,1,0.0,0.0,-37.27886621374637,-18.83789669140242,0.0,0.09999999999999999,0,0
1789007548.5308337,47.432865142822266,-0.6708349857229643,-0.23907855500808825,-2.7599310396408256,-0.0001089436108422741,0.0036736070331714462,0,1,0.0,0.0,-37.27886621374637,-18.83789669140242,0.0,0.09999999999999999,0,0
1789007548.559391,47.46142244338989,-0.6708166118614433,-0.23907015889354272,-2.7600303759209948,-0.00021315146273743362,0.003617084803901751,0,1,0.0,0.0,-37.27886621374637,-18.83789669140242,0.0,0.09999999999999999,0,0
1789007548.6103835,47.51241493225098,-0.6708106735904857,-0.23906774272857767,-2.7599653990159303,-0.00022067717559860251,0.003529814832409447,0,1,0.0,0.0,-37.27886621374637,-18.83789669140242,0.0,0.09999999999999999,0,0
1789007548.6308339,47.53286528587341,-0.6708093761024457,-0.2390672138759328,-2.7598948735757123,-0.00012468507152830797,0.0034963261319355234,0,1,0.0,0.0,-37.27886621374637,-18.83789669140242,0.0,0.09999999999999999,0,0
1789007548.661332,47.56336331367493,-0.6707905558365794,-0.239058675811588,-2.7599223778613484,-0.0002144167916205754,0.003440868429744381,0,1,0.0,0.0,-37.27886621374637,-18.83789669140242,0.0,0.09999999999999999,0,0
1789007548.7129142,47.61494565010071,-0.6707850109047395,-0.23905642137813066,-2.759930813058573,-0.00020619295218335626,0.0033277437775144484,0,1,0.0,0.0,-37.27886621374637,-18.83789669140242,0.0,0.09999999999999999,0,0
1789007548.7308753,47.632906675338745,-0.6707843455953095,-0.23905614770044817,-2.759873211188772,-0.00011177247143230864,0.003279861044564091,0,1,0.0,0.0,-37.27886621374637,-18.83789669140242,0.0,0.09999999999999999,0,0
1789007548.7636268,47.66565823554993,-0.670765682708843,-0.23904768482844735,-2.7598565571967235,-0.00019409660194058832,0.003217015784113872,0,1,0.0,0.0,-37.27886621374637,-18.83789669140242,0.0,0.09999999999999999,0,0
1789007548.814295,47.71632647514343,-0.6707608780862298,-0.23904574392624925,-2.7598022797740525,-0.00019336215636136183,0.003174915326169388,0,1,0.0,0.0,-37.27886621374637,-18.83789669140242,0.0,0.09999999999999999,0,0
1789007548.8308806,47.73291206359863,-0.6707617280007235,-0.23904607858200272,-2.7597529609010047,-8.485109467083112e-05,0.0031117856755749295,0,1,0.0,0.0,-37.27886621374637,-18.83789669140242,0.0,0.09999999999999999,0,0
1789007548.8648996,47.76693105697632,-0.6707436664212225,-0.23903785803230768,-2.7597693300572943,-0.00016662828001830625,0.0030344128414952786,0,1,0.0,0.0,-37.27886621374637,-18.83789669140242,0.0,0.09999999999999999,0,0
1789007548.9157097,47.81774115562439,-0.6707395202471083,-0.2390361838672453,-2.7598208866777654,-0.00017322047378054854,0.0029848633183613142,0,1,0.0,0.0,-37.27886621374637,-18.83789669140242,0.0,0.09999999999999999,0,0
1789007548.930893,47.832924365997314,-0.670740496464053,-0.23903657063778272,-2.75978048353947,-7.293092076385768e-05,0.0028844445911979204,0,1,0.0,0.0,-37.27886621374637,-18.83789669140242,0.0,0.09999999999999999,0,0
1789007548.9662967,47.86832809448242,-0.6707227920761554,-0.23902849542668114,-2.759751175129319,-0.0001464457680824719,0.002790525062818116,0,1,0.0,0.0,-37.27886621374637,-18.83789669140242,0.0,0.09999999999999999,0,0
1789007549.016915,47.918946504592896,-0.6707191525278068,-0.2390270297666529,-2.7596981852597136,-0.00015529862621857312,0.0027349282761268967,0,1,0.0,0.0,-37.27886621374637,-18.83789669140242,0.0,0.09999999999999999,0,0
1789007549.030862,47.93289351463318,-0.6707201595871515,-0.23902742968969756,-2.7596640482272687,-6.274522216538573e-05,0.002662321353082186,0,1,0.0,0.0,-37.27886621374637,-18.83789669140242,0.0,0.09999999999999999,0,0
1789007549.0677755,47.96980690956116,-0.6707027730814601,-0.23901948073568227,-2.759643522622206,-0.00012897029218873646,0.0025697205715542112,0,1,0.0,0.0,-37.27886621374637,-18.83789669140242,0.0,0.09999999999999999,0,0
1789007549.118215,48.020246505737305,-0.6708104716216148,-0.23906267254556274,-2.759519728373442,0.0017724534468001928,0.0025187176349597755,0,1,0.0,0.0,-37.27886621374637,-18.83789669140242,0.0,0.09999999999999999,0,0
1789007549.130883,48.03291440010071,-0.670912774214553,-0.23910366283981446,-2.7594907393403103,0.004946667360292363,0.0024634353518610346,0,1,0.0,0.0,-37.27886621374637,-18.83789669140242,0.0,0.09999999999999999,0,0
1789007549.1688344,48.070865869522095,-0.671083786136655,-0.23917145680978055,-2.759211206155824,0.005409521443028555,0.002452563287907192,0,1,0.0,0.0,-37.27886621374637,-18.83789669140242,0.0,0.09999999999999999,0,0
1789007549.2195225,48.121553897857666,-0.6713825534578568,-0.23929165612001033,-2.758953397697346,0.006256977402953307,0.002446488385941598,0,1,0.0,0.0,-37.27886621374637,-18.83789669140242,0.0,0.09999999999999999,0,0
1789007549.2308743,48.13290572166443,-0.6714547014355522,-0.23932068403800982,-2.758925234660885,0.0065418982594442785,0.0024536342332419745,0,1,0.0,0.0,-37.27886621374637,-18.83789669140242,0.0,0.09999999999999999,0,0
1789007549.270335,48.17236638069153,-0.6716854042507769,-0.23941265225195751,-2.7587351613195983,0.006804018166591348,0.0024719608418643036,0,1,0.0,0.0,-37.27886621374637,-18.83789669140242,0.0,0.09999999999999999,0,0
1789007549.280875,48.18290638923645,-0.6717482359902803,-0.23943796304892692,-2.758708694191426,0.006696386612061735,0.0024803521136832095,0,1,0.0,0.0,-37.27886621374637,-18.83789669140242,0.0,0.09999999999999999,0,0
1789007549.3308334,48.23286485671997,-0.6720076434841502,-0.23954252290813266,-2.758601806862617,0.004624785050784603,0.002482527035800073,0,1,0.0,0.0,-37.27886621374637,-18.83789669140242,0.0,0.09999999999999999,0,0
1789007549.3713322,48.27336359024048,-0.6721637975565212,-0.23960448602180642,-2.758510220691052,0.0045281291441305205,0.002480737707468389,0,1,0.0,0.0,-37.27886621374637,-18.83789669140242,0.0,0.09999999999999999,0,0
1789007549.3808603,48.28289175033569,-0.6721389541277569,-0.23959457670738868,-2.7584866295007338,0.002026200123822552,0.002479915859680037,0,1,0.0,0.0,-37.27886621374637,-18.83789669140242,0.0,0.09999999999999999,0,0
1789007549.430887,48.33291840553284,-0.6721970720508433,-0.23961803171005153,-2.758394377953441,0.0005220670324702487,0.0024713266375264256,0,1,0.0,0.0,-37.27886621374637,-18.83789669140242,0.0,0.09999999999999999,0,0
1789007549.4728134,48.374844789505005,-0.672196831293147,-0.23961695413738016,-2.7583473459624326,0.0002675152916677249,0.002448920124695316,0,1,0.0,0.0,-37.27886621374637,-18.83789669140242,0.0,0.09999999999999999,0,0
1789007549.4809074,48.382938861846924,-0.672194791227534,-0.23961613767332834,-2.7583280525239027,9.548687196734483e-05,0.002437906782766337,0,1,0.0,0.0,-37.27886621374637,-18.83789669140242,0.0,0.09999999999999999,0,0
1789007549.5309343,48.43296575546265,-0.67218649978761,-0.23961279692938506,-2.7582332666200333,-0.00045236852929158206,0.0024204081969283722,0,1,0.0,0.0,-37.27886621374637,-18.83789669140242,0.0,0.09999999999999999,0,0
1789007549.5739021,48.47593355178833,-0.6721494642269727,-0.23959690448478102,-2.7581513184071897,-0.0006532054829909651,0.00240122372648732,0,1,0.0,0.0,-37.27886621374637,-18.83789669140242,0.0,0.09999999999999999,0,0
1789007549.5808356,48.48286700248718,-0.6721359518166127,-0.23959146693351513,-2.7581352100339784,-0.001025837074282635,0.002391287567031377,0,1,0.0,0.0,-37.27886621374637,-18.83789669140242,0.0,0.09999999999999999,0,0
1789007549.6309354,48.53296685218811,-0.6720816593414838,-0.23956955184468745,-2.758084867550469,-0.0013147877871450824,0.002362082997393353,0,1,0.0,0.0,-37.27886621374637,-18.83789669140242,0.0,0.09999999999999999,0,0
1789007549.6753027,48.57733416557312,-0.6720099360318065,-0.23953965762839902,-2.7580132660134336,-0.0014663542211804663,0.002360910982089291,0,1,0.0,0.0,-37.27886621374637,-18.83789669140242,0.0,0.09999999999999999,0,0
1789007549.680882,48.582913398742676,-0.6720049609787653,-0.239537646935772,-2.758001652835232,-0.0013953129111583013,0.00233148308857096,0,1,0.0,0.0,-37.27886621374637,-18.83789669140242,0.0,0.09999999999999999,0,0
1789007549.730833,48.632864475250244,-0.6719398776860257,-0.23951137387563046,-2.757937417253523,-0.0014140309557544987,0.00229653854832434,0,1,0.0,0.0,-37.27886621374637,-18.83789669140242,0.0,0.09999999999999999,0,0
1789007549.7765722,48.678603649139404,-0.6718622915352644,-0.2394791083780566,-2.757896742292381,-0.0015597806504270525,0.002293960550601658,0,1,0.0,0.0,-37.27886621374637,-18.83789669140242,0.0,0.09999999999999999,0,0
1789007549.7809315,48.6829628944397,-0.6718606689311757,-0.2394784482748196,-2.757888998180923,-0.0014142037537291348,0.0022558789246144547,0,1,0.0,0.0,-37.27886621374637,-18.83789669140242,0.0,0.09999999999999999,0,0
1789007549.830903,48.73293447494507,-0.6718463988586182,-0.2394725978888506,-2.757664817989691,0.0008740791678128143,0.0022472722312964245,0,1,0.0,0.0,-37.27886621374637,-18.83789669140242,0.0,0.09999999999999999,0,0
1789007549.8781154,48.7801468372345,-0.6718694247818326,-0.23948094353514426,-2.7573106587558165,0.0008418982830267404,0.002257696592097826,0,1,0.0,0.0,-37.27886621374637,-18.83789669140242,0.0,0.09999999999999999,0,0
1789007549.8808126,48.78284406661987,-0.6719582744293674,-0.23951672960536374,-2.757302532086897,0.004129820208711021,0.0022942530356012555,0,1,0.0,0.0,-37.27886621374637,-18.83789669140242,0.0,0.09999999999999999,0,0
1789007549.9308355,48.83286690711975,-0.6721778589227189,-0.23960551467878355,-2.756991549443059,0.0054309378644145905,0.002363530007871231,0,1,0.0,0.0,-37.27886621374637,-18.83789669140242,0.0,0.09999999999999999,0,0
1789007549.9793348,48.88136625289917,-0.6724113341884277,-0.2396991375270717,-2.7567384375007644,0.005607168861448231,0.002369430185241832,0,1,0.0,0.0,-37.27886621374637,-18.83789669140242,0.0,0.09999999999999999,0,0
1789007549.9808931,48.88292455673218,-0.6724268466236328,-0.23970540977286672,-2.75673054846192,0.005862619412388429,0.002439943549395481,0,1,0.0,0.0,-37.27886621374637,-18.83789669140242,0.0,0.09999999999999999,0,0
1789007550.030916,48.932947397232056,-0.6727017842216375,-0.2398168562766558,-2.7564654291739723,0.005992930076721875,0.002535962899414874,0,1,0.0,0.0,-37.27886621374637,-18.83789669140242,0.0,0.09999999999999999,0,0
1789007550.0808496,48.98288106918335,-0.672968727286516,-0.23992437739005212,-2.7560021631398732,0.006183431372583074,0.0025506472044116687,0,1,0.0,0.0,-37.27886621374637,-18.83789669140242,0.0,0.09999999999999999,0,0
1789007550.080874,48.98290538787842,-0.6729586838428239,-0.23992032310071232,-2.755994957736947,0.005818481951465001,0.002680442809469645,0,1,0.0,0.0,-37.27886621374637,-18.83789669140242,0.0,0.09999999999999999,0,0
1789007550.131649,49.03368043899536,-0.6732269229406435,-0.24002943663317344,-2.7555861240884854,0.005530092346247228,0.002838033267037165,0,1,0.0,0.0,-37.27886621374637,-18.83789669140242,0.0,0.09999999999999999,0,0
1789007550.1825213,49.08455276489258,-0.6734762629635486,-0.24013012437646486,-2.755140113161456,0.005683462924078334,0.0028510565273430354,0,1,0.0,0.0,-37.27886621374637,-18.83789669140242,0.0,0.09999999999999999,0,0
1789007550.2329414,49.13497281074524,-0.6737201070770872,-0.2402294412767676,-2.7548986885704405,0.0053642810153555764,0.0032008061390147303,0,1,0.0,0.0,-37.27886621374637,-18.83789669140242,0.0,0.09999999999999999,0,0
1789007550.2837174,49.1857488155365,-0.6739605172558664,-0.2403264900847014,-2.754685274507049,0.005494876937081016,0.003203056869684377,0,1,0.0,0.0,-37.27886621374637,-18.83789669140242,0.0,0.09999999999999999,0,0
1789007550.3343768,49.23640823364258,-0.674206162495637,-0.24042660831135576,-2.75449536628441,0.00533288103309756,0.003407794736573018,0,1,0.0,0.0,-37.27886621374637,-18.83789669140242,0.0,0.09999999999999999,0,0
1789007550.3852823,49.28731369972229,-0.6744447480678832,-0.24052304350138917,-2.7542596153837215,0.005441713497939754,0.003465906795124043,0,1,0.0,0.0,-37.27886621374637,-18.83789669140242,0.0,0.09999999999999999,0,0
1789007550.4357936,49.33782505989075,-0.6747136974625104,-0.24063279166932733,-2.7540291038115954,0.0058244732664303545,0.003616792357681461,0,1,0.0,0.0,-37.27886621374637,-18.83789669140242,0.0,0.09999999999999999,0,0
1789007550.4864607,49.38849210739136,-0.6749757945341972,-0.24073911925637553,-2.7536302305989118,0.005968547915518481,0.003673471950236065,0,1,0.0,0.0,-37.27886621374637,-18.83789669140242,0.0,0.09999999999999999,0,0
1789007550.5373545,49.43938589096069,-0.6752554330129926,-0.24085367006230138,-2.753196653291279,0.0059761096391103,0.00383469610882453,0,1,0.0,0.0,-37.27886621374637,-18.83789669140242,0.0,0.09999999999999999,0,0
1789007550.5509832,49.453014612197876,-0.6753156771214971,-0.24087744082620063,-2.753138897029072,0.0060043293314336835,0.003932888675424843,0,1,0.0,0.0,-37.27886621374637,-18.83789669140242,0.0,0.09999999999999999,0,0
1789007550.5878823,49.48991370201111,-0.6755192611849576,-0.24096083686829156,-2.7529211300817793,0.0059882569535263915,0.004046707870553453,0,1,0.0,0.0,-37.27886621374637,-18.83789669140242,0.0,0.09999999999999999,0,0
1789007550.6387074,49.54073882102966,-0.6758124576365764,-0.24108091261205772,-2.7526915306463073,0.006396550400759058,0.004123293890764472,0,1,0.0,0.0,-37.27886621374637,-18.83789669140242,0.0,0.09999999999999999,0,0
1789007550.6462746,49.54830598831177,-0.6758427938212512,-0.24109246957058605,-2.7526569400973195,0.006442607043571905,0.004182391016659843,0,1,0.0,0.0,-37.27886621374637,-18.83789669140242,0.0,0.09999999999999999,0,0
1789007550.68936,49.59139132499695,-0.6761127841315482,-0.24120332804086855,-2.7522615524040135,0.006983490712849637,0.004289812299434012,0,1,0.0,0.0,-37.27886621374637,-18.83789669140242,0.011677313550080726,0.06997262229979241,0,0
1789007550.740693,49.64272451400757,-0.6764507758196744,-0.24134227263598368,-2.7518198801566727,0.007224777845357551,0.0043639799116754726,0,1,0.0,0.0,-37.27886621374637,-18.83789669140242,0.023339786750011624,0.06534013864273827,0,0
1789007550.7420108,49.64404225349426,-0.6764444868312051,-0.24133882907320078,-2.7518096185395398,0.007240935370064136,0.0044678345520585,0,1,0.0,0.0,-37.27886621374637,-18.83789669140242,0.035000647150127406,0.06534013864273827,0,0
1789007550.7913408,49.69337224960327,-0.6767765018041638,-0.24147544264013007,-2.7514095632018725,0.007312698738728892,0.004608448035970246,0,1,0.0,0.0,-37.27886621374637,-18.83789669140242,0.046675171549941295,0.06534013864273827,0,0
1789007550.8420935,49.74412488937378,-0.6771185259792969,-0.24161627032963487,-2.751064971372704,0.007323807047692542,0.004701237628689982,0,1,0.0,0.0,-37.27886621374637,-18.83789669140242,0.05,0.06534013864273827,0,0
1789007550.847069,49.74910044670105,-0.6767658809725652,-0.24145002425356454,-2.7510370745263732,0.007329810660251325,0.004785378627450069,0,1,0.0,0.0,-37.27886621374637,-18.83789669140242,0.05,0.06534013864273827,0,0
1789007550.8928847,49.7949161529541,-0.6770456308204783,-0.24156536158556496,-2.750771605048371,0.0061315383014819745,0.0048847651399423694,0,1,0.0,0.0,-37.27886621374637,-18.83789669140242,0.05,0.06584905753533045,0,0
1789007550.9437885,49.84581995010376,-0.6772680513480003,-0.24165713528444824,-2.7505450262747515,0.004309777588941124,0.004949461949194374,0,1,0.0,0.0,-37.27886621374637,-18.83789669140242,0.05,0.06584905753533045,0,0
1789007550.9490652,49.851096630096436,-0.6768980196422757,-0.24148384805112394,-2.7505158332376216,0.004124739044943698,0.005014811388193014,0,1,0.0,0.0,-37.27886621374637,-18.83789669140242,0.05,0.06584905753533045,0,0
1789007550.9942396,49.896270990371704,-0.6770552524347602,-0.2415489504308072,-2.7500896406451765,0.0035430976386150205,0.005123731250851035,0,1,0.0,0.0,-37.27886621374637,-18.83789669140242,0.05,0.06584905753533045,0,0
1789007551.0448954,49.9469268321991,-0.6772129144919721,-0.24161418742999666,-2.7497065980060102,0.0033053202665239323,0.005194014964239577,0,1,0.0,0.0,-37.27886621374637,-18.83789669140242,0.05,0.06584905753533045,0,0
1789007551.0455837,49.94761514663696,-0.6768289581754412,-0.24143524036584998,-2.7496994253557263,0.003273767932217147,0.005266063046916528,0,1,0.0,0.0,-37.27886621374637,-18.83789669140242,0.05,0.06627511479581398,0,0
1789007551.0966742,49.99870562553406,-0.6769979670523445,-0.2415053783739059,-2.749096023144762,0.0036607098127351074,0.005443523351225722,0,1,0.0,0.0,-37.27886621374637,-18.83789669140242,0.05,0.06627511479581398,0,0
1789007551.147168,50.04919934272766,-0.6772868185917557,-0.24162474417057872,-2.7487454221374357,0.006848691507214909,0.005533004998758654,0,1,0.0,0.0,-37.27886621374637,-18.83789669140242,0.05,0.06627511479581398,0,0
1789007551.1494567,50.051488161087036,-0.6769241726124868,-0.24145467947455618,-2.74872884976151,0.00720302295978732,0.005616696005584213,0,1,0.0,0.0,-37.27886621374637,-18.83789669140242,0.05,0.06627511479581398,0,0
1789007551.1977775,50.09980893135071,-0.6773994708254254,-0.24165138421729784,-2.7483732332427535,0.011414821610324881,0.005753516023706188,0,1,0.0,0.0,-37.27886621374637,-18.83789669140242,0.05,0.06627511479581398,0,0
1789007551.2484386,50.15047001838684,-0.67797891518802,-0.24189171522337538,-2.7480702450573533,0.012739162679513704,0.005808192329503356,0,1,0.0,0.0,-37.27886621374637,-18.83789669140242,0.05,0.05012373121455314,0,0
1789007551.2524137,50.1544451713562,-0.6776422196421158,-0.2417325525043852,-2.7480445089965935,0.012914604067697498,0.00586149160719947,0,1,0.0,0.0,-37.27886621374637,-18.83789669140242,0.05,0.05012373121455314,0,0
1789007551.2996342,50.20166563987732,-0.6782147285797131,-0.24197115883644768,-2.747268691573955,0.013339849388835713,0.006046716171115855,0,1,0.0,0.0,-37.27886621374637,-18.83789669140242,0.05,0.05012373121455314,0,0
1789007551.3502927,50.25232410430908,-0.6788528705611396,-0.2422369827706486,-2.7468329336628905,0.013864381135364735,0.006149703209524225,0,1,0.0,0.0,-37.27886621374637,-18.83789669140242,0.05,0.05012373121455314,0,0
1789007551.4009516,50.302983045578,-0.6792269095816507,-0.2423748292044337,-2.7460698380962496,0.017049468942152382,0.006478598890146923,0,1,0.0,0.0,-37.27886621374637,-18.83789669140242,0.05,0.06728336275244753,0,0
1789007551.4518678,50.353899240493774,-0.6801493572583692,-0.24276123453125786,-2.7451617845894476,0.020273834745107133,0.006593096169627195,0,1,0.0,0.0,-37.27886621374637,-18.83789669140242,0.05,0.06728336275244753,0,0
1789007551.5023634,50.40439486503601,-0.6807625624269509,-0.24300058412835926,-2.744605489697759,0.02189923978996914,0.007121942139040703,0,1,0.0,0.0,-37.27886621374637,-18.83789669140242,0.05,0.06728336275244753,0,0
1789007551.552987,50.455018520355225,-0.6817857448235154,-0.24343001405628942,-2.7441424917750616,0.022235059105122218,0.00724391032469855,0,1,0.0,0.0,-37.27886621374637,-18.83789669140242,0.05,0.06728336275244753,0,0
1789007551.6035976,50.50562906265259,-0.6825341889780836,-0.24372693853777772,-2.743695393637862,0.025291202220954104,0.007564510574476358,0,1,0.0,0.0,-37.27886621374637,-18.83789669140242,0.05386438123881814,0.04781636983777087,0,0
1789007551.6309052,50.532936573028564,-0.6832309313436512,-0.24401947419934356,-2.743484976629219,0.02823430949984087,0.00763857235025532,0,1,0.0,0.0,-37.27886621374637,-18.83789669140242,0.05386438123881814,0.04781636983777087,0,0
1789007551.6544094,50.55644083023071,-0.6834565119049683,-0.24409847808770488,-2.7430306446879817,0.02917713412752189,0.007816353260014553,0,1,0.0,0.0,-37.27886621374637,-18.83789669140242,0.05386438123881814,0.04781636983777087,0,0
1789007551.7048206,50.60685205459595,-0.6848331125173964,-0.24467920370747726,-2.742428737728572,0.03016317912762474,0.008023451875880069,0,1,0.0,0.0,-37.27886621374637,-18.83789669140242,0.05386438123881814,0.04781636983777087,0,0
1789007551.7308342,50.63286566734314,-0.6855476662564343,-0.24498069923434193,-2.742215807122227,0.02998885641490514,0.00811296793153703,0,1,0.0,0.0,-37.27886621374637,-18.83789669140242,0.05,0.05545527533938489,0,0
1789007551.7553854,50.65741682052612,-0.6858208113097158,-0.24508021422260812,-2.741918195700016,0.030441074167772728,0.008219913778307742,0,1,0.0,0.0,-37.27886621374637,-18.83789669140242,0.05,0.05545527533938489,0,0
1789007551.8059597,50.70799112319946,-0.6872211528196411,-0.24567335971817492,-2.7412352900496986,0.030479956516398732,0.00841981666097738,0,1,0.0,0.0,-37.27886621374637,-18.83789669140242,0.05,0.05545527533938489,0,0
1789007551.8308835,50.73291492462158,-0.6879367937751658,-0.24597616002930317,-2.7410211181180433,0.031430360307409456,0.008504399570514038,0,1,0.0,0.0,-37.27886621374637,-18.83789669140242,0.05,0.05545527533938489,0,0
1789007551.8569233,50.758954763412476,-0.688282331965851,-0.24610814644622006,-2.7405698753252663,0.03204949300015896,0.008659804240009257,0,1,0.0,0.0,-37.27886621374637,-18.83789669140242,0.05,0.05545527533938489,0,0
1789007551.9074788,50.809510231018066,-0.6898257611047652,-0.24676270552884044,-2.7401112437060053,0.03371978193660642,0.008867359373376852,0,1,0.0,0.0,-37.27886621374637,-18.83789669140242,0.061668543600035264,0.05302345201373102,0,0
1789007551.9308546,50.83288598060608,-0.6905389132362444,-0.24706558073255896,-2.7399003747751514,0.03335688112777573,0.008939238789643538,0,1,0.0,0.0,-37.27886621374637,-18.83789669140242,0.06833016201853753,0.05302345201373102,0,0
1789007551.9580302,50.86006164550781,-0.6909534740468973,-0.2472262901394859,-2.7397317610646703,0.03380578668026561,0.009001975359499193,0,1,0.0,0.0,-37.27886621374637,-18.83789669140242,0.06833016201853753,0.05302345201373102,0,0
1789007552.0088294,50.910860776901245,-0.6925121817352626,-0.2478883931046447,-2.7393756726023595,0.03376741013340081,0.009097529873518969,0,1,0.0,0.0,-37.27886621374637,-18.83789669140242,0.06833016201853753,0.05302345201373102,0,0
1789007552.0308347,50.93286609649658,-0.6931822480289483,-0.24817355712321765,-2.7391738204285168,0.033318013255720764,0.009133539801542962,0,1,0.0,0.0,-37.27886621374637,-18.83789669140242,0.06833016201853753,0.05302345201373102,0,0
1789007552.059263,50.961294412612915,-0.6936250069256876,-0.24834841373655533,-2.7387720309230095,0.03370709243147204,0.00919920948487495,0,1,0.0,0.0,-37.27886621374637,-18.83789669140242,0.062026995637200086,0.050326470906535796,0,0
1789007552.109854,51.01188540458679,-0.695132050216566,-0.24899126586130613,-2.738266249417206,0.032734525615800696,0.009295253736700948,0,1,0.0,0.0,-37.27886621374637,-18.83789669140242,0.062026995637200086,0.050326470906535796,0,0
1789007552.1308818,51.03291320800781,-0.6957196694797946,-0.2492423347300361,-2.738068954261141,0.030729505584128607,0.009331203107170616,0,1,0.0,0.0,-37.27886621374637,-18.83789669140242,0.062026995637200086,0.050326470906535796,0,0
1789007552.1605477,51.06257915496826,-0.6961145371201531,-0.2493967128058833,-2.737852003386442,0.0307426874975499,0.009362687163318707,0,1,0.0,0.0,-37.27886621374637,-18.83789669140242,0.062026995637200086,0.050326470906535796,0,0
1789007552.2116265,51.11365795135498,-0.6974810031639347,-0.24997884626714928,-2.7376952470812674,0.02931408044712737,0.009364409669521843,0,1,0.0,0.0,-37.27886621374637,-18.83789669140242,0.062026995637200086,0.050326470906535796,0,0
1789007552.2308598,51.1328911781311,-0.6979837765545502,-0.25019383843390225,-2.7375155348010383,0.028676763015885853,0.009355712046684757,0,1,0.0,0.0,-37.27886621374637,-18.83789669140242,0.062026995637200086,0.050326470906535796,0,0
1789007552.262238,51.16426944732666,-0.6983642977056321,-0.2503422418314846,-2.737352209749538,0.02879844144911231,0.009330495890816555,0,1,0.0,0.0,-37.27886621374637,-18.83789669140242,0.07331801295280455,0.02746687342723212,0,0
1789007552.313032,51.21506333351135,-0.699691855265723,-0.2509091991176918,-2.73708053604511,0.028616498167656906,0.009271964977315394,0,1,0.0,0.0,-37.27886621374637,-18.83789669140242,0.07331801295280455,0.02746687342723212,0,0
1789007552.3308873,51.23291873931885,-0.7001431666098167,-0.25110253609434735,-2.7369162788865524,0.027818682673863754,0.009246114231579245,0,1,0.0,0.0,-37.27886621374637,-18.83789669140242,0.07331801295280455,0.02746687342723212,0,0
1789007552.3638706,51.265902042388916,-0.7005324142048743,-0.2512544236079466,-2.736896283631666,0.027857350571011342,0.00916908705056932,0,1,0.0,0.0,-37.27886621374637,-18.83789669140242,0.07331801295280455,0.02746687342723212,0,0
1789007552.4143574,51.316388845443726,-0.7018271125023438,-0.2518085588748802,-2.7365402368111607,0.028093373645684556,0.009121401804065746,0,1,0.0,0.0,-37.27886621374637,-18.83789669140242,0.07331801295280455,0.02746687342723212,0,0
1789007552.430863,51.33289432525635,-0.7022739941015261,-0.252000074912573,-2.736392877338908,0.02896065778246652,0.00905871419942818,0,1,0.0,0.0,-37.27886621374637,-18.83789669140242,0.05165035655235441,0.014364409372210512,0,0
1789007552.4650216,51.36705303192139,-0.7027292570879518,-0.2521815665621201,-2.736261418798293,0.02925632258135484,0.008975757512921052,0,1,0.0,0.0,-37.27886621374637,-18.83789669140242,0.05,0.014364409372210512,0,0
1789007552.5156593,51.41769075393677,-0.704102644809039,-0.2527693782753794,-2.7360875129296325,0.029694545916406818,0.008922057800989527,0,1,0.0,0.0,-37.27886621374637,-18.83789669140242,0.05,0.014364409372210512,0,0
1789007552.530904,51.4329354763031,-0.7045130497623632,-0.2529455936555155,-2.735956750406632,0.029568853904444227,0.008827625818687438,0,1,0.0,0.0,-37.27886621374637,-18.83789669140242,0.05,0.014364409372210512,0,0
1789007552.566549,51.46858048439026,-0.7050202478477594,-0.25314777849624215,-2.7361750244499388,0.02978363185614182,0.008623503851695663,0,1,0.0,0.0,-37.27886621374637,-18.83789669140242,0.05,0.014364409372210512,0,0
1789007552.6171446,51.51917600631714,-0.7064422816639114,-0.253756624798912,-2.7360115425719855,0.030668281412520856,0.008508731151290284,0,1,0.0,0.0,-37.27886621374637,-18.83789669140242,0.061667547149909296,0.014169086813926708,0,0
1789007552.630832,51.53286337852478,-0.7068025829066913,-0.25391144635290724,-2.735903341348998,0.029750397009740075,0.008353352230469452,0,1,0.0,0.0,-37.27886621374637,-18.83789669140242,0.0678573501855135,0.014169086813926708,0,0
1789007552.66779,51.56982135772705,-0.7073422318442569,-0.2541290606537691,-2.735909472573352,0.029878945383472175,0.008164661881628817,0,1,0.0,0.0,-37.27886621374637,-18.83789669140242,0.0678573501855135,0.014169086813926708,0,0
1789007552.7193053,51.621336698532104,-0.708636003091967,-0.2546835907028362,-2.735745964177502,0.028003066169320644,0.008055260550582819,0,1,0.0,0.0,-37.27886621374637,-18.83789669140242,0.0678573501855135,0.014169086813926708,0,0
1789007552.7309027,51.63293409347534,-0.7089007916157489,-0.2547975093602638,-2.735661019619279,0.0266770399609259,0.007901010025975286,0,1,0.0,0.0,-37.27886621374637,-18.83789669140242,0.0678573501855135,0.014169086813926708,0,0
1789007552.7701914,51.67222285270691,-0.7093832674766256,-0.25499004875713227,-2.7358138335661994,0.026603297790907025,0.007638846808921084,0,1,0.0,0.0,-37.27886621374637,-18.83789669140242,0.0678573501855135,0.014169086813926708,0,0
1789007552.7808337,51.682865142822266,-0.7096365475893415,-0.25509889841193983,-2.735739237724919,0.026355526435399398,0.007502705003794056,0,1,0.0,0.0,-37.27886621374637,-18.83789669140242,0.05,0.010290170746545006,0,0
1789007552.8308315,51.73286294937134,-0.7108348021508196,-0.25561263387474786,-2.7355923313404293,0.025821919960436847,0.007313272947849519,0,1,0.0,0.0,-37.27886621374637,-18.83789669140242,0.05,0.010290170746545006,0,0
1789007552.8712747,51.773306131362915,-0.7113089258675807,-0.25580296467159364,-2.735563503318545,0.025761455722091414,0.007102758352062685,0,1,0.0,0.0,-37.27886621374637,-18.83789669140242,0.05,0.010290170746545006,0,0
1789007552.8808339,51.78286528587341,-0.7115665704803935,-0.25591362575509746,-2.7355017825437167,0.027061049914021546,0.006991036353092044,0,1,0.0,0.0,-37.27886621374637,-18.83789669140242,0.05,0.010290170746545006,0,0
1789007552.9308507,51.83288216590881,-0.7128779095209935,-0.2564756709631474,-2.7354476838329336,0.029952989012775637,0.006770303469945898,0,1,0.0,0.0,-37.27886621374637,-18.83789669140242,0.05,0.010290170746545006,0,0
1789007552.9726796,51.87471103668213,-0.7135494914581206,-0.2567519949394472,-2.7352796148859646,0.03042853861182631,0.006570510110648602,0,1,0.0,0.0,-37.27886621374637,-18.83789669140242,0.06163913205023164,0.01263884698972107,0,0
1789007552.9808147,51.88284611701965,-0.7137905300591888,-0.2568556638101696,-2.7352318169798893,0.03101002135877279,0.0064643567376838455,0,1,0.0,0.0,-37.27886621374637,-18.83789669140242,0.06660329826176167,0.01263884698972107,0,0
1789007553.0309145,51.93294596672058,-0.715227581451548,-0.2574732192735647,-2.735064571117715,0.03143161534346267,0.006313646630878385,0,1,0.0,0.0,-37.27886621374637,-18.83789669140242,0.06660329826176167,0.01263884698972107,0,0
1789007553.0738811,51.97591257095337,-0.7159773449478211,-0.2577832841581515,-2.734987399964217,0.03172446450237494,0.006141785754161312,0,1,0.0,0.0,-37.27886621374637,-18.83789669140242,0.06660329826176167,0.01263884698972107,0,0
1789007553.0809054,51.98293685913086,-0.71619966225496,-0.2578789627027357,-2.7349491764792195,0.03246350024521586,0.006052407164128095,0,1,0.0,0.0,-37.27886621374637,-18.83789669140242,0.06660329826176167,0.01263884698972107,0,0
1789007553.1308346,52.03286600112915,-0.7177566361232481,-0.25854752038130285,-2.734941674356485,0.03552066682745976,0.0058545976631935465,0,1,0.0,0.0,-37.27886621374637,-18.83789669140242,0.06706105075776579,0.011991036236286171,0,0
1789007553.1752732,52.07730460166931,-0.7187112279075615,-0.2589467814668228,-2.7347396744022987,0.035972176295949745,0.0058525556593919045,0,1,0.0,0.0,-37.27886621374637,-18.83789669140242,0.06706105075776579,0.011991036236286171,0,0
1789007553.1808348,52.082866191864014,-0.718958141351931,-0.2590530205085249,-2.7347165467406014,0.038194283396656856,0.005674834081779006,0,1,0.0,0.0,-37.27886621374637,-18.83789669140242,0.06706105075776579,0.011991036236286171,0,0
1789007553.230904,52.132935523986816,-0.7207376993604521,-0.2598192131675126,-2.734543730593047,0.039205281370878926,0.005503096430672663,0,1,0.0,0.0,-37.27886621374637,-18.83789669140242,0.06706105075776579,0.011991036236286171,0,0
1789007553.2767913,52.1788227558136,-0.7218880294997304,-0.2603030330516959,-2.734429106853928,0.039785488412107925,0.005497543407498377,0,1,0.0,0.0,-37.27886621374637,-18.83789669140242,0.06706105075776579,0.011991036236286171,0,0
1789007553.2808847,52.18291616439819,-0.7220283548979579,-0.26036357428145857,-2.734416383297437,0.03952285965266076,0.00533309931516025,0,1,0.0,0.0,-37.27886621374637,-18.83789669140242,0.05,-0.018007367763784705,0,0
1789007553.3309035,52.23293495178223,-0.7238647464504615,-0.26115416327152335,-2.734354711369975,0.04043554240409984,0.005120407861839178,0,1,0.0,0.0,-37.27886621374637,-18.83789669140242,0.05,-0.035614259696255125,0,0
1789007553.3782394,52.28027081489563,-0.7251119399384656,-0.2616811802900652,-2.7341087410470606,0.04103300803105178,0.005120562812815722,0,1,0.0,0.0,-37.27886621374637,-18.83789669140242,0.05,-0.035614259696255125,0,0
1789007553.3808334,52.282864809036255,-0.7252380111987633,-0.26173553809219263,-2.734104315391373,0.04203951883619414,0.004965174198779785,0,1,0.0,0.0,-37.27886621374637,-18.83789669140242,0.05,-0.035614259696255125,0,0
1789007553.4308763,52.33290767669678,-0.7271929469880102,-0.26257906613095416,-2.7339053539770375,0.04308676821758357,0.004832018928847498,0,1,0.0,0.0,-37.27886621374637,-18.83789669140242,0.05,-0.035614259696255125,0,0
1789007553.4799633,52.38199472427368,-0.7286138457276936,-0.2631824428035066,-2.733614764165387,0.043770058012654475,0.00483428758278752,0,1,0.0,0.0,-37.27886621374637,-18.83789669140242,0.05,-0.035614259696255125,0,0
1789007553.4809096,52.382941007614136,-0.7286436493724033,-0.2631953606986443,-2.7336160403460994,0.043455651601167794,0.004715311143023565,0,1,0.0,0.0,-37.27886621374637,-18.83789669140242,0.05,-0.03616912305975953,0,0
1789007553.530834,52.432865381240845,-0.730638991751892,-0.26405848910577084,-2.7333030370386044,0.0435569022842134,0.0046422733435195545,0,1,0.0,0.0,-37.27886621374637,-18.83789669140242,0.05,-0.03616912305975953,0,0
1789007553.5810864,52.4831178188324,-0.7321204404249626,-0.2646881203110856,-2.733195871760109,0.04421249833631976,0.004636791801582807,0,1,0.0,0.0,-37.27886621374637,-18.83789669140242,0.05,-0.03616912305975953,0,0
1789007553.6316874,52.5337188243866,-0.7343051292599226,-0.2656321694497294,-2.7331253711080903,0.04619531534173214,0.004445900077931298,0,1,0.0,0.0,-37.27886621374637,-18.83789669140242,0.05,-0.03616912305975953,0,0
1789007553.6833549,52.58538627624512,-0.7359614019341555,-0.2663341913307346,-2.733446479672981,0.046931712571668366,0.0044224813052509615,0,1,0.0,0.0,-37.27886621374637,-18.83789669140242,0.05,-0.03683464756856362,0,0
1789007553.733978,52.63600945472717,-0.7378554928109646,-0.2671503348999937,-2.733638101957434,0.04212340534823847,0.003967093902941824,0,1,0.0,0.0,-37.27886621374637,-18.83789669140242,0.05,-0.03683464756856362,0,0
1789007553.7847202,52.6867516040802,-0.7392656017483731,-0.26774653463820913,-2.7337793084024598,0.04258400267107483,0.003952262387892122,0,1,0.0,0.0,-37.27886621374637,-18.83789669140242,0.05,-0.03683464756856362,0,0
1789007553.8357534,52.73778486251831,-0.7411619341562697,-0.2685614138608529,-2.734149714775464,0.04048665144491149,0.0035548859547353553,0,1,0.0,0.0,-37.27886621374637,-18.83789669140242,0.05,-0.04702987466628353,0,0
1789007553.8863978,52.788429260253906,-0.7424718983700936,-0.2691143869998243,-2.7342023325998865,0.04069680290602189,0.0033340916557813905,0,1,0.0,0.0,-37.27886621374637,-18.83789669140242,0.05,-0.04702987466628353,0,0
1789007553.9370563,52.83908772468567,-0.744223242488636,-0.26986859149630704,-2.7342777781550778,0.038329430229172526,0.0029150603238359786,0,1,0.0,0.0,-37.27886621374637,-18.83789669140242,0.05,-0.04702987466628353,0,0
1789007553.9463203,52.84835171699524,-0.743965442653047,-0.26974660515672105,-2.7342597651405995,0.03828871834953214,0.002765412209736892,0,1,0.0,0.0,-37.27886621374637,-18.83789669140242,0.05,-0.04702987466628353,0,0
1789007553.9876266,52.889657974243164,-0.7454123974587811,-0.27036865087059575,-2.734442417078942,0.038095658594425895,0.0025452770675023282,0,1,0.0,0.0,-37.27886621374637,-18.83789669140242,0.06168188279998504,-0.0477144042092065,0,0
1789007554.038594,52.94062542915344,-0.747193967034269,-0.27113351682871756,-2.7347547250296476,0.03804437686742899,0.002389228381631547,0,1,0.0,0.0,-37.27886621374637,-18.83789669140242,0.07333582159976687,-0.0477144042092065,0,0
1789007554.043912,52.9459433555603,-0.7467891081803124,-0.2709480585022959,-2.7347520696131964,0.0380296341716513,0.0021782547171586824,0,1,0.0,0.0,-37.27886621374637,-18.83789669140242,0.08258400201797483,-0.0477144042092065,0,0
1789007554.0891528,52.99118423461914,-0.7483784907607935,-0.271630816607017,-2.7349365530085943,0.03840722856008294,0.0019077350739378311,0,1,0.0,0.0,-37.27886621374637,-18.83789669140242,0.08258400201797483,-0.0477144042092065,0,0
1789007554.1398292,53.041860580444336,-0.750177915896031,-0.27240387026812485,-2.735099751888956,0.0388128640724151,0.0017242320434049077,0,1,0.0,0.0,-37.27886621374637,-18.83789669140242,0.08258400201797483,-0.0477144042092065,0,0
1789007554.147437,53.04946851730347,-0.7498506204335935,-0.2722517640377799,-2.735096183350172,0.03884709934086814,0.0015555795214531542,0,1,0.0,0.0,-37.27886621374637,-18.83789669140242,0.06091243521749673,-0.045567921123777826,0,0
1789007554.1906714,53.092702865600586,-0.7513914512506662,-0.27291034138063436,-2.7356540976072954,0.03874823324165124,0.0012005677727380147,0,1,0.0,0.0,-37.27886621374637,-18.83789669140242,0.05,-0.045567921123777826,0,0
1789007554.2411072,53.14313864707947,-0.7531848496739666,-0.2736794292022893,-2.7358392065342336,0.038716730080268706,0.0009718649114707957,0,1,0.0,0.0,-37.27886621374637,-18.83789669140242,0.05,-0.045567921123777826,0,0
1789007554.2521198,53.15415120124817,-0.7529678776569109,-0.27357454485864885,-2.735839984629035,0.038720463313235795,0.0007749511731445049,0,1,0.0,0.0,-37.27886621374637,-18.83789669140242,0.05,-0.045567921123777826,0,0
1789007554.2917113,53.193742752075195,-0.7543747761672945,-0.2741769290740936,-2.736088038281657,0.038680217756863304,0.0005122074555503818,0,1,0.0,0.0,-37.27886621374637,-18.83789669140242,0.05,-0.045567921123777826,0,0
1789007554.342444,53.24447536468506,-0.7561701511826363,-0.27494594674331363,-2.7362991796456675,0.03848444785389569,0.000336119561664492,0,1,0.0,0.0,-37.27886621374637,-18.83789669140242,0.05,-0.045567921123777826,0,0
1789007554.3442016,53.246232986450195,-0.7556158611440462,-0.27469617993074813,-2.7363074099653613,0.03844178982202592,0.00016708659271153496,0,1,0.0,0.0,-37.27886621374637,-18.83789669140242,0.05,-0.015564390723896697,0,0
1789007554.393394,53.29542541503906,-0.757380764688836,-0.2754500068627069,-2.7367544145239058,0.03957055309085528,-0.0001584889430502839,0,1,0.0,0.0,-37.27886621374637,-18.83789669140242,0.05,0.014450832475928717,0,0
1789007554.4439754,53.346006870269775,-0.7592893477090594,-0.2762666839792472,-2.736931306480419,0.04157182279893219,-0.0003657324790807522,0,1,0.0,0.0,-37.27886621374637,-18.83789669140242,0.05,0.0327750944760525,0,0
1789007554.4945352,53.39656662940979,-0.7606292171574425,-0.2768281607440038,-2.736985604487951,0.04245241017849977,-0.0008035678445261854,0,1,0.0,0.0,-37.27886621374637,-18.83789669140242,0.05,0.06217887411747751,0,0
1789007554.5451324,53.447163820266724,-0.7626082244658127,-0.27767567418636113,-2.737025441704455,0.042680764486423606,-0.0009000140999942225,0,1,0.0,0.0,-37.27886621374637,-18.83789669140242,0.05,0.06217887411747751,0,0
1789007554.5464797,53.44851112365723,-0.762026963717112,-0.2774144120822845,-2.7370310641191606,0.04267966387006132,-0.0009924402228106927,0,1,0.0,0.0,-37.27886621374637,-18.83789669140242,0.05,0.06217887411747751,0,0
1789007554.5960064,53.498037815093994,-0.7638648717053843,-0.2782078689737149,-2.736291097827109,0.039801171564559375,-0.0010288096251837885,0,1,0.0,0.0,-37.27886621374637,-18.83789669140242,0.05,0.06217887411747751,0,0
1789007554.6464937,53.54852509498596,-0.7657847894976676,-0.27903402842784014,-2.736044274867132,0.04193202162817061,-0.0010058648821964023,0,1,0.0,0.0,-37.27886621374637,-18.83789669140242,0.05,0.06217887411747751,0,0
1789007554.697248,53.59927940368652,-0.7673542381176877,-0.2797051257833971,-2.7350118557636054,0.049351141914578976,-0.000738349869318613,0,1,0.0,0.0,-37.27886621374637,-18.83789669140242,0.061654174000159406,0.0608630988483007,0,0
1789007554.7480917,53.65012311935425,-0.7697307082264032,-0.2807465056596955,-2.732984459371098,0.051695324214407465,-0.0005629485872531452,0,1,0.0,0.0,-37.27886621374637,-18.83789669140242,0.07331983920007588,0.0608630988483007,0,0
1789007554.7985349,53.70056629180908,-0.7715003418474773,-0.28151286014304105,-2.731888989017032,0.0527196679031937,0.0006410309744013807,0,1,0.0,0.0,-37.27886621374637,-18.83789669140242,0.07950219078497452,0.0608630988483007,0,0
1789007554.8490846,53.751116037368774,-0.7740475222183242,-0.2826274290294467,-2.7309376607026095,0.05578807775751879,0.0009796959809354475,0,1,0.0,0.0,-37.27886621374637,-18.83789669140242,0.07950219078497452,0.0608630988483007,0,0
1789007554.899641,53.80167245864868,-0.7761795685481921,-0.28355818692653534,-2.7297770221295234,0.06182768731422262,0.0021074687624377197,0,1,0.0,0.0,-37.27886621374637,-18.83789669140242,0.07032037657770246,0.06066080173167091,0,0
1789007554.9504673,53.85249876976013,-0.779157646144142,-0.2848672823656193,-2.7288810489995208,0.06486231105033324,0.0024383308953975927,0,1,0.0,0.0,-37.27886621374637,-18.83789669140242,0.07032037657770246,0.06066080173167091,0,0
1789007555.0009198,53.90295124053955,-0.7815167033707994,-0.28589329396213,-2.7287677002459647,0.06625801824787632,0.0035557670500320614,0,1,0.0,0.0,-37.27886621374637,-18.83789669140242,0.07032037657770246,0.06066080173167091,0,0
1789007555.0515249,53.953556299209595,-0.7845812460387218,-0.28723445989801577,-2.728686655635958,0.06656603204817643,0.0037745140753962427,0,1,0.0,0.0,-37.27886621374637,-18.83789669140242,0.07032037657770246,0.06066080173167091,0,0
1789007555.1021647,54.00419616699219,-0.7875952871089732,-0.288535357442852,-2.7294572411330345,0.0833857942627203,0.004107872040718533,0,1,0.0,0.0,-37.27886621374637,-18.83789669140242,0.058325104984370144,0.06264636260146897,0,0
1789007555.1529415,54.054972887039185,-0.7925948933830602,-0.2906986543664446,-2.730687022557885,0.11137047470579485,0.004086317785193987,0,1,0.0,0.0,-37.27886621374637,-18.83789669140242,0.058325104984370144,0.06264636260146897,0,0
1789007555.203393,54.10542440414429,-0.7979658006054658,-0.2930230851363103,-2.730970206416506,0.13464598894395072,0.003636629604832132,0,1,0.0,0.0,-37.27886621374637,-18.83789669140242,0.058325104984370144,0.06264636260146897,0,0
1789007555.2309067,54.13293814659119,-0.8014255680335589,-0.2945292814798357,-2.7308757058593627,0.1385207028251577,0.0035261244582355856,0,1,0.0,0.0,-37.27886621374637,-18.83789669140242,0.06998697338433058,0.06522243367197615,0,0
1789007555.2539847,54.1560161113739,-0.8049036687593287,-0.2959440977585304,-2.7312300868294095,0.14115784461828557,0.0033718647351047514,0,1,0.0,0.0,-37.27886621374637,-18.83789669140242,0.08165370258445445,0.06522243367197615,0,0
1789007555.3049645,54.20699596405029,-0.8114927023301725,-0.2988160082981256,-2.7308434655099574,0.14305106896387854,0.0032139324959323127,0,1,0.0,0.0,-37.27886621374637,-18.83789669140242,0.09332345613426778,0.06522243367197615,0,0
1789007555.3309124,54.23294377326965,-0.8147976504653872,-0.30025564739124355,-2.7307619897715045,0.1393910592281033,0.003172974932172693,0,1,0.0,0.0,-37.27886621374637,-18.83789669140242,0.10498656773445045,0.06522243367197615,0,0
1789007555.355488,54.257519483566284,-0.8184586740759849,-0.30175108108611426,-2.7306295966246403,0.14089315450982112,0.0031497693983170982,0,1,0.0,0.0,-37.27886621374637,-18.83789669140242,0.10625802069902417,0.06522243367197615,0,0
1789007555.406113,54.308144330978394,-0.8249871344618207,-0.3046057822313743,-2.7300825934143944,0.142618405224669,0.0031827887517153525,0,1,0.0,0.0,-37.27886621374637,-18.83789669140242,0.08591592864556746,0.05241965129350624,0,0
1789007555.430884,54.33291530609131,-0.8282755933382215,-0.30604088578430527,-2.7300022207987875,0.14586145045889037,0.0032124129790711787,0,1,0.0,0.0,-37.27886621374637,-18.83789669140242,0.08591592864556746,0.05241965129350624,0,0
1789007555.4572031,54.35923457145691,-0.8323399792426042,-0.3077125915085502,-2.72961921682107,0.14839473846839593,0.003288338671351444,0,1,0.0,0.0,-37.27886621374637,-18.83789669140242,0.08591592864556746,0.05241965129350624,0,0
1789007555.5080283,54.410059690475464,-0.8392440658942708,-0.3107451001899569,-2.7288864159421613,0.15031340110571803,0.003493695114939267,0,1,0.0,0.0,-37.27886621374637,-18.83789669140242,0.08591592864556746,0.05241965129350624,0,0
1789007555.5308874,54.43291878700256,-0.8423445850352678,-0.3121028596872412,-2.728801962349829,0.14892093316860144,0.0035926711467895956,0,1,0.0,0.0,-37.27886621374637,-18.83789669140242,0.08591592864556746,0.05241965129350624,0,0
1789007555.5585136,54.4605450630188,-0.8466448306219525,-0.31387043771034373,-2.728528331568613,0.15071639157194416,0.00371124736110184,0,1,0.0,0.0,-37.27886621374637,-18.83789669140242,0.09759700504548577,0.05154726583821079,0,0
1789007555.6094148,54.51144623756409,-0.8537281743639996,-0.3169779115528357,-2.7282388576485146,0.1538778233985597,0.003882002241185937,0,1,0.0,0.0,-37.27886621374637,-18.83789669140242,0.10925584944527558,0.05154726583821079,0,0
1789007555.6309183,54.532949686050415,-0.8567638147985146,-0.3183094495722445,-2.728152224251827,0.15493281779033374,0.00394350361868216,0,1,0.0,0.0,-37.27886621374637,-18.83789669140242,0.12092555784540722,0.05154726583821079,0,0
1789007555.6602697,54.56230115890503,-0.8614734791342678,-0.3202513604240028,-2.7278414476861106,0.1571620860137087,0.004057297205698532,0,1,0.0,0.0,-37.27886621374637,-18.83789669140242,0.13258770624527144,0.05154726583821079,0,0
1789007555.7106802,54.612711668014526,-0.8686471003930757,-0.3234049716904684,-2.7275242610989303,0.15722271627739334,0.004220091641944718,0,1,0.0,0.0,-37.27886621374637,-18.83789669140242,0.14425610459541033,0.05154726583821079,0,0
1789007555.730834,54.63286542892456,-0.8714955145207948,-0.3246569970491797,-2.727436296048096,0.15542200563924014,0.004278924331714159,0,1,0.0,0.0,-37.27886621374637,-18.83789669140242,0.0,0.0,0,0
1789007555.7613578,54.66338920593262,-0.8763734808372412,-0.3266627035849166,-2.7272536116838655,0.15702963764206726,0.004348597162867095,0,1,0.0,0.0,-37.27886621374637,-18.83789669140242,0.0,0.0,0,0
1789007555.8119688,54.71400022506714,-0.883559226428049,-0.3298336665114713,-2.726699994697164,0.15679871105329238,0.004501101378543778,0,1,0.0,0.0,-37.27886621374637,-18.83789669140242,0.0,0.0,0,0
1789007555.8308332,54.73286461830139,-0.8862615890009726,-0.3310240028424737,-2.7266116946236187,0.15722777912774957,0.0045672553306773354,0,1,0.0,0.0,-37.27886621374637,-18.83789669140242,0.0,0.0,0,0
1789007555.8628418,54.76487326622009,-0.8914075278227537,-0.33315807216037435,-2.7259175121266246,0.15910576346174918,0.004758592343258991,0,1,0.0,0.0,-37.27886621374637,-18.83789669140242,0.0,0.0,0,0
1789007555.9133635,54.81539487838745,-0.8989727047223331,-0.3365051498317677,-2.7254184798469416,0.16530021953158314,0.005033020033732735,0,1,0.0,0.0,-37.27886621374637,-18.83789669140242,0.011653098800070438,-0.010779908262193195,0,0
1789007555.930894,54.83292531967163,-0.9016624887637732,-0.33769387881058227,-2.725325361526464,0.16789681728839184,0.005132942779200053,0,1,0.0,0.0,-37.27886621374637,-18.83789669140242,0.02331964880017949,-0.010779908262193195,0,0
1789007555.9641428,54.86617422103882,-0.9073261745410985,-0.34004161865432514,-2.724988482469,0.17040580436851518,0.0052655966932427505,0,1,0.0,0.0,-37.27886621374637,-18.83789669140242,0.034985829200059014,-0.010779908262193195,0,0
1789007556.0147808,54.91681218147278,-0.915216734728973,-0.3435268521932556,-2.724929092409295,0.17216849160308134,0.005344549561755349,0,1,0.0,0.0,-37.27886621374637,-18.83789669140242,0.04665608640011669,-0.010779908262193195,0,0
1789007556.03088,54.93291139602661,-0.9176872455661899,-0.34462046039544425,-2.7248394614080254,0.17041213168695718,0.0054119259182456225,0,1,0.0,0.0,-37.27886621374637,-18.83789669140242,0.05834837435004374,-0.010779908262193195,0,0
1789007556.0657043,54.9677357673645,-0.9236717416631756,-0.34708451764273485,-2.725066295894733,0.17233497826868732,0.00541061358483907,0,1,0.0,0.0,-37.27886621374637,-18.83789669140242,0.06999272560015014,-0.010779908262193195,0,0
1789007556.1162171,55.018248558044434,-0.9308390239601889,-0.35024984136862286,-2.725007653656298,0.15945883603943864,0.005411431652301955,0,1,0.0,0.0,-37.27886621374637,-18.83789669140242,0.08165829035001479,0.019217258237458745,0,0
1789007556.1308308,55.032862186431885,-0.9318576970299554,-0.3507036629662409,-2.7249297136907167,0.11602557721080102,0.005389964487542546,0,1,0.0,0.0,-37.27886621374637,-18.83789669140242,0.0933222307500273,0.0375463074374784,0,0
1789007556.1670036,55.069035053253174,-0.9358237633068344,-0.35236381402732486,-2.7249743109405635,0.11147804636604025,0.005334042409054103,0,1,0.0,0.0,-37.27886621374637,-18.83789669140242,0.10499403354997411,0.05588771183739483,0,0
1789007556.2178311,55.11986255645752,-0.9393376322429455,-0.35388156166462853,-2.7260666790296026,0.08108597564067696,0.0052685723848393835,0,1,0.0,0.0,-37.27886621374637,-18.83789669140242,0.11665505075002328,0.06669968659679096,0,0
1789007556.2308617,55.132893085479736,-0.9399248548119742,-0.3541414284152297,-2.7260113702649074,0.06549761259262796,0.0049942416772896635,0,1,0.0,0.0,-37.27886621374637,-18.83789669140242,0.1283220487501694,0.06669968659679096,0,0
1789007556.2682989,55.170330286026,-0.9422856428150175,-0.35508461106971856,-2.7263004965686326,0.06117760389276296,0.004694123278582424,0,1,0.0,0.0,-37.27886621374637,-18.83789669140242,0.13999616995010908,0.06669968659679096,0,0
1789007556.318954,55.220985412597656,-0.9450542714795497,-0.35629588668344053,-2.7265176765073935,0.058491259831200335,0.004519485629893973,0,1,0.0,0.0,-37.27886621374637,-18.83789669140242,0.13233498394489288,0.03663691369682663,0,0
1789007556.3308342,55.23286557197571,-0.9456974555263223,-0.35657938540340267,-2.726476987284367,0.05834633510003587,0.0042819977000500475,0,1,0.0,0.0,-37.27886621374637,-18.83789669140242,0.13233498394489288,0.006308805496507083,0,0
1789007556.369562,55.27159333229065,-0.9478978376996305,-0.3574543025903568,-2.7267359433401994,0.055382087112765196,0.004004652263560698,0,1,0.0,0.0,-37.27886621374637,-18.83789669140242,0.13233498394489288,-0.00958938650786876,0,0
1789007556.380833,55.2828643321991,-0.948889068208988,-0.357890366618606,-2.7266993731250646,0.07220378558249747,0.0038551539070319795,0,1,0.0,0.0,-37.27886621374637,-18.83789669140242,0.13233498394489288,-0.00958938650786876,0,0
1789007556.4308326,55.3328640460968,-0.9528345195038983,-0.3596407435523014,-2.7258424905066474,0.09935707936583182,0.0037979003772651725,0,1,0.0,0.0,-37.27886621374637,-18.83789669140242,0.13233498394489288,-0.00958938650786876,0,0
1789007556.4709857,55.37301707267761,-0.9566974445668773,-0.3612773317427221,-2.7247269038388504,0.10140623797954745,0.0039293628839025905,0,1,0.0,0.0,-37.27886621374637,-18.83789669140242,0.11065890354485418,-0.003639210046579432,0,0
1789007556.4808342,55.38286566734314,-0.957790298042242,-0.36176075971187394,-2.724685266120726,0.10883843849756983,0.003983679465042365,0,1,0.0,0.0,-37.27886621374637,-18.83789669140242,0.08898989514510502,-0.003639210046579432,0,0
1789007556.5308936,55.43292498588562,-0.9628616065390397,-0.3640227248561924,-2.7236843629797995,0.1130439627335939,0.004185648651261325,0,1,0.0,0.0,-37.27886621374637,-18.83789669140242,0.06728777249469202,-0.003639210046579432,0,0
1789007556.5732439,55.47527527809143,-0.9673812442040463,-0.36595920465099696,-2.7227031419786067,0.11364322206907065,0.004457081855448033,0,1,0.0,0.0,-37.27886621374637,-18.83789669140242,0.05,-0.003639210046579432,0,0
1789007556.5808904,55.482921838760376,-0.9685552596483745,-0.3664805674298231,-2.722660245293592,0.12877739491403037,0.004639942293679807,0,1,0.0,0.0,-37.27886621374637,-18.83789669140242,0.05,-0.003639210046579432,0,0
1789007556.6308331,55.532864570617676,-0.9750053245307676,-0.3693534661611953,-2.722308326405289,0.1554978312153754,0.004842453758158201,0,1,0.0,0.0,-37.27886621374637,-18.83789669140242,0.06165583160013739,-0.0011448460817336946,0,0
1789007556.6753101,55.57734155654907,-0.9818910938496003,-0.37222875430942515,-2.722736078535764,0.1576585036380308,0.004819825178297387,0,1,0.0,0.0,-37.27886621374637,-18.83789669140242,0.0733261672000026,-0.0011448460817336946,0,0
1789007556.680833,55.58286452293396,-0.9828978609176869,-0.3726765030449361,-2.722706390322234,0.16552942911104987,0.004875577433057171,0,1,0.0,0.0,-37.27886621374637,-18.83789669140242,0.08499241480012643,-0.0011448460817336946,0,0
1789007556.7309308,55.632962226867676,-0.9905527568358804,-0.37606927515767563,-2.7230547875719195,0.16875540821040944,0.004796741101026922,0,1,0.0,0.0,-37.27886621374637,-18.83789669140242,0.08958422693339264,-0.0011448460817336946,0,0
1789007556.776743,55.67877435684204,-0.9981957557896842,-0.37926092328013294,-2.7235171397684383,0.17133741638221514,0.00476953261604618,0,1,0.0,0.0,-37.27886621374637,-18.83789669140242,0.08958422693339264,-0.0011448460817336946,0,0
1789007556.7808325,55.68286395072937,-0.99878302176913,-0.3795219440971344,-2.7235067417390337,0.1696840453580067,0.0045896005721831,0,1,0.0,0.0,-37.27886621374637,-18.83789669140242,0.08877739965915679,0.028865193118890613,0,0
1789007556.830915,55.73294639587402,-1.0064023466697982,-0.3829025766986872,-2.723459201498167,0.16261646207604388,0.004421674004482854,0,1,0.0,0.0,-37.27886621374637,-18.83789669140242,0.08877739965915679,0.04719735751848021,0,0
1789007556.8778415,55.77987289428711,-1.0139386777802712,-0.38606227009441,-2.7229351131922686,0.16473270289557423,0.004435172878910001,0,1,0.0,0.0,-37.27886621374637,-18.83789669140242,0.08877739965915679,0.06552783231893046,0,0
1789007556.8808386,55.782870054244995,-1.0140358612786564,-0.386106310319463,-2.722925387877982,0.15183784997617955,0.004374783202342536,0,1,0.0,0.0,-37.27886621374637,-18.83789669140242,0.08877739965915679,0.06630660886565844,0,0
1789007556.9309018,55.83293318748474,-1.0208817313616985,-0.3891597924733815,-2.7224821576602873,0.14703886865389154,0.004378010772950751,0,1,0.0,0.0,-37.27886621374637,-18.83789669140242,0.08877739965915679,0.06630660886565844,0,0
1789007556.9792755,55.881306886672974,-1.0279237525221907,-0.39209672817894003,-2.721976232456916,0.1483102412405345,0.004390484680739636,0,1,0.0,0.0,-37.27886621374637,-18.83789669140242,0.10043902165917643,0.06643619914228718,0,0
1789007556.9808908,55.88292217254639,-1.0280604605925177,-0.3921579018679629,-2.721966575949658,0.14534699453834918,0.00444127603345396,0,1,0.0,0.0,-37.27886621374637,-18.83789669140242,0.11211026445931566,0.06643619914228718,0,0
1789007557.0308352,55.93286657333374,-1.034680275609511,-0.39511416958982165,-2.7216442598743678,0.14477120609009023,0.004498969659248535,0,1,0.0,0.0,-37.27886621374637,-18.83789669140242,0.12376897445925351,0.06643619914228718,0,0
1789007557.080369,55.98240041732788,-1.0417741907688391,-0.39807671485373036,-2.7209308633966813,0.14584566350819897,0.0045198188619962835,0,1,0.0,0.0,-37.27886621374637,-18.83789669140242,0.13543768605942205,0.06643619914228718,0,0
1789007557.0808332,55.98286461830139,-1.0417253980934267,-0.3980552316307763,-2.720921520228673,0.14103431358795987,0.004648421384202128,0,1,0.0,0.0,-37.27886621374637,-18.83789669140242,0.1471085704592133,0.06643619914228718,0,0
1789007557.1311872,56.03321862220764,-1.048108262550924,-0.4009288718782217,-2.7200621243101977,0.13613311158489597,0.004908895885917408,0,1,0.0,0.0,-37.27886621374637,-18.83789669140242,0.0,0.0,0,0
1789007557.181701,56.08373236656189,-1.0549078361667872,-0.4037683929552529,-2.7190323738100766,0.13671398188089096,0.004943611119344911,0,1,0.0,0.0,-37.27886621374637,-18.83789669140242,0.0,0.0,0,0
1789007557.2323446,56.13437604904175,-1.061033034916617,-0.4065400433329605,-2.718101039772507,0.13380707484796953,0.005637822527701532,0,1,0.0,0.0,-37.27886621374637,-18.83789669140242,0.0,0.0,0,0
1789007557.2829726,56.185003995895386,-1.0677279613982598,-0.40934000239923674,-2.7168966995368176,0.1342239530903626,0.005678128269144676,0,1,0.0,0.0,-37.27886621374637,-18.83789669140242,0.0,0.0,0,0
1789007557.3337803,56.235811710357666,-1.074007169392212,-0.4122109001992728,-2.715367812124564,0.1393361859266799,0.006788148975022427,0,1,0.0,0.0,-37.27886621374637,-18.83789669140242,0.0,0.0,0,0
1789007557.3842196,56.286251068115234,-1.0809398728830348,-0.4151158763302397,-2.7146057437348814,0.13998063425244883,0.006806822455730429,0,1,0.0,0.0,-37.27886621374637,-18.83789669140242,0.0,0.0,0,0
1789007557.4348104,56.33684182167053,-1.087029358340546,-0.4178960494429304,-2.7138963156269713,0.12883908545306047,0.007684520457924226,0,1,0.0,0.0,-37.27886621374637,-18.83789669140242,0.011660479600004691,0.018323610800007373,0,0
1789007557.485471,56.38750243186951,-1.0934472889023186,-0.42055088712732497,-2.713712366700933,0.1281427541892187,0.007942208810032316,0,1,0.0,0.0,-37.27886621374637,-18.83789669140242,0.023328015200195295,0.036658309600306895,0,0
1789007557.5363855,56.438416957855225,-1.099098835010865,-0.4231167460578156,-2.7137365847269415,0.1232829823634034,0.008350403945112146,0,1,0.0,0.0,-37.27886621374637,-18.83789669140242,0.04666243680012486,0.06327694443364938,0,0
1789007557.545371,56.447402477264404,-1.1006297935560552,-0.42354047405758627,-2.713656228808065,0.12312137132934493,0.008455325686459323,0,1,0.0,0.0,-37.27886621374637,-18.83789669140242,0.05832652315002634,0.06327694443364938,0,0
1789007557.5870328,56.48906421661377,-1.1047583046328455,-0.42541771772826,-2.713633844253896,0.10144665423736056,0.008509624852601178,0,1,0.0,0.0,-37.27886621374637,-18.83789669140242,0.06999484275020224,0.058473489160339044,0,0
1789007557.6377187,56.53975009918213,-1.107801666111051,-0.4268041395591315,-2.713568527536073,0.043027295068835,0.008545017090039748,0,1,0.0,0.0,-37.27886621374637,-18.83789669140242,0.08166139274999297,0.058473489160339044,0,0
1789007557.6454773,56.54750871658325,-1.1081986841777014,-0.4268578509771388,-2.713502725461278,0.03775701939267297,0.008538245692576111,0,1,0.0,0.0,-37.27886621374637,-18.83789669140242,0.09332428034999794,0.058473489160339044,0,0
1789007557.688837,56.59086847305298,-1.108561008851828,-0.4270016675575657,-2.7144408877066475,-0.00823495970616367,0.008280681344419972,0,1,0.0,0.0,-37.27886621374637,-18.83789669140242,0.10499705755014475,0.058473489160339044,0,0
1789007557.7393162,56.64134764671326,-1.1076339064443346,-0.4265675504610767,-2.714927884655219,-0.028119513312419197,0.008111677398828437,0,1,0.0,0.0,-37.27886621374637,-18.83789669140242,0.11665858995015697,0.058473489160339044,0,0
1789007557.7465663,56.648597717285156,-1.107630139707087,-0.426438988686994,-2.7148812724529647,-0.03061303342870718,0.007890307236897771,0,1,0.0,0.0,-37.27886621374637,-18.83789669140242,0.1283325882999634,0.02845463626083681,0,0
1789007557.7899365,56.69196796417236,-1.106341670797265,-0.4258338033326871,-2.7165118755161206,-0.03537987188277808,0.0072902270828453545,0,1,0.0,0.0,-37.27886621374637,-18.83789669140242,0.13999733510004264,-0.001540426939366922,0,0
1789007557.840638,56.742669343948364,-1.1047141442962138,-0.425086392962928,-2.7178703061196186,-0.03718885369519819,0.006880724493222089,0,1,0.0,0.0,-37.27886621374637,-18.83789669140242,0.15167930750003508,-0.00987800748397906,0,0
1789007557.8423078,56.74433922767639,-1.104892958750993,-0.42504153040882875,-2.717884836655303,-0.03733345333135352,0.006379529431722259,0,1,0.0,0.0,-37.27886621374637,-18.83789669140242,0.16312137335538862,-0.00987800748397906,0,0
1789007557.8915,56.79353141784668,-1.1034101106007772,-0.4243657784872473,-2.7199155347645525,-0.02875785737344906,0.005286492379913141,0,1,0.0,0.0,-37.27886621374637,-18.83789669140242,0.16312137335538862,-0.00987800748397906,0,0
1789007557.9419463,56.84397768974304,-1.1026603213936785,-0.42402898383666704,-2.7204820124558475,-0.013035078180127715,0.004588160209858994,0,1,0.0,0.0,-37.27886621374637,-18.83789669140242,0.16312137335538862,-0.00987800748397906,0,0
1789007557.9926617,56.89469313621521,-1.102495562169771,-0.42383096746799,-2.721227319663337,-0.00691510271542592,0.003196602922716209,0,1,0.0,0.0,-37.27886621374637,-18.83789669140242,0.11979184230571262,0.03845472501575994,0,0
1789007558.0437086,56.94573998451233,-1.1023143844383756,-0.42375042123568624,-2.7223784142313603,-0.004289086096325914,0.002652933701357473,0,1,0.0,0.0,-37.27886621374637,-18.83789669140242,0.0981312163054008,0.05678294701602379,0,0
1789007558.0942538,56.99628520011902,-1.1028555941846152,-0.4238692633658221,-2.723438926306513,0.009390445152918907,0.0008118083142688694,0,1,0.0,0.0,-37.27886621374637,-18.83789669140242,0.0,0.0,0,0
1789007558.1451695,57.04720091819763,-1.1040644763450396,-0.4244075198867449,-2.7243567336585786,0.030877661070521343,0.00032829616547397193,0,1,0.0,0.0,-37.27886621374637,-18.83789669140242,0.0,0.0,0,0
1789007558.1454332,57.04746460914612,-1.1043599524740069,-0.42441615420367634,-2.72438107290284,0.033384241451999905,-0.00020017071978555617,0,1,0.0,0.0,-37.27886621374637,-18.83789669140242,0.0,0.0,0,0
1789007558.1957908,57.097822189331055,-1.1064352664978883,-0.42533473167049457,-2.7256100619516914,0.0487510755716889,-0.0011923920596308669,0,1,0.0,0.0,-37.27886621374637,-18.83789669140242,0.0,0.0,0,0
1789007558.246795,57.148826360702515,-1.1088859923716057,-0.4264114014914167,-2.7272773926301115,0.05323481410832146,-0.0016605112553231844,0,1,0.0,0.0,-37.27886621374637,-18.83789669140242,0.0,0.0,0,0
1789007558.2523055,57.15433692932129,-1.1093943282750587,-0.42651366869303536,-2.7273196526246246,0.05390723891551603,-0.0024161048458682527,0,1,0.0,0.0,-37.27886621374637,-18.83789669140242,0.0,0.0,0,0
1789007558.2973871,57.19941854476929,-1.1116935877676353,-0.42752366233128497,-2.727697881586171,0.055646989947435006,-0.003540004245912562,0,1,0.0,0.0,-37.27886621374637,-18.83789669140242,0.0,0.0,0,0
1789007558.3481555,57.250186920166016,-1.1139284905645248,-0.42850323601246937,-2.7280426113031258,0.045933942308012864,-0.003959374523490207,0,1,0.0,0.0,-37.27886621374637,-18.83789669140242,0.011658362800108079,0.009145141668462514,0,0
1789007558.3522234,57.25425481796265,-1.1142853516939084,-0.4285389902900551,-2.7280787586003035,0.04499356266279946,-0.00436444606147872,0,1,0.0,0.0,-37.27886621374637,-18.83789669140242,0.023326503199950818,0.009145141668462514,0,0
1789007558.398874,57.30090546607971,-1.1154239139887299,-0.42903585112335246,-2.7283662185298625,0.024020543843532808,-0.005091819321481046,0,1,0.0,0.0,-37.27886621374637,-18.83789669140242,0.03499915754996436,0.009145141668462514,0,0
1789007558.449334,57.35136532783508,-1.116094977186555,-0.429329062672904,-2.728609297740738,0.011671272080302735,-0.005403446118864205,0,1,0.0,0.0,-37.27886621374637,-18.83789669140242,0.04666093634991739,0.009145141668462514,0,0
1789007558.4999642,57.40199565887451,-1.116627482333165,-0.4294418789388585,-2.728935358686731,0.005932865020130897,-0.006128841295435535,0,1,0.0,0.0,-37.27886621374637,-18.83789669140242,0.05,0.009145141668462514,0,0
1789007558.5505667,57.452598094940186,-1.1168905749801474,-0.4295574628963025,-2.7291947066959543,0.004526683034310593,-0.0062969862954454624,0,1,0.0,0.0,-37.27886621374637,-18.83789669140242,0.06166075959990849,0.014793329195429888,0,0
1789007558.6015902,57.50362157821655,-1.1173497233081011,-0.42963841804902697,-2.7297346093773887,0.004722050214092888,-0.006846426493815193,0,1,0.0,0.0,-37.27886621374637,-18.83789669140242,0.0849926839499858,0.014793329195429888,0,0
1789007558.6521513,57.55418276786804,-1.117469931581327,-0.4296908130413852,-2.7300945734809874,0.001207660996970318,-0.0070216177822256445,0,1,0.0,0.0,-37.27886621374637,-18.83789669140242,0.09564698949456213,0.014793329195429888,0,0
1789007558.70282,57.604851484298706,-1.117537502484897,-0.42959961635158106,-2.7311425709545776,-0.004541816255536199,-0.007570873385378567,0,1,0.0,0.0,-37.27886621374637,-18.83789669140242,0.07398638429462151,0.015537825586895145,0,0
1789007558.753449,57.65548038482666,-1.1172974437689371,-0.4294946294542946,-2.7320126972797487,-0.006451436580815482,-0.0077536242173458485,0,1,0.0,0.0,-37.27886621374637,-18.83789669140242,0.0523175838944462,0.015537825586895145,0,0
1789007558.8043015,57.70633292198181,-1.1172207105152776,-0.4293432309089392,-2.732889408775115,-0.006918498689585663,-0.008497743721966624,0,1,0.0,0.0,-37.27886621374637,-18.83789669140242,0.05,0.015537825586895145,0,0
1789007558.830833,57.73286437988281,-1.1172007241835313,-0.42933567749869456,-2.7331252137951525,-0.0005840090611412595,-0.008719239543754097,0,1,0.0,0.0,-37.27886621374637,-18.83789669140242,0.05,0.015537825586895145,0,0
1789007558.8548594,57.75689077377319,-1.1173966789237408,-0.4293031907954522,-2.733421620427938,-0.0005985092072298858,-0.008943095625068832,0,1,0.0,0.0,-37.27886621374637,-18.83789669140242,0.05,0.017978382389992473,0,0
1789007558.9056005,57.807631969451904,-1.117974109697552,-0.4295550399633709,-2.733912218920514,0.013200260631888184,-0.009270413548633822,0,1,0.0,0.0,-37.27886621374637,-18.83789669140242,0.05,0.017978382389992473,0,0
1789007558.930882,57.832913398742676,-1.118477220923978,-0.4297736884889584,-2.734152783170363,0.022115856119838292,-0.009390158645363154,0,1,0.0,0.0,-37.27886621374637,-18.83789669140242,0.05,0.017978382389992473,0,0
1789007558.95639,57.858421325683594,-1.1192180151712814,-0.42997642969497774,-2.734673954600211,0.023211774273458288,-0.009614464135186466,0,1,0.0,0.0,-37.27886621374637,-18.83789669140242,0.05,0.017978382389992473,0,0
1789007559.006894,57.90892553329468,-1.120450192584356,-0.4305074061706207,-2.735411319766098,0.026672552277902706,-0.009958736977066927,0,1,0.0,0.0,-37.27886621374637,-18.83789669140242,0.05,0.017978382389992473,0,0
1789007559.0309408,57.93297219276428,-1.121062124721119,-0.4307707764372877,-2.7356573814005336,0.02760752524157881,-0.010089986137842531,0,1,0.0,0.0,-37.27886621374637,-18.83789669140242,0.05,0.017978382389992473,0,0
1789007559.0576732,57.959704637527466,-1.1219321565740052,-0.4310283556518789,-2.7360403111027063,0.027772217044378992,-0.010245601616097581,0,1,0.0,0.0,-37.27886621374637,-18.83789669140242,0.05,0.02294742728273073,0,0
1789007559.1082847,58.010316133499146,-1.1229767672839248,-0.4314752310491753,-2.7367748821482274,0.021956887257374543,-0.01050569125254879,0,1,0.0,0.0,-37.27886621374637,-18.83789669140242,0.05,0.02294742728273073,0,0
1789007559.1308334,58.032864809036255,-1.123290301293191,-0.43160855825507605,-2.7370171291539167,0.015056558324371099,-0.010608995594110755,0,1,0.0,0.0,-37.27886621374637,-18.83789669140242,0.05,0.02294742728273073,0,0
1789007559.1592336,58.061264991760254,-1.1238351741445276,-0.43172637538512076,-2.73731405325224,0.013628260812980091,-0.010759424320364891,0,1,0.0,0.0,-37.27886621374637,-18.83789669140242,0.05,0.02294742728273073,0,0
1789007559.2097702,58.111801624298096,-1.1243587689101537,-0.43195056196546394,-2.737707540701133,0.010686180560996517,-0.010940332104244017,0,1,0.0,0.0,-37.27886621374637,-18.83789669140242,0.0,0.0,0,0
1789007559.230835,58.13286638259888,-1.1245647221416442,-0.4320386113574591,-2.7379407961047275,0.010360978619742995,-0.010996681020005753,0,1,0.0,0.0,-37.27886621374637,-18.83789669140242,0.0,0.0,0,0
1789007559.26049,58.16252136230469,-1.12501543987945,-0.43211702931485596,-2.7380242653692353,0.009782142891776065,-0.011022919459089297,0,1,0.0,0.0,-37.27886621374637,-18.83789669140242,0.0,0.0,0,0
1789007559.3112223,58.21325373649597,-1.1254841183823765,-0.4323179203731287,-2.7383329764726296,0.00954029441689677,-0.011037784351650889,0,1,0.0,0.0,-37.27886621374637,-18.83789669140242,0.0,0.0,0,0
1789007559.3308847,58.23291611671448,-1.1256465976927454,-0.43238719936202114,-2.7385499691055775,0.008800202482746756,-0.011037071250528037,0,1,0.0,0.0,-37.27886621374637,-18.83789669140242,0.0,0.0,0,0
1789007559.3621347,58.26416611671448,-1.126062198743239,-0.4324514233195135,-2.738380012661747,0.008131819499091138,-0.010964311181682647,0,1,0.0,0.0,-37.27886621374637,-18.83789669140242,0.0,0.0,0,0
1789007559.4126477,58.31467914581299,-1.1261153373329442,-0.43247382054329253,-2.738654350421068,0.0005739744759983385,-0.010847510079244805,0,1,0.0,0.0,-37.27886621374637,-18.83789669140242,0.0,0.0,0,0
1789007559.4309044,58.33293581008911,-1.126000519440256,-0.4324240985825114,-2.738850111470783,-0.005750798739880661,-0.010800949806793437,0,1,0.0,0.0,-37.27886621374637,-18.83789669140242,0.0,0.0,0,0
1789007559.4632442,58.365275621414185,-1.125961121171903,-0.43229387333723046,-2.738858489168809,-0.00787203228586872,-0.010703669188975869,0,1,0.0,0.0,-37.27886621374637,-18.83789669140242,0.011657041199759986,0.01831820759962284,0,0
1789007559.5140843,58.41611576080322,-1.1254994002198264,-0.4320971879362325,-2.7392633456797233,-0.010808963680354028,-0.0105601606863406,0,1,0.0,0.0,-37.27886621374637,-18.83789669140242,0.023326648800002656,0.03665616240000418,0,0
1789007559.5308135,58.43284487724304,-1.1253467207552625,-0.4320323297178285,-2.7394376691902353,-0.010536088402893436,-0.010507689418520566,0,1,0.0,0.0,-37.27886621374637,-18.83789669140242,0.03499312039998585,0.05064374687771002,0,0
1789007559.5649955,58.46702694892883,-1.1251720744802685,-0.431844773275304,-2.739540428918875,-0.011667125873006551,-0.010412696302830388,0,1,0.0,0.0,-37.27886621374637,-18.83789669140242,0.04666929119989618,0.05064374687771002,0,0
1789007559.6155941,58.51762557029724,-1.124622109425111,-0.4316109060615466,-2.739747626361802,-0.012830374305028563,-0.010348142757415805,0,1,0.0,0.0,-37.27886621374637,-18.83789669140242,0.05,0.05064374687771002,0,0
1789007559.6308339,58.53286528587341,-1.1245564952460232,-0.4315835761423944,-2.7398993780925234,-0.008816017379705127,-0.010234139773659475,0,1,0.0,0.0,-37.27886621374637,-18.83789669140242,0.05,0.05064374687771002,0,0
1789007559.666198,58.56822943687439,-1.1244379443471093,-0.4314201295821471,-2.7398899857036327,-0.00948412618799394,-0.010069548139879167,0,1,0.0,0.0,-37.27886621374637,-18.83789669140242,0.05,0.05086571643749872,0,0
1789007559.7170947,58.619126081466675,-1.1242862183304023,-0.4313552008580871,-2.739216710155853,-0.005147092938647191,-0.009947823202573296,0,1,0.0,0.0,-37.27886621374637,-18.83789669140242,0.05,0.05086571643749872,0,0
1789007559.7309039,58.63293528556824,-1.124319042042554,-0.4313695542453096,-2.739337734135559,-0.0015618177588122089,-0.009608736661346425,0,1,0.0,0.0,-37.27886621374637,-18.83789669140242,0.05,0.05086571643749872,0,0
1789007559.7678947,58.669926166534424,-1.1244403471599056,-0.43130833776885175,-2.739312474240556,-0.0018463694853404192,-0.009270556189305681,0,1,0.0,0.0,-37.27886621374637,-18.83789669140242,0.05,0.05086571643749872,0,0
1789007559.8185418,58.72057318687439,-1.1244039584253378,-0.43129268823633365,-2.7393689368612186,-0.0015929029144458261,-0.009073416350688496,0,1,0.0,0.0,-37.27886621374637,-18.83789669140242,0.05,0.05086571643749872,0,0
1789007559.8308313,58.73286271095276,-1.1244176160746187,-0.43129862548197123,-2.7394661122686763,-0.0004977203823776886,-0.008809352898649018,0,1,0.0,0.0,-37.27886621374637,-18.83789669140242,0.05,0.05131852361063162,0,0
1789007559.8693607,58.77139210700989,-1.1245705996121635,-0.4312510886451473,-2.739033792176011,-0.0009038191444494221,-0.008376627320890444,0,1,0.0,0.0,-37.27886621374637,-18.83789669140242,0.05,0.05131852361063162,0,0
1789007559.919804,58.8218355178833,-1.1246483835601147,-0.43128422458567717,-2.739061429260016,0.0005875611586923407,-0.008139719587268153,0,1,0.0,0.0,-37.27886621374637,-18.83789669140242,0.05,0.05131852361063162,0,0
1789007559.9308336,58.83286499977112,-1.1247441106152358,-0.4313252896930273,-2.739135509162347,0.004154338350572781,-0.007836621613878074,0,1,0.0,0.0,-37.27886621374637,-18.83789669140242,0.05,0.05131852361063162,0,0
1789007559.9704041,58.872435569763184,-1.1250757673851959,-0.43135459065857995,-2.739107230816851,0.004257805074737292,-0.007513610154349483,0,1,0.0,0.0,-37.27886621374637,-18.83789669140242,0.05,0.05131852361063162,0,0
1789007559.9808817,58.88291311264038,-1.1251422574431067,-0.43138298097131583,-2.7391762273448363,0.0051873659852631395,-0.007339310060309099,0,1,0.0,0.0,-37.27886621374637,-18.83789669140242,0.05,0.052593249964217346,0,0
1789007560.0308402,58.9328715801239,-1.1253917565716147,-0.4314892790003001,-2.739191242639438,0.005639375115184072,-0.007073966700126104,0,1,0.0,0.0,-37.27886621374637,-18.83789669140242,0.05,0.052593249964217346,0,0
1789007560.0720816,58.97411298751831,-1.1257793330493495,-0.43154294389041525,-2.7389611947377004,0.005590259151368202,-0.006678473376669367,0,1,0.0,0.0,-37.27886621374637,-18.83789669140242,0.05,0.052593249964217346,0,0
1789007560.0808349,58.982866287231445,-1.1258304912981216,-0.43156475241586617,-2.739009788529518,0.005768193349478494,-0.0064740577420466,0,1,0.0,0.0,-37.27886621374637,-18.83789669140242,0.05,0.052593249964217346,0,0
1789007560.1308815,59.03291296958923,-1.1260970421997099,-0.43167838482577325,-2.739124804784651,0.005812772062300824,-0.0062097811790285725,0,1,0.0,0.0,-37.27886621374637,-18.83789669140242,0.05,0.052593249964217346,0,0
1789007560.1732352,59.07526659965515,-1.1264941524456837,-0.4317366274668775,-2.7388981014277842,0.005739993998807403,-0.005880925387957183,0,1,0.0,0.0,-37.27886621374637,-18.83789669140242,0.05,0.052593249964217346,0,0
1789007560.1808379,59.08286929130554,-1.1265380709114374,-0.43175534675247085,-2.7389335390026694,0.005833526790625978,-0.00571150351446776,0,1,0.0,0.0,-37.27886621374637,-18.83789669140242,0.05,0.0541530564861993,0,0
1789007560.2309327,59.13296413421631,-1.1268065937380602,-0.4318700866383418,-2.73875697274969,0.0058355034121426366,-0.0054242136713976066,0,1,0.0,0.0,-37.27886621374637,-18.83789669140242,0.05,0.0541530564861993,0,0
1789007560.2750504,59.177081823349,-1.1272044850800347,-0.4319294225586119,-2.7382719624406224,0.0054980627364812,-0.005399669827992649,0,1,0.0,0.0,-37.27886621374637,-18.83789669140242,0.05,0.0541530564861993,0,0
1789007560.2808847,59.18291616439819,-1.1272454476589508,-0.43194691650278605,-2.7382812266136525,0.00583965679895787,-0.004938017926603192,0,1,0.0,0.0,-37.27886621374637,-18.83789669140242,0.05,0.0541530564861993,0,0
1789007560.3309097,59.23294115066528,-1.1275139739405127,-0.43206179691411506,-2.7381909101262676,0.005842608734785465,-0.004498771991977831,0,1,0.0,0.0,-37.27886621374637,-18.83789669140242,0.0,0.0,0,0
1789007560.3765137,59.27854514122009,-1.127918362955615,-0.432124116442343,-2.7380854657340734,0.005527056705729028,-0.004486122761777475,0,1,0.0,0.0,-37.27886621374637,-18.83789669140242,0.0,0.0,0,0
1789007560.3808331,59.282864570617676,-1.1279321642808455,-0.43212999962974835,-2.7380814501068493,0.005222792181099447,-0.004088328791262154,0,1,0.0,0.0,-37.27886621374637,-18.83789669140242,0.0,0.0,0,0
1789007560.4308865,59.33291792869568,-1.128152571573068,-0.43222478473824244,-2.737538403343968,0.004338147017133739,-0.003529244318493298,0,1,0.0,0.0,-37.27886621374637,-18.83789669140242,0.0,0.0,0,0
1789007560.477863,59.379894495010376,-1.1284963360302325,-0.43226176408258166,-2.737378706468292,0.003976845953587508,-0.003515247124637523,0,1,0.0,0.0,-37.27886621374637,-18.83789669140242,0.0,0.0,0,0
1789007560.4808338,59.38286519050598,-1.1285081147439988,-0.43226679996221146,-2.737363114087757,0.003987841896701732,-0.0030569278653833883,0,1,0.0,0.0,-37.27886621374637,-18.83789669140242,0.0,0.0,0,0
1789007560.5308337,59.432865142822266,-1.1286881695980158,-0.4323441001151676,-2.737185077530878,0.0038739738600491328,-0.0026320138766930566,0,1,0.0,0.0,-37.27886621374637,-18.83789669140242,0.0,0.0,0,0
1789007560.5792372,59.481268644332886,-1.1290151946051719,-0.43237428885071744,-2.737032202298721,0.0035158397750006372,-0.0026200052378092123,0,1,0.0,0.0,-37.27886621374637,-18.83789669140242,0.0,0.0,0,0
1789007560.5808332,59.48286461830139,-1.1290300206542645,-0.4323806391636913,-2.73701372170897,0.00384199309435648,-0.002240961809834867,0,1,0.0,0.0,-37.27886621374637,-18.83789669140242,0.0,0.0,0,0
1789007560.6308854,59.5329167842865,-1.1291506555386683,-0.43243221671486426,-2.7371468405299355,0.001136996107459214,-0.0018800145235307677,0,1,0.0,0.0,-37.27886621374637,-18.83789669140242,0.0,0.0,0,0
1789007560.6805248,59.58255624771118,-1.129353476028391,-0.4324092006856779,-2.7375527363000147,0.0006737534710137985,-0.0018933120326431073,0,1,0.0,0.0,-37.27886621374637,-18.83789669140242,0.0,0.0,0,0
1789007560.6808856,59.58291697502136,-1.129273812147497,-0.43237503596065446,-2.7375416579140177,-0.002701807814716377,-0.001675275343258899,0,1,0.0,0.0,-37.27886621374637,-18.83789669140242,0.011650097199981245,0.018307295599970533,0,0
1789007560.7311852,59.63321661949158,-1.12911670842787,-0.43230773638568193,-2.737875763933533,-0.004228278906472872,-0.0015545532949378476,0,1,0.0,0.0,-37.27886621374637,-18.83789669140242,0.023322090399824445,0.02194307218305767,0,0
1789007560.7821069,59.68413829803467,-1.1290643479187858,-0.43217624449219827,-2.737850256728068,-0.004913032593404686,-0.0015500266875581909,0,1,0.0,0.0,-37.27886621374637,-18.83789669140242,0.03499324359995626,0.02194307218305767,0,0
1789007560.8327184,59.73474979400635,-1.1288440235115362,-0.43208208552055105,-2.7376112729668263,-0.004889929023759363,-0.00118333725706418,0,1,0.0,0.0,-37.27886621374637,-18.83789669140242,0.05,0.02194307218305767,0,0
1789007560.8833704,59.785401821136475,-1.128763516715343,-0.43193880600178086,-2.737520614646801,-0.005537091142299318,-0.0011768246657188513,0,1,0.0,0.0,-37.27886621374637,-18.83789669140242,0.05,0.02194307218305767,0,0
1789007560.9339917,59.8360230922699,-1.1286143133729982,-0.4318749813302455,-2.737417091908576,-0.0034199951677146324,-0.0008257975153418801,0,1,0.0,0.0,-37.27886621374637,-18.83789669140242,0.05,0.01977335457845281,0,0
1789007560.9848666,59.886898040771484,-1.1286050497957327,-0.43176259267719663,-2.7375873672044246,-0.003937246731619799,-0.0008312520723486726,0,1,0.0,0.0,-37.27886621374637,-18.83789669140242,0.05,0.01977335457845281,0,0
1789007561.0354428,59.93747425079346,-1.1284936240325165,-0.4317151012857965,-2.737827941193394,-0.0029148476378968407,-0.0006086800209411434,0,1,0.0,0.0,-37.27886621374637,-18.83789669140242,0.05,0.020116639963040753,0,0
1789007561.0861204,59.98815178871155,-1.128513893042097,-0.43161572897992373,-2.7378866499755032,-0.00330537760831495,-0.000580633829864214,0,1,0.0,0.0,-37.27886621374637,-18.83789669140242,0.05,0.020116639963040753,0,0
1789007561.1367614,60.038792848587036,-1.1287259755368662,-0.431706511184586,-2.737932274613012,0.00493720748750729,-0.0005237103715581131,0,1,0.0,0.0,-37.27886621374637,-18.83789669140242,0.05,0.020116639963040753,0,0
1789007561.1480944,60.05012583732605,-1.1289530397920098,-0.4316958242686099,-2.737936901843341,0.005365172149394049,-0.0005029055709875663,0,1,0.0,0.0,-37.27886621374637,-18.83789669140242,0.05,0.020116639963040753,0,0
1789007561.1876848,60.08971619606018,-1.1292283140905572,-0.4318134675962402,-2.738095919716109,0.008322364066683158,-0.0004929698102893621,0,1,0.0,0.0,-37.27886621374637,-18.83789669140242,0.05,0.020116639963040753,0,0
1789007561.238191,60.1402223110199,-1.129650064600377,-0.43199351006448783,-2.7382306607033677,0.009547844521112297,-0.000486110022293787,0,1,0.0,0.0,-37.27886621374637,-18.83789669140242,0.05,0.02083541458627831,0,0
1789007561.2531178,60.15514922142029,-1.129944929526834,-0.4320120741837214,-2.738238242979488,0.009726033795132722,-0.0004912939885034299,0,1,0.0,0.0,-37.27886621374637,-18.83789669140242,0.05,0.02083541458627831,0,0
1789007561.2887588,60.1907901763916,-1.130270198547531,-0.4321507776295418,-2.738416805658543,0.01001124106120038,-0.0005232667816879055,0,1,0.0,0.0,-37.27886621374637,-18.83789669140242,0.05,0.02083541458627831,0,0
1789007561.3395429,60.24157428741455,-1.1306546056526159,-0.4323144619644484,-2.738660683359805,0.007389476877594943,-0.0005470055992233789,0,1,0.0,0.0,-37.27886621374637,-18.83789669140242,0.05,0.02083541458627831,0,0
1789007561.3527627,60.254794120788574,-1.1308941519006197,-0.43230972537056933,-2.7386703349659447,0.0072025111837933815,-0.0005903883455750322,0,1,0.0,0.0,-37.27886621374637,-18.83789669140242,0.05,0.02083541458627831,0,0
1789007561.3899896,60.29202103614807,-1.131028509418758,-0.4323669238271821,-2.738654882420379,0.0032451689440853937,-0.0006213428073528622,0,1,0.0,0.0,-37.27886621374637,-18.83789669140242,0.05,0.02117369684778776,0,0
1789007561.4406369,60.342668294906616,-1.1311076411767824,-0.4324006363134941,-2.738647583118015,0.0009752205023823294,-0.0006419899711988006,0,1,0.0,0.0,-37.27886621374637,-18.83789669140242,0.05,0.02117369684778776,0,0
1789007561.443444,60.34547543525696,-1.1312613194506038,-0.4323596780856644,-2.7386498031422235,0.0007898396126186578,-0.0006498420822357096,0,1,0.0,0.0,-37.27886621374637,-18.83789669140242,0.05,0.02117369684778776,0,0
1789007561.4912343,60.39326572418213,-1.131282221990903,-0.43236855918079153,-2.7387075038635578,0.00017703719233934923,-0.0006622234193874237,0,1,0.0,0.0,-37.27886621374637,-18.83789669140242,0.05,0.02117369684778776,0,0
1789007561.5423012,60.44433259963989,-1.131284620960708,-0.43236956711040847,-2.7387666822195187,-7.983591853559756e-05,-0.0006706436131131564,0,1,0.0,0.0,-37.27886621374637,-18.83789669140242,0.05,0.02117369684778776,0,0
1789007561.5928066,60.49483799934387,-1.131433990727114,-0.4323271543520906,-2.7387649913472565,-0.0001509058322540866,-0.0006829378881802361,0,1,0.0,0.0,-37.27886621374637,-18.83789669140242,0.05,0.02107627829459186,0,0
1789007561.6434066,60.545438051223755,-1.131429083168446,-0.4323250812763254,-2.738761535259739,-0.00017249655763316028,-0.0006840861742742314,0,1,0.0,0.0,-37.27886621374637,-18.83789669140242,0.05,0.02107627829459186,0,0
1789007561.6450758,60.547107219696045,-1.1315837466155065,-0.43228524834433535,-2.738762476339813,-0.0001515719935875218,-0.0006800463694156874,0,1,0.0,0.0,-37.27886621374637,-18.83789669140242,0.05,0.02107627829459186,0,0
1789007561.6941652,60.59619665145874,-1.1315767169402233,-0.4322822581013516,-2.7387929059185443,-0.00016584878812162817,-0.0006757077374996171,0,1,0.0,0.0,-37.27886621374637,-18.83789669140242,0.05,0.02107627829459186,0,0
1789007561.7453263,60.64735770225525,-1.1315719072295385,-0.43228021636793235,-2.738812335575865,-0.00016963774606579255,-0.0006725306182408706,0,1,0.0,0.0,-37.27886621374637,-18.83789669140242,0.05,0.02107627829459186,0,0
1789007561.7468278,60.64885926246643,-1.1315785810006564,-0.4322788337678889,-2.7388131388473678,-0.0001444047926544895,-0.0006677208025953344,0,1,0.0,0.0,-37.27886621374637,-18.83789669140242,0.05,0.0309960230269159,0,0
1789007561.7957947,60.69782614707947,-1.1315751353144603,-0.43227736691899205,-2.7388704116989437,-0.00012966973942868027,-0.0006656296519717345,0,1,0.0,0.0,-37.27886621374637,-18.83789669140242,0.05,0.0309960230269159,0,0
1789007561.8463817,60.7484130859375,-1.1315709062183026,-0.4322755676728016,-2.738919298211974,-0.00015308316573073253,-0.0006666755384211673,0,1,0.0,0.0,-37.27886621374637,-18.83789669140242,0.05,0.0309960230269159,0,0
1789007561.8972323,60.79926371574402,-1.1316061405412936,-0.4322863681928752,-2.738899337732474,0.0007875650222499027,-0.0006633886515457711,0,1,0.0,0.0,-37.27886621374637,-18.83789669140242,0.05,0.0309960230269159,0,0
1789007561.947632,60.849663496017456,-1.1316847887916643,-0.43231989521549813,-2.7389067709336503,0.0018711589621873896,-0.0006576229613236228,0,1,0.0,0.0,-37.27886621374637,-18.83789669140242,0.05,0.03099413605096441,0,0
1789007561.9982326,60.9002640247345,-1.1318047629106645,-0.43236678201599643,-2.738860972944426,0.0024626594127089775,-0.0006261330288265604,0,1,0.0,0.0,-37.27886621374637,-18.83789669140242,0.05,0.03099413605096441,0,0
1789007562.048824,60.95085549354553,-1.1319237521448893,-0.4324174932949042,-2.7388208993539953,0.0025578322539235414,-0.0006122231932034084,0,1,0.0,0.0,-37.27886621374637,-18.83789669140242,0.05,0.03099413605096441,0,0
1789007562.0996766,61.001708030700684,-1.1320540901169447,-0.43246886659896183,-2.7385626652682835,0.002641820152778421,-0.0005085447847305663,0,1,0.0,0.0,-37.27886621374637,-18.83789669140242,0.05,0.030999991101368033,0,0
1789007562.150174,61.052205324172974,-1.1322005416983367,-0.43253135461684594,-2.738478091383949,0.00323162933744134,-0.0004598675520557867,0,1,0.0,0.0,-37.27886621374637,-18.83789669140242,0.05,0.030999991101368033,0,0
1789007562.200779,61.10281038284302,-1.1323983097965273,-0.43261150675827964,-2.7383478102126695,0.004260717363519233,-0.00030606002836483065,0,1,0.0,0.0,-37.27886621374637,-18.83789669140242,0.05,0.030999991101368033,0,0
1789007562.2515507,61.15358209609985,-1.132607133440882,-0.4327006180074303,-2.7383221750187783,0.004523156184001066,-0.000262826185691047,0,1,0.0,0.0,-37.27886621374637,-18.83789669140242,0.05,0.030999991101368033,0,0
1789007562.2545533,61.15658473968506,-1.1326271596157709,-0.4327048886988728,-2.738320778389788,0.004587725461292355,-0.00020975264684342245,0,1,0.0,0.0,-37.27886621374637,-18.83789669140242,0.05,0.031054443495037668,0,0
1789007562.302029,61.204060316085815,-1.1328295898468372,-0.43279120831048284,-2.7384027789631995,0.0046807341628715875,-0.00014887372904920783,0,1,0.0,0.0,-37.27886621374637,-18.83789669140242,0.05,0.031054443495037668,0,0
1789007562.352615,61.25464653968811,-1.133087862271905,-0.432901334564923,-2.7384740415723843,0.005685746756783315,-0.00013290327654405442,0,1,0.0,0.0,-37.27886621374637,-18.83789669140242,0.05,0.031054443495037668,0,0
1789007562.3536024,61.25563383102417,-1.1331023108637157,-0.43290321657112496,-2.738473773401163,0.005842252479715822,-0.00012424016992689793,0,1,0.0,0.0,-37.27886621374637,-18.83789669140242,0.05,0.031054443495037668,0,0
1789007562.4031951,61.30522656440735,-1.1334727883821027,-0.4330611439615382,-2.738579260462608,0.00852756494370312,-0.00012541211596428512,0,1,0.0,0.0,-37.27886621374637,-18.83789669140242,0.05,0.031054443495037668,0,0
1789007562.43087,61.33290147781372,-1.1337253153211757,-0.4331688216433859,-2.7385829379696074,0.010206860519635048,-0.00012937592084526727,0,1,0.0,0.0,-37.27886621374637,-18.83789669140242,0.05,0.03136060665283974,0,0
1789007562.4540355,61.356066942214966,-1.1339564659537145,-0.4332631845537117,-2.7384993726464346,0.010617783931775527,-0.00011212678321138586,0,1,0.0,0.0,-37.27886621374637,-18.83789669140242,0.05,0.03136060665283974,0,0
1789007562.5045693,61.40660071372986,-1.1344713534003772,-0.43348296445990736,-2.73835085348315,0.011319043408715465,-6.374328014625277e-05,0,1,0.0,0.0,-37.27886621374637,-18.83789669140242,0.05,0.03136060665283974,0,0
1789007562.5308816,61.432913064956665,-1.1347435284848943,-0.43359907937792747,-2.7383512975775757,0.011317278071402499,-3.926325894306199e-05,0,1,0.0,0.0,-37.27886621374637,-18.83789669140242,0.05,0.03136060665283974,0,0
1789007562.5552018,61.4572331905365,-1.1350052709759548,-0.4337066541488217,-2.738218764898229,0.011521573681339247,6.063262399786637e-06,0,1,0.0,0.0,-37.27886621374637,-18.83789669140242,0.05,0.03136060665283974,0,0
1789007562.6057844,61.50781583786011,-1.1355731873723873,-0.43394915067237655,-2.738146626237669,0.012474519057059485,7.7049533256527e-05,0,1,0.0,0.0,-37.27886621374637,-18.83789669140242,0.05,0.03154125455049023,0,0
1789007562.630833,61.5328643321991,-1.135877468418813,-0.4340790370758511,-2.738143241642977,0.013343616795397348,0.00010500347870382152,0,1,0.0,0.0,-37.27886621374637,-18.83789669140242,0.05,0.03154125455049023,0,0
1789007562.6566093,61.55864071846008,-1.1362059306827847,-0.4342150014381656,-2.738107786399329,0.0137147081090362,0.00014581505814923116,0,1,0.0,0.0,-37.27886621374637,-18.83789669140242,0.05,0.03154125455049023,0,0
1789007562.70703,61.60906147956848,-1.1368499586972447,-0.43448989360094026,-2.738120256032862,0.014128371625548353,0.00019658600067976726,0,1,0.0,0.0,-37.27886621374637,-18.83789669140242,0.05,0.03154125455049023,0,0
1789007562.730884,61.63291549682617,-1.137155335022949,-0.43462025650433167,-2.7381147442376883,0.014009262310261051,0.00021299018691762467,0,1,0.0,0.0,-37.27886621374637,-18.83789669140242,0.05,0.03154125455049023,0,0
1789007562.757615,61.65964651107788,-1.1375084177807535,-0.43476661888292334,-2.738130453872819,0.014237214093292495,0.00022679764382315515,0,1,0.0,0.0,-37.27886621374637,-18.83789669140242,0.0515215741097927,0.03167272992905662,0,0
1789007562.8084455,61.710476875305176,-1.1381650360605178,-0.43504693957122365,-2.738108955066091,0.014250218864587503,0.0002547717152890496,0,1,0.0,0.0,-37.27886621374637,-18.83789669140242,0.0515215741097927,0.03167272992905662,0,0
1789007562.8309054,61.73293685913086,-1.1384694535024191,-0.43517689699817524,-2.7381026734856126,0.014808313686673673,0.000266882936813527,0,1,0.0,0.0,-37.27886621374637,-18.83789669140242,0.0515215741097927,0.03167272992905662,0,0
1789007562.858876,61.76090741157532,-1.13886138820936,-0.43533991701047126,-2.7380857702216943,0.015142042179700518,0.0002813074348151173,0,1,0.0,0.0,-37.27886621374637,-18.83789669140242,0.0515215741097927,0.03167272992905662,0,0
1789007562.9094956,61.81152701377869,-1.1396607354646207,-0.43568120057150955,-2.73806543548407,0.017504291649956285,0.00030297822060731754,0,1,0.0,0.0,-37.27886621374637,-18.83789669140242,0.0515215741097927,0.03167272992905662,0,0
1789007562.9309342,61.8329656124115,-1.1400328840351095,-0.4358400913167404,-2.7380585264231914,0.018896204985009758,0.0003110640211724169,0,1,0.0,0.0,-37.27886621374637,-18.83789669140242,0.0515215741097927,0.03167272992905662,0,0
1789007562.9601808,61.86221218109131,-1.140684462096289,-0.4360102339744745,-2.7380480858374803,0.019478390884722797,0.00032085390961404106,0,1,0.0,0.0,-37.27886621374637,-18.83789669140242,0.054237213879823665,0.03189346430454559,0,0
1789007563.011071,61.91310238838196,-1.141611271502886,-0.43640612431829423,-2.737981999751234,0.02014066982526601,0.00034794577049473334,0,1,0.0,0.0,-37.27886621374637,-18.83789669140242,0.054237213879823665,0.03189346430454559,0,0
1789007563.0308344,61.932865858078,-1.141971006938764,-0.43655975208307307,-2.737974539399733,0.019967399731633886,0.00036075661749046864,0,1,0.0,0.0,-37.27886621374637,-18.83789669140242,0.054237213879823665,0.03189346430454559,0,0
1789007563.0615346,61.963566064834595,-1.1426671266739248,-0.4367494012607998,-2.737948512597013,0.020315510308605546,0.0003764774616896607,0,1,0.0,0.0,-37.27886621374637,-18.83789669140242,0.054237213879823665,0.03189346430454559,0,0
1789007563.1122143,62.0142457485199,-1.143621414358267,-0.43715710526370544,-2.7378926077537056,0.02079495721694033,0.0004041637368515116,0,1,0.0,0.0,-37.27886621374637,-18.83789669140242,0.054237213879823665,0.03189346430454559,0,0
1789007563.1309056,62.03293704986572,-1.1440080011432459,-0.4373222365171349,-2.7378844954081876,0.022313955801780853,0.0004152047782358565,0,1,0.0,0.0,-37.27886621374637,-18.83789669140242,0.05750429160892966,0.03196964487588655,0,0
1789007563.162912,62.06494331359863,-1.1447986392612957,-0.43755273926127425,-2.7378450503826524,0.02299796208559813,0.00043188347853210737,0,1,0.0,0.0,-37.27886621374637,-18.83789669140242,0.05750429160892966,0.03196964487588655,0,0
1789007563.213753,62.11578440666199,-1.1459684878444902,-0.4380528615557426,-2.73773887928943,0.025380296805910432,0.00047384105965379006,0,1,0.0,0.0,-37.27886621374637,-18.83789669140242,0.05750429160892966,0.03196964487588655,0,0
1789007563.230903,62.13293433189392,-1.1463705809705325,-0.4382246930615976,-2.7377299045239085,0.025619401477018876,0.0004927987012985275,0,1,0.0,0.0,-37.27886621374637,-18.83789669140242,0.05750429160892966,0.03196964487588655,0,0
1789007563.2642033,62.166234731674194,-1.1472784360620318,-0.43850578761051723,-2.7376872302525044,0.026183904693693843,0.0005166119434817846,0,1,0.0,0.0,-37.27886621374637,-18.83789669140242,0.05750429160892966,0.03196964487588655,0,0
1789007563.3148527,62.21688413619995,-1.1484878221062147,-0.4390229352433518,-2.7376073900672355,0.026399746896601108,0.0005329263484163008,0,1,0.0,0.0,-37.27886621374637,-18.83789669140242,0.06079495787620546,0.03207083039606612,0,0
1789007563.3308885,62.23291993141174,-1.1488663200529912,-0.43918474571674765,-2.7375974432522434,0.02614826875549971,0.0005596029863435436,0,1,0.0,0.0,-37.27886621374637,-18.83789669140242,0.06079495787620546,0.03207083039606612,0,0
1789007563.3657262,62.26775765419006,-1.14981935821159,-0.43948622733984144,-2.73743801834515,0.026644157886524935,0.0006174415359113732,0,1,0.0,0.0,-37.27886621374637,-18.83789669140242,0.06079495787620546,0.03207083039606612,0,0
1789007563.4162655,62.318296909332275,-1.1510101665033234,-0.4399959598119685,-2.737320024905693,0.026167398727204735,0.0006510317294644464,0,1,0.0,0.0,-37.27886621374637,-18.83789669140242,0.06079495787620546,0.03207083039606612,0,0
1789007563.4308329,62.33286428451538,-1.1513153053973524,-0.4401265267603575,-2.7373080404394736,0.024536045360778524,0.000698421814754667,0,1,0.0,0.0,-37.27886621374637,-18.83789669140242,0.06079495787620546,0.03207083039606612,0,0
1789007563.4669085,62.3689398765564,-1.1522322769876583,-0.4404128957240537,-2.7372138046945076,0.024782662770241496,0.0007508757993702055,0,1,0.0,0.0,-37.27886621374637,-18.83789669140242,0.0602988486872478,0.028849945299637823,0,0
1789007563.517579,62.41961050033569,-1.1533531018029952,-0.440893211593904,-2.737046877585615,0.024495584766998427,0.0007835040812702641,0,1,0.0,0.0,-37.27886621374637,-18.83789669140242,0.0602988486872478,0.028849945299637823,0,0
1789007563.5308332,62.43286466598511,-1.1536342122106378,-0.44101358096536797,-2.737033518813031,0.023903189733390465,0.0008371278079385401,0,1,0.0,0.0,-37.27886621374637,-18.83789669140242,0.0602988486872478,0.028849945299637823,0,0
1789007563.5684655,62.47049689292908,-1.1545586333489621,-0.4413042918628099,-2.7368288021413765,0.02417828110100379,0.0009297015641742001,0,1,0.0,0.0,-37.27886621374637,-18.83789669140242,0.0602988486872478,0.028849945299637823,0,0
1789007563.6189156,62.520946979522705,-1.1557534851245224,-0.4418164675822026,-2.7367207395784794,0.025719740939550827,0.0009801288357406534,0,1,0.0,0.0,-37.27886621374637,-18.83789669140242,0.0602988486872478,0.028849945299637823,0,0
1789007563.6308508,62.53288221359253,-1.1561356446897861,-0.4419801783100116,-2.7367058223387946,0.02987247123041531,0.0010415822299676366,0,1,0.0,0.0,-37.27886621374637,-18.83789669140242,0.0602988486872478,0.028849945299637823,0,0
1789007563.6694868,62.57151818275452,-1.1573028197892499,-0.44237497210689325,-2.7366234700558496,0.03084124470453028,0.0011019573393454827,0,1,0.0,0.0,-37.27886621374637,-18.83789669140242,0.06453604526817797,-0.0011509643001287768,0,0
1789007563.7203927,62.62242412567139,-1.1589135998372693,-0.4430657611038144,-2.736505909076927,0.03413263657923034,0.001136913262969182,0,1,0.0,0.0,-37.27886621374637,-18.83789669140242,0.06453604526817797,-0.004301578209269782,0,0
1789007563.7309127,62.632944107055664,-1.1592660990537884,-0.44321689636433825,-2.7364911653322546,0.0352038821491456,0.0011960204704905314,0,1,0.0,0.0,-37.27886621374637,-18.83789669140242,0.06453604526817797,-0.004301578209269782,0,0
1789007563.7708697,62.67290115356445,-1.1606534833722142,-0.4437068328335347,-2.7363933426608824,0.03610103376658065,0.0012552467211821268,0,1,0.0,0.0,-37.27886621374637,-18.83789669140242,0.06453604526817797,-0.004301578209269782,0,0
1789007563.780905,62.68293642997742,-1.1609750784999406,-0.44384478456083815,-2.7363790274313935,0.035790027204086874,0.0012870596619036336,0,1,0.0,0.0,-37.27886621374637,-18.83789669140242,0.0628616065667434,-0.004019871116615822,0,0
1789007563.8308854,62.732916831970215,-1.1627166086781795,-0.4445919701864383,-2.736284302289207,0.039975969480875485,0.001328972867367372,0,1,0.0,0.0,-37.27886621374637,-18.83789669140242,0.0628616065667434,-0.004019871116615822,0,0
1789007563.8723698,62.77440118789673,-1.1643351710936671,-0.445181586796049,-2.736216470225537,0.041277052723896125,0.0013688944996057446,0,1,0.0,0.0,-37.27886621374637,-18.83789669140242,0.0628616065667434,-0.004019871116615822,0,0
1789007563.8809226,62.78295397758484,-1.1647385750924193,-0.4453546501204361,-2.736203553014988,0.04461007467456751,0.0013906012520718846,0,1,0.0,0.0,-37.27886621374637,-18.83789669140242,0.0628616065667434,-0.004019871116615822,0,0
1789007563.9308333,62.83286476135254,-1.1668206733191042,-0.446246674178624,-2.7363370618915077,0.04616076298820372,0.0013821894414147392,0,1,0.0,0.0,-37.27886621374637,-18.83789669140242,0.0628616065667434,-0.004019871116615822,0,0
1789007563.9737475,62.875778913497925,-1.1687230728742701,-0.4469564044079419,-2.7365237550239456,0.047426887191253854,0.0013315680587533793,0,1,0.0,0.0,-37.27886621374637,-18.83789669140242,0.0628616065667434,-0.004019871116615822,0,0
1789007563.9808342,62.88286566734314,-1.169008717711448,-0.4470788921782188,-2.7365155068665246,0.04666555194458034,0.0013090163197363074,0,1,0.0,0.0,-37.27886621374637,-18.83789669140242,0.05,-0.0037129403743892822,0,0
1789007564.0308828,62.93291425704956,-1.1711543964402205,-0.44799711614087157,-2.7366756278804534,0.046549511808034384,0.0012445938526732942,0,1,0.0,0.0,-37.27886621374637,-18.83789669140242,0.05,-0.0037129403743892822,0,0
1789007564.0749085,62.97693991661072,-1.1731014223429572,-0.44872578664128654,-2.736819679481409,0.04753344119719048,0.0012378413888138415,0,1,0.0,0.0,-37.27886621374637,-18.83789669140242,0.05,-0.0037129403743892822,0,0
1789007564.0808814,62.98291277885437,-1.1732757113523942,-0.4488004695493887,-2.7368168853174746,0.04463708079689279,0.0011550649033907532,0,1,0.0,0.0,-37.27886621374637,-18.83789669140242,0.05,-0.0037129403743892822,0,0
1789007564.130834,63.03286552429199,-1.1752464644139133,-0.4496412129596478,-2.7371757732666313,0.04110428512826322,0.0009835238161895435,0,1,0.0,0.0,-37.27886621374637,-18.83789669140242,0.05,-0.0037129403743892822,0,0
1789007564.1762855,63.07831692695618,-1.1770104910809032,-0.45028948677754477,-2.737481700338788,0.0417891566281641,0.0009692271367692058,0,1,0.0,0.0,-37.27886621374637,-18.83789669140242,0.06166165559998263,0.01299823478019487,0,0
1789007564.180881,63.08291244506836,-1.177098378602758,-0.450327057508248,-2.737487499359032,0.03881823721339337,0.0007875349085635342,0,1,0.0,0.0,-37.27886621374637,-18.83789669140242,0.07333413074998135,0.01299823478019487,0,0
1789007564.230883,63.132914304733276,-1.178865443283239,-0.4510801218425709,-2.7377682344137013,0.037957237754949455,0.0005817000737697812,0,1,0.0,0.0,-37.27886621374637,-18.83789669140242,0.08499433035008225,0.01299823478019487,0,0
1789007564.2777967,63.17982816696167,-1.1805366884219204,-0.4516861670691362,-2.7383114163488123,0.038459358155930434,0.0005578254681145087,0,1,0.0,0.0,-37.27886621374637,-18.83789669140242,0.08742688685655592,0.01299823478019487,0,0
1789007564.2809062,63.18293762207031,-1.180623183187833,-0.4517230918237834,-2.738324423001591,0.03766073202233372,0.00026897506369340707,0,1,0.0,0.0,-37.27886621374637,-18.83789669140242,0.08742688685655592,0.01299823478019487,0,0
1789007564.3308306,63.23286199569702,-1.1823519584406221,-0.45245846191328176,-2.7386055820802624,0.03755540760936428,-6.3587749563091994e-06,0,1,0.0,0.0,-37.27886621374637,-18.83789669140242,0.08742688685655592,0.01299823478019487,0,0
1789007564.3794081,63.281439542770386,-1.1840509892484228,-0.4530787716630208,-2.738733234309585,0.03800808934678367,-1.1916795952065994e-05,0,1,0.0,0.0,-37.27886621374637,-18.83789669140242,0.08110428690910342,-0.004016476213000705,0,0
1789007564.3808827,63.28291416168213,-1.1841361328666384,-0.45311510021904616,-2.738746405436745,0.0391737860898026,-0.00023469747380096056,0,1,0.0,0.0,-37.27886621374637,-18.83789669140242,0.08110428690910342,-0.004016476213000705,0,0
1789007564.4309099,63.33294129371643,-1.1859885107104897,-0.45390373625127733,-2.7388717467363466,0.041515366027594335,-0.00043164096171147685,0,1,0.0,0.0,-37.27886621374637,-18.83789669140242,0.08110428690910342,-0.004016476213000705,0,0
1789007564.4808257,63.38285708427429,-1.1879103133348758,-0.45461933592550857,-2.738949259957194,0.04212373684307529,-0.00043399481722165357,0,1,0.0,0.0,-37.27886621374637,-18.83789669140242,0.08110428690910342,-0.004016476213000705,0,0
1789007564.4809043,63.382935762405396,-1.1879216509422819,-0.4546241991286871,-2.738958887357725,0.04243989132465018,-0.0006297665915282868,0,1,0.0,0.0,-37.27886621374637,-18.83789669140242,0.08110428690910342,-0.004016476213000705,0,0
1789007564.5312834,63.43331480026245,-1.1898967518888504,-0.4554656242615025,-2.7389705601504377,0.04274200934067965,-0.000771666944145831,0,1,0.0,0.0,-37.27886621374637,-18.83789669140242,0.06760228455066682,-0.0013976915976187739,0,0
1789007564.581908,63.48393940925598,-1.1918920981655394,-0.4562118776746942,-2.739161884852527,0.043358535655158036,-0.0007782633832527387,0,1,0.0,0.0,-37.27886621374637,-18.83789669140242,0.06760228455066682,-0.0013976915976187739,0,0
1789007564.6325474,63.534578800201416,-1.193960731418015,-0.4570915156755682,-2.739341658666003,0.046983354609453916,-0.0010607413767878338,0,1,0.0,0.0,-37.27886621374637,-18.83789669140242,0.06760228455066682,-0.0013976915976187739,0,0
1789007564.6833708,63.58540225028992,-1.196155479946355,-0.4579205935766253,-2.739711362328894,0.04775038636933915,-0.001074066610754805,0,1,0.0,0.0,-37.27886621374637,-18.83789669140242,0.06760228455066682,-0.0013976915976187739,0,0
1789007564.7338395,63.635870933532715,-1.1988054920558782,-0.4590453952482847,-2.739990591329922,0.05526636368913605,-0.001468258018813644,0,1,0.0,0.0,-37.27886621374637,-18.83789669140242,0.06168135951865804,0.04695591360248122,0,0
1789007564.7844157,63.68644714355469,-1.2013684681627155,-0.4600305325737452,-2.7402439448770686,0.05634778164460701,-0.0014760024365119465,0,1,0.0,0.0,-37.27886621374637,-18.83789669140242,0.06168135951865804,0.061232671860295046,0,0
1789007564.8353803,63.73741173744202,-1.203993726883467,-0.46114240694073755,-2.740566078660761,0.056273962229996186,-0.0017693060317272352,0,1,0.0,0.0,-37.27886621374637,-18.83789669140242,0.06168135951865804,0.061232671860295046,0,0
1789007564.8858562,63.78788757324219,-1.2065793874217061,-0.4621380619683618,-2.740604134267432,0.057241494446149066,-0.0019014991296918168,0,1,0.0,0.0,-37.27886621374637,-18.83789669140242,0.053362123072147376,0.060605925295191515,0,0
1789007564.9365115,63.83854293823242,-1.2089264246987048,-0.4631336143520893,-2.740641236050547,0.05186728838768736,-0.0021069844515402584,0,1,0.0,0.0,-37.27886621374637,-18.83789669140242,0.053362123072147376,0.060605925295191515,0,0
1789007564.9454408,63.847472190856934,-1.2092850581125714,-0.4631847023165591,-2.740663179691378,0.05182512516860381,-0.002158955981956389,0,1,0.0,0.0,-37.27886621374637,-18.83789669140242,0.053362123072147376,0.060605925295191515,0,0
1789007564.9871073,63.88913869857788,-1.211333733521164,-0.46405942970512054,-2.740133177332029,0.05441869820395293,-0.002100290712370564,0,1,0.0,0.0,-37.27886621374637,-18.83789669140242,0.053362123072147376,0.060605925295191515,0,0
1789007565.038043,63.94007444381714,-1.21391306689526,-0.4651636588643741,-2.7393488521584684,0.055648685714486563,-0.002051482608308017,0,1,0.0,0.0,-37.27886621374637,-18.83789669140242,0.05,0.05989736064492415,0,0
1789007565.04132,63.94335150718689,-1.2140051796084201,-0.4651023091712969,-2.7393487990265615,0.055737041343071954,-0.0019017136904686217,0,1,0.0,0.0,-37.27886621374637,-18.83789669140242,0.05,0.05989736064492415,0,0
1789007565.0886216,63.9906530380249,-1.216435176708413,-0.46614350268122995,-2.7387097267187794,0.0560640305207518,-0.001616635595563485,0,1,0.0,0.0,-37.27886621374637,-18.83789669140242,0.05,0.05989736064492415,0,0
1789007565.1391861,64.0412175655365,-1.2189129290955572,-0.4672061120553089,-2.7381485832210886,0.05202304001918313,-0.0014224363531987795,0,1,0.0,0.0,-37.27886621374637,-18.83789669140242,0.05,0.05989736064492415,0,0
1789007565.1901944,64.0922257900238,-1.2210975095555963,-0.46805682779033414,-2.7364264016223547,0.045379862572016864,-0.0005862628794741912,0,1,0.0,0.0,-37.27886621374637,-18.83789669140242,0.05,0.05950771076294284,0,0
1789007565.2407215,64.14275288581848,-1.223082410272009,-0.468914654290252,-2.735788202106338,0.041672477450200536,-0.00018826923439936488,0,1,0.0,0.0,-37.27886621374637,-18.83789669140242,0.05,0.05950771076294284,0,0
1789007565.2503636,64.1523950099945,-1.2233371271528002,-0.46892451020880194,-2.7357699634134782,0.04129705416549487,0.00017075887096419242,0,1,0.0,0.0,-37.27886621374637,-18.83789669140242,0.05,0.05950771076294284,0,0
1789007565.2913795,64.19341087341309,-1.2248600158645835,-0.46959124118573004,-2.7344254557693497,0.04025355558028178,0.000798896614837939,0,1,0.0,0.0,-37.27886621374637,-18.83789669140242,0.05,0.05950771076294284,0,0
1789007565.3419926,64.24402403831482,-1.2267154205285113,-0.4704014878773806,-2.7332716134775654,0.03989799152086868,0.001220410863806789,0,1,0.0,0.0,-37.27886621374637,-18.83789669140242,0.05,0.05950771076294284,0,0
1789007565.3504555,64.25248694419861,-1.2269100387039664,-0.470386691965152,-2.7332348192648026,0.03980950221868773,0.0016734706658926614,0,1,0.0,0.0,-37.27886621374637,-18.83789669140242,0.05,0.05950771076294284,0,0
1789007565.3928266,64.2948579788208,-1.228400289868401,-0.47104739959089365,-2.7313740588890876,0.03789641990610122,0.00262371856990109,0,1,0.0,0.0,-37.27886621374637,-18.83789669140242,0.05,0.060244230340855826,0,0
1789007565.4432883,64.3453197479248,-1.2297798546080936,-0.4716537175024486,-2.730600548422899,0.027401289977520605,0.0032254655579152312,0,1,0.0,0.0,-37.27886621374637,-18.83789669140242,0.05,0.060244230340855826,0,0
1789007565.493845,64.39587640762329,-1.2306061805507984,-0.47192095999986927,-2.729825009121691,0.015065190968754838,0.004396284171439656,0,1,0.0,0.0,-37.27886621374637,-18.83789669140242,0.05,0.060244230340855826,0,0
1789007565.54438,64.44641137123108,-1.231136507649419,-0.4721556862004824,-2.7291796070582994,0.009996682430939999,0.004824988841329308,0,1,0.0,0.0,-37.27886621374637,-18.83789669140242,0.05,0.060244230340855826,0,0
1789007565.5952196,64.49725103378296,-1.2314112514765987,-0.4721822908600848,-2.728099002828151,0.008096764545483777,0.0060203845372446725,0,1,0.0,0.0,-37.27886621374637,-18.83789669140242,0.05,0.06288707747279357,0,0
1789007565.6456454,64.54767680168152,-1.2317912319495932,-0.4723498387693818,-2.7275579698787995,0.007785178503533177,0.006395494695765688,0,1,0.0,0.0,-37.27886621374637,-18.83789669140242,0.05,0.06288707747279357,0,0
1789007565.6962206,64.59825205802917,-1.23195406140853,-0.4723245938661716,-2.7270899976240948,0.005229513277550711,0.007285224553958609,0,1,0.0,0.0,-37.27886621374637,-18.83789669140242,0.05,0.06288707747279357,0,0
1789007565.7470567,64.64908814430237,-1.2321062511166745,-0.47239175494054914,-2.72671733887777,0.002204288113952476,0.007496017338877634,0,1,0.0,0.0,-37.27886621374637,-18.83789669140242,0.05,0.05939628399908544,0,0
1789007565.797554,64.69958543777466,-1.232041627326695,-0.4722664247567625,-2.7263016490963747,0.0007826676754165302,0.008164013702824744,0,1,0.0,0.0,-37.27886621374637,-18.83789669140242,0.05,0.05939628399908544,0,0
1789007565.8481443,64.7501757144928,-1.2320887429823135,-0.4722868455552181,-2.7259650008243543,0.0004984989558024435,0.00831109751069974,0,1,0.0,0.0,-37.27886621374637,-18.83789669140242,0.05,0.05939628399908544,0,0
1789007565.8987632,64.80079460144043,-1.2321434921854848,-0.4722135015926074,-2.7257683312153267,0.004325025409880396,0.008632475318878587,0,1,0.0,0.0,-37.27886621374637,-18.83789669140242,0.05,0.054728827898701045,0,0
1789007565.9495509,64.85158228874207,-1.2325904761976851,-0.4724091615154684,-2.7258145478673113,0.01023014929122443,0.00868577477778853,0,1,0.0,0.0,-37.27886621374637,-18.83789669140242,0.05,0.054728827898701045,0,0
1789007566.000036,64.90206742286682,-1.2331360529879025,-0.4725523538534532,-2.7259833748325155,0.014742961762709443,0.008687629874804691,0,1,0.0,0.0,-37.27886621374637,-18.83789669140242,0.05,0.054728827898701045,0,0
1789007566.050683,64.95271444320679,-1.2338723403984222,-0.47287592545340573,-2.7261550445102953,0.01583726761057934,0.008637164626759964,0,1,0.0,0.0,-37.27886621374637,-18.83789669140242,0.05,0.054728827898701045,0,0
1789007566.1013765,65.00340795516968,-1.2345118940854514,-0.4730613353661737,-2.7261402950492664,0.016459315232205125,0.008341319491479909,0,1,0.0,0.0,-37.27886621374637,-18.83789669140242,0.05,0.05331109751015903,0,0
1789007566.1521904,65.05422186851501,-1.2352475645096128,-0.47338420296801814,-2.7264136946399695,0.015523918712617341,0.008244256281599381,0,1,0.0,0.0,-37.27886621374637,-18.83789669140242,0.05,0.05331109751015903,0,0
1789007566.202721,65.10475254058838,-1.2358728951666658,-0.47356459181032146,-2.7259402972342373,0.016483478322813123,0.00784493851284887,0,1,0.0,0.0,-37.27886621374637,-18.83789669140242,0.05,0.05331109751015903,0,0
1789007566.2533183,65.15534973144531,-1.2367475121309845,-0.4739504299081946,-2.7255460488591168,0.01898681829454353,0.00777714015489268,0,1,0.0,0.0,-37.27886621374637,-18.83789669140242,0.05,0.05035429696242016,0,0
1789007566.304085,65.20611643791199,-1.2375617393462408,-0.4742119215440136,-2.7261792437972208,0.020434972714270215,0.007440661331139797,0,1,0.0,0.0,-37.27886621374637,-18.83789669140242,0.05,0.05035429696242016,0,0
1789007566.3308773,65.23290872573853,-1.2380703025282191,-0.47443620452121765,-2.7259870062026725,0.020745049785647885,0.007288064848036076,0,1,0.0,0.0,-37.27886621374637,-18.83789669140242,0.05,0.05035429696242016,0,0
1789007566.3545277,65.25655913352966,-1.2383774851257603,-0.47447561863218957,-2.72625905198504,0.02077383867419866,0.0070812194147216205,0,1,0.0,0.0,-37.27886621374637,-18.83789669140242,0.05,0.05035429696242016,0,0
1789007566.4052083,65.30723977088928,-1.2394973039272688,-0.47496748062333455,-2.7264057145952942,0.024521576734823095,0.006727673788196592,0,1,0.0,0.0,-37.27886621374637,-18.83789669140242,0.05,0.04951160556326312,0,0
1789007566.4308326,65.3328640460968,-1.240171042780823,-0.4752641181122424,-2.726240774771024,0.029120733473343,0.006583518992006349,0,1,0.0,0.0,-37.27886621374637,-18.83789669140242,0.05,0.04951160556326312,0,0
1789007566.4559526,65.35798406600952,-1.2407100470307908,-0.4754054512070106,-2.7265562877187297,0.029985485517633147,0.0063669135717666974,0,1,0.0,0.0,-37.27886621374637,-18.83789669140242,0.05,0.04951160556326312,0,0
1789007566.5068386,65.40886998176575,-1.24219991443279,-0.47605814792660944,-2.727063806237924,0.032368434513519236,0.005889884074297031,0,1,0.0,0.0,-37.27886621374637,-18.83789669140242,0.05,0.04951160556326312,0,0
1789007566.5308332,65.43286466598511,-1.2429169008493415,-0.476373629415003,-2.7269325679306307,0.03274551157843258,0.0056731233152332115,0,1,0.0,0.0,-37.27886621374637,-18.83789669140242,0.05,0.04951160556326312,0,0
1789007566.5573237,65.4593551158905,-1.243560129463663,-0.4765608478944841,-2.727135756584899,0.03312016257975876,0.005412119192735783,0,1,0.0,0.0,-37.27886621374637,-18.83789669140242,0.05,0.04951160556326312,0,0
1789007566.6079605,65.50999188423157,-1.2450934037751402,-0.4772336183984057,-2.727234713810858,0.033327124717779315,0.005000538676815594,0,1,0.0,0.0,-37.27886621374637,-18.83789669140242,0.05,0.04874788612748186,0,0
1789007566.6309192,65.53295063972473,-1.245758247715508,-0.4775261183219995,-2.727128044499147,0.03174166805449048,0.004842391670170026,0,1,0.0,0.0,-37.27886621374637,-18.83789669140242,0.05,0.04874788612748186,0,0
1789007566.6588652,65.56089663505554,-1.246404923035163,-0.47771373753871477,-2.727524821329333,0.03176661394019589,0.004538875100219921,0,1,0.0,0.0,-37.27886621374637,-18.83789669140242,0.05,0.04874788612748186,0,0
1789007566.70943,65.61146140098572,-1.247760395074932,-0.4783084734268344,-2.727522544542963,0.02933831009095191,0.004112808075608308,0,1,0.0,0.0,-37.27886621374637,-18.83789669140242,0.05,0.04874788612748186,0,0
1789007566.7308924,65.63292384147644,-1.2483135154779323,-0.47855160707985045,-2.7274418633325124,0.02826944624798322,0.003960100311223909,0,1,0.0,0.0,-37.27886621374637,-18.83789669140242,0.05,0.04874788612748186,0,0
1789007566.760139,65.66217041015625,-1.2488967268800086,-0.4787131219844858,-2.727545684024772,0.02822259364968957,0.0037643194548000417,0,1,0.0,0.0,-37.27886621374637,-18.83789669140242,0.05,0.04874788612748186,0,0
1789007566.8107812,65.71281266212463,-1.2501846028581707,-0.4792783979412336,-2.7275051457652304,0.02784288309145931,0.003469026260930629,0,1,0.0,0.0,-37.27886621374637,-18.83789669140242,0.05,0.050412118975073104,0,0
1789007566.830834,65.73286533355713,-1.2506914715873771,-0.47950117509215723,-2.7274412319637835,0.02765909096423727,0.003359022200333949,0,1,0.0,0.0,-37.27886621374637,-18.83789669140242,0.05,0.050412118975073104,0,0
1789007566.8616495,65.763680934906,-1.2512943810096302,-0.479671715783581,-2.7275452890296576,0.027714929420195697,0.00315620874712861,0,1,0.0,0.0,-37.27886621374637,-18.83789669140242,0.05,0.050412118975073104,0,0
1789007566.9121609,65.81419229507446,-1.252664840669682,-0.480273510612472,-2.7274813076380626,0.029722908319895144,0.002874153387026364,0,1,0.0,0.0,-37.27886621374637,-18.83789669140242,0.05,0.050412118975073104,0,0
1789007566.9309042,65.83293557167053,-1.2532668418352721,-0.48053795365108226,-2.727432304566874,0.03419349970108132,0.002774893802667378,0,1,0.0,0.0,-37.27886621374637,-18.83789669140242,0.061662540399856886,0.05244614136715732,0,0
1789007566.9627683,65.8647997379303,-1.2541000647199516,-0.4808106498354743,-2.72744216200738,0.035259934106315886,0.0026464871622904813,0,1,0.0,0.0,-37.27886621374637,-18.83789669140242,0.06933830954134466,0.05244614136715732,0,0
1789007567.0134053,65.91543674468994,-1.2559394826767387,-0.4816185026518242,-2.7274179767930606,0.04000364529787844,0.002446713601395839,0,1,0.0,0.0,-37.27886621374637,-18.83789669140242,0.06933830954134466,0.05244614136715732,0,0
1789007567.0309086,65.9329400062561,-1.2565964649720758,-0.48190729119981013,-2.727378940533715,0.040914105626681456,0.0023716252084995206,0,1,0.0,0.0,-37.27886621374637,-18.83789669140242,0.06933830954134466,0.05244614136715732,0,0
1789007567.0643144,65.96634578704834,-1.257665823741452,-0.4822839243368048,-2.7274247553953517,0.04163528867345648,0.0022274064333300007,0,1,0.0,0.0,-37.27886621374637,-18.83789669140242,0.06933830954134466,0.05244614136715732,0,0
1789007567.1147974,66.01682877540588,-1.2595894072123661,-0.4831293480712308,-2.727352355356617,0.04201005207817183,0.0021360601842292733,0,1,0.0,0.0,-37.27886621374637,-18.83789669140242,0.06933830954134466,0.05244614136715732,0,0
1789007567.1308413,66.03287267684937,-1.260231212900301,-0.483411512284814,-2.727323922220279,0.043110406379373876,0.0020211755905381753,0,1,0.0,0.0,-37.27886621374637,-18.83789669140242,0.05,0.051207486766700956,0,0
1789007567.1654086,66.06744003295898,-1.2614033584797988,-0.48383421191553333,-2.727306462723308,0.04383229320663577,0.0019062305679203493,0,1,0.0,0.0,-37.27886621374637,-18.83789669140242,0.05,0.051207486766700956,0,0
1789007567.2163715,66.11840295791626,-1.2636516154546793,-0.484824773324719,-2.7269728343816952,0.04797583349841184,0.0018450317349969483,0,1,0.0,0.0,-37.27886621374637,-18.83789669140242,0.05,0.051207486766700956,0,0
1789007567.230945,66.13297653198242,-1.2643908588692825,-0.48515001472279545,-2.7269489920772205,0.05200165072012436,0.001782419211153734,0,1,0.0,0.0,-37.27886621374637,-18.83789669140242,0.05,0.051207486766700956,0,0
1789007567.266949,66.16898036003113,-1.2659123976034785,-0.48572998235321174,-2.726624782469334,0.053331027960939144,0.0017779277768734609,0,1,0.0,0.0,-37.27886621374637,-18.83789669140242,0.05,0.051207486766700956,0,0
1789007567.317568,66.21959948539734,-1.2684139311719484,-0.4868339840935079,-2.7263250341925183,0.054547101866264575,0.0017760997727459728,0,1,0.0,0.0,-37.27886621374637,-18.83789669140242,0.061673908750117336,0.053894073149810255,0,0
1789007567.330881,66.23291254043579,-1.269064583492912,-0.487120886719023,-2.7263004055297984,0.05421916994283725,0.0017939517364313345,0,1,0.0,0.0,-37.27886621374637,-18.83789669140242,0.07333350354992944,0.053894073149810255,0,0
1789007567.3682182,66.27024960517883,-1.2707032215921947,-0.4877534772592872,-2.726071556084516,0.05516379666106969,0.001831338399618578,0,1,0.0,0.0,-37.27886621374637,-18.83789669140242,0.08163528978824615,0.053894073149810255,0,0
1789007567.4193528,66.32138419151306,-1.2732950567300212,-0.48890086660209187,-2.7256042818526836,0.05603454527791175,0.00185987350418181,0,1,0.0,0.0,-37.27886621374637,-18.83789669140242,0.08163528978824615,0.053894073149810255,0,0
1789007567.4308338,66.3328652381897,-1.2739020334225253,-0.48916897294528483,-2.7255791274179284,0.05698233706211654,0.0019392342001996706,0,1,0.0,0.0,-37.27886621374637,-18.83789669140242,0.0920016513764858,0.053449085826675104,0,0
1789007567.4698467,66.37187814712524,-1.2757127981484653,-0.4898800590055695,-2.725296392035143,0.05809335579369024,0.002038768187961687,0,1,0.0,0.0,-37.27886621374637,-18.83789669140242,0.0920016513764858,0.053449085826675104,0,0
1789007567.4808326,66.38286399841309,-1.276297575831469,-0.4901386101447805,-2.7252712053535904,0.0583311995670497,0.0020905086385352,0,1,0.0,0.0,-37.27886621374637,-18.83789669140242,0.0920016513764858,0.053449085826675104,0,0
1789007567.530835,66.43286633491516,-1.2789739495294976,-0.49132384476203433,-2.7250082456845326,0.05877198350643177,0.002171631254143988,0,1,0.0,0.0,-37.27886621374637,-18.83789669140242,0.0920016513764858,0.053449085826675104,0,0
1789007567.5711057,66.47313714027405,-1.2808986269180687,-0.4920861595585573,-2.72480847397217,0.059741932292761285,0.002255530007671281,0,1,0.0,0.0,-37.27886621374637,-18.83789669140242,0.0920016513764858,0.053449085826675104,0,0
1789007567.580889,66.4829204082489,-1.2814114677956119,-0.492313249357906,-2.7247839033896386,0.05903560337535283,0.002300183937159436,0,1,0.0,0.0,-37.27886621374637,-18.83789669140242,0.0920016513764858,0.053449085826675104,0,0
1789007567.6309044,66.53293585777283,-1.284145226183154,-0.49352739204538487,-2.724353219181697,0.06056698451751416,0.002424126430721669,0,1,0.0,0.0,-37.27886621374637,-18.83789669140242,0.0,0.0,0,0
1789007567.6726131,66.57464456558228,-1.2862042137086018,-0.49435071592678753,-2.7241882042431884,0.06163810796953154,0.0025290065339609595,0,1,0.0,0.0,-37.27886621374637,-18.83789669140242,0.0,0.0,0,0
1789007567.6808414,66.58287286758423,-1.286712753817678,-0.49457613654597066,-2.724164451958533,0.06364507797220759,0.0025848046999531675,0,1,0.0,0.0,-37.27886621374637,-18.83789669140242,0.0,0.0,0,0
1789007567.730921,66.63295245170593,-1.28968585385206,-0.4958949794297884,-2.7240064481212243,0.0662683936624838,0.002650626566069591,0,1,0.0,0.0,-37.27886621374637,-18.83789669140242,0.0,0.0,0,0
1789007567.7740123,66.67604374885559,-1.2920376308859538,-0.49684824614679396,-2.723935238778696,0.06763861743270935,0.0027102097211860934,0,1,0.0,0.0,-37.27886621374637,-18.83789669140242,0.0,0.0,0,0
1789007567.7809227,66.68295407295227,-1.2924521907972857,-0.4970322356962054,-2.723914993277243,0.06728010205819594,0.002742533593508252,0,1,0.0,0.0,-37.27886621374637,-18.83789669140242,0.0,0.0,0,0
1789007567.8309045,66.73293590545654,-1.2955301935103476,-0.49839753630846306,-2.7238385954116224,0.06741922865498202,0.0027666321792270848,0,1,0.0,0.0,-37.27886621374637,-18.83789669140242,0.0,0.0,0,0
1789007567.875032,66.77706336975098,-1.2979679972739382,-0.49939051713344806,-2.723706183438239,0.06844979263952153,0.002766980327393517,0,1,0.0,0.0,-37.27886621374637,-18.83789669140242,0.0,0.0,0,0
1789007567.8809214,66.78295278549194,-1.29820183446108,-0.49949460414966473,-2.7236883992862695,0.0632953358267583,0.0027948819820201635,0,1,0.0,0.0,-37.27886621374637,-18.83789669140242,0.0,0.0,0,0
1789007567.930834,66.83286547660828,-1.3007554492375093,-0.5006290702495831,-2.7235660858030886,0.04844356489440209,0.0028168562423203135,0,1,0.0,0.0,-37.27886621374637,-18.83789669140242,0.0,0.0,0,0
1789007567.9764745,66.87850594520569,-1.3024621887687418,-0.5012969414283164,-2.723553716902918,0.04858215645365589,0.0028123201445266477,0,1,0.0,0.0,-37.27886621374637,-18.83789669140242,0.0,0.0,0,0
1789007567.980919,66.88295030593872,-1.3022218406443962,-0.5011908477271483,-2.723541054987116,0.033333231746877454,0.0028155729969523017,0,1,0.0,0.0,-37.27886621374637,-18.83789669140242,0.0,0.0,0,0
1789007568.0308366,66.93286800384521,-1.303612216619334,-0.5018077462696383,-2.7234923283860923,0.027467034781615086,0.00279945994689507,0,1,0.0,0.0,-37.27886621374637,-18.83789669140242,0.011674042800132156,0.018344924400207675,0,0
1789007568.0778718,66.97990322113037,-1.3044519722615815,-0.5020916392266248,-2.7234288791713746,0.026673612100490615,0.0027966039739946826,0,1,0.0,0.0,-37.27886621374637,-18.83789669140242,0.023342586750004557,0.03668120775000716,0,0
1789007568.0809302,66.98296165466309,-1.3044971065855893,-0.5021117453234071,-2.723421471085566,0.02553628186745062,0.0027770139969430837,0,1,0.0,0.0,-37.27886621374637,-18.83789669140242,0.03500442155000201,0.03774253357201816,0,0
1789007568.1308463,67.03287768363953,-1.3055211252184686,-0.502565814239487,-2.723426238950196,0.018944707748400565,0.0027285866717584426,0,1,0.0,0.0,-37.27886621374637,-18.83789669140242,0.046677825949882394,0.03774253357201816,0,0
1789007568.1792204,67.08125185966492,-1.3060047200969551,-0.5026916396061736,-2.723406551582553,0.017812311434179922,0.0027237078233470816,0,1,0.0,0.0,-37.27886621374637,-18.83789669140242,0.05,0.03774253357201816,0,0
1789007568.180905,67.08293652534485,-1.305764912339864,-0.5025854443782334,-2.723404815128086,0.008153180030265316,0.0026727369860799744,0,1,0.0,0.0,-37.27886621374637,-18.83789669140242,0.05,0.037812320133671175,0,0
1789007568.2308328,67.13286423683167,-1.3060018538661922,-0.502690185904267,-2.7233968005368667,0.0017879818289872462,0.002608083663804216,0,1,0.0,0.0,-37.27886621374637,-18.83789669140242,0.05,0.037812320133671175,0,0
1789007568.2803478,67.18237924575806,-1.3057114275313586,-0.5024725327740825,-2.723395166320342,-5.8840362288682025e-05,0.0026025834890581637,0,1,0.0,0.0,-37.27886621374637,-18.83789669140242,0.05,0.037812320133671175,0,0
1789007568.2808821,67.18291354179382,-1.3056999250903336,-0.5024674472817834,-2.723397781393109,-0.0004752010880934297,0.0025347306710145636,0,1,0.0,0.0,-37.27886621374637,-18.83789669140242,0.05,0.037812320133671175,0,0
1789007568.331551,67.23358249664307,-1.305660179324856,-0.5024455710527159,-2.7244326176780347,-0.0011852920388331026,0.0021915651937701106,0,1,0.0,0.0,-37.27886621374637,-18.83789669140242,0.05,0.037812320133671175,0,0
1789007568.3820453,67.28407669067383,-1.3052354024342694,-0.5021665041413395,-2.725338297725229,-0.003029878273744028,0.002146998382703935,0,1,0.0,0.0,-37.27886621374637,-18.83789669140242,0.05,0.05612989413399192,0,0
1789007568.43346,67.3354914188385,-1.3056672660521151,-0.5023557056834782,-2.726191333122985,0.008621768861186185,0.001233427437496663,0,1,0.0,0.0,-37.27886621374637,-18.83789669140242,0.05,0.05772370781749488,0,0
1789007568.4844756,67.38650703430176,-1.3057138324533026,-0.5022851502342156,-2.727405203931922,0.007408993273431343,0.0011793295139646024,0,1,0.0,0.0,-37.27886621374637,-18.83789669140242,0.05,0.05772370781749488,0,0
1789007568.5352392,67.4372706413269,-1.3062443005729358,-0.5025176879292104,-2.7279070316981797,0.010187600326873474,7.892904984997783e-05,0,1,0.0,0.0,-37.27886621374637,-18.83789669140242,0.05,0.060868063926075903,0,0
1789007568.5860734,67.48810482025146,-1.3063711187177647,-0.502483723754139,-2.7283559855442694,0.009262309676428649,-0.0002689484443502267,0,1,0.0,0.0,-37.27886621374637,-18.83789669140242,0.05,0.060868063926075903,0,0
1789007568.6368089,67.53884029388428,-1.306757060543664,-0.5026522051543574,-2.7287697305546277,0.005825688174233248,-0.0009821944034787713,0,1,0.0,0.0,-37.27886621374637,-18.83789669140242,0.05,0.060868063926075903,0,0
1789007568.6413429,67.54337430000305,-1.3064427795361888,-0.5024256664341956,-2.728788860863687,0.005440348828733561,-0.0012442949600360788,0,1,0.0,0.0,-37.27886621374637,-18.83789669140242,0.05,0.060868063926075903,0,0
1789007568.68775,67.58978152275085,-1.306592195346876,-0.5024903547006682,-2.7292328067670977,0.0018142557457813985,-0.0016847217375752525,0,1,0.0,0.0,-37.27886621374637,-18.83789669140242,0.05,0.060868063926075903,0,0
1789007568.7392056,67.64123702049255,-1.306714119011921,-0.5025437130043197,-2.7294106842037547,0.0027653810749259863,-0.0019763159978745644,0,1,0.0,0.0,-37.27886621374637,-18.83789669140242,0.05,0.03089180712589345,0,0
1789007568.7897792,67.69181060791016,-1.3065267281705413,-0.5023731875520638,-2.729424823769435,0.0033071433703673,-0.0024244829848197673,0,1,0.0,0.0,-37.27886621374637,-18.83789669140242,0.05,-0.017154003864464657,0,0
1789007568.8404903,67.7425217628479,-1.3066983583238487,-0.5024484298388123,-2.729431498862659,0.0036099916080481274,-0.002576089279210563,0,1,0.0,0.0,-37.27886621374637,-18.83789669140242,0.05,-0.017154003864464657,0,0
1789007568.8422232,67.74425458908081,-1.3063756873665526,-0.5022187994620128,-2.7294416640826,0.0036724835076480927,-0.002688828612735175,0,1,0.0,0.0,-37.27886621374637,-18.83789669140242,0.05,-0.01624429492279887,0,0
1789007568.891322,67.79335331916809,-1.306541350922516,-0.50229143400318,-2.7294203577795884,0.00368480110212531,-0.0028334072880001906,0,1,0.0,0.0,-37.27886621374637,-18.83789669140242,0.05,-0.01624429492279887,0,0
1789007568.9418461,67.84387755393982,-1.3066564713224298,-0.502341765295053,-2.7295179060750985,0.0017267433720566526,-0.002930576970868866,0,1,0.0,0.0,-37.27886621374637,-18.83789669140242,0.05,-0.01624429492279887,0,0
1789007568.9439979,67.84602928161621,-1.3063269619466438,-0.5021094165092536,-2.729527887652987,0.0015774884479373044,-0.0030060781581122157,0,1,0.0,0.0,-37.27886621374637,-18.83789669140242,0.05,-0.01624429492279887,0,0
1789007568.9925053,67.89453673362732,-1.3063336972215172,-0.5021123048347835,-2.729645285467912,-0.001179740201737367,-0.003091505401424883,0,1,0.0,0.0,-37.27886621374637,-18.83789669140242,0.05,-0.01624429492279887,0,0
1789007569.0433185,67.94534993171692,-1.306249856036445,-0.5020757191643092,-2.7297077632347317,-0.002374725910604755,-0.0031466634290247663,0,1,0.0,0.0,-37.27886621374637,-18.83789669140242,0.05,-0.01624429492279887,0,0
1789007569.0937705,67.99580192565918,-1.3057989219254742,-0.5017905758079754,-2.7301663964782166,-0.0028077351936366328,-0.003332658514877802,0,1,0.0,0.0,-37.27886621374637,-18.83789669140242,0.05,-0.014355495289588965,0,0
1789007569.1443639,68.04639530181885,-1.3059261412096903,-0.5018464418596665,-2.730559079179024,0.003935841539689508,-0.0034157916742608486,0,1,0.0,0.0,-37.27886621374637,-18.83789669140242,0.05,-0.014355495289588965,0,0
1789007569.145166,68.04719734191895,-1.3056180176807328,-0.5016240321267815,-2.7305666049993826,0.004668179463843462,-0.0035131554478451173,0,1,0.0,0.0,-37.27886621374637,-18.83789669140242,0.05,-0.014355495289588965,0,0
1789007569.1949801,68.09701156616211,-1.3062084267718987,-0.5018817873284572,-2.7311278701682724,0.015483429947665736,-0.0037159114740163584,0,1,0.0,0.0,-37.27886621374637,-18.83789669140242,0.05,-0.014355495289588965,0,0
1789007569.2459502,68.14798164367676,-1.3070762567707102,-0.5022591415024209,-2.731778550709955,0.019478505082246717,-0.003820728077116599,0,1,0.0,0.0,-37.27886621374637,-18.83789669140242,0.05,-0.014758172162498038,0,0
1789007569.2498736,68.15190505981445,-1.306827870724502,-0.5020629169098776,-2.731801274312654,0.019996968822773166,-0.0040005272429539055,0,1,0.0,0.0,-37.27886621374637,-18.83789669140242,0.05,-0.014758172162498038,0,0
1789007569.2964098,68.19844126701355,-1.3077315757244445,-0.5024549349608302,-2.732324281297998,0.02143524670535938,-0.004311509193221242,0,1,0.0,0.0,-37.27886621374637,-18.83789669140242,0.05,-0.014758172162498038,0,0
1789007569.3469694,68.24900078773499,-1.308735452066671,-0.5028897687067828,-2.732785122948896,0.02176400521038869,-0.00444575171708028,0,1,0.0,0.0,-37.27886621374637,-18.83789669140242,0.05,-0.014758172162498038,0,0
1789007569.3975594,68.29959082603455,-1.309298745497582,-0.5030436528678016,-2.7335150764391947,0.018598841329491755,-0.004890701704223995,0,1,0.0,0.0,-37.27886621374637,-18.83789669140242,0.0,0.0,0,0
1789007569.4486444,68.35067582130432,-1.3100121148055242,-0.5033499342821487,-2.734344911939414,0.014408366973564683,-0.005038215420086078,0,1,0.0,0.0,-37.27886621374637,-18.83789669140242,0.0,0.0,0,0
1789007569.4991207,68.40115213394165,-1.3102560132115608,-0.5033652410181954,-2.734945598475645,0.012366686390646678,-0.005687980911159898,0,1,0.0,0.0,-37.27886621374637,-18.83789669140242,0.0,0.0,0,0
1789007569.5496895,68.45172095298767,-1.3108146324537244,-0.5036051652682825,-2.7354495087385606,0.011851054613912471,-0.005851102357595164,0,1,0.0,0.0,-37.27886621374637,-18.83789669140242,0.0,0.0,0,0
1789007569.6004782,68.50250959396362,-1.3110244368771857,-0.5036056962293958,-2.7360410286656136,0.011693525441066542,-0.006367682971942525,0,1,0.0,0.0,-37.27886621374637,-18.83789669140242,0.0,0.0,0,0
1789007569.650944,68.55297541618347,-1.311438633254801,-0.5037830687211304,-2.7364094415655105,0.008373941772065803,-0.006520335369748627,0,1,0.0,0.0,-37.27886621374637,-18.83789669140242,0.0,0.0,0,0
1789007569.7016006,68.6036319732666,-1.3112800390461605,-0.5036254388855973,-2.7367659315315924,0.0030656562373323815,-0.006874571815656302,0,1,0.0,0.0,-37.27886621374637,-18.83789669140242,0.01166461240022727,-0.013371548646440112,0,0
1789007569.752233,68.65426445007324,-1.3113694346143772,-0.5036637607505267,-2.7370519896306167,0.0014820898355288896,-0.006951688830464945,0,1,0.0,0.0,-37.27886621374637,-18.83789669140242,0.023321620000024267,-0.013371548646440112,0,0
1789007569.8030922,68.70512366294861,-1.311077990102023,-0.5034503042554387,-2.7371812489141227,0.000809136469385371,-0.007122365960604648,0,1,0.0,0.0,-37.27886621374637,-18.83789669140242,0.046664968350250996,-0.013371548646440112,0,0
1789007569.8535924,68.75562381744385,-1.311121468593243,-0.5034691426153926,-2.737392537351331,0.000639933055035642,-0.007153423366325704,0,1,0.0,0.0,-37.27886621374637,-18.83789669140242,0.05,-0.013371548646440112,0,0
1789007569.9042156,68.8062469959259,-1.3108053781927518,-0.5032452564381796,-2.73755486812767,0.00020945421181377673,-0.007172049036674449,0,1,0.0,0.0,-37.27886621374637,-18.83789669140242,0.05,0.034969371754111,0,0
1789007569.9308777,68.83290910720825,-1.310795069813643,-0.5032407961927473,-2.737745805984946,-0.0006520132515319639,-0.007166526759132648,0,1,0.0,0.0,-37.27886621374637,-18.83789669140242,0.05,0.05329687215400251,0,0
1789007569.9549272,68.8569586277008,-1.3104346209968851,-0.5029982770655939,-2.7375598599359883,-0.0010717789050468318,-0.007112259756357014,0,1,0.0,0.0,-37.27886621374637,-18.83789669140242,0.05,0.05514633110413949,0,0
1789007570.005339,68.9073703289032,-1.3103519092296043,-0.5029629593212731,-2.7377448953911068,-0.002184880416865195,-0.00702810927376745,0,1,0.0,0.0,-37.27886621374637,-18.83789669140242,0.05,0.05514633110413949,0,0
1789007570.0309033,68.93293476104736,-1.3103033577551233,-0.502942241880903,-2.7379228565992593,-0.002218202026966448,-0.006994128636239997,0,1,0.0,0.0,-37.27886621374637,-18.83789669140242,0.05,0.054544300908843685,0,0
1789007570.0559003,68.95793175697327,-1.309910291158339,-0.5026858965069176,-2.7378833881314195,-0.0025429063085316045,-0.006932514652430408,0,1,0.0,0.0,-37.27886621374637,-18.83789669140242,0.05,0.054544300908843685,0,0
1789007570.1064446,69.00847601890564,-1.309802198639691,-0.5026398051043114,-2.737987222390797,-0.002625737267684963,-0.006818007022575464,0,1,0.0,0.0,-37.27886621374637,-18.83789669140242,0.05,0.054544300908843685,0,0
1789007570.130835,69.03286647796631,-1.309752186504394,-0.5026184987501804,-2.738150979150724,-0.00236259764183732,-0.006769241943048357,0,1,0.0,0.0,-37.27886621374637,-18.83789669140242,0.05,0.054544300908843685,0,0
1789007570.1573002,69.05933165550232,-1.3093553987799889,-0.502360763099208,-2.7376253037406864,-0.0026261074712101186,-0.006587928914028667,0,1,0.0,0.0,-37.27886621374637,-18.83789669140242,0.05,0.054544300908843685,0,0
1789007570.207807,69.10983848571777,-1.3094143288850304,-0.5023862519038188,-2.7374936102506706,0.0012789583915930128,-0.006293784712576818,0,1,0.0,0.0,-37.27886621374637,-18.83789669140242,0.05,0.05463855727265278,0,0
1789007570.230909,69.13294053077698,-1.309542414238485,-0.502441377851332,-2.7376331073036875,0.0059362734725492295,-0.0061757997144153715,0,1,0.0,0.0,-37.27886621374637,-18.83789669140242,0.05,0.05463855727265278,0,0
1789007570.2584872,69.16051864624023,-1.3093720871144345,-0.5022808171755969,-2.7373508252751497,0.006615216149991088,-0.005989085754688732,0,1,0.0,0.0,-37.27886621374637,-18.83789669140242,0.05,0.05463855727265278,0,0
1789007570.309182,69.21121335029602,-1.3097635693922065,-0.5024486479937612,-2.737062279876688,0.008516101381865851,-0.00564970416053016,0,1,0.0,0.0,-37.27886621374637,-18.83789669140242,0.05,0.05463855727265278,0,0
1789007570.3309128,69.23294425010681,-1.3099431267896362,-0.5025255532998774,-2.737177799114892,0.008955673354009284,-0.005508980666823348,0,1,0.0,0.0,-37.27886621374637,-18.83789669140242,0.05,0.05463855727265278,0,0
1789007570.360216,69.26224732398987,-1.3098500460793876,-0.5023990082621591,-2.736422498894414,0.009118587764814027,-0.005163874023048477,0,1,0.0,0.0,-37.27886621374637,-18.83789669140242,0.05,0.055078737574319046,0,0
1789007570.410856,69.31288743019104,-1.3102797833663988,-0.5025836878738614,-2.736272315997466,0.009298314142846974,-0.004671620026852461,0,1,0.0,0.0,-37.27886621374637,-18.83789669140242,0.05,0.055078737574319046,0,0
1789007570.4309094,69.33294081687927,-1.3104582282319095,-0.502660271582365,-2.7363571661349515,0.009637026734346507,-0.004492423809838413,0,1,0.0,0.0,-37.27886621374637,-18.83789669140242,0.05,0.055078737574319046,0,0
1789007570.4616358,69.36366724967957,-1.3103952274381347,-0.502546920865269,-2.7361130558157045,0.00980218012037255,-0.004245510291229099,0,1,0.0,0.0,-37.27886621374637,-18.83789669140242,0.05,0.055078737574319046,0,0
1789007570.5126038,69.414635181427,-1.3108798125573726,-0.5027559539682254,-2.7355846856275163,0.010434546926898072,-0.003735729055120459,0,1,0.0,0.0,-37.27886621374637,-18.83789669140242,0.05,0.055078737574319046,0,0
1789007570.530848,69.43287944793701,-1.3110558829016659,-0.5028316475171991,-2.73564304168437,0.010503443106155525,-0.003518304045871856,0,1,0.0,0.0,-37.27886621374637,-18.83789669140242,0.05,0.055078737574319046,0,0
1789007570.5630288,69.46506023406982,-1.311029034767693,-0.5027344805350195,-2.735362445513078,0.010647969573114216,-0.0032321731180796807,0,1,0.0,0.0,-37.27886621374637,-18.83789669140242,0.05,0.025091939974287623,0,0
1789007570.613731,69.51576232910156,-1.3115231188226864,-0.5029476003077649,-2.7351429918544317,0.010704797354360421,-0.00279457141785516,0,1,0.0,0.0,-37.27886621374637,-18.83789669140242,0.05,-0.004916803225308589,0,0
1789007570.6308339,69.53286528587341,-1.3116889193003032,-0.5030189623732243,-2.7351826767654157,0.010604821700251555,-0.002632709849587287,0,1,0.0,0.0,-37.27886621374637,-18.83789669140242,0.05,-0.010508980713784699,0,0
1789007570.664287,69.56631851196289,-1.3116748815091193,-0.5029277403177088,-2.734936582956232,0.010710709044641165,-0.0023959695955146254,0,1,0.0,0.0,-37.27886621374637,-18.83789669140242,0.05,-0.010508980713784699,0,0
1789007570.7151556,69.61718702316284,-1.3121276586176798,-0.5031243708137196,-2.7341729045005634,0.009866036712014876,-0.0022262454428917324,0,1,0.0,0.0,-37.27886621374637,-18.83789669140242,0.05,-0.010508980713784699,0,0
1789007570.7308338,69.63286519050598,-1.3122355889007087,-0.5031709436702788,-2.7341890679609233,0.008575127216500696,-0.0018244580669114464,0,1,0.0,0.0,-37.27886621374637,-18.83789669140242,0.05,-0.012069062360872821,0,0
1789007570.7655928,69.6676242351532,-1.3121638534936069,-0.5030553528102222,-2.733979880023572,0.008482332796951765,-0.0014438928295695882,0,1,0.0,0.0,-37.27886621374637,-18.83789669140242,0.05,-0.012069062360872821,0,0
1789007570.8162024,69.71823382377625,-1.3125368068327354,-0.5032167988911651,-2.7338065781762007,0.008073477040830565,-0.001217601554342306,0,1,0.0,0.0,-37.27886621374637,-18.83789669140242,0.05,-0.012069062360872821,0,0
1789007570.8309066,69.73293805122375,-1.312642352770757,-0.5032623933750502,-2.7338089257734586,0.00792665075538867,-0.0009341151143166794,0,1,0.0,0.0,-37.27886621374637,-18.83789669140242,0.05,-0.012069062360872821,0,0
1789007570.8667817,69.76881313323975,-1.3125591114557777,-0.5031421131999261,-2.733629863747887,0.00790462031023439,-0.0006458952909153099,0,1,0.0,0.0,-37.27886621374637,-18.83789669140242,0.05,-0.012069062360872821,0,0
1789007570.9176102,69.81964159011841,-1.3132279460987761,-0.5034306799946344,-2.7339003948252483,0.013204606850752868,-0.0004883284008916334,0,1,0.0,0.0,-37.27886621374637,-18.83789669140242,0.05,0.017933949638760778,0,0
1789007570.9308586,69.83289003372192,-1.313543647342469,-0.5035670471871945,-2.7338970988745435,0.019372682853866504,-0.0002876474840410528,0,1,0.0,0.0,-37.27886621374637,-18.83789669140242,0.05,0.03625562443923325,0,0
1789007570.9680834,69.87011480331421,-1.313883351436568,-0.5036291090641173,-2.7339906337492565,0.020460189007792517,-0.00013215952203575758,0,1,0.0,0.0,-37.27886621374637,-18.83789669140242,0.05,0.054589020838799726,0,0
1789007571.0187755,69.92080688476562,-1.3147773758272079,-0.504014710047199,-2.734145889877339,0.01975997999810863,-4.616846173175779e-05,0,1,0.0,0.0,-37.27886621374637,-18.83789669140242,0.05,0.05610708797660968,0,0
1789007571.0308335,69.93286490440369,-1.3149725105482646,-0.5040989253564441,-2.7341417851169822,0.018887828969409697,3.925353288677526e-05,0,1,0.0,0.0,-37.27886621374637,-18.83789669140242,0.05,0.05610708797660968,0,0
1789007571.069795,69.97182631492615,-1.3153051854546673,-0.504157144409708,-2.734501459563148,0.019264924761530636,7.462815764149823e-05,0,1,0.0,0.0,-37.27886621374637,-18.83789669140242,0.05,0.0543541046860628,0,0
1789007571.1202738,70.02230525016785,-1.3161740061754463,-0.5045310945588745,-2.7347066899589367,0.019106612651965935,9.496117763777542e-05,0,1,0.0,0.0,-37.27886621374637,-18.83789669140242,0.05,0.0543541046860628,0,0
1789007571.1308322,70.03286361694336,-1.316222830268656,-0.50455205886493,-2.7347055289050104,0.013480120678132427,9.802883438440027e-05,0,1,0.0,0.0,-37.27886621374637,-18.83789669140242,0.05,0.0543541046860628,0,0
1789007571.171,70.07303142547607,-1.3163559273392014,-0.5045245978697596,-2.7348874334662487,0.013089779101665679,7.522000356170047e-05,0,1,0.0,0.0,-37.27886621374637,-18.83789669140242,0.05,0.0543541046860628,0,0
1789007571.1808803,70.08291172981262,-1.31641020079945,-0.504547934691021,-2.734887199330809,0.010522278143472385,6.609041092371423e-05,0,1,0.0,0.0,-37.27886621374637,-18.83789669140242,0.05,0.0543541046860628,0,0
1789007571.230912,70.13294339179993,-1.3169551355837434,-0.5047830760922504,-2.734753625690939,0.013166510884946973,9.15459509889674e-05,0,1,0.0,0.0,-37.27886621374637,-18.83789669140242,0.0,0.0,0,0
1789007571.272702,70.17473340034485,-1.3171127144043064,-0.504768497514437,-2.734213758246911,0.013517753107155871,0.00024570715382732784,0,1,0.0,0.0,-37.27886621374637,-18.83789669140242,0.0,0.0,0,0
1789007571.2808356,70.1828670501709,-1.3172355594144625,-0.5048215023357643,-2.7342082399418515,0.01439105190909848,0.0003188168573515847,0,1,0.0,0.0,-37.27886621374637,-18.83789669140242,0.0,0.0,0,0
1789007571.33091,70.23294138908386,-1.3179096439161933,-0.5051135066970408,-2.733805634640311,0.014957125888532735,0.0004750221730966342,0,1,0.0,0.0,-37.27886621374637,-18.83789669140242,0.0,0.0,0,0
1789007571.373807,70.27583837509155,-1.3181453722043255,-0.5051329373041379,-2.7334531086496385,0.015188870705358404,0.00066680541136934,0,1,0.0,0.0,-37.27886621374637,-18.83789669140242,0.0,0.0,0,0
1789007571.3808832,70.28291463851929,-1.3182286372132772,-0.5051689481909073,-2.7334430902915545,0.014606813773383966,0.0007641694072448396,0,1,0.0,0.0,-37.27886621374637,-18.83789669140242,0.0,0.0,0,0
1789007571.4308908,70.3329222202301,-1.3188326653107292,-0.5054308800233432,-2.7331598170022047,0.011590273172408174,0.0009502663432426621,0,1,0.0,0.0,-37.27886621374637,-18.83789669140242,0.0,0.0,0,0
1789007571.4752035,70.3772349357605,-1.318943792290283,-0.5053964213238987,-2.7330339338336858,0.011580203956007125,0.0009531588088775032,0,1,0.0,0.0,-37.27886621374637,-18.83789669140242,0.0,0.0,0,0
1789007571.4809024,70.38293385505676,-1.3189171883748756,-0.5053849432053146,-2.733019661069536,0.008272301864487745,0.00112316982373616,0,1,0.0,0.0,-37.27886621374637,-18.83789669140242,0.0,0.0,0,0
1789007571.5308325,70.43286395072937,-1.3192671648820853,-0.5055366254134774,-2.732894270679564,0.00697568236958535,0.001276468896515304,0,1,0.0,0.0,-37.27886621374637,-18.83789669140242,0.0,0.0,0,0
1789007571.5765061,70.47853755950928,-1.3191940158348348,-0.5054226043621302,-2.7327982288941906,0.0067695024633813395,0.0012779783311838515,0,1,0.0,0.0,-37.27886621374637,-18.83789669140242,0.0,0.0,0,0
1789007571.5808315,70.48286294937134,-1.3192149240142406,-0.5054316605702126,-2.732784967812293,0.006548433255864092,0.0014087193526485264,0,1,0.0,0.0,-37.27886621374637,-18.83789669140242,0.0,0.0,0,0
1789007571.6309042,70.53293561935425,-1.3195128814618236,-0.5055604293674649,-2.732854568726155,0.006420603877909972,0.0015045995881765436,0,1,0.0,0.0,-37.27886621374637,-18.83789669140242,0.0,0.0,0,0
1789007571.677771,70.57980251312256,-1.3194227731981116,-0.5054393393736841,-2.732739947694764,0.006204679261295866,0.0015064801685270536,0,1,0.0,0.0,-37.27886621374637,-18.83789669140242,0.0,0.0,0,0
1789007571.6808317,70.58286309242249,-1.3193872034526863,-0.5054239520002354,-2.7327303131077474,0.004314531233601622,0.0015949659499095005,0,1,0.0,0.0,-37.27886621374637,-18.83789669140242,0.0,0.0,0,0
1789007571.7308016,70.6328330039978,-1.3195215757828302,-0.5054822403659468,-2.732623902943257,0.0013581559494505859,0.0016720433026900681,0,1,0.0,0.0,-37.27886621374637,-18.83789669140242,0.011728687949835148,-0.01721016354703654,0,0
1789007571.7789507,70.68098211288452,-1.3192107591548337,-0.505265736855243,-2.7325415890486946,0.0009264328152903187,0.0016721205420423997,0,1,0.0,0.0,-37.27886621374637,-18.83789669140242,0.02333800559990777,-0.01721016354703654,0,0
1789007571.7809043,70.68293571472168,-1.3191917722899744,-0.505257514851766,-2.732534493206459,0.00018877168555212054,0.0017360858369494866,0,1,0.0,0.0,-37.27886621374637,-18.83789669140242,0.03500427559979471,-0.01721016354703654,0,0
1789007571.8308659,70.73289728164673,-1.3191915167003645,-0.5052575495653221,-2.7322981262967097,-0.00018743639004357047,0.00183922919865938,0,1,0.0,0.0,-37.27886621374637,-18.83789669140242,0.04667498114972659,-0.01721016354703654,0,0
1789007571.8803656,70.78239703178406,-1.3188121363110006,-0.5050114819093277,-2.732329950763764,-0.0006608634898617796,0.0018338596753093512,0,1,0.0,0.0,-37.27886621374637,-18.83789669140242,0.05,-0.01721016354703654,0,0
1789007571.8808815,70.78291296958923,-1.3188222580337334,-0.5050158643621617,-2.732326174383436,-0.0002907362092292628,0.001884778465212262,0,1,0.0,0.0,-37.27886621374637,-18.83789669140242,0.05,-0.01721016354703654,0,0
1789007571.9309602,70.83299160003662,-1.3187823152374485,-0.5049984782518642,-2.7323551897332723,-0.001552828802263589,0.0018987813031672751,0,1,0.0,0.0,-37.27886621374637,-18.83789669140242,0.05,-0.016738367405099167,0,0
1789007571.9817817,70.88381314277649,-1.318339294475386,-0.5047250503847523,-2.732545293246226,-0.002059647813194416,0.0018864207119912927,0,1,0.0,0.0,-37.27886621374637,-18.83789669140242,0.05,-0.016738367405099167,0,0
1789007572.0322454,70.93427681922913,-1.318133656674426,-0.5046358990652915,-2.732621372857289,-0.004021493293686369,0.0017927998076340788,0,1,0.0,0.0,-37.27886621374637,-18.83789669140242,0.05,-0.016738367405099167,0,0
1789007572.082848,70.98487949371338,-1.3175767735357007,-0.504313546048554,-2.732864641671703,-0.004594727554678126,0.0017783083967577548,0,1,0.0,0.0,-37.27886621374637,-18.83789669140242,0.05,-0.016738367405099167,0,0
1789007572.1334493,71.03548073768616,-1.317456760525055,-0.5042616363777057,-2.7330890748626455,-0.0009996962335981755,0.0015420462542701592,0,1,0.0,0.0,-37.27886621374637,-18.83789669140242,0.05,-0.01649947361865391,0,0
1789007572.184313,71.08634448051453,-1.3170463511823796,-0.5040031279488019,-2.7334562195981413,-0.001372723307122378,0.0015230054115943686,0,1,0.0,0.0,-37.27886621374637,-18.83789669140242,0.05,-0.01649947361865391,0,0
1789007572.2347622,71.13679361343384,-1.3175596008164001,-0.504225164893096,-2.733584498380308,0.008687239943507298,0.001195871970210199,0,1,0.0,0.0,-37.27886621374637,-18.83789669140242,0.05,-0.01649947361865391,0,0
1789007572.2853272,71.18735861778259,-1.317628818266651,-0.5041739745110878,-2.7339393394487512,0.009097467758303905,0.0010782946069571111,0,1,0.0,0.0,-37.27886621374637,-18.83789669140242,0.05,-0.016555024914753923,0,0
1789007572.3363395,71.23837089538574,-1.3181406163496376,-0.5043945435808757,-2.734491413993373,0.010507730326800569,0.0007679497653455095,0,1,0.0,0.0,-37.27886621374637,-18.83789669140242,0.05,-0.016555024914753923,0,0
1789007572.3868005,71.28883194923401,-1.3182773679197983,-0.5043720875938223,-2.7348054685185734,0.010737027529165067,0.0005586277941895073,0,1,0.0,0.0,-37.27886621374637,-18.83789669140242,0.05,-0.016555024914753923,0,0
1789007572.4374352,71.33946657180786,-1.3187882107990665,-0.5045917829890548,-2.7351030951566253,0.011293256857920122,0.00011961190923578626,0,1,0.0,0.0,-37.27886621374637,-18.83789669140242,0.05,-0.01681032790647198,0,0
1789007572.4443793,71.34641075134277,-1.3185032957364566,-0.504388080148787,-2.735111690737061,0.011371449830909429,-4.5979994747276604e-05,0,1,0.0,0.0,-37.27886621374637,-18.83789669140242,0.05,-0.01681032790647198,0,0
1789007572.4880579,71.39008927345276,-1.318979117303225,-0.5045924180471262,-2.7354496577628025,0.0121968048235228,-0.00028807057464137704,0,1,0.0,0.0,-37.27886621374637,-18.83789669140242,0.05,-0.01681032790647198,0,0
1789007572.5389252,71.44095659255981,-1.3195578671814456,-0.5048405354345109,-2.7359128716662653,0.012537233358235086,-0.00045835141454787467,0,1,0.0,0.0,-37.27886621374637,-18.83789669140242,0.05,-0.01681032790647198,0,0
1789007572.546246,71.4482774734497,-1.3192826671019435,-0.5046411891673523,-2.7359271756306303,0.01259938515760908,-0.0006807006781432929,0,1,0.0,0.0,-37.27886621374637,-18.83789669140242,0.05,-0.01681032790647198,0,0
1789007572.589466,71.49149751663208,-1.3197839765912782,-0.5048560782113352,-2.736186793731602,0.012678514890672905,-0.0009507790875531501,0,1,0.0,0.0,-37.27886621374637,-18.83789669140242,0.05,-0.017774705563982324,0,0
1789007572.6402087,71.54224014282227,-1.3203407563516314,-0.5050946199831172,-2.736422412295679,0.011643022384297576,-0.001132895201066344,0,1,0.0,0.0,-37.27886621374637,-18.83789669140242,0.05,-0.017774705563982324,0,0
1789007572.642897,71.54492831230164,-1.320005152803276,-0.5048695698967198,-2.7364337019629805,0.011559889053591085,-0.001291719125989709,0,1,0.0,0.0,-37.27886621374637,-18.83789669140242,0.05,-0.017774705563982324,0,0
1789007572.6908216,71.59285306930542,-1.3204695283172294,-0.505068103747953,-2.736764357936394,0.009597640652226184,-0.0015164792169767576,0,1,0.0,0.0,-37.27886621374637,-18.83789669140242,0.05,-0.017774705563982324,0,0
1789007572.7416875,71.643718957901,-1.320866629440966,-0.5052375014473929,-2.7371769189167927,0.008035794124538104,-0.0016710135944470452,0,1,0.0,0.0,-37.27886621374637,-18.83789669140242,0.05,-0.017774705563982324,0,0
1789007572.745313,71.64734435081482,-1.3205264399435959,-0.5050107172616045,-2.737192140811513,0.007894561845050834,-0.0018739275174962952,0,1,0.0,0.0,-37.27886621374637,-18.83789669140242,0.05,-0.01568070070119574,0,0
1789007572.792173,71.69420433044434,-1.3208557955164217,-0.5051513751464675,-2.737439851638908,0.00744238488535765,-0.002110773902129646,0,1,0.0,0.0,-37.27886621374637,-18.83789669140242,0.05,-0.01568070070119574,0,0
1789007572.8427794,71.74481081962585,-1.3211959104043531,-0.5052966335845864,-2.737662808251114,0.007250311164172208,-0.002267437160707092,0,1,0.0,0.0,-37.27886621374637,-18.83789669140242,0.05,-0.01568070070119574,0,0
1789007572.843011,71.74504232406616,-1.3208329760173503,-0.5050603761571091,-2.737670029718901,0.007234019058249024,-0.002403841716422875,0,1,0.0,0.0,-37.27886621374637,-18.83789669140242,0.05,-0.01568070070119574,0,0
1789007572.893622,71.79565334320068,-1.3211196187466743,-0.5051827994021159,-2.7377881295646906,0.004984859724138289,-0.002584862934436362,0,1,0.0,0.0,-37.27886621374637,-18.83789669140242,0.05,-0.01568070070119574,0,0
1789007572.944202,71.84623336791992,-1.321292982044326,-0.5052568340941711,-2.7378971920863844,0.003295172546712125,-0.0027018013442121113,0,1,0.0,0.0,-37.27886621374637,-18.83789669140242,0.05,-0.01568070070119574,0,0
1789007572.9460156,71.84804701805115,-1.3212800728719427,-0.5052480655311425,-2.7379063686853047,0.0031262717431588542,-0.002790130877628919,0,1,0.0,0.0,-37.27886621374637,-18.83789669140242,0.05,-0.016671013538725674,0,0
1789007572.9948046,71.89683604240417,-1.3214669260901937,-0.5053281036758914,-2.7379356895505538,0.004398068819275824,-0.002901910030828956,0,1,0.0,0.0,-37.27886621374637,-18.83789669140242,0.05,-0.016671013538725674,0,0
1789007573.045361,71.94739246368408,-1.3216886782932435,-0.505422993861946,-2.7379602622217534,0.004840325826285878,-0.002936489985203169,0,1,0.0,0.0,-37.27886621374637,-18.83789669140242,0.05,-0.016671013538725674,0,0
1789007573.0963347,71.99836611747742,-1.3219115328769984,-0.5055152366958992,-2.7378536708491965,0.005058101358344066,-0.002971204057120498,0,1,0.0,0.0,-37.27886621374637,-18.83789669140242,0.05,-0.016671013538725674,0,0
1789007573.1469705,72.04900193214417,-1.322209378961033,-0.5056426871902664,-2.737882594670618,0.006729993757170039,-0.002966611977129075,0,1,0.0,0.0,-37.27886621374637,-18.83789669140242,0.05,-0.014251529655108848,0,0
1789007573.1975462,72.09957766532898,-1.3226004074521087,-0.505806458821846,-2.738104972625322,0.009179433227242292,-0.002955985038536181,0,1,0.0,0.0,-37.27886621374637,-18.83789669140242,0.05,-0.014251529655108848,0,0
1789007573.2481108,72.15014219284058,-1.323044644170385,-0.5059960610420826,-2.7382881672177777,0.009679640731142315,-0.0029637382303063712,0,1,0.0,0.0,-37.27886621374637,-18.83789669140242,0.05,-0.014251529655108848,0,0
1789007573.299162,72.20119333267212,-1.3234926058459733,-0.5061840806568746,-2.7383354986881665,0.009907137949721565,-0.0029909183739001088,0,1,0.0,0.0,-37.27886621374637,-18.83789669140242,0.05,-0.014603156546751657,0,0
1789007573.34967,72.25170135498047,-1.3239522886695283,-0.5063802835206643,-2.738421159146244,0.009942102652262648,-0.0029913410092509245,0,1,0.0,0.0,-37.27886621374637,-18.83789669140242,0.05,-0.014603156546751657,0,0
1789007573.4002385,72.30226993560791,-1.324406977104733,-0.5065711718733255,-2.7384287547478614,0.010184555344216356,-0.0029578886540807957,0,1,0.0,0.0,-37.27886621374637,-18.83789669140242,0.05,-0.014603156546751657,0,0
1789007573.45108,72.35311150550842,-1.3249645676909945,-0.5068096060776682,-2.738283643368471,0.0122722548088967,-0.0029354364142290226,0,1,0.0,0.0,-37.27886621374637,-18.83789669140242,0.05,-0.014603156546751657,0,0
1789007573.5017772,72.40380859375,-1.3256456085352248,-0.5070973161556727,-2.738263036540673,0.015417966938757617,-0.002770384851057471,0,1,0.0,0.0,-37.27886621374637,-18.83789669140242,0.05,-0.014630404949809113,0,0
1789007573.5524068,72.45443820953369,-1.3263933962825296,-0.5074167777329233,-2.738237367288897,0.016302103973155912,-0.0027232608897158803,0,1,0.0,0.0,-37.27886621374637,-18.83789669140242,0.05,-0.014630404949809113,0,0
1789007573.6029882,72.5050196647644,-1.3267808045326892,-0.5075001310494328,-2.7382801088500974,0.01671681809164312,-0.00256409690819682,0,1,0.0,0.0,-37.27886621374637,-18.83789669140242,0.05,-0.014630404949809113,0,0
1789007573.6537921,72.55582356452942,-1.3276252384263196,-0.5078609054332042,-2.7382511238164406,0.01839260297896229,-0.0025222065538892217,0,1,0.0,0.0,-37.27886621374637,-18.83789669140242,0.05,-0.014630404949809113,0,0
1789007573.704267,72.60629844665527,-1.3282064510833307,-0.5080272880428799,-2.7382908441880587,0.021320319195339183,-0.0023440100250429305,0,1,0.0,0.0,-37.27886621374637,-18.83789669140242,0.05,-0.014602102988089121,0,0
1789007573.730852,72.632883310318,-1.3287412083316659,-0.5082554773500031,-2.7383511119416597,0.022068256488931057,-0.0023031709814851616,0,1,0.0,0.0,-37.27886621374637,-18.83789669140242,0.05,-0.014602102988089121,0,0
1789007573.7549214,72.65695285797119,-1.328846056001557,-0.5082188154636691,-2.738317887047337,0.02248477252857968,-0.002249487481932017,0,1,0.0,0.0,-37.27886621374637,-18.83789669140242,0.05,-0.014602102988089121,0,0
1789007573.8058586,72.70789003372192,-1.3299013377685716,-0.508669771843727,-2.7382220534496815,0.022840308414854685,-0.0021273824183344605,0,1,0.0,0.0,-37.27886621374637,-18.83789669140242,0.05,-0.014602102988089121,0,0
1789007573.83085,72.73288130760193,-1.3304189659384442,-0.5088906687850225,-2.7382725945338615,0.022638168843046962,-0.0020710749590867376,0,1,0.0,0.0,-37.27886621374637,-18.83789669140242,0.05,-0.014602102988089121,0,0
1789007573.8563073,72.75833868980408,-1.3305579281116127,-0.5088689334616209,-2.738229364882719,0.02291801174997693,-0.0020027366390208117,0,1,0.0,0.0,-37.27886621374637,-18.83789669140242,0.05,0.015383197011409116,0,0
1789007573.9068632,72.80889463424683,-1.3316400630489116,-0.5093310011856313,-2.738254893704138,0.023595672742909787,-0.0018980795971317939,0,1,0.0,0.0,-37.27886621374637,-18.83789669140242,0.05,0.03374105796161833,0,0
1789007573.9308329,72.83286428451538,-1.3321474733068812,-0.5095475137665323,-2.7382983421343545,0.023131520116697474,-0.0018583486039182296,0,1,0.0,0.0,-37.27886621374637,-18.83789669140242,0.05,0.04914446003424626,0,0
1789007573.9574234,72.859454870224,-1.332316332125556,-0.509538735967773,-2.7382694413806634,0.023359617867950027,-0.0018043138822717722,0,1,0.0,0.0,-37.27886621374637,-18.83789669140242,0.05,0.04914446003424626,0,0
1789007574.0082278,72.91025924682617,-1.3333410916893869,-0.5099762804883254,-2.738280738210243,0.02209628280898679,-0.0017030459307733534,0,1,0.0,0.0,-37.27886621374637,-18.83789669140242,0.05,0.04914446003424626,0,0
1789007574.030923,72.93295431137085,-1.3337870945336645,-0.5101665732945502,-2.7383173974350794,0.021484409741370024,-0.0016600052863094542,0,1,0.0,0.0,-37.27886621374637,-18.83789669140242,0.05,0.04914446003424626,0,0
1789007574.0586445,72.96067595481873,-1.3339323533365106,-0.5101478325277006,-2.7383197166055866,0.021608897461588006,-0.0016099520898634355,0,1,0.0,0.0,-37.27886621374637,-18.83789669140242,0.05,0.04620595089470348,0,0
1789007574.1092844,73.01131582260132,-1.3349222260005011,-0.510570735411838,-2.7382576849983455,0.02143400299469791,-0.001516263212038931,0,1,0.0,0.0,-37.27886621374637,-18.83789669140242,0.05,0.04620595089470348,0,0
1789007574.1309092,73.03294062614441,-1.3352811622973524,-0.510723844362288,-2.738288480356892,0.01832626033451013,-0.0014773261926925624,0,1,0.0,0.0,-37.27886621374637,-18.83789669140242,0.05,0.04620595089470348,0,0
1789007574.1598763,73.06190776824951,-1.3353525556790116,-0.5106742412619908,-2.7381985557187147,0.01793720531968408,-0.0014136001887058252,0,1,0.0,0.0,-37.27886621374637,-18.83789669140242,0.05,0.04620595089470348,0,0
1789007574.2108335,73.11286497116089,-1.336191693980542,-0.5110364225656266,-2.73730128429115,0.018008712265060595,-0.0011335516137085163,0,1,0.0,0.0,-37.27886621374637,-18.83789669140242,0.05,0.04620595089470348,0,0
1789007574.2309031,73.1329345703125,-1.336607881608901,-0.5112144914457292,-2.737317463500768,0.022031687972373475,-0.0009894642528535682,0,1,0.0,0.0,-37.27886621374637,-18.83789669140242,0.05,0.04620595089470348,0,0
1789007574.2612662,73.16329765319824,-1.3368287681896942,-0.5112305490054082,-2.736983676609913,0.022889011424856394,-0.0007901491756239779,0,1,0.0,0.0,-37.27886621374637,-18.83789669140242,0.05,0.04667332802743961,0,0
1789007574.3118806,73.21391201019287,-1.3379647600828577,-0.5117194731032368,-2.7364334847995924,0.02468416987047767,-0.00043512953079500574,0,1,0.0,0.0,-37.27886621374637,-18.83789669140242,0.05,0.04667332802743961,0,0
1789007574.3308334,73.23286485671997,-1.3383970537590963,-0.5119048780223732,-2.7364345135138177,0.024898999366614508,-0.00029230120961613176,0,1,0.0,0.0,-37.27886621374637,-18.83789669140242,0.05,0.04667332802743961,0,0
1789007574.362847,73.26487851142883,-1.3387181401256563,-0.5119668624684697,-2.7356574315955675,0.025242611104887867,3.705280367397663e-05,0,1,0.0,0.0,-37.27886621374637,-18.83789669140242,0.05,0.04667332802743961,0,0
1789007574.4132977,73.31532907485962,-1.3398717009964733,-0.5124638891137755,-2.735365971420317,0.025161390187502825,0.0004846011580173758,0,1,0.0,0.0,-37.27886621374637,-18.83789669140242,0.05,0.04667332802743961,0,0
1789007574.430862,73.33289337158203,-1.3401953477368973,-0.512603196845361,-2.7353498237551785,0.021284529406534556,0.0006413107314993555,0,1,0.0,0.0,-37.27886621374637,-18.83789669140242,0.05800871267914775,0.04719978174505136,0,0
1789007574.4639575,73.36598896980286,-1.3404085916007051,-0.5126174984334539,-2.7350988902509163,0.020753122506593225,0.0008450144572037528,0,1,0.0,0.0,-37.27886621374637,-18.83789669140242,0.05800871267914775,0.04719978174505136,0,0
1789007574.5145454,73.4165768623352,-1.341111113946461,-0.5129206764301063,-2.734902686606638,0.01590089933461788,0.000977881816107225,0,1,0.0,0.0,-37.27886621374637,-18.83789669140242,0.05800871267914775,0.04719978174505136,0,0
1789007574.5308979,73.43292927742004,-1.3412824189881465,-0.512994522832671,-2.7348770321124896,0.01333252218523161,0.0011599748996109585,0,1,0.0,0.0,-37.27886621374637,-18.83789669140242,0.05800871267914775,0.04719978174505136,0,0
1789007574.5653706,73.46740198135376,-1.3412716370217899,-0.5129126882862561,-2.7346334653458038,0.012888977223957382,0.0014080017459175962,0,1,0.0,0.0,-37.27886621374637,-18.83789669140242,0.05800871267914775,0.04719978174505136,0,0
1789007574.615811,73.51784253120422,-1.3418487117518791,-0.5131616676108518,-2.7344873943325045,0.012426872171708195,0.0015517287468010395,0,1,0.0,0.0,-37.27886621374637,-18.83789669140242,0.05275661622936076,0.01722006894458295,0,0
1789007574.6309109,73.53294229507446,-1.3421324915917157,-0.5132838991624751,-2.734455062462722,0.016687723460842296,0.001719312303037223,0,1,0.0,0.0,-37.27886621374637,-18.83789669140242,0.05275661622936076,-0.01278936545507045,0,0
1789007574.6664422,73.56847357749939,-1.342260697062777,-0.5132617903555399,-2.734348553772956,0.017038527665050585,0.0018742496874086224,0,1,0.0,0.0,-37.27886621374637,-18.83789669140242,0.05275661622936076,-0.02451539884204976,0,0
1789007574.7171614,73.61919283866882,-1.3434087514612223,-0.5137571242284289,-2.7341758236842555,0.02343746254802908,0.0019658948126290037,0,1,0.0,0.0,-37.27886621374637,-18.83789669140242,0.05275661622936076,-0.02451539884204976,0,0
1789007574.730883,73.63291430473328,-1.3438109895835042,-0.5139305870801516,-2.7341421269035417,0.027732068094259172,0.002086557238145261,0,1,0.0,0.0,-37.27886621374637,-18.83789669140242,0.05275661622936076,-0.02451539884204976,0,0
1789007574.7680721,73.67010354995728,-1.3443468753691794,-0.5140850353288811,-2.733991671156445,0.028604469698491574,0.0022443056431562477,0,1,0.0,0.0,-37.27886621374637,-18.83789669140242,0.05275661622936076,-0.02451539884204976,0,0
1789007574.818635,73.72066640853882,-1.345715035412593,-0.5146758269180576,-2.7338658343506506,0.029649848716306566,0.0023321722297758433,0,1,0.0,0.0,-37.27886621374637,-18.83789669140242,0.05,-0.026925331576106448,0,0
1789007574.8308847,73.73291611671448,-1.34604594122908,-0.5148187592406193,-2.73383196680263,0.02965965009278523,0.0024328854634804585,0,1,0.0,0.0,-37.27886621374637,-18.83789669140242,0.05,-0.026925331576106448,0,0
1789007574.8693209,73.77135229110718,-1.3466670076032672,-0.5150102500460931,-2.7337533483064287,0.030188035450548358,0.002521675032211297,0,1,0.0,0.0,-37.27886621374637,-18.83789669140242,0.05,-0.026925331576106448,0,0
1789007574.9202201,73.82225155830383,-1.3481871071806713,-0.5156620754614102,-2.7345559108047555,0.03238611951652211,0.0025464836762589364,0,1,0.0,0.0,-37.27886621374637,-18.83789669140242,0.05,-0.026925331576106448,0,0
1789007574.9309103,73.83294177055359,-1.348472746446953,-0.5157852391193998,-2.7345329889409027,0.03116282294971605,0.002455453824639741,0,1,0.0,0.0,-37.27886621374637,-18.83789669140242,0.05,-0.026925331576106448,0,0
1789007574.9706776,73.87270903587341,-1.349178038331263,-0.5160078792850935,-2.7352977913274765,0.031596698205319323,0.002215745617002525,0,1,0.0,0.0,-37.27886621374637,-18.83789669140242,0.05,-0.02970077183718482,0,0
1789007574.980835,73.88286638259888,-1.3493623360446072,-0.5160871693739105,-2.7352815609564964,0.02721032315767425,0.0020995015558383625,0,1,0.0,0.0,-37.27886621374637,-18.83789669140242,0.05,-0.02970077183718482,0,0
1789007575.030919,73.93295049667358,-1.350556052754234,-0.5165964631929401,-2.735946857896435,0.024684759023122314,0.0018379791236065167,0,1,0.0,0.0,-37.27886621374637,-18.83789669140242,0.05,-0.02970077183718482,0,0
1789007575.071895,73.97392630577087,-1.3510373355216523,-0.5167223205615885,-2.7365424592461727,0.024582114574548827,0.0015128064898297113,0,1,0.0,0.0,-37.27886621374637,-18.83789669140242,0.05,-0.02970077183718482,0,0
1789007575.080911,73.98294234275818,-1.3512272431596217,-0.5168037391303613,-2.736537991902595,0.02400898866348869,0.001345412100915297,0,1,0.0,0.0,-37.27886621374637,-18.83789669140242,0.05,-0.02970077183718482,0,0
1789007575.1308367,74.03286814689636,-1.3522579874346834,-0.5172406844284485,-2.7373877615310422,0.020826157751091538,0.0009406724094793575,0,1,0.0,0.0,-37.27886621374637,-18.83789669140242,0.061663212400071644,-0.04802867703729741,0,0
1789007575.1733646,74.0753960609436,-1.3526111432445502,-0.517312488500189,-2.7376563921529176,0.020446608034234964,0.0005727101966341053,0,1,0.0,0.0,-37.27886621374637,-18.83789669140242,0.06628081484274431,-0.0491201830158631,0,0
1789007575.180917,74.0829484462738,-1.3527634738577292,-0.5173776207782349,-2.7376622284285954,0.020851335141154146,0.0003801303087697251,0,1,0.0,0.0,-37.27886621374637,-18.83789669140242,0.06628081484274431,-0.0491201830158631,0,0
1789007575.2308335,74.1328649520874,-1.3538242015296214,-0.5178298681869146,-2.737906434986729,0.025472486971208318,0.00012086917890098701,0,1,0.0,0.0,-37.27886621374637,-18.83789669140242,0.06628081484274431,-0.0491201830158631,0,0
1789007575.2749927,74.17702412605286,-1.354407487423371,-0.5179990877498726,-2.738320786498893,0.025692479207836023,0.00010646530686144079,0,1,0.0,0.0,-37.27886621374637,-18.83789669140242,0.06628081484274431,-0.0491201830158631,0,0
1789007575.2808595,74.18289089202881,-1.3545969561714977,-0.5180800119342147,-2.7383373876022667,0.027410393451871986,-0.0002518971749594475,0,1,0.0,0.0,-37.27886621374637,-18.83789669140242,0.06193082060326231,-0.050153860153319935,0,0
1789007575.3308334,74.23286485671997,-1.3558721572263548,-0.518623127104571,-2.738553866454687,0.028060617899149206,-0.0005766503202884559,0,1,0.0,0.0,-37.27886621374637,-18.83789669140242,0.06193082060326231,-0.050153860153319935,0,0
1789007575.3759983,74.27802968025208,-1.3565835070206351,-0.5188472505190223,-2.7388224136544017,0.028373588968765438,-0.0005865001316367951,0,1,0.0,0.0,-37.27886621374637,-18.83789669140242,0.06193082060326231,-0.050153860153319935,0,0
1789007575.3808832,74.28291463851929,-1.356749183694234,-0.5189178964193504,-2.738842693721847,0.02971351279388385,-0.0008825516511523258,0,1,0.0,0.0,-37.27886621374637,-18.83789669140242,0.06193082060326231,-0.050153860153319935,0,0
1789007575.430904,74.33293533325195,-1.3581738303035573,-0.5195238665300168,-2.739095885277918,0.03225014820230997,-0.0011625970872024486,0,1,0.0,0.0,-37.27886621374637,-18.83789669140242,0.06193082060326231,-0.050153860153319935,0,0
1789007575.4776068,74.37963819503784,-1.3591034228626138,-0.5198393236021498,-2.739558345998929,0.032728625303579256,-0.0011794343000323241,0,1,0.0,0.0,-37.27886621374637,-18.83789669140242,0.06569247968494894,-0.06156020136239628,0,0
1789007575.480875,74.38290643692017,-1.3592271842566703,-0.5198920126051985,-2.7395800474956955,0.03367076027399071,-0.0015285826015145388,0,1,0.0,0.0,-37.27886621374637,-18.83789669140242,0.06569247968494894,-0.06156020136239628,0,0
1789007575.5308332,74.43286466598511,-1.3607872351080854,-0.5205540050689468,-2.739894318553054,0.03416973492354669,-0.0018430264278130346,0,1,0.0,0.0,-37.27886621374637,-18.83789669140242,0.06569247968494894,-0.06156020136239628,0,0
1789007575.5786314,74.48066282272339,-1.3618281873973044,-0.5209164222342044,-2.7402438523026453,0.03469884747988276,-0.001854216075533299,0,1,0.0,0.0,-37.27886621374637,-18.83789669140242,0.06569247968494894,-0.06156020136239628,0,0
1789007575.580833,74.48286437988281,-1.3618871337424399,-0.5209414249232096,-2.7402647762007586,0.03431602587249371,-0.002140815408884563,0,1,0.0,0.0,-37.27886621374637,-18.83789669140242,0.06569247968494894,-0.06156020136239628,0,0
1789007575.6308973,74.53292870521545,-1.3635187013049266,-0.5216326437035474,-2.740583151220532,0.03662950365966213,-0.0024137586973704325,0,1,0.0,0.0,-37.27886621374637,-18.83789669140242,0.0,0.0,0,0
1789007575.6799984,74.58202981948853,-1.3647073319028848,-0.5220565922008593,-2.7409545566089277,0.0372376424113757,-0.002424360547447411,0,1,0.0,0.0,-37.27886621374637,-18.83789669140242,0.0,0.0,0,0
1789007575.6809099,74.58294129371643,-1.364831670687157,-0.5221094809587694,-2.74097218899207,0.040703273222402706,-0.0027357044629743163,0,1,0.0,0.0,-37.27886621374637,-18.83789669140242,0.0,0.0,0,0
1789007575.7309122,74.6329436302185,-1.366758027636106,-0.5229248991295378,-2.741201814211447,0.04316094121353856,-0.0029900063815948797,0,1,0.0,0.0,-37.27886621374637,-18.83789669140242,0.0,0.0,0,0
1789007575.781034,74.68306541442871,-1.3682800530063728,-0.5234894083467242,-2.7415202414704347,0.04403001621151874,-0.0029972848327983743,0,1,0.0,0.0,-37.27886621374637,-18.83789669140242,0.0,0.0,0,0
1789007575.8318472,74.73387861251831,-1.3703501490461563,-0.5243634101832358,-2.741890579064244,0.04431826550294405,-0.0034942746658740255,0,1,0.0,0.0,-37.27886621374637,-18.83789669140242,0.0,0.0,0,0
1789007575.8822663,74.78429770469666,-1.3719285335696476,-0.5249508805207116,-2.7421548796772237,0.04516362336366771,-0.0034981142676774263,0,1,0.0,0.0,-37.27886621374637,-18.83789669140242,0.0,0.0,0,0
1789007575.9330509,74.83508229255676,-1.3732595727420809,-0.5255112475303827,-2.742404363861981,0.025389278941011978,-0.0038885066360826066,0,1,0.0,0.0,-37.27886621374637,-18.83789669140242,0.023332887200240293,0.036665965600377604,0,0
1789007575.9838192,74.88585066795349,-1.3739366250157554,-0.5257195778822219,-2.742407648762055,0.02524744434825137,-0.0038803377983636107,0,1,0.0,0.0,-37.27886621374637,-18.83789669140242,0.035003917200083376,0.04257563951425255,0,0
1789007576.034666,74.93669748306274,-1.374375684432388,-0.5259062052306528,-2.742283351779214,0.012678424681867905,-0.0040448070899968035,0,1,0.0,0.0,-37.27886621374637,-18.83789669140242,0.0583373087502423,0.04257563951425255,0,0
1789007576.0863252,74.988356590271,-1.374436205895813,-0.5258534535308802,-2.7424857174601214,0.011700110044883336,-0.004060787414723615,0,1,0.0,0.0,-37.27886621374637,-18.83789669140242,0.07000579635023314,0.04257563951425255,0,0
1789007576.136915,75.03894639015198,-1.3748500576557776,-0.5260280045555689,-2.7426487604914174,0.007255359192778731,-0.004099961505489812,0,1,0.0,0.0,-37.27886621374637,-18.83789669140242,0.08196693089875305,0.05816855248684685,0,0
1789007576.145398,75.04742932319641,-1.3743868514109245,-0.5257544439519934,-2.7426842321152645,0.006796123360715494,-0.004111411181201641,0,1,0.0,0.0,-37.27886621374637,-18.83789669140242,0.08196693089875305,0.05816855248684685,0,0
1789007576.1875818,75.08961319923401,-1.3746089276266218,-0.5258493720470092,-2.7424963387174226,0.004987641905062344,-0.0040599328586678595,0,1,0.0,0.0,-37.27886621374637,-18.83789669140242,0.08196693089875305,0.05816855248684685,0,0
1789007576.2384775,75.14050889015198,-1.3749326402306752,-0.5259878828502581,-2.742139327190059,0.007817579608163318,-0.00401855117843347,0,1,0.0,0.0,-37.27886621374637,-18.83789669140242,0.08196693089875305,0.05816855248684685,0,0
1789007576.2529037,75.15493512153625,-1.3745334136019305,-0.5257415940411144,-2.742191487488569,0.007852861592119759,-0.003915789780077315,0,1,0.0,0.0,-37.27886621374637,-18.83789669140242,0.06386131224307148,0.0477863288546602,0,0
1789007576.2889602,75.19099164009094,-1.3748353752504932,-0.5258711671176055,-2.7415876753926787,0.009072877254966508,-0.0036692481638660617,0,1,0.0,0.0,-37.27886621374637,-18.83789669140242,0.06386131224307148,0.0477863288546602,0,0
1789007576.3395882,75.24161958694458,-1.3752808652667463,-0.5260612515616172,-2.741097758842509,0.00962477948439901,-0.003501435042019187,0,1,0.0,0.0,-37.27886621374637,-18.83789669140242,0.06386131224307148,0.0477863288546602,0,0
1789007576.3511996,75.25323104858398,-1.3748738433493677,-0.5258120253647034,-2.7411262077829592,0.00954902897813987,-0.003302873078409473,0,1,0.0,0.0,-37.27886621374637,-18.83789669140242,0.06386131224307148,0.0477863288546602,0,0
1789007576.3905342,75.29256558418274,-1.375285743456213,-0.5259896594037856,-2.7399085813810404,0.011770298501500963,-0.0027805605859908826,0,1,0.0,0.0,-37.27886621374637,-18.83789669140242,0.06386131224307148,0.0477863288546602,0,0
1789007576.441012,75.34304332733154,-1.376055759365728,-0.5263183469164242,-2.739338275754919,0.018420144747680858,-0.0024441259967396085,0,1,0.0,0.0,-37.27886621374637,-18.83789669140242,0.05,0.037606734006355204,0,0
1789007576.4429042,75.34493565559387,-1.375589092447122,-0.5260441872813941,-2.7393268126882777,0.019024259522149537,-0.00212026972357959,0,1,0.0,0.0,-37.27886621374637,-18.83789669140242,0.05,0.037606734006355204,0,0
1789007576.491688,75.39371943473816,-1.3765698079387096,-0.5264634495659822,-2.7386328901825787,0.024662899888877758,-0.0016356661085482874,0,1,0.0,0.0,-37.27886621374637,-18.83789669140242,0.05,0.037606734006355204,0,0
1789007576.5423403,75.44437170028687,-1.3778033772498979,-0.526991388614469,-2.738032383326549,0.027245262561157484,-0.001310447907715302,0,1,0.0,0.0,-37.27886621374637,-18.83789669140242,0.05,0.037606734006355204,0,0
1789007576.5452042,75.44723558425903,-1.377363381288221,-0.5267289276886463,-2.738018906352374,0.02750614974191549,-0.000980457595998196,0,1,0.0,0.0,-37.27886621374637,-18.83789669140242,0.05,0.037606734006355204,0,0
1789007576.5933151,75.4953465461731,-1.3785943789847144,-0.5272585598787746,-2.7369817173404067,0.0281697294072926,-0.0003310324471055015,0,1,0.0,0.0,-37.27886621374637,-18.83789669140242,0.05,0.03836379355440537,0,0
1789007576.6437564,75.5457878112793,-1.3799911145199082,-0.527858464321637,-2.7365209156049426,0.03084375917728445,8.26599455987658e-05,0,1,0.0,0.0,-37.27886621374637,-18.83789669140242,0.05,0.03836379355440537,0,0
1789007576.644046,75.5460774898529,-1.3794818421769353,-0.527566650135837,-2.7365035799593476,0.031106471067391523,0.00044988288687604675,0,1,0.0,0.0,-37.27886621374637,-18.83789669140242,0.05,0.03836379355440537,0,0
1789007576.6943607,75.5963921546936,-1.380866808724042,-0.5281629506129225,-2.7359511625375705,0.02965133389916461,0.0010520144315386071,0,1,0.0,0.0,-37.27886621374637,-18.83789669140242,0.05,0.03836379355440537,0,0
1789007576.74517,75.64720153808594,-1.3820656878218516,-0.5286815035891927,-2.735207514531099,0.024428643416292167,0.0013132485966304752,0,1,0.0,0.0,-37.27886621374637,-18.83789669140242,0.05,0.03836379355440537,0,0
1789007576.745196,75.64722752571106,-1.3815260164140495,-0.5283768921985523,-2.735192430345928,0.023878338722436276,0.0016993897522433403,0,1,0.0,0.0,-37.27886621374637,-18.83789669140242,0.061673583600213536,0.05401954235974701,0,0
1789007576.7955844,75.6976158618927,-1.3825603606527186,-0.5288233410528577,-2.7348350081481247,0.021794752666323896,0.0022993052615739237,0,1,0.0,0.0,-37.27886621374637,-18.83789669140242,0.06432321388613094,0.05401954235974701,0,0
1789007576.84625,75.74828147888184,-1.3835536228159908,-0.5292521437584797,-2.734520669394213,0.021194988925517886,0.0025348008152625283,0,1,0.0,0.0,-37.27886621374637,-18.83789669140242,0.06432321388613094,0.05401954235974701,0,0
1789007576.8968713,75.79890275001526,-1.3839336005212315,-0.5293446457496516,-2.734297535358803,0.019118399287550193,0.0031456555197245197,0,1,0.0,0.0,-37.27886621374637,-18.83789669140242,0.06432321388613094,0.05401954235974701,0,0
1789007576.9480307,75.85006213188171,-1.3847045773585427,-0.529677601066223,-2.7341135453621113,0.01562667000150102,0.0032938276105844004,0,1,0.0,0.0,-37.27886621374637,-18.83789669140242,0.06432321388613094,0.05401954235974701,0,0
1789007576.9984987,75.90053009986877,-1.3847745171900432,-0.5296369510725475,-2.733858691748644,0.012511492091110837,0.003802680922540838,0,1,0.0,0.0,-37.27886621374637,-18.83789669140242,0.0644286432862282,0.04631324864923955,0,0
1789007577.049346,75.95137739181519,-1.3853342807366766,-0.5298788197835634,-2.7336487079226384,0.011690349453625215,0.003920644582761749,0,1,0.0,0.0,-37.27886621374637,-18.83789669140242,0.0644286432862282,0.04631324864923955,0,0
1789007577.0999172,76.001948595047,-1.3853314290712273,-0.5298078539393707,-2.733126385588992,0.011333109232372057,0.0042815965916085195,0,1,0.0,0.0,-37.27886621374637,-18.83789669140242,0.0644286432862282,0.04631324864923955,0,0
1789007577.1507404,76.05277180671692,-1.3859048671634553,-0.5300570535257629,-2.732562418539661,0.012280871162296524,0.004397202155459986,0,1,0.0,0.0,-37.27886621374637,-18.83789669140242,0.05911839842796325,0.04481232228378456,0,0
1789007577.2011652,76.10319662094116,-1.3859908953761264,-0.5300246790188508,-2.7322054517490972,0.013502780840711643,0.004904963169107608,0,1,0.0,0.0,-37.27886621374637,-18.83789669140242,0.05911839842796325,0.04481232228378456,0,0
1789007577.2517858,76.15381717681885,-1.3866210846963059,-0.5302982547640851,-2.731910579229137,0.013438868593490135,0.005020964592156575,0,1,0.0,0.0,-37.27886621374637,-18.83789669140242,0.05911839842796325,0.04481232228378456,0,0
1789007577.2527544,76.15478587150574,-1.3860931716398037,-0.5299997749570173,-2.731900242575318,0.013442013674936195,0.005140465287239975,0,1,0.0,0.0,-37.27886621374637,-18.83789669140242,0.05911839842796325,0.04481232228378456,0,0
1789007577.302623,76.20465445518494,-1.386713313780449,-0.5302679238210289,-2.7320350595567,0.013422583355190799,0.005279635540613355,0,1,0.0,0.0,-37.27886621374637,-18.83789669140242,0.05911839842796325,0.04481232228378456,0,0
1789007577.3531303,76.25516176223755,-1.387340477598705,-0.5305396502968456,-2.7319607084740296,0.013408938282474915,0.00531788262207434,0,1,0.0,0.0,-37.27886621374637,-18.83789669140242,0.051333108879625826,0.042614930079629035,0,0
1789007577.4036987,76.30573010444641,-1.3874456382254756,-0.530515635368097,-2.731911192983532,0.013898458224344535,0.005340414436679254,0,1,0.0,0.0,-37.27886621374637,-18.83789669140242,0.051333108879625826,0.042614930079629035,0,0
1789007577.4308333,76.33286476135254,-1.3878404079262108,-0.530686889461136,-2.7317665469124703,0.01610714819748758,0.005335283692401407,0,1,0.0,0.0,-37.27886621374637,-18.83789669140242,0.051333108879625826,0.042614930079629035,0,0
1789007577.4543474,76.35637879371643,-1.3876514262172859,-0.5305354039473323,-2.7318811002105665,0.01635415724167488,0.00530214957337619,0,1,0.0,0.0,-37.27886621374637,-18.83789669140242,0.051333108879625826,0.042614930079629035,0,0
1789007577.5051906,76.407222032547,-1.388528214008078,-0.5309151105791129,-2.731920150447196,0.01907489808837749,0.0052216315073497326,0,1,0.0,0.0,-37.27886621374637,-18.83789669140242,0.051333108879625826,0.042614930079629035,0,0
1789007577.5308352,76.43286657333374,-1.3889936784356447,-0.5311171830141562,-2.7317880182038814,0.01985784639997126,0.0051837002280681116,0,1,0.0,0.0,-37.27886621374637,-18.83789669140242,0.05,0.016946302211533,0,0
1789007577.555622,76.45765352249146,-1.3889024325994022,-0.5310085535336005,-2.7318186548305605,0.020027830329761947,0.005129058916233085,0,1,0.0,0.0,-37.27886621374637,-18.83789669140242,0.05,0.016946302211533,0,0
1789007577.60613,76.50816130638123,-1.3898408499912633,-0.531415666156917,-2.731726412550949,0.020325928724086666,0.005036610872031806,0,1,0.0,0.0,-37.27886621374637,-18.83789669140242,0.05,0.016946302211533,0,0
1789007577.6308281,76.53285956382751,-1.3903136396458071,-0.5316210439395327,-2.73160394264259,0.020923132082104588,0.004999304664604979,0,1,0.0,0.0,-37.27886621374637,-18.83789669140242,0.05,0.016946302211533,0,0
1789007577.6569576,76.55898904800415,-1.3902691220477055,-0.531532883843629,-2.731660068363743,0.02109670651290348,0.004936321438689004,0,1,0.0,0.0,-37.27886621374637,-18.83789669140242,0.05,0.016946302211533,0,0
1789007577.707779,76.60981035232544,-1.3911929796951075,-0.5319335114261944,-2.7316736342101113,0.019771488508195195,0.004802225316319262,0,1,0.0,0.0,-37.27886621374637,-18.83789669140242,0.05,0.013635483135779709,0,0
1789007577.7308335,76.6328649520874,-1.391560022027317,-0.53209314446703,-2.7315656890257625,0.017371738078333112,0.004742523374432287,0,1,0.0,0.0,-37.27886621374637,-18.83789669140242,0.05,0.013635483135779709,0,0
1789007577.7582407,76.66027212142944,-1.3914361096913552,-0.5319709047438201,-2.7315743377968524,0.016984884980686978,0.004664949944536397,0,1,0.0,0.0,-37.27886621374637,-18.83789669140242,0.05,0.013635483135779709,0,0
1789007577.8087997,76.71083116531372,-1.3921826857508086,-0.5322941850258044,-2.731707068074157,0.01598035261865448,0.004502207549462976,0,1,0.0,0.0,-37.27886621374637,-18.83789669140242,0.05,0.013635483135779709,0,0
1789007577.8308516,76.73288297653198,-1.392502353927956,-0.532433086775913,-2.7316114279152366,0.015778610584067418,0.004431101669952193,0,1,0.0,0.0,-37.27886621374637,-18.83789669140242,0.05,0.013635483135779709,0,0
1789007577.859618,76.76164937019348,-1.392362822949164,-0.5323018926762337,-2.7322790549558875,0.015663872311335005,0.004197885719077947,0,1,0.0,0.0,-37.27886621374637,-18.83789669140242,0.05,0.013635483135779709,0,0
1789007577.9102502,76.81228160858154,-1.3931715667937759,-0.5326511943238307,-2.732524008039827,0.017398210202237547,0.003841578334622669,0,1,0.0,0.0,-37.27886621374637,-18.83789669140242,0.0,0.0,0,0
1789007577.9308326,76.8328640460968,-1.3935560394562556,-0.5328177811350525,-2.732451690999826,0.020065707737136035,0.003705283298047841,0,1,0.0,0.0,-37.27886621374637,-18.83789669140242,0.0,0.0,0,0
1789007577.9608746,76.8629059791565,-1.3935629480818637,-0.5327512342236955,-2.7327625894125207,0.02056161974961483,0.003499871175910491,0,1,0.0,0.0,-37.27886621374637,-18.83789669140242,0.0,0.0,0,0
1789007578.0115657,76.9135971069336,-1.3945989891892303,-0.5331992636196943,-2.7328211150393273,0.02238370532039084,0.0031951959740838154,0,1,0.0,0.0,-37.27886621374637,-18.83789669140242,0.0,0.0,0,0
1789007578.0308845,76.93291592597961,-1.3950027999433783,-0.5333741736894956,-2.7327651552152483,0.022760608382425072,0.003082535087863661,0,1,0.0,0.0,-37.27886621374637,-18.83789669140242,0.0,0.0,0,0
1789007578.0628276,76.96485900878906,-1.3951133890801444,-0.5333524758474887,-2.733063319762331,0.02299413519542874,0.002855002517321173,0,1,0.0,0.0,-37.27886621374637,-18.83789669140242,0.0,0.0,0,0
1789007578.1134539,77.01548528671265,-1.3961838877068284,-0.5338151588533651,-2.733121890708952,0.02317228410556833,0.0025355960209792368,0,1,0.0,0.0,-37.27886621374637,-18.83789669140242,0.0,0.0,0,0
1789007578.1308293,77.03286075592041,-1.396472548614013,-0.5339401795106762,-2.733083343820673,0.019294036682866438,0.0024224881171636763,0,1,0.0,0.0,-37.27886621374637,-18.83789669140242,0.0,0.0,0,0
1789007578.1640944,77.06612586975098,-1.3964810496209086,-0.533875080807319,-2.7331900435070375,0.018641208888333486,0.0022677576102041377,0,1,0.0,0.0,-37.27886621374637,-18.83789669140242,0.0,0.0,0,0
1789007578.215132,77.11716341972351,-1.3969066868084141,-0.5340557349021652,-2.734041683690475,0.010194511180725006,0.0021469409389356557,0,1,0.0,0.0,-37.27886621374637,-18.83789669140242,0.011697518000164563,0.011528529257824032,0,0
1789007578.2308326,77.13286399841309,-1.3968589694091953,-0.5340351677938291,-2.734023549245118,0.002681868130958546,0.0018135473163631353,0,1,0.0,0.0,-37.27886621374637,-18.83789669140242,0.02333906960011518,0.011528529257824032,0,0
1789007578.2656398,77.16767120361328,-1.3963497744123,-0.5337459282845426,-2.734278195803154,0.0012968195054204538,0.0014843294099616776,0,1,0.0,0.0,-37.27886621374637,-18.83789669140242,0.034995707600000966,0.011528529257824032,0,0
1789007578.3162498,77.21828126907349,-1.3963290853273709,-0.5337363568172069,-2.734490560307934,-0.0006645269335218585,0.0012884192349024877,0,1,0.0,0.0,-37.27886621374637,-18.83789669140242,0.046667409950214275,0.011528529257824032,0,0
1789007578.3308754,77.23290681838989,-1.3963182003725467,-0.5337316765771022,-2.7344854974650312,-0.0009313694936617171,0.0010372201830883261,0,1,0.0,0.0,-37.27886621374637,-18.83789669140242,0.05,0.011528529257824032,0,0
1789007578.3671474,77.26917886734009,-1.395708122748741,-0.5333996202569118,-2.73469833197536,-0.0017605504085594058,0.0007736528683561588,0,1,0.0,0.0,-37.27886621374637,-18.83789669140242,0.05,0.011528529257824032,0,0
1789007578.4180992,77.32013058662415,-1.3956468909900681,-0.5333736142275999,-2.73440221213994,-0.001920698164485437,0.0006323944208342832,0,1,0.0,0.0,-37.27886621374637,-18.83789669140242,0.05,0.010601090996836633,0,0
1789007578.4308815,77.33291292190552,-1.3956509803187884,-0.5333753838319677,-2.7344022126481815,-0.0010259705330645467,0.00046582521004774694,0,1,0.0,0.0,-37.27886621374637,-18.83789669140242,0.05,0.010601090996836633,0,0
1789007578.4685624,77.37059378623962,-1.3950421822482229,-0.5330444894531091,-2.734426429274196,-0.0016767085273073274,0.00031421250676042347,0,1,0.0,0.0,-37.27886621374637,-18.83789669140242,0.05,0.010601090996836633,0,0
1789007578.5192049,77.42123627662659,-1.3950070141026885,-0.5330293045348675,-2.7344480558558937,-0.0014212236016563865,0.00022811938834654718,0,1,0.0,0.0,-37.27886621374637,-18.83789669140242,0.05,0.010601090996836633,0,0
1789007578.530832,77.43286347389221,-1.3950159643332902,-0.5330331669864529,-2.734451267255568,-0.0005686166684554938,0.0001199772239576244,0,1,0.0,0.0,-37.27886621374637,-18.83789669140242,0.05,0.00962175257348767,0,0
1789007578.5698721,77.47190356254578,-1.3944256396762709,-0.5327104629049019,-2.7344775206262755,-0.0011281198569099164,1.1438505408768201e-05,0,1,0.0,0.0,-37.27886621374637,-18.83789669140242,0.05,0.00962175257348767,0,0
1789007578.5809135,77.48294496536255,-1.3944306467588365,-0.5327126233870279,-2.734480838454139,-0.0005788555593008676,-4.927077773258241e-05,0,1,0.0,0.0,-37.27886621374637,-18.83789669140242,0.05,0.00962175257348767,0,0
1789007578.6308613,77.53289270401001,-1.3944079554288489,-0.5327027286815175,-2.7348217576812965,-0.0004438130249350164,-0.00022338165333647854,0,1,0.0,0.0,-37.27886621374637,-18.83789669140242,0.05,0.00962175257348767,0,0
1789007578.6712642,77.57329559326172,-1.39382419348345,-0.532383053765605,-2.7350388725579835,-0.0009504727943980127,-0.0004051572883463361,0,1,0.0,0.0,-37.27886621374637,-18.83789669140242,0.05,0.00962175257348767,0,0
1789007578.6808562,77.58288764953613,-1.3938821691383252,-0.5324080404557685,-2.735047837167994,0.001858415902465317,-0.0005014787965407824,0,1,0.0,0.0,-37.27886621374637,-18.83789669140242,0.05,0.00962175257348767,0,0
1789007578.7309144,77.63294577598572,-1.3940663753881255,-0.5324873303600056,-2.7352456198452657,0.006117757365090677,-0.0006446908582335848,0,1,0.0,0.0,-37.27886621374637,-18.83789669140242,0.05,-0.020375327527077984,0,0
1789007578.7728674,77.67489886283875,-1.3937532095640797,-0.5322842129432128,-2.7355899777431065,0.00638437404194672,-0.0008680123602455077,0,1,0.0,0.0,-37.27886621374637,-18.83789669140242,0.05,-0.03143854727832755,0,0
1789007578.7809265,77.68295788764954,-1.3938313521604986,-0.5323178261873285,-2.735602409388327,0.007574612206944083,-0.0009819414808111214,0,1,0.0,0.0,-37.27886621374637,-18.83789669140242,0.05,-0.03143854727832755,0,0
1789007578.8308346,77.73286604881287,-1.3941934313600783,-0.5324733755168244,-2.735808594131259,0.00823820525087933,-0.0011375316450903884,0,1,0.0,0.0,-37.27886621374637,-18.83789669140242,0.05,-0.03143854727832755,0,0
1789007578.8744302,77.77646160125732,-1.393963837096868,-0.5323062349257315,-2.7359765648782104,0.008120400089488607,-0.0011415956219969793,0,1,0.0,0.0,-37.27886621374637,-18.83789669140242,0.05,-0.03143854727832755,0,0
1789007578.8808339,77.78286528587341,-1.3940206695580433,-0.5323306450013233,-2.735992687230937,0.00842504611275105,-0.001302047813570422,0,1,0.0,0.0,-37.27886621374637,-18.83789669140242,0.05,-0.032071823942630244,0,0
1789007578.9308822,77.83291363716125,-1.3944141944584476,-0.5324995392851345,-2.7361485681403726,0.008688267107315434,-0.0014583403397970738,0,1,0.0,0.0,-37.27886621374637,-18.83789669140242,0.05,-0.032071823942630244,0,0
1789007578.9758224,77.87785387039185,-1.3942134370126171,-0.5323447521279352,-2.7363744722635346,0.008597360692410011,-0.0014646205909382621,0,1,0.0,0.0,-37.27886621374637,-18.83789669140242,0.05,-0.032071823942630244,0,0
1789007578.9808826,77.8829140663147,-1.3942533520883573,-0.5323618741156722,-2.736391569560314,0.008585662661662257,-0.0016552421893656572,0,1,0.0,0.0,-37.27886621374637,-18.83789669140242,0.05,-0.032071823942630244,0,0
1789007579.0309145,77.93294596672058,-1.3946375944124036,-0.5325265694809761,-2.73656519753875,0.008117422815926801,-0.001821006186935007,0,1,0.0,0.0,-37.27886621374637,-18.83789669140242,0.05,-0.032071823942630244,0,0
1789007579.0769253,77.97895669937134,-1.3944204876043746,-0.5323649317162055,-2.7367011946626403,0.008007923447518677,-0.001823194864539683,0,1,0.0,0.0,-37.27886621374637,-18.83789669140242,0.05,-0.032808262320856256,0,0
1789007579.0808878,77.982919216156,-1.394447511515853,-0.5323765112620668,-2.7367166578011846,0.00792251853056537,-0.0019619559408981784,0,1,0.0,0.0,-37.27886621374637,-18.83789669140242,0.05,-0.032808262320856256,0,0
1789007579.1308668,78.03289818763733,-1.3948101494224816,-0.5325312022821556,-2.737322164407479,0.007856968333024936,-0.0022204793167291273,0,1,0.0,0.0,-37.27886621374637,-18.83789669140242,0.05,-0.032808262320856256,0,0
1789007579.1785,78.08053135871887,-1.394593426298961,-0.5323693994290672,-2.7376378468148057,0.0077426189176893635,-0.0022296015616640324,0,1,0.0,0.0,-37.27886621374637,-18.83789669140242,0.05,-0.032808262320856256,0,0
1789007579.1808472,78.08287858963013,-1.3946303804651787,-0.5323852261261196,-2.7376554113011013,0.008459606878743427,-0.002447024464689857,0,1,0.0,0.0,-37.27886621374637,-18.83789669140242,0.05,-0.032808262320856256,0,0
1789007579.2308016,78.1328330039978,-1.3950371950721503,-0.5325589135729247,-2.7379463813873723,0.009340705747986679,-0.0026504611415349368,0,1,0.0,0.0,-37.27886621374637,-18.83789669140242,0.05,-0.03332190883966784,0,0
1789007579.2798758,78.18190717697144,-1.3948989145124047,-0.5324306921216614,-2.7381816159296037,0.009302822342616585,-0.0026549814672556394,0,1,0.0,0.0,-37.27886621374637,-18.83789669140242,0.05,-0.03332190883966784,0,0
1789007579.2808838,78.18291521072388,-1.3949187445994096,-0.5324391732038423,-2.73819470437456,0.009693026199229706,-0.002830338777216808,0,1,0.0,0.0,-37.27886621374637,-18.83789669140242,0.05,-0.03332190883966784,0,0
1789007579.3309326,78.23296403884888,-1.3953674779595322,-0.5326300681212701,-2.7387300569808826,0.009809738576687523,-0.0030951910803706083,0,1,0.0,0.0,-37.27886621374637,-18.83789669140242,0.05,-0.03332190883966784,0,0
1789007579.3812299,78.2832612991333,-1.3952616049732074,-0.5325153202704027,-2.7390796420302017,0.009796499958088085,-0.0031036544280889397,0,1,0.0,0.0,-37.27886621374637,-18.83789669140242,0.05,-0.03332190883966784,0,0
1789007579.431802,78.33383345603943,-1.3957002076958431,-0.53270178022151,-2.7394054524762184,0.008818623079274246,-0.0035318481937144553,0,1,0.0,0.0,-37.27886621374637,-18.83789669140242,0.05,-0.030780357786764703,0,0
1789007579.4823987,78.3844301700592,-1.395549292392777,-0.5325679236271171,-2.739660763116898,0.008758162086008199,-0.0035350984403421494,0,1,0.0,0.0,-37.27886621374637,-18.83789669140242,0.05,-0.030780357786764703,0,0
1789007579.5333147,78.4353461265564,-1.395843188332119,-0.5326924565419179,-2.740043182430338,0.00674752880321783,-0.0039213183383426655,0,1,0.0,0.0,-37.27886621374637,-18.83789669140242,0.05,-0.030780357786764703,0,0
1789007579.5837386,78.48576998710632,-1.3955926473126465,-0.5325164029950646,-2.7402053143078677,0.0065955233133664325,-0.003919808313034753,0,1,0.0,0.0,-37.27886621374637,-18.83789669140242,0.05,-0.03143698769931993,0,0
1789007579.6343067,78.5363380908966,-1.3958947970903377,-0.532644750771196,-2.7403537826627873,0.00648392716757816,-0.0041583246238126636,0,1,0.0,0.0,-37.27886621374637,-18.83789669140242,0.05,-0.03143698769931993,0,0
1789007579.6852596,78.58729100227356,-1.3956355314943507,-0.5324653288773151,-2.740365114878136,0.006339504858975938,-0.004207015576650205,0,1,0.0,0.0,-37.27886621374637,-18.83789669140242,0.05,-0.03143698769931993,0,0
1789007579.7356954,78.63772678375244,-1.3957422183957775,-0.5325105738864827,-2.7404497734752993,0.0024694723673450354,-0.0042783470821398766,0,1,0.0,0.0,-37.27886621374637,-18.83789669140242,0.05,-0.03143698769931993,0,0
1789007579.7863796,78.68841099739075,-1.395818505544,-0.5325402509017158,-2.7405566963283428,0.0020077497883673957,-0.004281182632247226,0,1,0.0,0.0,-37.27886621374637,-18.83789669140242,0.05,-0.00142884839947632,0,0
1789007579.8369734,78.73900485038757,-1.395971249306706,-0.5326052060701005,-2.740638289096688,0.0029530589241862013,-0.0042697664831140335,0,1,0.0,0.0,-37.27886621374637,-18.83789669140242,0.05,0.046923224000553695,0,0
1789007579.842558,78.74458932876587,-1.3959648451628088,-0.5325996917250206,-2.740661253263454,0.002960506475437836,-0.004253875540248076,0,1,0.0,0.0,-37.27886621374637,-18.83789669140242,0.05,0.057745348333070684,0,0
1789007579.8882408,78.79027223587036,-1.3960918580500916,-0.5326538589717014,-2.740500459272129,0.003030864949810504,-0.004168917348662909,0,1,0.0,0.0,-37.27886621374637,-18.83789669140242,0.05,0.057745348333070684,0,0
1789007579.9387207,78.84075212478638,-1.396235671884879,-0.532715029737661,-2.7404919804314756,0.0030725757457075306,-0.0041134442353736545,0,1,0.0,0.0,-37.27886621374637,-18.83789669140242,0.05,0.05745965116346876,0,0
1789007579.944736,78.84676742553711,-1.3962306220321405,-0.5327100847153524,-2.7405133996638256,0.0030661313651808297,-0.004050546677590655,0,1,0.0,0.0,-37.27886621374637,-18.83789669140242,0.05,0.05745965116346876,0,0
1789007579.9893203,78.8913516998291,-1.3964493992159086,-0.5328032959537745,-2.7403195597466725,0.006720298106033593,-0.003916141702203983,0,1,0.0,0.0,-37.27886621374637,-18.83789669140242,0.05,0.05745965116346876,0,0
1789007580.0400536,78.9420850276947,-1.3969361705349406,-0.5330105535068526,-2.739932372991918,0.012150063598635064,-0.0038181286491247774,0,1,0.0,0.0,-37.27886621374637,-18.83789669140242,0.05,0.05745965116346876,0,0
1789007580.0411475,78.94317889213562,-1.3969367923637317,-0.5330080334867904,-2.739929591108804,0.012633513339124476,-0.003655245546259328,0,1,0.0,0.0,-37.27886621374637,-18.83789669140242,0.05,0.05745965116346876,0,0
1789007580.0904791,78.99251055717468,-1.3975498649977534,-0.5332693441636149,-2.7394080022719156,0.014407745415934235,-0.003356688987975693,0,1,0.0,0.0,-37.27886621374637,-18.83789669140242,0.05,0.0574127912024657,0,0
1789007580.1412263,79.04325771331787,-1.3982419785030187,-0.5335647565447086,-2.7389385673639364,0.01509834435782697,-0.0031548792266273547,0,1,0.0,0.0,-37.27886621374637,-18.83789669140242,0.05,0.0574127912024657,0,0
1789007580.1442418,79.04627323150635,-1.3977141222586402,-0.5332707731269429,-2.7389365899468805,0.01518238227810862,-0.0029310540405835797,0,1,0.0,0.0,-37.27886621374637,-18.83789669140242,0.05,0.0574127912024657,0,0
1789007580.1917982,79.09382963180542,-1.3983816299097989,-0.5335569372576686,-2.738102575275903,0.015373936916489396,-0.0025132587393979916,0,1,0.0,0.0,-37.27886621374637,-18.83789669140242,0.05,0.0574127912024657,0,0
1789007580.2426274,79.14465880393982,-1.3991672809489373,-0.5338953713733178,-2.7368595664414523,0.01744369100659148,-0.002219047106433379,0,1,0.0,0.0,-37.27886621374637,-18.83789669140242,0.05,0.0574127912024657,0,0
1789007580.2509604,79.152991771698,-1.3987329713776946,-0.5336417489435414,-2.736855066213947,0.0177057665132562,-0.001757247058132512,0,1,0.0,0.0,-37.27886621374637,-18.83789669140242,0.05,0.057848537943015504,0,0
1789007580.2930737,79.19510507583618,-1.3994901376632436,-0.5339675482183505,-2.7362973883319235,0.020415999485413866,-0.0011827496123197776,0,1,0.0,0.0,-37.27886621374637,-18.83789669140242,0.05,0.057848537943015504,0,0
1789007580.3436987,79.24573016166687,-1.4004762912777275,-0.5343921460274761,-2.7358054038846906,0.02162221613399371,-0.0008032796008590282,0,1,0.0,0.0,-37.27886621374637,-18.83789669140242,0.05,0.057848537943015504,0,0
1789007580.3462877,79.24831914901733,-1.3999534644291889,-0.5341008839480554,-2.735789100711329,0.021761334055355464,-0.0004499274723420473,0,1,0.0,0.0,-37.27886621374637,-18.83789669140242,0.05,0.057848537943015504,0,0
1789007580.3943143,79.2963457107544,-1.4009154319457455,-0.5345167791982636,-2.7349887522110787,0.02205589431660393,0.00018165728737480456,0,1,0.0,0.0,-37.27886621374637,-18.83789669140242,0.05,0.057848537943015504,0,0
1789007580.445224,79.34725546836853,-1.4019416090360637,-0.5349625502617773,-2.7338885910010617,0.022138734741911352,0.0004776763945177287,0,1,0.0,0.0,-37.27886621374637,-18.83789669140242,0.05,0.057848537943015504,0,0
1789007580.4957888,79.3978202342987,-1.4022887690007921,-0.5350501590105278,-2.733093694788642,0.019426328587846212,0.0017465644655578311,0,1,0.0,0.0,-37.27886621374637,-18.83789669140242,0.055373936854302884,0.049153407948712514,0,0
1789007580.5463858,79.44841718673706,-1.403065293814878,-0.5353887233078026,-2.732413292323535,0.016094247133122404,0.002083495977494362,0,1,0.0,0.0,-37.27886621374637,-18.83789669140242,0.055373936854302884,0.049153407948712514,0,0
1789007580.597249,79.49928045272827,-1.403157408454203,-0.5353685342704229,-2.73123205506861,0.014397416862869114,0.003254729887357414,0,1,0.0,0.0,-37.27886621374637,-18.83789669140242,0.055373936854302884,0.049153407948712514,0,0
1789007580.647659,79.54969048500061,-1.403807407334523,-0.5356525243652224,-2.730709979227821,0.014031483756859753,0.003643538784138381,0,1,0.0,0.0,-37.27886621374637,-18.83789669140242,0.05,0.06184832395791698,0,0
1789007580.6983294,79.60036087036133,-1.4038640265679894,-0.5356153686930633,-2.7302468388221017,0.013838207092016212,0.004611870930531675,0,1,0.0,0.0,-37.27886621374637,-18.83789669140242,0.05,0.06184832395791698,0,0
1789007580.7489288,79.65096020698547,-1.4043802364739453,-0.5358413607806172,-2.7298698316242964,0.01056970682660875,0.004845675340821893,0,1,0.0,0.0,-37.27886621374637,-18.83789669140242,0.05,0.06184832395791698,0,0
1789007580.7998178,79.70184922218323,-1.4040792920481573,-0.5356490438138021,-2.729471820160364,0.005217713393973405,0.005549154917098346,0,1,0.0,0.0,-37.27886621374637,-18.83789669140242,0.05,0.06184832395791698,0,0
1789007580.8502655,79.75229692459106,-1.4042661287513252,-0.5357308258321237,-2.729193873050498,0.0036897713565139057,0.005751604534163877,0,1,0.0,0.0,-37.27886621374637,-18.83789669140242,0.05,0.06492139645541709,0,0
1789007580.9008427,79.80287408828735,-1.403824714490835,-0.5354767712343538,-2.728787380079306,0.0029578570110096597,0.006244605929177472,0,1,0.0,0.0,-37.27886621374637,-18.83789669140242,0.05,0.06492139645541709,0,0
1789007580.9513872,79.8534185886383,-1.4039640133611369,-0.5355377636011351,-2.728458455526858,0.0028399052917530087,0.006364840578397405,0,1,0.0,0.0,-37.27886621374637,-18.83789669140242,0.05,0.06492139645541709,0,0
1789007581.0022647,79.90429615974426,-1.403646567193191,-0.5353381774833766,-2.727835069964756,0.00619493622827492,0.006792435034577853,0,1,0.0,0.0,-37.27886621374637,-18.83789669140242,0.05,0.06054915471002461,0,0
1789007581.0527864,79.95481777191162,-1.4041074457166471,-0.5355401443932097,-2.727446564087969,0.010321024304013096,0.006934638969693163,0,1,0.0,0.0,-37.27886621374637,-18.83789669140242,0.05,0.06054915471002461,0,0
1789007581.1033735,80.00540494918823,-1.4040994217783755,-0.5354772316150815,-2.7268592637399363,0.01250650292731591,0.007325659848760616,0,1,0.0,0.0,-37.27886621374637,-18.83789669140242,0.05,0.06054915471002461,0,0
1789007581.130832,80.03286337852478,-1.4044220145619593,-0.5356192168190692,-2.7266528253039346,0.012910614761885266,0.007428256277111675,0,1,0.0,0.0,-37.27886621374637,-18.83789669140242,0.05,0.06054915471002461,0,0
1789007581.1543477,80.05637907981873,-1.404115916087586,-0.5354261458554143,-2.726173634045024,0.013043905641247229,0.007681623097582126,0,1,0.0,0.0,-37.27886621374637,-18.83789669140242,0.05,0.0305399795100857,0,0
1789007581.2048442,80.10687565803528,-1.4049110812780623,-0.5357765838402135,-2.7256685499043427,0.018164238698966228,0.007919850714175874,0,1,0.0,0.0,-37.27886621374637,-18.83789669140242,0.05,0.024698173881818865,0,0
1789007581.230887,80.13291835784912,-1.4054274235389344,-0.5360041598498771,-2.7254576663247945,0.022155184076746992,0.008018144269960953,0,1,0.0,0.0,-37.27886621374637,-18.83789669140242,0.05,0.024698173881818865,0,0
1789007581.2554483,80.157479763031,-1.405352224123044,-0.5359131225737587,-2.7252409044817987,0.023019881222201184,0.008124973893067391,0,1,0.0,0.0,-37.27886621374637,-18.83789669140242,0.05,0.024698173881818865,0,0
1789007581.3060026,80.2080340385437,-1.40638818053833,-0.5363700673152643,-2.725278041516101,0.022627091711774943,0.008213552138737604,0,1,0.0,0.0,-37.27886621374637,-18.83789669140242,0.05,0.024698173881818865,0,0
1789007581.3308477,80.23287916183472,-1.4068894410470894,-0.5365917941989733,-2.7250732091378036,0.02214662330334514,0.008228565941448251,0,1,0.0,0.0,-37.27886621374637,-18.83789669140242,0.05,0.024698173881818865,0,0
1789007581.3569918,80.25902318954468,-1.4068297093184612,-0.5365057727521461,-2.7255164021829827,0.02237586355812234,0.008154131921234209,0,1,0.0,0.0,-37.27886621374637,-18.83789669140242,0.05,0.022428256329149014,0,0
1789007581.407563,80.30959439277649,-1.4078487436717335,-0.5369553218338262,-2.7253610433758846,0.022260600007142074,0.00804373552047072,0,1,0.0,0.0,-37.27886621374637,-18.83789669140242,0.05,0.022428256329149014,0,0
1789007581.4308333,80.33286476135254,-1.4083470700870344,-0.5371754986738357,-2.725176061491866,0.02352116287415522,0.007999631724973403,0,1,0.0,0.0,-37.27886621374637,-18.83789669140242,0.05,0.022428256329149014,0,0
1789007581.4581983,80.36022973060608,-1.4083483629368319,-0.5371177161149452,-2.725252330967732,0.024022089462541103,0.00791811115834133,0,1,0.0,0.0,-37.27886621374637,-18.83789669140242,0.05,0.022428256329149014,0,0
1789007581.508994,80.4110255241394,-1.4095108558888068,-0.5376268213357983,-2.72604594437955,0.02533400398791917,0.007597810807381708,0,1,0.0,0.0,-37.27886621374637,-18.83789669140242,0.05,0.022428256329149014,0,0
1789007581.5308328,80.43286418914795,-1.409995241037299,-0.5378406511961874,-2.7258875457463083,0.024433279057883433,0.007434225191928123,0,1,0.0,0.0,-37.27886621374637,-18.83789669140242,0.05,0.01988021838168304,0,0
1789007581.5595136,80.46154499053955,-1.4100375051191119,-0.5377996413401094,-2.7261843533212042,0.024614356515026574,0.007202072723974818,0,1,0.0,0.0,-37.27886621374637,-18.83789669140242,0.05,0.01988021838168304,0,0
1789007581.6106737,80.51270508766174,-1.4111646216400606,-0.5382932842151701,-2.7266601135423847,0.024302747087098144,0.006768969829097635,0,1,0.0,0.0,-37.27886621374637,-18.83789669140242,0.05,0.01988021838168304,0,0
1789007581.6308906,80.53292202949524,-1.4116047281301511,-0.5384871901032996,-2.72653235250392,0.023952042979199895,0.006590747847594087,0,1,0.0,0.0,-37.27886621374637,-18.83789669140242,0.05,0.01988021838168304,0,0
1789007581.6613955,80.56342697143555,-1.4116725803343428,-0.5384558266256311,-2.7270967875259613,0.02417468545298192,0.006286545692663141,0,1,0.0,0.0,-37.27886621374637,-18.83789669140242,0.05,0.01988021838168304,0,0
1789007581.7122476,80.61427903175354,-1.412754408814092,-0.5389266646013906,-2.7279264323472727,0.02342716192851655,0.005641589307152712,0,1,0.0,0.0,-37.27886621374637,-18.83789669140242,0.05,0.019584777715305497,0,0
1789007581.7308688,80.63290023803711,-1.413214348461326,-0.5391284625169641,-2.727834028710247,0.026399654593794418,0.0053620985935244145,0,1,0.0,0.0,-37.27886621374637,-18.83789669140242,0.05,0.019584777715305497,0,0
1789007581.7627099,80.6647412776947,-1.413392572435645,-0.5391460241815685,-2.7281293500352346,0.027242869807974062,0.005009291182195283,0,1,0.0,0.0,-37.27886621374637,-18.83789669140242,0.05,0.019584777715305497,0,0
1789007581.813336,80.7153673171997,-1.414931191741851,-0.5398187460429128,-2.728344435222273,0.033453800582914174,0.004473381886074851,0,1,0.0,0.0,-37.27886621374637,-18.83789669140242,0.05,0.019584777715305497,0,0
1789007581.8309102,80.73294162750244,-1.4154935238014799,-0.5400652896074278,-2.728275752053794,0.03478201630954676,0.004275901464519315,0,1,0.0,0.0,-37.27886621374637,-18.83789669140242,0.05,0.019584777715305497,0,0
1789007581.8640597,80.76609110832214,-1.4159509940749464,-0.5402049915743286,-2.7285517945464117,0.03565648210902668,0.003989601767623177,0,1,0.0,0.0,-37.27886621374637,-18.83789669140242,0.061662551600056764,0.037911644515394693,0,0
1789007581.9150898,80.81712126731873,-1.417623936596312,-0.5409338290582071,-2.7290849484737163,0.03624527161428634,0.0037919096991270137,0,1,0.0,0.0,-37.27886621374637,-18.83789669140242,0.06417468465864658,0.0446198789899548,0,0
1789007581.9308326,80.8328640460968,-1.4180977074107497,-0.5411412072339494,-2.729044811223681,0.03457829465550299,0.0033729295769667827,0,1,0.0,0.0,-37.27886621374637,-18.83789669140242,0.06417468465864658,0.0446198789899548,0,0
1789007581.965526,80.86755752563477,-1.4185818697163972,-0.5412922782392653,-2.729237437730983,0.0350310636734518,0.0029692955752549685,0,1,0.0,0.0,-37.27886621374637,-18.83789669140242,0.06417468465864658,0.0446198789899548,0,0
1789007582.016146,80.91817736625671,-1.42004783847678,-0.5419317992108104,-2.729396336441897,0.032567815464742945,0.0027281865961500465,0,1,0.0,0.0,-37.27886621374637,-18.83789669140242,0.06417468465864658,0.0446198789899548,0,0
1789007582.030834,80.93286538124084,-1.4204074285508197,-0.5420890757127867,-2.7293732520798333,0.02964277294753796,0.0024186320381494645,0,1,0.0,0.0,-37.27886621374637,-18.83789669140242,0.06417468465864658,0.0446198789899548,0,0
1789007582.0674553,80.96948671340942,-1.4207740632512345,-0.5421878748958942,-2.729686904078862,0.029705564335184745,0.002001377540428621,0,1,0.0,0.0,-37.27886621374637,-18.83789669140242,0.07478201478719712,0.04594256790975731,0,0
1789007582.1181767,81.02020812034607,-1.422107904462872,-0.5427699233229015,-2.729725925576017,0.029143405112606748,0.0017684082167310389,0,1,0.0,0.0,-37.27886621374637,-18.83789669140242,0.07478201478719712,0.04594256790975731,0,0
1789007582.1308846,81.03291606903076,-1.4224285607467166,-0.5429100202485403,-2.7297177196796354,0.028470009799632566,0.001498080504588491,0,1,0.0,0.0,-37.27886621374637,-18.83789669140242,0.07478201478719712,0.04594256790975731,0,0
1789007582.1689024,81.07093381881714,-1.4227899674229514,-0.5430080336797664,-2.729791250608548,0.028650672370534123,0.0012367884846666653,0,1,0.0,0.0,-37.27886621374637,-18.83789669140242,0.07478201478719712,0.04594256790975731,0,0
1789007582.2195218,81.12155318260193,-1.4241287500971995,-0.5435927599164276,-2.7297476648160752,0.029033689544561432,0.0010905920471622741,0,1,0.0,0.0,-37.27886621374637,-18.83789669140242,0.07478201478719712,0.04594256790975731,0,0
1789007582.230834,81.13286542892456,-1.4244956033165568,-0.5437529897365199,-2.7297450036429542,0.0318062923677834,0.0009136677953301787,0,1,0.0,0.0,-37.27886621374637,-18.83789669140242,0.06436133617704566,0.06429140005990729,0,0
1789007582.2703981,81.17242956161499,-1.4250237943998891,-0.543924997968393,-2.729674565538992,0.032451197084226766,0.0007088203972436547,0,1,0.0,0.0,-37.27886621374637,-18.83789669140242,0.06436133617704566,0.06439485321442287,0,0
1789007582.2808332,81.18286466598511,-1.425399990857096,-0.5440893433630463,-2.7296727239232816,0.03521609390630444,0.0005954189131017675,0,1,0.0,0.0,-37.27886621374637,-18.83789669140242,0.06436133617704566,0.06439485321442287,0,0
1789007582.330899,81.23293042182922,-1.4270575227740898,-0.5448138652045664,-2.729602195463922,0.03700710277806899,0.00047196985997190595,0,1,0.0,0.0,-37.27886621374637,-18.83789669140242,0.06436133617704566,0.06439485321442287,0,0
1789007582.3714685,81.27349996566772,-1.4278022296423218,-0.5450808138458989,-2.7295516897240883,0.03773976385304719,0.00036002765125478704,0,1,0.0,0.0,-37.27886621374637,-18.83789669140242,0.06436133617704566,0.06439485321442287,0,0
1789007582.3808348,81.28286623954773,-1.4281194546904232,-0.5452194641304694,-2.7295517917468692,0.03758236145504256,0.00029747187491091075,0,1,0.0,0.0,-37.27886621374637,-18.83789669140242,0.06017309442162516,0.06290345512951415,0,0
1789007582.4308918,81.33292317390442,-1.429897094988821,-0.5459981922771293,-2.729292153921114,0.03994337549647116,0.00024045055300757408,0,1,0.0,0.0,-37.27886621374637,-18.83789669140242,0.06017309442162516,0.06290345512951415,0,0
1789007582.472849,81.37488031387329,-1.4307975709979335,-0.5463355456002911,-2.729022535560031,0.040823090517537644,0.00023203350463174167,0,1,0.0,0.0,-37.27886621374637,-18.83789669140242,0.06017309442162516,0.06290345512951415,0,0
1789007582.4808455,81.38287687301636,-1.4312078656746208,-0.5465150423463743,-2.7290211818289616,0.04540799015935978,0.0002225586257888135,0,1,0.0,0.0,-37.27886621374637,-18.83789669140242,0.06017309442162516,0.06290345512951415,0,0
1789007582.5309038,81.43293523788452,-1.433425557682969,-0.5474874014222555,-2.728784384844234,0.05144879760852617,0.00024501024953369193,0,1,0.0,0.0,-37.27886621374637,-18.83789669140242,0.06017309442162516,0.06290345512951415,0,0
1789007582.5741785,81.47620987892151,-1.434840652423228,-0.5480509457376276,-2.72858470534689,0.053203814066186295,0.00028592179517791924,0,1,0.0,0.0,-37.27886621374637,-18.83789669140242,0.05,0.062026694320763166,0,0
1789007582.580925,81.48295640945435,-1.4351758710348677,-0.5481978374244275,-2.728581756481352,0.05360879182759611,0.0003045084035947324,0,1,0.0,0.0,-37.27886621374637,-18.83789669140242,0.05,0.062026694320763166,0,0
1789007582.6308355,81.53286695480347,-1.4376394795008973,-0.5492830705291051,-2.7279524836640476,0.05423161714912566,0.00044213550479260124,0,1,0.0,0.0,-37.27886621374637,-18.83789669140242,0.05,0.062026694320763166,0,0
1789007582.6757474,81.57777881622314,-1.4392180370051484,-0.5499225599094242,-2.7275564373679324,0.05535213957558008,0.00045530368946757694,0,1,0.0,0.0,-37.27886621374637,-18.83789669140242,0.05,0.062026694320763166,0,0
1789007582.6808355,81.58286690711975,-1.439445330386418,-0.5500224780461329,-2.727545584513796,0.05439243633186395,0.000617969138117258,0,1,0.0,0.0,-37.27886621374637,-18.83789669140242,0.05,0.062026694320763166,0,0
1789007582.7308326,81.63286399841309,-1.441930312033028,-0.5511176960727313,-2.72718626603503,0.05419669416735798,0.0008103025243312053,0,1,0.0,0.0,-37.27886621374637,-18.83789669140242,0.05,0.06188922528798382,0,0
1789007582.776952,81.67898344993591,-1.4435542014712637,-0.5517784620522255,-2.7268906774859607,0.055236814347506824,0.0008206330110066869,0,1,0.0,0.0,-37.27886621374637,-18.83789669140242,0.05,0.06188922528798382,0,0
1789007582.7808313,81.68286275863647,-1.443708564396899,-0.5518464770141213,-2.726876716418011,0.05386805885613139,0.001003725285227362,0,1,0.0,0.0,-37.27886621374637,-18.83789669140242,0.05,0.06188922528798382,0,0
1789007582.8308313,81.73286271095276,-1.4461686484794878,-0.5529371117706037,-2.726092862016246,0.053705364744942516,0.001340980609845417,0,1,0.0,0.0,-37.27886621374637,-18.83789669140242,0.05,0.06188922528798382,0,0
1789007582.878568,81.78059935569763,-1.4478361097956187,-0.5536262775468465,-2.7251961379309377,0.05465828647371216,0.0013765248993572073,0,1,0.0,0.0,-37.27886621374637,-18.83789669140242,0.05,0.06188922528798382,0,0
1789007582.8808331,81.78286457061768,-1.4479196340303087,-0.5536632622245349,-2.725171521973031,0.05362087657858117,0.0017594892865285489,0,1,0.0,0.0,-37.27886621374637,-18.83789669140242,0.05,0.06188922528798382,0,0
1789007582.93091,81.83294153213501,-1.4502327832525037,-0.5546940658987886,-2.724359814467298,0.046712899496253686,0.0022048144414234653,0,1,0.0,0.0,-37.27886621374637,-18.83789669140242,0.05,0.06228463580754277,0,0
1789007582.980272,81.88230347633362,-1.4516418314971853,-0.5552788556307859,-2.722918141880663,0.047273261948305875,0.002261774602953951,0,1,0.0,0.0,-37.27886621374637,-18.83789669140242,0.05,0.06228463580754277,0,0
1789007582.9808352,81.88286662101746,-1.4512509567219651,-0.5551064779759889,-2.72288494118577,0.032358125459427484,0.0029061448010251575,0,1,0.0,0.0,-37.27886621374637,-18.83789669140242,0.05,0.06228463580754277,0,0
1789007583.0308592,81.93289065361023,-1.4525194460197999,-0.5556779297033289,-2.7220364815292086,0.021935560873688593,0.0035317415975575734,0,1,0.0,0.0,-37.27886621374637,-18.83789669140242,0.05,0.06228463580754277,0,0
1789007583.081354,81.98338532447815,-1.452802912248464,-0.5557576211932805,-2.7212766706969966,0.021279017503151844,0.0035569384217422053,0,1,0.0,0.0,-37.27886621374637,-18.83789669140242,0.05,0.06228463580754277,0,0
1789007583.1320148,82.0340461730957,-1.453520792116262,-0.5560819037848297,-2.720562814287655,0.01675223726287867,0.004651521483667095,0,1,0.0,0.0,-37.27886621374637,-18.83789669140242,0.05,0.0630431915835167,0,0
1789007583.1828518,82.08488321304321,-1.453563711553087,-0.5560550369456814,-2.719698259550248,0.0159086122518396,0.004677819281119763,0,1,0.0,0.0,-37.27886621374637,-18.83789669140242,0.05,0.0630431915835167,0,0
1789007583.2333107,82.13534212112427,-1.454212898653223,-0.5563478943623222,-2.719145083993307,0.01143817260503949,0.005809807191902554,0,1,0.0,0.0,-37.27886621374637,-18.83789669140242,0.0,0.0,0,0
1789007583.284026,82.18605732917786,-1.454002913177532,-0.5562052935498555,-2.718746856922373,0.01041861733902426,0.005814337245825384,0,1,0.0,0.0,-37.27886621374637,-18.83789669140242,0.0,0.0,0,0
1789007583.3346155,82.23664689064026,-1.4540194920667382,-0.5562135727420141,-2.718371161085186,0.002612267727353913,0.006479711223618975,0,1,0.0,0.0,-37.27886621374637,-18.83789669140242,0.0,0.0,0,0
1789007583.3854637,82.28749513626099,-1.4533881560461093,-0.5558791390382949,-2.7186937959962685,0.0011458885642438082,0.006644511729914023,0,1,0.0,0.0,-37.27886621374637,-18.83789669140242,0.0,0.0,0,0
1789007583.4361815,82.33821296691895,-1.4536687319290307,-0.556002963779337,-2.7189601226527893,0.008415180362204221,0.006870486599473552,0,1,0.0,0.0,-37.27886621374637,-18.83789669140242,0.0,0.0,0,0
1789007583.486786,82.38881731033325,-1.4533619943723446,-0.5558141997156222,-2.7197028110682977,0.008075194450227464,0.006827031616308663,0,1,0.0,0.0,-37.27886621374637,-18.83789669140242,0.0,0.0,0,0
1789007583.537633,82.43966436386108,-1.4538283041381972,-0.5560199078470257,-2.7210204917612275,0.006047400083269483,0.006497021667703246,0,1,0.0,0.0,-37.27886621374637,-18.83789669140242,0.011660815599952912,0.018324138799926004,0,0
1789007583.5445945,82.44662594795227,-1.4531424891866087,-0.5556633337833841,-2.720991385665937,0.0055182534051325255,0.006167071961173633,0,1,0.0,0.0,-37.27886621374637,-18.83789669140242,0.02332392719981726,0.036651885599712844,0,0
1789007583.5881135,82.49014496803284,-1.4533169109024275,-0.5557393119515056,-2.7218396303222607,0.0035067401317505245,0.005634731891934838,0,1,0.0,0.0,-37.27886621374637,-18.83789669140242,0.03499432999992677,0.05081433717161418,0,0
1789007583.6387892,82.5408205986023,-1.453463568292108,-0.5558031371565239,-2.7225724199257764,0.0027313216217820816,0.005270785384841036,0,1,0.0,0.0,-37.27886621374637,-18.83789669140242,0.04665812479988744,0.05081433717161418,0,0
1789007583.6410463,82.54307770729065,-1.452757148702827,-0.5554374775209093,-2.7225795163955833,0.0026706480637102153,0.004900476888106768,0,1,0.0,0.0,-37.27886621374637,-18.83789669140242,0.05,0.05081433717161418,0,0
1789007583.6894207,82.59145212173462,-1.4527223411506347,-0.5554216761181271,-2.7226797509736738,-0.004238389792356575,0.004461543601554705,0,1,0.0,0.0,-37.27886621374637,-18.83789669140242,0.05,0.05182703172788026,0,0
1789007583.740308,82.64233946800232,-1.4523178098347975,-0.5552412434263377,-2.7229725642794276,-0.011256652045638277,0.0041566219994540795,0,1,0.0,0.0,-37.27886621374637,-18.83789669140242,0.05,0.05182703172788026,0,0
1789007583.7433398,82.64537119865417,-1.4515649722299966,-0.5548550884036985,-2.7229752404463663,-0.01189737029380948,0.0038122873033475907,0,1,0.0,0.0,-37.27886621374637,-18.83789669140242,0.05,0.05182703172788026,0,0
1789007583.7907462,82.69277763366699,-1.4510656742566992,-0.5546329000497803,-2.7233697529558114,-0.01131619724835905,0.0033549864149552185,0,1,0.0,0.0,-37.27886621374637,-18.83789669140242,0.05,0.05182703172788026,0,0
1789007583.8413615,82.74339294433594,-1.45057586839868,-0.5544154365121872,-2.723724779643708,-0.010727332272431812,0.0030475303783632887,0,1,0.0,0.0,-37.27886621374637,-18.83789669140242,0.05,0.05182703172788026,0,0
1789007583.8421998,82.74423122406006,-1.4498669577475736,-0.5540489729675123,-2.7237367472927594,-0.010625973208237313,0.002753678800902304,0,1,0.0,0.0,-37.27886621374637,-18.83789669140242,0.05,0.06656714356193942,0,0
1789007583.8923175,82.79434895515442,-1.4493795857512992,-0.5538335505978146,-2.7247276232714035,-0.010605602180615164,0.002137490052084367,0,1,0.0,0.0,-37.27886621374637,-18.83789669140242,0.05,0.06656714356193942,0,0
1789007583.9428022,82.84483361244202,-1.4489896481556637,-0.5536614276971134,-2.725063245623131,-0.008130873634503951,0.0017447932698044049,0,1,0.0,0.0,-37.27886621374637,-18.83789669140242,0.05,0.06656714356193942,0,0
1789007583.9445457,82.84657716751099,-1.4482847974264303,-0.5532969243378545,-2.7250767968870524,-0.007863246002528319,0.0014011496960358244,0,1,0.0,0.0,-37.27886621374637,-18.83789669140242,0.05,0.06656714356193942,0,0
1789007583.9933977,82.8954291343689,-1.4481443002624446,-0.5532352716986291,-2.7252325924758884,0.001109629806941888,0.0010000440531481047,0,1,0.0,0.0,-37.27886621374637,-18.83789669140242,0.05,0.06656714356193942,0,0
1789007584.0440168,82.94604825973511,-1.448581955639943,-0.553429243309356,-2.7253768241947975,0.011685538588255268,0.0007340992306319735,0,1,0.0,0.0,-37.27886621374637,-18.83789669140242,0.05,0.0650216530977438,0,0
1789007584.094946,82.99697732925415,-1.4486259135998811,-0.5533959870113665,-2.7256784448200317,0.01645098378971234,3.8844270049377773e-05,0,1,0.0,0.0,-37.27886621374637,-18.83789669140242,0.05,0.0650216530977438,0,0
1789007584.14537,83.04740142822266,-1.449417364707969,-0.5537454924063504,-2.7257921168668373,0.017428261646011564,-0.00017061824664888186,0,1,0.0,0.0,-37.27886621374637,-18.83789669140242,0.05,0.0650216530977438,0,0
1789007584.196015,83.09804630279541,-1.4495679547158429,-0.5537589257620716,-2.7258909531845243,0.018612904650091695,-0.0006733503658114556,0,1,0.0,0.0,-37.27886621374637,-18.83789669140242,0.05,0.0650216530977438,0,0
1789007584.2466643,83.14869570732117,-1.4504292306759188,-0.5541390237159671,-2.7259698648801156,0.01866089510855235,-0.0007957067416166919,0,1,0.0,0.0,-37.27886621374637,-18.83789669140242,0.05,0.06266671071915576,0,0
1789007584.2498064,83.15183782577515,-1.4497818473286137,-0.5538003341897063,-2.7259784901823596,0.01873538596594603,-0.0009222609988877552,0,1,0.0,0.0,-37.27886621374637,-18.83789669140242,0.05,0.06266671071915576,0,0
1789007584.297693,83.19972443580627,-1.4505644463054872,-0.5541456180275406,-2.7260532990648247,0.017826428043897932,-0.0011659743233005293,0,1,0.0,0.0,-37.27886621374637,-18.83789669140242,0.05,0.06266671071915576,0,0
1789007584.3481522,83.25018358230591,-1.451371721130471,-0.5545018160032323,-2.726106256918665,0.017471535023274844,-0.0012757306206546538,0,1,0.0,0.0,-37.27886621374637,-18.83789669140242,0.05,0.06266671071915576,0,0
1789007584.3531778,83.25520920753479,-1.4507474224825763,-0.5541734566038331,-2.726117592189477,0.017495367585424488,-0.0013777342336769836,0,1,0.0,0.0,-37.27886621374637,-18.83789669140242,0.05,0.06266671071915576,0,0
1789007584.3987663,83.30079770088196,-1.4514684974301142,-0.5544913419084092,-2.72625915919837,0.017357012080638806,-0.0015495760558316121,0,1,0.0,0.0,-37.27886621374637,-18.83789669140242,0.05,0.060993316312475766,0,0
1789007584.44964,83.35167145729065,-1.452349488688819,-0.5548796684154685,-2.7264123553915924,0.019296467956906586,-0.0016215701234721155,0,1,0.0,0.0,-37.27886621374637,-18.83789669140242,0.05,0.060993316312475766,0,0
1789007584.5000913,83.40212273597717,-1.4526516222640415,-0.5549599567990718,-2.7264899811426084,0.022403126624720514,-0.0018902835596308735,0,1,0.0,0.0,-37.27886621374637,-18.83789669140242,0.05,0.060993316312475766,0,0
1789007584.550742,83.45277333259583,-1.4537091042438608,-0.5554261169643012,-2.7265509414762037,0.02303694560228894,-0.0019467630612670895,0,1,0.0,0.0,-37.27886621374637,-18.83789669140242,0.05,0.060993316312475766,0,0
1789007584.6013434,83.50337481498718,-1.4540742556956978,-0.5555333881543403,-2.7268153232641903,0.02336059370038488,-0.00211389704517016,0,1,0.0,0.0,-37.27886621374637,-18.83789669140242,0.006662607199814378,0.09766341791263283,0,0
1789007584.6522486,83.55428004264832,-1.4551568560256332,-0.5560093004500897,-2.727103854430764,0.02337018217130842,-0.0021692994137463826,0,1,0.0,0.0,-37.27886621374637,-18.83789669140242,0.0,0.09999999999999999,0,0
1789007584.702729,83.60476040840149,-1.4553067984326837,-0.5560228184143047,-2.7269615097831177,0.01794256229145746,-0.0023687288404260934,0,1,0.0,0.0,-37.27886621374637,-18.83789669140242,0.0,0.09999999999999999,0,0
1789007584.7533417,83.65537309646606,-1.4558284240448163,-0.5562531289063621,-2.7268288998520975,0.010521841091695744,-0.0023850134090655875,0,1,0.0,0.0,-37.27886621374637,-18.83789669140242,0.011666135950190436,0.0700013646995103,0,0
1789007584.8039415,83.70597290992737,-1.4553908281332313,-0.5560084848166044,-2.7266223790540223,0.0056978655701240555,-0.002317851710560299,0,1,0.0,0.0,-37.27886621374637,-18.83789669140242,0.0350289047501974,0.009925673499492391,0,0
1789007584.8308825,83.73291397094727,-1.4555152663082407,-0.5560632914987691,-2.7266831478292515,0.004837076091036474,-0.0022855634566071852,0,1,0.0,0.0,-37.27886621374637,-18.83789669140242,0.046665405150088185,-0.01999675610022679,0,0
1789007584.8550487,83.757080078125,-1.45490095107995,-0.555741464263491,-2.72624957685841,0.00443389973408514,-0.0021746534533333764,0,1,0.0,0.0,-37.27886621374637,-18.83789669140242,0.05,-0.03355695021028321,0,0
1789007584.9056196,83.80765104293823,-1.4551022851058226,-0.5558304762805691,-2.726253634513353,0.004065530567718899,-0.0020296470054680924,0,1,0.0,0.0,-37.27886621374637,-18.83789669140242,0.05,-0.03383596607173483,0,0
1789007584.93087,83.83290147781372,-1.455223504066916,-0.555883954960657,-2.7263023030132434,0.005210194579334133,-0.0019783604163955554,0,1,0.0,0.0,-37.27886621374637,-18.83789669140242,0.05,-0.03383596607173483,0,0
1789007584.9562247,83.85825610160828,-1.4546313296061568,-0.5555709081764169,-2.7262475522691614,0.005117797109847012,-0.0019167545595323002,0,1,0.0,0.0,-37.27886621374637,-18.83789669140242,0.05,-0.03383596607173483,0,0
1789007585.0070999,83.90913128852844,-1.4548582602901081,-0.5556714315348015,-2.726090274733414,0.004620206079082428,-0.00178229560129867,0,1,0.0,0.0,-37.27886621374637,-18.83789669140242,0.05,-0.03383596607173483,0,0
1789007585.0308917,83.93292307853699,-1.4549251326772568,-0.555700914960003,-2.726129892084401,0.002938556947192617,-0.0017222291927901769,0,1,0.0,0.0,-37.27886621374637,-18.83789669140242,0.05,-0.03383596607173483,0,0
1789007585.0576591,83.9596905708313,-1.4542749238276445,-0.5553623871571811,-2.726066793312868,0.0023915222332598226,-0.0016496203975061871,0,1,0.0,0.0,-37.27886621374637,-18.83789669140242,0.05,-0.03384132001238564,0,0
1789007585.108351,84.01038241386414,-1.4543644978020884,-0.5554011954358319,-2.7266927299696877,0.0016036529348580782,-0.001647490208577126,0,1,0.0,0.0,-37.27886621374637,-18.83789669140242,0.05,-0.03384132001238564,0,0
1789007585.130861,84.03289246559143,-1.4544020244192353,-0.5554177324685347,-2.7267310240481972,0.0016870845615188292,-0.0016710364477819054,0,1,0.0,0.0,-37.27886621374637,-18.83789669140242,0.05,-0.03384132001238564,0,0
1789007585.158947,84.06097841262817,-1.453730672559687,-0.5550693620225066,-2.7272247195715784,0.001380448277790028,-0.0017638655699492875,0,1,0.0,0.0,-37.27886621374637,-18.83789669140242,0.05,-0.03384132001238564,0,0
1789007585.2106144,84.1126458644867,-1.4541657030195767,-0.5552592664629237,-2.7288324974059477,0.009331290210266604,-0.002162461765878104,0,1,0.0,0.0,-37.27886621374637,-18.83789669140242,0.05,-0.03384132001238564,0,0
1789007585.2308605,84.13289189338684,-1.4545621169316947,-0.5554334227443445,-2.728885642693624,0.019846741986183282,-0.0023669447799768554,0,1,0.0,0.0,-37.27886621374637,-18.83789669140242,0.05,-0.033388895845661556,0,0
1789007585.261059,84.163090467453,-1.4544444905511527,-0.5553272801906318,-2.729491013641307,0.021865925105735706,-0.0026454629704905216,0,1,0.0,0.0,-37.27886621374637,-18.83789669140242,0.05,-0.033388895845661556,0,0
1789007585.3117402,84.21377158164978,-1.4557231028840767,-0.5558848202926917,-2.7303381370282716,0.027957801307122318,-0.0031158373273852597,0,1,0.0,0.0,-37.27886621374637,-18.83789669140242,0.05,-0.033388895845661556,0,0
1789007585.3308337,84.23286509513855,-1.4562327388516572,-0.5561071347400797,-2.7304069814609355,0.029093545820773538,-0.0033003115571459993,0,1,0.0,0.0,-37.27886621374637,-18.83789669140242,0.05,-0.033388895845661556,0,0
1789007585.362634,84.26466536521912,-1.456380647400734,-0.5561131092930176,-2.7316128030602904,0.029948329819700522,-0.0037347194930919436,0,1,0.0,0.0,-37.27886621374637,-18.83789669140242,0.05,-0.033388895845661556,0,0
1789007585.413106,84.31513738632202,-1.4577691370131036,-0.5567147071274685,-2.732292718537839,0.030516143124765756,-0.004341054311751592,0,1,0.0,0.0,-37.27886621374637,-18.83789669140242,0.05,-0.033388895845661556,0,0
1789007585.4309084,84.33293986320496,-1.4581996766217815,-0.5569011788744362,-2.7323805392762592,0.027427811967399227,-0.004557256278263275,0,1,0.0,0.0,-37.27886621374637,-18.83789669140242,0.05,-0.033829128534222645,0,0
1789007585.463727,84.36575841903687,-1.4583020793067696,-0.556887518521243,-2.7328938529588447,0.02743461869719418,-0.004842793254629253,0,1,0.0,0.0,-37.27886621374637,-18.83789669140242,0.05,-0.033829128534222645,0,0
1789007585.5144062,84.41643762588501,-1.4594750042655296,-0.5573936926083317,-2.733487711000588,0.02579732164964101,-0.005032038586823621,0,1,0.0,0.0,-37.27886621374637,-18.83789669140242,0.05,-0.033829128534222645,0,0
1789007585.5309052,84.432936668396,-1.4598905519099987,-0.5575734454688296,-2.7335852645611,0.026853379431900085,-0.005305752066361504,0,1,0.0,0.0,-37.27886621374637,-18.83789669140242,0.05,-0.033829128534222645,0,0
1789007585.5652285,84.46725988388062,-1.4600227954582825,-0.5575712306371308,-2.7341971836071384,0.02742730855484939,-0.005695470157604878,0,1,0.0,0.0,-37.27886621374637,-18.83789669140242,0.05,-0.033829128534222645,0,0
1789007585.6157079,84.51773929595947,-1.4613058304632482,-0.5581242297849915,-2.7346202931085877,0.027959395271356255,-0.005920194890651301,0,1,0.0,0.0,-37.27886621374637,-18.83789669140242,0.05,-0.03540138614053528,0,0
1789007585.6309037,84.53293514251709,-1.4616882576583727,-0.5582890371130816,-2.7347241038717156,0.027784685044647095,-0.0061807873701677065,0,1,0.0,0.0,-37.27886621374637,-18.83789669140242,0.05,-0.03540138614053528,0,0
1789007585.6663382,84.5683696269989,-1.4618706211513626,-0.5583091930004154,-2.7349969164834467,0.0282395792972413,-0.006415047657889871,0,1,0.0,0.0,-37.27886621374637,-18.83789669140242,0.05,-0.03540138614053528,0,0
1789007585.7169843,84.61901569366455,-1.4631472951874955,-0.5588583088289669,-2.735412291513573,0.027887307941960555,-0.006553373221955979,0,1,0.0,0.0,-37.27886621374637,-18.83789669140242,0.05,-0.03540138614053528,0,0
1789007585.730834,84.63286542892456,-1.4634623243316067,-0.5589936429498578,-2.7355128876818897,0.026428801697241436,-0.0067296484539064874,0,1,0.0,0.0,-37.27886621374637,-18.83789669140242,0.05,-0.03540138614053528,0,0
1789007585.768134,84.67016553878784,-1.4636369749371694,-0.5590097744233551,-2.735814875365796,0.026662841462591593,-0.006946914768597769,0,1,0.0,0.0,-37.27886621374637,-18.83789669140242,0.05,-0.0340288034764429,0,0
1789007585.8186097,84.72064113616943,-1.4648195127131807,-0.5595177472545526,-2.736151332037066,0.025972973224799363,-0.0070678528621496905,0,1,0.0,0.0,-37.27886621374637,-18.83789669140242,0.05,-0.0340288034764429,0,0
1789007585.830909,84.73294043540955,-1.4650934349005098,-0.5596352442847006,-2.7362453507705293,0.025251423208111294,-0.007202556073986094,0,1,0.0,0.0,-37.27886621374637,-18.83789669140242,0.05,-0.0340288034764429,0,0
1789007585.8692298,84.77126121520996,-1.4652480067462565,-0.5596428718108447,-2.736436929736693,0.025457167591401243,-0.0073093471553827925,0,1,0.0,0.0,-37.27886621374637,-18.83789669140242,0.05,-0.0340288034764429,0,0
1789007585.9202812,84.82231259346008,-1.4664277485477406,-0.5601493820798463,-2.736688686945459,0.025398460730261606,-0.00736803558860419,0,1,0.0,0.0,-37.27886621374637,-18.83789669140242,0.05,-0.0340288034764429,0,0
1789007585.9308832,84.83291459083557,-1.4666358823425423,-0.560238433811092,-2.7367707454772767,0.023828135143499032,-0.00745202699393403,0,1,0.0,0.0,-37.27886621374637,-18.83789669140242,0.05,-0.03488670663287243,0,0
1789007585.970874,84.87290549278259,-1.4667686319249436,-0.560236347705592,-2.7369631107012546,0.02385731298624203,-0.007507135155348005,0,1,0.0,0.0,-37.27886621374637,-18.83789669140242,0.05,-0.03488670663287243,0,0
1789007585.980878,84.8829095363617,-1.4669607230448778,-0.5603185095521115,-2.7370399626157473,0.022794308763913963,-0.007539650271525358,0,1,0.0,0.0,-37.27886621374637,-18.83789669140242,0.05,-0.03488670663287243,0,0
1789007586.0308821,84.93291354179382,-1.4680089320108596,-0.5607681014538725,-2.7372523170529175,0.022828146639529177,-0.007552230466718108,0,1,0.0,0.0,-37.27886621374637,-18.83789669140242,0.05,-0.03488670663287243,0,0
1789007586.0721436,84.97417497634888,-1.4681306305378368,-0.5607614803767388,-2.737350671001414,0.022924414820937832,-0.007534407248814812,0,1,0.0,0.0,-37.27886621374637,-18.83789669140242,0.05,-0.03488670663287243,0,0
1789007586.080875,84.98290634155273,-1.4683140804927879,-0.5608399580657466,-2.7374161312728322,0.02292293736579864,-0.007528533360813964,0,1,0.0,0.0,-37.27886621374637,-18.83789669140242,0.05,-0.03570136894782385,0,0
1789007586.1309128,85.0329442024231,-1.4693687859858073,-0.5612929734723635,-2.7374067181716044,0.02295775959436871,-0.00745652544354872,0,1,0.0,0.0,-37.27886621374637,-18.83789669140242,0.05,-0.03570136894782385,0,0
1789007586.1734233,85.07545471191406,-1.4695183427848277,-0.5612977871498512,-2.7375990481105905,0.023051065817707616,-0.00738826664537113,0,1,0.0,0.0,-37.27886621374637,-18.83789669140242,0.05,-0.03570136894782385,0,0
1789007586.1808338,85.0828652381897,-1.469664148723183,-0.5613600810088164,-2.737651988171029,0.022624406119182566,-0.007353836513294083,0,1,0.0,0.0,-37.27886621374637,-18.83789669140242,0.05,-0.03570136894782385,0,0
1789007586.2308335,85.1328649520874,-1.4707126547068867,-0.5618090737988537,-2.7378434244692196,0.023005921363633358,-0.0072881641846330265,0,1,0.0,0.0,-37.27886621374637,-18.83789669140242,0.05,-0.03570136894782385,0,0
1789007586.274948,85.17697930335999,-1.4708946413103299,-0.5618285214845916,-2.737813617879725,0.02312458922582344,-0.0072761242693871395,0,1,0.0,0.0,-37.27886621374637,-18.83789669140242,0.05,-0.0392010737458865,0,0
1789007586.280861,85.18289232254028,-1.4710535720372584,-0.5618965006148069,-2.737850678766896,0.02423857652112669,-0.007152073278960539,0,1,0.0,0.0,-37.27886621374637,-18.83789669140242,0.05,-0.0392010737458865,0,0
1789007586.3309002,85.23293161392212,-1.472180301711411,-0.5623787175286379,-2.7380156608752557,0.024744860236606513,-0.00701772206063698,0,1,0.0,0.0,-37.27886621374637,-18.83789669140242,0.05,-0.0392010737458865,0,0
1789007586.3759801,85.27801156044006,-1.4724529068353323,-0.5624363387715658,-2.7380835950549645,0.024927962598053046,-0.0070075981300022116,0,1,0.0,0.0,-37.27886621374637,-18.83789669140242,0.05,-0.0392010737458865,0,0
1789007586.3808343,85.28286576271057,-1.4725631710668377,-0.5624834075986779,-2.738109299153463,0.02491172533284251,-0.006866715818363788,0,1,0.0,0.0,-37.27886621374637,-18.83789669140242,0.05,-0.0392010737458865,0,0
1789007586.4308133,85.3328447341919,-1.4737275692606924,-0.5629818538506381,-2.7381689091749717,0.02578998666897427,-0.006698582501731493,0,1,0.0,0.0,-37.27886621374637,-18.83789669140242,0.05,-0.0392010737458865,0,0
1789007586.4774003,85.37943172454834,-1.4740765077669002,-0.5630731590896304,-2.738025348197422,0.026007861974070866,-0.006679889649523822,0,1,0.0,0.0,-37.27886621374637,-18.83789669140242,0.05,-0.042288163993507634,0,0
1789007586.4808328,85.38286423683167,-1.4741847792176679,-0.5631194352880502,-2.7380362874394604,0.02698205899094343,-0.006444858797669083,0,1,0.0,0.0,-37.27886621374637,-18.83789669140242,0.05,-0.042288163993507634,0,0
1789007586.530904,85.4329354763031,-1.4754374473131286,-0.5636553138381046,-2.738143292128987,0.027450472540617134,-0.006225409349875067,0,1,0.0,0.0,-37.27886621374637,-18.83789669140242,0.05,-0.042288163993507634,0,0
1789007586.5784218,85.48045325279236,-1.4758781279177384,-0.563784818097261,-2.7382177096322065,0.02772527483944804,-0.006215950593068071,0,1,0.0,0.0,-37.27886621374637,-18.83789669140242,0.05,-0.042288163993507634,0,0
1789007586.5808358,85.48286724090576,-1.4759357799970785,-0.5638094071976654,-2.7382208851531944,0.02759933176203548,-0.006014960719711615,0,1,0.0,0.0,-37.27886621374637,-18.83789669140242,0.05,-0.04186671584844591,0,0
1789007586.630851,85.53288245201111,-1.4772062918350983,-0.5643528603992836,-2.738267922764301,0.02763875333110628,-0.0058040377068160265,0,1,0.0,0.0,-37.27886621374637,-18.83789669140242,0.05,-0.04186671584844591,0,0
1789007586.679846,85.58187747001648,-1.4776881595421538,-0.5645012011803358,-2.7381087263229227,0.02790384752896018,-0.005785537401989651,0,1,0.0,0.0,-37.27886621374637,-18.83789669140242,0.05,-0.04186671584844591,0,0
1789007586.6809046,85.58293604850769,-1.4777521219604621,-0.5645285558891345,-2.7381009978763027,0.029304083070084003,-0.005505327224254506,0,1,0.0,0.0,-37.27886621374637,-18.83789669140242,0.05,-0.04186671584844591,0,0
1789007586.7309067,85.63293814659119,-1.4791481971453138,-0.5651258036219489,-2.7381457441249926,0.03166130262436175,-0.005246922006064991,0,1,0.0,0.0,-37.27886621374637,-18.83789669140242,0.05,-0.04186671584844591,0,0
1789007586.7810004,85.68303179740906,-1.4798430054372256,-0.5653641153122773,-2.7382117430683794,0.03209718131815331,-0.00523859680748998,0,1,0.0,0.0,-37.27886621374637,-18.83789669140242,0.05,-0.04186671584844591,0,0
1789007586.8318336,85.7338650226593,-1.4813860144336715,-0.5660246926114051,-2.738085021832059,0.032903288438481934,-0.004708045604161153,0,1,0.0,0.0,-37.27886621374637,-18.83789669140242,0.006660921749607952,0.01814123865209693,0,0
1789007586.8822753,85.78430676460266,-1.4821430035702352,-0.5662894167610413,-2.738200383657802,0.033358618364873006,-0.004702728140916842,0,1,0.0,0.0,-37.27886621374637,-18.83789669140242,0.0,0.036462508651848094,0,0
1789007586.9328673,85.83489871025085,-1.483651217067778,-0.5669339065976237,-2.738256466753465,0.03217989501336958,-0.0042499935939015274,0,1,0.0,0.0,-37.27886621374637,-18.83789669140242,0.0,0.07313139585184215,0,0
1789007586.9834785,85.88550996780396,-1.4843721874134703,-0.5671833995435513,-2.7383099763332224,0.03255766635328394,-0.004243107979354969,0,1,0.0,0.0,-37.27886621374637,-18.83789669140242,0.011675722799873256,0.04310810865216806,0,0
1789007587.0344558,85.93648719787598,-1.485814110233862,-0.5678005694647233,-2.7381709409586508,0.03150754303087538,-0.003916117543920384,0,1,0.0,0.0,-37.27886621374637,-18.83789669140242,0.03505675915007486,0.0,0,0
1789007587.084986,85.98701739311218,-1.4864927699245316,-0.5680344814339156,-2.7378391998314546,0.03180172387571878,-0.0037334334298290348,0,1,0.0,0.0,-37.27886621374637,-18.83789669140242,0.04668705475000933,0.0,0,0
1789007587.1357265,86.03775787353516,-1.4879590072672813,-0.5686637460489996,-2.7375189508014035,0.03159386267360254,-0.0032891135825172464,0,1,0.0,0.0,-37.27886621374637,-18.83789669140242,0.06698808626695114,0.018334751600241363,0,0
1789007587.1863441,86.08837556838989,-1.4886373893065439,-0.5688983538298583,-2.737240641535592,0.03185691243620063,-0.0030839305645890746,0,1,0.0,0.0,-37.27886621374637,-18.83789669140242,0.06698808626695114,0.03666894000043613,0,0
1789007587.2371728,86.13920426368713,-1.4896888245027258,-0.5693569740747454,-2.7359144037108183,0.022416565176021683,-0.002576919292218533,0,1,0.0,0.0,-37.27886621374637,-18.83789669140242,0.06698808626695114,0.05696393842498462,0,0
1789007587.2500336,86.15206503868103,-1.4891373513698247,-0.5690636661474258,-2.7359250098185295,0.02190595569971444,-0.0021667764412728672,0,1,0.0,0.0,-37.27886621374637,-18.83789669140242,0.06698808626695114,0.05696393842498462,0,0
1789007587.2876241,86.18965554237366,-1.4898257727372015,-0.5693616055052655,-2.735576495480595,0.019436539975748544,-0.0016742482523896653,0,1,0.0,0.0,-37.27886621374637,-18.83789669140242,0.06698808626695114,0.05696393842498462,0,0
1789007587.338199,86.24023032188416,-1.4906998888697285,-0.5697392584509968,-2.735279706150902,0.018419222348481434,-0.001337571363767374,0,1,0.0,0.0,-37.27886621374637,-18.83789669140242,0.06585579850456931,0.02696541922449494,0,0
1789007587.345368,86.24739933013916,-1.4900160253274677,-0.5693893470697271,-2.73527303485621,0.018287497723633337,-0.0010509032027972947,0,1,0.0,0.0,-37.27886621374637,-18.83789669140242,0.06585579850456931,0.014599900015940272,0,0
1789007587.3890617,86.29109311103821,-1.4907444922026303,-0.5697051442451884,-2.7348058638827357,0.018037969209267153,-0.0005729313162587265,0,1,0.0,0.0,-37.27886621374637,-18.83789669140242,0.06585579850456931,0.014599900015940272,0,0
1789007587.4395316,86.3415629863739,-1.4916588624453953,-0.5700997357604873,-2.734648927443246,0.02047332399726867,-0.000258731396900536,0,1,0.0,0.0,-37.27886621374637,-18.83789669140242,0.06585579850456931,0.014599900015940272,0,0
1789007587.4436865,86.3457179069519,-1.4909374341789556,-0.5697338718720063,-2.734637307703061,0.020664993599308925,-1.1319210533394108e-05,0,1,0.0,0.0,-37.27886621374637,-18.83789669140242,0.06585579850456931,0.014599900015940272,0,0
1789007587.4901245,86.39215588569641,-1.49196503944971,-0.5701789081015758,-2.7340952347456535,0.026758710858835986,0.00036090700478706337,0,1,0.0,0.0,-37.27886621374637,-18.83789669140242,0.0542893364009532,0.03294281801635711,0,0
1789007587.5407057,86.44273710250854,-1.4933916073863494,-0.5707965505776511,-2.733626763123056,0.032512864963719086,0.0006128547168054937,0,1,0.0,0.0,-37.27886621374637,-18.83789669140242,0.0542893364009532,0.051260216016038015,0,0
1789007587.5467658,86.44879722595215,-1.4927766380579264,-0.5704769429207983,-2.733609073812054,0.03305633346703015,0.000864960530461471,0,1,0.0,0.0,-37.27886621374637,-18.83789669140242,0.0542893364009532,0.059992418411808725,0,0
1789007587.59174,86.49377131462097,-1.494183664645475,-0.5710871678307807,-2.7331407997257426,0.03479441343995329,0.0012947578683968216,0,1,0.0,0.0,-37.27886621374637,-18.83789669140242,0.0542893364009532,0.059992418411808725,0,0
1789007587.642192,86.54422330856323,-1.495812992174653,-0.5717925679979737,-2.7330170506898623,0.035481538137320426,0.0015704189672980122,0,1,0.0,0.0,-37.27886621374637,-18.83789669140242,0.0542893364009532,0.059992418411808725,0,0
1789007587.6927667,86.59479808807373,-1.4966934186361358,-0.5721183801900099,-2.7332991595575984,0.037547212956714635,0.0019395075754026054,0,1,0.0,0.0,-37.27886621374637,-18.83789669140242,0.05,0.061655347455768325,0,0
1789007587.7436438,86.64567518234253,-1.4985809022493257,-0.5729311264571678,-2.7337801532272077,0.04151063893184106,0.0020362854209014965,0,1,0.0,0.0,-37.27886621374637,-18.83789669140242,0.05,0.061655347455768325,0,0
1789007587.7451737,86.64720511436462,-1.4978251262003304,-0.5725509813405711,-2.73377545341647,0.041889045594915304,0.0020735897559714276,0,1,0.0,0.0,-37.27886621374637,-18.83789669140242,0.05,0.061655347455768325,0,0
1789007587.7941284,86.69615983963013,-1.499792384409467,-0.5734016169663233,-2.7335628235138523,0.044661397412813636,0.002156108782405225,0,1,0.0,0.0,-37.27886621374637,-18.83789669140242,0.05,0.061655347455768325,0,0
1789007587.8447485,86.74677991867065,-1.5018877582685786,-0.5743080038299698,-2.733378873651697,0.045527314485246176,0.0021990091120754306,0,1,0.0,0.0,-37.27886621374637,-18.83789669140242,0.05,0.061655347455768325,0,0
1789007587.8958619,86.79789328575134,-1.5031949259413604,-0.5748234423040772,-2.7328579320353,0.04585115708727204,0.002409751610802824,0,1,0.0,0.0,-37.27886621374637,-18.83789669140242,0.07084853160110385,0.013237085609386376,0,0
1789007587.9469252,86.84895658493042,-1.5051417555784543,-0.5756710870045592,-2.7322248765629933,0.040647936418397784,0.0025018711832518596,0,1,0.0,0.0,-37.27886621374637,-18.83789669140242,0.07084853160110385,0.013237085609386376,0,0
1789007587.9973917,86.899423122406,-1.5057018443817047,-0.5758655275858755,-2.7317440106330544,0.027724602903117977,0.0029891672105628563,0,1,0.0,0.0,-37.27886621374637,-18.83789669140242,0.0,0.0,0,0
1789007588.0480201,86.9500515460968,-1.506700861347812,-0.5763017936658253,-2.731335431239455,0.01995696203971544,0.003122904542793775,0,1,0.0,0.0,-37.27886621374637,-18.83789669140242,0.0,0.0,0,0
1789007588.0985975,87.00062894821167,-1.506623123282857,-0.5762206864657764,-2.7306424082718115,0.016096701572729584,0.003579048192484585,0,1,0.0,0.0,-37.27886621374637,-18.83789669140242,0.0,0.0,0,0
1789007588.1494331,87.0514645576477,-1.5073522380458806,-0.5765421292329089,-2.7298181990757806,0.015319335322065631,0.003731534750915248,0,1,0.0,0.0,-37.27886621374637,-18.83789669140242,0.0,0.0,0,0
1789007588.1998506,87.101881980896,-1.5073765397098957,-0.5765032577440659,-2.72958550540247,0.019482234059459917,0.004365103896203665,0,1,0.0,0.0,-37.27886621374637,-18.83789669140242,0.0,0.0,0,0
1789007588.250476,87.15250730514526,-1.5081297468551536,-0.5768325314398727,-2.7293986733223057,0.01547651341642548,0.004494922607813578,0,1,0.0,0.0,-37.27886621374637,-18.83789669140242,0.011667737549805678,0.014655833781386426,0,0
1789007588.2520764,87.15410780906677,-1.50729483685538,-0.5764189527903163,-2.7293860441467563,0.014950579063391917,0.004612193926821557,0,1,0.0,0.0,-37.27886621374637,-18.83789669140242,0.02333706514982623,0.014655833781386426,0,0
1789007588.3013022,87.20333361625671,-1.507504536068829,-0.5765061016635472,-2.7304385493989036,0.002616114084585589,0.004586409520489547,0,1,0.0,0.0,-37.27886621374637,-18.83789669140242,0.03500194634975742,0.014655833781386426,0,0
1789007588.351791,87.25382232666016,-1.5074903333569882,-0.576498380675408,-2.7307242054157217,-0.0012572333877675626,0.004510794330047543,0,1,0.0,0.0,-37.27886621374637,-18.83789669140242,0.04666775714972573,0.014655833781386426,0,0
1789007588.3530428,87.25507426261902,-1.5066335350304576,-0.576075405747794,-2.7307237099730175,-0.001796367411027505,0.004395359675834441,0,1,0.0,0.0,-37.27886621374637,-18.83789669140242,0.05833487834984225,0.014655833781386426,0,0
1789007588.4026093,87.3046407699585,-1.5065267725798883,-0.5760278384761999,-2.7309586365993885,-0.0031016271392318253,0.004172801268177043,0,1,0.0,0.0,-37.27886621374637,-18.83789669140242,0.05,0.03298720618134819,0,0
1789007588.4532077,87.35523915290833,-1.50622819863606,-0.5758972789791114,-2.731164051643433,-0.007427538963473602,0.0040699584025599665,0,1,0.0,0.0,-37.27886621374637,-18.83789669140242,0.05,0.051318279381472785,0,0
1789007588.504021,87.40605235099792,-1.5050102991040233,-0.5753171742391856,-2.7311042279765276,-0.008558333922795026,0.0037156106247087637,0,1,0.0,0.0,-37.27886621374637,-18.83789669140242,0.05,0.06539820148299137,0,0
1789007588.5309029,87.4329342842102,-1.5049264655676862,-0.5752804645015509,-2.731008328540019,-0.0030540331514869253,0.003630328824486277,0,1,0.0,0.0,-37.27886621374637,-18.83789669140242,0.05,0.06539820148299137,0,0
1789007588.5545018,87.45653319358826,-1.5040334992212647,-0.57484196848423,-2.731002192969782,-0.0029125852998364457,0.0035434031886452874,0,1,0.0,0.0,-37.27886621374637,-18.83789669140242,0.05,0.0660620263280968,0,0
1789007588.6052787,87.50731015205383,-1.5040090130154384,-0.5748311156188016,-2.731193146059904,-0.0007784397080343615,0.0033632704528029746,0,1,0.0,0.0,-37.27886621374637,-18.83789669140242,0.05,0.0660620263280968,0,0
1789007588.630832,87.53286337852478,-1.5040182270876508,-0.5748350789437531,-2.731111304441305,0.00026826680548496385,0.0032839866514569826,0,1,0.0,0.0,-37.27886621374637,-18.83789669140242,0.05,0.0660620263280968,0,0
1789007588.6560812,87.55811262130737,-1.5031877611222557,-0.574423898980751,-2.7315829934977316,-4.6838028775959535e-05,0.0030898164909233653,0,1,0.0,0.0,-37.27886621374637,-18.83789669140242,0.05,0.0660620263280968,0,0
1789007588.7064984,87.60852980613708,-1.5031967821257735,-0.574427783564091,-2.731661937949041,-0.00022105770925002292,0.0028096059954726034,0,1,0.0,0.0,-37.27886621374637,-18.83789669140242,0.05,0.0660620263280968,0,0
1789007588.7309067,87.63293814659119,-1.503273822156629,-0.5744611763574701,-2.7315986081313106,0.003414931115546353,0.0027051005900190837,0,1,0.0,0.0,-37.27886621374637,-18.83789669140242,0.05,0.06538227726394931,0,0
1789007588.7574062,87.65943765640259,-1.5025325809820584,-0.574088956035654,-2.7317476085061316,0.0036113951980927955,0.0025676851949482746,0,1,0.0,0.0,-37.27886621374637,-18.83789669140242,0.05,0.06538227726394931,0,0
1789007588.8079958,87.71002721786499,-1.5029614322743856,-0.5742751695273425,-2.731623896197408,0.009388143155921097,0.0023814721676931852,0,1,0.0,0.0,-37.27886621374637,-18.83789669140242,0.05,0.06538227726394931,0,0
1789007588.8308449,87.73287630081177,-1.5031989531649446,-0.5743783536564346,-2.731572870122691,0.011235439896851593,0.0023161474769806912,0,1,0.0,0.0,-37.27886621374637,-18.83789669140242,0.05,0.06538227726394931,0,0
1789007588.858845,87.76087641716003,-1.5026616870263372,-0.5740951198118797,-2.7313469476184014,0.011464588616760278,0.002254501937561492,0,1,0.0,0.0,-37.27886621374637,-18.83789669140242,0.05,0.06538227726394931,0,0
1789007588.909368,87.81139945983887,-1.5032248989668413,-0.574340238339952,-2.7310930463146326,0.012133338739379424,0.0021867475201422155,0,1,0.0,0.0,-37.27886621374637,-18.83789669140242,0.05,0.06475648320900898,0,0
1789007588.9309323,87.83296370506287,-1.5034695512301295,-0.5744467101472678,-2.731046798634929,0.012320698738669754,0.0021685017236878538,0,1,0.0,0.0,-37.27886621374637,-18.83789669140242,0.05,0.06475648320900898,0,0
1789007588.9600692,87.86210060119629,-1.5029668553124755,-0.5741788701660279,-2.730878970074878,0.012344245751929425,0.0021609896975063867,0,1,0.0,0.0,-37.27886621374637,-18.83789669140242,0.05,0.06475648320900898,0,0
1789007589.0107381,87.91276955604553,-1.503431921365602,-0.574381864084269,-2.7305343770316695,0.009898158955262932,0.002179767312208701,0,1,0.0,0.0,-37.27886621374637,-18.83789669140242,0.05,0.06475648320900898,0,0
1789007589.0309198,87.93295121192932,-1.50355804655461,-0.5744369251533001,-2.7304896825061338,0.007115834498103548,0.0021934499925448546,0,1,0.0,0.0,-37.27886621374637,-18.83789669140242,0.05,0.06475648320900898,0,0
1789007589.061675,87.96370649337769,-1.502912748903222,-0.5741076142491803,-2.7301387979130665,0.006476399486630883,0.002249351371859876,0,1,0.0,0.0,-37.27886621374637,-18.83789669140242,0.05079886636950752,0.03474592470937448,0,0
1789007589.112192,88.01422333717346,-1.503166160618245,-0.5742183501450556,-2.729942729022826,0.005267180922630147,0.002321581191437026,0,1,0.0,0.0,-37.27886621374637,-18.83789669140242,0.05079886636950752,0.010587835249801489,0,0
1789007589.1308882,88.03291964530945,-1.503256379834068,-0.5742577367454421,-2.7298980887520745,0.005167777636592074,0.0023467391252064724,0,1,0.0,0.0,-37.27886621374637,-18.83789669140242,0.05079886636950752,0.010587835249801489,0,0
1789007589.162888,88.06491947174072,-1.5025721534643892,-0.5739112693032314,-2.729776437211414,0.004898086989739801,0.0023760387477839238,0,1,0.0,0.0,-37.27886621374637,-18.83789669140242,0.05079886636950752,0.010587835249801489,0,0
1789007589.2137172,88.11574864387512,-1.5028384407528332,-0.5740275646270839,-2.729644948103824,0.005486791508875791,0.0024151144748091767,0,1,0.0,0.0,-37.27886621374637,-18.83789669140242,0.05079886636950752,0.010587835249801489,0,0
1789007589.2308893,88.13292074203491,-1.5029149207246562,-0.5740609975761947,-2.729602891416505,0.004927781255260451,0.002428163597681958,0,1,0.0,0.0,-37.27886621374637,-18.83789669140242,0.05,0.007179767237976203,0,0
1789007589.2641819,88.16621327400208,-1.5022286256500812,-0.5737136821548949,-2.729570638410112,0.004589561904399828,0.0024312643818828164,0,1,0.0,0.0,-37.27886621374637,-18.83789669140242,0.05,0.007179767237976203,0,0
1789007589.314765,88.21679639816284,-1.5023538447278388,-0.5737683880491457,-2.7295125676177503,0.0026870155016995227,0.002432500631086596,0,1,0.0,0.0,-37.27886621374637,-18.83789669140242,0.05,0.007179767237976203,0,0
1789007589.330936,88.23296737670898,-1.5023804670048049,-0.5737800405395506,-2.7294736343693455,0.0020707333351552243,0.002424824900954555,0,1,0.0,0.0,-37.27886621374637,-18.83789669140242,0.05,0.007179767237976203,0,0
1789007589.3653505,88.2673819065094,-1.5016096995567763,-0.5733959405808083,-2.729469415887901,0.0016652019347593444,0.002403902447782665,0,1,0.0,0.0,-37.27886621374637,-18.83789669140242,0.05,0.007179767237976203,0,0
1789007589.4161916,88.31822299957275,-1.5016897234553412,-0.5734302107896878,-2.7301808567234565,0.0014067547334281566,0.0023710264827072657,0,1,0.0,0.0,-37.27886621374637,-18.83789669140242,0.05,0.025523530037962712,0,0
1789007589.4309046,88.33293604850769,-1.5017891434169672,-0.5734735363889065,-2.730154222759492,0.004412005412011098,0.002201548364862878,0,1,0.0,0.0,-37.27886621374637,-18.83789669140242,0.05,0.0438458208379234,0,0
1789007589.4667125,88.36874389648438,-1.5011098722243947,-0.5731292802978659,-2.7304070488391505,0.004474341068246013,0.00200731858468714,0,1,0.0,0.0,-37.27886621374637,-18.83789669140242,0.05,0.062167830037860784,0,0
1789007589.5173676,88.41939902305603,-1.5015722985084483,-0.5733304228373336,-2.7307578692920083,0.008905685543459614,0.001888893682149409,0,1,0.0,0.0,-37.27886621374637,-18.83789669140242,0.05,0.064081781214724,0,0
1789007589.5309134,88.43294477462769,-1.5017802472334658,-0.5734209717218671,-2.7307423931009054,0.012747656257840875,0.001704523746271012,0,1,0.0,0.0,-37.27886621374637,-18.83789669140242,0.05,0.064081781214724,0,0
1789007589.5679522,88.46998357772827,-1.5013989901258387,-0.5732063183099767,-2.731078283417012,0.013292785137958745,0.0014762732099602082,0,1,0.0,0.0,-37.27886621374637,-18.83789669140242,0.05,0.064081781214724,0,0
1789007589.61884,88.52087140083313,-1.502062330142886,-0.5734940148615892,-2.7316223472229684,0.014097439183842219,0.0013358388840395026,0,1,0.0,0.0,-37.27886621374637,-18.83789669140242,0.05,0.0640705690222482,0,0
1789007589.6308362,88.5328676700592,-1.5022248546639114,-0.573564647165416,-2.731619753315634,0.014422527592407553,0.00105687039043228,0,1,0.0,0.0,-37.27886621374637,-18.83789669140242,0.05,0.0640705690222482,0,0
1789007589.6692908,88.5713222026825,-1.5019115353215609,-0.5733792711938562,-2.7318212673623923,0.01470916673192397,0.0007867790741649922,0,1,0.0,0.0,-37.27886621374637,-18.83789669140242,0.05,0.0640705690222482,0,0
1789007589.7198813,88.62191271781921,-1.5024214098200934,-0.5736009539120309,-2.7316840193281053,0.011853732642009472,0.0006424222106276074,0,1,0.0,0.0,-37.27886621374637,-18.83789669140242,0.05,0.0640705690222482,0,0
1789007589.73091,88.6329414844513,-1.5025309416456984,-0.5736485465560461,-2.7316845792079016,0.011427778057638591,0.0005005732227743778,0,1,0.0,0.0,-37.27886621374637,-18.83789669140242,0.05,0.0640705690222482,0,0
1789007589.7707036,88.67273497581482,-1.5029155914839312,-0.5738146724925042,-2.7312348012315484,0.011472517327996961,0.00044070468433000004,0,1,0.0,0.0,-37.27886621374637,-18.83789669140242,0.05,0.06314293984013299,0,0
1789007589.7809267,88.68295812606812,-1.5031179249492395,-0.5739026632360212,-2.7312322937290294,0.015277238323925652,0.0003999082596888941,0,1,0.0,0.0,-37.27886621374637,-18.83789669140242,0.05,0.06314293984013299,0,0
1789007589.830915,88.73294639587402,-1.5038735298746,-0.5742321537061837,-2.7309015648590544,0.017638732713423488,0.0004115819077780821,0,1,0.0,0.0,-37.27886621374637,-18.83789669140242,0.05,0.06314293984013299,0,0
1789007589.8719053,88.77393674850464,-1.5037150392723355,-0.574115795035826,-2.7306161834903744,0.018234254187015728,0.0004583273619367144,0,1,0.0,0.0,-37.27886621374637,-18.83789669140242,0.05,0.06314293984013299,0,0
1789007589.8809319,88.78296327590942,-1.5038677777850455,-0.5741823565316844,-2.730610905127952,0.0183552986978837,0.00047900173549127525,0,1,0.0,0.0,-37.27886621374637,-18.83789669140242,0.05,0.06314293984013299,0,0
1789007589.9308598,88.83289122581482,-1.5047588417183182,-0.574571791867293,-2.7302095353127602,0.02059703883334279,0.0005647108278826869,0,1,0.0,0.0,-37.27886621374637,-18.83789669140242,0.05,0.06230908890410018,0,0
1789007589.9733999,88.8754312992096,-1.5047401923551915,-0.5745183175798695,-2.7295916433053686,0.021296529962077624,0.0007559441908821881,0,1,0.0,0.0,-37.27886621374637,-18.83789669140242,0.05,0.06230908890410018,0,0
1789007589.9808905,88.88292193412781,-1.504895532822672,-0.5745861908360276,-2.7295816260671715,0.021710232308714886,0.0008472991820231465,0,1,0.0,0.0,-37.27886621374637,-18.83789669140242,0.05,0.06230908890410018,0,0
