stamp_sec,elapsed_sec,map_x_m,map_y_m,yaw_rad,linear_x_mps,angular_z_rps,last_reached_wp,active_target_wp,target_local_east_m,target_local_north_m,target_map_x_m,target_map_y_m,latest_cmd_linear_x_mps,latest_cmd_angular_z_radps,noise_active,outage_active
1789003931.5308769,0.0010623931884765625,-0.2917690002724781,-4.054313100960321,2.9906213874502026,1.1664388656475438e-08,1.0316036667901991e-06,0,1,0.0,0.0,-1.5676419944502413,2.4318923577666283,0.0,0.0,0,0
1789003931.580477,0.05066251754760742,-0.29178808852974736,-4.0543214282173405,2.9906213041937324,1.0939592583215415e-07,1.026373314803453e-06,0,1,0.0,0.0,-1.5676419944502413,2.4318923577666283,0.0,0.0,0,0
1789003931.5809042,0.05108976364135742,-0.2917880854850137,-4.05432142865692,2.990621302038859,1.1742589348566743e-08,9.756484894096163e-07,0,1,0.0,0.0,-1.5676419944502413,2.4318923577666283,0.0,0.0,0,0
1789003931.6311061,0.10129165649414062,-0.29178808620219654,-4.054321428556739,2.9906214903774906,1.112428406569324e-08,9.651988857777037e-07,0,1,0.0,0.0,-1.5676419944502413,2.4318923577666283,0.0,0.0,0,0
1789003931.6819587,0.152144193649292,-0.2918072251973127,-4.054329777577914,2.990621721937049,1.0615940121865351e-07,9.728276544705077e-07,0,1,0.0,0.0,-1.5676419944502413,2.4318923577666283,0.0,0.0,0,0
1789003931.7326906,0.20287609100341797,-0.29180722279906185,-4.0543297779252425,2.990621790407383,1.1228009540250696e-08,1.0035744955440145e-06,0,1,0.0,0.0,-1.5676419944502413,2.4318923577666283,0.0,0.0,0,0
1789003931.7835577,0.25374317169189453,-0.29182641499459244,-4.054338149806916,2.990621846497689,1.0191836983411993e-07,1.0037944811864464e-06,0,1,0.0,0.0,-1.5676419944502413,2.4318923577666283,0.0,0.0,0,0
1789003931.8342712,0.3044567108154297,-0.2918264126549123,-4.054338150143641,2.9906217549797782,1.1334989950618448e-08,9.855743012146998e-07,0,1,0.0,0.0,-1.5676419944502413,2.4318923577666283,0.0,0.0,0,0
1789003931.8854218,0.355607271194458,-0.2918456511093819,-4.0543465418823175,2.9906215925128814,9.806499449713952e-08,9.763990783101235e-07,0,1,0.0,0.0,-1.5676419944502413,2.4318923577666283,0.0,0.0,0,0
1789003931.935978,0.40616345405578613,-0.2918456486787787,-4.054346542237966,2.990621717233452,1.1436072878523998e-08,8.86033196792499e-07,0,1,0.0,0.0,-1.5676419944502413,2.4318923577666283,0.0,0.0,0,0
1789003931.9865744,0.4567599296569824,-0.29186494468648855,-4.0543549586909515,2.9906218261071373,9.413757655564169e-08,8.888505648665142e-07,0,1,0.0,0.0,-1.5676419944502413,2.4318923577666283,0.0,0.0,0,0
1789003932.037538,0.5077235698699951,-0.29186494236770144,-4.054354959028503,2.990621869138219,1.154062594275495e-08,8.644798570846292e-07,0,1,0.0,0.0,-1.5676419944502413,2.4318923577666283,0.46173200738162995,-0.35,0,0
1789003932.0881505,0.5583360195159912,-0.29188428739877353,-4.054363396517035,2.990621905169709,9.087880837909216e-08,8.641330096859525e-07,0,1,0.0,0.0,-1.5676419944502413,2.4318923577666283,0.46173075224228016,-0.35,0,0
1789003932.1389766,0.6091620922088623,-0.29188428508035436,-4.054363396857356,2.9906221104619855,1.1548258261379586e-08,8.800203907281849e-07,0,1,0.0,0.0,-1.5676419944502413,2.4318923577666283,0.4617307194307685,-0.35,0,0
1789003932.1661704,0.6363558769226074,-0.29190368239412107,-4.054371857699821,2.9906221343930763,5.382053944897912e-08,8.80020390707865e-07,0,1,0.0,0.0,-1.5676419944502413,2.4318923577666283,0.46172944517279035,-0.35,0,0
1789003932.189749,0.6599345207214355,-0.29190368091318497,-4.054371857904014,2.990622284742237,8.429708616921648e-09,9.223957643640734e-07,0,1,0.0,0.0,-1.5676419944502413,2.4318923577666283,0.46172944517279035,-0.35,0,0
1789003932.2409194,0.7111048698425293,-0.291903681529635,-4.054371857816436,2.99064077648557,1.1657918475819333e-08,5.004582194129518e-06,0,1,0.0,0.0,-1.5676419944502413,2.4318923577666283,0.4617293303591067,-0.35,0,0
1789003932.2915184,0.7617039680480957,-0.2928156472880005,-4.054233132005769,2.9906478680454427,0.02628900782194876,1.0002931736559128e-05,0,1,0.0,0.0,-1.5676419944502413,2.4318923577666283,0.4617241890381551,-0.35,0,0
1789003932.3423948,0.8125803470611572,-0.2953887829780521,-4.054126870458139,2.9902615740863396,0.0584157330476007,-6.441389014406865e-05,0,1,0.0,0.0,-1.5676419944502413,2.4318923577666283,0.46162868081440434,-0.35,0,0
1789003932.3930433,0.8632287979125977,-0.29960107129575586,-4.053483470510761,2.989931001023555,0.09467065769158314,-0.00019095540169170185,0,1,0.0,0.0,-1.5676419944502413,2.4318923577666283,0.4615442065686027,-0.35,0,0
1789003932.444154,0.914339542388916,-0.3055608013514335,-4.052828940302073,2.985691753011011,0.12340053477247226,-0.0011983612412430204,0,1,0.0,0.0,-1.5676419944502413,2.4318923577666283,0.4614574121627715,-0.35,0,0
1789003932.462005,0.9321904182434082,-0.32365764558948085,-4.055625678886238,2.9856726632273753,0.1253805349876565,-0.0011983421683436145,0,1,0.0,0.0,-1.5676419944502413,2.4318923577666283,0.4621117876623919,-0.35,0,0
1789003932.494776,0.9649615287780762,-0.32811013349281487,-4.054910240490333,2.984060317731819,0.1368778588266587,-0.0024486502645318688,0,1,0.0,0.0,-1.5676419944502413,2.4318923577666283,0.4621117876623919,-0.35,0,0
1789003932.5454772,1.015662670135498,-0.3357731225275601,-4.053664864870433,2.9816512425214796,0.17014370806605908,-0.003533320597766153,0,1,0.0,0.0,-1.5676419944502413,2.4318923577666283,0.46292182198341075,-0.35,0,0
1789003932.5631874,1.0333728790283203,-0.35350717900865897,-4.056186622527299,2.981593385495069,0.17271065472761474,-0.0035332851876195967,0,1,0.0,0.0,-1.5676419944502413,2.4318923577666283,0.46230801749064215,-0.35,0,0
1789003932.5964296,1.066615104675293,-0.36110992224478966,-4.054895720993771,2.9776396960843936,0.2197830075521473,-0.005533814715229626,0,1,0.0,0.0,-1.5676419944502413,2.4318923577666283,0.46230801749064215,-0.35,0,0
1789003932.6471884,1.1173739433288574,-0.37315966454025346,-4.052870185584345,2.975611104332552,0.263047672277606,-0.007062750710400613,0,1,0.0,0.0,-1.5676419944502413,2.4318923577666283,0.46315902198261183,-0.35,0,0
1789003932.6589494,1.1291348934173584,-0.3899887745574871,-4.0552282662497605,2.975534854905689,0.26561827140696104,-0.007062718625233592,0,1,0.0,0.0,-1.5676419944502413,2.4318923577666283,0.46269422237600305,-0.35,0,0
1789003932.6980054,1.1681909561157227,-0.4021808025361703,-4.053151511170461,2.9737684786773,0.3150869727842543,-0.008984049200647671,0,1,0.0,0.0,-1.5676419944502413,2.4318923577666283,0.46269422237600305,-0.35,0,0
1789003932.748809,1.2189946174621582,-0.4183541275772881,-4.050322474806505,2.970749126054492,0.3314229431559099,-0.010442895083174994,0,1,0.0,0.0,-1.5676419944502413,2.4318923577666283,0.4625844016379199,-0.35,0,0
1789003932.7565722,1.2267577648162842,-0.4337516593362332,-4.05264878233467,2.9706790197588218,0.33345167459360986,-0.010442849134020098,0,1,0.0,0.0,-1.5676419944502413,2.4318923577666283,0.4619155419784804,-0.35,0,0
1789003932.799978,1.2701635360717773,-0.448705260451153,-4.049885779772395,2.965766977814816,0.35606344339667995,-0.013060376927667323,0,1,0.0,0.0,-1.5676419944502413,2.4318923577666283,0.4619155419784804,-0.35,0,0
1789003932.8507338,1.3209192752838135,-0.46731833143643015,-4.04648273263827,2.963009024554136,0.38149217095409294,-0.014262691637803627,0,1,0.0,0.0,-1.5676419944502413,2.4318923577666283,0.46268742508730215,-0.35,0,0
1789003932.8612425,1.331428050994873,-0.4833779085512589,-4.048561074142436,2.9628016640076487,0.3871175334097541,-0.015525260781065498,0,1,0.0,0.0,-1.5676419944502413,2.4318923577666283,0.46229748520497027,-0.35,0,0
1789003932.9016757,1.371861219406128,-0.4989562045394679,-4.045659223208026,2.960477299750968,0.39842608577522315,-0.017573352986949495,0,1,0.0,0.0,-1.5676419944502413,2.4318923577666283,0.46229748520497027,-0.35,0,0
1789003932.952875,1.423060417175293,-0.5190955045612481,-4.041736282170161,2.95564833640473,0.4072060227821413,-0.01846221467063629,0,1,0.0,0.0,-1.5676419944502413,2.4318923577666283,0.46251053454626345,-0.35,0,0
1789003932.9620388,1.4322242736816406,-0.5340702048863372,-4.043872557968476,2.95541954573543,0.41027427587428444,-0.020012620317770347,0,1,0.0,0.0,-1.5676419944502413,2.4318923577666283,0.4621912223739377,-0.35,0,0
1789003933.003502,1.4736874103546143,-0.5504605425316735,-4.040702460086751,2.9532278874921127,0.4101596801459978,-0.022347731291747285,0,1,0.0,0.0,-1.5676419944502413,2.4318923577666283,0.4621912223739377,-0.35,0,0
1789003933.0543065,1.5244920253753662,-0.5707001662979566,-4.036717200110269,2.950235915575699,0.41143265776648663,-0.0232527443490001,0,1,0.0,0.0,-1.5676419944502413,2.4318923577666283,0.46308849278480846,-0.35,0,0
1789003933.059946,1.5301315784454346,-0.5836025232645476,-4.039119855828992,2.9500695403853214,0.41223746829588437,-0.02432035533395937,0,1,0.0,0.0,-1.5676419944502413,2.4318923577666283,0.4613921615400621,-0.35,0,0
1789003933.1050901,1.5752756595611572,-0.6015224671004098,-4.035550272198756,2.9476079958317287,0.41087143505971446,-0.026072209634506377,0,1,0.0,0.0,-1.5676419944502413,2.4318923577666283,0.4613921615400621,-0.35,0,0
1789003933.156003,1.6261885166168213,-0.6217798304999759,-4.031314144867883,2.942773930995581,0.41155771011028347,-0.026835251438315846,0,1,0.0,0.0,-1.5676419944502413,2.4318923577666283,0.4615738377806236,-0.35,0,0
1789003933.1639118,1.6340973377227783,-0.6349340610545716,-4.033547817978058,2.9425156046619136,0.4124899742960467,-0.02824115739747032,0,1,0.0,0.0,-1.5676419944502413,2.4318923577666283,0.46133901611861294,-0.35,0,0
1789003933.206444,1.6766295433044434,-0.6517604934618944,-4.030073978972714,2.9402053821048986,0.4102058136023898,-0.030325787636971902,0,1,0.0,0.0,-1.5676419944502413,2.4318923577666283,0.46133901611861294,-0.35,0,0
1789003933.2308326,1.7010180950164795,-0.6614058029521993,-4.028100123064439,2.9394268639116703,0.4051507117667717,-0.03108556777563709,0,1,0.0,0.0,-1.5676419944502413,2.4318923577666283,0.46223571116265627,-0.35,0,0
1789003933.2671,1.7372856140136719,-0.6852733169747784,-4.027884168746589,2.936349577614358,0.4116790616775672,-0.032146851250459046,0,1,0.0,0.0,-1.5676419944502413,2.4318923577666283,0.46073647954286007,-0.35,0,0
1789003933.3079185,1.7781040668487549,-0.7014339689677551,-4.024252702223321,2.9313449460220067,0.41145324238037345,-0.03440645425439036,0,1,0.0,0.0,-1.5676419944502413,2.4318923577666283,0.46073647954286007,-0.35,0,0
1789003933.3308232,1.801008701324463,-0.7105667876830809,-4.022300818119507,2.930509131642741,0.4095832792251386,-0.035416394860496435,0,1,0.0,0.0,-1.5676419944502413,2.4318923577666283,0.4612625269532881,-0.35,0,0
1789003933.3630013,1.8331868648529053,-0.7324717473713176,-4.0222808233050875,2.927568439705647,0.41507852023319314,-0.036657942611541594,0,1,0.0,0.0,-1.5676419944502413,2.4318923577666283,0.4613647035156823,-0.35,0,0
1789003933.4089763,1.8791618347167969,-0.7508707767992143,-4.018184142362578,2.92459291552942,0.41451670210695335,-0.038522828658910546,0,1,0.0,0.0,-1.5676419944502413,2.4318923577666283,0.4613647035156823,-0.35,0,0
1789003933.430798,1.9009835720062256,-0.7595750387704141,-4.016260788242431,2.92371585768959,0.4101706324233945,-0.03921914075524224,0,1,0.0,0.0,-1.5676419944502413,2.4318923577666283,0.46101051714373675,-0.35,0,0
1789003933.460054,1.9302394390106201,-0.7798547689831979,-4.0163668667484265,2.9202662869806533,0.41406335317431325,-0.04030945847424189,0,1,0.0,0.0,-1.5676419944502413,2.4318923577666283,0.4612683556571937,-0.35,0,0
1789003933.5103528,1.9805383682250977,-0.7999324327918104,-4.011527697521189,2.9141043717656228,0.4147274572685723,-0.04112878274168151,0,1,0.0,0.0,-1.5676419944502413,2.4318923577666283,0.4612683556571937,-0.35,0,0
1789003933.5308907,2.0010762214660645,-0.8081274573520959,-4.009628618176119,2.9131172229467293,0.4124884821219044,-0.043749663969694826,0,1,0.0,0.0,-1.5676419944502413,2.4318923577666283,0.46200958033267603,-0.35,0,0
1789003933.561713,2.0318984985351562,-0.828655693997126,-4.009469252763846,2.909782760669989,0.41663941041166497,-0.04510045706484346,0,1,0.0,0.0,-1.5676419944502413,2.4318923577666283,0.46383842876355685,-0.35,0,0
1789003933.61136,2.08154559135437,-0.8488101940457874,-4.0046052523181,2.9062233561962394,0.4216239608264541,-0.04602547629799849,0,1,0.0,0.0,-1.5676419944502413,2.4318923577666283,0.46383842876355685,-0.35,0,0
1789003933.630888,2.1010735034942627,-0.8566706706867961,-4.002715504502616,2.9052152637448323,0.4165389584489485,-0.04784974289464054,0,1,0.0,0.0,-1.5676419944502413,2.4318923577666283,0.46241926820733037,-0.35,0,0
1789003933.661955,2.132140636444092,-0.8770759983947034,-4.00232686295668,2.901282407949047,0.41973706251907306,-0.04903336091051377,0,1,0.0,0.0,-1.5676419944502413,2.4318923577666283,0.46334091481258605,-0.35,0,0
1789003933.7127821,2.1829676628112793,-0.8974387510930026,-3.9969831739564188,2.8943992365390017,0.4182208977781949,-0.04990588740980255,0,1,0.0,0.0,-1.5676419944502413,2.4318923577666283,0.46334091481258605,-0.35,0,0
1789003933.7308517,2.2010371685028076,-0.9045903491583073,-3.995174525385782,2.893348250517623,0.4121852499240051,-0.052710562052745324,0,1,0.0,0.0,-1.5676419944502413,2.4318923577666283,0.46402716615576184,-0.35,0,0
1789003933.7656782,2.23586368560791,-0.9258498209321492,-3.9943576908897143,2.889398681058834,0.4152039544489704,-0.05417259040932547,0,1,0.0,0.0,-1.5676419944502413,2.4318923577666283,0.4662522579133413,-0.35,0,0
1789003933.813795,2.28398060798645,-0.9452047931104477,-3.9892605917420894,2.8854479042015386,0.41928968049189996,-0.055150467561496934,0,1,0.0,0.0,-1.5676419944502413,2.4318923577666283,0.4662522579133413,-0.35,0,0
1789003933.830858,2.3010435104370117,-0.9521074980688515,-3.9874521592974195,2.884393075844514,0.4202040051254986,-0.05709346601627888,0,1,0.0,0.0,-1.5676419944502413,2.4318923577666283,0.46492170266085997,-0.35,0,0
1789003933.864578,2.334763526916504,-0.9728742859037554,-3.986338767694255,2.878081114401027,0.42394601318477704,-0.05892251499910516,0,1,0.0,0.0,-1.5676419944502413,2.4318923577666283,0.4668672779936686,-0.35,0,0
1789003933.9149694,2.385154962539673,-0.9933487031493171,-3.980578587125915,2.8721415788252926,0.4255801077709426,-0.06012368717709391,0,1,0.0,0.0,-1.5676419944502413,2.4318923577666283,0.4668672779936686,-0.35,0,0
1789003933.930874,2.401059627532959,-0.9997296074906087,-3.9788118961021377,2.8710408060643218,0.42029422725719096,-0.06269267482576626,0,1,0.0,0.0,-1.5676419944502413,2.4318923577666283,0.46702592451041136,-0.35,0,0
1789003933.9655428,2.4357283115386963,-1.020514291937346,-3.9775967686689944,2.8669253998932636,0.42268167955733627,-0.06408712077965786,0,1,0.0,0.0,-1.5676419944502413,2.4318923577666283,0.46895986866778017,-0.35,0,0
1789003934.0161278,2.4863133430480957,-1.0409394122106288,-3.9717466965817403,2.862636619366465,0.42333965405687535,-0.06499707147373888,0,1,0.0,0.0,-1.5676419944502413,2.4318923577666283,0.46895986866778017,-0.35,0,0
1789003934.0308373,2.5010228157043457,-1.0468615112936632,-3.9700483715864174,2.8615745433917414,0.42190471693194515,-0.06683520967635687,0,1,0.0,0.0,-1.5676419944502413,2.4318923577666283,0.4682708916819164,-0.35,0,0
1789003934.066914,2.537099599838257,-1.0679287441062972,-3.9683468133418147,2.855333111717753,0.42482186509717335,-0.06856479857877357,0,1,0.0,0.0,-1.5676419944502413,2.4318923577666283,0.4703132981644826,-0.35,0,0
1789003934.1173325,2.5875179767608643,-1.0885285611166955,-3.9620538439492266,2.8490443522548663,0.4298083928366224,-0.06968396196225679,0,1,0.0,0.0,-1.5676419944502413,2.4318923577666283,0.4703132981644826,-0.35,0,0
1789003934.1308725,2.601058006286621,-1.0940134594920523,-3.9603990481249327,2.847966809068426,0.4266011567123345,-0.07213985272295492,0,1,0.0,0.0,-1.5676419944502413,2.4318923577666283,0.4704554126874472,-0.35,0,0
1789003934.1679559,2.638141393661499,-1.115341740440163,-3.958476400312909,2.8435741335052303,0.42894105373215496,-0.07347531374279521,0,1,0.0,0.0,-1.5676419944502413,2.4318923577666283,0.47257802193167076,-0.35,0,0
1789003934.2185216,2.688707113265991,-1.1358794843414783,-3.952092692703069,2.83909811394524,0.42862018448705935,-0.07432335379832986,0,1,0.0,0.0,-1.5676419944502413,2.4318923577666283,0.47257802193167076,-0.35,0,0
1789003934.2308893,2.7010748386383057,-1.140823165330024,-3.950545655110702,2.8380831501859403,0.4241560939767973,-0.07603308730039818,0,1,0.0,0.0,-1.5676419944502413,2.4318923577666283,0.4719026041072119,-0.35,0,0
1789003934.2693946,2.7395801544189453,-1.162218812991671,-3.948166625102267,2.831216770408961,0.42606609332936785,-0.07774016370253044,0,1,0.0,0.0,-1.5676419944502413,2.4318923577666283,0.47414590423141023,-0.35,0,0
1789003934.3198106,2.7899961471557617,-1.1826842940434437,-3.9413454216586854,2.824162999249424,0.43002380507898574,-0.07882722325271573,0,1,0.0,0.0,-1.5676419944502413,2.4318923577666283,0.47414590423141023,-0.35,0,0
1789003934.330892,2.8010776042938232,-1.1872124599959195,-3.939858931803081,2.823159860224928,0.43104332364680037,-0.08131762337076248,0,1,0.0,0.0,-1.5676419944502413,2.4318923577666283,0.4745508026424509,-0.35,0,0
1789003934.3703773,2.8405628204345703,-1.2086357846767213,-3.9372878880498554,2.81811846000084,0.43445948405964974,-0.08136752628692887,0,1,0.0,0.0,-1.5676419944502413,2.4318923577666283,0.4749672565501872,-0.35,0,0
1789003934.4211893,2.8913748264312744,-1.2292847515534242,-3.930044050007379,2.810125923935919,0.43400362959475214,-0.08290957771525112,0,1,0.0,0.0,-1.5676419944502413,2.4318923577666283,0.4749672565501872,-0.35,0,0
1789003934.4308321,2.901017665863037,-1.233113558001317,-3.928723599462156,2.809155149580743,0.42860596916929045,-0.08633248416709259,0,1,0.0,0.0,-1.5676419944502413,2.4318923577666283,0.4785956214111473,-0.35,0,0
1789003934.471644,2.9418294429779053,-1.2547643724635362,-3.9256978235838367,2.803734257857789,0.43170686222759075,-0.08639339474313651,0,1,0.0,0.0,-1.5676419944502413,2.4318923577666283,0.4788525492973263,-0.35,0,0
1789003934.5222654,2.9924509525299072,-1.2750082863517629,-3.918287493991063,2.7957214135992077,0.42974696765943315,-0.08815219561508164,0,1,0.0,0.0,-1.5676419944502413,2.4318923577666283,0.4788525492973263,-0.35,0,0
1789003934.5308738,3.0010592937469482,-1.2784864813098857,-3.9170352776826696,2.7947799027356535,0.43047812272416747,-0.0912472351825149,0,1,0.0,0.0,-1.5676419944502413,2.4318923577666283,0.48131358861621487,-0.35,0,0
1789003934.5728867,3.04307222366333,-1.3004303632827707,-3.913526778034818,2.78894479174458,0.4334488236185189,-0.0913127152812848,0,1,0.0,0.0,-1.5676419944502413,2.4318923577666283,0.48152536257396766,-0.35,0,0
1789003934.580877,3.05106258392334,-1.3037699743051816,-3.9123011623411075,2.7881256310001437,0.43707485575053984,-0.0928776773421514,0,1,0.0,0.0,-1.5676419944502413,2.4318923577666283,0.48152536257396766,-0.35,0,0
1789003934.6309083,3.1010937690734863,-1.3242398340627242,-3.90440626501771,2.7794349726135,0.43949039975890847,-0.09667267194279631,0,1,0.0,0.0,-1.5676419944502413,2.4318923577666283,0.4848513064469943,-0.35,0,0
1789003934.6745474,3.14473295211792,-1.34688628678408,-3.9002491589194523,2.7733234157119337,0.44265340417429305,-0.09673648624401444,0,1,0.0,0.0,-1.5676419944502413,2.4318923577666283,0.4838364262018096,-0.35,0,0
1789003934.680936,3.1511216163635254,-1.3494367694762124,-3.899262332424562,2.772614226957711,0.43985948640300976,-0.09843150644611581,0,1,0.0,0.0,-1.5676419944502413,2.4318923577666283,0.4838364262018096,-0.35,0,0
1789003934.7308846,3.2010700702667236,-1.3698414951554327,-3.8910466269621167,2.7638388063714405,0.4402021275769633,-0.10181441282145155,0,1,0.0,0.0,-1.5676419944502413,2.4318923577666283,0.48666535306927683,-0.35,0,0
1789003934.7759519,3.2461373805999756,-1.392748780193686,-3.8862356150189132,2.7558032930760046,0.4431904496568807,-0.10192800301249696,0,1,0.0,0.0,-1.5676419944502413,2.4318923577666283,0.4868762865087313,-0.35,0,0
1789003934.780926,3.2511115074157715,-1.3947672059941294,-3.8854168878058886,2.7551939763595614,0.4425786916986176,-0.10407786336098002,0,1,0.0,0.0,-1.5676419944502413,2.4318923577666283,0.4868762865087313,-0.35,0,0
1789003934.8308856,3.3010711669921875,-1.4152347091773796,-3.876813417090941,2.7466080530480035,0.4460474421170664,-0.10783892010598393,0,1,0.0,0.0,-1.5676419944502413,2.4318923577666283,0.4929429636945459,-0.35,0,0
1789003934.8771365,3.3473219871520996,-1.438631280177382,-3.8714737444786635,2.7399129122180526,0.4490822282895502,-0.10789738715227291,0,1,0.0,0.0,-1.5676419944502413,2.4318923577666283,0.4910294622418259,-0.35,0,0
1789003934.8808708,3.3510563373565674,-1.4402048496461684,-3.8708074310232736,2.73941867222765,0.4504167146512943,-0.10957617696673257,0,1,0.0,0.0,-1.5676419944502413,2.4318923577666283,0.4910294622418259,-0.35,0,0
1789003934.9308345,3.401020050048828,-1.4608963980251457,-3.8616951420179912,2.730222147421296,0.4544237566883638,-0.11294403694052892,0,1,0.0,0.0,-1.5676419944502413,2.4318923577666283,0.494571937686827,-0.35,0,0
1789003934.978688,3.448873519897461,-1.484942683867738,-3.8555011343806425,2.7218663101163223,0.4576469489996786,-0.11304143619871374,0,1,0.0,0.0,-1.5676419944502413,2.4318923577666283,0.49460771370082984,-0.35,0,0
1789003934.980901,3.4510865211486816,-1.4858291318664862,-3.8551058284607995,2.7215210411507798,0.45628447085719936,-0.11511928244586735,0,1,0.0,0.0,-1.5676419944502413,2.4318923577666283,0.49460771370082984,-0.35,0,0
1789003935.030923,3.501108407974243,-1.506634629070782,-3.8455781156571547,2.712913284761992,0.4581403522191409,-0.11867430398262696,0,1,0.0,0.0,-1.5676419944502413,2.4318923577666283,0.49877301538373636,-0.35,0,0
1789003935.0797904,3.549975872039795,-1.5310362439911773,-3.838861695018752,2.7059753441179213,0.4612931007867228,-0.11871389974986828,0,1,0.0,0.0,-1.5676419944502413,2.4318923577666283,0.4987929837267675,-0.35,0,0
1789003935.0808904,3.5510759353637695,-1.5314578118157254,-3.8386642886855276,2.705764807170775,0.45989166825394073,-0.12023405939723537,0,1,0.0,0.0,-1.5676419944502413,2.4318923577666283,0.4987929837267675,-0.35,0,0
1789003935.1308584,3.601043939590454,-1.5522349458762863,-3.828714173900045,2.696575023357772,0.4615808817629946,-0.12227412565256424,0,1,0.0,0.0,-1.5676419944502413,2.4318923577666283,0.5006189494975903,-0.35,0,0
1789003935.181306,3.651491403579712,-1.5770705770987226,-3.821199474579493,2.6882385372954474,0.46469331703386557,-0.12236737870262653,0,1,0.0,0.0,-1.5676419944502413,2.4318923577666283,0.5023870687996541,-0.35,0,0
1789003935.2317548,3.7019402980804443,-1.5979786833134466,-3.8107785301459254,2.6790936342735634,0.46383688852602484,-0.12710876956780334,0,1,0.0,0.0,-1.5676419944502413,2.4318923577666283,0.5049207694312148,-0.35,0,0
1789003935.282375,3.752560615539551,-1.6226490972937566,-3.802911565376045,2.6716421636416268,0.46677053242876226,-0.1271584668219843,0,1,0.0,0.0,-1.5676419944502413,2.4318923577666283,0.5088142644821961,-0.35,0,0
1789003935.3332167,3.8034021854400635,-1.643395818403469,-3.791934020805522,2.6600585282045444,0.46251780343116816,-0.13203943852547737,0,1,0.0,0.0,-1.5676419944502413,2.4318923577666283,0.5084349319605653,-0.35,0,0
1789003935.383844,3.854029417037964,-1.6677234885430874,-3.783673839024891,2.652837460706243,0.4651089487502714,-0.13206795570481292,0,1,0.0,0.0,-1.5676419944502413,2.4318923577666283,0.5128746585633939,-0.35,0,0
1789003935.4348798,3.9050652980804443,-1.6885793984336142,-3.772388387580716,2.6435945774900507,0.4664692931802089,-0.1362739170923009,0,1,0.0,0.0,-1.5676419944502413,2.4318923577666283,0.5130906974353906,-0.35,0,0
1789003935.4854648,3.9556503295898438,-1.712847255370918,-3.7636262119898123,2.636254691885803,0.4690004384359593,-0.13629763700327963,0,1,0.0,0.0,-1.5676419944502413,2.4318923577666283,0.5165919823487769,-0.35,0,0
1789003935.5365317,4.006717205047607,-1.7337032819280285,-3.751707391175889,2.6248677513714087,0.47536429679718006,-0.1404357780615745,0,1,0.0,0.0,-1.5676419944502413,2.4318923577666283,0.51673489825441,-0.35,0,0
1789003935.5870728,4.057258367538452,-1.757937861155269,-3.7423871117845726,2.6175767725891017,0.47808241244369926,-0.14044744033900988,0,1,0.0,0.0,-1.5676419944502413,2.4318923577666283,0.519216867636743,-0.35,0,0
1789003935.6376543,4.107839822769165,-1.7794693919021447,-3.7297697145250743,2.6081580615370257,0.4898425755999014,-0.14401036585574853,0,1,0.0,0.0,-1.5676419944502413,2.4318923577666283,0.5212158780093422,-0.35,0,0
1789003935.6882603,4.158445835113525,-1.8040728061059124,-3.719660418103272,2.6006199558724443,0.49298935668926547,-0.14402467921552503,0,1,0.0,0.0,-1.5676419944502413,2.4318923577666283,0.5229559586024276,-0.35,0,0
1789003935.7390811,4.209266662597656,-1.8252778884671277,-3.7068043088376306,2.5920059618198543,0.4896722375445127,-0.14697112442381813,0,1,0.0,0.0,-1.5676419944502413,2.4318923577666283,0.5249366845356144,-0.35,0,0
1789003935.7618265,4.232012033462524,-1.8378639249911295,-3.7035725477594923,2.5886996323415197,0.49094810957385954,-0.1469713149708448,0,1,0.0,0.0,-1.5676419944502413,2.4318923577666283,0.5267249995932591,-0.35,0,0
1789003935.7895122,4.259697675704956,-1.8493785665573221,-3.6963796985578505,2.5837890297203305,0.49146070353029186,-0.148673009290264,0,1,0.0,0.0,-1.5676419944502413,2.4318923577666283,0.5267249995932591,-0.35,0,0
1789003935.8401036,4.310289144515991,-1.8704210192945256,-3.682986071645997,2.5735342072822847,0.4943630852325315,-0.149954275488951,0,1,0.0,0.0,-1.5676419944502413,2.4318923577666283,0.5284447496001258,-0.35,0,0
1789003935.8599195,4.3301050662994385,-1.8816636129332802,-3.6802723744254746,2.5706033056874604,0.495457122191214,-0.1499543030530127,0,1,0.0,0.0,-1.5676419944502413,2.4318923577666283,0.5305817679866858,-0.35,0,0
1789003935.8909316,4.361117124557495,-1.8945481040922607,-3.6718445518745066,2.564547830496583,0.49717406583202334,-0.15175180612553535,0,1,0.0,0.0,-1.5676419944502413,2.4318923577666283,0.5305817679866858,-0.35,0,0
1789003935.9413683,4.411553859710693,-1.9155187023598428,-3.657960874087976,2.5545135414886477,0.4998564196094856,-0.1531314996843205,0,1,0.0,0.0,-1.5676419944502413,2.4318923577666283,0.5331712620018558,-0.35,0,0
1789003935.961975,4.4321606159210205,-1.9269509660426456,-3.6548041654330548,2.551396358243805,0.5009924195041475,-0.15313157918516657,0,1,0.0,0.0,-1.5676419944502413,2.4318923577666283,0.5352093673674818,-0.35,0,0
1789003935.9919977,4.462183237075806,-1.9393692344727518,-3.6464037952771946,2.5461191958153195,0.5007299789969744,-0.1547965552853232,0,1,0.0,0.0,-1.5676419944502413,2.4318923577666283,0.5352093673674818,-0.35,0,0
1789003936.0425992,4.512784719467163,-1.9603316733611118,-3.631942360416507,2.5356989723546164,0.505997629255031,-0.15605398427640974,0,1,0.0,0.0,-1.5676419944502413,2.4318923577666283,0.5374513363377019,-0.35,0,0
1789003936.0590625,4.529247999191284,-1.9699496493014519,-3.629711831518583,2.5331715956194563,0.5069157073194169,-0.15605400676228137,0,1,0.0,0.0,-1.5676419944502413,2.4318923577666283,0.5396258033616548,-0.35,0,0
1789003936.093412,4.5635974407196045,-1.984373641515129,-3.6195510487969407,2.526811196269948,0.5136851240545786,-0.15778991626213662,0,1,0.0,0.0,-1.5676419944502413,2.4318923577666283,0.5396258033616548,-0.35,0,0
1789003936.1438348,4.614020347595215,-2.0054839486810416,-3.604410821125853,2.516597213892323,0.5164449521739962,-0.1591012310743515,0,1,0.0,0.0,-1.5676419944502413,2.4318923577666283,0.5422351377896362,-0.35,0,0
1789003936.162991,4.633176565170288,-2.0161394342829437,-3.60113906897274,2.5135889236211426,0.5175980112777027,-0.15910131930897478,0,1,0.0,0.0,-1.5676419944502413,2.4318923577666283,0.5442204479318783,-0.35,0,0
1789003936.1944218,4.664607286453247,-2.029225866511648,-3.591564722425094,2.5080886171224854,0.5174342166045512,-0.16066069846970923,0,1,0.0,0.0,-1.5676419944502413,2.4318923577666283,0.5442204479318783,-0.35,0,0
1789003936.245172,4.715357542037964,-2.050197670828728,-3.5757011499265765,2.4957913146054853,0.5179938303713671,-0.1623388664000894,0,1,0.0,0.0,-1.5676419944502413,2.4318923577666283,0.5464533272727231,-0.35,0,0
1789003936.266701,4.736886501312256,-2.061602808020715,-3.571509541838,2.492333496292538,0.5191973316678934,-0.16233903775726058,0,1,0.0,0.0,-1.5676419944502413,2.4318923577666283,0.5493296598515736,-0.35,0,0
1789003936.2956023,4.765787839889526,-2.0736241299580818,-3.5623613970573746,2.487469261303916,0.5226560917272126,-0.16415660250871086,0,1,0.0,0.0,-1.5676419944502413,2.4318923577666283,0.5493296598515736,-0.35,0,0
1789003936.34623,4.816415548324585,-2.09463392896611,-3.546027209814871,2.4770245603727954,0.5288648302112692,-0.16534321603866456,0,1,0.0,0.0,-1.5676419944502413,2.4318923577666283,0.5516543091421989,-0.35,0,0
1789003936.357484,4.827669620513916,-2.1017837059121764,-3.544801309208771,2.475203526695587,0.5295498260370219,-0.16534328974366017,0,1,0.0,0.0,-1.5676419944502413,2.4318923577666283,0.5538049542555247,-0.35,0,0
1789003936.3968837,4.867069244384766,-2.1182416313180554,-3.531803221405279,2.4684508530678393,0.5333707209569301,-0.16673073222242524,0,1,0.0,0.0,-1.5676419944502413,2.4318923577666283,0.5538049542555247,-0.35,0,0
1789003936.4477742,4.917959690093994,-2.139291203770769,-3.5145177468812836,2.4557031010785932,0.536502678049419,-0.1683559143335968,0,1,0.0,0.0,-1.5676419944502413,2.4318923577666283,0.5560851270990196,-0.35,0,0
1789003936.462957,4.933142423629761,-2.147917190423391,-3.5118190942082466,2.4531842495805884,0.5374471625103319,-0.1683561125470487,0,1,0.0,0.0,-1.5676419944502413,2.4318923577666283,0.559027653541536,-0.35,0,0
1789003936.4982488,4.9684343338012695,-2.1624990568507623,-3.4997802666896494,2.447117660943516,0.5374428591646986,-0.17009594336992354,0,1,0.0,0.0,-1.5676419944502413,2.4318923577666283,0.559027653541536,-0.35,0,0
1789003936.548842,5.019027471542358,-2.183308599073068,-3.482150971686955,2.4359869983457116,0.5403758678474909,-0.1713282280320622,0,1,0.0,0.0,-1.5676419944502413,2.4318923577666283,0.5614598832020135,-0.35,0,0
1789003936.5627956,5.0329811573028564,-2.1912708051479624,-3.479707270265607,2.4336378012989126,0.5412129133575898,-0.17132829294593496,0,1,0.0,0.0,-1.5676419944502413,2.4318923577666283,0.5638104642043427,-0.35,0,0
1789003936.599435,5.069620609283447,-2.2063436256189553,-3.4667152188545014,2.4268585760444825,0.5440356750133064,-0.17278881706554614,0,1,0.0,0.0,-1.5676419944502413,2.4318923577666283,0.5638104642043427,-0.35,0,0
1789003936.6503053,5.120490789413452,-2.226809429942428,-3.4481997292309465,2.4128846346649553,0.5428183180403582,-0.17344399009907907,0,1,0.0,0.0,-1.5676419944502413,2.4318923577666283,0.5662876420147472,-0.35,0,0
1789003936.6627393,5.132924795150757,-2.2339571813716734,-3.446147799400356,2.4106919023945625,0.5429929599772366,-0.1747382573480921,0,1,0.0,0.0,-1.5676419944502413,2.4318923577666283,0.5697508057587495,-0.35,0,0
1789003936.701186,5.1713714599609375,-2.249268815565121,-3.4323196833935743,2.403571850296128,0.5385670305070566,-0.17659594418743438,0,1,0.0,0.0,-1.5676419944502413,2.4318923577666283,0.5697508057587495,-0.35,0,0
1789003936.7517607,5.2219462394714355,-2.2691295412688963,-3.4137803761786714,2.391642255985218,0.5376595400121839,-0.1773421467017193,0,1,0.0,0.0,-1.5676419944502413,2.4318923577666283,0.5747514918819167,-0.35,0,0
1789003936.7670238,5.237209320068359,-2.277119531308253,-3.4106485591371913,2.3889139249247258,0.5378517992749765,-0.17831938789664473,0,1,0.0,0.0,-1.5676419944502413,2.4318923577666283,0.5752123577371862,-0.35,0,0
1789003936.8025148,5.272700309753418,-2.2906755826796306,-3.3972383080851785,2.377467208419424,0.5377658428900489,-0.18071168924557332,0,1,0.0,0.0,-1.5676419944502413,2.4318923577666283,0.5752123577371862,-0.35,0,0
1789003936.8529212,5.32310676574707,-2.3100753745712495,-3.378257233322499,2.3660111113622353,0.539269701427376,-0.18191173024453916,0,1,0.0,0.0,-1.5676419944502413,2.4318923577666283,0.5810281041081854,-0.35,0,0
1789003936.8637004,5.333885908126831,-2.316147881781787,-3.3766047551643044,2.3640140276679267,0.5395347506058311,-0.18318556165910238,0,1,0.0,0.0,-1.5676419944502413,2.4318923577666283,0.5825432825996575,-0.35,0,0
1789003936.9034839,5.373669385910034,-2.33146533190258,-3.36144070606445,2.35635641882412,0.5424254986556643,-0.1850640199443139,0,1,0.0,0.0,-1.5676419944502413,2.4318923577666283,0.5825432825996575,-0.35,0,0
1789003936.954053,5.424238443374634,-2.3507394646254456,-3.3417252631487346,2.344353029672185,0.5463855385658787,-0.18581892119618898,0,1,0.0,0.0,-1.5676419944502413,2.4318923577666283,0.5868989676336586,-0.35,0,0
1789003936.9656827,5.435868263244629,-2.3570033731573887,-3.339593091328207,2.3421735079699735,0.5470552358186924,-0.18679906329525514,0,1,0.0,0.0,-1.5676419944502413,2.4318923577666283,0.5880066165633545,-0.35,0,0
1789003937.004866,5.475051403045654,-2.371617484040252,-3.3238921901956036,2.330439125872772,0.5479010479096579,-0.18910231391296542,0,1,0.0,0.0,-1.5676419944502413,2.4318923577666283,0.5880066165633545,-0.35,0,0
1789003937.0552807,5.525466203689575,-2.3906521312133853,-3.303493388731577,2.3189091344365043,0.5549518217156594,-0.19022566422004697,0,1,0.0,0.0,-1.5676419944502413,2.4318923577666283,0.593889326056316,-0.35,0,0
1789003937.0607178,5.530903339385986,-2.3944762569507727,-3.3036381426264216,2.317848029196158,0.5558029630885287,-0.19143360842921195,0,1,0.0,0.0,-1.5676419944502413,2.4318923577666283,0.5952149687598045,-0.35,0,0
1789003937.1058803,5.5760657787323,-2.411771873675782,-3.2849274602931566,2.309239344650578,0.5655071464074817,-0.1931460207919193,0,1,0.0,0.0,-1.5676419944502413,2.4318923577666283,0.5952149687598045,-0.35,0,0
1789003937.1308346,5.601020097732544,-2.4212835573901965,-3.2744778222772677,2.3043850894813502,0.5669742706925038,-0.193752579301944,0,1,0.0,0.0,-1.5676419944502413,2.4318923577666283,0.5994959425505139,-0.35,0,0
1789003937.1658502,5.636035680770874,-2.4360205617677755,-3.261887939883161,2.295009961084725,0.5690230011130135,-0.19475526032965412,0,1,0.0,0.0,-1.5676419944502413,2.4318923577666283,0.6007040229386136,-0.35,0,0
1789003937.2072732,5.677458763122559,-2.4512319488857592,-3.2439453297739327,2.282518659091485,0.5688417062968701,-0.19697989022313203,0,1,0.0,0.0,-1.5676419944502413,2.4318923577666283,0.6007040229386136,-0.35,0,0
1789003937.230889,5.701074600219727,-2.4599798526948002,-3.2337958899528787,2.277814529627861,0.5677416695307276,-0.19800596463151632,0,1,0.0,0.0,-1.5676419944502413,2.4318923577666283,0.6048049796470462,-0.35,0,0
1789003937.262907,5.733092546463013,-2.473203018828579,-3.2221697329962042,2.269509149726929,0.569071151940569,-0.19925597566781222,0,1,0.0,0.0,-1.5676419944502413,2.4318923577666283,0.6082178923121653,-0.35,0,0
1789003937.3082755,5.77846097946167,-2.489879383540511,-3.2022710125150207,2.260562187526892,0.5734627473831584,-0.20092048701209228,0,1,0.0,0.0,-1.5676419944502413,2.4318923577666283,0.6082178923121653,-0.35,0,0
1789003937.3308315,5.8010170459747314,-2.498165100387177,-3.192237686322467,2.255997497944921,0.5777805897770927,-0.20150139565506225,0,1,0.0,0.0,-1.5676419944502413,2.4318923577666283,0.6108997230220372,-0.35,0,0
1789003937.3619623,5.832147836685181,-2.510708922529116,-3.180311669902013,2.245442464346713,0.5800476265580278,-0.2029284884188505,0,1,0.0,0.0,-1.5676419944502413,2.4318923577666283,0.6146932166330797,-0.35,0,0
1789003937.4094954,5.879680871963501,-2.5275231854099993,-3.158455680211976,2.2312842114728717,0.5811207161531604,-0.20398588754869956,0,1,0.0,0.0,-1.5676419944502413,2.4318923577666283,0.6146932166330797,-0.35,0,0
1789003937.4308875,5.901072978973389,-2.535105756858523,-3.148683675476044,2.2267638447326767,0.5788533055359737,-0.20647645096833758,0,1,0.0,0.0,-1.5676419944502413,2.4318923577666283,0.6188895433182033,-0.35,0,0
1789003937.460079,5.930264472961426,-2.5466770446342055,-3.137445062304442,2.2187867502561014,0.5798883019321494,-0.2077689940082958,0,1,0.0,0.0,-1.5676419944502413,2.4318923577666283,0.6254130388121169,-0.35,0,0
1789003937.5106068,5.980792284011841,-2.564289061985573,-3.1141141981905154,2.20860599875847,0.5798399787300899,-0.20863870311361712,0,1,0.0,0.0,-1.5676419944502413,2.4318923577666283,0.6254130388121169,-0.35,0,0
1789003937.5308337,6.001019239425659,-2.571278539284911,-3.1046846565390216,2.2042954013331837,0.5811759124556156,-0.21004389204421325,0,1,0.0,0.0,-1.5676419944502413,2.4318923577666283,0.6254932372347399,-0.35,0,0
1789003937.561352,6.0315375328063965,-2.582709141964018,-3.092366142189647,2.1931897002011946,0.5827815262567627,-0.21157353665707565,0,1,0.0,0.0,-1.5676419944502413,2.4318923577666283,0.6313030831211845,-0.35,0,0
1789003937.6117744,6.081959962844849,-2.599496828912131,-3.068019512136107,2.177804575019506,0.5873031928103561,-0.21268017766136826,0,1,0.0,0.0,-1.5676419944502413,2.4318923577666283,0.6313030831211845,-0.35,0,0
1789003937.6309197,6.101105213165283,-2.605970882679975,-3.0587145038484866,2.173572446047494,0.5921188638063057,-0.21530807674416738,0,1,0.0,0.0,-1.5676419944502413,2.4318923577666283,0.633950535812623,-0.35,0,0
1789003937.6623504,6.132535934448242,-2.6175980676641193,-3.0455036274848917,2.1647911727606646,0.5944593492794146,-0.21667849649600224,0,1,0.0,0.0,-1.5676419944502413,2.4318923577666283,0.6410937849288049,-0.35,0,0
1789003937.7128828,6.18306827545166,-2.6345492366325294,-3.020365346969212,2.1542055392985686,0.6013454443268983,-0.21758136209016335,0,1,0.0,0.0,-1.5676419944502413,2.4318923577666283,0.6410937849288049,-0.35,0,0
1789003937.7308471,6.201032638549805,-2.6405142137707838,-3.0113293001898582,2.150204137144941,0.6026609573993315,-0.21905657109054344,0,1,0.0,0.0,-1.5676419944502413,2.4318923577666283,0.641036560631461,-0.35,0,0
1789003937.76361,6.233795404434204,-2.652102561188597,-2.9968052288664704,2.1389436241821005,0.604631111970129,-0.22053104405513377,0,1,0.0,0.0,-1.5676419944502413,2.4318923577666283,0.6470914693477599,-0.35,0,0
1789003937.8140113,6.284196853637695,-2.6680260619295106,-2.970960279521468,2.1240307375570566,0.603642266391698,-0.2215655807947045,0,1,0.0,0.0,-1.5676419944502413,2.4318923577666283,0.6470914693477599,-0.35,0,0
1789003937.83089,6.301075458526611,-2.6733097062848845,-2.962381874777989,2.1201502016023723,0.5990756385298707,-0.22393218406200116,0,1,0.0,0.0,-1.5676419944502413,2.4318923577666283,0.6493698117300082,-0.35,0,0
1789003937.8645616,6.334747076034546,-2.684785229601196,-2.9473452979803723,2.1114788955687516,0.5999211541257469,-0.22507576626814602,0,1,0.0,0.0,-1.5676419944502413,2.4318923577666283,0.6563387438942337,-0.35,0,0
1789003937.9153342,6.385519742965698,-2.70035652579142,-2.9209358004537913,2.0984232067972752,0.60474702783716,-0.22587935371181622,0,1,0.0,0.0,-1.5676419944502413,2.4318923577666283,0.6563387438942337,-0.35,0,0
1789003937.9309278,6.401113271713257,-2.705172732965144,-2.9126980431354657,2.0947963547384454,0.6105264303542907,-0.22781546342241016,0,1,0.0,0.0,-1.5676419944502413,2.4318923577666283,0.6571103239600192,-0.35,0,0
1789003937.9657469,6.435932397842407,-2.716722725054822,-2.8964884453173436,2.08629667104365,0.613372956377009,-0.22868620280157825,0,1,0.0,0.0,-1.5676419944502413,2.4318923577666283,0.663195976103526,-0.35,0,0
1789003938.0163164,6.486501932144165,-2.7317210779868235,-2.869242632463981,2.0718473823077375,0.616217383666518,-0.22934494062447483,0,1,0.0,0.0,-1.5676419944502413,2.4318923577666283,0.663195976103526,-0.35,0,0
1789003938.0308332,6.501018762588501,-2.7360930259040663,-2.8612903547545305,2.0684200591358604,0.6231016923797541,-0.23097958832301643,0,1,0.0,0.0,-1.5676419944502413,2.4318923577666283,0.6641474336557985,-0.35,0,0
1789003938.0668833,6.537068843841553,-2.7476908959356345,-2.8437146158203155,2.059930565295037,0.6266281753912959,-0.23170319747699192,0,1,0.0,0.0,-1.5676419944502413,2.4318923577666283,0.6707719822212002,-0.35,0,0
1789003938.117705,6.587890625,-2.762835379043158,-2.8150551889431923,2.0477714285721547,0.6382290364452168,-0.23219450812546694,0,1,0.0,0.0,-1.5676419944502413,2.4318923577666283,0.6707719822212002,-0.35,0,0
1789003938.1309004,6.601085901260376,-2.766785384368283,-2.807446383361581,2.0446474816686084,0.64546648160293,-0.23334334811885005,0,1,0.0,0.0,-1.5676419944502413,2.4318923577666283,0.6711652955070788,-0.35,0,0
1789003938.168126,6.6383116245269775,-2.7785387246079996,-2.788201440218249,2.0357811644940718,0.6495765526883531,-0.2338561625909856,0,1,0.0,0.0,-1.5676419944502413,2.4318923577666283,0.676839517929577,-0.35,0,0
1789003938.2186744,6.688859939575195,-2.7935361940976517,-2.758672267040423,2.0259646344572033,0.6568293728728519,-0.23412955700418547,0,1,0.0,0.0,-1.5676419944502413,2.4318923577666283,0.676839517929577,-0.35,0,0
1789003938.230859,6.70104455947876,-2.7970543806859047,-2.751481239109937,2.0231013013471006,0.6572539733248646,-0.23431030635395436,0,1,0.0,0.0,-1.5676419944502413,2.4318923577666283,0.6767436534497882,-0.35,0,0
1789003938.269247,6.7394325733184814,-2.808542993978938,-2.7313764715575064,2.013532766707508,0.6604268870564369,-0.23432815246548502,0,1,0.0,0.0,-1.5676419944502413,2.4318923577666283,0.6778763223860169,-0.35,0,0
1789003938.320004,6.790189504623413,-2.8226610890913237,-2.701147834751896,2.0006677274432914,0.6603452295764648,-0.23457151140414623,0,1,0.0,0.0,-1.5676419944502413,2.4318923577666283,0.6778763223860169,-0.35,0,0
1789003938.3308427,6.801028251647949,-2.8256008562811616,-2.6947145285086855,1.9980898671124363,0.657056148088229,-0.23523449783707193,0,1,0.0,0.0,-1.5676419944502413,2.4318923577666283,0.6859601130850613,-0.35,0,0
1789003938.3704154,6.840600967407227,-2.836775942964772,-2.6736509329766363,1.988409079817294,0.6600080455114345,-0.23524802541114617,0,1,0.0,0.0,-1.5676419944502413,2.4318923577666283,0.6866911256292569,-0.35,0,0
1789003938.4209814,6.891166925430298,-2.850337687741095,-2.6434307760321167,1.9783437933538677,0.6585359987358783,-0.2355030884905882,0,1,0.0,0.0,-1.5676419944502413,2.4318923577666283,0.6866911256292569,-0.35,0,0
1789003938.4308324,6.901017904281616,-2.8528682973345756,-2.6375464533778463,1.976021403642802,0.655330664974494,-0.23554269844798856,0,1,0.0,0.0,-1.5676419944502413,2.4318923577666283,0.6920766565709253,-0.35,0,0
1789003938.4717534,6.941938877105713,-2.863627863473922,-2.615375028880646,1.9647639581172958,0.6580267321869047,-0.23560031485838276,0,1,0.0,0.0,-1.5676419944502413,2.4318923577666283,0.6925301766822504,-0.35,0,0
1789003938.5221694,6.992354869842529,-2.8759252585048958,-2.5847744867354105,1.950059240660327,0.6570497241515301,-0.2360208508035849,0,1,0.0,0.0,-1.5676419944502413,2.4318923577666283,0.6925301766822504,-0.35,0,0
1789003938.5308857,7.001071214675903,-2.878090426583951,-2.5793725901781572,1.9479386577206288,0.661932210262699,-0.23707556258315646,0,1,0.0,0.0,-1.5676419944502413,2.4318923577666283,0.7001237267731214,-0.35,0,0
1789003938.5727673,7.0429527759552,-2.888559084088465,-2.5561435290677874,1.9378151848381118,0.6647002070675196,-0.23708363029160395,0,1,0.0,0.0,-1.5676419944502413,2.4318923577666283,0.700786531681893,-0.35,0,0
1789003938.5808976,7.051083087921143,-2.890617240871447,-2.5508522129105513,1.9358620996327929,0.6745906038451005,-0.23751383529497017,0,1,0.0,0.0,-1.5676419944502413,2.4318923577666283,0.700786531681893,-0.35,0,0
1789003938.6308331,7.101018667221069,-2.902873924943887,-2.519369620072137,1.926102309947333,0.6787666557230889,-0.23754594134678383,0,1,0.0,0.0,-1.5676419944502413,2.4318923577666283,0.7060815190565961,-0.35,0,0
1789003938.6742113,7.144396781921387,-2.9131712886496794,-2.494206194227268,1.9144348231457278,0.6820446393302235,-0.23759601078237128,0,1,0.0,0.0,-1.5676419944502413,2.4318923577666283,0.7039340464910597,-0.35,0,0
1789003938.6808326,7.151018142700195,-2.9146486975860926,-2.4900527236330725,1.9128469136827846,0.6788973320955466,-0.23788160354893462,0,1,0.0,0.0,-1.5676419944502413,2.4318923577666283,0.7039340464910597,-0.35,0,0
1789003938.730922,7.201107501983643,-2.9256334752861686,-2.4578295231644716,1.8975407221228144,0.6792814560228034,-0.23916735726878277,0,1,0.0,0.0,-1.5676419944502413,2.4318923577666283,0.7141429885071092,-0.35,0,0
1789003938.7751777,7.245363235473633,-2.9353336012727342,-2.431882162280894,1.8863494686519806,0.6823286909714188,-0.2391907548013165,0,1,0.0,0.0,-1.5676419944502413,2.4318923577666283,0.7115158654721698,-0.35,0,0
1789003938.780885,7.251070499420166,-2.9365510735907074,-2.4281596369147795,1.8849541927944575,0.6834539579477651,-0.23970611233890513,0,1,0.0,0.0,-1.5676419944502413,2.4318923577666283,0.7115158654721698,-0.35,0,0
1789003938.8308318,7.3010172843933105,-2.9473240306238577,-2.3956257683754996,1.874756390260437,0.6895900912012138,-0.23993561454353243,0,1,0.0,0.0,-1.5676419944502413,2.4318923577666283,0.7176852111178063,-0.35,0,0
1789003938.8765247,7.346710205078125,-2.9564600578969675,-2.3679858376676037,1.8609251028590834,0.6928859706076023,-0.24004103151756015,0,1,0.0,0.0,-1.5676419944502413,2.4318923577666283,0.7183578837056569,-0.35,0,0
1789003938.880881,7.351066589355469,-2.9573715664769877,-2.364974161519129,1.8598503290589783,0.697564508542708,-0.24062129736724275,0,1,0.0,0.0,-1.5676419944502413,2.4318923577666283,0.7183578837056569,-0.35,0,0
1789003938.930837,7.401022434234619,-2.966900070026315,-2.3312550966770527,1.844055197510131,0.704922819083814,-0.24238344855509122,0,1,0.0,0.0,-1.5676419944502413,2.4318923577666283,0.7267169508866234,-0.35,0,0
1789003938.9775298,7.4477152824401855,-2.9756413830324178,-2.3020766254462166,1.831854252814961,0.7086483050282043,-0.24241747011430628,0,1,0.0,0.0,-1.5676419944502413,2.4318923577666283,0.726905320979681,-0.35,0,0
1789003938.980927,7.451112508773804,-2.976258209191527,-2.2997647947145547,1.8309896046167573,0.708401540877346,-0.2431349914958075,0,1,0.0,0.0,-1.5676419944502413,2.4318923577666283,0.726905320979681,-0.35,0,0
1789003939.0308323,7.501017808914185,-2.985170998520054,-2.2655110828475595,1.8174199497174701,0.709250412900566,-0.24460860444446725,0,1,0.0,0.0,-1.5676419944502413,2.4318923577666283,0.7349029643961482,-0.35,0,0
1789003939.07865,7.548835515975952,-2.9932887545083986,-2.235088590393085,1.8051946895836632,0.7128964680109281,-0.24462966125202856,0,1,0.0,0.0,-1.5676419944502413,2.4318923577666283,0.7350804780594334,-0.35,0,0
1789003939.0809054,7.551090955734253,-2.9936117154889423,-2.2336777318418517,1.8046106318506245,0.7076061685982306,-0.24522132194393134,0,1,0.0,0.0,-1.5676419944502413,2.4318923577666283,0.7350804780594334,-0.35,0,0
1789003939.130832,7.601017475128174,-3.001412939107845,-2.1991661271056495,1.78917896712789,0.708663694744339,-0.24633244379277255,0,1,0.0,0.0,-1.5676419944502413,2.4318923577666283,0.7386914431483614,-0.35,0,0
1789003939.179745,7.649930477142334,-3.0086972011328994,-2.167930777826036,1.7768796097989268,0.7120144275394594,-0.24634510781492708,0,1,0.0,0.0,-1.5676419944502413,2.4318923577666283,0.7432160547767529,-0.35,0,0
1789003939.1808324,7.651017904281616,-3.0088448280323643,-2.1672105356800966,1.7765602373796325,0.7107556080561507,-0.24718608397876193,0,1,0.0,0.0,-1.5676419944502413,2.4318923577666283,0.7432160547767529,-0.35,0,0
1789003939.23087,7.701055526733398,-3.01600472551863,-2.132338232987647,1.7632994295634374,0.7115223826005432,-0.24811613161329274,0,1,0.0,0.0,-1.5676419944502413,2.4318923577666283,0.7471113478946754,-0.35,0,0
1789003939.2809484,7.751133918762207,-3.0224830214817624,-2.1000222637630848,1.7503153665297746,0.7147613334637436,-0.24814648859228308,0,1,0.0,0.0,-1.5676419944502413,2.4318923577666283,0.7510600251154851,-0.35,0,0
1789003939.3315268,7.801712274551392,-3.0286147430632533,-2.064012157915551,1.7342682130443807,0.724798636009208,-0.25017565197568353,0,1,0.0,0.0,-1.5676419944502413,2.4318923577666283,0.7547113384109885,-0.35,0,0
1789003939.3824303,7.852615833282471,-3.0341999355417415,-2.0302135216728514,1.7209224948191795,0.7284160683906475,-0.25020942898850124,0,1,0.0,0.0,-1.5676419944502413,2.4318923577666283,0.7593696546736015,-0.35,0,0
1789003939.4328566,7.9030420780181885,-3.0392949280691752,-1.9939243802054756,1.7050561711601357,0.726791027806614,-0.2526376660110091,0,1,0.0,0.0,-1.5676419944502413,2.4318923577666283,0.7638313476981076,-0.35,0,0
1789003939.4834192,7.953604698181152,-3.043770531843039,-1.9601162562268237,1.6919872720070916,0.7301317806867855,-0.2526545944496611,0,1,0.0,0.0,-1.5676419944502413,2.4318923577666283,0.7683564533529181,-0.35,0,0
1789003939.533946,8.004131555557251,-3.0477779980503783,-1.923572285184802,1.6755578059250908,0.7325756723627338,-0.2550907175498776,0,1,0.0,0.0,-1.5676419944502413,2.4318923577666283,0.7726619087803571,-0.35,0,0
1789003939.5850255,8.055211067199707,-3.051143822511646,-1.8890252790573647,1.6619973028881196,0.7359115634310759,-0.2551202524270032,0,1,0.0,0.0,-1.5676419944502413,2.4318923577666283,0.7814215580233866,-0.35,0,0
1789003939.6355176,8.105703115463257,-3.054195242524052,-1.8513662227472762,1.6456028730687449,0.7479552843956233,-0.2578545986453464,0,1,0.0,0.0,-1.5676419944502413,2.4318923577666283,0.78210070566726,-0.35,0,0
1789003939.6861227,8.1563081741333,-3.056435064324141,-1.816237712508211,1.6321326844798854,0.7516739521742114,-0.2578784956793592,0,1,0.0,0.0,-1.5676419944502413,2.4318923577666283,0.7868514860959586,-0.35,0,0
1789003939.736685,8.206870555877686,-3.0582911499558283,-1.7780417773734172,1.6151060945759284,0.7556443216864237,-0.2606091468981836,0,1,0.0,0.0,-1.5676419944502413,2.4318923577666283,0.7913301677307235,-0.35,0,0
1789003939.787521,8.2577064037323,-3.0592672292884555,-1.7423671841798645,1.6010098485859265,0.7593867396108441,-0.26065618344935804,0,1,0.0,0.0,-1.5676419944502413,2.4318923577666283,0.7964642329359237,-0.35,0,0
1789003939.837931,8.308116436004639,-3.0599875994883927,-1.7041775254442395,1.5843731432884696,0.759391652181428,-0.26368023965603177,0,1,0.0,0.0,-1.5676419944502413,2.4318923577666283,0.8014398093285604,-0.35,0,0
1789003939.8885152,8.3587007522583,-3.0598037948248367,-1.6684355622946947,1.5707021827420784,0.7629368976826184,-0.26369881222901437,0,1,0.0,0.0,-1.5676419944502413,2.4318923577666283,0.8064117422161655,-0.35,0,0
1789003939.939236,8.409421443939209,-3.0590346754492366,-1.6295485590304974,1.5512854942257912,0.7682154851005354,-0.2671345420422527,0,1,0.0,0.0,-1.5676419944502413,2.4318923577666283,0.8111185476447553,-0.34860931360425784,0,0
1789003939.9537528,8.423938274383545,-3.0582149035089157,-1.6211419939840754,1.5473972325002612,0.7692556396307655,-0.26713454672814385,0,1,0.0,0.0,-1.5676419944502413,2.4318923577666283,0.8216714286255493,-0.3221203006160298,0,0
1789003939.989637,8.459822416305542,-3.0575504037752363,-1.5935724868272536,1.5379209561970673,0.7699789492449824,-0.26916273326535506,0,1,0.0,0.0,-1.5676419944502413,2.4318923577666283,0.8216714286255493,-0.3221203006160298,0,0
1789003940.0402064,8.5103919506073,-3.0559028544757285,-1.5545268089680098,1.521440951356666,0.7751669488634241,-0.2704334987527905,0,1,0.0,0.0,-1.5676419944502413,2.4318923577666283,0.821984136179224,-0.321335366675632,0,0
1789003940.0579188,8.528104305267334,-3.0545629004125607,-1.5436372514802232,1.516635444637075,0.7764320178536971,-0.27043356572114585,0,1,0.0,0.0,-1.5676419944502413,2.4318923577666283,0.8271880967977158,-0.30827279346322345,0,0
1789003940.0907881,8.560973644256592,-3.053171484313834,-1.5179894548129316,1.5079168077448557,0.7821092928159775,-0.2718169818407321,0,1,0.0,0.0,-1.5676419944502413,2.4318923577666283,0.8271880967977158,-0.30827279346322345,0,0
1789003940.1415808,8.611766338348389,-3.0500502932268128,-1.4781085904908895,1.4894677628234687,0.7928142995291196,-0.27332927594977285,0,1,0.0,0.0,-1.5676419944502413,2.4318923577666283,0.8318834475678929,-0.2964868927445603,0,0
1789003940.1634784,8.633663892745972,-3.0479216321751856,-1.4637143845510838,1.4834645730363676,0.7945942139853499,-0.2733292703839984,0,1,0.0,0.0,-1.5676419944502413,2.4318923577666283,0.8378831090160133,-0.28142701380595847,0,0
1789003940.1919947,8.662180185317993,-3.046007556140773,-1.4407202065913816,1.4763577153596172,0.806729467758755,-0.2748350766915833,0,1,0.0,0.0,-1.5676419944502413,2.4318923577666283,0.8378831090160133,-0.28142701380595847,0,0
1789003940.2425854,8.712770938873291,-3.0418955120097086,-1.3999866224745725,1.4605680407936383,0.8112712138367041,-0.2757458430550186,0,1,0.0,0.0,-1.5676419944502413,2.4318923577666283,0.8424991763964053,-0.2698401240252175,0,0
1789003940.2660155,8.736201047897339,-3.0390347599930974,-1.3840639115591955,1.4540828748599433,0.8133963806668616,-0.2757459239620678,0,1,0.0,0.0,-1.5676419944502413,2.4318923577666283,0.8475714730143132,-0.25710804344585325,0,0
1789003940.293126,8.763311624526978,-3.036588995511982,-1.3622966363465552,1.4476796069173634,0.8115988311399032,-0.2766339671030739,0,1,0.0,0.0,-1.5676419944502413,2.4318923577666283,0.8475714730143132,-0.25710804344585325,0,0
1789003940.3439116,8.814097166061401,-3.03119610685302,-1.3214088562117519,1.4314091571472816,0.8112793775060223,-0.277435620722458,0,1,0.0,0.0,-1.5676419944502413,2.4318923577666283,0.8520677035255136,-0.24582195876186863,0,0
1789003940.3624651,8.832650661468506,-3.0282819907615677,-1.3094743060449514,1.4262367374056961,0.8128003708722207,-0.2774355551079071,0,1,0.0,0.0,-1.5676419944502413,2.4318923577666283,0.8574462029322689,-0.23232127199187547,0,0
1789003940.3943708,8.864556312561035,-3.0247085521476653,-1.2834964961300015,1.4190330257590018,0.8216945844337022,-0.2780551242955878,0,1,0.0,0.0,-1.5676419944502413,2.4318923577666283,0.8574462029322689,-0.23232127199187547,0,0
1789003940.4449313,8.915116786956787,-3.0183939577035748,-1.242106216161238,1.4048511070529754,0.8357969809823977,-0.2782656038525072,0,1,0.0,0.0,-1.5676419944502413,2.4318923577666283,0.8617257622380512,-0.22157905834983116,0,0
1789003940.4574735,8.927659034729004,-3.015783865434142,-1.234714367479394,1.4013302451827274,0.8370173807454769,-0.2782656093256837,0,1,0.0,0.0,-1.5676419944502413,2.4318923577666283,0.8663623575808287,-0.20994064089022757,0,0
1789003940.495662,8.965847492218018,-3.0104206212674525,-1.2030748195166647,1.3915523930483573,0.8422543709355202,-0.27842782297638996,0,1,0.0,0.0,-1.5676419944502413,2.4318923577666283,0.8663623575808287,-0.20994064089022757,0,0
1789003940.5460792,9.01626467704773,-3.0029532150551943,-1.1612442215244163,1.37838095979315,0.8430504886233373,-0.27833475780158384,0,1,0.0,0.0,-1.5676419944502413,2.4318923577666283,0.8709674084930659,-0.1983814037825875,0,0
1789003940.560597,9.030782461166382,-2.9996875544936157,-1.1522534813605874,1.3743072460375425,0.8444252404203568,-0.2783347082534078,0,1,0.0,0.0,-1.5676419944502413,2.4318923577666283,0.8754039827349809,-0.18724506358020987,0,0
1789003940.5966609,9.066846370697021,-2.9941738878990334,-1.122565107450444,1.3676453121114207,0.840923462716381,-0.27776339388893323,0,1,0.0,0.0,-1.5676419944502413,2.4318923577666283,0.8754039827349809,-0.18724506358020987,0,0
1789003940.6472464,9.117431879043579,-2.985743409568218,-1.0806443614720829,1.3548806815095524,0.8505628784574009,-0.27717912791760374,0,1,0.0,0.0,-1.5676419944502413,2.4318923577666283,0.8791154816686202,-0.17792875046743117,0,0
1789003940.6579611,9.128146648406982,-2.982812702447683,-1.0747721905523715,1.3518712556588834,0.8515588484892238,-0.27717912799900163,0,1,0.0,0.0,-1.5676419944502413,2.4318923577666283,0.8832509846139525,-0.1675481357868398,0,0
1789003940.6980925,9.168277978897095,-2.975686356661927,-1.0408153941455576,1.3439851713983162,0.8660073341935612,-0.27600669965140884,0,1,0.0,0.0,-1.5676419944502413,2.4318923577666283,0.8832509846139525,-0.1675481357868398,0,0
1789003940.7486317,9.218817234039307,-2.966093505435461,-0.9979898155799687,1.3320010096477297,0.8711087057684895,-0.2750519457636546,0,1,0.0,0.0,-1.5676419944502413,2.4318923577666283,0.8867158314753955,-0.15885094933301525,0,0
1789003940.763244,9.233429431915283,-2.9620663961896123,-0.9887462949180043,1.327940706943011,0.8726157164610785,-0.2750518631574264,0,1,0.0,0.0,-1.5676419944502413,2.4318923577666283,0.891010792674368,-0.14807007506838787,0,0
1789003940.7992504,9.26943588256836,-2.9551172845398703,-0.9584915817500796,1.3223741101685436,0.8669909090034805,-0.2733427203718051,0,1,0.0,0.0,-1.5676419944502413,2.4318923577666283,0.891010792674368,-0.14807007506838787,0,0
1789003940.8499093,9.32009482383728,-2.944672210071436,-0.9161708894550644,1.3115266551826632,0.8610769061529763,-0.2725193600269648,0,1,0.0,0.0,-1.5676419944502413,2.4318923577666283,0.8943752936868177,-0.13962476888329145,0,0
1789003940.8575523,9.327737808227539,-2.9419197997030104,-0.9129447229215236,1.309454954769219,0.8604937377883088,-0.2716137140109742,0,1,0.0,0.0,-1.5676419944502413,2.4318923577666283,0.8979760537988303,-0.1305864236628551,0,0
1789003940.9008045,9.37099003791809,-2.9334648203988434,-0.8765211920289532,1.3063888923985163,0.8669452052727401,-0.26896093775291025,0,1,0.0,0.0,-1.5676419944502413,2.4318923577666283,0.8979760537988303,-0.1305864236628551,0,0
1789003940.9512455,9.421431064605713,-2.9222141932245687,-0.8338559528917076,1.2955721874476804,0.878352107798682,-0.26756881177700226,0,1,0.0,0.0,-1.5676419944502413,2.4318923577666283,0.9003504208523248,-0.12462647397392157,0,0
1789003940.9638932,9.434078693389893,-2.9180932488589666,-0.826346652513203,1.2922269449302368,0.8804132581043391,-0.2662169853836493,0,1,0.0,0.0,-1.5676419944502413,2.4318923577666283,0.902976588369254,-0.11803447453871474,0,0
1789003941.001836,9.472021579742432,-2.9095403134561884,-0.7940270195847849,1.2870594594844302,0.8834539621579729,-0.2635694913517226,0,1,0.0,0.0,-1.5676419944502413,2.4318923577666283,0.902976588369254,-0.11803447453871474,0,0
1789003941.0529213,9.523106813430786,-2.897848769573446,-0.7506899885265278,1.2804016632414357,0.8801811235407162,-0.26223152463528004,0,1,0.0,0.0,-1.5676419944502413,2.4318923577666283,0.9068344065654631,-0.1083508823053152,0,0
1789003941.0611858,9.531371355056763,-2.8946304305606745,-0.7469598195697046,1.2782877339093193,0.8799010610861154,-0.260388352412251,0,1,0.0,0.0,-1.5676419944502413,2.4318923577666283,0.908001065894873,-0.10542242568898286,0,0
1789003941.10355,9.573735475540161,-2.884599857605747,-0.7115239495433229,1.2722276715898853,0.8719720673114745,-0.2570675995759383,0,1,0.0,0.0,-1.5676419944502413,2.4318923577666283,0.908001065894873,-0.10542242568898286,0,0
1789003941.154377,9.624562501907349,-2.872044827995603,-0.6687666806259334,1.2637645169340157,0.8793462814449287,-0.2555743964237973,0,1,0.0,0.0,-1.5676419944502413,2.4318923577666283,0.9101859087495728,-0.09993820475815718,0,0
1789003941.168119,9.638304471969604,-2.86723169767504,-0.6605650799444449,1.260306643263358,0.880790065540502,-0.25392132811060336,0,1,0.0,0.0,-1.5676419944502413,2.4318923577666283,0.9137517728173874,-0.09098745284704379,0,0
1789003941.2052093,9.675394773483276,-2.8580190979937754,-0.6287312109079726,1.2573235777986227,0.8930501188438322,-0.2506223972326235,0,1,0.0,0.0,-1.5676419944502413,2.4318923577666283,0.9137517728173874,-0.09098745284704379,0,0
1789003941.230906,9.701091527938843,-2.850933512782758,-0.606869655885118,1.250971182431626,0.8954479124129435,-0.2492257012394396,0,1,0.0,0.0,-1.5676419944502413,2.4318923577666283,0.916318143669686,-0.0845455503028123,0,0
1789003941.270264,9.74044942855835,-2.840141825298475,-0.5762908511834046,1.2505284451732788,0.8988733517464945,-0.2464492137666884,0,1,0.0,0.0,-1.5676419944502413,2.4318923577666283,0.916680114743008,-0.08363695894467593,0,0
1789003941.3070474,9.777232885360718,-2.8305505447509396,-0.5447467652363831,1.247298744743345,0.89897779827426,-0.24213510833199453,0,1,0.0,0.0,-1.5676419944502413,2.4318923577666283,0.916680114743008,-0.08363695894467593,0,0
1789003941.3308334,9.801018953323364,-2.823759293505732,-0.524517062354556,1.241641445235958,0.8977849347279122,-0.24043496470273842,0,1,0.0,0.0,-1.5676419944502413,2.4318923577666283,0.9198829844168885,-0.07559736705072506,0,0
1789003941.365528,9.835713624954224,-2.8132392132665593,-0.4981260267469118,1.2385442995866658,0.90006672910454,-0.2381703348430096,0,1,0.0,0.0,-1.5676419944502413,2.4318923577666283,0.9212543657453793,-0.07215503335167917,0,0
1789003941.4083998,9.87858533859253,-2.802086403539338,-0.4612643379187765,1.238207777239107,0.90035025062703,-0.2335517515678798,0,1,0.0,0.0,-1.5676419944502413,2.4318923577666283,0.9212543657453793,-0.07215503335167917,0,0
1789003941.430864,9.901049613952637,-2.7954862354290113,-0.4421810709921943,1.2330724882203417,0.8995833933357202,-0.23152979499674858,0,1,0.0,0.0,-1.5676419944502413,2.4318923577666283,0.9218118538336869,-0.0707556705389234,0,0
1789003941.4669173,9.937102794647217,-2.7841877510308266,-0.414738503813822,1.2295376049851328,0.9017911652191054,-0.22904956992362585,0,1,0.0,0.0,-1.5676419944502413,2.4318923577666283,0.9240009076144207,-0.0652608796723042,0,0
1789003941.509489,9.979674577713013,-2.772242911130996,-0.37835417786892345,1.2261579115495354,0.9019143290915012,-0.22711201810759157,0,1,0.0,0.0,-1.5676419944502413,2.4318923577666283,0.9240009076144207,-0.0652608796723042,0,0
1789003941.530868,10.00105357170105,-2.765744027962446,-0.3602728418471211,1.2215770669344963,0.8998955705438875,-0.2231692357006447,0,1,0.0,0.0,-1.5676419944502413,2.4318923577666283,0.9265215699844797,-0.05893371097013178,0,0
1789003941.5637817,10.03396725654602,-2.7551557000664877,-0.3355570218576701,1.2197716224939932,0.9015073126331246,-0.2208178776117636,0,1,0.0,0.0,-1.5676419944502413,2.4318923577666283,0.9276568344678866,-0.05608405923040616,0,0
1789003941.6109776,10.081163167953491,-2.7419332709931727,-0.2951333582157934,1.2190097484348383,0.9029053612984488,-0.21890228163522946,0,1,0.0,0.0,-1.5676419944502413,2.4318923577666283,0.9276568344678866,-0.05608405923040616,0,0
1789003941.6308796,10.101065158843994,-2.735741397568749,-0.2782937632491193,1.2149503985001149,0.9025889717532014,-0.21403955175412545,0,1,0.0,0.0,-1.5676419944502413,2.4318923577666283,0.9267588779223213,-0.058338039223323035,0,0
1789003941.6614707,10.131656169891357,-2.725463935788711,-0.25557416876933575,1.2129050566941049,0.9041667468283922,-0.21152065253385968,0,1,0.0,0.0,-1.5676419944502413,2.4318923577666283,0.9284039388851192,-0.054208736401724966,0,0
1789003941.712175,10.182360410690308,-2.7101217910860536,-0.21215386526236785,1.208129959019784,0.9098963303825784,-0.20960242876092175,0,1,0.0,0.0,-1.5676419944502413,2.4318923577666283,0.9284039388851192,-0.054208736401724966,0,0
1789003941.7308939,10.201079368591309,-2.7040508501280645,-0.19613650310544098,1.2044695104564411,0.914987598131423,-0.2056911440575609,0,1,0.0,0.0,-1.5676419944502413,2.4318923577666283,0.9319973523095628,-0.04518883225939674,0,0
1789003941.7627482,10.232933759689331,-2.6929579138013957,-0.17201216901613042,1.2028370687815493,0.9176840969568882,-0.20340679884357704,0,1,0.0,0.0,-1.5676419944502413,2.4318923577666283,0.9336848822168847,-0.04095292722887223,0,0
1789003941.8135395,10.283725023269653,-2.6774209227154047,-0.12801660852138516,1.2011278424624594,0.9204634566186988,-0.20159573446315912,0,1,0.0,0.0,-1.5676419944502413,2.4318923577666283,0.9336848822168847,-0.04095292722887223,0,0
1789003941.830883,10.301068544387817,-2.671645579715267,-0.11313409533001181,1.1979027086979341,0.9212695300656087,-0.19701868251722615,0,1,0.0,0.0,-1.5676419944502413,2.4318923577666283,0.9340376568490398,-0.04006742005504149,0,0
1789003941.8656075,10.335793018341064,-2.659242057397616,-0.08664016599127468,1.1950817488332248,0.9235305887570738,-0.1946520178426687,0,1,0.0,0.0,-1.5676419944502413,2.4318923577666283,0.9347663719562201,-0.03823825662811142,0,0
1789003941.91455,10.384735584259033,-2.6433540647990235,-0.04423546132627396,1.1909251193338122,0.9269868322864411,-0.19288508521513992,0,1,0.0,0.0,-1.5676419944502413,2.4318923577666283,0.9347663719562201,-0.03823825662811142,0,0
1789003941.930835,10.401020526885986,-2.637744079914265,-0.030182965140337862,1.1880210306284253,0.9293542259916688,-0.1892634977389788,0,1,0.0,0.0,-1.5676419944502413,2.4318923577666283,0.9380121964612554,-0.03009084289077557,0,0
1789003941.9653466,10.435532093048096,-2.6269422739886936,7.033104186729868e-05,1.1891813840406362,0.9319262244728613,-0.1864604281005097,0,1,0.0,0.0,-1.5676419944502413,2.4318923577666283,0.9383845410419642,-0.029156212769158696,0,0
1789003942.0157783,10.485963821411133,-2.608330941545094,0.04047187432243142,1.1828624739561224,0.9371812085365043,-0.18457351742083636,0,1,0.0,0.0,-1.5676419944502413,2.4318923577666283,0.9383845410419642,-0.029156212769158696,0,0
1789003942.0308928,10.501078367233276,-2.6029731907850597,0.05356983347038745,1.1802882401777843,0.9370728710562849,-0.18113022931882494,0,1,0.0,0.0,-1.5676419944502413,2.4318923577666283,0.9403669596914834,-0.024180101179272384,0,0
1789003942.0663767,10.536562204360962,-2.589556971000174,0.08099474473809096,1.1781540780750677,0.9392570417930178,-0.17911032150065764,0,1,0.0,0.0,-1.5676419944502413,2.4318923577666283,0.943546258991244,-0.016199673787160807,0,0
1789003942.1169562,10.587141752243042,-2.572144215102797,0.1251407557917241,1.1745138647485318,0.940397823135354,-0.17762198514373034,0,1,0.0,0.0,-1.5676419944502413,2.4318923577666283,0.943546258991244,-0.016199673787160807,0,0
1789003942.1309047,10.6010901927948,-2.567099747272288,0.137182643924817,1.1722444184389718,0.9383668411942094,-0.1743964289598028,0,1,0.0,0.0,-1.5676419944502413,2.4318923577666283,0.9442699047713108,-0.01438323498699301,0,0
1789003942.1677325,10.63791799545288,-2.5534504094326405,0.165828974317776,1.1731511949096949,0.9401795880339818,-0.17178520783624426,0,1,0.0,0.0,-1.5676419944502413,2.4318923577666283,0.9445282860098206,-0.013734666695996767,0,0
1789003942.2190568,10.689242362976074,-2.5351101949160952,0.21049073186316422,1.1672660206608176,0.942525425579682,-0.17006705041400047,0,1,0.0,0.0,-1.5676419944502413,2.4318923577666283,0.9445282860098206,-0.013734666695996767,0,0
1789003942.2308328,10.701018333435059,-2.5307521349279556,0.2206866269462229,1.1654534398775083,0.9426505141674035,-0.1668819576813477,0,1,0.0,0.0,-1.5676419944502413,2.4318923577666283,0.9469333050503977,-0.007697776796572464,0,0
1789003942.269716,10.739901542663574,-2.5156786254792425,0.25049085882301386,1.1628347567432673,0.9450855575046223,-0.16674365562815607,0,1,0.0,0.0,-1.5676419944502413,2.4318923577666283,0.9479925528422994,-0.005038936185321141,0,0
1789003942.320483,10.790668487548828,-2.4977415338969875,0.2949223929267982,1.1617938406835107,0.9460066605103556,-0.16458278788770925,0,1,0.0,0.0,-1.5676419944502413,2.4318923577666283,0.9479925528422994,-0.005038936185321141,0,0
1789003942.3308325,10.801017999649048,-2.493872373594859,0.30380885319146206,1.1603399443631697,0.9421347594110713,-0.1601525256866714,0,1,0.0,0.0,-1.5676419944502413,2.4318923577666283,0.949964310289005,8.95855093800968e-05,0,0
1789003942.3708968,10.841082334518433,-2.478099910221563,0.33447981720287623,1.1573489310223801,0.9443814949534324,-0.16001344085613348,0,1,0.0,0.0,-1.5676419944502413,2.4318923577666283,0.949599975756093,0.001004109438146994,0,0
1789003942.4214923,10.891677856445312,-2.459463871766604,0.3780713394800166,1.1525643450885579,0.9404140071512167,-0.15774924063212178,0,1,0.0,0.0,-1.5676419944502413,2.4318923577666283,0.949599975756093,0.001004109438146994,0,0
1789003942.4309132,10.901098728179932,-2.4558933076252307,0.38608433331354125,1.1513088965319085,0.9371078157371464,-0.15423909930656923,0,1,0.0,0.0,-1.5676419944502413,2.4318923577666283,0.947006720422237,0.007513495296408879,0,0
1789003942.47204,10.942225456237793,-2.4395358280905928,0.41738412475070064,1.1489453238082226,0.939000120565827,-0.15407328442075555,0,1,0.0,0.0,-1.5676419944502413,2.4318923577666283,0.9461398271077728,0.009689502806400352,0,0
1789003942.5227807,10.992966175079346,-2.421104300952194,0.46112250481225525,1.1480392778664676,0.9377917862277496,-0.15190666777479372,0,1,0.0,0.0,-1.5676419944502413,2.4318923577666283,0.9461398271077728,0.009689502806400352,0,0
1789003942.5309029,11.001088380813599,-2.417989375353899,0.468014482400237,1.1470495226638073,0.9358286574299635,-0.14765807591136287,0,1,0.0,0.0,-1.5676419944502413,2.4318923577666283,0.9436995630023134,0.01581486209945626,0,0
1789003942.573213,11.04339861869812,-2.400863101674984,0.5001119833011499,1.1436875960542539,0.9375384817172729,-0.14753260969468954,0,1,0.0,0.0,-1.5676419944502413,2.4318923577666283,0.9433967861011354,0.01657486889593529,0,0
1789003942.5808814,11.051066875457764,-2.3978649396800806,0.5066974287290051,1.1426735807601045,0.9394414142072411,-0.14558606773754973,0,1,0.0,0.0,-1.5676419944502413,2.4318923577666283,0.9433967861011354,0.01657486889593529,0,0
1789003942.6308885,11.101073980331421,-2.378694407399383,0.5497106553095478,1.1382415533656352,0.9444118389747086,-0.14227596647748297,0,1,0.0,0.0,-1.5676419944502413,2.4318923577666283,0.9406983651486822,0.023348233230028548,0,0
1789003942.674374,11.144559621810913,-2.3606527104274413,0.5831301995086913,1.1355345105097285,0.9463567275694184,-0.1421240989376266,0,1,0.0,0.0,-1.5676419944502413,2.4318923577666283,0.9398679343383964,0.025432715425887542,0,0
1789003942.6808352,11.151020765304565,-2.3580002418226136,0.5888481269454179,1.1347227784568417,0.9526561852700751,-0.14046152356191424,0,1,0.0,0.0,-1.5676419944502413,2.4318923577666283,0.9398679343383964,0.025432715425887542,0,0
1789003942.7309358,11.20112133026123,-2.338776343427763,0.6327368130266953,1.1343640397619348,0.9605198270202259,-0.13624031752087157,0,1,0.0,0.0,-1.5676419944502413,2.4318923577666283,0.919385287686787,0.030105482502152947,0,0
1789003942.7755558,11.245741367340088,-2.319811040795224,0.6675643209903269,1.131311655030004,0.9630059938645406,-0.13610605443914212,0,1,0.0,0.0,-1.5676419944502413,2.4318923577666283,0.9159135968303077,0.03133370736993024,0,0
1789003942.780921,11.25110650062561,-2.3175948569245985,0.6722747190651912,1.1306905070465183,0.9646392136039523,-0.13427326808838205,0,1,0.0,0.0,-1.5676419944502413,2.4318923577666283,0.9159135968303077,0.03133370736993024,0,0
1789003942.830908,11.301093578338623,-2.2975284735935046,0.7160234240382891,1.1271751190137105,0.9603555868511053,-0.1310115842013456,0,1,0.0,0.0,-1.5676419944502413,2.4318923577666283,0.8680922180013364,0.040306757218183886,0,0
1789003942.8771455,11.347331047058105,-2.278106350584601,0.7523457639888097,1.1273612646016418,0.9626688744277757,-0.1307410474877713,0,1,0.0,0.0,-1.5676419944502413,2.4318923577666283,0.8655984653237343,0.041279656846421764,0,0
1789003942.8808484,11.351033926010132,-2.2767254865493705,0.7552096751178049,1.1269893645043814,0.9496370841785152,-0.12861821283194888,0,1,0.0,0.0,-1.5676419944502413,2.4318923577666283,0.8655984653237343,0.041279656846421764,0,0
1789003942.930927,11.40111255645752,-2.256688158392891,0.7982542990963043,1.123187355756583,0.9460506181636864,-0.12515961275606005,0,1,0.0,0.0,-1.5676419944502413,2.4318923577666283,0.7998530479836625,0.04771930062835805,0,0
1789003942.9784486,11.448634147644043,-2.2364085648090266,0.8346834916442127,1.120416551209429,0.947564064311323,-0.1250179587020899,0,1,0.0,0.0,-1.5676419944502413,2.4318923577666283,0.817050476474062,0.048199703301312846,0,0
1789003942.980912,11.45109748840332,-2.2354319159257114,0.8366893102994216,1.1202067078760722,0.9438202843515391,-0.12337797610552856,0,1,0.0,0.0,-1.5676419944502413,2.4318923577666283,0.817050476474062,0.048199703301312846,0,0
1789003943.0308952,11.501080751419067,-2.215323638688377,0.8793557604605223,1.1171277849262051,0.9433352059932253,-0.12037167349332753,0,1,0.0,0.0,-1.5676419944502413,2.4318923577666283,0.751849122810848,0.06087085737376907,0,0
1789003943.0800123,11.550197839736938,-2.19459687296738,0.9171084808733397,1.1171047918363382,0.9446251299236359,-0.12011818647587072,0,1,0.0,0.0,-1.5676419944502413,2.4318923577666283,0.7679565628645969,0.05836899016609087,0,0
1789003943.0808713,11.551056861877441,-2.1943147998140478,0.917660185766012,1.1171014725295159,0.937807186610647,-0.11814694323612512,0,1,0.0,0.0,-1.5676419944502413,2.4318923577666283,0.7679565628645969,0.05836899016609087,0,0
1789003943.1308866,11.601072072982788,-2.174156693992813,0.9598381463002451,1.1135950864813042,0.9303030110545775,-0.11604365609999232,0,1,0.0,0.0,-1.5676419944502413,2.4318923577666283,0.7444052222477302,0.05925218517791131,0,0
1789003943.1816473,11.651832818984985,-2.1537609244748017,1.0024442983252002,1.1107732687298046,0.930884807321768,-0.1158828101843749,0,1,0.0,0.0,-1.5676419944502413,2.4318923577666283,0.7208090441000704,0.06605167631948294,0,0
1789003943.2323196,11.702505111694336,-2.132164441025009,1.0399063557481918,1.107616027718535,0.9072240658253456,-0.11175892598922466,0,1,0.0,0.0,-1.5676419944502413,2.4318923577666283,0.6957351642455685,0.07075562707090377,0,0
1789003943.2834136,11.753599166870117,-2.112235756922445,1.0817414706970179,1.107119402253501,0.9066434877058116,-0.111468487867936,0,1,0.0,0.0,-1.5676419944502413,2.4318923577666283,0.6474626624120221,0.08046349289502763,0,0
1789003943.333884,11.804069519042969,-2.090873607225283,1.1181053706305804,1.1037058501438863,0.8844814800871824,-0.10685383685220404,0,1,0.0,0.0,-1.5676419944502413,2.4318923577666283,0.6485733612617325,0.08000598765488132,0,0
1789003943.384775,11.854960441589355,-2.0696838723392235,1.1539923202084277,1.1008321884999417,0.8828486499246408,-0.1066906606448212,0,1,0.0,0.0,-1.5676419944502413,2.4318923577666283,0.602251898251812,0.08811558332008729,0,0
1789003943.4358652,11.906050682067871,-2.050880943525388,1.1922020435500695,1.0994522411137915,0.8324931823507594,-0.10234438115267384,0,1,0.0,0.0,-1.5676419944502413,2.4318923577666283,0.6032838991755198,0.09326522991095398,0,0
1789003943.4864156,11.9566011428833,-2.030790464710343,1.2253367547504443,1.0964663407333095,0.8285396030804003,-0.10219875993957439,0,1,0.0,0.0,-1.5676419944502413,2.4318923577666283,0.5820708756473431,0.09944092554584327,0,0
1789003943.537105,12.007290601730347,-2.0129864440278324,1.2606296466310776,1.093732399951245,0.7907364226917655,-0.09835795654689504,0,1,0.0,0.0,-1.5676419944502413,2.4318923577666283,0.5608206474749851,0.1052853493512047,0,0
1789003943.587975,12.058160543441772,-1.9935441141518595,1.2921319352521736,1.0913672331027477,0.7851471466202692,-0.0981864622477442,0,1,0.0,0.0,-1.5676419944502413,2.4318923577666283,0.5402892956773692,0.11383314065609751,0,0
1789003943.6391032,12.109288692474365,-1.9767635745213465,1.3258601250438367,1.0915414548629079,0.7336624997838758,-0.09389049912262953,0,1,0.0,0.0,-1.5676419944502413,2.4318923577666283,0.5204845105917629,0.11939784194748415,0,0
1789003943.6605284,12.130713939666748,-1.968209817150988,1.335428752412234,1.0894504598865373,0.7303763745516766,-0.09388960124455337,0,1,0.0,0.0,-1.5676419944502413,2.4318923577666283,0.5022215926841175,0.12514123505672892,0,0
1789003943.689781,12.159966468811035,-1.9590449632638243,1.353605687254082,1.0892300793275418,0.7023118428748295,-0.09101318508914101,0,1,0.0,0.0,-1.5676419944502413,2.4318923577666283,0.5022215926841175,0.12514123505672892,0,0
1789003943.7405958,12.210781335830688,-1.9430822866422404,1.3848369945043575,1.0871458739528783,0.6761848268506405,-0.08933669492685807,0,1,0.0,0.0,-1.5676419944502413,2.4318923577666283,0.483749157265924,0.13093951649985391,0,0
1789003943.7609503,12.231135845184326,-1.9353839119546938,1.3926185460258418,1.0852435210701872,0.6722577552442671,-0.08933632951624262,0,1,0.0,0.0,-1.5676419944502413,2.4318923577666283,0.46703163806775616,0.1393286860203311,0,0
1789003943.791464,12.26164960861206,-1.9264366049946606,1.4109405932223058,1.0875694707763888,0.6652421615182137,-0.08642398971918032,0,1,0.0,0.0,-1.5676419944502413,2.4318923577666283,0.46703163806775616,0.1393286860203311,0,0
1789003943.8419492,12.312134742736816,-1.9113257755371549,1.4403427527474544,1.0856112755168024,0.643154019431208,-0.08448209957151843,0,1,0.0,0.0,-1.5676419944502413,2.4318923577666283,0.4500095331618142,0.14280519271651326,0,0
1789003943.8579996,12.328185081481934,-1.9052062239716485,1.445090028618828,1.084182582544953,0.6398477992751638,-0.08448156634150095,0,1,0.0,0.0,-1.5676419944502413,2.4318923577666283,0.434284741730792,0.15141143920411015,0,0
1789003943.8927486,12.362934112548828,-1.8955172379670033,1.4640762101150924,1.0842096038349975,0.6133328725816363,-0.08169694172702621,0,1,0.0,0.0,-1.5676419944502413,2.4318923577666283,0.434284741730792,0.15141143920411015,0,0
1789003943.943435,12.413620471954346,-1.88155414461277,1.4912206405344963,1.0831478365667968,0.5899868867654395,-0.07980712900209408,0,1,0.0,0.0,-1.5676419944502413,2.4318923577666283,0.41788309051425465,0.15767099265333573,0,0
1789003943.9632652,12.433450698852539,-1.874805463676005,1.497091457804035,1.081488186486559,0.5852997241219011,-0.07980686720746259,0,1,0.0,0.0,-1.5676419944502413,2.4318923577666283,0.4039932342016701,0.16568735216757458,0,0
1789003943.9943683,12.464553833007812,-1.8670916549069243,1.5129018309329703,1.0846103599987436,0.5658697903874951,-0.07643661185501914,0,1,0.0,0.0,-1.5676419944502413,2.4318923577666283,0.4039932342016701,0.16568735216757458,0,0
1789003944.0449553,12.515140771865845,-1.8540833459365351,1.5381542239440158,1.0835334312959384,0.5574872339992484,-0.07410496858770825,0,1,0.0,0.0,-1.5676419944502413,2.4318923577666283,0.389603841271963,0.1687193735176109,0,0
1789003944.0627072,12.53289270401001,-1.8481893829868952,1.5424327437913108,1.0821521148936395,0.5531536053936276,-0.07410451307033822,0,1,0.0,0.0,-1.5676419944502413,2.4318923577666283,0.3763640688882364,0.17715205128508194,0,0
1789003944.0957391,12.565924644470215,-1.8400991617226432,1.558306790347,1.082907105297588,0.5374146171562768,-0.0708053995283264,0,1,0.0,0.0,-1.5676419944502413,2.4318923577666283,0.3763640688882364,0.17715205128508194,0,0
1789003944.1466098,12.616795301437378,-1.827868731915372,1.5820812349252904,1.0827033577736829,0.5127259401866862,-0.0685621611098763,0,1,0.0,0.0,-1.5676419944502413,2.4318923577666283,0.3625350743472047,0.1831337637869317,0,0
1789003944.1622112,12.632396697998047,-1.8228664127216223,1.5846688422762087,1.0815664189375818,0.5086211469340862,-0.06856187709443845,0,1,0.0,0.0,-1.5676419944502413,2.4318923577666283,0.35095078838453964,0.19106198927281492,0,0
1789003944.1979253,12.668110847473145,-1.8151355533562494,1.6004010405708173,1.0849725940272228,0.4883900150004908,-0.0646422462309051,0,1,0.0,0.0,-1.5676419944502413,2.4318923577666283,0.35095078838453964,0.19106198927281492,0,0
1789003944.248588,12.718773603439331,-1.8040540978482698,1.621940352148825,1.0845329312458605,0.4673703162740696,-0.06197345003115834,0,1,0.0,0.0,-1.5676419944502413,2.4318923577666283,0.3390415389569097,0.1936483035417942,0,0
1789003944.2707546,12.74094009399414,-1.7980186174522241,1.6265144368788735,1.0831001732969183,0.4611517045994496,-0.06197307009554684,0,1,0.0,0.0,-1.5676419944502413,2.4318923577666283,0.32799102802716334,0.202108847447515,0,0
1789003944.2994413,12.76962685585022,-1.7919613787991429,1.638508118379629,1.0844545987583472,0.4597215058193918,-0.058295353468482865,0,1,0.0,0.0,-1.5676419944502413,2.4318923577666283,0.32799102802716334,0.202108847447515,0,0
1789003944.350677,12.820862531661987,-1.7816289769249976,1.6590677667703664,1.086838530508457,0.44123872887479704,-0.05674279403693769,0,1,0.0,0.0,-1.5676419944502413,2.4318923577666283,0.3161590443007628,0.20799956212117965,0,0
1789003944.4015572,12.871742725372314,-1.7717500460050508,1.6782659783624674,1.0867792227733937,0.41546519842805263,-0.051015221036521306,0,1,0.0,0.0,-1.5676419944502413,2.4318923577666283,0.30658680654750486,0.21363830103661896,0,0
1789003944.4523606,12.922546148300171,-1.7611323337812819,1.692064361339295,1.0869875129780056,0.39589691864364923,-0.04955036208982886,0,1,0.0,0.0,-1.5676419944502413,2.4318923577666283,0.29243329193521833,0.21704066437626324,0,0
1789003944.4571648,12.927350282669067,-1.7590480045829542,1.6892233814103086,1.0867953550944511,0.39302744658114747,-0.0479290513517318,0,1,0.0,0.0,-1.5676419944502413,2.4318923577666283,0.2860000647545127,0.22485918148035178,0,0
1789003944.5030646,12.973250150680542,-1.7510732473033637,1.704850930997286,1.0875256786822227,0.3748367503157861,-0.04503617474363118,0,1,0.0,0.0,-1.5676419944502413,2.4318923577666283,0.2860000647545127,0.22485918148035178,0,0
1789003944.5538294,13.024014949798584,-1.7425776930289436,1.7218911539499986,1.0903392092622761,0.3682909812976294,-0.0436905832069805,0,1,0.0,0.0,-1.5676419944502413,2.4318923577666283,0.2746584574927092,0.23436058030997198,0,0
1789003944.5638962,13.03408169746399,-1.7396851785021945,1.7206276634241604,1.089975100551379,0.365663357633733,-0.04155080970803919,0,1,0.0,0.0,-1.5676419944502413,2.4318923577666283,0.27031324409302826,0.23882045078365755,0,0
1789003944.604246,13.074431419372559,-1.7330127891928884,1.7337574929496007,1.0906748319935966,0.35801751982157404,-0.03810844194588901,0,1,0.0,0.0,-1.5676419944502413,2.4318923577666283,0.27031324409302826,0.23882045078365755,0,0
1789003944.6549451,13.125130653381348,-1.7249021544311973,1.7497062927272464,1.0913056001175327,0.3458060439188347,-0.036699840671531446,0,1,0.0,0.0,-1.5676419944502413,2.4318923577666283,0.25800722034834606,0.24281241117740282,0,0
1789003944.659064,13.129249572753906,-1.7230797491136705,1.7464630182201535,1.0912026480772088,0.34429104525425636,-0.035092676037771185,0,1,0.0,0.0,-1.5676419944502413,2.4318923577666283,0.2544299147018769,0.25287188693266316,0,0
1789003944.705869,13.17605447769165,-1.715973077664851,1.7607808952682371,1.0940817144134156,0.3345078532496771,-0.03166018459389174,0,1,0.0,0.0,-1.5676419944502413,2.4318923577666283,0.2544299147018769,0.25287188693266316,0,0
1789003944.7309256,13.201111078262329,-1.7121261664908625,1.76822875748127,1.093369962027845,0.3313884776895403,-0.03012153358485325,0,1,0.0,0.0,-1.5676419944502413,2.4318923577666283,0.24350643888590429,0.25782359046550063,0,0
1789003944.7617302,13.231915712356567,-1.7064742407933666,1.7727617209009,1.094526835584693,0.32281962707572165,-0.028340544933054043,0,1,0.0,0.0,-1.5676419944502413,2.4318923577666283,0.23980271573386933,0.2647084546531804,0,0
1789003944.807936,13.27812147140503,-1.699638963058552,1.7862896233271965,1.0954059903145519,0.32104880775802586,-0.025502942159934584,0,1,0.0,0.0,-1.5676419944502413,2.4318923577666283,0.23980271573386933,0.2647084546531804,0,0
1789003944.8308399,13.301025390625,-1.6963040617014864,1.7927675902608196,1.0948856785497902,0.31504599730909844,-0.024400530349698232,0,1,0.0,0.0,-1.5676419944502413,2.4318923577666283,0.23239151780447964,0.2740183516724908,0,0
1789003944.8608804,13.331065893173218,-1.6910347704299797,1.7966841289495163,1.0965424086772269,0.30663313050876473,-0.022875868441910707,0,1,0.0,0.0,-1.5676419944502413,2.4318923577666283,0.2258793080254193,0.2790118383790472,0,0
1789003944.9096527,13.379838228225708,-1.6846470009570698,1.8096594708057998,1.0994217861773663,0.29010774700136116,-0.021714838512247807,0,1,0.0,0.0,-1.5676419944502413,2.4318923577666283,0.2258793080254193,0.2790118383790472,0,0
1789003944.9308863,13.401071786880493,-1.6818729435591753,1.8150967457995288,1.0991570904206274,0.28530859067625236,-0.01836895479140731,0,1,0.0,0.0,-1.5676419944502413,2.4318923577666283,0.2201859034391963,0.2853360272887522,0,0
1789003944.9628842,13.433069705963135,-1.676780581397434,1.8187136164396223,1.100355202532132,0.2765618111146478,-0.01672089819121191,0,1,0.0,0.0,-1.5676419944502413,2.4318923577666283,0.21009824047808848,0.29071299708173703,0,0
1789003945.0111423,13.481327772140503,-1.6708644732240503,1.8305495487056875,1.1012791435443932,0.2672950393367195,-0.015549766362075815,0,1,0.0,0.0,-1.5676419944502413,2.4318923577666283,0.21009824047808848,0.29071299708173703,0,0
1789003945.0308886,13.501074075698853,-1.668402097181887,1.8354020635546813,1.1011223199671918,0.2714887937824945,-0.013191419829869067,0,1,0.0,0.0,-1.5676419944502413,2.4318923577666283,0.20860282945581884,0.2991242799284686,0,0
1789003945.0620646,13.532250165939331,-1.6636949179290674,1.8385482179087647,1.1040728518421628,0.26470404619220017,-0.011290056701931556,0,1,0.0,0.0,-1.5676419944502413,2.4318923577666283,0.19869179370576825,0.30565282498065405,0,0
1789003945.11257,13.58275556564331,-1.6578269417870688,1.8503881917348057,1.1052861650966417,0.25495484350882697,-0.010012060902137356,0,1,0.0,0.0,-1.5676419944502413,2.4318923577666283,0.19869179370576825,0.30565282498065405,0,0
1789003945.1308324,13.601017951965332,-1.6557413089649398,1.8545377559044904,1.1052532530376846,0.25145512875045106,-0.007519928977649154,0,1,0.0,0.0,-1.5676419944502413,2.4318923577666283,0.19779397989321376,0.31152442387259294,0,0
1789003945.163408,13.633593559265137,-1.6511364216815783,1.8573786289212655,1.1065605304617332,0.24323816958134878,-0.0061901863730182685,0,1,0.0,0.0,-1.5676419944502413,2.4318923577666283,0.18840896815503555,0.31955902051950713,0,0
1789003945.2142353,13.684420824050903,-1.645766686625366,1.8682472829488923,1.1076411865068618,0.231977930155712,-0.005280586193325379,0,1,0.0,0.0,-1.5676419944502413,2.4318923577666283,0.18840896815503555,0.31955902051950713,0,0
1789003945.2308517,13.701037168502808,-1.6440395354613715,1.871704611792522,1.1076701634427961,0.22973406832984658,-0.0033541860493754893,0,1,0.0,0.0,-1.5676419944502413,2.4318923577666283,0.1879064929903309,0.3252091643028505,0,0
1789003945.2705052,13.7406907081604,-1.639149947005355,1.8753491052573574,1.1103272007409286,0.2200954433342062,-0.001725168622092275,0,1,0.0,0.0,-1.5676419944502413,2.4318923577666283,0.17938292582979912,0.33181099203399,0,0
1789003945.3158545,13.78604006767273,-1.6346825960795803,1.884504203739324,1.1117949458625525,0.2168071690030425,-0.0006681026233903437,0,1,0.0,0.0,-1.5676419944502413,2.4318923577666283,0.17938292582979912,0.33181099203399,0,0
1789003945.330833,13.801018476486206,-1.6331763688867496,1.8875487072000992,1.1119058074942298,0.22039872425073206,0.0014654679261432025,0,1,0.0,0.0,-1.5676419944502413,2.4318923577666283,0.1789217857113086,0.33672263224714616,0,0
1789003945.366651,13.836836576461792,-1.6287704191331924,1.890186882567173,1.1132239459931235,0.2131789828730459,0.0026165727375366855,0,1,0.0,0.0,-1.5676419944502413,2.4318923577666283,0.1707173900917675,0.34539686536741776,0,0
1789003945.4178097,13.88799524307251,-1.6240429398395866,1.8999950863205683,1.115537597279344,0.20614458345504016,0.0034012560280389263,0,1,0.0,0.0,-1.5676419944502413,2.4318923577666283,0.1707173900917675,0.34539686536741776,0,0
1789003945.4308321,13.901017665863037,-1.6228098754671132,1.902509280085191,1.1156960186933536,0.2087834639543299,0.005686118008010779,0,1,0.0,0.0,-1.5676419944502413,2.4318923577666283,0.17071908992510065,0.3492982294703155,0,0
1789003945.468416,13.93860149383545,-1.618458062560499,1.9051397956992588,1.116896802354922,0.20153231718277254,0.006812527120097276,0,1,0.0,0.0,-1.5676419944502413,2.4318923577666283,0.16279273640913722,0.35,0,0
1789003945.5190787,13.989264249801636,-1.6140417667650901,1.9143326802092135,1.1188436336692424,0.19474496936204333,0.007552127992066388,0,1,0.0,0.0,-1.5676419944502413,2.4318923577666283,0.16279273640913722,0.35,0,0
1789003945.5308633,14.001048803329468,-1.612958611661453,1.9165600083310061,1.1190257670310286,0.20066323385521034,0.009238251279575952,0,1,0.0,0.0,-1.5676419944502413,2.4318923577666283,0.16302435406589988,0.35,0,0
1789003945.5696979,14.039883375167847,-1.6087362940189494,1.9190674744939513,1.1205600481395566,0.19252711092064098,0.009270574675441023,0,1,0.0,0.0,-1.5676419944502413,2.4318923577666283,0.16103378769270532,0.35,0,0
1789003945.6208174,14.091002941131592,-1.6044534624195275,1.9281040582815163,1.1230922906745713,0.18815909960623042,0.010346464677587507,0,1,0.0,0.0,-1.5676419944502413,2.4318923577666283,0.16103378769270532,0.35,0,0
1789003945.6308327,14.101018190383911,-1.603603535840076,1.9298693586069222,1.1233183582771886,0.18949173558032942,0.012755317405649075,0,1,0.0,0.0,-1.5676419944502413,2.4318923577666283,0.15588968644313736,0.35,0,0
1789003945.6714475,14.141633033752441,-1.599461428473274,1.9323197723867755,1.1246652794974032,0.1813549749579628,0.012781430783572668,0,1,0.0,0.0,-1.5676419944502413,2.4318923577666283,0.15432673465445326,0.35,0,0
1789003945.722232,14.192417621612549,-1.5955370752437121,1.9406276316474718,1.1266429695620197,0.17455160389409716,0.013927346534281999,0,1,0.0,0.0,-1.5676419944502413,2.4318923577666283,0.15432673465445326,0.35,0,0
1789003945.7308526,14.201038122177124,-1.5948651370885918,1.9420371179127156,1.1268722768908763,0.17545420950037252,0.015794500534295562,0,1,0.0,0.0,-1.5676419944502413,2.4318923577666283,0.15005370514065947,0.35,0,0
1789003945.7729743,14.243159770965576,-1.590906892948748,1.9442251749281105,1.128377367132881,0.16725270912463575,0.015820595412276945,0,1,0.0,0.0,-1.5676419944502413,2.4318923577666283,0.14866148852392558,0.35,0,0
1789003945.7808897,14.251075267791748,-1.5902515441212621,1.9456043127003835,1.1285537842419304,0.1730646323412523,0.016748132470215192,0,1,0.0,0.0,-1.5676419944502413,2.4318923577666283,0.14866148852392558,0.35,0,0
1789003945.8308597,14.301045179367065,-1.5866309955073787,1.953365238079523,1.1309104863149742,0.17005594868309903,0.018847827627011277,0,1,0.0,0.0,-1.5676419944502413,2.4318923577666283,0.14336472830170896,0.35,0,0
1789003945.874823,14.345008611679077,-1.5826729253946472,1.9556722136436875,1.1323364036942092,0.16207961179691205,0.018867192344431835,0,1,0.0,0.0,-1.5676419944502413,2.4318923577666283,0.1427103169249287,0.35,0,0
1789003945.8809052,14.351090669631958,-1.5821595020102,1.9567622106844698,1.1324982736056217,0.1683668504389132,0.019770541295906927,0,1,0.0,0.0,-1.5676419944502413,2.4318923577666283,0.1427103169249287,0.35,0,0
1789003945.9308357,14.401021242141724,-1.5786789605797433,1.9642321883126417,1.1341339600578326,0.1617481812994597,0.021212714725771804,0,1,0.0,0.0,-1.5676419944502413,2.4318923577666283,0.13759238514217925,0.35,0,0
1789003945.9762862,14.446471691131592,-1.5748131860210797,1.9664526303003305,1.1355198142881164,0.15391785709014566,0.02122625007890302,0,1,0.0,0.0,-1.5676419944502413,2.4318923577666283,0.1371387152736857,0.35,0,0
1789003945.9808924,14.451077938079834,-1.5745150046838097,1.9670929045347758,1.135655694797386,0.15309596983818044,0.022055827906854522,0,1,0.0,0.0,-1.5676419944502413,2.4318923577666283,0.1371387152736857,0.35,0,0
1789003946.0308838,14.50106930732727,-1.5713430566992406,1.9739366259010356,1.1371312337815136,0.14913085114269792,0.023269643344371857,0,1,0.0,0.0,-1.5676419944502413,2.4318923577666283,0.1296992993589182,0.35,0,0
1789003946.0773928,14.54757833480835,-1.567682979860568,1.975807496993702,1.1382428683694867,0.1413242004050294,0.023271083968950466,0,1,0.0,0.0,-1.5676419944502413,2.4318923577666283,0.13209254703888745,0.35,0,0
1789003946.080891,14.551076412200928,-1.5674041986600755,1.9764075196513742,1.1383503881971597,0.14637295840775677,0.023770629986757233,0,1,0.0,0.0,-1.5676419944502413,2.4318923577666283,0.13209254703888745,0.35,0,0
1789003946.1308355,14.60102105140686,-1.5643968835746025,1.9829489592076324,1.1399923134192242,0.14234850218300116,0.02463619525183516,0,1,0.0,0.0,-1.5676419944502413,2.4318923577666283,0.12776572480229004,0.35,0,0
1789003946.1788478,14.649033308029175,-1.5608240958739406,1.9847553918741618,1.141310083975598,0.13473986883743652,0.024640765509490997,0,1,0.0,0.0,-1.5676419944502413,2.4318923577666283,0.12749577115160265,0.35,0,0
1789003946.1808338,14.65101933479309,-1.5606252279120676,1.9851844644237349,1.141381022413495,0.14149005163035835,0.025142968721977316,0,1,0.0,0.0,-1.5676419944502413,2.4318923577666283,0.12749577115160265,0.35,0,0
1789003946.2308595,14.701045036315918,-1.557707249841156,1.9915787204645927,1.1430785881108392,0.14032290824184795,0.025962464104285245,0,1,0.0,0.0,-1.5676419944502413,2.4318923577666283,0.12337745537289897,0.35,0,0
1789003946.2798514,14.75003695487976,-1.5541535120475642,1.9934667216142852,1.1444356525876662,0.13319654161943867,0.02596555565008076,0,1,0.0,0.0,-1.5676419944502413,2.4318923577666283,0.12311354753182188,0.35,0,0
1789003946.2808332,14.751018762588501,-1.5539968044573855,1.993805886253365,1.1444786314957585,0.14126307862889184,0.026313642925023,0,1,0.0,0.0,-1.5676419944502413,2.4318923577666283,0.12311354753182188,0.35,0,0
1789003946.3308334,14.801018953323364,-1.551094580555219,2.000181676094582,1.1456356671323178,0.13969339155295418,0.026624389678020048,0,1,0.0,0.0,-1.5676419944502413,2.4318923577666283,0.12015515146456314,0.35,0,0
1789003946.3813474,14.851532936096191,-1.5475068217859833,2.002256814363004,1.1470994458433301,0.1330038976277478,0.026629566542267214,0,1,0.0,0.0,-1.5676419944502413,2.4318923577666283,0.11885858516939483,0.35,0,0
1789003946.431791,14.901976585388184,-1.54466438903548,2.0085584223959057,1.1485596386601655,0.13234272811911127,0.027363678622118845,0,1,0.0,0.0,-1.5676419944502413,2.4318923577666283,0.11596473197795795,0.35,0,0
1789003946.4824817,14.952667236328125,-1.5412456670681383,2.0103689448048065,1.149729612400205,0.1259123568797473,0.027354756451245056,0,1,0.0,0.0,-1.5676419944502413,2.4318923577666283,0.11482764700816868,0.35,0,0
1789003946.5333729,15.00355839729309,-1.5386255543848357,2.01619343248768,1.150770112123837,0.12422296927062865,0.027750817763596898,0,1,0.0,0.0,-1.5676419944502413,2.4318923577666283,0.11204660912223732,0.35,0,0
1789003946.5838048,15.053990364074707,-1.535421728786565,2.0176330344231723,1.1519665573164561,0.11805262561525967,0.02774212423505652,0,1,0.0,0.0,-1.5676419944502413,2.4318923577666283,0.10838073513930571,0.35,0,0
1789003946.6343923,15.104577779769897,-1.532883778151661,2.023340233058121,1.153599922143,0.1199620125161021,0.027990339910850533,0,1,0.0,0.0,-1.5676419944502413,2.4318923577666283,0.10845979855733447,0.35,0,0
1789003946.6849315,15.15511703491211,-1.5297973943843315,2.0246409279165567,1.154912652330692,0.11416177739461413,0.02798630657386777,0,1,0.0,0.0,-1.5676419944502413,2.4318923577666283,0.10762521683782135,0.35,0,0
1789003946.7356281,15.205813646316528,-1.5272419218427231,2.030415358604237,1.1563012868971239,0.12150482320152739,0.028182273540523287,0,1,0.0,0.0,-1.5676419944502413,2.4318923577666283,0.10509824641191112,0.35,0,0
1789003946.7860339,15.256219387054443,-1.524164602400802,2.0318174649485945,1.1577400022730835,0.11634388393659859,0.028183599315864793,0,1,0.0,0.0,-1.5676419944502413,2.4318923577666283,0.10427602858188423,0.35,0,0
1789003946.8366156,15.306801080703735,-1.521631018935859,2.03760305230596,1.1593934170249656,0.12003038740210599,0.028390356355800513,0,1,0.0,0.0,-1.5676419944502413,2.4318923577666283,0.10174306118666845,0.35,0,0
1789003946.8873951,15.357580661773682,-1.5185962619354099,2.0390222529050632,1.1606639257853217,0.1152503807924993,0.028383201351044697,0,1,0.0,0.0,-1.5676419944502413,2.4318923577666283,0.10099914149761355,0.35,0,0
1789003946.937897,15.408082485198975,-1.516274508026115,2.044367610679179,1.1622410964886403,0.11226473903263677,0.028550922208581547,0,1,0.0,0.0,-1.5676419944502413,2.4318923577666283,0.09856883107107953,0.35,0,0
1789003946.9884677,15.458653211593628,-1.5140356507751274,2.04925977273458,1.1635320260636786,0.10758880408236486,0.028544032269678058,0,1,0.0,0.0,-1.5676419944502413,2.4318923577666283,0.09788585329895977,0.35,0,0
1789003947.0390759,15.5092613697052,-1.5119053306584953,2.0542057988734923,1.1651760331168814,0.10554753152131859,0.028663036848985888,0,1,0.0,0.0,-1.5676419944502413,2.4318923577666283,0.09568149614942789,0.35,0,0
1789003947.0587897,15.528975248336792,-1.5110641319841085,2.0558852866736737,1.1657406132957286,0.1037747598676726,0.028663038056431996,0,1,0.0,0.0,-1.5676419944502413,2.4318923577666283,0.09360349459713464,0.35,0,0
1789003947.0898602,15.560045719146729,-1.5097814513080698,2.0588659628685555,1.1664238165192995,0.10261846902718855,0.028707999882406583,0,1,0.0,0.0,-1.5676419944502413,2.4318923577666283,0.09360349459713464,0.35,0,0
1789003947.140339,15.610524415969849,-1.507787685391528,2.063542946056232,1.168257350183999,0.09890723061935941,0.028800719586537588,0,1,0.0,0.0,-1.5676419944502413,2.4318923577666283,0.09156948221499026,0.35,0,0
1789003947.1566951,15.626880645751953,-1.5071336341842312,2.0647967708451915,1.1687280058946108,0.09747416722334959,0.02880072154517885,0,1,0.0,0.0,-1.5676419944502413,2.4318923577666283,0.08968391290215429,0.35,0,0
1789003947.1911247,15.661310195922852,-1.5058161848369984,2.067898037692895,1.1697832314869923,0.09612473810372094,0.028904526871570663,0,1,0.0,0.0,-1.5676419944502413,2.4318923577666283,0.08968391290215429,0.35,0,0
1789003947.2416732,15.711858749389648,-1.5039510535895195,2.072309247737794,1.1715346409555958,0.09355107427786016,0.02901481851772861,0,1,0.0,0.0,-1.5676419944502413,2.4318923577666283,0.08782307471394377,0.35,0,0
1789003947.2678626,15.738048076629639,-1.5029873113572796,2.074307875798313,1.1722940684956928,0.09134363204442583,0.029014819258596437,0,1,0.0,0.0,-1.5676419944502413,2.4318923577666283,0.08602082762804994,0.35,0,0
1789003947.2924726,15.76265811920166,-1.5020652708994673,2.0764911488247533,1.172926706133234,0.09292260382739652,0.02913382207557433,0,1,0.0,0.0,-1.5676419944502413,2.4318923577666283,0.08602082762804994,0.35,0,0
1789003947.3428857,15.813071250915527,-1.5002741948736766,2.0807526368377447,1.1744313221858962,0.09061522495924833,0.02919606228062367,0,1,0.0,0.0,-1.5676419944502413,2.4318923577666283,0.08417629605492753,0.35,0,0
1789003947.3698866,15.84007215499878,-1.499320272548705,2.082743495389825,1.1752192475706063,0.08848081003471434,0.029196063604448038,0,1,0.0,0.0,-1.5676419944502413,2.4318923577666283,0.08253958147042863,0.35,0,0
1789003947.3934197,15.863605260848999,-1.4985005537751626,2.084694796271837,1.1756636000846064,0.08803640489577753,0.0292275310617858,0,1,0.0,0.0,-1.5676419944502413,2.4318923577666283,0.08253958147042863,0.35,0,0
1789003947.4441109,15.914296388626099,-1.4968116015951571,2.0887632006600296,1.1776061586129771,0.08588934887516428,0.02933606157478245,0,1,0.0,0.0,-1.5676419944502413,2.4318923577666283,0.08082897335851444,0.35,0,0
1789003947.4597423,15.929927825927734,-1.4962820751152772,2.0897488021590314,1.1780643961170343,0.08470207137497511,0.029336063894450325,0,1,0.0,0.0,-1.5676419944502413,2.4318923577666283,0.07927621957137963,0.35,0,0
1789003947.494532,15.964717626571655,-1.4951338445497742,2.092516272481748,1.1789998392487144,0.08432162492424564,0.029428093307406866,0,1,0.0,0.0,-1.5676419944502413,2.4318923577666283,0.07927621957137963,0.35,0,0
1789003947.5452304,16.015415906906128,-1.4935163436084014,2.096445840113633,1.1809106711504995,0.08350078077694452,0.029548447266681925,0,1,0.0,0.0,-1.5676419944502413,2.4318923577666283,0.06,0.15,0,0
1789003947.5629003,16.033085823059082,-1.492943038558016,2.097547071767097,1.1814324369006555,0.08224707842824121,0.0295484482543113,0,1,0.0,0.0,-1.5676419944502413,2.4318923577666283,0.06,0.15,0,0
1789003947.5957904,16.06597590446472,-1.4919262899418024,2.100028980644706,1.1824758823810022,0.08033172639578527,0.029686663954211337,0,1,0.0,0.0,-1.5676419944502413,2.4318923577666283,0.06,0.15,0,0
1789003947.6466074,16.116792917251587,-1.4904400968528393,2.1037127060797363,1.1851941974787048,0.0759609268194738,0.03003604305623242,0,1,0.0,0.0,-1.5676419944502413,2.4318923577666283,0.06,0.15,0,0
1789003947.658714,16.128899574279785,-1.4900811669595828,2.1043001889744786,1.185557537391919,0.07509763711212114,0.03003604517553582,0,1,0.0,0.0,-1.5676419944502413,2.4318923577666283,0.06,0.15,0,0
1789003947.6970503,16.167235851287842,-1.489009534442841,2.106950715096151,1.1868961611257793,0.07315275106218835,0.030415883032768317,0,1,0.0,0.0,-1.5676419944502413,2.4318923577666283,0.06,0.15,0,0
1789003947.7476552,16.217840671539307,-1.4876545729536435,2.1103375315182835,1.1893294250414934,0.07106789157845071,0.03077195549481369,0,1,0.0,0.0,-1.5676419944502413,2.4318923577666283,0.06,0.15,0,0
1789003947.7609026,16.231088161468506,-1.4872930255894048,2.110939216482812,1.1897367670201522,0.07015229519141346,0.03077195661731967,0,1,0.0,0.0,-1.5676419944502413,2.4318923577666283,0.06,0.15,0,0
1789003947.798226,16.26841163635254,-1.486291007607719,2.113455540287908,1.1913491235865081,0.0706359242957545,0.031232055067371964,0,1,0.0,0.0,-1.5676419944502413,2.4318923577666283,0.06,0.15,0,0
1789003947.8490357,16.319221258163452,-1.48484882903001,2.1169776027078644,1.1908387498036808,0.07946274842700037,0.031063419890813754,0,1,0.0,0.0,-1.5676419944502413,2.4318923577666283,0.06,0.15,0,0
1789003947.8606136,16.330799102783203,-1.4844973915819182,2.117555425692678,1.1911981346935478,0.0788327427512493,0.03106342182255241,0,1,0.0,0.0,-1.5676419944502413,2.4318923577666283,0.06,0.15,0,0
1789003947.899451,16.36963653564453,-1.4830293200694589,2.12117684739015,1.1913534965240355,0.09569095130905876,0.030770265268149476,0,1,0.0,0.0,-1.5676419944502413,2.4318923577666283,0.06,0.15,0,0
1789003947.9500017,16.42018723487854,-1.4812993812265542,2.125444564176865,1.1909416256511944,0.08953755037944826,0.030578368768548865,0,1,0.0,0.0,-1.5676419944502413,2.4318923577666283,0.06,0.15,0,0
1789003947.9628515,16.433037042617798,-1.4808672448498685,2.126222614905085,1.1913102009321508,0.0888324778743701,0.03018516463406824,0,1,0.0,0.0,-1.5676419944502413,2.4318923577666283,0.06,0.15,0,0
1789003948.0007563,16.47094178199768,-1.4797994342914313,2.1287860310137345,1.1893093484774442,0.0752477180391746,0.02903659118567726,0,1,0.0,0.0,-1.5676419944502413,2.4318923577666283,0.06,0.15,0,0
1789003948.0511627,16.521348237991333,-1.4784330438072053,2.1321461317864436,1.1894298952490905,0.07034698861201774,0.02842790802526371,0,1,0.0,0.0,-1.5676419944502413,2.4318923577666283,0.06,0.15,0,0
1789003948.0535233,16.523708820343018,-1.4783644784493528,2.132010929124436,1.1894653845187406,0.07013753392624539,0.0277604419013063,0,1,0.0,0.0,-1.5676419944502413,2.4318923577666283,0.06,0.15,0,0
1789003948.101811,16.571996450424194,-1.477261562285232,2.134719587078034,1.189359127969074,0.05830475591042748,0.02659200438840919,0,1,0.0,0.0,-1.5676419944502413,2.4318923577666283,0.06,0.15,0,0
1789003948.1526039,16.62278938293457,-1.4763486551535678,2.1369625167401534,1.1894592232210996,0.04485236044898227,0.026089034292817156,0,1,0.0,0.0,-1.5676419944502413,2.4318923577666283,0.06,0.15,0,0
1789003948.1637206,16.63390612602234,-1.4761735670737461,2.1370911740278093,1.1897140435420175,0.0428232294487,0.025477994243523663,0,1,0.0,0.0,-1.5676419944502413,2.4318923577666283,0.06,0.15,0,0
1789003948.2033653,16.673550844192505,-1.4755915574351544,2.1384785249185887,1.188554246350041,0.03701026616341785,0.024100406243700027,0,1,0.0,0.0,-1.5676419944502413,2.4318923577666283,0.06,0.15,0,0
1789003948.2539039,16.72408938407898,-1.4749172561142208,2.1401290601301364,1.188750789690044,0.03335268289169997,0.02344346667183518,0,1,0.0,0.0,-1.5676419944502413,2.4318923577666283,0.06,0.15,0,0
1789003948.2669866,16.73717212677002,-1.4747514728483828,2.1402304394324054,1.1890165384979081,0.032376599860357354,0.02272818623472489,0,1,0.0,0.0,-1.5676419944502413,2.4318923577666283,0.06,0.15,0,0
1789003948.3044772,16.774662733078003,-1.47426001931308,2.1414263419103925,1.1887539341019873,0.032303450738092765,0.021532776957765617,0,1,0.0,0.0,-1.5676419944502413,2.4318923577666283,0.06,0.15,0,0
1789003948.3550823,16.825267791748047,-1.4736545016710603,2.142908405596629,1.1887502677065598,0.029856858683829764,0.021036588971818357,0,1,0.0,0.0,-1.5676419944502413,2.4318923577666283,0.06,0.15,0,0
1789003948.3660672,16.836252689361572,-1.4735270568194214,2.1429118265101454,1.188945465174936,0.029258451029303457,0.020411994161133092,0,1,0.0,0.0,-1.5676419944502413,2.4318923577666283,0.06,0.15,0,0
1789003948.4060385,16.876224040985107,-1.473083151799224,2.1439801688153404,1.1880057689375134,0.027316076868535814,0.01905618831404466,0,1,0.0,0.0,-1.5676419944502413,2.4318923577666283,0.06,0.15,0,0
1789003948.4308333,16.901018857955933,-1.4728139809983696,2.1446473547832,1.1884495499405914,0.028283433433251775,0.018448336487123605,0,1,0.0,0.0,-1.5676419944502413,2.4318923577666283,0.06,0.15,0,0
1789003948.463722,16.933907508850098,-1.4724675735319197,2.1451781572316686,1.1883006046647457,0.026456667116057105,0.017745163501582995,0,1,0.0,0.0,-1.5676419944502413,2.4318923577666283,0.06,0.15,0,0
1789003948.50729,16.97747540473938,-1.4719858642692047,2.146359849047542,1.1882312458470334,0.027439270933656324,0.016637050065218456,0,1,0.0,0.0,-1.5676419944502413,2.4318923577666283,0.06,0.15,0,0
1789003948.5309143,17.001099824905396,-1.4717244715769153,2.1470080172557595,1.1886021535615792,0.028877970848396658,0.016210621943507884,0,1,0.0,0.0,-1.5676419944502413,2.4318923577666283,0.06,0.15,0,0
1789003948.5636094,17.03379487991333,-1.4713703215169358,2.147552947465239,1.188112747827784,0.027403200503909507,0.015450920927873328,0,1,0.0,0.0,-1.5676419944502413,2.4318923577666283,0.0,0.0,0,0
1789003948.6085374,17.078722953796387,-1.4708688375944767,2.1487922183931434,1.188401094467622,0.028194335284342283,0.014386777379848356,0,1,0.0,0.0,-1.5676419944502413,2.4318923577666283,0.0,0.0,0,0
1789003948.6308339,17.101019382476807,-1.470615433812282,2.1494210426292493,1.1887028288761812,0.02966952786541942,0.01400650811690882,0,1,0.0,0.0,-1.5676419944502413,2.4318923577666283,0.0,0.0,0,0
1789003948.660375,17.130560636520386,-1.4702884039654631,2.1499072257474556,1.1886718295333811,0.02862114829577678,0.01353083765001716,0,1,0.0,0.0,-1.5676419944502413,2.4318923577666283,0.0,0.0,0,0
1789003948.709738,17.17992353439331,-1.469682417436534,2.151405852732971,1.18883554667314,0.03117445522138543,0.013198440798586236,0,1,0.0,0.0,-1.5676419944502413,2.4318923577666283,0.0,0.0,0,0
1789003948.730884,17.201069593429565,-1.4693759473478283,2.1521659464507708,1.1890710014559256,0.03683897385712652,0.012475993597633813,0,1,0.0,0.0,-1.5676419944502413,2.4318923577666283,0.0,0.0,0,0
1789003948.7634761,17.233661651611328,-1.4689237577752512,2.15296232061299,1.1890561147207077,0.036586914693567334,0.011960553602428701,0,1,0.0,0.0,-1.5676419944502413,2.4318923577666283,0.0,0.0,0,0
1789003948.8109796,17.28116512298584,-1.4682323881936727,2.1546820109437443,1.189481397194438,0.03763937810129201,0.011619187828709684,0,1,0.0,0.0,-1.5676419944502413,2.4318923577666283,0.0,0.0,0,0
1789003948.8309186,17.301104068756104,-1.4679282182751252,2.1554395824055743,1.1896772677569718,0.03951292748606981,0.010996571529144343,1,2,-4.461359619130786,8.530782330998656,-9.956320829689503,-2.2853697516256943,0.0,0.0,0,0
1789003948.8615704,17.331755876541138,-1.4674778818617276,2.1562344355213776,1.1898001185839793,0.03900961272065511,0.010678617481803564,1,2,-4.461359619130786,8.530782330998656,-9.956320829689503,-2.2853697516256943,0.0,0.0,0,0
1789003948.9123,17.38248562812805,-1.466722981766517,2.15810045364522,1.1892950276920473,0.038685266429241826,0.010444361061744702,1,2,-4.461359619130786,8.530782330998656,-9.956320829689503,-2.2853697516256943,0.0,0.0,0,0
1789003948.9308376,17.401023149490356,-1.4665525275199547,2.1585295227549053,1.1894457345010603,0.026801334825436545,0.009616747452047159,1,2,-4.461359619130786,8.530782330998656,-9.956320829689503,-2.2853697516256943,0.0,0.35,0,0
1789003948.962709,17.432894468307495,-1.466254517277879,2.1589326152844515,1.1889546372762076,0.02361197828472814,0.009137337434390245,1,2,-4.461359619130786,8.530782330998656,-9.956320829689503,-2.2853697516256943,0.0,0.35,0,0
1789003949.0132606,17.48344612121582,-1.4661702266109216,2.1591369098077426,1.1886383587087224,0.004741754979927313,0.00881549189582572,1,2,-4.461359619130786,8.530782330998656,-9.956320829689503,-2.2853697516256943,0.0,0.35,0,0
1789003949.030931,17.501116514205933,-1.4662100895542813,2.159039717057481,1.1887519182960269,-0.0025566879031223818,0.008080355133169962,1,2,-4.461359619130786,8.530782330998656,-9.956320829689503,-2.2853697516256943,0.0,0.35,0,0
1789003949.0638437,17.534029245376587,-1.4662584707453419,2.1585805164670147,1.188183898131076,-0.005506388699596508,0.007612542772987898,1,2,-4.461359619130786,8.530782330998656,-9.956320829689503,-2.2853697516256943,0.0,0.35,0,0
1789003949.1146042,17.584789752960205,-1.4664540695712638,2.1580850338332844,1.1872292951143184,-0.011963275385811125,0.00728779601528048,1,2,-4.461359619130786,8.530782330998656,-9.956320829689503,-2.2853697516256943,0.0,0.35,0,0
1789003949.1308331,17.60101866722107,-1.4665621287948163,2.1578183135700932,1.1872941600191569,-0.01646778025058508,0.00622064972999432,1,2,-4.461359619130786,8.530782330998656,-9.956320829689503,-2.2853697516256943,0.0,0.35,0,0
1789003949.1649938,17.63517928123474,-1.4667937038239087,2.1569099192389625,1.1869131908064334,-0.01968974305568761,0.005683861633864356,1,2,-4.461359619130786,8.530782330998656,-9.956320829689503,-2.2853697516256943,0.0,0.35,0,0
1789003949.2155638,17.685749292373657,-1.4670779518625596,2.1562043767398893,1.1866342746588068,-0.017667893308659123,0.005334300712441466,1,2,-4.461359619130786,8.530782330998656,-9.956320829689503,-2.2853697516256943,0.0,0.35,0,0
1789003949.2308905,17.7010760307312,-1.467098438396427,2.156152160374772,1.186674743354024,-0.009446173640307766,0.004585398697387801,1,2,-4.461359619130786,8.530782330998656,-9.956320829689503,-2.2853697516256943,0.0,0.35,0,0
1789003949.2679617,17.738147258758545,-1.4672335969899586,2.15548305603081,1.1862041405061188,-0.010200682890961757,0.004136285768816437,1,2,-4.461359619130786,8.530782330998656,-9.956320829689503,-2.2853697516256943,0.0,0.35,0,0
1789003949.316958,17.78714346885681,-1.4673449041631696,2.155207264912005,1.1864440477244678,-0.008440076379605822,0.0038598069438073967,1,2,-4.461359619130786,8.530782330998656,-9.956320829689503,-2.2853697516256943,0.0,0.35,0,0
1789003949.3309402,17.8011257648468,-1.4673908438092391,2.155093811542656,1.186465591060377,-0.009592475943150186,0.003183228631582807,1,2,-4.461359619130786,8.530782330998656,-9.956320829689503,-2.2853697516256943,0.0,0.35,0,0
1789003949.3673606,17.8375461101532,-1.4675365055849832,2.1543955141446602,1.1870960066409104,-0.011787779748297538,0.0029852173170382273,1,2,-4.461359619130786,8.530782330998656,-9.956320829689503,-2.2853697516256943,0.0,0.35,0,0
1789003949.4179385,17.888123989105225,-1.4678607522993985,2.153591459252749,1.187664548801962,-0.01801455773518793,0.002863283583685589,1,2,-4.461359619130786,8.530782330998656,-9.956320829689503,-2.2853697516256943,0.0,0.35,0,0
1789003949.4308403,17.901025772094727,-1.4679328673973484,2.1534121352957576,1.1876921238824352,-0.016629088094393566,0.0026861374229212496,1,2,-4.461359619130786,8.530782330998656,-9.956320829689503,-2.2853697516256943,0.0,0.35,0,0
1789003949.4687223,17.938907861709595,-1.468175574362179,2.1524647659436753,1.1890295569713534,-0.018203146455982346,0.002770856676849038,1,2,-4.461359619130786,8.530782330998656,-9.956320829689503,-2.2853697516256943,0.0,0.35,0,0
1789003949.5191088,17.989294290542603,-1.4684268944127927,2.15183419077919,1.1897951325486051,-0.016090701812716438,0.0028194316326868862,1,2,-4.461359619130786,8.530782330998656,-9.956320829689503,-2.2853697516256943,0.0,0.35,0,0
1789003949.5308867,18.00107216835022,-1.4684600089697852,2.1517504768573796,1.1898369145635714,-0.01261619672273886,0.002988108963705731,1,2,-4.461359619130786,8.530782330998656,-9.956320829689503,-2.2853697516256943,0.0,0.35,0,0
1789003949.569643,18.039828538894653,-1.468653396957834,2.150923148260604,1.1904663548613375,-0.014475864499262027,0.003000911169804986,1,2,-4.461359619130786,8.530782330998656,-9.956320829689503,-2.2853697516256943,0.0,0.35,0,0
1789003949.6203172,18.090502738952637,-1.4687966264228787,2.1505610041280074,1.1910329102247668,-0.011013156471554012,0.0031432829492320804,1,2,-4.461359619130786,8.530782330998656,-9.956320829689503,-2.2853697516256943,0.0,0.35,0,0
1789003949.6308842,18.101069688796997,-1.4687906919246139,2.1505744152847246,1.191079944205235,-0.006112520007896371,0.0033871374991213247,1,2,-4.461359619130786,8.530782330998656,-9.956320829689503,-2.2853697516256943,0.0,0.35,0,0
1789003949.6715364,18.141721963882446,-1.4688922372262454,2.149973230891772,1.1917605948279224,-0.007626762253743418,0.0034019678578808294,1,2,-4.461359619130786,8.530782330998656,-9.956320829689503,-2.2853697516256943,0.0,0.35,0,0
1789003949.7221816,18.19236707687378,-1.4689850154074984,2.1497375273376207,1.1923697528260238,-0.00696787373008937,0.003601450837942116,1,2,-4.461359619130786,8.530782330998656,-9.956320829689503,-2.2853697516256943,0.0,0.35,0,0
1789003949.7308905,18.2010760307312,-1.4690033754274205,2.1496912563134822,1.1924191692483417,-0.0069005637815187405,0.003932080203635235,1,2,-4.461359619130786,8.530782330998656,-9.956320829689503,-2.2853697516256943,0.0,0.35,0,0
1789003949.7729635,18.243149042129517,-1.4691202956302885,2.1490495296586265,1.1929087547572288,-0.00835284246085748,0.003941448126544775,1,2,-4.461359619130786,8.530782330998656,-9.956320829689503,-2.2853697516256943,0.0,0.35,0,0
1789003949.780869,18.251054525375366,-1.4691330919273038,2.1490169895246476,1.192949104638987,-0.007596188788773817,0.004114207184294221,1,2,-4.461359619130786,8.530782330998656,-9.956320829689503,-2.2853697516256943,0.0,0.35,0,0
1789003949.8308904,18.30107593536377,-1.4692771178938888,2.148652691541035,1.1934020140164208,-0.008078901347184513,0.004404630287507181,1,2,-4.461359619130786,8.530782330998656,-9.956320829689503,-2.2853697516256943,0.0,0.35,0,0
1789003949.8747568,18.344942331314087,-1.469417226161404,2.147949106856333,1.1940206318971482,-0.009498515329928174,0.004416917206015285,1,2,-4.461359619130786,8.530782330998656,-9.956320829689503,-2.2853697516256943,0.0,0.35,0,0
1789003949.8808334,18.35101890563965,-1.469422069580811,2.1479364376741708,1.1940572562244685,-0.008326226848507881,0.0046288073490855595,1,2,-4.461359619130786,8.530782330998656,-9.956320829689503,-2.2853697516256943,0.0,0.35,0,0
1789003949.930905,18.401090621948242,-1.469563050868942,2.147577378822961,1.194712066032051,-0.006959032836578328,0.005020521611340438,1,2,-4.461359619130786,8.530782330998656,-9.956320829689503,-2.2853697516256943,0.0,0.35,0,0
1789003949.9761646,18.44635009765625,-1.4696873997664146,2.146910483620261,1.1952372953775223,-0.00823520640089807,0.0050293037751497046,1,2,-4.461359619130786,8.530782330998656,-9.956320829689503,-2.2853697516256943,0.0,0.35,0,0
1789003949.9808352,18.45102071762085,-1.4696514053292764,2.147000309602038,1.1952708231826978,-0.003943355037305369,0.005223502011264209,1,2,-4.461359619130786,8.530782330998656,-9.956320829689503,-2.2853697516256943,0.0,0.35,0,0
1789003950.030832,18.501017570495605,-1.4697146699388637,2.146836314455856,1.1962782557945921,-0.0029984849111713277,0.005774004350251874,1,2,-4.461359619130786,8.530782330998656,-9.956320829689503,-2.2853697516256943,0.0,0.35,0,0
1789003950.0780785,18.548264026641846,-1.4697733752534685,2.146332712259159,1.196974334946024,-0.004029925605122432,0.005786847425117482,1,2,-4.461359619130786,8.530782330998656,-9.956320829689503,-2.2853697516256943,0.0,0.35,0,0
1789003950.080893,18.55107855796814,-1.4697705130009113,2.1463397975874297,1.1970036844008531,-0.0034845090857274093,0.006053197532108605,1,2,-4.461359619130786,8.530782330998656,-9.956320829689503,-2.2853697516256943,0.0,0.35,0,0
1789003950.1308346,18.601020097732544,-1.469845332509319,2.146147258348331,1.1979273100981231,-0.004805482169194005,0.006419955261061241,1,2,-4.461359619130786,8.530782330998656,-9.956320829689503,-2.2853697516256943,0.0,0.35,0,0
1789003950.1796932,18.64987874031067,-1.4699381067313424,2.145553558279557,1.1986847198047421,-0.005855718192157462,0.006436966468558555,1,2,-4.461359619130786,8.530782330998656,-9.956320829689503,-2.2853697516256943,0.0,0.35,0,0
1789003950.1808002,18.650985717773438,-1.469917590719929,2.1456053174441196,1.198712077627481,-0.003883943032854927,0.006804541886794068,1,2,-4.461359619130786,8.530782330998656,-9.956320829689503,-2.2853697516256943,0.0,0.35,0,0
1789003950.2309039,18.70108938217163,-1.4699724524518762,2.145461081050855,1.1999869281428401,-0.001980747180367952,0.007380907975683524,1,2,-4.461359619130786,8.530782330998656,-9.956320829689503,-2.2853697516256943,0.0,0.35,0,0
1789003950.2815406,18.751726150512695,-1.4700145023518782,2.144994142050788,1.2008451598601912,-0.0028309076565881273,0.007401304970624874,1,2,-4.461359619130786,8.530782330998656,-9.956320829689503,-2.2853697516256943,0.0,0.35,0,0
1789003950.3321712,18.802356719970703,-1.4699933341219866,2.1450451971820406,1.2018688323516005,0.0019666366767916517,0.008412581302127466,1,2,-4.461359619130786,8.530782330998656,-9.956320829689503,-2.2853697516256943,0.0,0.35,0,0
1789003950.3836327,18.85381817817688,-1.4699603504411327,2.1447697933129053,1.2029608429110177,0.0013784310147690198,0.008440579244440635,1,2,-4.461359619130786,8.530782330998656,-9.956320829689503,-2.2853697516256943,0.0,0.35,0,0
1789003950.4345095,18.9046950340271,-1.469739133267565,2.145338187991592,1.2039801478905927,0.012429266031850633,0.009588848645503594,1,2,-4.461359619130786,8.530782330998656,-9.956320829689503,-2.2853697516256943,0.0,0.35,0,0
1789003950.485293,18.95547842979431,-1.4695118282195385,2.1455686660006963,1.2048090993686973,0.012406833364883752,0.009603940964334715,1,2,-4.461359619130786,8.530782330998656,-9.956320829689503,-2.2853697516256943,0.0,0.35,0,0
1789003950.536057,19.006242513656616,-1.4690454532230728,2.1467828227556467,1.2060980879104095,0.022356613348992804,0.010614791380026375,1,2,-4.461359619130786,8.530782330998656,-9.956320829689503,-2.2853697516256943,0.0,0.35,0,0
1789003950.5870173,19.05720281600952,-1.468635861599399,2.1474962677516802,1.2074510978228192,0.022809001370287785,0.010649867833260392,1,2,-4.461359619130786,8.530782330998656,-9.956320829689503,-2.2853697516256943,0.0,0.35,0,0
1789003950.6374176,19.107603073120117,-1.4684527830970877,2.1479912918574553,1.2090577116034,0.010100405020952764,0.012014991882502801,1,2,-4.461359619130786,8.530782330998656,-9.956320829689503,-2.2853697516256943,0.0,0.35,0,0
1789003950.6880436,19.158229112625122,-1.4682746165418012,2.148100383464902,1.2103850295008254,0.009918406950197816,0.01204670960328058,1,2,-4.461359619130786,8.530782330998656,-9.956320829689503,-2.2853697516256943,0.0,0.35,0,0
1789003950.7389894,19.209174871444702,-1.4682144131538555,2.1482753622963773,1.2134391814916397,0.005181252632334375,0.01388210290423305,1,2,-4.461359619130786,8.530782330998656,-9.956320829689503,-2.2853697516256943,0.0,0.35,0,0
1789003950.7894108,19.259596347808838,-1.4681275624307046,2.1481431909569397,1.2148624867578273,0.004785235620104516,0.013914399480679412,1,2,-4.461359619130786,8.530782330998656,-9.956320829689503,-2.2853697516256943,0.0,0.35,0,0
1789003950.8400674,19.310252904891968,-1.4680353400007402,2.148394011689141,1.216785557661396,0.006319531415211615,0.01586292564059987,1,2,-4.461359619130786,8.530782330998656,-9.956320829689503,-2.2853697516256943,0.0,0.35,0,0
1789003950.8625333,19.33271884918213,-1.4679867578049537,2.1481549617947646,1.2171419052493884,0.006184913255934815,0.01586292575860432,1,2,-4.461359619130786,8.530782330998656,-9.956320829689503,-2.2853697516256943,0.0,0.35,0,0
1789003950.8907185,19.36090397834778,-1.4678818206667488,2.148439481102951,1.2183761452726198,0.009247286236365882,0.016876072840949267,1,2,-4.461359619130786,8.530782330998656,-9.956320829689503,-2.2853697516256943,0.0,0.35,0,0
1789003950.941518,19.41170358657837,-1.4677318991256756,2.148855942677299,1.221154345292403,0.00810434961967929,0.017952646037043853,1,2,-4.461359619130786,8.530782330998656,-9.956320829689503,-2.2853697516256943,0.0,0.35,0,0
1789003950.9635735,19.433758974075317,-1.4676713915730994,2.1486492235141426,1.221550271904826,0.008019962906504495,0.01795264617268467,1,2,-4.461359619130786,8.530782330998656,-9.956320829689503,-2.2853697516256943,0.0,0.35,0,0
1789003950.9919124,19.462097883224487,-1.4676347515232764,2.148754633997734,1.2226430897728984,0.00520647277332211,0.019214851951764575,1,2,-4.461359619130786,8.530782330998656,-9.956320829689503,-2.2853697516256943,0.0,0.35,0,0
1789003951.0424955,19.512681007385254,-1.4675537498650246,2.1489822363039255,1.2246676877861982,0.00430707254083959,0.020035065650752755,1,2,-4.461359619130786,8.530782330998656,-9.956320829689503,-2.2853697516256943,0.0,0.35,0,0
1789003951.0609808,19.531166315078735,-1.4675277029266849,2.1486797455123936,1.2250380175630233,0.004177566678402228,0.02003506575468005,1,2,-4.461359619130786,8.530782330998656,-9.956320829689503,-2.2853697516256943,0.0,0.35,0,0
1789003951.0930865,19.56327199935913,-1.467511745824303,2.1487282267138874,1.226392625780526,0.0021146946759754166,0.021098653193421312,1,2,-4.461359619130786,8.530782330998656,-9.956320829689503,-2.2853697516256943,0.0,0.35,0,0
1789003951.1438875,19.614073038101196,-1.467496745853082,2.14877742594391,1.229348774759628,-0.00018765132436592927,0.022209447739725757,1,2,-4.461359619130786,8.530782330998656,-9.956320829689503,-2.2853697516256943,0.0,0.35,0,0
1789003951.1666868,19.63687229156494,-1.467499717863414,2.148392089664397,1.229855118009578,-0.00042888535341239256,0.02220944795094989,1,2,-4.461359619130786,8.530782330998656,-9.956320829689503,-2.2853697516256943,0.0,0.35,0,0
1789003951.1943142,19.664499759674072,-1.4674466556514203,2.1485380120734643,1.2310019032321124,0.0032115591039679147,0.023500349246679708,1,2,-4.461359619130786,8.530782330998656,-9.956320829689503,-2.2853697516256943,0.0,0.35,0,0
1789003951.244882,19.715067625045776,-1.4673499422215286,2.148807695478344,1.233399117152324,0.008363360201206873,0.024369484820418275,1,2,-4.461359619130786,8.530782330998656,-9.956320829689503,-2.2853697516256943,0.0,0.35,0,0
1789003951.269735,19.739920616149902,-1.4672821254771686,2.1486218808247197,1.2340047553939268,0.008326555128898603,0.024369484878713234,1,2,-4.461359619130786,8.530782330998656,-9.956320829689503,-2.2853697516256943,0.0,0.35,0,0
1789003951.2956953,19.765880823135376,-1.4671711533115808,2.1489423311380604,1.237109977790521,0.01111295275691783,0.025944276599945568,1,2,-4.461359619130786,8.530782330998656,-9.956320829689503,-2.2853697516256943,0.0,0.35,0,0
1789003951.3461258,19.816311359405518,-1.4670289236588903,2.1493637172862337,1.2397479794751958,0.006382279482711068,0.0271582477568972,1,2,-4.461359619130786,8.530782330998656,-9.956320829689503,-2.2853697516256943,0.0,0.35,0,0
1789003951.3687878,19.8389732837677,-1.4669833224533837,2.149115246297303,1.2403634167616666,0.0063056629923048555,0.02715824774445987,1,2,-4.461359619130786,8.530782330998656,-9.956320829689503,-2.2853697516256943,0.0,0.35,0,0
1789003951.3967574,19.866942882537842,-1.4670578031831598,2.1489136103436217,1.242054226580189,-0.0023949761096623235,0.02866609798818878,1,2,-4.461359619130786,8.530782330998656,-9.956320829689503,-2.2853697516256943,0.0,0.35,0,0
1789003951.4473548,19.917540311813354,-1.4670782611431061,2.148853899287876,1.2456701976997788,-3.194598110475973e-05,0.029859359712894766,1,2,-4.461359619130786,8.530782330998656,-9.956320829689503,-2.2853697516256943,0.0,0.35,0,0
1789003951.4628377,19.93302321434021,-1.4670798395614437,2.1484661967139833,1.24613249473171,-0.00016890461031610624,0.029859359843205018,1,2,-4.461359619130786,8.530782330998656,-9.956320829689503,-2.2853697516256943,0.0,0.35,0,0
1789003951.498171,19.968356609344482,-1.4669667518946412,2.1487946347455695,1.2496909434585286,0.007195597381089087,0.03182281552957819,1,2,-4.461359619130786,8.530782330998656,-9.956320829689503,-2.2853697516256943,0.0,0.35,0,0
1789003951.5485907,20.018776178359985,-1.4668358973497582,2.1491899065232376,1.2536974481730996,0.009336936035732253,0.03345435037453065,1,2,-4.461359619130786,8.530782330998656,-9.956320829689503,-2.2853697516256943,0.0,0.35,0,0
1789003951.5669422,20.03712773323059,-1.466783807973067,2.1489635355023817,1.25431137265533,0.009349614315509515,0.03345435039338,1,2,-4.461359619130786,8.530782330998656,-9.956320829689503,-2.2853697516256943,0.0,0.35,0,0
1789003951.5991836,20.069369077682495,-1.466745821539563,2.1490917085280303,1.257196950192083,0.005855240827864682,0.035547965398486196,1,2,-4.461359619130786,8.530782330998656,-9.956320829689503,-2.2853697516256943,0.0,0.35,0,0
1789003951.6498504,20.120035886764526,-1.466730213463294,2.1491590972359402,1.2620877643537423,0.0005169417829358519,0.03639210831282813,1,2,-4.461359619130786,8.530782330998656,-9.956320829689503,-2.2853697516256943,0.0,0.35,0,0
1789003951.659127,20.12931251525879,-1.4667363540455602,2.1487543472093766,1.2624916477621604,-0.0001414415330109144,0.03753583484808904,1,2,-4.461359619130786,8.530782330998656,-9.956320829689503,-2.2853697516256943,0.0,0.35,0,0
1789003951.7008016,20.170987129211426,-1.4667276132112335,2.1487877683877663,1.26771498322705,0.0005546877390894125,0.04006619289303027,1,2,-4.461359619130786,8.530782330998656,-9.956320829689503,-2.2853697516256943,0.0,0.35,0,0
1789003951.751386,20.221571445465088,-1.4666814569246307,2.148934032314287,1.2725709038562192,0.0032273949528892395,0.04130388714627637,1,2,-4.461359619130786,8.530782330998656,-9.956320829689503,-2.2853697516256943,0.0,0.35,0,0
1789003951.7666876,20.236873149871826,-1.466664078917664,2.1486005454797956,1.2732891487624372,0.003552274168317482,0.04274927238872876,1,2,-4.461359619130786,8.530782330998656,-9.956320829689503,-2.2853697516256943,0.0,0.35,0,0
1789003951.8022363,20.272421836853027,-1.4666102014989757,2.1487773657172315,1.276898693128312,0.00472671653481084,0.04516089041778231,1,2,-4.461359619130786,8.530782330998656,-9.956320829689503,-2.2853697516256943,0.0,0.35,0,0
1789003951.853374,20.323559522628784,-1.466539302514873,2.1490241777680827,1.2845767481320884,0.0049924719095892755,0.046236479487548075,1,2,-4.461359619130786,8.530782330998656,-9.956320829689503,-2.2853697516256943,0.0,0.35,0,0
1789003951.8609922,20.331177711486816,-1.4665294259684483,2.148666823720742,1.2850238004011179,0.005067479045726167,0.04827039321002554,1,2,-4.461359619130786,8.530782330998656,-9.956320829689503,-2.2853697516256943,0.0,0.35,0,0
1789003951.90392,20.37410545349121,-1.4664670158125477,2.148882984191357,1.2887649144539584,0.005196598868212011,0.051318653679809624,1,2,-4.461359619130786,8.530782330998656,-9.956320829689503,-2.2853697516256943,0.0,0.35,0,0
1789003951.9545405,20.424726009368896,-1.4664011274270667,2.1491196767742733,1.2941448556674244,0.0047777956334492675,0.05250383991454248,1,2,-4.461359619130786,8.530782330998656,-9.956320829689503,-2.2853697516256943,0.0,0.35,0,0
1789003951.9629402,20.433125734329224,-1.4663920664669317,2.1487591761282494,1.294665648997932,0.004756622854931912,0.05398354615408215,1,2,-4.461359619130786,8.530782330998656,-9.956320829689503,-2.2853697516256943,0.0,0.35,0,0
1789003952.005173,20.475358486175537,-1.4663463870806912,2.1489275624010666,1.2988179544938616,0.004164688589339368,0.05642225464789375,1,2,-4.461359619130786,8.530782330998656,-9.956320829689503,-2.2853697516256943,0.0,0.35,0,0
1789003952.0308356,20.501021146774292,-1.466318579145003,2.149027590796331,1.300316252226921,0.004002771635519862,0.057378449693275296,1,2,-4.461359619130786,8.530782330998656,-9.956320829689503,-2.2853697516256943,0.0,0.35,0,0
1789003952.0617733,20.53195881843567,-1.4662914819704702,2.148745766559523,1.3068671957688942,0.003932534013695867,0.05953011538344749,1,2,-4.461359619130786,8.530782330998656,-9.956320829689503,-2.2853697516256943,0.0,0.35,0,0
1789003952.1069648,20.577150344848633,-1.466227754487853,2.148980281645105,1.3108736402660954,0.005248813529188105,0.06251780519878808,1,2,-4.461359619130786,8.530782330998656,-9.956320829689503,-2.2853697516256943,0.0,0.35,0,0
1789003952.1308868,20.601072311401367,-1.4661843505056285,2.149137225724781,1.3124234370995345,0.006816208401065333,0.06359377863351497,1,2,-4.461359619130786,8.530782330998656,-9.956320829689503,-2.2853697516256943,0.0,0.35,0,0
1789003952.1639454,20.63413095474243,-1.4661289527191952,2.148958781444193,1.3169767341304244,0.007102150975282389,0.06510058177152056,1,2,-4.461359619130786,8.530782330998656,-9.956320829689503,-2.2853697516256943,0.0,0.35,0,0
1789003952.2088442,20.67902970314026,-1.4659700825777293,2.149567026279486,1.324434104134552,0.013460464598612523,0.06830764958283277,1,2,-4.461359619130786,8.530782330998656,-9.956320829689503,-2.2853697516256943,0.0,0.35,0,0
1789003952.2308335,20.701019048690796,-1.4658542193408828,2.1499991491292585,1.3260017188293152,0.019976193709776727,0.06972812165958814,1,2,-4.461359619130786,8.530782330998656,-9.956320829689503,-2.2853697516256943,0.0,0.35,0,0
1789003952.2593274,20.729512929916382,-1.4657116529802063,2.1505788947121958,1.3301947002013819,0.02145628036439534,0.07148813644773404,1,2,-4.461359619130786,8.530782330998656,-9.956320829689503,-2.2853697516256943,0.0,0.35,0,0
1789003952.3101854,20.780370950698853,-1.4654302059926645,2.151337246901662,1.3350805523331726,0.023828663795253387,0.07268654549190545,1,2,-4.461359619130786,8.530782330998656,-9.956320829689503,-2.2853697516256943,0.0,0.35,0,0
1789003952.3308342,20.8010196685791,-1.4653444516639877,2.1517178792217275,1.3367213616659444,0.019307005566258226,0.07501731913208623,1,2,-4.461359619130786,8.530782330998656,-9.956320829689503,-2.2853697516256943,0.0,0.35,0,0
1789003952.3609703,20.83115577697754,-1.465219318031303,2.1522773511388853,1.3418190865351998,0.018951325933866645,0.07653309984003458,1,2,-4.461359619130786,8.530782330998656,-9.956320829689503,-2.2853697516256943,0.0,0.35,0,0
1789003952.4121351,20.882320642471313,-1.4651183225202917,2.1524101701894756,1.3506444905177784,0.011839881472835871,0.07762692244201576,1,2,-4.461359619130786,8.530782330998656,-9.956320829689503,-2.2853697516256943,0.0,0.35,0,0
1789003952.430844,20.901029586791992,-1.4650874210706812,2.1525605126790044,1.3522891936180603,0.00970902044409325,0.08129261376414891,1,2,-4.461359619130786,8.530782330998656,-9.956320829689503,-2.2853697516256943,0.0,0.35,0,0
1789003952.4626744,20.932859897613525,-1.465029955980877,2.152446029033907,1.3572123971282108,0.009573850651999703,0.08316890402955698,1,2,-4.461359619130786,8.530782330998656,-9.956320829689503,-2.2853697516256943,0.0,0.35,0,0
1789003952.5133932,20.9835786819458,-1.4649134201708227,2.152991141725141,1.3626678538368762,0.01089319767244177,0.08439839013149808,1,2,-4.461359619130786,8.530782330998656,-9.956320829689503,-2.2853697516256943,0.0,0.35,0,0
1789003952.5308843,21.00106978416443,-1.4648695417350848,2.1531949843137537,1.3642832282419144,0.011549778359647052,0.0868348652929243,1,2,-4.461359619130786,8.530782330998656,-9.956320829689503,-2.2853697516256943,0.0,0.35,0,0
1789003952.5641606,21.034346103668213,-1.4648000373060797,2.15315854581247,1.3700960652610235,0.011723566541593827,0.08843762380018244,1,2,-4.461359619130786,8.530782330998656,-9.956320829689503,-2.2853697516256943,0.0,0.35,0,0
1789003952.6153624,21.085547924041748,-1.4646959305357257,2.1537319962380415,1.3795304802490236,0.011483843310372296,0.08955290789268654,1,2,-4.461359619130786,8.530782330998656,-9.956320829689503,-2.2853697516256943,0.0,0.35,0,0
1789003952.630881,21.10106658935547,-1.4646654860217587,2.1538930904823586,1.3811081933288334,0.010906445704220807,0.09332424103723017,1,2,-4.461359619130786,8.530782330998656,-9.956320829689503,-2.2853697516256943,0.0,0.35,0,0
1789003952.6661088,21.1362943649292,-1.4646019649394695,2.1538496174403936,1.3866663116523166,0.010873511950392661,0.09526240623529218,1,2,-4.461359619130786,8.530782330998656,-9.956320829689503,-2.2853697516256943,0.0,0.35,0,0
1789003952.7169204,21.187105894088745,-1.4645038439931088,2.1543914428317334,1.3925686349182242,0.010879893780509763,0.09648282984307809,1,2,-4.461359619130786,8.530782330998656,-9.956320829689503,-2.2853697516256943,0.0,0.35,0,0
1789003952.730889,21.201074600219727,-1.46447611149462,2.154544191477398,1.3940490505521943,0.011032425950539103,0.09892030105223353,1,2,-4.461359619130786,8.530782330998656,-9.956320829689503,-2.2853697516256943,0.0,0.35,0,0
1789003952.767961,21.238146543502808,-1.4644176120608532,2.1545266261999143,1.4023532150318525,0.0111265362269861,0.10125523738026983,1,2,-4.461359619130786,8.530782330998656,-9.956320829689503,-2.2853697516256943,0.0,0.35,0,0
1789003952.818463,21.28864860534668,-1.4643304350736759,2.1550835678277966,1.410835267077226,0.011195624387667451,0.1027034569539658,1,2,-4.461359619130786,8.530782330998656,-9.956320829689503,-2.2853697516256943,0.0,0.35,0,0
1789003952.8308673,21.301052808761597,-1.4643131215267444,2.1551995294584785,1.4122753780795572,0.010257577403966479,0.10594305749983006,1,2,-4.461359619130786,8.530782330998656,-9.956320829689503,-2.2853697516256943,0.0,0.35,0,0
1789003952.869264,21.339449405670166,-1.464259039021021,2.1551625462261566,1.418164491705179,0.010277127247298604,0.10598859228637614,1,2,-4.461359619130786,8.530782330998656,-9.956320829689503,-2.2853697516256943,0.0,0.35,0,0
1789003952.9200315,21.390217065811157,-1.4642008799467376,2.155565943574545,1.424189320160773,0.008632868699373956,0.1078129958774233,1,2,-4.461359619130786,8.530782330998656,-9.956320829689503,-2.2853697516256943,0.0,0.35,0,0
1789003952.9308484,21.401033878326416,-1.464180955639058,2.155687155444554,1.4255125290891597,0.009921170108402723,0.1105653780107744,1,2,-4.461359619130786,8.530782330998656,-9.956320829689503,-2.2853697516256943,0.0,0.35,0,0
1789003952.971169,21.441354513168335,-1.464135529237403,2.1556545018623914,1.4340088531769093,0.009929790694701091,0.1106746279601603,1,2,-4.461359619130786,8.530782330998656,-9.956320829689503,-2.2853697516256943,0.0,0.35,0,0
1789003953.0218534,21.49203896522522,-1.4640402420706988,2.1563645400281137,1.443093932707604,0.013001057389420183,0.11309786505450652,1,2,-4.461359619130786,8.530782330998656,-9.956320829689503,-2.2853697516256943,0.0,0.35,0,0
1789003953.0309181,21.50110363960266,-1.4640206188331404,2.156504970776966,1.4443337204908113,0.013955607565798807,0.11701546477095388,1,2,-4.461359619130786,8.530782330998656,-9.956320829689503,-2.2853697516256943,0.0,0.35,0,0
1789003953.0725625,21.542747974395752,-1.4639556333090573,2.1566522920306483,1.450904662369437,0.014120918246741833,0.11706480039239395,1,2,-4.461359619130786,8.530782330998656,-9.956320829689503,-2.2853697516256943,0.0,0.35,0,0
1789003953.0809007,21.55108618736267,-1.4639572646491554,2.156678735077052,1.4519807096446133,0.011276056721970766,0.11892602264427288,1,2,-4.461359619130786,8.530782330998656,-9.956320829689503,-2.2853697516256943,0.0,0.35,0,0
1789003953.1308908,21.601076364517212,-1.4639144139321059,2.1571511057798074,1.461413147331401,0.007538911460233273,0.12316457091418344,1,2,-4.461359619130786,8.530782330998656,-9.956320829689503,-2.2853697516256943,0.0,0.35,0,0
1789003953.174458,21.644643545150757,-1.4638870199366059,2.157039385739717,1.4684190131339898,0.007428589091822661,0.12321328063142782,1,2,-4.461359619130786,8.530782330998656,-9.956320829689503,-2.2853697516256943,0.0,0.35,0,0
1789003953.180834,21.65101957321167,-1.463885411424506,2.1570660895760696,1.4692995132039768,0.006739866014809266,0.12508160048693057,1,2,-4.461359619130786,8.530782330998656,-9.956320829689503,-2.2853697516256943,0.0,0.35,0,0
1789003953.2308745,21.7010600566864,-1.4638524778511879,2.1574280315621253,1.4789222916841975,0.007889799370912467,0.12861160171691652,1,2,-4.461359619130786,8.530782330998656,-9.956320829689503,-2.2853697516256943,0.0,0.35,0,0
1789003953.2761216,21.746307134628296,-1.463827351532032,2.1573426238619553,1.486141700278963,0.007803137120607894,0.12865156295449537,1,2,-4.461359619130786,8.530782330998656,-9.956320829689503,-2.2853697516256943,0.0,0.35,0,0
1789003953.2808847,21.751070261001587,-1.4638200864202202,2.1574069595007415,1.4868390901561617,0.008778073323737383,0.13029901007311406,1,2,-4.461359619130786,8.530782330998656,-9.956320829689503,-2.2853697516256943,0.0,0.35,0,0
1789003953.330911,21.801096439361572,-1.463801740973237,2.1577566310820013,1.4961572000024832,0.004885058950317777,0.13408850548262116,1,2,-4.461359619130786,8.530782330998656,-9.956320829689503,-2.2853697516256943,0.0,0.35,0,0
1789003953.378068,21.84825348854065,-1.4637919805343305,2.1575394655002347,1.503771346405153,0.004663698145384917,0.1341263756116548,1,2,-4.461359619130786,8.530782330998656,-9.956320829689503,-2.2853697516256943,0.0,0.35,0,0
1789003953.3808815,21.851067066192627,-1.4638194655225765,2.157339560847417,1.5042275642945573,-0.0028541479663393653,0.1357780532309355,1,2,-4.461359619130786,8.530782330998656,-9.956320829689503,-2.2853697516256943,0.0,0.35,0,0
1789003953.4308379,21.901023387908936,-1.4638235149692707,2.1572539238967625,1.5147041831740324,-0.00035366615721244135,0.13808794349954043,1,2,-4.461359619130786,8.530782330998656,-9.956320829689503,-2.2853697516256943,0.0,0.35,0,0
1789003953.4798627,21.950048208236694,-1.4638321090137492,2.156782751190834,1.5242418529079895,-0.0007948240568096722,0.13819438806535744,1,2,-4.461359619130786,8.530782330998656,-9.956320829689503,-2.2853697516256943,0.0,0.35,0,0
1789003953.480874,21.951059579849243,-1.4638064489304967,2.1570135819231333,1.5245125468923606,0.006401556526490802,0.14100931640070466,1,2,-4.461359619130786,8.530782330998656,-9.956320829689503,-2.2853697516256943,0.0,0.35,0,0
1789003953.5308821,22.001067638397217,-1.4637862081920416,2.1573963358834725,1.5350526600561214,0.00918836690453844,0.14394622424408463,1,2,-4.461359619130786,8.530782330998656,-9.956320829689503,-2.2853697516256943,0.0,0.35,0,0
1789003953.580902,22.051087617874146,-1.4637770689991263,2.1574102711449155,1.5437947944111245,0.009227274821773624,0.1440120400543464,1,2,-4.461359619130786,8.530782330998656,-9.956320829689503,-2.2853697516256943,0.0,0.35,0,0
1789003953.6315248,22.101710319519043,-1.4638046841026586,2.1573687515804654,1.5556217911769972,-0.0021424723309920943,0.14938903427836703,1,2,-4.461359619130786,8.530782330998656,-9.956320829689503,-2.2853697516256943,0.0,0.35,0,0
1789003953.6822946,22.152480125427246,-1.463813457694685,2.1567987194106575,1.5663926741805732,-0.0026520541946735573,0.14952566231058115,1,2,-4.461359619130786,8.530782330998656,-9.956320829689503,-2.2853697516256943,0.0,0.35,0,0
1789003953.732791,22.20297646522522,-1.4637881453302724,2.157167844114817,1.5783058073265963,0.009108969626222931,0.15614002773494712,1,2,-4.461359619130786,8.530782330998656,-9.956320829689503,-2.2853697516256943,0.0,0.35,0,0
1789003953.7836406,22.253826141357422,-1.4637991008633329,2.1571819939860344,1.5880923992699822,0.009191135322490605,0.1562218627688396,1,2,-4.461359619130786,8.530782330998656,-9.956320829689503,-2.2853697516256943,0.0,0.35,0,0
1789003953.8345,22.304685592651367,-1.4638134065889916,2.1578710450873237,1.6010366989099332,0.010431022367010667,0.16226723454875056,1,2,-4.461359619130786,8.530782330998656,-9.956320829689503,-2.2853697516256943,0.0,0.35,0,0
1789003953.8858583,22.356043815612793,-1.4638405903011913,2.157955618256159,1.6128406275765625,0.010564715311751995,0.16241878989029435,1,2,-4.461359619130786,8.530782330998656,-9.956320829689503,-2.2853697516256943,0.0,0.35,0,0
1789003953.936504,22.406689405441284,-1.4638659468392814,2.1580914073005126,1.6255536430324684,0.004647502575509956,0.16967727440389924,1,2,-4.461359619130786,8.530782330998656,-9.956320829689503,-2.2853697516256943,0.0,0.35,0,0
1789003953.987333,22.457518577575684,-1.4638862836281668,2.157866410304659,1.6359440715776856,0.00449187029458357,0.16975624593587682,1,2,-4.461359619130786,8.530782330998656,-9.956320829689503,-2.2853697516256943,0.0,0.35,0,0
1789003954.0385556,22.5087411403656,-1.4639070598985087,2.158052927140453,1.6520796742436294,0.003855247226387879,0.1773114942686673,1,2,-4.461359619130786,8.530782330998656,-9.956320829689503,-2.2853697516256943,0.0,0.35,0,0
1789003954.0890467,22.559232234954834,-1.4639288812191698,2.157783234489346,1.6619677818683112,0.0036779564259482632,0.17735401440052473,1,2,-4.461359619130786,8.530782330998656,-9.956320829689503,-2.2853697516256943,0.0,0.35,0,0
1789003954.139813,22.60999846458435,-1.463952013528848,2.158054515598677,1.6748859083146987,0.005282633948378079,0.1843649770850003,1,2,-4.461359619130786,8.530782330998656,-9.956320829689503,-2.2853697516256943,0.0,0.35,0,0
1789003954.1661239,22.636309385299683,-1.4639714386477254,2.1577302965729204,1.6797367245844834,0.0052344425924070095,0.18436497711150007,1,2,-4.461359619130786,8.530782330998656,-9.956320829689503,-2.2853697516256943,0.0,0.35,0,0
1789003954.1905994,22.66078495979309,-1.4639820172651943,2.1577525759078813,1.6854196659294012,0.002567298387785258,0.18759910045698672,1,2,-4.461359619130786,8.530782330998656,-9.956320829689503,-2.2853697516256943,0.0,0.35,0,0
1789003954.2418387,22.712024211883545,-1.4639980048989298,2.1577951359254994,1.697199153560222,-0.0011951297124809504,0.19015594028506314,1,2,-4.461359619130786,8.530782330998656,-9.956320829689503,-2.2853697516256943,0.0,0.35,0,0
1789003954.2689133,22.73909878730774,-1.4639986367853677,2.157296290345138,1.702347547888614,-0.0014061427658848121,0.19015594026626365,1,2,-4.461359619130786,8.530782330998656,-9.956320829689503,-2.2853697516256943,0.0,0.35,0,0
1789003954.2922792,22.76246476173401,-1.4639908326240334,2.157202345617227,1.7080877113659672,-0.003044156989914911,0.1932660474095318,1,2,-4.461359619130786,8.530782330998656,-9.956320829689503,-2.2853697516256943,0.0,0.35,0,0
1789003954.3429332,22.81311869621277,-1.4639693487097551,2.157051684211331,1.7212191335512212,-0.002921926369131836,0.19547909408700295,1,2,-4.461359619130786,8.530782330998656,-9.956320829689503,-2.2853697516256943,0.0,0.35,0,0
1789003954.363007,22.833192586898804,-1.463965450141401,2.156526575512711,1.725143159636626,-0.003095400190533263,0.19547909403811103,1,2,-4.461359619130786,8.530782330998656,-9.956320829689503,-2.2853697516256943,0.0,0.35,0,0
1789003954.3940656,22.864251136779785,-1.4639551137631766,2.1564848703877435,1.7327057611115784,-0.002047060160440343,0.19861019527400717,1,2,-4.461359619130786,8.530782330998656,-9.956320829689503,-2.2853697516256943,0.0,0.35,0,0
1789003954.4447684,22.91495394706726,-1.4639391047848442,2.156425288531685,1.7456654340362272,-0.00023768468589310668,0.20090060305733717,1,2,-4.461359619130786,8.530782330998656,-9.956320829689503,-2.2853697516256943,0.0,0.35,0,0
1789003954.4634976,22.933683156967163,-1.4639433928447425,2.1559527443495834,1.749428142352506,-0.00033634893669915995,0.20090060302713006,1,2,-4.461359619130786,8.530782330998656,-9.956320829689503,-2.2853697516256943,0.0,0.35,0,0
1789003954.495547,22.96573257446289,-1.4639566254074419,2.156077533947416,1.7565453500609776,0.0026121052492041933,0.2035955697319966,1,2,-4.461359619130786,8.530782330998656,-9.956320829689503,-2.2853697516256943,0.0,0.35,0,0
1789003954.5462387,23.01642417907715,-1.4639823662065008,2.156226697884813,1.7702042482333167,0.0034053831710316508,0.20559541071688148,1,2,-4.461359619130786,8.530782330998656,-9.956320829689503,-2.2853697516256943,0.0,0.35,0,0
1789003954.5639532,23.034138679504395,-1.4639994832791465,2.1558160728076983,1.7738462694526778,0.0033808458016629213,0.20559541074365925,1,2,-4.461359619130786,8.530782330998656,-9.956320829689503,-2.2853697516256943,0.0,0.35,0,0
1789003954.5972228,23.067408323287964,-1.4640068804030335,2.1558131786113233,1.781875925874318,0.0008647188436003756,0.20838923328651254,1,2,-4.461359619130786,8.530782330998656,-9.956320829689503,-2.2853697516256943,0.0,0.35,0,0
1789003954.6478462,23.1180317401886,-1.4640084780570455,2.1557717505299308,1.795275616538487,-0.002577029040856165,0.21049731232830599,1,2,-4.461359619130786,8.530782330998656,-9.956320829689503,-2.2853697516256943,0.0,0.35,0,0
1789003954.6605437,23.13072919845581,-1.4640063189536112,2.1552680155537813,1.7979483985534674,-0.0026647848384194926,0.21049731232720537,1,2,-4.461359619130786,8.530782330998656,-9.956320829689503,-2.2853697516256943,0.0,0.35,0,0
1789003954.6985512,23.168736696243286,-1.4639814985965784,2.155160244273563,1.8064788147571635,-0.003029330252175998,0.21294321339796865,1,2,-4.461359619130786,8.530782330998656,-9.956320829689503,-2.2853697516256943,0.0,0.35,0,0
1789003954.7495482,23.219733715057373,-1.4639471029444169,2.1550395923767165,1.8226169781480177,-0.001855925922580507,0.214840001251207,1,2,-4.461359619130786,8.530782330998656,-9.956320829689503,-2.2853697516256943,0.0,0.35,0,0
1789003954.7649932,23.23517870903015,-1.46394612991746,2.154543988161641,1.8260177003450693,-0.0017915774988745106,0.21631241998645181,1,2,-4.461359619130786,8.530782330998656,-9.956320829689503,-2.2853697516256943,0.0,0.35,0,0
1789003954.8000534,23.270238876342773,-1.4639365597761842,2.1545189278824752,1.833701651144751,-0.001098465580752845,0.21856309924108616,1,2,-4.461359619130786,8.530782330998656,-9.956320829689503,-2.2853697516256943,0.0,0.35,0,0
1789003954.8506217,23.320807218551636,-1.4639230960288612,2.1544757064547246,1.8477394212595732,-0.0009554222058446736,0.2194621481166155,1,2,-4.461359619130786,8.530782330998656,-9.956320829689503,-2.2853697516256943,0.0,0.35,0,0
1789003954.8604763,23.33066177368164,-1.4639261292964822,2.1539930837544556,1.8499702773214202,-0.0009525349090328764,0.22068627200731136,1,2,-4.461359619130786,8.530782330998656,-9.956320829689503,-2.2853697516256943,0.0,0.35,0,0
1789003954.9012477,23.37143325805664,-1.4639061400068998,2.1539140476339957,1.8594028261683384,-0.0019814101409190285,0.22259118277294326,1,2,-4.461359619130786,8.530782330998656,-9.956320829689503,-2.2853697516256943,0.0,0.35,0,0
1789003954.9521074,23.422292947769165,-1.4638633015242504,2.1537629603355732,1.8755224615914128,-0.0033574220476491816,0.22342669898091108,1,2,-4.461359619130786,8.530782330998656,-9.956320829689503,-2.2853697516256943,0.0,0.35,0,0
1789003954.9631145,23.433300018310547,-1.4638567074508553,2.153246206853576,1.8780679780470897,-0.0035717608523393677,0.22514514248132197,1,2,-4.461359619130786,8.530782330998656,-9.956320829689503,-2.2853697516256943,0.0,0.35,0,0
1789003955.0025508,23.472736358642578,-1.4637978462740342,2.153046949023861,1.8867861857105528,-0.0051640869043989256,0.2275091564760505,1,2,-4.461359619130786,8.530782330998656,-9.956320829689503,-2.2853697516256943,0.0,0.35,0,0
1789003955.0531225,23.523308038711548,-1.4636989873033426,2.152739793019095,1.9008367913535578,-0.006695998041433614,0.22838691375203368,1,2,-4.461359619130786,8.530782330998656,-9.956320829689503,-2.2853697516256943,0.0,0.35,0,0
1789003955.0618534,23.532038927078247,-1.4636846253912537,2.152201468649443,1.9028946996673701,-0.006944619136295993,0.22955101231386418,1,2,-4.461359619130786,8.530782330998656,-9.956320829689503,-2.2853697516256943,0.0,0.35,0,0
1789003955.1037877,23.573973178863525,-1.463585204242635,2.151913785509905,1.9124744981018502,-0.007446831433988516,0.23125616743101884,1,2,-4.461359619130786,8.530782330998656,-9.956320829689503,-2.2853697516256943,0.0,0.35,0,0
1789003955.1549668,23.625152349472046,-1.4634344965557653,2.151494916655314,1.928632047781746,-0.009026571810893405,0.23197750270343842,1,2,-4.461359619130786,8.530782330998656,-9.956320829689503,-2.2853697516256943,0.0,0.35,0,0
1789003955.1631207,23.63330626487732,-1.4634134803714185,2.150941730185742,1.9305973126764533,-0.00929238912252358,0.23353096132782944,1,2,-4.461359619130786,8.530782330998656,-9.956320829689503,-2.2853697516256943,0.0,0.35,0,0
1789003955.2056477,23.675833225250244,-1.4632482522035184,2.1504877532049322,1.9400883850131605,-0.01141544155690127,0.23558362587940593,1,2,-4.461359619130786,8.530782330998656,-9.956320829689503,-2.2853697516256943,0.0,0.35,0,0
1789003955.2308824,23.70106792449951,-1.463136438013514,2.1501870081500734,1.9460686907990619,-0.012970834555385877,0.23627021681558313,1,2,-4.461359619130786,8.530782330998656,-9.956320829689503,-2.2853697516256943,0.0,0.35,0,0
1789003955.2609127,23.731098175048828,-1.4629944223394526,2.1493350244390435,1.9546628272947477,-0.013597326855388895,0.23722396089889597,1,2,-4.461359619130786,8.530782330998656,-9.956320829689503,-2.2853697516256943,0.0,0.35,0,0
1789003955.307438,23.777623414993286,-1.4627269660036346,2.1486755682198715,1.9679835561732828,-0.01562256115839415,0.23917119811020765,1,2,-4.461359619130786,8.530782330998656,-9.956320829689503,-2.2853697516256943,0.0,0.35,0,0
1789003955.330912,23.801097631454468,-1.4625841204656467,2.1483359624743796,1.9736385983743008,-0.01586423144794564,0.24003300135041628,1,2,-4.461359619130786,8.530782330998656,-9.956320829689503,-2.2853697516256943,0.0,0.35,0,0
1789003955.3639286,23.83411407470703,-1.4623804141696728,2.1473666707883137,1.9824696953493002,-0.016401019497693067,0.24101801705386086,1,2,-4.461359619130786,8.530782330998656,-9.956320829689503,-2.2853697516256943,0.0,0.35,0,0
1789003955.4088771,23.87906265258789,-1.4621241410255652,2.1467975748740518,1.991851768112383,-0.014448787373715716,0.24213530880657352,1,2,-4.461359619130786,8.530782330998656,-9.956320829689503,-2.2853697516256943,0.0,0.35,0,0
1789003955.4308228,23.901008367538452,-1.4620113169235025,2.146569811021279,1.9971830079306603,-0.011815135297031966,0.24246938319001912,1,2,-4.461359619130786,8.530782330998656,-9.956320829689503,-2.2853697516256943,0.0,0.35,0,0
1789003955.4600708,23.930256366729736,-1.4618744044673035,2.145780632432804,2.0054798241474874,-0.011667523944373289,0.24307268448412667,1,2,-4.461359619130786,8.530782330998656,-9.956320829689503,-2.2853697516256943,0.0,0.35,0,0
1789003955.5108423,23.981027841567993,-1.461698398683178,2.145449288316629,2.0197936795244082,-0.0076802155148195,0.2435162342509809,1,2,-4.461359619130786,8.530782330998656,-9.956320829689503,-2.2853697516256943,0.0,0.35,0,0
1789003955.5309262,24.00111174583435,-1.4616719729012428,2.1454363542024435,2.0247669635169183,-0.002473914016424564,0.24505231324950016,1,2,-4.461359619130786,8.530782330998656,-9.956320829689503,-2.2853697516256943,0.0,0.35,0,0
1789003955.5629072,24.033092737197876,-1.461649173729252,2.1449008973492916,2.0334982975995706,-0.001644778756303475,0.24583088136600434,1,2,-4.461359619130786,8.530782330998656,-9.956320829689503,-2.2853697516256943,0.0,0.35,0,0
1789003955.612328,24.082513570785522,-1.4616467668366682,2.1449020251393316,2.0441025837163713,-9.677819526385702e-05,0.24630345723622296,1,2,-4.461359619130786,8.530782330998656,-9.956320829689503,-2.2853697516256943,0.0,0.35,0,0
1789003955.6308901,24.101075649261475,-1.461635020123183,2.1448652989570838,2.048705836208512,-0.0018964039879366447,0.2468377998732167,1,2,-4.461359619130786,8.530782330998656,-9.956320829689503,-2.2853697516256943,0.0,0.35,0,0
1789003955.6634223,24.133607864379883,-1.461610355512531,2.1443239336425677,2.0597692430753103,-0.0021354188947381256,0.24778354926231644,1,2,-4.461359619130786,8.530782330998656,-9.956320829689503,-2.2853697516256943,0.0,0.35,0,0
1789003955.713893,24.184078454971313,-1.4614773244696189,2.144061300169563,2.076701166859168,-0.005524628689417021,0.2484623220798727,1,2,-4.461359619130786,8.530782330998656,-9.956320829689503,-2.2853697516256943,0.0,0.35,0,0
1789003955.7308807,24.201066255569458,-1.4614500107733803,2.144031582041833,2.0810374422918674,-0.0028269800694811155,0.2505353699582627,1,2,-4.461359619130786,8.530782330998656,-9.956320829689503,-2.2853697516256943,0.33368021779659646,0.35,0,0
1789003955.76692,24.23710560798645,-1.4614123266013868,2.143471432596794,2.0915760606269114,-0.002192987326647004,0.25163504149635213,1,2,-4.461359619130786,8.530782330998656,-9.956320829689503,-2.2853697516256943,0.3440958238673436,0.35,0,0
1789003955.81547,24.28565549850464,-1.4615040419277805,2.143667079769946,2.1026258602455496,0.003485804307160553,0.2523020987709825,1,2,-4.461359619130786,8.530782330998656,-9.956320829689503,-2.2853697516256943,0.3440958238673436,0.35,0,0
1789003955.830837,24.30102252960205,-1.4615608043550017,2.143781844428241,2.10655727353835,0.006259715432979116,0.2532605182811911,1,2,-4.461359619130786,8.530782330998656,-9.956320829689503,-2.2853697516256943,0.3453454242589255,0.35,0,0
1789003955.8665242,24.33670973777771,-1.4616884089150866,2.1435014470366838,2.121257115755208,0.007022158728449031,0.2549206543418755,1,2,-4.461359619130786,8.530782330998656,-9.956320829689503,-2.2853697516256943,0.35460472132101867,0.35,0,0
1789003955.9172153,24.38740086555481,-1.46179843040816,2.143660243045568,2.1400406956166282,0.004509679989244822,0.25602812979968015,1,2,-4.461359619130786,8.530782330998656,-9.956320829689503,-2.2853697516256943,0.35460472132101867,0.35,0,0
1789003955.9308517,24.401037216186523,-1.4617875533640043,2.1436119826842375,2.1436956449690876,-5.2803775152028444e-05,0.2591081207804499,1,2,-4.461359619130786,8.530782330998656,-9.956320829689503,-2.2853697516256943,0.3587928447218431,0.35,0,0
1789003955.967823,24.438008546829224,-1.4617897662651063,2.1431086592787008,2.155900616523434,-0.0007249169511757925,0.2608227321131744,1,2,-4.461359619130786,8.530782330998656,-9.956320829689503,-2.2853697516256943,0.37062743080962934,0.35,0,0
1789003956.018492,24.488677501678467,-1.4625988473084484,2.1445002975142686,2.1687957545117778,0.027193073017970863,0.26185851489460804,1,2,-4.461359619130786,8.530782330998656,-9.956320829689503,-2.2853697516256943,0.37062743080962934,0.35,0,0
1789003956.0308444,24.50102996826172,-1.4632253848857741,2.145690551032486,2.172127618666812,0.06985525190627366,0.26366276660565874,1,2,-4.461359619130786,8.530782330998656,-9.956320829689503,-2.2853697516256943,0.3714129180906281,0.35,0,0
1789003956.069294,24.53947949409485,-1.4648834663421328,2.147614909907687,2.187566951897079,0.08066597170602258,0.26572972008319345,1,2,-4.461359619130786,8.530782330998656,-9.956320829689503,-2.2853697516256943,0.3817175301247213,0.35,0,0
1789003956.119695,24.58988046646118,-1.467664685244135,2.1515239689266012,2.2062943565080273,0.09475353653845744,0.26705166217479714,1,2,-4.461359619130786,8.530782330998656,-9.956320829689503,-2.2853697516256943,0.3817175301247213,0.35,0,0
1789003956.1308558,24.601041316986084,-1.4686263090780307,2.1530204433031717,2.209447649538859,0.12640323804399647,0.27043837162063217,1,2,-4.461359619130786,8.530782330998656,-9.956320829689503,-2.2853697516256943,0.38494493877426134,0.35,0,0
1789003956.170286,24.64047145843506,-1.47060754997047,2.150562782006478,2.2220871998857494,0.13098930986347024,0.27048862161456805,1,2,-4.461359619130786,8.530782330998656,-9.956320829689503,-2.2853697516256943,0.3874022046199689,0.35,0,0
1789003956.2212923,24.69147777557373,-1.4765607855594942,2.1585204808584946,2.239536450899438,0.1829455440243426,0.27243969122620976,1,2,-4.461359619130786,8.530782330998656,-9.956320829689503,-2.2853697516256943,0.3874022046199689,0.35,0,0
1789003956.2308512,24.70103669166565,-1.4779642268294604,2.160448783429425,2.242342116979773,0.2098427839882555,0.27654805382846315,1,2,-4.461359619130786,8.530782330998656,-9.956320829689503,-2.2853697516256943,0.40336969654110066,0.35,0,0
1789003956.2720122,24.7421977519989,-1.483460405251395,2.16731352691973,2.255329231269176,0.21741893389745767,0.276593040156185,1,2,-4.461359619130786,8.530782330998656,-9.956320829689503,-2.2853697516256943,0.4044406273772716,0.35,0,0
1789003956.3227823,24.792967796325684,-1.4907646607240987,2.171040636261111,2.274554549873381,0.25029407564644973,0.27862787193072847,1,2,-4.461359619130786,8.530782330998656,-9.956320829689503,-2.2853697516256943,0.4044406273772716,0.35,0,0
1789003956.330835,24.801020622253418,-1.4921127654935085,2.172639076859546,2.2770120888410057,0.2539394051928022,0.28244557595656766,1,2,-4.461359619130786,8.530782330998656,-9.956320829689503,-2.2853697516256943,0.4053739716659491,0.35,0,0
1789003956.3734426,24.84362816810608,-1.4984125448200978,2.1748900557118636,2.2905150393040064,0.2627899317296322,0.28248821256751655,1,2,-4.461359619130786,8.530782330998656,-9.956320829689503,-2.2853697516256943,0.41679124565336895,0.35,0,0
1789003956.3808331,24.85101866722107,-1.4997919026010194,2.1764957628142168,2.292698622367593,0.2701961599187182,0.28427418851470027,1,2,-4.461359619130786,8.530782330998656,-9.956320829689503,-2.2853697516256943,0.41679124565336895,0.35,0,0
1789003956.4308338,24.90101933479309,-1.5091175450882555,2.186921596762219,2.3103246923056324,0.2896028579911627,0.2883344233766174,1,2,-4.461359619130786,8.530782330998656,-9.956320829689503,-2.2853697516256943,0.4286322474201406,0.35,0,0
1789003956.4754527,24.945638179779053,-1.5172379426715343,2.190690966979065,2.3249899523564483,0.29950182568371575,0.2883889195391677,1,2,-4.461359619130786,8.530782330998656,-9.956320829689503,-2.2853697516256943,0.42508282730352276,0.35,0,0
1789003956.480905,24.951090574264526,-1.5185598913523934,2.192162402716633,2.326653906333229,0.3126145790842598,0.29019447306697504,1,2,-4.461359619130786,8.530782330998656,-9.956320829689503,-2.2853697516256943,0.42508282730352276,0.35,0,0
1789003956.5308855,25.001070976257324,-1.5298271965955539,2.203757744147531,2.3473664186259433,0.33487357859847783,0.29441420196523704,1,2,-4.461359619130786,8.530782330998656,-9.956320829689503,-2.2853697516256943,0.4419576898076592,0.35,0,0
1789003956.5775187,25.047704219818115,-1.5403733125551082,2.2092643789108988,2.3646667876579555,0.3462355010620784,0.29452200854955757,1,2,-4.461359619130786,8.530782330998656,-9.956320829689503,-2.2853697516256943,0.4378791161115989,0.35,0,0
1789003956.580952,25.051137447357178,-1.5411758401411348,2.2100404036607624,2.3657920384237094,0.3444776881866664,0.29707826773277035,1,2,-4.461359619130786,8.530782330998656,-9.956320829689503,-2.2853697516256943,0.4378791161115989,0.35,0,0
1789003956.630866,25.101051568984985,-1.553793759637805,2.221985859812267,2.386335651579173,0.3501998110508001,0.30201292234759913,1,2,-4.461359619130786,8.530782330998656,-9.956320829689503,-2.2853697516256943,0.4574851080286631,0.35,0,0
1789003956.6790278,25.149213314056396,-1.565719548267538,2.228143122450059,2.4027869349115507,0.36151533408187847,0.3020720917636004,1,2,-4.461359619130786,8.530782330998656,-9.956320829689503,-2.2853697516256943,0.45261220347380593,0.35,0,0
1789003956.6808827,25.151068210601807,-1.5660005632163243,2.2283383753326156,2.4034549087053545,0.3502832562362546,0.30418237376011953,1,2,-4.461359619130786,8.530782330998656,-9.956320829689503,-2.2853697516256943,0.45261220347380593,0.35,0,0
1789003956.7308335,25.201019048690796,-1.5793038915521516,2.2399681183782088,2.424663764902599,0.355593579375325,0.3072958573801035,1,2,-4.461359619130786,8.530782330998656,-9.956320829689503,-2.2853697516256943,0.45929804622739673,0.35,0,0
1789003956.780959,25.251144409179688,-1.5925810071483373,2.2463871654065506,2.4430496181648156,0.36651660887736215,0.307413676240889,1,2,-4.461359619130786,8.530782330998656,-9.956320829689503,-2.2853697516256943,0.466692934522791,0.35,0,0
1789003956.8318057,25.30199122428894,-1.6069263629687114,2.258007867519424,2.4640791903981967,0.36550730041559654,0.31453174836489217,1,2,-4.461359619130786,8.530782330998656,-9.956320829689503,-2.2853697516256943,0.474311939452566,0.35,0,0
1789003956.8827045,25.352890014648438,-1.6213196456427519,2.264595254453616,2.4813283337454863,0.37601237266484977,0.31458632426715627,1,2,-4.461359619130786,8.530782330998656,-9.956320829689503,-2.2853697516256943,0.4811797254940322,0.35,0,0
1789003956.9338846,25.404070138931274,-1.636233934083013,2.2759099823791047,2.500360342593711,0.3709568533816909,0.3207342462716714,1,2,-4.461359619130786,8.530782330998656,-9.956320829689503,-2.2853697516256943,0.48812526285236163,0.35,0,0
1789003956.9844773,25.454662799835205,-1.651304059195171,2.2822036763533924,2.517912200144398,0.3806522915793731,0.32079584458496846,1,2,-4.461359619130786,8.530782330998656,-9.956320829689503,-2.2853697516256943,0.4952159619415571,0.35,0,0
1789003957.0350406,25.505226135253906,-1.6665484588190014,2.292736131850001,2.53908952610848,0.37086777410966726,0.3262907469705261,1,2,-4.461359619130786,8.530782330998656,-9.956320829689503,-2.2853697516256943,0.5014090204612904,0.35,0,0
1789003957.0856133,25.555798768997192,-1.6821501843719693,2.298644644973399,2.5562506085362955,0.37962792263376544,0.32632021241384257,1,2,-4.461359619130786,8.530782330998656,-9.956320829689503,-2.2853697516256943,0.5150512160715868,0.35,0,0
1789003957.1365995,25.60678505897522,-1.6979176792999024,2.308966375351607,2.574370149998547,0.379776051141952,0.33093536402992363,1,2,-4.461359619130786,8.530782330998656,-9.956320829689503,-2.2853697516256943,0.5155949843887389,0.35,0,0
1789003957.1872108,25.65739631652832,-1.7143342790878955,2.314653085386259,2.5916635177679916,0.38813642632499107,0.3309601711669817,1,2,-4.461359619130786,8.530782330998656,-9.956320829689503,-2.2853697516256943,0.528759860071061,0.35,0,0
1789003957.237979,25.70816445350647,-1.7318216689406576,2.3251142434491237,2.6125229142629447,0.4023388130414618,0.33504730937898414,1,2,-4.461359619130786,8.530782330998656,-9.956320829689503,-2.2853697516256943,0.5282441824986874,0.35,0,0
1789003957.2888668,25.759052276611328,-1.7497798600289824,2.330963101826027,2.6294494055294573,0.4110179433511104,0.33503975724634744,1,2,-4.461359619130786,8.530782330998656,-9.956320829689503,-2.2853697516256943,0.5353400663678995,0.35,0,0
1789003957.340225,25.810410499572754,-1.7681011126658006,2.3412718181381105,2.6463129985238076,0.4116964465700814,0.33806443018658094,1,2,-4.461359619130786,8.530782330998656,-9.956320829689503,-2.2853697516256943,0.5421150264414715,0.35,0,0
1789003957.3598883,25.830073833465576,-1.7754263324742057,2.340751522371665,2.6529929448607668,0.41489781586448027,0.33806429002859884,1,2,-4.461359619130786,8.530782330998656,-9.956320829689503,-2.2853697516256943,0.5484386600838331,0.35,0,0
1789003957.3910456,25.861231088638306,-1.7870288944139816,2.346936616168133,2.6631766496956093,0.42366346928624804,0.3395018492053529,1,2,-4.461359619130786,8.530782330998656,-9.956320829689503,-2.2853697516256943,0.5484386600838331,0.35,0,0
1789003957.441814,25.911999464035034,-1.806504354996381,2.3569045186440603,2.6825054498341387,0.4392479608113361,0.34050934213359196,1,2,-4.461359619130786,8.530782330998656,-9.956320829689503,-2.2853697516256943,0.553947977871751,0.35,0,0
1789003957.4582975,25.92848300933838,-1.8132940351079847,2.3558676457786705,2.6881558005740693,0.44210373258266916,0.34050933918924753,1,2,-4.461359619130786,8.530782330998656,-9.956320829689503,-2.2853697516256943,0.5606944079525431,0.35,0,0
1789003957.4928887,25.963074207305908,-1.827146071734912,2.3628077784608363,2.6972473908145886,0.4508319568959561,0.34131265923444687,1,2,-4.461359619130786,8.530782330998656,-9.956320829689503,-2.2853697516256943,0.5606944079525431,0.35,0,0
1789003957.543354,26.0135395526886,-1.847928954979874,2.372601741207187,2.7157286985884435,0.4594686266844109,0.3418426676601204,1,2,-4.461359619130786,8.530782330998656,-9.956320829689503,-2.2853697516256943,0.5667263279676517,0.35,0,0
1789003957.5609186,26.03110408782959,-1.8556454461398697,2.3717898339687644,2.721770339059753,0.4625537251554162,0.34184261722928866,1,2,-4.461359619130786,8.530782330998656,-9.956320829689503,-2.2853697516256943,0.5725454476841558,0.35,0,0
1789003957.594112,26.064297437667847,-1.8694741806553317,2.378066978621372,2.7310004312822542,0.4621298767502747,0.3421193770483501,1,2,-4.461359619130786,8.530782330998656,-9.956320829689503,-2.2853697516256943,0.5725454476841558,0.35,0,0
1789003957.6449525,26.115138053894043,-1.8913010914954782,2.3875991903229474,2.748276769086032,0.47565350106028864,0.3421645903812458,1,2,-4.461359619130786,8.530782330998656,-9.956320829689503,-2.2853697516256943,0.5784761385485295,0.35,0,0
1789003957.660133,26.13031840324402,-1.898417926130028,2.3863265951401176,2.7535137041251936,0.47829938138113276,0.34216459787545145,1,2,-4.461359619130786,8.530782330998656,-9.956320829689503,-2.2853697516256943,0.5841962829938708,0.35,0,0
1789003957.6960464,26.166231870651245,-1.9146183939453019,2.3934462221233868,2.759902470656858,0.49472577804346407,0.34130305061481475,1,2,-4.461359619130786,8.530782330998656,-9.956320829689503,-2.2853697516256943,0.5841962829938708,0.35,0,0
1789003957.7465982,26.21678376197815,-1.9380566824963104,2.4029031168396413,2.7766146508955813,0.5054847906365831,0.3405784077452631,1,2,-4.461359619130786,8.530782330998656,-9.956320829689503,-2.2853697516256943,0.5890004820285522,0.35,0,0
1789003957.7649918,26.235177278518677,-1.9472357556512174,2.402269443357747,2.782921391972545,0.5088968301611353,0.3405783505272006,1,2,-4.461359619130786,8.530782330998656,-9.956320829689503,-2.2853697516256943,0.5938339466731879,0.35,0,0
1789003957.79726,26.26744556427002,-1.9625529260794559,2.4082820061129984,2.790199319948935,0.5137700880707737,0.33919637916306344,1,2,-4.461359619130786,8.530782330998656,-9.956320829689503,-2.2853697516256943,0.5938339466731879,0.35,0,0
1789003957.8483052,26.318490743637085,-1.9872400575941165,2.417436074027327,2.806040511341333,0.5172379940016226,0.33810737224214016,1,2,-4.461359619130786,8.530782330998656,-9.956320829689503,-2.2853697516256943,0.5989607825857918,0.35,0,0
1789003957.8623457,26.332531213760376,-1.9946616838730349,2.4159703330630804,2.8108276605515874,0.5197467065635465,0.33810718042641996,1,2,-4.461359619130786,8.530782330998656,-9.956320829689503,-2.2853697516256943,0.6039427045416045,0.35,0,0
1789003957.8989239,26.369109392166138,-2.0124184912961987,2.4223015023038554,2.8195746569314153,0.5202623905149093,0.33634666533027235,1,2,-4.461359619130786,8.530782330998656,-9.956320829689503,-2.2853697516256943,0.6039427045416045,0.35,0,0
1789003957.9498034,26.419988870620728,-2.037599779838116,2.430672633829729,2.8355989825928507,0.525211377450487,0.33559598759692416,1,2,-4.461359619130786,8.530782330998656,-9.956320829689503,-2.2853697516256943,0.6087880415911862,0.35,0,0
1789003957.9577796,26.42796516418457,-2.0422323703959675,2.4281651837147527,2.8382787667975755,0.5261135549483597,0.3348867914523193,1,2,-4.461359619130786,8.530782330998656,-9.956320829689503,-2.2853697516256943,0.6141242115004752,0.35,0,0
1789003958.0005767,26.470762252807617,-2.0639239668381486,2.4352748870359284,2.848411048782819,0.5374106927397237,0.33325533549562764,1,2,-4.461359619130786,8.530782330998656,-9.956320829689503,-2.2853697516256943,0.6141242115004752,0.35,0,0
1789003958.0513597,26.52154517173767,-2.0904802862586163,2.4433534320234633,2.8636773658134693,0.5522678187063618,0.33245953905089776,1,2,-4.461359619130786,8.530782330998656,-9.956320829689503,-2.2853697516256943,0.6205420532605319,0.35,0,0
1789003958.0586247,26.528810262680054,-2.0950605292247,2.4407764412916446,2.8660869520398613,0.5543370395012707,0.3314845519206814,1,2,-4.461359619130786,8.530782330998656,-9.956320829689503,-2.2853697516256943,0.6234730590308133,0.35,0,0
1789003958.101781,26.571966409683228,-2.1180055560850093,2.4475044581699037,2.8767625565688473,0.5581810684137258,0.32956654023218945,1,2,-4.461359619130786,8.530782330998656,-9.956320829689503,-2.2853697516256943,0.6234730590308133,0.35,0,0
1789003958.152448,26.622633457183838,-2.1453275337626123,2.4547811443572916,2.8933370045902365,0.5615345910143315,0.328736630340448,1,2,-4.461359619130786,8.530782330998656,-9.956320829689503,-2.2853697516256943,0.6298091015662118,0.35,0,0
1789003958.161873,26.63205862045288,-2.1511661902500587,2.4524447619976963,2.896442555740105,0.5624555561017842,0.328005195802274,1,2,-4.461359619130786,8.530782330998656,-9.956320829689503,-2.2853697516256943,0.6335871673648548,0.35,0,0
1789003958.2032902,26.673475742340088,-2.1735600592035835,2.458271891831185,2.906703485853627,0.5628615649655311,0.32644242168607945,1,2,-4.461359619130786,8.530782330998656,-9.956320829689503,-2.2853697516256943,0.6335871673648548,0.35,0,0
1789003958.2544973,26.724682807922363,-2.2018249562901357,2.464937515910279,2.923111849216199,0.5713346083727053,0.3257394435787207,1,2,-4.461359619130786,8.530782330998656,-9.956320829689503,-2.2853697516256943,0.6406210261642996,0.35,0,0
1789003958.2670658,26.73725128173828,-2.209573130818731,2.462913812075056,2.9272099081904734,0.5733352074786702,0.32494664938418605,1,2,-4.461359619130786,8.530782330998656,-9.956320829689503,-2.2853697516256943,0.643635179564064,0.35,0,0
1789003958.305123,26.77530860900879,-2.2310513396972054,2.4678431516853743,2.936486592276381,0.5819824225099418,0.32335970456677904,1,2,-4.461359619130786,8.530782330998656,-9.956320829689503,-2.2853697516256943,0.643635179564064,0.35,0,0
1789003958.3308861,26.801071643829346,-2.2457029150370764,2.4708766539381144,2.944779292226224,0.5820785195750534,0.3226787167548004,1,2,-4.461359619130786,8.530782330998656,-9.956320829689503,-2.2853697516256943,0.6507825121590054,0.35,0,0
1789003958.355912,26.82609748840332,-2.26003679603211,2.473694130273355,2.9531890590573715,0.5854841854695528,0.3221066393372196,1,2,-4.461359619130786,8.530782330998656,-9.956320829689503,-2.2853697516256943,0.6540340319738909,0.35,0,0
1789003958.4070027,26.877188205718994,-2.29031707849901,2.4755453362531137,2.9702606299280525,0.5865692049517945,0.32126620850354404,1,2,-4.461359619130786,8.530782330998656,-9.956320829689503,-2.2853697516256943,0.6540340319738909,0.35,0,0
1789003958.4309049,26.901090383529663,-2.304050928063747,2.477899866554172,2.9779236901792405,0.5839489036248033,0.320956701930011,1,2,-4.461359619130786,8.530782330998656,-9.956320829689503,-2.2853697516256943,0.6598141771987404,0.35,0,0
1789003958.4604278,26.93061327934265,-2.321980596043466,2.4772063820761696,2.98773558007686,0.5872277197390601,0.32070241674128835,1,2,-4.461359619130786,8.530782330998656,-9.956320829689503,-2.2853697516256943,0.6658899266285865,0.35,0,0
1789003958.5082703,26.978455781936646,-2.3498201497335995,2.4816991318754775,3.0002990261730496,0.5930042972107386,0.3198903872476369,1,2,-4.461359619130786,8.530782330998656,-9.956320829689503,-2.2853697516256943,0.6658899266285865,0.35,0,0
1789003958.5309277,27.001113176345825,-2.3631794686596783,2.4836028426213743,3.0075245939339554,0.5973282679125884,0.31949618990139633,1,2,-4.461359619130786,8.530782330998656,-9.956320829689503,-2.2853697516256943,0.6688627743610754,0.35,0,0
1789003958.566046,27.036231517791748,-2.3849365471069848,2.482856014187466,3.019640853422718,0.6024344987654691,0.3192416104353027,1,2,-4.461359619130786,8.530782330998656,-9.956320829689503,-2.2853697516256943,0.6763177850939324,0.35,0,0
1789003958.6099224,27.080107927322388,-2.4111575321844634,2.4857770942613553,3.035419780192985,0.6049330643637063,0.319090706770903,1,2,-4.461359619130786,8.530782330998656,-9.956320829689503,-2.2853697516256943,0.6763177850939324,0.35,0,0
1789003958.630912,27.101097583770752,-2.4237230952252573,2.4871032690335055,3.0421149895013553,0.6040598466147384,0.3190497276227177,1,2,-4.461359619130786,8.530782330998656,-9.956320829689503,-2.2853697516256943,0.6825656168259252,0.35,0,0
1789003958.6619117,27.132097244262695,-2.4433611582337402,2.4854590765084685,3.053054878770241,0.6076526745998589,0.3191658862949346,1,2,-4.461359619130786,8.530782330998656,-9.956320829689503,-2.2853697516256943,0.692269000223504,0.35,0,0
1789003958.711264,27.18144941329956,-2.473244624084061,2.488223685519566,3.066654861396298,0.6117928408422288,0.31916561807977284,1,2,-4.461359619130786,8.530782330998656,-9.956320829689503,-2.2853697516256943,0.692269000223504,0.35,0,0
1789003958.7308407,27.20102620124817,-2.485169484410645,2.489113446832592,3.0728776091463317,0.6127677042478721,0.31876634823206434,1,2,-4.461359619130786,8.530782330998656,-9.956320829689503,-2.2853697516256943,0.6943676646562748,0.35,0,0
1789003958.763895,27.23408055305481,-2.5064406427853685,2.486784380218805,3.0865631357648926,0.6167599856406851,0.3190771894050095,1,2,-4.461359619130786,8.530782330998656,-9.956320829689503,-2.2853697516256943,0.7029281822392736,0.35,0,0
1789003958.812965,27.28315043449402,-2.5368542180957236,2.4878652464875417,3.1067177115489812,0.6228932265150329,0.31936484608116744,1,2,-4.461359619130786,8.530782330998656,-9.956320829689503,-2.2853697516256943,0.7029281822392736,0.35,0,0
1789003958.830911,27.301096439361572,-2.547958253651816,2.4882392747795863,3.1125215671250137,0.6211292620695511,0.3205571003337275,1,2,-4.461359619130786,8.530782330998656,-9.956320829689503,-2.2853697516256943,0.7079004385862964,0.35,0,0
1789003958.8638008,27.333986282348633,-2.569488842557107,2.4853549619711575,3.1240352023904148,0.6244376149190031,0.32113973831537584,1,2,-4.461359619130786,8.530782330998656,-9.956320829689503,-2.2853697516256943,0.7189373552392425,0.35,0,0
1789003958.9144497,27.38463521003723,-2.6013463076949668,2.486066510381332,3.1379652344377327,0.6325502944047506,0.3214543448900763,1,2,-4.461359619130786,8.530782330998656,-9.956320829689503,-2.2853697516256943,0.7189373552392425,0.35,0,0
1789003958.9308784,27.401063919067383,-2.6118249577404935,2.4861156444515626,-3.1399316492288496,0.6381087157136867,0.32157166946122817,1,2,-4.461359619130786,8.530782330998656,-9.956320829689503,-2.2853697516256943,0.7197629942149616,0.35,0,0
1789003958.965657,27.435842514038086,-2.6351743012456708,2.4823899464289827,-3.1258848230448906,0.6431051943670343,0.32210644875643346,1,2,-4.461359619130786,8.530782330998656,-9.956320829689503,-2.2853697516256943,0.7288976909402138,0.35,0,0
1789003959.0162754,27.48646092414856,-2.6681384238858525,2.481361570268991,-3.1059151046956694,0.6540423958399667,0.32252080330842986,1,2,-4.461359619130786,8.530782330998656,-9.956320829689503,-2.2853697516256943,0.7288976909402138,0.35,0,0
1789003959.0308855,27.501070976257324,-2.677802247014366,2.481032510110184,-3.101128287559012,0.660659529621256,0.3237993278486267,1,2,-4.461359619130786,8.530782330998656,-9.956320829689503,-2.2853697516256943,0.7331281725272525,0.35,0,0
1789003959.0676963,27.53788185119629,-2.7032408068711757,2.476677210569161,-3.0890335672960543,0.6665291044374113,0.3243164851466562,1,2,-4.461359619130786,8.530782330998656,-9.956320829689503,-2.2853697516256943,0.7442170372173128,0.35,0,0
1789003959.1179829,27.588168382644653,-2.7367329666697824,2.474776360564092,-3.072505322716816,0.6709790542860679,0.3246678977772146,1,2,-4.461359619130786,8.530782330998656,-9.956320829689503,-2.2853697516256943,0.7442170372173128,0.35,0,0
1789003959.1308835,27.60106897354126,-2.745386442774381,2.4741802899512564,-3.0682795688823292,0.6733828309247512,0.3253873098338678,1,2,-4.461359619130786,8.530782330998656,-9.956320829689503,-2.2853697516256943,0.7440185184623098,0.35,0,0
1789003959.168544,27.638729572296143,-2.7718749130958913,2.4689082037111687,-3.0558537273518467,0.678810877280774,0.32569337264943937,1,2,-4.461359619130786,8.530782330998656,-9.956320829689503,-2.2853697516256943,0.755538952690451,0.35,0,0
1789003959.219129,27.689314603805542,-2.8064051810130004,2.4654817817812607,-3.0362819226559714,0.6886758001516515,0.32598737626357466,1,2,-4.461359619130786,8.530782330998656,-9.956320829689503,-2.2853697516256943,0.755538952690451,0.35,0,0
1789003959.2308335,27.701019048690796,-2.8144224187920592,2.464632720692064,-3.0324081550491915,0.6897688471107782,0.32699051569838483,1,2,-4.461359619130786,8.530782330998656,-9.956320829689503,-2.2853697516256943,0.7580566465449118,0.35,0,0
1789003959.2709136,27.7410991191864,-2.842660166405785,2.45832905369796,-3.019805667127201,0.6954910297203972,0.3269735360645386,1,2,-4.461359619130786,8.530782330998656,-9.956320829689503,-2.2853697516256943,0.7607195468958206,0.35,0,0
1789003959.3205156,27.790701150894165,-2.87688440937794,2.4541729960809957,-3.004649373516997,0.6995220159342939,0.3272997292314607,1,2,-4.461359619130786,8.530782330998656,-9.956320829689503,-2.2853697516256943,0.7607195468958206,0.35,0,0
1789003959.3309095,27.801095008850098,-2.883986312109441,2.453178513804662,-3.0012284944783225,0.6960449484303134,0.3276559567889707,1,2,-4.461359619130786,8.530782330998656,-9.956320829689503,-2.2853697516256943,0.7744548804826759,0.35,0,0
1789003959.3708997,27.841085195541382,-2.9123283083401437,2.445984133835894,-2.988624857757518,0.7014480097345013,0.32763667477776753,1,2,-4.461359619130786,8.530782330998656,-9.956320829689503,-2.2853697516256943,0.775619689128318,0.35,0,0
1789003959.4214303,27.891615867614746,-2.9476009358717494,2.4401827931005426,-2.9698334851886545,0.710067731384746,0.32779825119656114,1,2,-4.461359619130786,8.530782330998656,-9.956320829689503,-2.2853697516256943,0.775619689128318,0.35,0,0
1789003959.4308333,27.901018857955933,-2.954287097785314,2.439039176760594,-2.96671276065687,0.7160910917628056,0.32841876382645163,1,2,-4.461359619130786,8.530782330998656,-9.956320829689503,-2.2853697516256943,0.7818958089205386,0.35,0,0
1789003959.4720247,27.94221019744873,-2.98422381730433,2.4306174292540583,-2.9544334219808652,0.7219162045710867,0.3283715562904583,1,2,-4.461359619130786,8.530782330998656,-9.956320829689503,-2.2853697516256943,0.7840458503319923,0.35,0,0
1789003959.522828,27.993013620376587,-3.020329636608217,2.423995612172328,-2.9401546768662166,0.7271426328162375,0.3283473883713597,1,2,-4.461359619130786,8.530782330998656,-9.956320829689503,-2.2853697516256943,0.7840458503319923,0.35,0,0
1789003959.5308387,28.00102424621582,-3.025930235034404,2.422834571606132,-2.9375462684191467,0.7232314673675713,0.3279460756173805,1,2,-4.461359619130786,8.530782330998656,-9.956320829689503,-2.2853697516256943,0.7929928263288428,0.35,0,0
1789003959.573239,28.043424606323242,-3.056783855767419,2.4133493061624702,-2.9247640026790696,0.7289421166741004,0.32790267302495485,1,2,-4.461359619130786,8.530782330998656,-9.956320829689503,-2.2853697516256943,0.794569321215716,0.35,0,0
1789003959.580911,28.051096439361572,-3.0620661603502306,2.412161500338839,-2.92226478335395,0.722736125728116,0.32761054413079443,1,2,-4.461359619130786,8.530782330998656,-9.956320829689503,-2.2853697516256943,0.794569321215716,0.35,0,0
1789003959.6308334,28.10101890563965,-3.097479505378824,2.4047405833836777,-2.910089070649035,0.7277060156434115,0.3261802214757623,1,2,-4.461359619130786,8.530782330998656,-9.956320829689503,-2.2853697516256943,0.8029221375331268,0.35,0,0
1789003959.6746626,28.144848108291626,-3.1294681312600305,2.394047993013774,-2.896953307467776,0.7332423022325949,0.32613428973934705,1,2,-4.461359619130786,8.530782330998656,-9.956320829689503,-2.2853697516256943,0.8037890319116835,0.35,0,0
1789003959.6808827,28.151068210601807,-3.133921824960769,2.3929379780317186,-2.8949592397633355,0.7349073493322077,0.3254636121504307,1,2,-4.461359619130786,8.530782330998656,-9.956320829689503,-2.2853697516256943,0.8037890319116835,0.35,0,0
1789003959.7309093,28.20109486579895,-3.169781475480847,2.383550912813032,-2.8763826453572467,0.7472790337468805,0.3252237785268625,1,2,-4.461359619130786,8.530782330998656,-9.956320829689503,-2.2853697516256943,0.8144833004715444,0.34016337533458474,0,0
1789003959.7756386,28.245824098587036,-3.2029761455487717,2.3713634698147183,-2.862792896982516,0.7532297396628622,0.32518416729078126,1,2,-4.461359619130786,8.530782330998656,-9.956320829689503,-2.2853697516256943,0.8152151553432981,0.3383263307172273,0,0
1789003959.7808344,28.251019954681396,-3.20704667469004,2.3702335295520593,-2.8611185447334284,0.7644109973159372,0.3249257564785798,1,2,-4.461359619130786,8.530782330998656,-9.956320829689503,-2.2853697516256943,0.8152151553432981,0.3383263307172273,0,0
1789003959.830917,28.30110239982605,-3.2441098048829167,2.360059016232281,-2.848915436861541,0.7711588856081911,0.32355058679786153,1,2,-4.461359619130786,8.530782330998656,-9.956320829689503,-2.2853697516256943,0.8247950008740215,0.3142797548911198,0,0
1789003959.8770235,28.347208976745605,-3.279094200760172,2.346254709235261,-2.834325231274306,0.7777448307273086,0.32353539900163314,1,2,-4.461359619130786,8.530782330998656,-9.956320829689503,-2.2853697516256943,0.825878583257591,0.3115598314991641,0,0
1789003959.8809109,28.351096391677856,-3.2818815435369317,2.345358100989645,-2.833095241976512,0.7750086850575971,0.32298779375662706,1,2,-4.461359619130786,8.530782330998656,-9.956320829689503,-2.2853697516256943,0.825878583257591,0.3115598314991641,0,0
1789003959.9309087,28.40109419822693,-3.3188005930263187,2.3331624371348587,-2.8142943020369637,0.779141891848947,0.3229741840064382,1,2,-4.461359619130786,8.530782330998656,-9.956320829689503,-2.2853697516256943,0.8420024222482094,0.2710870372717009,0,0
1789003959.9780235,28.448209047317505,-3.3545002381036486,2.317838970612387,-2.799743847437652,0.785591305574643,0.32294532139142834,1,2,-4.461359619130786,8.530782330998656,-9.956320829689503,-2.2853697516256943,0.8378138462505261,0.28160087175981285,0,0
1789003959.980835,28.45102047920227,-3.3564818146606155,2.31712143239328,-2.7988444692215495,0.7824390401243211,0.3227973569646807,1,2,-4.461359619130786,8.530782330998656,-9.956320829689503,-2.2853697516256943,0.8378138462505261,0.28160087175981285,0,0
1789003960.0308335,28.50101900100708,-3.3935737377905815,2.3043997277332737,-2.786513717388646,0.7866021509701319,0.32162867414691493,1,2,-4.461359619130786,8.530782330998656,-9.956320829689503,-2.2853697516256943,0.8525770506544437,0.2445434356042302,0,0
1789003960.079911,28.55009651184082,-3.430704623095713,2.2872675301074725,-2.7704080519043064,0.7930328627303005,0.3216381154169322,1,2,-4.461359619130786,8.530782330998656,-9.956320829689503,-2.2853697516256943,0.8487474904424908,0.25415609686500273,0,0
1789003960.0808327,28.551018238067627,-3.43122782025259,2.287043168389929,-2.7701300020967463,0.7875607402306759,0.3212617990967485,1,2,-4.461359619130786,8.530782330998656,-9.956320829689503,-2.2853697516256943,0.8487474904424908,0.25415609686500273,0,0
1789003960.1308985,28.601083993911743,-3.46797181960088,2.2723030430992366,-2.7511960039967867,0.7929752147004065,0.32146659356248475,1,2,-4.461359619130786,8.530782330998656,-9.956320829689503,-2.2853697516256943,0.8541391943370479,0.24062226522684327,0,0
1789003960.181417,28.651602506637573,-3.5059553305103694,2.2534384729365127,-2.7354774172437764,0.7992781012999877,0.32143656359542755,1,2,-4.461359619130786,8.530782330998656,-9.956320829689503,-2.2853697516256943,0.8611868585821422,0.22293177198004788,0,0
1789003960.2327106,28.702896118164062,-3.5437672033012864,2.237354924910529,-2.720330861544312,0.7995687116518793,0.32111002499816843,1,2,-4.461359619130786,8.530782330998656,-9.956320829689503,-2.2853697516256943,0.8674845715558784,0.20712374751155993,0,0
1789003960.2835238,28.753709316253662,-3.581772793078924,2.2171267495316487,-2.7047094416205755,0.8056087876598944,0.3210667392584992,1,2,-4.461359619130786,8.530782330998656,-9.956320829689503,-2.2853697516256943,0.8789817247854087,0.17826449649006726,0,0
1789003960.3343692,28.80455470085144,-3.6180051938803737,2.199914727013334,-2.686912588587341,0.7931967502283648,0.320870538305772,1,2,-4.461359619130786,8.530782330998656,-9.956320829689503,-2.2853697516256943,0.8790559202970579,0.17807825674422695,0,0
1789003960.3853443,28.85552978515625,-3.655301450294971,2.178671038478666,-2.6723614912326457,0.7983729673604553,0.320763399409059,1,2,-4.461359619130786,8.530782330998656,-9.956320829689503,-2.2853697516256943,0.8914046464392464,0.14708145428205333,0,0
1789003960.4364762,28.90666174888611,-3.6928835981636503,2.160270718903663,-2.659708310745615,0.8246662957760554,0.3195179137710346,1,2,-4.461359619130786,8.530782330998656,-9.956320829689503,-2.2853697516256943,0.8915344845434657,0.1467555448706528,0,0
1789003960.4871864,28.957371950149536,-3.7310330283929,2.1373072533712922,-2.6453582862642526,0.8308312004660977,0.3194043144785072,1,2,-4.461359619130786,8.530782330998656,-9.956320829689503,-2.2853697516256943,0.9019454495015555,0.12062275833617608,0,0
1789003960.538007,29.008192539215088,-3.7683032169055464,2.1171854245478228,-2.62970071805912,0.8334893214494815,0.3178417255847555,1,2,-4.461359619130786,8.530782330998656,-9.956320829689503,-2.2853697516256943,0.9016367945250797,0.12139751981558922,0,0
1789003960.5891352,29.05932068824768,-3.8067811494813197,2.093218212571585,-2.619223415702909,0.8395313912651505,0.3174995871351711,1,2,-4.461359619130786,8.530782330998656,-9.956320829689503,-2.2853697516256943,0.9130051729602849,0.09286150916851543,0,0
1789003960.6397347,29.109920263290405,-3.8435335965714743,2.072307546531688,-2.6048092129528024,0.8501970652229153,0.3148935513911862,1,2,-4.461359619130786,8.530782330998656,-9.956320829689503,-2.2853697516256943,0.9119212581855172,0.0955822669027504,0,0
1789003960.6518652,29.122050762176514,-3.853450191552494,2.063317852692817,-2.6009263758384793,0.8516894737480563,0.3148931643906414,1,2,-4.461359619130786,8.530782330998656,-9.956320829689503,-2.2853697516256943,0.9213840118992983,0.07182960575884634,0,0
1789003960.6905262,29.160711765289307,-3.882669019105787,2.046465479389571,-2.5930730119183902,0.8764299583430523,0.312859263162991,1,2,-4.461359619130786,8.530782330998656,-9.956320829689503,-2.2853697516256943,0.9213840118992983,0.07182960575884634,0,0
1789003960.7414937,29.211679220199585,-3.921131816246529,2.0235238465079872,-2.580514159060502,0.8811590186281985,0.3112877974515154,1,2,-4.461359619130786,8.530782330998656,-9.956320829689503,-2.2853697516256943,0.9219532253770604,0.0704008107944234,0,0
1789003960.7639153,29.234100818634033,-3.9388230413602536,2.0093063486551963,-2.5734600653207265,0.8842973180194098,0.3112877511840736,1,2,-4.461359619130786,8.530782330998656,-9.956320829689503,-2.2853697516256943,0.9266479406628775,0.058616505218688,0,0
1789003960.792638,29.262823581695557,-3.960616677019757,1.9970514208610821,-2.5744321365643876,0.877623684140988,0.3078881313543298,1,2,-4.461359619130786,8.530782330998656,-9.956320829689503,-2.2853697516256943,0.9266479406628775,0.058616505218688,0,0
1789003960.8432765,29.313462018966675,-3.9983649960999146,1.973596902801031,-2.562439660524337,0.877063784741957,0.3054290109713259,1,2,-4.461359619130786,8.530782330998656,-9.956320829689503,-2.2853697516256943,0.9293405682641568,0.05185768289968751,0,0
1789003960.8569899,29.32717537879944,-4.009454959966339,1.9632549858977746,-2.5581851749846614,0.8787476123502548,0.30542869183628035,1,2,-4.461359619130786,8.530782330998656,-9.956320829689503,-2.2853697516256943,0.9334971345809839,0.04142419659833996,0,0
1789003960.8939807,29.364166259765625,-4.037253579880776,1.9458919589475099,-2.5529765802303483,0.888434421268028,0.30169217723529035,1,2,-4.461359619130786,8.530782330998656,-9.956320829689503,-2.2853697516256943,0.9334971345809839,0.04142419659833996,0,0
1789003960.9447796,29.41496515274048,-4.075823967142302,1.9217979754100347,-2.5465616026700166,0.9043123396019711,0.29822677365014805,1,2,-4.461359619130786,8.530782330998656,-9.956320829689503,-2.2853697516256943,0.9373761731973766,0.03168733853290062,0,0
1789003960.9614801,29.431665658950806,-4.089327905360399,1.909567442397565,-2.541519059519874,0.9065978811385801,0.2982262957555485,1,2,-4.461359619130786,8.530782330998656,-9.956320829689503,-2.2853697516256943,0.9397975142393955,0.025609478427428112,0,0
1789003960.9951968,29.46538233757019,-4.114920616975879,1.893035476755636,-2.537584247602226,0.9074357224420793,0.2935600656849229,1,2,-4.461359619130786,8.530782330998656,-9.956320829689503,-2.2853697516256943,0.9397975142393955,0.025609478427428112,0,0
1789003961.0457392,29.51592469215393,-4.153112883161201,1.8677215522817754,-2.5286220114893183,0.9051393641047323,0.2904706691750578,1,2,-4.461359619130786,8.530782330998656,-9.956320829689503,-2.2853697516256943,0.9432820054872866,0.016862982177661134,0,0
1789003961.0586233,29.52880883216858,-4.163663623288095,1.857216647532135,-2.5248107827326582,0.9067440028715217,0.2904704682998859,1,2,-4.461359619130786,8.530782330998656,-9.956320829689503,-2.2853697516256943,0.9468642666893805,0.00787107146795174,0,0
1789003961.0963125,29.566498041152954,-4.191900340669558,1.8385245391961293,-2.5217472667909933,0.9024427521639398,0.28578783502934546,1,2,-4.461359619130786,8.530782330998656,-9.956320829689503,-2.2853697516256943,0.9468642666893805,0.00787107146795174,0,0
1789003961.1470282,29.6172137260437,-4.23042398436358,1.8134039286326862,-2.5194599632666796,0.9120268599936586,0.28121057954108525,1,2,-4.461359619130786,8.530782330998656,-9.956320829689503,-2.2853697516256943,0.949758067294746,0.0006072804747265792,0,0
1789003961.157808,29.6279935836792,-4.239434017458048,1.8038608845647326,-2.5163669408640916,0.9133148876470957,0.2812100532014922,1,2,-4.461359619130786,8.530782330998656,-9.956320829689503,-2.2853697516256943,0.9494947638780458,-0.001268204030816289,0,0
1789003961.1974728,29.66765832901001,-4.269764303324229,1.7832111301910383,-2.5124251367433037,0.9269430929686021,0.27519889910532824,1,2,-4.461359619130786,8.530782330998656,-9.956320829689503,-2.2853697516256943,0.9494947638780458,-0.001268204030816289,0,0
1789003961.2480364,29.71822190284729,-4.3083677120370565,1.7564533151475574,-2.5055439405393596,0.9310572777673319,0.27132102627133553,1,2,-4.461359619130786,8.530782330998656,-9.956320829689503,-2.2853697516256943,0.9467514581722676,-0.00815423454734443,0,0
1789003961.2658346,29.7360200881958,-4.322638835522893,1.74282430502199,-2.5006430762595495,0.9332963328181746,0.27132087686463513,1,2,-4.461359619130786,8.530782330998656,-9.956320829689503,-2.2853697516256943,0.9439869118126707,-0.015093581684794355,0,0
1789003961.2986946,29.768880128860474,-4.347764950882186,1.72567255403851,-2.500427427650384,0.9305191925023604,0.26560456740089355,1,2,-4.461359619130786,8.530782330998656,-9.956320829689503,-2.2853697516256943,0.9439869118126707,-0.015093581684794355,0,0
1789003961.3498793,29.820064783096313,-4.3870768323166525,1.6989069944021369,-2.500194173964319,0.9309726723000523,0.2629258802905774,1,2,-4.461359619130786,8.530782330998656,-9.956320829689503,-2.2853697516256943,0.9418988338788106,-0.020334910911487647,0,0
1789003961.3697443,29.839929819107056,-4.402774049841058,1.6840810797965449,-2.4951492050548314,0.9325014216227204,0.25939354122884034,1,2,-4.461359619130786,8.530782330998656,-9.956320829689503,-2.2853697516256943,0.9419726703248541,-0.020149572463929122,0,0
1789003961.4005384,29.870723962783813,-4.4265000012978195,1.6675870479751078,-2.4946173380451606,0.9388170265892302,0.2533528289427947,1,2,-4.461359619130786,8.530782330998656,-9.956320829689503,-2.2853697516256943,0.9419726703248541,-0.020149572463929122,0,0
1789003961.451322,29.921507596969604,-4.465458501538404,1.639472456124399,-2.488974031401317,0.9500232119263308,0.250711495662698,1,2,-4.461359619130786,8.530782330998656,-9.956320829689503,-2.2853697516256943,0.9428565624411076,-0.017930895896814736,0,0
1789003961.4566808,29.92686629295349,-4.470535153989318,1.632510217099508,-2.48772989537015,0.9512649189400326,0.24794813444264158,1,2,-4.461359619130786,8.530782330998656,-9.956320829689503,-2.2853697516256943,0.9372916902259688,-0.031899401052224,0,0
1789003961.5024405,29.972625970840454,-4.506305991380131,1.6076851758422348,-2.4895114490804624,0.9537203209023359,0.24179187220491866,1,2,-4.461359619130786,8.530782330998656,-9.956320829689503,-2.2853697516256943,0.9372916902259688,-0.031899401052224,0,0
1789003961.5530186,30.02320408821106,-4.545114309472071,1.579179592274887,-2.483687264475307,0.9542929137450981,0.2388140719207367,1,2,-4.461359619130786,8.530782330998656,-9.956320829689503,-2.2853697516256943,0.9379635414275332,-0.030212972934936744,0,0
1789003961.553896,30.024081468582153,-4.546806848349411,1.5747876572866117,-2.483573384196476,0.9536420997902986,0.23583581518875335,1,2,-4.461359619130786,8.530782330998656,-9.956320829689503,-2.2853697516256943,0.9351159685573806,-0.03736072669807289,0,0
1789003961.6037989,30.073984384536743,-4.58505327243427,1.54664967776747,-2.4796923660535017,0.9532315770032083,0.23042308812381554,1,2,-4.461359619130786,8.530782330998656,-9.956320829689503,-2.2853697516256943,0.9351159685573806,-0.03736072669807289,0,0
1789003961.654569,30.124754428863525,-4.6239609194776605,1.5177664700339941,-2.4755161364283578,0.9569404894818697,0.2279746663879467,1,2,-4.461359619130786,8.530782330998656,-9.956320829689503,-2.2853697516256943,0.9330997898701369,-0.042421580083057187,0,0
1789003961.6580215,30.128206968307495,-4.627543813013019,1.5118661261314204,-2.474817170416592,0.9569404284574915,0.22525585140745508,1,2,-4.461359619130786,8.530782330998656,-9.956320829689503,-2.2853697516256943,0.9315072932081512,-0.046418940125288355,0,0
1789003961.7056527,30.175838232040405,-4.664737321568026,1.485310643723287,-2.4773036398586945,0.9613152972830872,0.21916299898327005,1,2,-4.461359619130786,8.530782330998656,-9.956320829689503,-2.2853697516256943,0.9315072932081512,-0.046418940125288355,0,0
1789003961.7309122,30.2010977268219,-4.683816865188868,1.4703599109375236,-2.4719205800601967,0.9604428699090345,0.21644718362629345,1,2,-4.461359619130786,8.530782330998656,-9.956320829689503,-2.2853697516256943,0.9326085940185624,-0.04365454132992408,0,0
1789003961.762136,30.2323215007782,-4.7089508765170125,1.4487230939916524,-2.4713451288574695,0.9629362216272265,0.21323706040379406,1,2,-4.461359619130786,8.530782330998656,-9.956320829689503,-2.2853697516256943,0.9301835226696207,-0.049741764958846524,0,0
1789003961.807156,30.277341604232788,-4.743515446717386,1.422786256589958,-2.4693185053900146,0.9620344330430207,0.20787437189010596,1,2,-4.461359619130786,8.530782330998656,-9.956320829689503,-2.2853697516256943,0.9301835226696207,-0.049741764958846524,0,0
1789003961.8309093,30.30109477043152,-4.761340619174085,1.408589329778703,-2.4645148095869436,0.9601183772702767,0.2057311688129449,1,2,-4.461359619130786,8.530782330998656,-9.956320829689503,-2.2853697516256943,0.9280802542168589,-0.0550212242329855,0,0
1789003961.85858,30.328765630722046,-4.784346102261676,1.3897038967056374,-2.470766687185614,0.9617826006018795,0.20182448515132845,1,2,-4.461359619130786,8.530782330998656,-9.956320829689503,-2.2853697516256943,0.9291900142217382,-0.052235591832074046,0,0
1789003961.9093287,30.37951421737671,-4.82290210239072,1.3600749994043766,-2.465904483122995,0.9602039105693125,0.1990330150807079,1,2,-4.461359619130786,8.530782330998656,-9.956320829689503,-2.2853697516256943,0.9291900142217382,-0.052235591832074046,0,0
1789003961.9309077,30.401093244552612,-4.838931304316345,1.3472080302999438,-2.461950453102929,0.9544339754937894,0.19402215026953684,1,2,-4.461359619130786,8.530782330998656,-9.956320829689503,-2.2853697516256943,0.9270273961005573,-0.05766402598240683,0,0
1789003961.9622197,30.43240523338318,-4.863793844622948,1.3254262756984363,-2.462224068389441,0.955501579889142,0.19116856067568241,1,2,-4.461359619130786,8.530782330998656,-9.956320829689503,-2.2853697516256943,0.9252950576173415,-0.062012405980762075,0,0
1789003962.0110316,30.4812171459198,-4.900578867986594,1.2971700725846764,-2.46016255754237,0.9524097948023527,0.18897191704936558,1,2,-4.461359619130786,8.530782330998656,-9.956320829689503,-2.2853697516256943,0.9252950576173415,-0.062012405980762075,0,0
1789003962.030838,30.501023530960083,-4.915083001350292,1.2853923138579153,-2.4567338467730315,0.9459299097397905,0.18446511131676946,1,2,-4.461359619130786,8.530782330998656,-9.956320829689503,-2.2853697516256943,0.9239743075845214,-0.06532764897812449,0,0
1789003962.0621111,30.532296657562256,-4.940143804916794,1.2643322600344993,-2.46195665379896,0.9463298056991181,0.18081290463093902,1,2,-4.461359619130786,8.530782330998656,-9.956320829689503,-2.2853697516256943,0.9253408749148659,-0.06189739899912183,0,0
1789003962.11275,30.582935571670532,-4.977860292087918,1.2349505749475282,-2.458544683398166,0.9457106376783997,0.1782472159086679,1,2,-4.461359619130786,8.530782330998656,-9.956320829689503,-2.2853697516256943,0.9253408749148659,-0.06189739899912183,0,0
1789003962.1308339,30.601019382476807,-4.991045280080896,1.2242095212568214,-2.45563626719641,0.9426158878449435,0.1734349827457598,1,2,-4.461359619130786,8.530782330998656,-9.956320829689503,-2.2853697516256943,0.9232204546702166,-0.06721991135411187,0,0
1789003962.166747,30.636932611465454,-5.01868814163022,1.1996547341880943,-2.454727690321183,0.9434357918007559,0.17076123102725002,1,2,-4.461359619130786,8.530782330998656,-9.956320829689503,-2.2853697516256943,0.9216472776794339,-0.07116877667510524,0,0
1789003962.214889,30.6850745677948,-5.054709201266099,1.1721192365800848,-2.456020252869198,0.9431251082333079,0.16864455821262034,1,2,-4.461359619130786,8.530782330998656,-9.956320829689503,-2.2853697516256943,0.9216472776794339,-0.07116877667510524,0,0
1789003962.2308376,30.70102310180664,-5.066235440833261,1.1626702193227414,-2.453632703882446,0.9379291801739437,0.16349544626936163,1,2,-4.461359619130786,8.530782330998656,-9.956320829689503,-2.2853697516256943,0.9205115449862569,-0.07401960367822147,0,0
1789003962.2662566,30.73644208908081,-5.093238958189795,1.1383497227240515,-2.452341315532953,0.9379527828634541,0.16082996657888055,1,2,-4.461359619130786,8.530782330998656,-9.956320829689503,-2.2853697516256943,0.921648344391,-0.07116609909951421,0,0
1789003962.3163507,30.78653621673584,-5.129810783728148,1.1092719824827193,-2.449769090162377,0.9343536126637846,0.15887198408315328,1,2,-4.461359619130786,8.530782330998656,-9.956320829689503,-2.2853697516256943,0.921648344391,-0.07116609909951421,0,0
1789003962.3308847,30.80107021331787,-5.140184399550975,1.1006693317828284,-2.4477152507943716,0.9307619004186476,0.154932376311691,1,2,-4.461359619130786,8.530782330998656,-9.956320829689503,-2.2853697516256943,0.9195902998597512,-0.0763320408378716,0,0
1789003962.3689783,30.839163780212402,-5.168845193235828,1.0749098622522606,-2.447193273781649,0.9308291819897322,0.15252806778331682,1,2,-4.461359619130786,8.530782330998656,-9.956320829689503,-2.2853697516256943,0.9172489906293404,-0.08220901137574455,0,0
1789003962.4182272,30.888412714004517,-5.205129395796647,1.0467057959113637,-2.4491229358375497,0.9333877843161945,0.1506629978328992,1,2,-4.461359619130786,8.530782330998656,-9.956320829689503,-2.2853697516256943,0.9172489906293404,-0.08220901137574455,0,0
1789003962.430827,30.901012420654297,-5.2142014743423575,1.039170059690606,-2.447492908828482,0.9353890493994513,0.14584384729882843,1,2,-4.461359619130786,8.530782330998656,-9.956320829689503,-2.2853697516256943,0.9166317431962339,-0.08375837740216596,0,0
1789003962.4686432,30.938828706741333,-5.242805477878088,1.0131785977716696,-2.4464104578268637,0.9364526626974615,0.14327135420394482,1,2,-4.461359619130786,8.530782330998656,-9.956320829689503,-2.2853697516256943,0.9180288724563417,-0.08025141326748209,0,0
1789003962.5192049,30.98939037322998,-5.2795776476081295,0.9835463128449539,-2.4444003542281303,0.9354161138373462,0.14143251385324343,1,2,-4.461359619130786,8.530782330998656,-9.956320829689503,-2.2853697516256943,0.9180288724563417,-0.08025141326748209,0,0
1789003962.5308335,31.00101900100708,-5.287817608689697,0.9766351850564866,-2.442992967041101,0.9304375104691833,0.13766567040635766,1,2,-4.461359619130786,8.530782330998656,-9.956320829689503,-2.2853697516256943,0.9153229016456778,-0.08704372866267107,0,0
1789003962.5697875,31.03997302055359,-5.316578117210504,0.9504039682986526,-2.442331062737159,0.9314375851997788,0.13749252912190227,1,2,-4.461359619130786,8.530782330998656,-9.956320829689503,-2.2853697516256943,0.9145794874774683,-0.08890978851809583,0,0
1789003962.6206446,31.090830087661743,-5.353533831706164,0.9210710962986584,-2.4436086285042533,0.92926163557724,0.1349131659458929,1,2,-4.461359619130786,8.530782330998656,-9.956320829689503,-2.2853697516256943,0.9145794874774683,-0.08890978851809583,0,0
1789003962.6308386,31.10102415084839,-5.360741829977807,0.9150066300354622,-2.4425353295939485,0.9273937166577254,0.12964823337200881,1,2,-4.461359619130786,8.530782330998656,-9.956320829689503,-2.2853697516256943,0.9151691500298577,-0.08742966389266504,0,0
1789003962.6711457,31.1413311958313,-5.390237415676062,0.8878571471394594,-2.4408744820909787,0.9282164101164968,0.12949731724866023,1,2,-4.461359619130786,8.530782330998656,-9.956320829689503,-2.2853697516256943,0.9146747713594484,-0.08867061440138446,0,0
1789003962.7219896,31.192175149917603,-5.426667704391394,0.8580211381554209,-2.438870291784285,0.9273278465028824,0.12682040320209695,1,2,-4.461359619130786,8.530782330998656,-9.956320829689503,-2.2853697516256943,0.9146747713594484,-0.08867061440138446,0,0
1789003962.7308333,31.201018810272217,-5.432916624954728,0.8527225657420109,-2.4380348694057314,0.92732107030531,0.1225343730634324,1,2,-4.461359619130786,8.530782330998656,-9.956320829689503,-2.2853697516256943,0.9111091584826299,-0.09762073579258912,0,0
1789003962.7731318,31.243317365646362,-5.463998376298335,0.8246735509683785,-2.4394286370242,0.9281029063118001,0.12225308926474901,1,2,-4.461359619130786,8.530782330998656,-9.956320829689503,-2.2853697516256943,0.9106640873795773,-0.09873791831847001,0,0
1789003962.7809048,31.25109028816223,-5.469523680673142,0.8199917079458949,-2.438628960683632,0.9291643456449143,0.1195419883695013,1,2,-4.461359619130786,8.530782330998656,-9.956320829689503,-2.2853697516256943,0.9106640873795773,-0.09873791831847001,0,0
1789003962.8309233,31.301108837127686,-5.505289956377676,0.7902907679521951,-2.435840913183545,0.9297827592879863,0.1151742195210942,1,2,-4.461359619130786,8.530782330998656,-9.956320829689503,-2.2853697516256943,0.9107421860915113,-0.09854188106584205,0,0
1789003962.8747876,31.34497308731079,-5.537155067111405,0.7607512290294869,-2.434315113731847,0.9306193153985212,0.11501619847816809,1,2,-4.461359619130786,8.530782330998656,-9.956320829689503,-2.2853697516256943,0.9098383811968347,-0.10081054112535437,0,0
1789003962.8808331,31.35101866722107,-5.5414299099694455,0.7570942567125765,-2.4337495711108468,0.9307036989757516,0.11296983270927678,1,2,-4.461359619130786,8.530782330998656,-9.956320829689503,-2.2853697516256943,0.9098383811968347,-0.10081054112535437,0,0
1789003962.9308898,31.40107536315918,-5.577280853679233,0.7273096072800828,-2.4324485102181295,0.9315317652333764,0.10907965763841798,1,2,-4.461359619130786,8.530782330998656,-9.956320829689503,-2.2853697516256943,0.9079072948692248,-0.10565780235255273,0,0
1789003962.976751,31.44693660736084,-5.610805185596061,0.6967761009962505,-2.433669440858512,0.9324011237508129,0.10880949110649017,1,2,-4.461359619130786,8.530782330998656,-9.956320829689503,-2.2853697516256943,0.9075249322468383,-0.10661757897554747,0,0
1789003962.9808352,31.45102071762085,-5.613631318157652,0.6943470109105975,-2.4333548334751383,0.9297393078870401,0.10640494524411816,1,2,-4.461359619130786,8.530782330998656,-9.956320829689503,-2.2853697516256943,0.9075249322468383,-0.10661757897554747,0,0
1789003963.0308406,31.501026153564453,-5.649160700547662,0.6644460220254352,-2.4307822390708846,0.927099447885819,0.10251781522587035,1,2,-4.461359619130786,8.530782330998656,-9.956320829689503,-2.2853697516256943,0.9064585223659721,-0.10929439729998869,0,0
1789003963.0783,31.54848551750183,-5.6832284327573275,0.6326142726069843,-2.4289675096697745,0.9277154077062084,0.10238000576896036,1,2,-4.461359619130786,8.530782330998656,-9.956320829689503,-2.2853697516256943,0.9061686489326035,-0.1100220148250437,0,0
1789003963.0808342,31.5510196685791,-5.684952455752751,0.631119383785135,-2.428818190058457,0.9254115624436041,0.10058149103631389,1,2,-4.461359619130786,8.530782330998656,-9.956320829689503,-2.2853697516256943,0.9061686489326035,-0.1100220148250437,0,0
1789003963.1308331,31.60101866722107,-5.72051448742089,0.6015665013647061,-2.429331668122502,0.9236922416341601,0.09782103666447194,1,2,-4.461359619130786,8.530782330998656,-9.956320829689503,-2.2853697516256943,0.905000348729879,-0.11295459023269228,0,0
1789003963.1800325,31.65021800994873,-5.755508267539136,0.5687058970649633,-2.4269745559200553,0.9241138638415073,0.09767969289630693,1,2,-4.461359619130786,8.530782330998656,-9.956320829689503,-2.2853697516256943,0.9046945183581702,-0.11372226161107069,0,0
1789003963.180836,31.651021480560303,-5.756012922828094,0.5682596184192595,-2.427039858309579,0.9217761981210926,0.09533266851658959,1,2,-4.461359619130786,8.530782330998656,-9.956320829689503,-2.2853697516256943,0.9046945183581702,-0.11372226161107069,0,0
1789003963.2309105,31.701096057891846,-5.79112600098592,0.5383408732992638,-2.424956579146335,0.9204067202974213,0.09299084108560787,1,2,-4.461359619130786,8.530782330998656,-9.956320829689503,-2.2853697516256943,0.9033990344799467,-0.11697408349163174,0,0
1789003963.281684,31.751869440078735,-5.826946928484994,0.5046078063538543,-2.4232016710322766,0.9206457344545236,0.09281010381363543,1,2,-4.461359619130786,8.530782330998656,-9.956320829689503,-2.2853697516256943,0.9019106996419987,-0.12070998470429473,0,0
1789003963.332826,31.803011417388916,-5.862869102458877,0.474344007323424,-2.424087728512365,0.9188511023970384,0.08777683760248998,1,2,-4.461359619130786,8.530782330998656,-9.956320829689503,-2.2853697516256943,0.9008044229458947,-0.12348687357710642,0,0
1789003963.3834257,31.85361123085022,-5.898482975367312,0.4405952085836537,-2.422021586877401,0.9189947879764898,0.08762296367604482,1,2,-4.461359619130786,8.530782330998656,-9.956320829689503,-2.2853697516256943,0.8994404442140749,-0.12691062585940704,0,0
1789003963.4342368,31.904422283172607,-5.933806738528466,0.4101263225063762,-2.4202503923449337,0.9181818090328985,0.08314946384578059,1,2,-4.461359619130786,8.530782330998656,-9.956320829689503,-2.2853697516256943,0.8993381302916692,-0.1271674462314376,0,0
1789003963.485551,31.95573663711548,-5.969965660512296,0.3761239608413907,-2.420479933518739,0.918283079811337,0.08286289937895958,1,2,-4.461359619130786,8.530782330998656,-9.956320829689503,-2.2853697516256943,0.8966948680878181,-0.1338023554070964,0,0
1789003963.5362387,32.00642418861389,-6.00510663999386,0.34566763939001804,-2.4187647643321806,0.9175221443970611,0.07828815465567611,1,2,-4.461359619130786,8.530782330998656,-9.956320829689503,-2.2853697516256943,0.8975824856566105,-0.13157432750162545,0,0
1789003963.5869632,32.057148694992065,-6.040571888017935,0.3117355855413127,-2.4172683397770913,0.9175829600451171,0.07812548110952368,1,2,-4.461359619130786,8.530782330998656,-9.956320829689503,-2.2853697516256943,0.8958350045793523,-0.13596071725020886,0,0
1789003963.6378145,32.10800004005432,-6.075821466483816,0.2811648068376463,-2.416516182114507,0.9179767392780692,0.0741568608872617,1,2,-4.461359619130786,8.530782330998656,-9.956320829689503,-2.2853697516256943,0.8950316800202186,-0.1379771594634187,0,0
1789003963.688931,32.15911650657654,-6.111808077963943,0.24722450467521076,-2.4178290628878822,0.9180566189945685,0.07383422445429541,1,2,-4.461359619130786,8.530782330998656,-9.956320829689503,-2.2853697516256943,0.8928128592948771,-0.143546668976422,0,0
1789003963.7394598,32.20964527130127,-6.146824314135239,0.2168163469115472,-2.4170469834355757,0.9155890136211253,0.0692266231508378,1,2,-4.461359619130786,8.530782330998656,-9.956320829689503,-2.2853697516256943,0.8940108317199444,-0.14053961268677906,0,0
1789003963.7637808,32.23396635055542,-6.1637838143197525,0.1986741009366135,-2.4152948985370815,0.9155681683634146,0.06922633554539594,1,2,-4.461359619130786,8.530782330998656,-9.956320829689503,-2.2853697516256943,0.8928433236200584,-0.14347019982009623,0,0
1789003963.7900214,32.26020693778992,-6.181874766941451,0.18319689610077786,-2.4165139396736586,0.9099005797614708,0.06641214144150082,1,2,-4.461359619130786,8.530782330998656,-9.956320829689503,-2.2853697516256943,0.8928433236200584,-0.14347019982009623,0,0
1789003963.840698,32.31088352203369,-6.216656027653209,0.1529808520799581,-2.416041039608531,0.9081371030764015,0.06470418711293005,1,2,-4.461359619130786,8.530782330998656,-9.956320829689503,-2.2853697516256943,0.892114120261625,-0.1453005888169736,0,0
1789003963.863559,32.333744525909424,-6.232456247494081,0.13583192131497,-2.414487314331135,0.9079614360292766,0.06470414356621475,1,2,-4.461359619130786,8.530782330998656,-9.956320829689503,-2.2853697516256943,0.8911298191608703,-0.1477713041306088,0,0
1789003963.8914983,32.36168384552002,-6.251872256708589,0.11962234309084985,-2.4177465900963795,0.9056450421924805,0.06183887318360843,1,2,-4.461359619130786,8.530782330998656,-9.956320829689503,-2.2853697516256943,0.8911298191608703,-0.1477713041306088,0,0
1789003963.9419184,32.41210389137268,-6.286242814215093,0.0896408389928241,-2.416602289811088,0.9032293239993021,0.060077696990832784,1,2,-4.461359619130786,8.530782330998656,-9.956320829689503,-2.2853697516256943,0.8912738133353383,-0.1474098612635233,0,0
1789003963.963477,32.43366241455078,-6.301071657540659,0.07337258212907664,-2.4152394610833556,0.9029805489587742,0.06007744091150049,1,2,-4.461359619130786,8.530782330998656,-9.956320829689503,-2.2853697516256943,0.890082050336547,-0.15040133113903176,0,0
1789003963.992501,32.46268653869629,-6.320831115405747,0.05627096532409905,-2.4158329114835735,0.9008206790530202,0.057630498483840546,1,2,-4.461359619130786,8.530782330998656,-9.956320829689503,-2.2853697516256943,0.890082050336547,-0.15040133113903176,0,0
1789003964.043182,32.51336741447449,-6.355282787912501,0.02638044779887935,-2.4161508445696707,0.8988480998317957,0.055855951715317015,1,2,-4.461359619130786,8.530782330998656,-9.956320829689503,-2.2853697516256943,0.8891007304573526,-0.15286456322445918,0,0
1789003964.0618086,32.531994104385376,-6.3680606164384574,0.01192053516097849,-2.41504929317713,0.8985777004135203,0.05585547192155182,1,2,-4.461359619130786,8.530782330998656,-9.956320829689503,-2.2853697516256943,0.88848863662995,-0.1544009930746193,0,0
1789003964.0935855,32.56377100944519,-6.3895618484484125,-0.006857132114570632,-2.415066894974369,0.8980541598095161,0.053564048709270486,1,2,-4.461359619130786,8.530782330998656,-9.956320829689503,-2.2853697516256943,0.88848863662995,-0.1544009930746193,0,0
1789003964.1441453,32.614330768585205,-6.423748161949103,-0.03684854113918162,-2.414271251788813,0.9013542468750083,0.05223887512348296,1,2,-4.461359619130786,8.530782330998656,-9.956320829689503,-2.2853697516256943,0.8873408118645711,-0.15728217264763522,0,0
1789003964.1638381,32.634023666381836,-6.437220132516458,-0.05197284547838141,-2.4131735105795333,0.9011445909323081,0.05223874736085688,1,2,-4.461359619130786,8.530782330998656,-9.956320829689503,-2.2853697516256943,0.8860905541121706,-0.1604204714593287,0,0
1789003964.194777,32.66496253013611,-6.4584432061003305,-0.07047623063514062,-2.4137332873346806,0.9074009712378781,0.05034029703632686,1,2,-4.461359619130786,8.530782330998656,-9.956320829689503,-2.2853697516256943,0.8860905541121706,-0.1604204714593287,0,0
1789003964.2455685,32.71575403213501,-6.493221281174126,-0.10070536297471089,-2.4147532048027047,0.9069128790044583,0.04872068820043612,1,2,-4.461359619130786,8.530782330998656,-9.956320829689503,-2.2853697516256943,0.8851566344490803,-0.1627647232452234,0,0
1789003964.2626371,32.73282265663147,-6.504997900303399,-0.1143071719894455,-2.4138596444876668,0.9068361515291217,0.04872023578791724,1,2,-4.461359619130786,8.530782330998656,-9.956320829689503,-2.2853697516256943,0.8846900848862201,-0.16393581931394108,0,0
1789003964.29601,32.76619553565979,-6.527683767140277,-0.13417044238007397,-2.4140695659126745,0.9041447400515502,0.046634634463134185,1,2,-4.461359619130786,8.530782330998656,-9.956320829689503,-2.2853697516256943,0.8846900848862201,-0.16393581931394108,0,0
1789003964.3465993,32.81678485870361,-6.562004698040169,-0.16437460073951563,-2.413455011146712,0.9032244631523028,0.045409784339423866,1,2,-4.461359619130786,8.530782330998656,-9.956320829689503,-2.2853697516256943,0.8837216543792655,-0.16636669750953592,0,0
1789003964.368591,32.83877658843994,-6.576966504275068,-0.1808479106967797,-2.4123853400687243,0.9030602178680578,0.04540969438714504,1,2,-4.461359619130786,8.530782330998656,-9.956320829689503,-2.2853697516256943,0.8824541441622255,-0.16954830210291583,0,0
1789003964.3972266,32.867412090301514,-6.596435729923408,-0.19785335093268416,-2.4130467340786126,0.9026517587991897,0.04366869188375259,1,2,-4.461359619130786,8.530782330998656,-9.956320829689503,-2.2853697516256943,0.8824541441622255,-0.16954830210291583,0,0
1789003964.4480457,32.91823124885559,-6.630992919223795,-0.22800841850175352,-2.414006220924378,0.9022476214374305,0.04219752784574651,1,2,-4.461359619130786,8.530782330998656,-9.956320829689503,-2.2853697516256943,0.8815356109935575,-0.17185393191900555,0,0
1789003964.4607801,32.93096566200256,-6.639759753487503,-0.2389410225679338,-2.413407736139823,0.9021506963920873,0.04219701830470439,1,2,-4.461359619130786,8.530782330998656,-9.956320829689503,-2.2853697516256943,0.8809191610258433,-0.17340129621043365,0,0
1789003964.4984822,32.96866774559021,-6.665128631627981,-0.2612589716394643,-2.4134393510695826,0.8969484192817521,0.04031651252710617,1,2,-4.461359619130786,8.530782330998656,-9.956320829689503,-2.2853697516256943,0.8809191610258433,-0.17340129621043365,0,0
1789003964.549036,33.01922154426575,-6.699040206098425,-0.2911377992785131,-2.413139187745355,0.8906495255001131,0.039180479906473054,1,2,-4.461359619130786,8.530782330998656,-9.956320829689503,-2.2853697516256943,0.8798860275871259,-0.17599458662340872,0,0
1789003964.5599694,33.03015494346619,-6.706470818392811,-0.30089599344490076,-2.4126435175292182,0.8904552292126441,0.03918024397664318,1,2,-4.461359619130786,8.530782330998656,-9.956320829689503,-2.2853697516256943,0.8786740852492447,-0.17903670909096459,0,0
1789003964.5998483,33.07003378868103,-6.73319223948305,-0.3241072806196251,-2.414291561585138,0.8874101081503935,0.037276357328370834,1,2,-4.461359619130786,8.530782330998656,-9.956320829689503,-2.2853697516256943,0.8786740852492447,-0.17903670909096459,0,0
1789003964.6503115,33.12049698829651,-6.766704621845034,-0.35364014782903364,-2.413981681338677,0.8842897165714481,0.03643199717008009,1,2,-4.461359619130786,8.530782330998656,-9.956320829689503,-2.2853697516256943,0.8782992656273583,-0.17997755186654985,0,0
1789003964.6608393,33.1310248374939,-6.773782918917207,-0.3630720709750026,-2.4135885200843337,0.88368592719161,0.03562691398768311,1,2,-4.461359619130786,8.530782330998656,-9.956320829689503,-2.2853697516256943,0.8771055169959427,-0.18297400592111535,0,0
1789003964.70088,33.17106556892395,-6.800259600162501,-0.38633922024905787,-2.413894467615923,0.8800293320214921,0.034215120907483784,1,2,-4.461359619130786,8.530782330998656,-9.956320829689503,-2.2853697516256943,0.8771055169959427,-0.18297400592111535,0,0
1789003964.7514493,33.22163486480713,-6.833694771707637,-0.41581026833589485,-2.4137585363480314,0.8810709850077084,0.03359062567376445,1,2,-4.461359619130786,8.530782330998656,-9.956320829689503,-2.2853697516256943,0.8762183536096683,-0.1852008937733025,0,0
1789003964.7597575,33.22994303703308,-6.839284571196616,-0.42391858809890337,-2.4134541107393153,0.8810331179197458,0.03292328555303955,1,2,-4.461359619130786,8.530782330998656,-9.956320829689503,-2.2853697516256943,0.874977745750656,-0.18831497018053955,0,0
1789003964.8022475,33.272433042526245,-6.86763610764853,-0.4486244480438759,-2.414820489088293,0.8842654950011325,0.03145705008234998,1,2,-4.461359619130786,8.530782330998656,-9.956320829689503,-2.2853697516256943,0.874977745750656,-0.18831497018053955,0,0
1789003964.8527188,33.32290434837341,-6.901130180768155,-0.47821112431173485,-2.4142850434416996,0.8852428940367623,0.030759320128815697,1,2,-4.461359619130786,8.530782330998656,-9.956320829689503,-2.2853697516256943,0.8744787026821297,-0.18956762889505896,0,0
1789003964.8594973,33.32968282699585,-6.9057204613590875,-0.4854190487879484,-2.4140537146700374,0.88529705922832,0.03008392663107295,1,2,-4.461359619130786,8.530782330998656,-9.956320829689503,-2.2853697516256943,0.873117253743928,-0.19298503108811582,0,0
1789003964.9032857,33.3734712600708,-6.934793709141198,-0.5110784872926383,-2.4139579775864184,0.8851408712160308,0.02892077793633177,1,2,-4.461359619130786,8.530782330998656,-9.956320829689503,-2.2853697516256943,0.873117253743928,-0.19298503108811582,0,0
1789003964.9538348,33.424020290374756,-6.968322178782373,-0.5406814513821212,-2.4138129050347894,0.8844159461618014,0.02841316873977671,1,2,-4.461359619130786,8.530782330998656,-9.956320829689503,-2.2853697516256943,0.8717500180325031,-0.19641695878480991,0,0
1789003964.960597,33.43078255653381,-6.972859516138667,-0.5478455110871967,-2.4135862596561624,0.8842646819744026,0.027853661860336908,1,2,-4.461359619130786,8.530782330998656,-9.956320829689503,-2.2853697516256943,0.8706307993696355,-0.19922633356609687,0,0
1789003965.0045717,33.47475719451904,-7.00211758049647,-0.5734471628357419,-2.4146577486193332,0.8836720185653402,0.026629525458903534,1,2,-4.461359619130786,8.530782330998656,-9.956320829689503,-2.2853697516256943,0.8706307993696355,-0.19922633356609687,0,0
1789003965.0549896,33.52517509460449,-7.03553266515422,-0.6028977800082169,-2.414684073921107,0.883040248262563,0.02603587982727198,1,2,-4.461359619130786,8.530782330998656,-9.956320829689503,-2.2853697516256943,0.8698678532092243,-0.2011414210942548,0,0
1789003965.0604312,33.530616760253906,-7.0391765844779925,-0.6092547424002109,-2.414515541635815,0.8829293105721585,0.025406619329812145,1,2,-4.461359619130786,8.530782330998656,-9.956320829689503,-2.2853697516256943,0.8686243594687412,-0.20426274141449596,0,0
1789003965.1055317,33.57571721076965,-7.069077951097185,-0.6355722512824753,-2.4148256629010114,0.882821669608491,0.024285840214699445,1,2,-4.461359619130786,8.530782330998656,-9.956320829689503,-2.2853697516256943,0.8686243594687412,-0.20426274141449596,0,0
1789003965.130902,33.60108757019043,-7.08584249902429,-0.6504775723311641,-2.4142379014500595,0.8842692680835088,0.023832865640924517,1,2,-4.461359619130786,8.530782330998656,-9.956320829689503,-2.2853697516256943,0.8673597774170066,-0.20743699595731124,0,0
1789003965.157711,33.627896547317505,-7.1039141545404485,-0.6690592642925571,-2.416347489725126,0.8841368626161566,0.022943296202375674,1,2,-4.461359619130786,8.530782330998656,-9.956320829689503,-2.2853697516256943,0.8668219087030485,-0.20878711175752995,0,0
1789003965.207195,33.67738056182861,-7.136848538252619,-0.6980083756934351,-2.4165180894531315,0.8860467027108934,0.021630844696449776,1,2,-4.461359619130786,8.530782330998656,-9.956320829689503,-2.2853697516256943,0.8668219087030485,-0.20878711175752995,0,0
1789003965.2308903,33.70107579231262,-7.152539200270078,-0.7119120578071084,-2.416035927024796,0.884520303647479,0.021125665304024734,1,2,-4.461359619130786,8.530782330998656,-9.956320829689503,-2.2853697516256943,0.8654381043283591,-0.21226062881140617,0,0
1789003965.2700388,33.74022436141968,-7.178534813511667,-0.737755576384368,-2.416632821796083,0.8838635796659632,0.02045284891343371,1,2,-4.461359619130786,8.530782330998656,-9.956320829689503,-2.2853697516256943,0.8644204595696826,-0.21481504075626212,0,0
1789003965.3088772,33.77906274795532,-7.204269195871489,-0.7602528345582852,-2.4173335816003196,0.8805020574669885,0.019341232486098914,1,2,-4.461359619130786,8.530782330998656,-9.956320829689503,-2.2853697516256943,0.8644204595696826,-0.21481504075626212,0,0
1789003965.3308318,33.80101728439331,-7.21873930677014,-0.7730535144241063,-2.4169367295599415,0.8798098313111268,0.018897130396052196,1,2,-4.461359619130786,8.530782330998656,-9.956320829689503,-2.2853697516256943,0.8628765867292774,-0.21869034910059915,0,0
1789003965.3697855,33.83997106552124,-7.244607454667079,-0.7984725606504722,-2.418722667559659,0.8791216299738053,0.018030059249946197,1,2,-4.461359619130786,8.530782330998656,-9.956320829689503,-2.2853697516256943,0.8625273130568714,-0.21956706844024199,0,0
1789003965.4105651,33.88075065612793,-7.271579100466635,-0.8220398811281275,-2.419119180269377,0.8781072712861003,0.017419727530339532,1,2,-4.461359619130786,8.530782330998656,-9.956320829689503,-2.2853697516256943,0.8625273130568714,-0.21956706844024199,0,0
1789003965.4308758,33.90106129646301,-7.284945806111162,-0.833822949238334,-2.4188404750827006,0.8772774223827345,0.01630199814541207,1,2,-4.461359619130786,8.530782330998656,-9.956320829689503,-2.2853697516256943,0.8608717049764935,-0.22372284580799207,0,0
1789003965.4614131,33.93159866333008,-7.305184666807386,-0.8544689649318793,-2.4196441652043514,0.8766734421556664,0.015658410893391247,1,2,-4.461359619130786,8.530782330998656,-9.956320829689503,-2.2853697516256943,0.859445592874048,-0.22730256039712637,0,0
1789003965.5125866,33.9827721118927,-7.339116252677807,-0.8838186430406424,-2.4213657806370903,0.8762192945752869,0.0151389874637832,1,2,-4.461359619130786,8.530782330998656,-9.956320829689503,-2.2853697516256943,0.859445592874048,-0.22730256039712637,0,0
1789003965.5308495,34.00103497505188,-7.351139229018043,-0.8943712449982891,-2.4211690278373443,0.875807292268183,0.013813001611895654,1,2,-4.461359619130786,8.530782330998656,-9.956320829689503,-2.2853697516256943,0.8589515284065948,-0.22854272221826388,0,0
1789003965.5632112,34.03339672088623,-7.372531821662343,-0.9159660029752873,-2.4219158138915997,0.8752246866202914,0.013113503236502302,1,2,-4.461359619130786,8.530782330998656,-9.956320829689503,-2.2853697516256943,0.8578263164044805,-0.23136714100899614,0,0
1789003965.6139984,34.08418393135071,-7.406049784179861,-0.9451038228030224,-2.4224723704657944,0.8740774375955517,0.012603473718778662,1,2,-4.461359619130786,8.530782330998656,-9.956320829689503,-2.2853697516256943,0.8578263164044805,-0.23136714100899614,0,0
1789003965.6308527,34.101038217544556,-7.41716301897975,-0.9548341630640983,-2.422326258284624,0.8757846128557528,0.011600921377138411,1,2,-4.461359619130786,8.530782330998656,-9.956320829689503,-2.2853697516256943,0.8562890802144427,-0.23522579055484005,0,0
1789003965.6648614,34.13504695892334,-7.4397252405659975,-0.9773072017495087,-2.4235280896587446,0.8756317993111585,0.010944124543495883,1,2,-4.461359619130786,8.530782330998656,-9.956320829689503,-2.2853697516256943,0.8546540342775394,-0.23932995444504268,0,0
1789003965.7159834,34.186168909072876,-7.473853957260808,-1.006509206542564,-2.4258746950936443,0.8778457509973304,0.010423041352687951,1,2,-4.461359619130786,8.530782330998656,-9.956320829689503,-2.2853697516256943,0.8546540342775394,-0.23932995444504268,0,0
1789003965.7308795,34.20106506347656,-7.4837526924729305,-1.0151196715569464,-2.4258005958930076,0.8794518154573511,0.009010836159726171,1,2,-4.461359619130786,8.530782330998656,-9.956320829689503,-2.2853697516256943,0.8543641233734345,-0.2400576660261966,0,0
1789003965.7665887,34.2367742061615,-7.507544606132711,-1.0385701219427625,-2.426807262546146,0.8793791911526535,0.008247697691424026,1,2,-4.461359619130786,8.530782330998656,-9.956320829689503,-2.2853697516256943,0.8532357191894013,-0.24289009758125957,0,0
1789003965.8173964,34.28758192062378,-7.541427755001858,-1.0677183964436208,-2.427675715520301,0.8793710722022924,0.007708979457195139,1,2,-4.461359619130786,8.530782330998656,-9.956320829689503,-2.2853697516256943,0.8532357191894013,-0.24289009758125957,0,0
1789003965.8308923,34.3010778427124,-7.550402379352086,-1.075494494906321,-2.427639843602739,0.8795518517623256,0.006636288540213089,1,2,-4.461359619130786,8.530782330998656,-9.956320829689503,-2.2853697516256943,0.8516538936646868,-0.24686067177285098,0,0
1789003965.868538,34.3387234210968,-7.575661935783264,-1.0998059587948743,-2.4302039903279313,0.879312717271981,0.0056818327726902654,1,2,-4.461359619130786,8.530782330998656,-9.956320829689503,-2.2853697516256943,0.8503577144372622,-0.25011423906436203,0,0
1789003965.919146,34.389331579208374,-7.609624700685081,-1.1287327389976192,-2.431649345678613,0.8808676402935163,0.005044303975392179,1,2,-4.461359619130786,8.530782330998656,-9.956320829689503,-2.2853697516256943,0.8503577144372622,-0.25011423906436203,0,0
1789003965.9308634,34.4010488986969,-7.617500886694274,-1.1355040339288285,-2.4316673932278303,0.883693878110596,0.00375492975421883,1,2,-4.461359619130786,8.530782330998656,-9.956320829689503,-2.2853697516256943,0.8495798385107926,-0.2520668021186583,0,0
1789003965.9699888,34.44017434120178,-7.643482235748343,-1.1605407089816335,-2.432947294675682,0.8835494797107342,0.003701119102803378,1,2,-4.461359619130786,8.530782330998656,-9.956320829689503,-2.2853697516256943,0.8490197940611296,-0.2534725817089054,0,0
1789003966.0207744,34.490959882736206,-7.677763218053838,-1.1896545858820613,-2.434120994211346,0.8849410706614484,0.002903280386101236,1,2,-4.461359619130786,8.530782330998656,-9.956320829689503,-2.2853697516256943,0.8490197940611296,-0.2534725817089054,0,0
1789003966.0308325,34.501018047332764,-7.684512909706708,-1.1954273432438391,-2.4341784608144073,0.8839715379815449,0.0015792982270746657,1,2,-4.461359619130786,8.530782330998656,-9.956320829689503,-2.2853697516256943,0.8459180584872684,-0.26125831472831385,0,0
1789003966.0719202,34.54210567474365,-7.712018575719975,-1.2214430829408813,-2.4363931013335423,0.8838431453755391,0.0014868163963701812,1,2,-4.461359619130786,8.530782330998656,-9.956320829689503,-2.2853697516256943,0.8455315788178253,-0.2622284256394667,0,0
1789003966.1225033,34.59268879890442,-7.746034484138322,-1.250189667684366,-2.4374011185951496,0.8813158304174871,0.0005325484364655632,1,2,-4.461359619130786,8.530782330998656,-9.956320829689503,-2.2853697516256943,0.8455315788178253,-0.2622284256394667,0,0
1789003966.1308317,34.601017236709595,-7.7515621847375895,-1.2548872644766975,-2.437486321648311,0.8774508652316533,-0.000888707999129352,1,2,-4.461359619130786,8.530782330998656,-9.956320829689503,-2.2853697516256943,0.844323712444474,-0.26526031694099617,0,0
1789003966.17326,34.64344549179077,-7.779570288960139,-1.281486402830178,-2.4383026863361685,0.8770669155422616,-0.0009239304043836652,1,2,-4.461359619130786,8.530782330998656,-9.956320829689503,-2.2853697516256943,0.8437822385099923,-0.26661948228261023,0,0
1789003966.1809251,34.65111064910889,-7.7845699401820205,-1.2857253541971483,-2.438350399098412,0.8713191640967521,-0.001572029956266311,1,2,-4.461359619130786,8.530782330998656,-9.956320829689503,-2.2853697516256943,0.8437822385099923,-0.26661948228261023,0,0
1789003966.2308483,34.7010338306427,-7.817783186819867,-1.3137342808873036,-2.4391913156736553,0.8691302831965166,-0.002641848730874916,1,2,-4.461359619130786,8.530782330998656,-9.956320829689503,-2.2853697516256943,0.8406381775091978,-0.2745114572643619,0,0
1789003966.2753227,34.74550819396973,-7.846968024525437,-1.3409994357210255,-2.44118698826781,0.8684201198886603,-0.0027207881172831433,1,2,-4.461359619130786,8.530782330998656,-9.956320829689503,-2.2853697516256943,0.8401258274852336,-0.2757975180532597,0,0
1789003966.2809074,34.7510929107666,-7.850558120212289,-1.344026679015244,-2.4412403717693727,0.8627344196580887,-0.003438799665680512,1,2,-4.461359619130786,8.530782330998656,-9.956320829689503,-2.2853697516256943,0.8401258274852336,-0.2757975180532597,0,0
1789003966.330887,34.80107259750366,-7.883559357858425,-1.3715298000369378,-2.442979299809991,0.8555154546320285,-0.0047923917939666,1,2,-4.461359619130786,8.530782330998656,-9.956320829689503,-2.2853697516256943,0.837443258508859,-0.28253109200205406,0,0
1789003966.3767629,34.84694838523865,-7.913211558820503,-1.3991364518869867,-2.4443699538468855,0.8542607967359409,-0.004844466662173097,1,2,-4.461359619130786,8.530782330998656,-9.956320829689503,-2.2853697516256943,0.8370764462386213,-0.28345183535244844,0,0
1789003966.380852,34.85103750228882,-7.915820164453854,-1.4013215221002553,-2.4444286084165525,0.8510217043254882,-0.0054852118630835025,1,2,-4.461359619130786,8.530782330998656,-9.956320829689503,-2.2853697516256943,0.8370764462386213,-0.28345183535244844,0,0
1789003966.4309418,34.901127338409424,-7.9486861091267365,-1.4284000519531412,-2.4469429376630276,0.8491659148890414,-0.0070451856738225046,1,2,-4.461359619130786,8.530782330998656,-9.956320829689503,-2.2853697516256943,0.8330800189898487,-0.29348335314288976,0,0
1789003966.4786422,34.94882774353027,-7.9793885711062105,-1.4567084832845578,-2.448226574286405,0.8477019608074923,-0.007088929160342981,1,2,-4.461359619130786,8.530782330998656,-9.956320829689503,-2.2853697516256943,0.8339837763530777,-0.291214812393084,0,0
1789003966.4808247,34.95101022720337,-7.980835849314302,-1.4579130376294978,-2.4482801460238592,0.8487483941505917,-0.00775178919953365,1,2,-4.461359619130786,8.530782330998656,-9.956320829689503,-2.2853697516256943,0.8339837763530777,-0.291214812393084,0,0
1789003966.5308893,35.00107479095459,-8.01361486576199,-1.4848589364635854,-2.4501825613569124,0.846151200780562,-0.008606290348689346,1,2,-4.461359619130786,8.530782330998656,-9.956320829689503,-2.2853697516256943,0.8323262861222476,-0.29537531418707097,0,0
1789003966.580066,35.050251483917236,-8.045204673776853,-1.5136915633619612,-2.451693930077398,0.8446433495143274,-0.008667244375488303,1,2,-4.461359619130786,8.530782330998656,-9.956320829689503,-2.2853697516256943,0.8302289224312548,-0.30063995179199177,0,0
1789003966.5809093,35.05109477043152,-8.045708298373045,-1.5141078018623262,-2.4517529029674163,0.8426157226376486,-0.009475972259558166,1,2,-4.461359619130786,8.530782330998656,-9.956320829689503,-2.2853697516256943,0.8302289224312548,-0.30063995179199177,0,0
1789003966.6310077,35.10119318962097,-8.078497065905923,-1.5407001893305459,-2.4546151342209925,0.8429081668552941,-0.010665852925270699,1,2,-4.461359619130786,8.530782330998656,-9.956320829689503,-2.2853697516256943,0.8285359076668081,-0.3048896244800767,0,0
1789003966.6817136,35.151899099349976,-8.111119203166709,-1.570103841991526,-2.45633739685918,0.8413496996583704,-0.0107395213859288,1,2,-4.461359619130786,8.530782330998656,-9.956320829689503,-2.2853697516256943,0.8267138618644558,-0.3094631807450905,0,0
1789003966.732557,35.20274257659912,-8.144664867653878,-1.5971281783494269,-2.459133173747624,0.8456705148363086,-0.012916009221085304,1,2,-4.461359619130786,8.530782330998656,-9.956320829689503,-2.2853697516256943,0.815343087130613,-0.3141909830664895,0,0
1789003966.7838445,35.254029989242554,-8.17799640875346,-1.62655923563918,-2.4624325583586693,0.8443784502360857,-0.013078279148002055,1,2,-4.461359619130786,8.530782330998656,-9.956320829689503,-2.2853697516256943,0.7754981622043664,-0.3247853568268382,0,0
1789003966.8346283,35.304813861846924,-8.21124791787295,-1.653093186655124,-2.464961146410561,0.8360649370416506,-0.01570451208826261,1,2,-4.461359619130786,8.530782330998656,-9.956320829689503,-2.2853697516256943,0.7751773211040577,-0.3230774461876593,0,0
1789003966.8854024,35.35558795928955,-8.243894769985625,-1.6819127980535693,-2.466978350891269,0.8344481902864158,-0.015783604351201266,1,2,-4.461359619130786,8.530782330998656,-9.956320829689503,-2.2853697516256943,0.736137530999285,-0.3331360737900191,0,0
1789003966.9360974,35.406282901763916,-8.27657838035193,-1.7077294000581293,-2.4696671112672286,0.8209257830767824,-0.018085443228880442,1,2,-4.461359619130786,8.530782330998656,-9.956320829689503,-2.2853697516256943,0.7359571738182927,-0.3342499050199681,0,0
1789003966.9869647,35.45715022087097,-8.30886752923648,-1.7358466960676704,-2.472545988181185,0.8187353833972927,-0.018206884313688568,1,2,-4.461359619130786,8.530782330998656,-9.956320829689503,-2.2853697516256943,0.7160734140988001,-0.34086145535209456,0,0
1789003967.0374432,35.50762867927551,-8.341228069002161,-1.761165171055616,-2.4751334487350967,0.8110517198244735,-0.020674358495017114,1,2,-4.461359619130786,8.530782330998656,-9.956320829689503,-2.2853697516256943,0.6969435987247842,-0.3454680702757047,0,0
1789003967.088261,35.558446407318115,-8.37306300929489,-1.788805421847611,-2.4771916046430973,0.8085968642745764,-0.020740042416595952,1,2,-4.461359619130786,8.530782330998656,-9.956320829689503,-2.2853697516256943,0.6592113954049325,-0.35,0,0
1789003967.1393023,35.609487771987915,-8.405273159692314,-1.8133796226364125,-2.4819667055947408,0.7924689803972071,-0.023394656382706446,1,2,-4.461359619130786,8.530782330998656,-9.956320829689503,-2.2853697516256943,0.6588208489579144,-0.35,0,0
1789003967.1618493,35.63203477859497,-8.418758633653042,-1.8266202235357434,-2.482439711729805,0.7910894134326002,-0.023395167348263156,1,2,-4.461359619130786,8.530782330998656,-9.956320829689503,-2.2853697516256943,0.6223108228971447,-0.35,0,0
1789003967.1899173,35.66010284423828,-8.436135985948903,-1.8398849044969856,-2.4842907807367633,0.7811561428057747,-0.025122575544934668,1,2,-4.461359619130786,8.530782330998656,-9.956320829689503,-2.2853697516256943,0.6223108228971447,-0.35,0,0
1789003967.240875,35.711060523986816,-8.467750068469957,-1.863924682385077,-2.487670834867932,0.7774569056000931,-0.026213143294358452,1,2,-4.461359619130786,8.530782330998656,-9.956320829689503,-2.2853697516256943,0.6224316542194056,-0.35,0,0
1789003967.2665997,35.73678517341614,-8.482931392788714,-1.8783212058398069,-2.488283914130796,0.7756739608884438,-0.026213226343905813,1,2,-4.461359619130786,8.530782330998656,-9.956320829689503,-2.2853697516256943,0.6042747749445154,-0.35,0,0
1789003967.291658,35.76184344291687,-8.498062054821311,-1.889632206985817,-2.4904984344788335,0.7605011213400193,-0.027684604363352863,1,2,-4.461359619130786,8.530782330998656,-9.956320829689503,-2.2853697516256943,0.6042747749445154,-0.35,0,0
1789003967.3428597,35.813045263290405,-8.52899194073875,-1.9125376835685146,-2.4956511468598763,0.7403766930482285,-0.02916130282792202,1,2,-4.461359619130786,8.530782330998656,-9.956320829689503,-2.2853697516256943,0.5871328292461581,-0.35,0,0
1789003967.3623657,35.83255124092102,-8.539849620182574,-1.9234515967141905,-2.496167355962825,0.7384718583828805,-0.02916169510636095,1,2,-4.461359619130786,8.530782330998656,-9.956320829689503,-2.2853697516256943,0.5701025226572488,-0.35,0,0
1789003967.393471,35.863656520843506,-8.557505921946001,-1.9365451197790702,-2.498254621645043,0.712591634612856,-0.03095878143692846,1,2,-4.461359619130786,8.530782330998656,-9.956320829689503,-2.2853697516256943,0.5701025226572488,-0.35,0,0
1789003967.4442368,35.914422273635864,-8.58614038973608,-1.95769569184447,-2.501713654883523,0.6874312863466236,-0.03209016774220374,1,2,-4.461359619130786,8.530782330998656,-9.956320829689503,-2.2853697516256943,0.5539350281378288,-0.35,0,0
1789003967.4571526,35.92733812332153,-8.592605277819134,-1.96520473518652,-2.502073594260908,0.6856469264393317,-0.032090380058311746,1,2,-4.461359619130786,8.530782330998656,-9.956320829689503,-2.2853697516256943,0.5378080809516416,-0.35,0,0
1789003967.4950802,35.96526575088501,-8.613349646589661,-1.9804212333522497,-2.5046085170005408,0.6759325591753175,-0.03361926480227066,1,2,-4.461359619130786,8.530782330998656,-9.956320829689503,-2.2853697516256943,0.5378080809516416,-0.35,0,0
1789003967.5460808,36.01626634597778,-8.640882930935017,-2.000431086233761,-2.5085466147831745,0.657475607389288,-0.034857617494466156,1,2,-4.461359619130786,8.530782330998656,-9.956320829689503,-2.2853697516256943,0.5218473980511554,-0.35,0,0
1789003967.5626557,36.032841205596924,-8.648945450785602,-2.0090132962587273,-2.509076648573782,0.6549352376392841,-0.0348580388040802,1,2,-4.461359619130786,8.530782330998656,-9.956320829689503,-2.2853697516256943,0.5072250316971415,-0.35,0,0
1789003967.5967445,36.066930055618286,-8.666368483393873,-2.0216013010291127,-2.5114135702293785,0.6325582725014918,-0.03644421276244505,1,2,-4.461359619130786,8.530782330998656,-9.956320829689503,-2.2853697516256943,0.5072250316971415,-0.35,0,0
1789003967.6476216,36.117807149887085,-8.692076017092784,-2.04008456395055,-2.5150283240353524,0.6107432843890543,-0.03749399791789551,1,2,-4.461359619130786,8.530782330998656,-9.956320829689503,-2.2853697516256943,0.49268513814077625,-0.35,0,0
1789003967.6581106,36.12829613685608,-8.696554398780588,-2.0459585594521683,-2.515372843031887,0.6088288325922064,-0.037494243636882404,1,2,-4.461359619130786,8.530782330998656,-9.956320829689503,-2.2853697516256943,0.4789560757961879,-0.35,0,0
1789003967.6985939,36.168779373168945,-8.715992067591529,-2.0597332175670617,-2.518763010562287,0.5859593432238666,-0.039115588187099606,1,2,-4.461359619130786,8.530782330998656,-9.956320829689503,-2.2853697516256943,0.4789560757961879,-0.35,0,0
1789003967.7491677,36.21935319900513,-8.739980781934914,-2.0767727818277466,-2.5221666118886272,0.5777035380623768,-0.040208576689019414,1,2,-4.461359619130786,8.530782330998656,-9.956320829689503,-2.2853697516256943,0.465624975790193,-0.35,0,0
1789003967.7601676,36.230353116989136,-8.744409929286077,-2.0825269293212205,-2.522566423439748,0.5755500309537808,-0.04020889584957026,1,2,-4.461359619130786,8.530782330998656,-9.956320829689503,-2.2853697516256943,0.45270050123433125,-0.35,0,0
1789003967.799829,36.27001452445984,-8.76277057016156,-2.095484160222207,-2.5250631977929223,0.5630514598067692,-0.04162322025538844,1,2,-4.461359619130786,8.530782330998656,-9.956320829689503,-2.2853697516256943,0.45270050123433125,-0.35,0,0
1789003967.850712,36.320897579193115,-8.78581462288391,-2.111591740413626,-2.52870117374681,0.546322913174754,-0.042183445602092993,1,2,-4.461359619130786,8.530782330998656,-9.956320829689503,-2.2853697516256943,0.44039757319457534,-0.35,0,0
1789003967.8521519,36.32233738899231,-8.785717052314121,-2.1140825149642244,-2.528756873907198,0.5445777216092689,-0.0428201314286424,1,2,-4.461359619130786,8.530782330998656,-9.956320829689503,-2.2853697516256943,0.42816431572484176,-0.35,0,0
1789003967.9018524,36.37203788757324,-8.807904327188801,-2.1294946172032323,-2.5322800714991494,0.5388164422530983,-0.04407095391628774,1,2,-4.461359619130786,8.530782330998656,-9.956320829689503,-2.2853697516256943,0.42816431572484176,-0.35,0,0
1789003967.9524732,36.42265868186951,-8.829992077962675,-2.144739577037531,-2.535713369474216,0.5244414129262993,-0.044656776762112105,1,2,-4.461359619130786,8.530782330998656,-9.956320829689503,-2.2853697516256943,0.415002677562481,-0.35,0,0
1789003967.9618704,36.432055950164795,-8.833215484578549,-2.1494996592721027,-2.5361332169375475,0.5213284849568467,-0.04529372247001701,1,2,-4.461359619130786,8.530782330998656,-9.956320829689503,-2.2853697516256943,0.4048622337836923,-0.35,0,0
1789003968.0032585,36.47344398498535,-8.850540473689188,-2.161401853197614,-2.538647489019068,0.5040198404777089,-0.04632967153155517,1,2,-4.461359619130786,8.530782330998656,-9.956320829689503,-2.2853697516256943,0.4048622337836923,-0.35,0,0
1789003968.0543585,36.52454400062561,-8.87141069013089,-2.175471465469588,-2.5432778376547147,0.4862036930564449,-0.0468029851023989,1,2,-4.461359619130786,8.530782330998656,-9.956320829689503,-2.2853697516256943,0.38952300070859047,-0.35,0,0
1789003968.0573273,36.52751278877258,-8.871778993844249,-2.17820972605984,-2.5434217557693493,0.483946379630168,-0.04758140612859981,1,2,-4.461359619130786,8.530782330998656,-9.956320829689503,-2.2853697516256943,0.38342615807116337,-0.35,0,0
1789003968.104986,36.57517147064209,-8.890386304773283,-2.190823366068611,-2.5461565733999723,0.465396542542836,-0.048757722789189516,1,2,-4.461359619130786,8.530782330998656,-9.956320829689503,-2.2853697516256943,0.38342615807116337,-0.35,0,0
1789003968.155787,36.625972509384155,-8.909992890580178,-2.2039630616876704,-2.549818304727685,0.4591205374824732,-0.049229482982640994,1,2,-4.461359619130786,8.530782330998656,-9.956320829689503,-2.2853697516256943,0.3699836421543347,-0.35,0,0
1789003968.1609988,36.631184339523315,-8.911138091724846,-2.20718398544019,-2.5500728929476013,0.4579472828830763,-0.049796282566286494,1,2,-4.461359619130786,8.530782330998656,-9.956320829689503,-2.2853697516256943,0.36340859806867354,-0.35,0,0
1789003968.2066245,36.67681002616882,-8.928393910056014,-2.218710340580147,-2.552886926248126,0.44920861573029514,-0.05071288574961957,1,2,-4.461359619130786,8.530782330998656,-9.956320829689503,-2.2853697516256943,0.36340859806867354,-0.35,0,0
1789003968.2308452,36.70103073120117,-8.937396825998915,-2.2247219567635117,-2.554136577482886,0.44425783480636266,-0.051067720985752386,1,2,-4.461359619130786,8.530782330998656,-9.956320829689503,-2.2853697516256943,0.3501140257293472,-0.35,0,0
1789003968.2667403,36.73692584037781,-8.949769177270618,-2.2351145879492478,-2.558196344884688,0.43559191352830356,-0.051899981620699635,1,2,-4.461359619130786,8.530782330998656,-9.956320829689503,-2.2853697516256943,0.3448314399291936,-0.35,0,0
1789003968.308656,36.778841495513916,-8.964691630277128,-2.244915745263711,-2.5607772361623504,0.42148260264047926,-0.05302810970570839,1,2,-4.461359619130786,8.530782330998656,-9.956320829689503,-2.2853697516256943,0.3448314399291936,-0.35,0,0
1789003968.3308318,36.80101728439331,-8.972373685510814,-2.249953851753455,-2.561976508334125,0.4117612283966276,-0.05343661435761547,1,2,-4.461359619130786,8.530782330998656,-9.956320829689503,-2.2853697516256943,0.3348438417467513,-0.35,0,0
1789003968.3618624,36.83204793930054,-8.982115499585557,-2.2585595015799935,-2.5650100971948766,0.4031098126832521,-0.05407557326704542,1,2,-4.461359619130786,8.530782330998656,-9.956320829689503,-2.2853697516256943,0.32772421860168127,-0.35,0,0
1789003968.4105644,36.88074994087219,-8.998716575512342,-2.2691030540524637,-2.5701383790892884,0.3975719450651232,-0.0545799122550734,1,2,-4.461359619130786,8.530782330998656,-9.956320829689503,-2.2853697516256943,0.32772421860168127,-0.35,0,0
1789003968.4308364,36.90102195739746,-9.005547641604995,-2.2735018971196803,-2.57133490652753,0.3977509671642706,-0.05611064695952097,1,2,-4.461359619130786,8.530782330998656,-9.956320829689503,-2.2853697516256943,0.31918895211043913,-0.35,0,0
1789003968.4612398,36.93142533302307,-9.014789995338022,-2.2816437963211094,-2.5742197194628638,0.39107257585133154,-0.056918235951948316,1,2,-4.461359619130786,8.530782330998656,-9.956320829689503,-2.2853697516256943,0.30738312252839733,-0.35,0,0
1789003968.5120373,36.98222279548645,-9.031498471116477,-2.292236153651817,-2.5776290197896157,0.38354521397542596,-0.05747541117288067,1,2,-4.461359619130786,8.530782330998656,-9.956320829689503,-2.2853697516256943,0.30738312252839733,-0.35,0,0
1789003968.5308986,37.001084089279175,-9.037524102715361,-2.2960448127529935,-2.5787792459345384,0.37626347263769294,-0.058506114231292976,1,2,-4.461359619130786,8.530782330998656,-9.956320829689503,-2.2853697516256943,0.3038756055461079,-0.35,0,0
1789003968.5628517,37.033037185668945,-9.046689694800662,-2.303979838098402,-2.582091100381614,0.3680867530156863,-0.059198589025279816,1,2,-4.461359619130786,8.530782330998656,-9.956320829689503,-2.2853697516256943,0.2921417632545626,-0.35,0,0
1789003968.6136622,37.083847761154175,-9.062143853637838,-2.3134118526001775,-2.587709882589746,0.35087818685575023,-0.059723945183595833,1,2,-4.461359619130786,8.530782330998656,-9.956320829689503,-2.2853697516256943,0.2921417632545626,-0.35,0,0
1789003968.630855,37.10104060173035,-9.06729463006942,-2.316602688679083,-2.5888288607003775,0.3505401825528816,-0.061382580467571425,1,2,-4.461359619130786,8.530782330998656,-9.956320829689503,-2.2853697516256943,0.2899601483136314,-0.35,0,0
1789003968.664144,37.13432955741882,-9.076232052513975,-2.3242450320203467,-2.592120549905457,0.3433767968102864,-0.06226648790293465,1,2,-4.461359619130786,8.530782330998656,-9.956320829689503,-2.2853697516256943,0.2790778878397293,-0.35,0,0
1789003968.7148273,37.18501281738281,-9.090896075025759,-2.333174197163211,-2.595794446305313,0.33286319729605623,-0.062855641275428,1,2,-4.461359619130786,8.530782330998656,-9.956320829689503,-2.2853697516256943,0.2790778878397293,-0.35,0,0
1789003968.730833,37.20101857185364,-9.095404585561564,-2.3359119602753253,-2.5968684635075525,0.3282837273470226,-0.06396596725215252,1,2,-4.461359619130786,8.530782330998656,-9.956320829689503,-2.2853697516256943,0.27674483067129724,-0.35,0,0
1789003968.7654293,37.23561477661133,-9.104094250693022,-2.3432635566305136,-2.600319560390681,0.31990205935553157,-0.06466897598065117,1,2,-4.461359619130786,8.530782330998656,-9.956320829689503,-2.2853697516256943,0.26644083502534754,-0.35,0,0
1789003968.816223,37.28640842437744,-9.117863879313374,-2.3513642011380433,-2.6057681862915043,0.3086366622778536,-0.0651773236123756,1,2,-4.461359619130786,8.530782330998656,-9.956320829689503,-2.2853697516256943,0.26644083502534754,-0.35,0,0
1789003968.8308585,37.30104398727417,-9.121729246170919,-2.3536612473302196,-2.606806028019127,0.3056455273396569,-0.06675548161450054,1,2,-4.461359619130786,8.530782330998656,-9.956320829689503,-2.2853697516256943,0.26485573891749176,-0.35,0,0
1789003968.866632,37.336817502975464,-9.130072647519718,-2.3606709430678263,-2.610197202206998,0.2972936085212546,-0.06757669611745881,1,2,-4.461359619130786,8.530782330998656,-9.956320829689503,-2.2853697516256943,0.2554607174507359,-0.35,0,0
1789003968.9171715,37.387356996536255,-9.143144050945347,-2.3683344110412485,-2.6138664880971625,0.2929189126871677,-0.06810399188135019,1,2,-4.461359619130786,8.530782330998656,-9.956320829689503,-2.2853697516256943,0.2554607174507359,-0.35,0,0
1789003968.9308317,37.40101718902588,-9.146693616045106,-2.3704093153180765,-2.614854041306665,0.2954539097241281,-0.06908213046606179,1,2,-4.461359619130786,8.530782330998656,-9.956320829689503,-2.2853697516256943,0.25754845933269527,-0.35,0,0
1789003968.9679534,37.43813896179199,-9.155150443196375,-2.3772770163923056,-2.619525237455404,0.28815772865458855,-0.07003265481873237,1,2,-4.461359619130786,8.530782330998656,-9.956320829689503,-2.2853697516256943,0.2446478290946991,-0.35,0,0
1789003969.0183475,37.48853302001953,-9.167731862607065,-2.38440325508053,-2.6246992684415242,0.2808335156805582,-0.07064874069615434,1,2,-4.461359619130786,8.530782330998656,-9.956320829689503,-2.2853697516256943,0.2446478290946991,-0.35,0,0
1789003969.030925,37.501110553741455,-9.170868108593925,-2.386191122709207,-2.6256647302522977,0.28231909768448754,-0.07203982761103002,1,2,-4.461359619130786,8.530782330998656,-9.956320829689503,-2.2853697516256943,0.24700145525402892,-0.35,0,0
1789003969.0689058,37.53909134864807,-9.179126211101762,-2.3928733710762518,-2.629127159611374,0.2751169989063508,-0.07275983350003436,1,2,-4.461359619130786,8.530782330998656,-9.956320829689503,-2.2853697516256943,0.2347619171111963,-0.35,0,0
1789003969.1194756,37.58966112136841,-9.19121775033997,-2.399676107133384,-2.6327352960541197,0.2683195362465277,-0.0732052260389819,1,2,-4.461359619130786,8.530782330998656,-9.956320829689503,-2.2853697516256943,0.2347619171111963,-0.35,0,0
1789003969.1308959,37.60108137130737,-9.19402602140058,-2.4012506938970324,-2.63361705042984,0.2735483846520174,-0.07401341993324843,1,2,-4.461359619130786,8.530782330998656,-9.956320829689503,-2.2853697516256943,0.23349582218536705,-0.35,0,0
1789003969.1702352,37.64042067527771,-9.202248845017374,-2.4077049992683834,-2.6385452890522054,0.2658508469342858,-0.07406977509225866,1,2,-4.461359619130786,8.530782330998656,-9.956320829689503,-2.2853697516256943,0.2313811940729467,-0.35,0,0
1789003969.2206662,37.69085168838501,-9.214205882864306,-2.4141691546326878,-2.6442633446744637,0.26240008428700384,-0.07501133860943808,1,2,-4.461359619130786,8.530782330998656,-9.956320829689503,-2.2853697516256943,0.2313811940729467,-0.35,0,0
1789003969.2308345,37.70102000236511,-9.216617834003765,-2.4154834242187926,-2.6451233657241797,0.26418050370933266,-0.07672396333629466,1,2,-4.461359619130786,8.530782330998656,-9.956320829689503,-2.2853697516256943,0.22761502395277952,-0.35,0,0
1789003969.2712796,37.74146509170532,-9.224779844413757,-2.421807638189516,-2.649128059467851,0.25665538921532016,-0.07675240500420229,1,2,-4.461359619130786,8.530782330998656,-9.956320829689503,-2.2853697516256943,0.22341510214020838,-0.35,0,0
1789003969.321979,37.79216456413269,-9.236089044122886,-2.42774654343317,-2.6552218398952294,0.24719631575321654,-0.07767007979109701,1,2,-4.461359619130786,8.530782330998656,-9.956320829689503,-2.2853697516256943,0.22341510214020838,-0.35,0,0
1789003969.330867,37.80105257034302,-9.237992425148168,-2.4287527814931744,-2.6560156299187643,0.24383537429976485,-0.07967243368413246,1,2,-4.461359619130786,8.530782330998656,-9.956320829689503,-2.2853697516256943,0.21661525641771134,-0.35,0,0
1789003969.3723826,37.842568159103394,-9.245723319675509,-2.4346688491089963,-2.6605127071882126,0.23604059116535683,-0.079711703963881,1,2,-4.461359619130786,8.530782330998656,-9.956320829689503,-2.2853697516256943,0.21513710935970565,-0.35,0,0
1789003969.3808339,37.85101938247681,-9.247612558053932,-2.4356608673809186,-2.6612388151816857,0.23926331849208102,-0.0806786203669992,1,2,-4.461359619130786,8.530782330998656,-9.956320829689503,-2.2853697516256943,0.21513710935970565,-0.35,0,0
1789003969.4308927,37.90107822418213,-9.25823171292201,-2.4410551368267503,-2.6679757465028624,0.23707299655541636,-0.08277600005672035,1,2,-4.461359619130786,8.530782330998656,-9.956320829689503,-2.2853697516256943,0.2087698762167571,-0.35,0,0
1789003969.4734883,37.943673849105835,-9.265995366661974,-2.4468138871805096,-2.6728485509577546,0.2295640177103031,-0.08281964435343916,1,2,-4.461359619130786,8.530782330998656,-9.956320829689503,-2.2853697516256943,0.20731412089297782,-0.35,0,0
1789003969.4809117,37.95109724998474,-9.267765721616437,-2.447721744156303,-2.6735216553206484,0.2377455446299376,-0.08384744672918236,1,2,-4.461359619130786,8.530782330998656,-9.956320829689503,-2.2853697516256943,0.20731412089297782,-0.35,0,0
1789003969.5308325,38.001018047332764,-9.27829207894968,-2.45290587767924,-2.68040964698068,0.23229299859346358,-0.0864044287666633,1,2,-4.461359619130786,8.530782330998656,-9.956320829689503,-2.2853697516256943,0.20124926902689177,-0.35,0,0
1789003969.5747812,38.04496669769287,-9.286197843115039,-2.458569113123875,-2.6854734512572724,0.22507412654663314,-0.08644605870713974,1,2,-4.461359619130786,8.530782330998656,-9.956320829689503,-2.2853697516256943,0.20011156634205005,-0.35,0,0
1789003969.580917,38.05110239982605,-9.28745101852846,-2.459185242297743,-2.686065100748679,0.22468145091984176,-0.0875989358707835,1,2,-4.461359619130786,8.530782330998656,-9.956320829689503,-2.2853697516256943,0.20011156634205005,-0.35,0,0
1789003969.6309023,38.10108780860901,-9.297500975828873,-2.4639743370056424,-2.6933237560957437,0.22108336030643105,-0.09001344759273673,1,2,-4.461359619130786,8.530782330998656,-9.956320829689503,-2.2853697516256943,0.19070543858764885,-0.35,0,0
1789003969.6759267,38.14611220359802,-9.305245883536067,-2.4693751062339815,-2.6987828452256566,0.21391501116612488,-0.09005883020600948,1,2,-4.461359619130786,8.530782330998656,-9.956320829689503,-2.2853697516256943,0.1931888651081227,-0.35,0,0
1789003969.6809132,38.15109872817993,-9.306364799893228,-2.469913323211192,-2.6992962532909637,0.21883239429193355,-0.09122219258889831,1,2,-4.461359619130786,8.530782330998656,-9.956320829689503,-2.2853697516256943,0.1931888651081227,-0.35,0,0
1789003969.7308981,38.20108366012573,-9.316221319472282,-2.474439695435435,-2.7070105568848484,0.21537899784495537,-0.09418325402309488,1,2,-4.461359619130786,8.530782330998656,-9.956320829689503,-2.2853697516256943,0.18723993906604525,-0.35,0,0
1789003969.7774224,38.247607946395874,-9.324051278627916,-2.479692316084672,-2.71300846107475,0.2084208024651471,-0.0942358091484243,1,2,-4.461359619130786,8.530782330998656,-9.956320829689503,-2.2853697516256943,0.18684198022178225,-0.35,0,0
1789003969.78091,38.25109553337097,-9.324653381669986,-2.47996516441298,-2.7134063397291635,0.205691637341404,-0.09559054561615485,1,2,-4.461359619130786,8.530782330998656,-9.956320829689503,-2.2853697516256943,0.18684198022178225,-0.35,0,0
1789003969.8308902,38.30107569694519,-9.33380660613333,-2.483991163841239,-2.7216233975565793,0.19365905231600494,-0.09845635540446339,1,2,-4.461359619130786,8.530782330998656,-9.956320829689503,-2.2853697516256943,0.18115673213430006,-0.35,0,0
1789003969.8792632,38.349448680877686,-9.341105720815461,-2.4887582192251907,-2.729367121623132,0.1861116602824231,-0.09855142105645735,1,2,-4.461359619130786,8.530782330998656,-9.956320829689503,-2.2853697516256943,0.1811055455528073,-0.35,0,0
1789003969.8809042,38.35108971595764,-9.341432238309821,-2.4889048676303993,-2.729612552357695,0.18761580214719994,-0.10042666912624522,1,2,-4.461359619130786,8.530782330998656,-9.956320829689503,-2.2853697516256943,0.1811055455528073,-0.35,0,0
1789003969.9308472,38.40103268623352,-9.349952570329284,-2.492504448113792,-2.737938195752371,0.1830897410253671,-0.10275856086711845,1,2,-4.461359619130786,8.530782330998656,-9.956320829689503,-2.2853697516256943,0.17841292256342675,-0.35,0,0
1789003969.9807947,38.4509801864624,-9.35705675810853,-2.497046679379796,-2.7448638649773103,0.17553473178341883,-0.10283366568047345,1,2,-4.461359619130786,8.530782330998656,-9.956320829689503,-2.2853697516256943,0.17611289924026616,-0.35,0,0
1789003969.9808578,38.451043367385864,-9.357149991437135,-2.497091351100787,-2.7449885066993547,0.17863810989112375,-0.10497248754238066,1,2,-4.461359619130786,8.530782330998656,-9.956320829689503,-2.2853697516256943,0.17611289924026616,-0.35,0,0
1789003970.0317056,38.501891136169434,-9.365394550581257,-2.5004114016343855,-2.754014035299268,0.1707261586254504,-0.10749618551408183,1,2,-4.461359619130786,8.530782330998656,-9.956320829689503,-2.2853697516256943,0.17354997844124462,-0.35,0,0
1789003970.0829294,38.553114891052246,-9.372193288159796,-2.5045920202337433,-2.76259908584897,0.16311404228046703,-0.10763261247123426,1,2,-4.461359619130786,8.530782330998656,-9.956320829689503,-2.2853697516256943,0.1715093333679594,-0.35,0,0
1789003970.1335216,38.60370707511902,-9.379669168647524,-2.5074597159239107,-2.7718303353300002,0.15775597657100948,-0.11343849296662192,1,2,-4.461359619130786,8.530782330998656,-9.956320829689503,-2.2853697516256943,0.1693692427942681,-0.35,0,0
1789003970.1843565,38.654541969299316,-9.3858201794012,-2.511243671828179,-2.779387162890653,0.15031012579069805,-0.11352148285445286,1,2,-4.461359619130786,8.530782330998656,-9.956320829689503,-2.2853697516256943,0.1675167270055531,-0.35,0,0
1789003970.2351043,38.70528984069824,-9.393611571756603,-2.514213092413784,-2.7858917944960653,0.1609215034207699,-0.11803944247059876,1,2,-4.461359619130786,8.530782330998656,-9.956320829689503,-2.2853697516256943,0.1653461487238849,-0.35,0,0
1789003970.286018,38.756203413009644,-9.3999884984459,-2.5178600917974636,-2.795816639336939,0.15433113593471626,-0.11821607567637105,1,2,-4.461359619130786,8.530782330998656,-9.956320829689503,-2.2853697516256943,0.1612972997634748,-0.35,0,0
1789003970.336517,38.806702613830566,-9.407922896833824,-2.520640299426012,-2.805550490658715,0.16208179577933393,-0.12382075578524993,1,2,-4.461359619130786,8.530782330998656,-9.956320829689503,-2.2853697516256943,0.16135299696527658,-0.35,0,0
1789003970.3871043,38.85728979110718,-9.41434532081342,-2.5241720487779804,-2.8135036182125925,0.1562136001918922,-0.12389886711919666,1,2,-4.461359619130786,8.530782330998656,-9.956320829689503,-2.2853697516256943,0.15971525819077032,-0.35,0,0
1789003970.437921,38.908106565475464,-9.422393515189912,-2.526845565634672,-2.8231462979125195,0.16404201576696414,-0.12927592597766105,1,2,-4.461359619130786,8.530782330998656,-9.956320829689503,-2.2853697516256943,0.15745599837733407,-0.35,0,0
1789003970.4884162,38.95860171318054,-9.428962940116929,-2.5302501281782552,-2.8310290738796344,0.1588388010793025,-0.12933951674008157,1,2,-4.461359619130786,8.530782330998656,-9.956320829689503,-2.2853697516256943,0.15354245729140562,-0.35,0,0
1789003970.539275,39.00946044921875,-9.437269545301113,-2.5328502000794444,-2.8409510846077946,0.16566988924052065,-0.1342453407812376,1,2,-4.461359619130786,8.530782330998656,-9.956320829689503,-2.2853697516256943,0.1534352336149351,-0.35,0,0
1789003970.556001,39.02618646621704,-9.43871073842841,-2.534529088770838,-2.8431894595341967,0.16413519670496304,-0.134245362683188,1,2,-4.461359619130786,8.530782330998656,-9.956320829689503,-2.2853697516256943,0.1517214381650185,-0.35,0,0
1789003970.5899217,39.06010723114014,-9.444077485270443,-2.5361441295935885,-2.8490766409854857,0.16334950222116978,-0.13698131905835664,1,2,-4.461359619130786,8.530782330998656,-9.956320829689503,-2.2853697516256943,0.1517214381650185,-0.35,0,0
1789003970.6410704,39.11125588417053,-9.452054567635601,-2.5384862621508875,-2.85835808302563,0.1621624231925422,-0.13911173256996529,1,2,-4.461359619130786,8.530782330998656,-9.956320829689503,-2.2853697516256943,0.1494235644528928,-0.35,0,0
1789003970.6601105,39.13029599189758,-9.453792338769292,-2.540162994076042,-2.8610006110042603,0.16052044934965146,-0.13911176790093452,1,2,-4.461359619130786,8.530782330998656,-9.956320829689503,-2.2853697516256943,0.14768637170335058,-0.35,0,0
1789003970.6918533,39.162038803100586,-9.45884262264135,-2.5415899578923375,-2.866656004534921,0.16269789464038734,-0.14167621209972683,1,2,-4.461359619130786,8.530782330998656,-9.956320829689503,-2.2853697516256943,0.14768637170335058,-0.35,0,0
1789003970.7426152,39.21280074119568,-9.46680352872944,-2.543760948110954,-2.8767155940292315,0.16290198109448378,-0.1435047366457737,1,2,-4.461359619130786,8.530782330998656,-9.956320829689503,-2.2853697516256943,0.1453589214904665,-0.35,0,0
1789003970.7610786,39.23126411437988,-9.468471182350033,-2.5453212498282567,-2.879358620360012,0.16147475268911746,-0.14350474844338146,1,2,-4.461359619130786,8.530782330998656,-9.956320829689503,-2.2853697516256943,0.14362481989830542,-0.35,0,0
1789003970.7934616,39.26364707946777,-9.473729735667096,-2.5466920053860984,-2.8856885062816606,0.1649564035360739,-0.14614417453936282,1,2,-4.461359619130786,8.530782330998656,-9.956320829689503,-2.2853697516256943,0.14362481989830542,-0.35,0,0
1789003970.843921,39.314106464385986,-9.481818910798543,-2.548754107153598,-2.895341077542313,0.16643823501509217,-0.14804044586813045,1,2,-4.461359619130786,8.530782330998656,-9.956320829689503,-2.2853697516256943,0.14146073071819226,-0.35,0,0
1789003970.858845,39.32903051376343,-9.482994474697476,-2.550094282859043,-2.8975447087590562,0.16544413080529835,-0.14804046609475927,1,2,-4.461359619130786,8.530782330998656,-9.956320829689503,-2.2853697516256943,0.13962944036411645,-0.35,0,0
1789003970.894769,39.364954471588135,-9.48890977615194,-2.5515538740435066,-2.903498499975877,0.16770555141558197,-0.15029401410332438,1,2,-4.461359619130786,8.530782330998656,-9.956320829689503,-2.2853697516256943,0.13962944036411645,-0.35,0,0
1789003970.9456332,39.41581869125366,-9.497106552808601,-2.553479621671616,-2.91325341255218,0.16313760294469556,-0.15182202883733123,1,2,-4.461359619130786,8.530782330998656,-9.956320829689503,-2.2853697516256943,0.1373647594753521,-0.35,0,0
1789003970.9632585,39.433444023132324,-9.498650311896633,-2.554820659780888,-2.9159231916893917,0.16201872833543227,-0.15182203638125039,1,2,-4.461359619130786,8.530782330998656,-9.956320829689503,-2.2853697516256943,0.13559668918521553,-0.35,0,0
1789003970.9974637,39.46764922142029,-9.503840746647263,-2.5559901360487896,-2.92146752413417,0.15583892328343998,-0.15388005361921633,1,2,-4.461359619130786,8.530782330998656,-9.956320829689503,-2.2853697516256943,0.13559668918521553,-0.35,0,0
1789003971.0481932,39.51837873458862,-9.511468498487606,-2.5576522960484427,-2.9308357107594447,0.15183889871409673,-0.1552927635680952,1,2,-4.461359619130786,8.530782330998656,-9.956320829689503,-2.2853697516256943,0.13340814932120088,-0.35,0,0
1789003971.0579095,39.52809500694275,-9.51166162005855,-2.558613637219741,-2.932339531357852,0.15117880062274286,-0.15529278663511456,1,2,-4.461359619130786,8.530782330998656,-9.956320829689503,-2.2853697516256943,0.13177184789319502,-0.35,0,0
1789003971.0989654,39.56915092468262,-9.517677518261905,-2.5598871885021746,-2.9386275543131157,0.14850111046174475,-0.156877855216793,1,2,-4.461359619130786,8.530782330998656,-9.956320829689503,-2.2853697516256943,0.13177184789319502,-0.35,0,0
1789003971.1501691,39.620354652404785,-9.525137044386396,-2.561338235137139,-2.949218764119345,0.14700121799939136,-0.1574648154015365,1,2,-4.461359619130786,8.530782330998656,-9.956320829689503,-2.2853697516256943,0.1297177542101022,-0.35,0,0
1789003971.1612704,39.63145589828491,-9.525484684766063,-2.562262069590992,-2.95101914468558,0.14673742374191948,-0.1585349079517862,1,2,-4.461359619130786,8.530782330998656,-9.956320829689503,-2.2853697516256943,0.12821766857732853,-0.35,0,0
1789003971.200842,39.671027421951294,-9.531203559839788,-2.563373710209774,-2.956881916820024,0.14587089262129335,-0.15995044444101453,1,2,-4.461359619130786,8.530782330998656,-9.956320829689503,-2.2853697516256943,0.12821766857732853,-0.35,0,0
1789003971.2516909,39.72187638282776,-9.538465409463504,-2.5646860615646903,-2.966190194034542,0.1436456904165384,-0.16045585191338918,1,2,-4.461359619130786,8.530782330998656,-9.956320829689503,-2.2853697516256943,0.12569978423807435,-0.35,0,0
1789003971.2680776,39.73826313018799,-9.539497590424228,-2.56565976309096,-2.9688555557813854,0.14298911992704652,-0.16109360257622268,1,2,-4.461359619130786,8.530782330998656,-9.956320829689503,-2.2853697516256943,0.12476434185433488,-0.35,0,0
1789003971.3025198,39.77270531654358,-9.544339164585873,-2.5665166309305505,-2.9738485241783805,0.1416194757048571,-0.16196080236151184,1,2,-4.461359619130786,8.530782330998656,-9.956320829689503,-2.2853697516256943,0.12476434185433488,-0.35,0,0
1789003971.3538132,39.82399868965149,-9.551448639096083,-2.5676394295708853,-2.9845571224182295,0.1387335549511869,-0.162316551744954,1,2,-4.461359619130786,8.530782330998656,-9.956320829689503,-2.2853697516256943,0.12213268182574497,-0.35,0,0
1789003971.3627102,39.83289575576782,-9.551382999954084,-2.568354327306689,-2.9860380207382033,0.13846795432695858,-0.16314568384834538,1,2,-4.461359619130786,8.530782330998656,-9.956320829689503,-2.2853697516256943,0.12150592623720595,-0.35,0,0
1789003971.4044611,39.87464666366577,-9.557136275187903,-2.5692679206135542,-2.9923050258892885,0.1381912971538054,-0.1642038285699793,1,2,-4.461359619130786,8.530782330998656,-9.956320829689503,-2.2853697516256943,0.12150592623720595,-0.35,0,0
1789003971.4553032,39.92548871040344,-9.564290151968748,-2.5703055109839554,-3.0019976856469825,0.14126142643676282,-0.16457944725787274,1,2,-4.461359619130786,8.530782330998656,-9.956320829689503,-2.2853697516256943,0.11900143847212645,-0.35,0,0
1789003971.506459,39.97664451599121,-9.570539985548836,-2.5717893809610466,-3.012744486253339,0.14825955341129043,-0.16646376476959138,1,2,-4.461359619130786,8.530782330998656,-9.956320829689503,-2.2853697516256943,0.11817688048846552,-0.35,0,0
1789003971.5308354,40.00102090835571,-9.5741559332158,-2.572262314297976,-3.0168315942791675,0.14926334956460102,-0.1670842317071316,1,2,-4.461359619130786,8.530782330998656,-9.956320829689503,-2.2853697516256943,0.1154270627711602,-0.35,0,0
1789003971.5619333,40.032118797302246,-9.577452406745667,-2.573244404174469,-3.0230527758470074,0.14862827442231913,-0.16784118498982664,1,2,-4.461359619130786,8.530782330998656,-9.956320829689503,-2.2853697516256943,0.11487364726554476,-0.35,0,0
1789003971.6078784,40.07806396484375,-9.584208590646993,-2.574056812633394,-3.0301034032360916,0.14738230741738687,-0.16875633073299873,1,2,-4.461359619130786,8.530782330998656,-9.956320829689503,-2.2853697516256943,0.11487364726554476,-0.35,0,0
1789003971.630833,40.10101842880249,-9.587582129668673,-2.5744366032490964,-3.0339923764474155,0.14747130674062214,-0.1690479179730953,1,2,-4.461359619130786,8.530782330998656,-9.956320829689503,-2.2853697516256943,0.11330664662890036,-0.35,0,0
1789003971.6585848,40.12877035140991,-9.590336540184087,-2.5752355180780966,-3.0399216616902494,0.14688380841557205,-0.16958003033697497,1,2,-4.461359619130786,8.530782330998656,-9.956320829689503,-2.2853697516256943,0.11134329401503022,-0.35,0,0
1789003971.7093391,40.179524660110474,-9.597744762237497,-2.575926539347454,-3.050448625414951,0.1458551107678138,-0.17076934102041716,1,2,-4.461359619130786,8.530782330998656,-9.956320829689503,-2.2853697516256943,0.11134329401503022,-0.35,0,0
1789003971.7308524,40.201037883758545,-9.600867145150533,-2.5762126322312366,-3.054147587146011,0.14533071156183225,-0.17131110007749217,1,2,-4.461359619130786,8.530782330998656,-9.956320829689503,-2.2853697516256943,0.1099768123552615,-0.35,0,0
1789003971.7608778,40.23106336593628,-9.603872246241055,-2.576919063300811,-3.060078014797292,0.14458056934757524,-0.1719747871233372,1,2,-4.461359619130786,8.530782330998656,-9.956320829689503,-2.2853697516256943,0.10806342934225308,-0.35,0,0
1789003971.810342,40.28052759170532,-9.611004127782426,-2.5775147121350233,-3.0676572083785314,0.14374670881855128,-0.17239541760083515,1,2,-4.461359619130786,8.530782330998656,-9.956320829689503,-2.2853697516256943,0.10806342934225308,-0.35,0,0
1789003971.8308516,40.301037073135376,-9.613981289044533,-2.577738746761728,-3.071225345568043,0.1446844178893742,-0.17293468558319575,1,2,-4.461359619130786,8.530782330998656,-9.956320829689503,-2.2853697516256943,0.10658058301172078,-0.35,0,0
1789003971.8609223,40.33110785484314,-9.616971015007557,-2.578324890253643,-3.077277947458685,0.14415598341445274,-0.17333990363700993,1,2,-4.461359619130786,8.530782330998656,-9.956320829689503,-2.2853697516256943,0.10348407458625519,-0.35,0,0
1789003971.9117362,40.38192176818848,-9.624303969823593,-2.578755215668803,-3.0871662192650655,0.14364768738590014,-0.17362811769616435,1,2,-4.461359619130786,8.530782330998656,-9.956320829689503,-2.2853697516256943,0.10348407458625519,-0.35,0,0
1789003971.9308383,40.401023864746094,-9.6270989570994,-2.578912792034513,-3.0905327975770027,0.14545650053388073,-0.1745721073830472,1,2,-4.461359619130786,8.530782330998656,-9.956320829689503,-2.2853697516256943,0.10319220777885185,-0.35,0,0
1789003971.9621646,40.432350158691406,-9.630285732269993,-2.5793958411404105,-3.0963439960556056,0.14514259204529212,-0.17501673563079684,1,2,-4.461359619130786,8.530782330998656,-9.956320829689503,-2.2853697516256943,0.10013314757121855,-0.35,0,0
1789003972.012804,40.48298954963684,-9.637700057346493,-2.5797568234544177,-3.1038638749789715,0.14575805640819212,-0.17527602083304908,1,2,-4.461359619130786,8.530782330998656,-9.956320829689503,-2.2853697516256943,0.10013314757121855,-0.35,0,0
1789003972.031054,40.50123953819275,-9.640324859424933,-2.5798522589746486,-3.107074151726481,0.14344522735915316,-0.17547313370958514,1,2,-4.461359619130786,8.530782330998656,-9.956320829689503,-2.2853697516256943,0.09969948653470609,-0.35,0,0
1789003972.063628,40.5338134765625,-9.643608719270258,-2.580189469312129,-3.114129631271509,0.14237651116020952,-0.17589916243209167,1,2,-4.461359619130786,8.530782330998656,-9.956320829689503,-2.2853697516256943,0.09660280858697011,-0.35,0,0
1789003972.1140265,40.58421206474304,-9.650520643378622,-2.580299928124564,-3.1252246152185506,0.1367301589471621,-0.17621088827570314,1,2,-4.461359619130786,8.530782330998656,-9.956320829689503,-2.2853697516256943,0.09660280858697011,-0.35,0,0
1789003972.130834,40.601019620895386,-9.652787411846312,-2.580335169155871,-3.128242588425181,0.1352057807396895,-0.1772194437451052,1,2,-4.461359619130786,8.530782330998656,-9.956320829689503,-2.2853697516256943,0.09660030208196037,-0.35,0,0
1789003972.16463,40.63481545448303,-9.655943100166331,-2.580559573150965,-3.1345191791492413,0.13416326683922286,-0.17768268208482862,1,2,-4.461359619130786,8.530782330998656,-9.956320829689503,-2.2853697516256943,0.09374146923472772,-0.35,0,0
1789003972.215177,40.685362577438354,-9.662625537400197,-2.580629812724754,3.141149614389514,0.131439734633415,-0.17794538708810853,1,2,-4.461359619130786,8.530782330998656,-9.956320829689503,-2.2853697516256943,0.09374146923472772,-0.35,0,0
1789003972.2308314,40.701016902923584,-9.664656430435326,-2.5806267712329296,3.1383532756414585,0.1298230902926412,-0.17813415649976438,1,2,-4.461359619130786,8.530782330998656,-9.956320829689503,-2.2853697516256943,0.09354956405453951,-0.35,0,0
1789003972.2678065,40.73799204826355,-9.66801129557956,-2.5806842284962572,3.129720617240455,0.12845112677589943,-0.17868721772295162,1,2,-4.461359619130786,8.530782330998656,-9.956320829689503,-2.2853697516256943,0.09072709112533661,-0.35,0,0
1789003972.3168943,40.78707981109619,-9.674098341287955,-2.5805310874844616,3.118289587077199,0.12357901226483925,-0.17907235395157592,1,2,-4.461359619130786,8.530782330998656,-9.956320829689503,-2.2853697516256943,0.09072709112533661,-0.35,0,0
1789003972.3308342,40.8010196685791,-9.675728073930294,-2.580485104225032,3.1157284890343107,0.11912833297891438,-0.180291218892888,1,2,-4.461359619130786,8.530782330998656,-9.956320829689503,-2.2853697516256943,0.09086208565931143,-0.35,0,0
1789003972.3682575,40.83844304084778,-9.680065309555285,-2.580361949093265,3.108397161000198,0.11692593679817381,-0.1808956397095745,1,2,-4.461359619130786,8.530782330998656,-9.956320829689503,-2.2853697516256943,0.08845422511330774,-0.35,0,0
1789003972.4192553,40.8894407749176,-9.68596872410818,-2.5801233932156724,3.097775277646255,0.11470175996057722,-0.18130037593739184,1,2,-4.461359619130786,8.530782330998656,-9.956320829689503,-2.2853697516256943,0.08845422511330774,-0.35,0,0
1789003972.4308321,40.90101766586304,-9.687338114854066,-2.580068111329615,3.0956198592626603,0.1162549309742547,-0.1825113910263155,1,2,-4.461359619130786,8.530782330998656,-9.956320829689503,-2.2853697516256943,0.08796655400117,-0.35,0,0
1789003972.4698555,40.940041065216064,-9.691752242022677,-2.5798475136049173,3.087692558029387,0.11461524129877618,-0.18253190449699944,1,2,-4.461359619130786,8.530782330998656,-9.956320829689503,-2.2853697516256943,0.08734248578259654,-0.35,0,0
1789003972.5206995,40.99088501930237,-9.697744099826044,-2.579461614633833,3.075642175152744,0.11594787548482464,-0.18327818457849757,1,2,-4.461359619130786,8.530782330998656,-9.956320829689503,-2.2853697516256943,0.08734248578259654,-0.35,0,0
1789003972.5308774,41.001062870025635,-9.698969183175798,-2.579385478981539,3.073685494144005,0.11759590872955829,-0.18490458884474495,1,2,-4.461359619130786,8.530782330998656,-9.956320829689503,-2.2853697516256943,0.08512663903955689,-0.35,0,0
1789003972.5715175,41.04170298576355,-9.70361315995464,-2.579054907314327,3.0656901428371786,0.11610083887673514,-0.18491815800233524,1,2,-4.461359619130786,8.530782330998656,-9.956320829689503,-2.2853697516256943,0.08456497729074092,-0.35,0,0
1789003972.6227372,41.09292268753052,-9.70963108084223,-2.5785717328613513,3.055220212784014,0.11620748174676783,-0.18569190497480192,1,2,-4.461359619130786,8.530782330998656,-9.956320829689503,-2.2853697516256943,0.08456497729074092,-0.35,0,0
1789003972.6308327,41.10101819038391,-9.710605694412331,-2.57849142010985,3.0536412205169174,0.11751519583255433,-0.18722205992179763,1,2,-4.461359619130786,8.530782330998656,-9.956320829689503,-2.2853697516256943,0.08221398022655636,-0.35,0,0
1789003972.6733692,41.1435546875,-9.715452968171226,-2.578044824118206,3.0452128596129935,0.11609523633992755,-0.18723610135537253,1,2,-4.461359619130786,8.530782330998656,-9.956320829689503,-2.2853697516256943,0.08174867436343108,-0.35,0,0
1789003972.6808465,41.15103197097778,-9.716302638160032,-2.5779618110498856,3.043777825686897,0.11541242723071465,-0.18790833756131345,1,2,-4.461359619130786,8.530782330998656,-9.956320829689503,-2.2853697516256943,0.08174867436343108,-0.35,0,0
1789003972.730833,41.20101857185364,-9.721975652458234,-2.577427421754598,3.0357257449937673,0.11248105089704753,-0.1884388496327438,1,2,-4.461359619130786,8.530782330998656,-9.956320829689503,-2.2853697516256943,0.07927142863996806,-0.35,0,0
1789003972.7747996,41.24498510360718,-9.726748671734157,-2.5768895968574923,3.0265146228447657,0.11094144327891926,-0.18846646720964896,1,2,-4.461359619130786,8.530782330998656,-9.956320829689503,-2.2853697516256943,0.07910534903889739,-0.35,0,0
1789003972.7808754,41.251060962677,-9.727357238692994,-2.5768146790097015,3.025347028909523,0.10872769908878446,-0.18888394945858808,1,2,-4.461359619130786,8.530782330998656,-9.956320829689503,-2.2853697516256943,0.07910534903889739,-0.35,0,0
1789003972.8308585,41.30104398727417,-9.732670035527303,-2.5761461522447413,3.0140349538032467,0.10534265784938039,-0.19022816048488997,1,2,-4.461359619130786,8.530782330998656,-9.956320829689503,-2.2853697516256943,0.07658049883136636,-0.35,0,0
1789003972.8764594,41.34664487838745,-9.73727610302163,-2.5755217763433222,3.004436234962659,0.10358882219659929,-0.1902567079531638,1,2,-4.461359619130786,8.530782330998656,-9.956320829689503,-2.2853697516256943,0.07648428075724478,-0.35,0,0
1789003972.880853,41.351038455963135,-9.737735887590327,-2.5754591803197844,3.0035675218630313,0.10372133626899871,-0.19090327148878666,1,2,-4.461359619130786,8.530782330998656,-9.956320829689503,-2.2853697516256943,0.07648428075724478,-0.35,0,0
1789003972.930842,41.40102744102478,-9.742927165914153,-2.5747657651540075,2.9949961223422825,0.1063144497582076,-0.19149722588669818,1,2,-4.461359619130786,8.530782330998656,-9.956320829689503,-2.2853697516256943,0.07409614452282677,-0.35,0,0
1789003972.9783106,41.44849610328674,-9.74775084959855,-2.573981957443938,2.9832780727212125,0.10470987034120448,-0.19157708077911081,1,2,-4.461359619130786,8.530782330998656,-9.956320829689503,-2.2853697516256943,0.07392445012243912,-0.35,0,0
1789003972.9808366,41.451022148132324,-9.748253471787155,-2.5739218561103514,2.982757703693009,0.1126315400933198,-0.19240072081516757,1,2,-4.461359619130786,8.530782330998656,-9.956320829689503,-2.2853697516256943,0.07392445012243912,-0.35,0,0
1789003973.0308783,41.50106382369995,-9.753757507223314,-2.5729653933576384,2.9695285970710525,0.1103658174926674,-0.19453659116985475,1,2,-4.461359619130786,8.530782330998656,-9.956320829689503,-2.2853697516256943,0.06,-0.15,0,0
1789003973.079694,41.54987955093384,-9.758896984198117,-2.5720259579901836,2.958825716297481,0.10905014322137166,-0.1945740218640542,1,2,-4.461359619130786,8.530782330998656,-9.956320829689503,-2.2853697516256943,0.07138288520161085,-0.35,0,0
1789003973.080853,41.55103850364685,-9.758850572218229,-2.5720199075744263,2.9585520818952107,0.1032829136384138,-0.19553000889947628,1,2,-4.461359619130786,8.530782330998656,-9.956320829689503,-2.2853697516256943,0.07138288520161085,-0.35,0,0
1789003973.1308372,41.601022720336914,-9.763865246376973,-2.5711065884904936,2.949628246499276,0.10054439431775895,-0.19622899179793726,1,2,-4.461359619130786,8.530782330998656,-9.956320829689503,-2.2853697516256943,0.06,-0.15,0,0
1789003973.1814249,41.651610374450684,-9.768664622474693,-2.570084190413481,2.9364670661526766,0.0988444530556898,-0.1963556126494483,1,2,-4.461359619130786,8.530782330998656,-9.956320829689503,-2.2853697516256943,0.06,-0.15,0,0
1789003973.2318587,41.70204424858093,-9.77319588470215,-2.5690569367081557,2.922700667797324,0.09085289950845515,-0.19967790153667686,1,2,-4.461359619130786,8.530782330998656,-9.956320829689503,-2.2853697516256943,0.06,-0.15,0,0
1789003973.282507,41.752692461013794,-9.777485561630922,-2.5680511559099393,2.9113310926310154,0.08884931767692458,-0.19973298927556227,1,2,-4.461359619130786,8.530782330998656,-9.956320829689503,-2.2853697516256943,0.06,-0.15,0,0
1789003973.33376,41.803945541381836,-9.782292397233434,-2.5669303732431956,2.899770908327043,0.09662890072287644,-0.20304405176130016,1,2,-4.461359619130786,8.530782330998656,-9.956320829689503,-2.2853697516256943,0.06,-0.15,0,0
1789003973.3843517,41.85453724861145,-9.78684485024376,-2.5657747069735533,2.889495762217214,0.09509794915820048,-0.20304417805163108,1,2,-4.461359619130786,8.530782330998656,-9.956320829689503,-2.2853697516256943,0.06,-0.15,0,0
1789003973.434886,41.9050714969635,-9.7913200733269,-2.5645822497884923,2.878898929169753,0.07923224545984123,-0.20530340960471838,1,2,-4.461359619130786,8.530782330998656,-9.956320829689503,-2.2853697516256943,0.06,-0.15,0,0
1789003973.48553,41.95571541786194,-9.794984563462531,-2.563595016218682,2.870372377143198,0.07699452691507239,-0.2052190458791585,1,2,-4.461359619130786,8.530782330998656,-9.956320829689503,-2.2853697516256943,0.06,-0.15,0,0
1789003973.5367224,42.00690793991089,-9.796732454025626,-2.5631306406157512,2.864789134244285,0.054424628205801386,-0.2050127797509112,1,2,-4.461359619130786,8.530782330998656,-9.956320829689503,-2.2853697516256943,0.06,-0.15,0,0
1789003973.5873556,42.05754113197327,-9.799149198077739,-2.562454144034776,2.8574678221233603,0.05124871561953324,-0.20487170369253388,1,2,-4.461359619130786,8.530782330998656,-9.956320829689503,-2.2853697516256943,0.06,-0.15,0,0
1789003973.6381693,42.108354806900024,-9.803614396314352,-2.5612749105141037,2.8499831476600175,0.08065319034395464,-0.20277922126253806,1,2,-4.461359619130786,8.530782330998656,-9.956320829689503,-2.2853697516256943,0.06,-0.15,0,0
1789003973.688866,42.15905141830444,-9.807332233738865,-2.560180954411307,2.8439881478414284,0.07902132508595724,-0.20258557172002625,1,2,-4.461359619130786,8.530782330998656,-9.956320829689503,-2.2853697516256943,0.06,-0.15,0,0
1789003973.7396362,42.209821701049805,-9.811208085490122,-2.559104552227598,2.841794064213749,0.07655433644769474,-0.1977419477394416,1,2,-4.461359619130786,8.530782330998656,-9.956320829689503,-2.2853697516256943,0.06,-0.15,0,0
1789003973.7625377,42.232723236083984,-9.812697250378044,-2.558612728268219,2.837265401837561,0.07579759605216378,-0.1977419476004031,1,2,-4.461359619130786,8.530782330998656,-9.956320829689503,-2.2853697516256943,0.06,-0.15,0,0
1789003973.7901337,42.260319232940674,-9.814694622030315,-2.5580377369003364,2.8358062622197746,0.0748981001860906,-0.1941409307114619,1,2,-4.461359619130786,8.530782330998656,-9.956320829689503,-2.2853697516256943,0.06,-0.15,0,0
1789003973.8407462,42.31093168258667,-9.818307728792313,-2.556951092119206,2.8296732440971386,0.07434786199805017,-0.19169324299040305,1,2,-4.461359619130786,8.530782330998656,-9.956320829689503,-2.2853697516256943,0.06,-0.15,0,0
1789003973.8616793,42.33186483383179,-9.819598535615746,-2.5565006919725057,2.8256604195612702,0.07367902281088254,-0.1916932430645048,1,2,-4.461359619130786,8.530782330998656,-9.956320829689503,-2.2853697516256943,0.06,-0.15,0,0
1789003973.8915262,42.361711740493774,-9.821771310272334,-2.555909859416874,2.828264592628787,0.07436170363422942,-0.18718315837766838,1,2,-4.461359619130786,8.530782330998656,-9.956320829689503,-2.2853697516256943,0.06,-0.15,0,0
1789003973.9419525,42.41213798522949,-9.825278497019774,-2.5548166679821693,2.8223352064091483,0.07121674476451044,-0.18384126773279355,1,2,-4.461359619130786,8.530782330998656,-9.956320829689503,-2.2853697516256943,0.059236726310057455,-0.15,0,0
1789003973.9638805,42.4340660572052,-9.826563802369188,-2.554355739106815,2.8183038419567357,0.07051667297195936,-0.18384126766107034,1,2,-4.461359619130786,8.530782330998656,-9.956320829689503,-2.2853697516256943,0.0,0.0,0,0
1789003973.9925056,42.46269106864929,-9.828355648018634,-2.5538096388059017,2.8178933617718727,0.06646233886356845,-0.17927922133289406,1,2,-4.461359619130786,8.530782330998656,-9.956320829689503,-2.2853697516256943,0.0,0.0,0,0
1789003974.0430415,42.5132269859314,-9.831499625213697,-2.5528091266373325,2.8130490896481435,0.06408245961585239,-0.17610628270987644,1,2,-4.461359619130786,8.530782330998656,-9.956320829689503,-2.2853697516256943,0.0,0.0,0,0
1789003974.0605268,42.530712366104126,-9.832359359836492,-2.5524776847130664,2.8099697173003104,0.06346063908923724,-0.17610628266556771,1,2,-4.461359619130786,8.530782330998656,-9.956320829689503,-2.2853697516256943,0.0,0.0,0,0
1789003974.0937936,42.563979148864746,-9.834371289452944,-2.55189771155978,2.8128542904629192,0.06232524528755336,-0.17046824264199417,1,2,-4.461359619130786,8.530782330998656,-9.956320829689503,-2.2853697516256943,0.0,0.0,0,0
1789003974.1442552,42.61444067955017,-9.837342058518978,-2.55092432822737,2.807374256516412,0.06166401720441123,-0.16655617866388542,1,2,-4.461359619130786,8.530782330998656,-9.956320829689503,-2.2853697516256943,0.0,0.0,0,0
1789003974.1585844,42.628769874572754,-9.837972214126061,-2.5506655185781235,2.804987562196027,0.061170677304449764,-0.16655617840507617,1,2,-4.461359619130786,8.530782330998656,-9.956320829689503,-2.2853697516256943,0.0,0.0,0,0
1789003974.1947973,42.66498279571533,-9.840044736918376,-2.5499880920355533,2.803315290914501,0.05965695021295984,-0.16137562293377897,1,2,-4.461359619130786,8.530782330998656,-9.956320829689503,-2.2853697516256943,0.0,0.0,0,0
1789003974.2453668,42.71555233001709,-9.842844093658055,-2.5490528283742027,2.799443848005433,0.05703368503746389,-0.15787262035475752,2,3,-13.682403697109796,1.999557805744267,-3.1497916262596846,-11.300868867780082,0.0,0.0,0,1
1789003974.2962403,42.7664258480072,-9.846483823761014,-2.5479039777907,2.7999428138099045,0.07997545105689247,-0.15177990275471887,2,3,-13.682403697109796,1.999557805744267,-3.1497916262596846,-11.300868867780082,0.0,0.0,0,1
1789003974.3466663,42.81685185432434,-9.850973131848132,-2.5464501625607077,2.799260245730318,0.10833730961623338,-0.14680516051178283,2,3,-13.682403697109796,1.999557805744267,-3.1497916262596846,-11.300868867780082,0.0,0.35,0,1
1789003974.3972468,42.86743235588074,-9.856729183298624,-2.544522623513548,2.7993708749102435,0.12346003703844435,-0.14000404188767693,2,3,-13.682403697109796,1.999557805744267,-3.1497916262596846,-11.300868867780082,0.0,0.35,0,1
1789003974.447953,42.91813850402832,-9.86229591977813,-2.5427237275255212,2.805244490745201,0.1068497931580563,-0.13288911309753,2,3,-13.682403697109796,1.999557805744267,-3.1497916262596846,-11.300868867780082,0.0,0.35,0,1
1789003974.4983673,42.96855282783508,-9.866079412869949,-2.5414408557928883,2.8048030373173107,0.07375548285950594,-0.12425848626361297,2,3,-13.682403697109796,1.999557805744267,-3.1497916262596846,-11.300868867780082,0.0,0.35,0,1
1789003974.5489259,43.0191113948822,-9.869379764164481,-2.5403727618425354,2.8050456416096576,0.06338977904325702,-0.1187240179678769,2,3,-13.682403697109796,1.999557805744267,-3.1497916262596846,-11.300868867780082,0.0,0.35,0,1
1789003974.5995018,43.069687366485596,-9.872217660908323,-2.5394668514863197,2.8058312298966293,0.05745369748042269,-0.11128792982143325,2,3,-13.682403697109796,1.999557805744267,-3.1497916262596846,-11.300868867780082,0.0,0.35,0,1
1789003974.6503074,43.120492935180664,-9.875009230024585,-2.5387066229825628,2.8151523738444677,0.055987104776651773,-0.10812748658883714,2,3,-13.682403697109796,1.999557805744267,-3.1497916262596846,-11.300868867780082,0.0,0.35,0,1
1789003974.7007875,43.17097306251526,-9.876205955177296,-2.538338524220824,2.8169167533047537,0.017719604042715213,-0.09351658798276542,2,3,-13.682403697109796,1.999557805744267,-3.1497916262596846,-11.300868867780082,0.0,0.35,0,1
1789003974.7513895,43.221575021743774,-9.875187650316594,-2.538747846194173,2.823349556634094,-0.028388760493673067,-0.08981490033014676,2,3,-13.682403697109796,1.999557805744267,-3.1497916262596846,-11.300868867780082,0.0,0.35,0,1
1789003974.8022566,43.27244210243225,-9.873257423481833,-2.5394941989849,2.839355125945282,-0.041612978498476755,-0.07358749377565132,2,3,-13.682403697109796,1.999557805744267,-3.1497916262596846,-11.300868867780082,0.0,0.35,0,1
1789003974.8526726,43.32285809516907,-9.871716917845015,-2.540009045592932,2.8453535792471722,-0.03395781582395408,-0.06792773486432337,2,3,-13.682403697109796,1.999557805744267,-3.1497916262596846,-11.300868867780082,0.0,0.35,0,1
1789003974.9032717,43.373457193374634,-9.870407340728564,-2.540417496292943,2.85167943788339,-0.029200026057727417,-0.05136017355754702,2,3,-13.682403697109796,1.999557805744267,-3.1497916262596846,-11.300868867780082,0.0,0.35,0,1
1789003974.9538636,43.42404913902283,-9.870125673684038,-2.5405081055750536,2.858715362436989,-0.006108631909820253,-0.04703894741735538,2,3,-13.682403697109796,1.999557805744267,-3.1497916262596846,-11.300868867780082,0.0,0.35,0,1
1789003975.004621,43.47480654716492,-9.871608274304803,-2.54008849109648,2.871579157717587,0.03198103303155815,-0.03002462512763117,2,3,-13.682403697109796,1.999557805744267,-3.1497916262596846,-11.300868867780082,0.0,0.35,0,1
1789003975.0550182,43.525203704833984,-9.872768639057313,-2.539775930672562,2.8761357128464766,0.02272882239401698,-0.024619585431463465,2,3,-13.682403697109796,1.999557805744267,-3.1497916262596846,-11.300868867780082,0.0,0.35,0,1
1789003975.1055832,43.57576870918274,-9.87268726692209,-2.5398087264188427,2.880973358460869,-0.004962174298915294,-0.009678518726253764,2,3,-13.682403697109796,1.999557805744267,-3.1497916262596846,-11.300868867780082,0.0,0.35,0,1
1789003975.1308963,43.60108184814453,-9.872418437614153,-2.5398813364343726,2.880910463462393,-0.011986013782815457,-0.006163716696793708,2,3,-13.682403697109796,1.999557805744267,-3.1497916262596846,-11.300868867780082,0.0,0.35,0,1
1789003975.1561701,43.62635564804077,-9.872088100373702,-2.539973391598854,2.8857175176429806,-0.014534737764104685,-0.0016793303725214286,2,3,-13.682403697109796,1.999557805744267,-3.1497916262596846,-11.300868867780082,0.0,0.35,0,1
1789003975.2069683,43.67715382575989,-9.871708396597018,-2.5400711140137213,2.892976072356231,-0.008583602432353862,0.007136561053941556,2,3,-13.682403697109796,1.999557805744267,-3.1497916262596846,-11.300868867780082,0.0,0.35,0,1
1789003975.2309031,43.701088666915894,-9.871778880814086,-2.5400489493535483,2.893326129608581,0.0022495406876709527,0.01098918421784519,2,3,-13.682403697109796,1.999557805744267,-3.1497916262596846,-11.300868867780082,0.0,0.35,0,1
1789003975.2573884,43.72757387161255,-9.871857428105736,-2.540028270733146,2.896382933191644,0.0028077714374130144,0.01524726402458615,2,3,-13.682403697109796,1.999557805744267,-3.1497916262596846,-11.300868867780082,0.0,0.35,0,1
1789003975.3079934,43.77817893028259,-9.872032140932543,-2.5399839566352296,2.899553619311911,0.0026552289507634423,0.021662564779496386,2,3,-13.682403697109796,1.999557805744267,-3.1497916262596846,-11.300868867780082,0.0,0.35,0,1
1789003975.3308325,43.80101799964905,-9.872031597222453,-2.539984906908864,2.900171120426503,-0.00039771673173408066,0.024057013760359923,2,3,-13.682403697109796,1.999557805744267,-3.1497916262596846,-11.300868867780082,0.0,0.35,0,1
1789003975.3588107,43.82899618148804,-9.871999232052046,-2.539993175220602,2.903846731581848,-0.001866372635201557,0.028077980181557913,2,3,-13.682403697109796,1.999557805744267,-3.1497916262596846,-11.300868867780082,0.0,0.35,0,1
1789003975.409227,43.87941241264343,-9.871881672388684,-2.540021250673911,2.906331225838745,-0.003438723046393623,0.03367198768323618,2,3,-13.682403697109796,1.999557805744267,-3.1497916262596846,-11.300868867780082,0.0,0.35,0,1
1789003975.43089,43.90107560157776,-9.871881931035084,-2.5400195711316442,2.907158702016628,-0.0008156705359040624,0.035650782274072375,2,3,-13.682403697109796,1.999557805744267,-3.1497916262596846,-11.300868867780082,0.0,0.35,0,1
1789003975.4598505,43.93003606796265,-9.871855237175195,-2.5400255380484973,2.909104367290844,-0.0013462928840566268,0.03798763491361123,2,3,-13.682403697109796,1.999557805744267,-3.1497916262596846,-11.300868867780082,0.0,0.35,0,1
1789003975.5104105,43.98059606552124,-9.871972192172576,-2.5399957839400966,2.9114261575897205,0.0012319038419678857,0.03958156266729693,2,3,-13.682403697109796,1.999557805744267,-3.1497916262596846,-11.300868867780082,0.0,0.35,0,1
1789003975.5309172,44.001102685928345,-9.87208232336337,-2.5399683434482596,2.9124299354324386,0.003938259972497553,0.042792907365974776,2,3,-13.682403697109796,1.999557805744267,-3.1497916262596846,-11.300868867780082,0.0,0.35,0,1
1789003975.5612915,44.031476974487305,-9.872196168543395,-2.5399415280077386,2.913842081512092,0.003549630507229049,0.04495200501524187,2,3,-13.682403697109796,1.999557805744267,-3.1497916262596846,-11.300868867780082,0.0,0.35,0,1
1789003975.6118786,44.082064151763916,-9.87243044016363,-2.539886394045738,2.915800883354988,0.003857437478905693,0.04637434897982363,2,3,-13.682403697109796,1.999557805744267,-3.1497916262596846,-11.300868867780082,0.0,0.35,0,1
1789003975.6309054,44.10109090805054,-9.872545503076369,-2.539859100355593,2.916826633966253,0.005098853130476002,0.048906195778726715,2,3,-13.682403697109796,1.999557805744267,-3.1497916262596846,-11.300868867780082,0.0,0.35,0,1
1789003975.66246,44.13264560699463,-9.87269706786111,-2.539824049166429,2.917822712732862,0.004640025185171235,0.05002804821110506,2,3,-13.682403697109796,1.999557805744267,-3.1497916262596846,-11.300868867780082,0.0,0.35,0,1
1789003975.7130265,44.18321204185486,-9.873025171937812,-2.539747865330686,2.919407709474916,0.005770362249054354,0.05076038222719348,2,3,-13.682403697109796,1.999557805744267,-3.1497916262596846,-11.300868867780082,0.0,0.35,0,1
1789003975.7308934,44.20107889175415,-9.873207631396912,-2.539705015274798,2.9203948088017064,0.008672115969733447,0.05214983837851141,2,3,-13.682403697109796,1.999557805744267,-3.1497916262596846,-11.300868867780082,0.0,0.35,0,1
1789003975.7638102,44.23399567604065,-9.87348843603561,-2.539640219238539,2.9203562453418606,0.008663915102026288,0.052894770434759646,2,3,-13.682403697109796,1.999557805744267,-3.1497916262596846,-11.300868867780082,0.0,0.35,0,1
1789003975.8142574,44.28444290161133,-9.874008033602593,-2.5395215674492926,2.921930619128954,0.009805944280335982,0.053375018035214564,2,3,-13.682403697109796,1.999557805744267,-3.1497916262596846,-11.300868867780082,0.0,0.35,0,1
1789003975.830891,44.30107641220093,-9.874228986507287,-2.53947107420678,2.9228604922168833,0.011939033986254084,0.0541454033124095,2,3,-13.682403697109796,1.999557805744267,-3.1497916262596846,-11.300868867780082,0.0,0.35,0,1
1789003975.864821,44.33500647544861,-9.874626602678882,-2.53938100858013,2.9235692515136007,0.011976291259715673,0.0543944450148187,2,3,-13.682403697109796,1.999557805744267,-3.1497916262596846,-11.300868867780082,0.0,0.35,0,1
1789003975.9155498,44.385735273361206,-9.875250621505405,-2.539239679191704,2.9242989651749456,0.012100363013352738,0.05452575879189148,2,3,-13.682403697109796,1.999557805744267,-3.1497916262596846,-11.300868867780082,0.0,0.35,0,1
1789003975.930838,44.401023626327515,-9.875400822132498,-2.5392071911527,2.92514236976921,0.010419432141914833,0.05472565189158902,2,3,-13.682403697109796,1.999557805744267,-3.1497916262596846,-11.300868867780082,0.0,0.35,0,1
1789003975.9659536,44.43613910675049,-9.87574619357996,-2.539129722169787,2.9260751837459233,0.009754727234554473,0.05471490824749722,2,3,-13.682403697109796,1.999557805744267,-3.1497916262596846,-11.300868867780082,0.0,0.35,0,1
1789003976.0165133,44.4866988658905,-9.876044269772926,-2.5390638552631977,2.927472168213061,0.00604968647023625,0.054690678454605415,2,3,-13.682403697109796,1.999557805744267,-3.1497916262596846,-11.300868867780082,0.0,0.35,0,1
1789003976.030919,44.50110459327698,-9.876105243600183,-2.539050978271415,2.9282494669250347,0.004953192313211929,0.054495702483897616,2,3,-13.682403697109796,1.999557805744267,-3.1497916262596846,-11.300868867780082,0.0,0.35,0,1
1789003976.0672967,44.537482261657715,-9.876269704785443,-2.539013587476405,2.9289978962288323,0.004310210650387321,0.05427440654264649,2,3,-13.682403697109796,1.999557805744267,-3.1497916262596846,-11.300868867780082,0.0,0.35,0,1
1789003976.1181626,44.588348150253296,-9.876478516405097,-2.5389656984424067,2.9295905564434364,0.0036494376647710548,0.05410309872876229,2,3,-13.682403697109796,1.999557805744267,-3.1497916262596846,-11.300868867780082,0.0,0.35,0,1
1789003976.1308987,44.60108423233032,-9.876543304055014,-2.5389514066145047,2.930248454005514,0.0042105646300115785,0.05343636676890987,2,3,-13.682403697109796,1.999557805744267,-3.1497916262596846,-11.300868867780082,0.0,0.35,0,1
1789003976.1685636,44.63874912261963,-9.87669072733463,-2.538918492795129,2.931220249665264,0.003787924350631316,0.05302955954378333,2,3,-13.682403697109796,1.999557805744267,-3.1497916262596846,-11.300868867780082,0.0,0.35,0,1
1789003976.2191324,44.68931794166565,-9.876948898159918,-2.5388613180871613,2.9325051891549956,0.004451458923195113,0.05276033024660931,2,3,-13.682403697109796,1.999557805744267,-3.1497916262596846,-11.300868867780082,0.0,0.35,0,1
1789003976.2308342,44.70101976394653,-9.877055775538286,-2.538837624648597,2.933086210508895,0.0065481971395517135,0.052056356528357925,2,3,-13.682403697109796,1.999557805744267,-3.1497916262596846,-11.300868867780082,0.0,0.35,0,1
1789003976.2696729,44.73985838890076,-9.87729348628789,-2.538785881946849,2.9337866094129836,0.005979544509254356,0.05202566483871866,2,3,-13.682403697109796,1.999557805744267,-3.1497916262596846,-11.300868867780082,0.0,0.35,0,1
1789003976.320507,44.79069256782532,-9.877660080829568,-2.5387055465222113,2.9341108604113657,0.006604192229932341,0.05145422260341639,2,3,-13.682403697109796,1.999557805744267,-3.1497916262596846,-11.300868867780082,0.0,0.35,0,1
1789003976.3308325,44.80101799964905,-9.877743114874125,-2.538687830863133,2.9345733748232092,0.007071974507466178,0.05002861894158131,2,3,-13.682403697109796,1.999557805744267,-3.1497916262596846,-11.300868867780082,0.0,0.35,0,1
1789003976.3709245,44.84110999107361,-9.878010292398924,-2.538630500510644,2.935529374977051,0.00655973480635249,0.0500008458095069,2,3,-13.682403697109796,1.999557805744267,-3.1497916262596846,-11.300868867780082,0.0,0.35,0,1
1789003976.4214737,44.89165925979614,-9.87835926674345,-2.538555821741586,2.936628597617421,0.006540167733696892,0.04925058812484394,2,3,-13.682403697109796,1.999557805744267,-3.1497916262596846,-11.300868867780082,0.0,0.35,0,1
1789003976.4308317,44.90101718902588,-9.878382327933563,-2.538551698087616,2.93701805900972,0.004848300790474526,0.04796916241106669,2,3,-13.682403697109796,1.999557805744267,-3.1497916262596846,-11.300868867780082,0.0,0.35,0,1
1789003976.472241,44.942426443099976,-9.878566975197339,-2.538511435878875,2.9372818793220485,0.004279325528655889,0.04792315300933194,2,3,-13.682403697109796,1.999557805744267,-3.1497916262596846,-11.300868867780082,0.0,0.35,0,1
1789003976.5226674,44.99285292625427,-9.878547561457777,-2.538516407323792,2.9392331055599996,0.0003365144090337666,0.04697400226992759,2,3,-13.682403697109796,1.999557805744267,-3.1497916262596846,-11.300868867780082,0.0,0.35,0,1
1789003976.5309134,45.00109887123108,-9.878638915974204,-2.5384961072680365,2.939552003179603,0.00393034102239686,0.0456902854358512,2,3,-13.682403697109796,1.999557805744267,-3.1497916262596846,-11.300868867780082,0.0,0.35,0,1
1789003976.573228,45.043413400650024,-9.87879021347542,-2.5384644912596914,2.9407365419174045,0.003375312332866748,0.04566981164016457,2,3,-13.682403697109796,1.999557805744267,-3.1497916262596846,-11.300868867780082,0.0,0.35,0,1
1789003976.5808585,45.05104398727417,-9.879020022330863,-2.538414371425964,2.941053423512848,0.011128384923354355,0.04504085893157466,2,3,-13.682403697109796,1.999557805744267,-3.1497916262596846,-11.300868867780082,0.0,0.35,0,1
1789003976.6309297,45.101115226745605,-9.879632090095482,-2.5382877620615534,2.942184671412047,0.013691354623390778,0.043859013574489604,2,3,-13.682403697109796,1.999557805744267,-3.1497916262596846,-11.300868867780082,0.0,0.35,0,1
1789003976.6747077,45.144893169403076,-9.880216876218642,-2.538168917485631,2.9436292002650104,0.013570864980719098,0.04384636439442079,2,3,-13.682403697109796,1.999557805744267,-3.1497916262596846,-11.300868867780082,0.0,0.35,0,1
1789003976.6809175,45.151103019714355,-9.880203610970565,-2.538173186179789,2.9438721284562597,0.009819360020042002,0.04316334224483951,2,3,-13.682403697109796,1.999557805744267,-3.1497916262596846,-11.300868867780082,0.0,0.35,0,1
1789003976.7308326,45.20101809501648,-9.880543433689922,-2.5381084179525377,2.946665582185002,0.004014318573850118,0.04247129486754993,2,3,-13.682403697109796,1.999557805744267,-3.1497916262596846,-11.300868867780082,0.0,0.35,0,1
1789003976.775705,45.245890617370605,-9.88070863114179,-2.5380760584737527,2.9487640902953984,0.0034885089115012226,0.04247653285200075,2,3,-13.682403697109796,1.999557805744267,-3.1497916262596846,-11.300868867780082,0.0,0.35,0,1
1789003976.7808611,45.251046657562256,-9.880811346039515,-2.538054398634942,2.9489700698563706,0.006824083457669076,0.042206653421184036,2,3,-13.682403697109796,1.999557805744267,-3.1497916262596846,-11.300868867780082,0.0,0.35,0,1
1789003976.8309448,45.301130294799805,-9.88131438482723,-2.537952842308105,2.950815169514689,0.01369113945742486,0.04171854631262008,2,3,-13.682403697109796,1.999557805744267,-3.1497916262596846,-11.300868867780082,0.0,0.35,0,1
1789003976.8771768,45.34736227989197,-9.881935055052669,-2.5378360588441318,2.954699930667841,0.013629266228384207,0.04177030826626212,2,3,-13.682403697109796,1.999557805744267,-3.1497916262596846,-11.300868867780082,0.0,0.35,0,1
1789003976.8809352,45.351120710372925,-9.88209790587919,-2.5378028258021867,2.9548599591479707,0.018187782581731197,0.041844679626638195,2,3,-13.682403697109796,1.999557805744267,-3.1497916262596846,-11.300868867780082,0.0,0.35,0,1
1789003976.9309034,45.40108895301819,-9.882911943895081,-2.5376545161263775,2.958843449975137,0.014841962562051045,0.04245750072143984,2,3,-13.682403697109796,1.999557805744267,-3.1497916262596846,-11.300868867780082,0.0,0.35,0,1
1789003976.9782236,45.44840908050537,-9.883602680333366,-2.5375294015715943,2.962063814321027,0.014826356327349135,0.04249024116417657,2,3,-13.682403697109796,1.999557805744267,-3.1497916262596846,-11.300868867780082,0.0,0.35,0,1
1789003976.9808853,45.45107078552246,-9.883437993372135,-2.5375643955299427,2.9621942291323506,0.006360321895606754,0.04286616120332818,2,3,-13.682403697109796,1.999557805744267,-3.1497916262596846,-11.300868867780082,0.0,0.35,0,1
1789003977.0308337,45.50101923942566,-9.88367726371668,-2.537527177588915,2.9668510665431373,0.0033267236289325187,0.04417392165702204,2,3,-13.682403697109796,1.999557805744267,-3.1497916262596846,-11.300868867780082,0.0,0.35,0,1
1789003977.0793512,45.54953670501709,-9.883823787695759,-2.537503362007453,2.97029647578478,0.002790987851997911,0.04420927689485225,2,3,-13.682403697109796,1.999557805744267,-3.1497916262596846,-11.300868867780082,0.0,0.35,0,1
1789003977.0809126,45.551098108291626,-9.883801771061165,-2.5375079203860627,2.970393403014338,0.0016603055384966435,0.04485784058528156,2,3,-13.682403697109796,1.999557805744267,-3.1497916262596846,-11.300868867780082,0.0,0.35,0,1
1789003977.1308343,45.601019859313965,-9.88387236478182,-2.5374990384145444,2.975372088311275,0.0011859411129242767,0.04598068165500884,2,3,-13.682403697109796,1.999557805744267,-3.1497916262596846,-11.300868867780082,0.0,0.35,0,1
1789003977.180513,45.65069842338562,-9.883916216277274,-2.5374935595894246,2.9794760818416712,0.0005901730018056986,0.04604472166490186,2,3,-13.682403697109796,1.999557805744267,-3.1497916262596846,-11.300868867780082,0.0,0.35,0,1
1789003977.1808372,45.6510226726532,-9.883852417812763,-2.537506061039088,2.9795486864138283,-0.002056453843429533,0.04720490005395416,2,3,-13.682403697109796,1.999557805744267,-3.1497916262596846,-11.300868867780082,0.0,0.35,0,1
1789003977.2313154,45.70150089263916,-9.883641068358545,-2.537545746627263,2.985477127027579,-0.0065200444702272885,0.04911353527428807,2,3,-13.682403697109796,1.999557805744267,-3.1497916262596846,-11.300868867780082,0.0,0.35,0,1
1789003977.2817461,45.75193166732788,-9.883293570190634,-2.5376009181388577,2.9897107718431997,-0.007434979243055454,0.049182461251421984,2,3,-13.682403697109796,1.999557805744267,-3.1497916262596846,-11.300868867780082,0.0,0.35,0,1
1789003977.3323646,45.802550077438354,-9.88320917623579,-2.5376073191432074,2.9957945095962586,-0.0008285071183356035,0.052834739335372,2,3,-13.682403697109796,1.999557805744267,-3.1497916262596846,-11.300868867780082,0.0,0.35,0,1
1789003977.3832407,45.85342621803284,-9.883153409651078,-2.53761532435719,3.0022956589794516,-0.0013879078613242106,0.05298602091149378,2,3,-13.682403697109796,1.999557805744267,-3.1497916262596846,-11.300868867780082,0.0,0.35,0,1
1789003977.4336169,45.90380239486694,-9.883198766947034,-2.5376081874761005,3.0086768553854117,-0.0013738247494427497,0.058062175250128044,2,3,-13.682403697109796,1.999557805744267,-3.1497916262596846,-11.300868867780082,0.0,0.35,0,1
1789003977.4841452,45.95433068275452,-9.883116599144037,-2.537619002549218,3.013963407626499,-0.0019071672897681652,0.05815763890387808,2,3,-13.682403697109796,1.999557805744267,-3.1497916262596846,-11.300868867780082,0.0,0.35,0,1
1789003977.5347033,46.00488877296448,-9.882806866192121,-2.537658955584994,3.0213634591087004,-0.003631823252755719,0.06316313819165768,2,3,-13.682403697109796,1.999557805744267,-3.1497916262596846,-11.300868867780082,0.0,0.35,0,1
1789003977.5855224,46.055707931518555,-9.882608633491593,-2.5376811594223607,3.029142656981195,-0.004218541985592797,0.06334449109812686,2,3,-13.682403697109796,1.999557805744267,-3.1497916262596846,-11.300868867780082,0.0,0.35,0,1
1789003977.6359732,46.10615873336792,-9.88281670303005,-2.5376471984853013,3.036524293536136,0.0023370369335392513,0.06999022967736226,2,3,-13.682403697109796,1.999557805744267,-3.1497916262596846,-11.300868867780082,0.0,0.35,0,1
1789003977.68655,46.15673542022705,-9.882928013313474,-2.5376351420610797,3.0425859375629276,0.0020905396589870487,0.07009251029150494,2,3,-13.682403697109796,1.999557805744267,-3.1497916262596846,-11.300868867780082,0.0,0.35,0,1
1789003977.737099,46.207284450531006,-9.882791384747419,-2.5376557255652266,3.0510401879999005,-0.0033331930784123876,0.07627618402105044,2,3,-13.682403697109796,1.999557805744267,-3.1497916262596846,-11.300868867780082,0.0,0.35,0,1
1789003977.7878773,46.25806283950806,-9.882610145793896,-2.5376711297515526,3.0597327534091194,-0.0038304057773265172,0.07646749142245876,2,3,-13.682403697109796,1.999557805744267,-3.1497916262596846,-11.300868867780082,0.0,0.35,0,1
1789003977.8383121,46.30849766731262,-9.882865280215908,-2.5376332703141844,3.067892863016689,0.005596997554707377,0.0842221678579657,2,3,-13.682403697109796,1.999557805744267,-3.1497916262596846,-11.300868867780082,0.0,0.35,0,1
1789003977.8889198,46.359105348587036,-9.883147297717668,-2.5376126297948183,3.0745646480295097,0.005578405958948674,0.08431995737997693,2,3,-13.682403697109796,1.999557805744267,-3.1497916262596846,-11.300868867780082,0.0,0.35,0,1
1789003977.9396691,46.40985465049744,-9.883475351284325,-2.5375985734858144,3.087373719632766,0.0027662353947627205,0.09264680679561049,2,3,-13.682403697109796,1.999557805744267,-3.1497916262596846,-11.300868867780082,0.0,0.35,0,1
1789003977.9900815,46.460267066955566,-9.88324590502788,-2.5376301181628107,3.0944042879786675,-0.0070312067032744785,0.09774793130703038,2,3,-13.682403697109796,1.999557805744267,-3.1497916262596846,-11.300868867780082,0.0,0.35,0,1
1789003978.04065,46.51083540916443,-9.882809491089954,-2.537655207581254,3.1035981961281003,-0.010034970553058836,0.10093247643220653,2,3,-13.682403697109796,1.999557805744267,-3.1497916262596846,-11.300868867780082,0.0,0.35,0,1
1789003978.0911806,46.56136608123779,-9.882264199292127,-2.537675309507515,3.1113738603984933,-0.011298031421920648,0.10499173843210267,2,3,-13.682403697109796,1.999557805744267,-3.1497916262596846,-11.300868867780082,0.0,0.35,0,1
1789003978.1421878,46.61237335205078,-9.881679620532553,-2.537688142694765,3.121542286465738,-0.01167098690665512,0.10869343558754437,2,3,-13.682403697109796,1.999557805744267,-3.1497916262596846,-11.300868867780082,0.0,0.35,0,1
1789003978.192826,46.66301155090332,-9.881027225300599,-2.5377001422515577,3.129632212047529,-0.013482606013753314,0.11321587234049281,2,3,-13.682403697109796,1.999557805744267,-3.1497916262596846,-11.300868867780082,0.0,0.35,0,1
1789003978.2436635,46.71384906768799,-9.88027994150802,-2.537705611669943,3.140247847365252,-0.015758577872724236,0.11644405230553967,2,3,-13.682403697109796,1.999557805744267,-3.1497916262596846,-11.300868867780082,0.0,0.35,0,1
1789003978.294443,46.764628410339355,-9.879584844291989,-2.5376935096552287,-3.133997832338416,-0.013600440023184206,0.12063663946270968,2,3,-13.682403697109796,1.999557805744267,-3.1497916262596846,-11.300868867780082,0.0,0.35,0,1
1789003978.345504,46.81568956375122,-9.87899272443541,-2.53766820610737,-3.1222724210343507,-0.010114417349802344,0.1246209594793899,2,3,-13.682403697109796,1.999557805744267,-3.1497916262596846,-11.300868867780082,0.0,0.35,0,1
1789003978.396045,46.866230487823486,-9.878577494613177,-2.5376480238393047,-3.1129530753901506,-0.008117892836146723,0.12948423013831817,2,3,-13.682403697109796,1.999557805744267,-3.1497916262596846,-11.300868867780082,0.0,0.35,0,1
1789003978.446716,46.91690158843994,-9.878235675006584,-2.537622703370711,-3.101575110817058,-0.005738823558915598,0.1328867637552413,2,3,-13.682403697109796,1.999557805744267,-3.1497916262596846,-11.300868867780082,0.0,0.35,0,1
1789003978.4979873,46.968172788619995,-9.878108748275,-2.5376001471443868,-3.0901736307123815,-0.002132694127944258,0.13806538951494501,2,3,-13.682403697109796,1.999557805744267,-3.1497916262596846,-11.300868867780082,0.0,0.35,0,1
1789003978.5486517,47.018837213516235,-9.878133186508721,-2.5375837570661735,-3.079307979013011,0.002433809671398383,0.1417502731140657,2,3,-13.682403697109796,1.999557805744267,-3.1497916262596846,-11.300868867780082,0.0,0.35,0,1
1789003978.5994582,47.06964373588562,-9.878555054953175,-2.537591047223933,-3.0699936399229477,0.008974257962112103,0.14621966907824505,2,3,-13.682403697109796,1.999557805744267,-3.1497916262596846,-11.300868867780082,0.0,0.35,0,1
1789003978.6503057,47.12049126625061,-9.879084480876406,-2.5376252599345213,-3.058031788580547,0.010766676236989842,0.14789181700466653,2,3,-13.682403697109796,1.999557805744267,-3.1497916262596846,-11.300868867780082,0.0,0.35,0,1
1789003978.7013998,47.17158532142639,-9.879389880090073,-2.5376696729428367,-3.046506307078586,0.0055399755336617215,0.1542312370060573,2,3,-13.682403697109796,1.999557805744267,-3.1497916262596846,-11.300868867780082,0.0,0.35,0,1
1789003978.7519107,47.22209620475769,-9.879309982161189,-2.5376860469291795,-3.0349407733021994,-0.0017771191579025413,0.1561951798464327,2,3,-13.682403697109796,1.999557805744267,-3.1497916262596846,-11.300868867780082,0.0,0.35,0,1
1789003978.8027594,47.272944927215576,-9.879001316723391,-2.5376653995851637,-3.024955418850022,-0.006015926693936619,0.16201840743031692,2,3,-13.682403697109796,1.999557805744267,-3.1497916262596846,-11.300868867780082,0.0,0.35,0,1
1789003978.853878,47.324063539505005,-9.878634864026644,-2.5376235561465514,-3.010988803513795,-0.007411156265984744,0.16351517423065057,2,3,-13.682403697109796,1.999557805744267,-3.1497916262596846,-11.300868867780082,0.0,0.35,0,1
1789003978.9045482,47.374733686447144,-9.878237035257174,-2.5375709304801513,-3.001703060799043,-0.008052700359460343,0.17001099772494171,2,3,-13.682403697109796,1.999557805744267,-3.1497916262596846,-11.300868867780082,0.0,0.35,0,1
1789003978.955412,47.42559742927551,-9.877945086764461,-2.537519236119931,-2.99014973800834,-0.006004715065415236,0.17143054694198326,2,3,-13.682403697109796,1.999557805744267,-3.1497916262596846,-11.300868867780082,0.0,0.35,0,1
1789003979.0062904,47.476475954055786,-9.877834785334203,-2.537488469709416,-2.980440774666348,-0.002297203966128808,0.1759253987454571,2,3,-13.682403697109796,1.999557805744267,-3.1497916262596846,-11.300868867780082,0.0,0.35,0,1
1789003979.0309122,47.501097679138184,-9.877791436473897,-2.5374797889746072,-2.9760561200238635,-0.001851667529657883,0.17694659804320093,2,3,-13.682403697109796,1.999557805744267,-3.1497916262596846,-11.300868867780082,0.0,0.35,0,1
1789003979.057294,47.52747941017151,-9.877745942685529,-2.53746848188659,-2.9662745864135682,-0.0017710449575679347,0.17934408841279312,2,3,-13.682403697109796,1.999557805744267,-3.1497916262596846,-11.300868867780082,0.0,0.35,0,1
1789003979.1078258,47.57801127433777,-9.877631260180777,-2.5374495065415794,-2.95683327995471,-0.0023219914622703477,0.1825064519042139,2,3,-13.682403697109796,1.999557805744267,-3.1497916262596846,-11.300868867780082,0.0,0.35,0,1
1789003979.1308312,47.60101675987244,-9.877574453865519,-2.5374394085824714,-2.9525798657696454,-0.0025031977419175252,0.18360454733931925,2,3,-13.682403697109796,1.999557805744267,-3.1497916262596846,-11.300868867780082,0.0,0.35,0,1
1789003979.158685,47.628870487213135,-9.877505784996512,-2.537425212959749,-2.9455892145201696,-0.002535496964824193,0.18507869895045176,2,3,-13.682403697109796,1.999557805744267,-3.1497916262596846,-11.300868867780082,0.0,0.35,0,1
1789003979.2095306,47.67971611022949,-9.87752397373939,-2.5374196598929895,-2.9364025524415207,0.00013848040250787405,0.18606581199192157,2,3,-13.682403697109796,1.999557805744267,-3.1497916262596846,-11.300868867780082,0.0,0.35,0,1
1789003979.2308903,47.70107579231262,-9.87763945300815,-2.537429809825087,-2.9323204112767387,0.0041654601793459705,0.1878466039559494,2,3,-13.682403697109796,1.999557805744267,-3.1497916262596846,-11.300868867780082,0.0,0.35,0,1
1789003979.2606182,47.73080372810364,-9.877777460400418,-2.5374563497945473,-2.9242444344078318,0.004945886075404392,0.18944168545897513,2,3,-13.682403697109796,1.999557805744267,-3.1497916262596846,-11.300868867780082,0.0,0.35,0,1
1789003979.3113337,47.781519174575806,-9.878083469485682,-2.537521266792235,-2.9153997985238647,0.006223042290187574,0.19045216101370263,2,3,-13.682403697109796,1.999557805744267,-3.1497916262596846,-11.300868867780082,0.0,0.35,0,1
1789003979.3309321,47.80111765861511,-9.878234373666906,-2.5375524009818533,-2.911577050094217,0.007390688408782974,0.19202699690000766,2,3,-13.682403697109796,1.999557805744267,-3.1497916262596846,-11.300868867780082,0.0,0.35,0,1
1789003979.3621154,47.832300901412964,-9.878467550670528,-2.5376067794512807,-2.903860763595404,0.0078654815978849,0.1930512552021029,2,3,-13.682403697109796,1.999557805744267,-3.1497916262596846,-11.300868867780082,0.0,0.35,0,1
1789003979.4132533,47.8834388256073,-9.878909039549129,-2.537713998002039,-2.8913769059292025,0.009005837760301607,0.19377064150795728,2,3,-13.682403697109796,1.999557805744267,-3.1497916262596846,-11.300868867780082,0.0,0.35,0,1
1789003979.4308946,47.90108013153076,-9.879047370750957,-2.5377521809636363,-2.887838454657634,0.008367409581452608,0.19610944347835857,2,3,-13.682403697109796,1.999557805744267,-3.1497916262596846,-11.300868867780082,0.0,0.35,0,1
1789003979.463778,47.93396353721619,-9.879316087297855,-2.5378229978792413,-2.8803183146246076,0.008556022648895276,0.1972532541164516,2,3,-13.682403697109796,1.999557805744267,-3.1497916262596846,-11.300868867780082,0.0,0.35,0,1
1789003979.514365,47.98455047607422,-9.87965076672707,-2.5379180738443816,-2.8712463387018405,0.007292822262226845,0.19796308714074767,2,3,-13.682403697109796,1.999557805744267,-3.1497916262596846,-11.300868867780082,0.0,0.35,0,1
1789003979.5309253,48.001110792160034,-9.879741612522015,-2.537946636925623,-2.867905320996235,0.006440125605540608,0.19907412942374422,2,3,-13.682403697109796,1.999557805744267,-3.1497916262596846,-11.300868867780082,0.0,0.35,0,1
1789003979.5649846,48.03517007827759,-9.879953864110057,-2.5380079585954527,-2.8597005461986726,0.0065498037415205445,0.19986052456619385,2,3,-13.682403697109796,1.999557805744267,-3.1497916262596846,-11.300868867780082,0.0,0.35,0,1
1789003979.6157782,48.0859637260437,-9.880496996993708,-2.5381564059620336,-2.847086164394082,0.01063132041786744,0.2004076467870422,2,3,-13.682403697109796,1.999557805744267,-3.1497916262596846,-11.300868867780082,0.0,0.35,0,1
1789003979.6309385,48.10112404823303,-9.880806597652157,-2.5382292142853466,-2.8439527676941645,0.016619861839925688,0.20234178081954554,2,3,-13.682403697109796,1.999557805744267,-3.1497916262596846,-11.300868867780082,0.0,0.35,0,1
1789003979.6661992,48.13638472557068,-9.881398238509346,-2.5384087449810258,-2.8356443263070754,0.018215692270930693,0.20334852697123135,2,3,-13.682403697109796,1.999557805744267,-3.1497916262596846,-11.300868867780082,0.0,0.35,0,1
1789003979.716755,48.18694043159485,-9.882111528835477,-2.5386451113124275,-2.8262497191729614,0.01580692656713277,0.20395148730406018,2,3,-13.682403697109796,1.999557805744267,-3.1497916262596846,-11.300868867780082,0.0,0.35,0,1
1789003979.7308314,48.201016902923584,-9.882165066302404,-2.538685206671268,-2.82332823459712,0.00968027711305287,0.20488322351844046,2,3,-13.682403697109796,1.999557805744267,-3.1497916262596846,-11.300868867780082,0.0,0.35,0,1
1789003979.767524,48.237709522247314,-9.882482715299085,-2.538798798235894,-2.813192551562055,0.008869176101888808,0.2059856165129675,2,3,-13.682403697109796,1.999557805744267,-3.1497916262596846,-11.300868867780082,0.0,0.35,0,1
1789003979.8179417,48.288127183914185,-9.882778214690807,-2.538914077353344,-2.7996374101946633,0.006862307678462522,0.20671006703923625,2,3,-13.682403697109796,1.999557805744267,-3.1497916262596846,-11.300868867780082,0.0,0.35,0,1
1789003979.830904,48.30108952522278,-9.882866149700993,-2.538944233734588,-2.796857958141759,0.007211333487676389,0.20864476520249706,2,3,-13.682403697109796,1.999557805744267,-3.1497916262596846,-11.300868867780082,0.0,0.35,0,1
1789003979.868668,48.33885359764099,-9.883127475174357,-2.5390388729565205,-2.788181447536574,0.007488610484920606,0.20960508997529467,2,3,-13.682403697109796,1.999557805744267,-3.1497916262596846,-11.300868867780082,0.0,0.35,0,1
1789003979.9194393,48.38962483406067,-9.883590495207836,-2.539201993950469,-2.778892560943368,0.009397600654693873,0.2101598675333481,2,3,-13.682403697109796,1.999557805744267,-3.1497916262596846,-11.300868867780082,0.0,0.35,0,1
1789003979.9308796,48.40106511116028,-9.883703604931126,-2.5392434300548867,-2.7764469257059443,0.009858181538500599,0.2109477690068113,2,3,-13.682403697109796,1.999557805744267,-3.1497916262596846,-11.300868867780082,0.0,0.35,0,1
1789003979.9706829,48.44086837768555,-9.88407287248482,-2.5393892664177002,-2.765560899611286,0.01008234641226131,0.21100646034457346,2,3,-13.682403697109796,1.999557805744267,-3.1497916262596846,-11.300868867780082,0.0,0.35,0,1
1789003980.0213675,48.49155306816101,-9.88451327432001,-2.53957183230496,-2.75178306937322,0.009745185702077752,0.21212898549005957,2,3,-13.682403697109796,1.999557805744267,-3.1497916262596846,-11.300868867780082,0.0,0.35,0,1
1789003980.030865,48.50105047225952,-9.884590042359074,-2.53960472745067,-2.749651584748044,0.009431073507221069,0.2143339496808186,2,3,-13.682403697109796,1.999557805744267,-3.1497916262596846,-11.300868867780082,0.0,0.35,0,1
1789003980.0721493,48.54233479499817,-9.884953239459163,-2.539755887095553,-2.7402447509732566,0.009624996065358868,0.21434906974232457,2,3,-13.682403697109796,1.999557805744267,-3.1497916262596846,-11.300868867780082,0.0,0.35,0,1
1789003980.0808387,48.551024198532104,-9.884988315368275,-2.539776837285398,-2.7383323666242045,0.008085174079514923,0.21533339629857212,2,3,-13.682403697109796,1.999557805744267,-3.1497916262596846,-11.300868867780082,0.0,0.35,0,1
1789003980.1308296,48.60101509094238,-9.885320326893853,-2.5399270891016448,-2.726507296463105,0.0065230123299054935,0.2173183783891956,2,3,-13.682403697109796,1.999557805744267,-3.1497916262596846,-11.300868867780082,0.0,0.35,0,1
1789003980.1735244,48.643709897994995,-9.885576170351332,-2.5400405764025167,-2.7167948687424714,0.006586517742460676,0.21733054862687218,2,3,-13.682403697109796,1.999557805744267,-3.1497916262596846,-11.300868867780082,0.0,0.35,0,1
1789003980.1808317,48.65101718902588,-9.885535207155419,-2.5400348538562776,-2.715166312902051,0.0033077580676426363,0.21816402838358454,2,3,-13.682403697109796,1.999557805744267,-3.1497916262596846,-11.300868867780082,0.0,0.35,0,1
1789003980.230884,48.701069593429565,-9.885608569031143,-2.540083624623081,-2.701271368298113,0.0002061719088459848,0.22017610631300644,2,3,-13.682403697109796,1.999557805744267,-3.1497916262596846,-11.300868867780082,0.0,0.35,0,1
1789003980.2747648,48.74495029449463,-9.885612601497845,-2.5400858620497666,-2.6913273724892064,2.7038377678144355e-06,0.22018389088038157,2,3,-13.682403697109796,1.999557805744267,-3.1497916262596846,-11.300868867780082,0.0,0.35,0,1
1789003980.2808733,48.75105881690979,-9.885574625422057,-2.5400735339146667,-2.6899405019295246,-0.0015378552001286154,0.22101651511591994,2,3,-13.682403697109796,1.999557805744267,-3.1497916262596846,-11.300868867780082,0.0,0.35,0,1
1789003980.3309398,48.801125288009644,-9.885488000488621,-2.540033212367638,-2.678367238404301,-0.002245768388392211,0.22263592743242303,2,3,-13.682403697109796,1.999557805744267,-3.1497916262596846,-11.300868867780082,0.0,0.35,0,1
1789003980.376002,48.846187591552734,-9.885391541980816,-2.539985126848379,-2.6681710425036025,-0.0025382076924427683,0.22264050529917304,2,3,-13.682403697109796,1.999557805744267,-3.1497916262596846,-11.300868867780082,0.0,0.35,0,1
1789003980.3809066,48.85109210014343,-9.885377993941088,-2.539978568925077,-2.6670481641302746,-0.0026687573094069167,0.2233014220321659,2,3,-13.682403697109796,1.999557805744267,-3.1497916262596846,-11.300868867780082,0.0,0.35,0,1
1789003980.4308314,48.9010169506073,-9.885262617731158,-2.5399180224232487,-2.653652233772672,-0.00253694143881801,0.22489223625809704,2,3,-13.682403697109796,1.999557805744267,-3.1497916262596846,-11.300868867780082,0.0,0.35,0,1
1789003980.4772348,48.94742035865784,-9.885152804407284,-2.5398596945436367,-2.643580893455874,-0.0028216483688959203,0.22488223107952088,2,3,-13.682403697109796,1.999557805744267,-3.1497916262596846,-11.300868867780082,0.0,0.35,0,1
1789003980.4809158,48.951101303100586,-9.885166889410357,-2.5398632354155044,-2.6427254843438384,-0.0018604690467200963,0.22545468247599412,2,3,-13.682403697109796,1.999557805744267,-3.1497916262596846,-11.300868867780082,0.0,0.35,0,1
1789003980.530833,49.00101852416992,-9.885089401938034,-2.539819303429451,-2.631948580858539,-0.0017025595885287843,0.22636570957538696,2,3,-13.682403697109796,1.999557805744267,-3.1497916262596846,-11.300868867780082,0.0,0.35,0,1
1789003980.578913,49.0490984916687,-9.885013111954265,-2.5397766826495625,-2.6212744927184044,-0.0019323470239996368,0.2263598647267612,2,3,-13.682403697109796,1.999557805744267,-3.1497916262596846,-11.300868867780082,0.0,0.35,0,1
1789003980.580836,49.051021575927734,-9.885000506576002,-2.5397712239629087,-2.620823838270859,-0.0023574838738576066,0.22670643291872142,2,3,-13.682403697109796,1.999557805744267,-3.1497916262596846,-11.300868867780082,0.0,0.35,0,1
1789003980.6309202,49.10110569000244,-9.884872544918453,-2.539700898411255,-2.6073747261326825,-0.0034942584898509025,0.22748793129701642,2,3,-13.682403697109796,1.999557805744267,-3.1497916262596846,-11.300868867780082,0.0,0.35,0,1
1789003980.6810157,49.151201248168945,-9.884715263599588,-2.53960809175203,-2.596817248228595,-0.0037962321610834297,0.2274575209553653,2,3,-13.682403697109796,1.999557805744267,-3.1497916262596846,-11.300868867780082,0.0,0.35,0,1
1789003980.7316387,49.20182418823242,-9.88466014458751,-2.5395614588332758,-2.5833656290050504,-0.00107331916322995,0.22891782801407337,2,3,-13.682403697109796,1.999557805744267,-3.1497916262596846,-11.300868867780082,0.0,0.35,0,1
1789003980.782472,49.252657413482666,-9.884610319661034,-2.5395305301790683,-2.5722812028309714,-0.0012339241531391315,0.22889548775770935,2,3,-13.682403697109796,1.999557805744267,-3.1497916262596846,-11.300868867780082,0.0,0.35,0,1
1789003980.8333473,49.30353283882141,-9.884664511115222,-2.5395519177907255,-2.563283189274182,0.001891732595054352,0.22928849311847876,2,3,-13.682403697109796,1.999557805744267,-3.1497916262596846,-11.300868867780082,0.0,0.35,0,1
1789003980.8844833,49.354668855667114,-9.884745480239266,-2.539604779831592,-2.551561920644125,0.0018902385879120019,0.2292883444791536,2,3,-13.682403697109796,1.999557805744267,-3.1497916262596846,-11.300868867780082,0.0,0.35,0,1
1789003980.9351175,49.40530300140381,-9.884994168419421,-2.5397635243673293,-2.537362116571869,0.003687787779620066,0.22996811793913507,2,3,-13.682403697109796,1.999557805744267,-3.1497916262596846,-11.300868867780082,0.0,0.35,0,1
1789003980.9859083,49.45609378814697,-9.885149963835904,-2.5398710909678397,-2.5256429470688584,0.003767184125366318,0.22996974425978742,2,3,-13.682403697109796,1.999557805744267,-3.1497916262596846,-11.300868867780082,0.0,0.35,0,1
1789003981.0371087,49.50729417800903,-9.88506456750879,-2.5398321777892647,-2.513146321956113,-0.0007704266416428184,0.2309484922894401,2,3,-13.682403697109796,1.999557805744267,-3.1497916262596846,-11.300868867780082,0.0,0.35,0,1
1789003981.0878797,49.55806517601013,-9.885030030455084,-2.53980716107186,-2.500860703160177,-0.0009095548149571731,0.23097230222830167,2,3,-13.682403697109796,1.999557805744267,-3.1497916262596846,-11.300868867780082,0.0,0.35,0,1
1789003981.138658,49.60884356498718,-9.885399606540489,-2.5400349040416144,-2.4859208707269844,0.009102341713633945,0.2325587417984251,2,3,-13.682403697109796,1.999557805744267,-3.1497916262596846,-11.300868867780082,0.0,0.35,0,1
1789003981.189617,49.65980243682861,-9.885882671136958,-2.540390642701967,-2.473662654194767,0.013005770292732283,0.2336105143521035,2,3,-13.682403697109796,1.999557805744267,-3.1497916262596846,-11.300868867780082,0.0,0.35,0,1
1789003981.2408555,49.71104097366333,-9.886451740346988,-2.540833317524708,-2.460503064906903,0.015094856931363856,0.2344550770237233,2,3,-13.682403697109796,1.999557805744267,-3.1497916262596846,-11.300868867780082,0.0,0.35,0,1
1789003981.291489,49.76167440414429,-9.887064180729544,-2.541331679146317,-2.447787013191605,0.01597506092791823,0.23551438094273394,2,3,-13.682403697109796,1.999557805744267,-3.1497916262596846,-11.300868867780082,0.33439622169132616,0.35,0,1
1789003981.3423338,49.81251931190491,-9.887653288035287,-2.5418380842073938,-2.4329512283537085,0.014651561833829239,0.23660459183211655,2,3,-13.682403697109796,1.999557805744267,-3.1497916262596846,-11.300868867780082,0.33939058727954197,0.35,0,1
1789003981.3930256,49.863211154937744,-9.888123363677343,-2.542260216958141,-2.4207929182658874,0.011999303638483304,0.23793618548599701,2,3,-13.682403697109796,1.999557805744267,-3.1497916262596846,-11.300868867780082,0.3448840769736442,0.35,0,1
1789003981.443504,49.913689613342285,-9.888895002212875,-2.542869634597545,-2.4061243569055755,0.02606091952701613,0.23912592375845973,2,3,-13.682403697109796,1.999557805744267,-3.1497916262596846,-11.300868867780082,0.3504116456930664,0.35,0,1
1789003981.4943144,49.964499950408936,-9.89064594671235,-2.5443310674333195,-2.39388041075322,0.05014728288805892,0.24043318613785886,2,3,-13.682403697109796,1.999557805744267,-3.1497916262596846,-11.300868867780082,0.35555212864486946,0.35,0,1
1789003981.5451155,50.015300989151,-9.892663131960358,-2.5461869859014135,-2.379100950336143,0.057435212918087314,0.24154072413548114,2,3,-13.682403697109796,1.999557805744267,-3.1497916262596846,-11.300868867780082,0.3608834829255624,0.35,0,1
1789003981.5963194,50.06650495529175,-9.896058242719555,-2.549224214386434,-2.3672228763592624,0.09663668906358208,0.24281809126100679,2,3,-13.682403697109796,1.999557805744267,-3.1497916262596846,-11.300868867780082,0.3661769393618925,0.35,0,1
1789003981.6469471,50.11713266372681,-9.900530764374114,-2.553376670974832,-2.3533490858239157,0.14106281464191406,0.2437554028195843,2,3,-13.682403697109796,1.999557805744267,-3.1497916262596846,-11.300868867780082,0.3715028982151066,0.35,0,1
1789003981.69773,50.16791558265686,-9.906228573871802,-2.5590207767015443,-2.3418893666090557,0.16352908537527108,0.24464084593183258,2,3,-13.682403697109796,1.999557805744267,-3.1497916262596846,-11.300868867780082,0.3761857905115347,0.35,0,1
1789003981.7484262,50.21861171722412,-9.91254818096932,-2.5654504767059527,-2.327381826137848,0.1903802170394079,0.24543308279204593,2,3,-13.682403697109796,1.999557805744267,-3.1497916262596846,-11.300868867780082,0.3810178190863167,0.35,0,1
1789003981.7997074,50.2698929309845,-9.920360397767329,-2.573551741818092,-2.316008087447204,0.2270723170220993,0.2461933928440527,2,3,-13.682403697109796,1.999557805744267,-3.1497916262596846,-11.300868867780082,0.38582443889941287,0.35,0,1
1789003981.8502915,50.32047700881958,-9.928994541445288,-2.5829308577778223,-2.3007940068605803,0.2586278574336909,0.24649243025602302,2,3,-13.682403697109796,1.999557805744267,-3.1497916262596846,-11.300868867780082,0.39074102843085096,0.35,0,1
1789003981.9009864,50.371171951293945,-9.938873763792866,-2.5938499405456454,-2.288144960498296,0.29762853212916257,0.2480181096165354,2,3,-13.682403697109796,1.999557805744267,-3.1497916262596846,-11.300868867780082,0.39547481609731583,0.35,0,1
1789003981.9520457,50.42223119735718,-9.948817768048448,-2.60568774874416,-2.2693188797476433,0.30853237335346984,0.24848770365161585,2,3,-13.682403697109796,1.999557805744267,-3.1497916262596846,-11.300868867780082,0.4028800252129999,0.35,0,1
1789003982.002718,50.47290349006653,-9.958822827782367,-2.617726336183446,-2.2564726001416577,0.31394506247812853,0.25168588864814984,2,3,-13.682403697109796,1.999557805744267,-3.1497916262596846,-11.300868867780082,0.4066293751834235,0.35,0,1
1789003982.0535235,50.5237090587616,-9.968629861231141,-2.6301154963370976,-2.2401130804526357,0.3161489553883235,0.2524043290773151,2,3,-13.682403697109796,1.999557805744267,-3.1497916262596846,-11.300868867780082,0.4155766871225332,0.35,0,1
1789003982.104122,50.574307441711426,-9.978524553030681,-2.6427775180588475,-2.226630835696246,0.32318334142227423,0.25509755884778695,2,3,-13.682403697109796,1.999557805744267,-3.1497916262596846,-11.300868867780082,0.4174934300700558,0.35,0,1
1789003982.1549299,50.625115394592285,-9.988337171227673,-2.656170322276742,-2.2074784127802776,0.33184603431650106,0.2558389219105034,2,3,-13.682403697109796,1.999557805744267,-3.1497916262596846,-11.300868867780082,0.42576417117803633,0.35,0,1
1789003982.2053654,50.67555093765259,-9.998173538939216,-2.6696165805276513,-2.1943700763402627,0.3350947878320165,0.2597560172485137,2,3,-13.682403697109796,1.999557805744267,-3.1497916262596846,-11.300868867780082,0.4292093367099111,0.35,0,1
1789003982.2559438,50.72612929344177,-10.007980316066568,-2.683675472666775,-2.177900857460332,0.34388270020569756,0.2606002748480814,2,3,-13.682403697109796,1.999557805744267,-3.1497916262596846,-11.300868867780082,0.43866095921794085,0.35,0,1
1789003982.3066404,50.77682590484619,-10.018074662947832,-2.6983175734422638,-2.1642707565517654,0.3561697466619861,0.26351265708507143,2,3,-13.682403697109796,1.999557805744267,-3.1497916262596846,-11.300868867780082,0.4400683154074176,0.35,0,1
1789003982.330882,50.8010675907135,-10.022891532679138,-2.7054794199863403,-2.1578497194595445,0.3586165100917635,0.2641353871355365,2,3,-13.682403697109796,1.999557805744267,-3.1497916262596846,-11.300868867780082,0.44864116257232967,0.35,0,1
1789003982.3574684,50.827653884887695,-10.027910166363194,-2.713705096460574,-2.144622532795627,0.3642541141599885,0.266010486673036,2,3,-13.682403697109796,1.999557805744267,-3.1497916262596846,-11.300868867780082,0.4518358885645405,0.35,0,1
1789003982.4080167,50.87820219993591,-10.037886289575155,-2.7292653009482124,-2.131204774211619,0.37085701746243815,0.26832178469558016,2,3,-13.682403697109796,1.999557805744267,-3.1497916262596846,-11.300868867780082,0.4518358885645405,0.35,0,1
1789003982.4309254,50.901110887527466,-10.042302241981446,-2.7363689384376064,-2.1250181692467067,0.3680095210294903,0.2690987101733543,2,3,-13.682403697109796,1.999557805744267,-3.1497916262596846,-11.300868867780082,0.45743022231926955,0.35,0,1
1789003982.45859,50.92877554893494,-10.047516623167748,-2.7451967052749486,-2.114243034150757,0.37269044852883526,0.2704014178856937,2,3,-13.682403697109796,1.999557805744267,-3.1497916262596846,-11.300868867780082,0.4629003129964582,0.35,0,1
1789003982.509455,50.9796404838562,-10.056925970321585,-2.7616484327443094,-2.094892805235088,0.37697744378809656,0.27225157312160997,2,3,-13.682403697109796,1.999557805744267,-3.1497916262596846,-11.300868867780082,0.4629003129964582,0.35,0,1
1789003982.5308862,51.00107169151306,-10.060934467365803,-2.7686174672980086,-2.0889306259075835,0.3772416151724602,0.27463815565015814,2,3,-13.682403697109796,1.999557805744267,-3.1497916262596846,-11.300868867780082,0.46999545038924273,0.35,0,1
1789003982.5599518,51.03013730049133,-10.066262074249714,-2.778292164363939,-2.0784222245689703,0.38220945210593943,0.27613792697534983,2,3,-13.682403697109796,1.999557805744267,-3.1497916262596846,-11.300868867780082,0.47761805443269706,0.35,0,1
1789003982.610739,51.08092451095581,-10.075753210738064,-2.7954388765053064,-2.0647748889292794,0.3905802239293444,0.27718469959718944,2,3,-13.682403697109796,1.999557805744267,-3.1497916262596846,-11.300868867780082,0.47761805443269706,0.35,0,1
1789003982.6308005,51.10098600387573,-10.079493063839493,-2.8023795784126717,-2.059113466916187,0.39461788321728525,0.2789122198026722,2,3,-13.682403697109796,1.999557805744267,-3.1497916262596846,-11.300868867780082,0.48146836141699856,0.35,0,1
1789003982.6614554,51.131640911102295,-10.085030138748783,-2.813252163445861,-2.0474377541956184,0.4004922411080193,0.28016336064791064,2,3,-13.682403697109796,1.999557805744267,-3.1497916262596846,-11.300868867780082,0.49001070826665655,0.35,0,1
1789003982.7124274,51.182612895965576,-10.093998523733624,-2.831540374540281,-2.028547609899237,0.40424911687897325,0.2810868172260227,2,3,-13.682403697109796,1.999557805744267,-3.1497916262596846,-11.300868867780082,0.49001070826665655,0.35,0,1
1789003982.7308524,51.201037883758545,-10.097226520086508,-2.8381432663887147,-2.023215035844264,0.4025953337181,0.2839973860847171,2,3,-13.682403697109796,1.999557805744267,-3.1497916262596846,-11.300868867780082,0.49406113896603027,0.35,0,1
1789003982.7629988,51.23318433761597,-10.102805065127116,-2.8499150241304934,-2.0122448012034946,0.407559138485311,0.285441507374889,2,3,-13.682403697109796,1.999557805744267,-3.1497916262596846,-11.300868867780082,0.5045936372101254,0.35,0,1
1789003982.8137064,51.283891916275024,-10.111637075766275,-2.8686102018150037,-1.998858523108566,0.4125353177813637,0.2863552701700762,2,3,-13.682403697109796,1.999557805744267,-3.1497916262596846,-11.300868867780082,0.5045936372101254,0.35,0,1
1789003982.8309257,51.30111122131348,-10.114633933154076,-2.875145089599814,-1.9938471176516193,0.41827618983776277,0.28772992795764646,2,3,-13.682403697109796,1.999557805744267,-3.1497916262596846,-11.300868867780082,0.5051331482906736,0.35,0,1
1789003982.864668,51.334853410720825,-10.120221018990733,-2.888245669695656,-1.9802200749075014,0.4247115344055144,0.28919674120608435,2,3,-13.682403697109796,1.999557805744267,-3.1497916262596846,-11.300868867780082,0.5143455702892247,0.35,0,1
1789003982.9150817,51.38526725769043,-10.128623459405157,-2.9085565992072815,-1.9610562830845903,0.43919465912147204,0.29021541223719177,2,3,-13.682403697109796,1.999557805744267,-3.1497916262596846,-11.300868867780082,0.5143455702892247,0.35,0,1
1789003982.930833,51.40101861953735,-10.131241632789767,-2.9149456385013353,-1.9563415237354138,0.4399122703170658,0.29277945321177135,2,3,-13.682403697109796,1.999557805744267,-3.1497916262596846,-11.300868867780082,0.5177667911719521,0.35,0,1
1789003982.965658,51.4358434677124,-10.13695674256118,-2.929269881795012,-1.9449046177995688,0.4455661002302411,0.29403132888551886,2,3,-13.682403697109796,1.999557805744267,-3.1497916262596846,-11.300868867780082,0.5286808696564199,0.35,0,1
1789003983.0166206,51.4868061542511,-10.145247840755955,-2.9502624192008327,-1.9317267282136972,0.4483162206187888,0.29478852516213827,2,3,-13.682403697109796,1.999557805744267,-3.1497916262596846,-11.300868867780082,0.5286808696564199,0.35,0,1
1789003983.0308845,51.50107002258301,-10.147412994480332,-2.956099132992189,-1.9274620676935554,0.4432515477384704,0.2958350920297347,2,3,-13.682403697109796,1.999557805744267,-3.1497916262596846,-11.300868867780082,0.5291566073795585,0.35,0,1
1789003983.0678804,51.538065910339355,-10.152906665420609,-2.9716580228552574,-1.913013422943258,0.447977768756874,0.29709699552553603,2,3,-13.682403697109796,1.999557805744267,-3.1497916262596846,-11.300868867780082,0.5383938884405302,0.35,0,1
1789003983.1185267,51.588712215423584,-10.160026380701959,-2.9929700359441287,-1.8935545343935252,0.44862288148756013,0.29796238829535066,2,3,-13.682403697109796,1.999557805744267,-3.1497916262596846,-11.300868867780082,0.5383938884405302,0.35,0,1
1789003983.1308327,51.60101819038391,-10.161673485718678,-2.9980245319100645,-1.8897649004290349,0.44182803653053093,0.3002649671299968,2,3,-13.682403697109796,1.999557805744267,-3.1497916262596846,-11.300868867780082,0.5418533681082554,0.35,0,1
1789003983.169234,51.63941955566406,-10.166958594390623,-3.0142638313049197,-1.8773095357599114,0.44737542198393143,0.3002895583865527,2,3,-13.682403697109796,1.999557805744267,-3.1497916262596846,-11.300868867780082,0.5445497180127546,0.35,0,1
1789003983.2199051,51.69009065628052,-10.173477882995755,-3.0355708397105725,-1.860628371730011,0.44579327685231285,0.30150464308504304,2,3,-13.682403697109796,1.999557805744267,-3.1497916262596846,-11.300868867780082,0.5445497180127546,0.35,0,1
1789003983.2309103,51.70109581947327,-10.174870194946386,-3.040248763050114,-1.8571915079768222,0.44629916117519297,0.30382380534961567,2,3,-13.682403697109796,1.999557805744267,-3.1497916262596846,-11.300868867780082,0.558924522620826,0.35,0,1
1789003983.2703657,51.740551233291626,-10.17983688711557,-3.057254769565671,-1.844704894306947,0.4516331632916009,0.3038388942436649,2,3,-13.682403697109796,1.999557805744267,-3.1497916262596846,-11.300868867780082,0.560132161873599,0.35,0,1
1789003983.3209949,51.79118037223816,-10.185779387750571,-3.0796906501720986,-1.825501098417416,0.46080130959147164,0.3049589416423076,2,3,-13.682403697109796,1.999557805744267,-3.1497916262596846,-11.300868867780082,0.560132161873599,0.35,0,1
1789003983.33091,51.801095485687256,-10.186912009966763,-3.0840748010357166,-1.8223436005421647,0.46022611774692307,0.30721216977235055,2,3,-13.682403697109796,1.999557805744267,-3.1497916262596846,-11.300868867780082,0.5708104397666387,0.35,0,1
1789003983.3715913,51.841776847839355,-10.191587084599345,-3.1023208953717347,-1.8096802302423365,0.46573704602210475,0.3072172351019494,2,3,-13.682403697109796,1.999557805744267,-3.1497916262596846,-11.300868867780082,0.572129473465282,0.35,0,1
1789003983.4223535,51.89253902435303,-10.197007468463173,-3.12521658062828,-1.7931162227318191,0.4682106074223306,0.30818746131729585,2,3,-13.682403697109796,1.999557805744267,-3.1497916262596846,-11.300868867780082,0.572129473465282,0.35,0,1
1789003983.430919,51.90110445022583,-10.19784223475883,-3.129013220381378,-1.7903828441378684,0.4642109476873204,0.31000648527512065,2,3,-13.682403697109796,1.999557805744267,-3.1497916262596846,-11.300868867780082,0.5831494674359508,0.35,0,1
1789003983.4727526,51.94293808937073,-10.20204460079285,-3.1480891300069267,-1.7767629928815964,0.46949729148137714,0.3100269596949215,2,3,-13.682403697109796,1.999557805744267,-3.1497916262596846,-11.300868867780082,0.584119860499417,0.35,0,1
1789003983.4808316,51.95101714134216,-10.202839540633343,-3.1518494137095057,-1.7742160984325837,0.4722924264540155,0.3108360499512412,2,3,-13.682403697109796,1.999557805744267,-3.1497916262596846,-11.300868867780082,0.584119860499417,0.35,0,1
1789003983.5308332,52.0010187625885,-10.207837364341678,-3.1751972782938136,-1.7609909243259596,0.4834014650766784,0.31133203117015973,2,3,-13.682403697109796,1.999557805744267,-3.1497916262596846,-11.300868867780082,0.5937273341736551,0.35,0,1
1789003983.573807,52.04399251937866,-10.211715060265341,-3.195734599388198,-1.7467330855828398,0.48910338204669895,0.31135936670556397,2,3,-13.682403697109796,1.999557805744267,-3.1497916262596846,-11.300868867780082,0.5898987949602943,0.35,0,1
1789003983.580911,52.05109643936157,-10.212350726026633,-3.1992296749286426,-1.744499353855319,0.49294795280181597,0.31176233129642716,2,3,-13.682403697109796,1.999557805744267,-3.1497916262596846,-11.300868867780082,0.5898987949602943,0.35,0,1
1789003983.6308982,52.101083755493164,-10.216526136678524,-3.2237034678007253,-1.728024197901927,0.5002644878768537,0.3127496383386709,2,3,-13.682403697109796,1.999557805744267,-3.1497916262596846,-11.300868867780082,0.6049863560927559,0.35,0,1
1789003983.6749737,52.14515924453735,-10.219991174854549,-3.245613135742172,-1.7141433798717036,0.5062598165355259,0.3127526987514741,2,3,-13.682403697109796,1.999557805744267,-3.1497916262596846,-11.300868867780082,0.601148732219052,0.35,0,1
1789003983.6809015,52.151087045669556,-10.220386477141481,-3.248487152337976,-1.7122695532083139,0.5029970299751123,0.3131446748617348,2,3,-13.682403697109796,1.999557805744267,-3.1497916262596846,-11.300868867780082,0.601148732219052,0.35,0,1
1789003983.7309046,52.20109009742737,-10.224172061584596,-3.273507637355443,-1.6994710142084737,0.5097329403049277,0.31293170109226576,2,3,-13.682403697109796,1.999557805744267,-3.1497916262596846,-11.300868867780082,0.6103321666323567,0.35,0,1
1789003983.7761693,52.246354818344116,-10.227119009572435,-3.296529712074852,-1.6849680527143254,0.5157178261430253,0.3129423321989205,2,3,-13.682403697109796,1.999557805744267,-3.1497916262596846,-11.300868867780082,0.6115280184024698,0.35,0,1
1789003983.780907,52.25109243392944,-10.227416562039679,-3.2990185881720384,-1.6834823003994766,0.518843631325666,0.3130122852705391,2,3,-13.682403697109796,1.999557805744267,-3.1497916262596846,-11.300868867780082,0.6115280184024698,0.35,0,1
1789003983.8309207,52.301106214523315,-10.23012035706495,-3.325117707553848,-1.6651807017258702,0.5300961623698629,0.3138589472296537,2,3,-13.682403697109796,1.999557805744267,-3.1497916262596846,-11.300868867780082,0.622336007178143,0.35,0,1
1789003983.8771627,52.3473482131958,-10.232503195379063,-3.3496605913251223,-1.651327862272053,0.5365255639004858,0.3138376646410378,2,3,-13.682403697109796,1.999557805744267,-3.1497916262596846,-11.300868867780082,0.6227982274553385,0.35,0,1
1789003983.8809109,52.351096391677856,-10.232714042471981,-3.3518369075058727,-1.6501415758587588,0.5442579855107741,0.31403191867678465,2,3,-13.682403697109796,1.999557805744267,-3.1497916262596846,-11.300868867780082,0.6227982274553385,0.35,0,1
1789003983.9309204,52.401105880737305,-10.235185879565382,-3.379074387734651,-1.6380611522215487,0.5500157327051378,0.3133566505488733,2,3,-13.682403697109796,1.999557805744267,-3.1497916262596846,-11.300868867780082,0.6368672001745737,0.35,0,1
1789003983.9791439,52.4493293762207,-10.236962949285143,-3.4057075284246703,-1.6228055197271627,0.5569845349090933,0.31336119577419735,2,3,-13.682403697109796,1.999557805744267,-3.1497916262596846,-11.300868867780082,0.6331350432592823,0.35,0,1
1789003983.98089,52.45107555389404,-10.236993444624721,-3.4066035390093443,-1.6222656151206247,0.5539539026118033,0.3131919797868493,2,3,-13.682403697109796,1.999557805744267,-3.1497916262596846,-11.300868867780082,0.6331350432592823,0.35,0,1
1789003984.0308645,52.50104999542236,-10.238108881831735,-3.4343937501727173,-1.6034808582326783,0.5583289955938208,0.3136638467784124,2,3,-13.682403697109796,1.999557805744267,-3.1497916262596846,-11.300868867780082,0.6379949256831074,0.35,0,1
1789003984.0806403,52.55082583427429,-10.2390479383346,-3.4623398317582246,-1.5881344809329019,0.5652349514813819,0.31365265439301715,2,3,-13.682403697109796,1.999557805744267,-3.1497916262596846,-11.300868867780082,0.6443149349971978,0.35,0,1
1789003984.0809376,52.55112314224243,-10.239035512861449,-3.4624407666092707,-1.5880282574623055,0.562380478081221,0.313894838552552,2,3,-13.682403697109796,1.999557805744267,-3.1497916262596846,-11.300868867780082,0.6443149349971978,0.35,0,1
1789003984.1312647,52.60145020484924,-10.23982775044771,-3.4908226153146105,-1.5755193394505844,0.5663312122576272,0.31343475740708354,2,3,-13.682403697109796,1.999557805744267,-3.1497916262596846,-11.300868867780082,0.6503274591120308,0.35,0,1
1789003984.1823192,52.652504682540894,-10.239947567971111,-3.519910329291058,-1.559375780276724,0.5731295721539736,0.31344112926220025,2,3,-13.682403697109796,1.999557805744267,-3.1497916262596846,-11.300868867780082,0.6550118860949554,0.35,0,1
1789003984.2328582,52.703043699264526,-10.239318795128218,-3.548615162934649,-1.540796125302974,0.5727388374723863,0.31362086521599436,2,3,-13.682403697109796,1.999557805744267,-3.1497916262596846,-11.300868867780082,0.6601940079572132,0.35,0,1
1789003984.283552,52.753737449645996,-10.238500288344769,-3.5777975555470354,-1.5254810436234512,0.5791535694638243,0.3135929227230969,2,3,-13.682403697109796,1.999557805744267,-3.1497916262596846,-11.300868867780082,0.6719895123497894,0.35,0,1
1789003984.3346426,52.80482816696167,-10.237155684034361,-3.6075606796026167,-1.5094483766563775,0.5869776698571704,0.3138109583308368,2,3,-13.682403697109796,1.999557805744267,-3.1497916262596846,-11.300868867780082,0.6724151323412143,0.35,0,1
1789003984.3851902,52.85537576675415,-10.23528235579306,-3.637337822610796,-1.493136771391234,0.5934399910103454,0.3138330928342117,2,3,-13.682403697109796,1.999557805744267,-3.1497916262596846,-11.300868867780082,0.683308875942392,0.35,0,1
1789003984.4359176,52.90610313415527,-10.232503972887214,-3.667543235696715,-1.4729355186997515,0.5982541931132633,0.3149603973247852,2,3,-13.682403697109796,1.999557805744267,-3.1497916262596846,-11.300868867780082,0.6836032174285643,0.35,0,1
1789003984.48671,52.95689558982849,-10.229469022136948,-3.6979444960859307,-1.456444664250674,0.6046618904139095,0.3149844186879661,2,3,-13.682403697109796,1.999557805744267,-3.1497916262596846,-11.300868867780082,0.6903910592404686,0.35,0,1
1789003984.5378942,53.00807976722717,-10.225755834176852,-3.728156087961305,-1.438564122531084,0.5974608852057504,0.3165653422079527,2,3,-13.682403697109796,1.999557805744267,-3.1497916262596846,-11.300868867780082,0.6969158485509787,0.35,0,1
1789003984.5885246,53.0587100982666,-10.221634377432673,-3.7582769408847327,-1.4214196349524053,0.6031956400093291,0.3166208813894785,2,3,-13.682403697109796,1.999557805744267,-3.1497916262596846,-11.300868867780082,0.7032359467807556,0.35,0,1
1789003984.6393628,53.10954833030701,-10.216556882778903,-3.7888828496369253,-1.4003591618389801,0.6140353358136087,0.3190088681240742,2,3,-13.682403697109796,1.999557805744267,-3.1497916262596846,-11.300868867780082,0.709488645956238,0.35,0,1
1789003984.6906304,53.160815954208374,-10.2109595545572,-3.8199536645004946,-1.3824192479072266,0.6180648522571783,0.3208077353971103,2,3,-13.682403697109796,1.999557805744267,-3.1497916262596846,-11.300868867780082,0.7226196815819464,0.35,0,1
1789003984.7412806,53.21146607398987,-10.20468713483188,-3.850928848447134,-1.362373286060108,0.6288033722048708,0.32232760679249983,2,3,-13.682403697109796,1.999557805744267,-3.1497916262596846,-11.300868867780082,0.7237850368519967,0.35,0,1
1789003984.7921536,53.26233911514282,-10.19790513119934,-3.8826856536910266,-1.3456794592365955,0.6436425458971986,0.32399797788758977,2,3,-13.682403697109796,1.999557805744267,-3.1497916262596846,-11.300868867780082,0.7306478723500326,0.35,0,1
1789003984.8427563,53.312941789627075,-10.190198163130912,-3.914583145821112,-1.325510476704999,0.6522708447402585,0.32537489237703315,2,3,-13.682403697109796,1.999557805744267,-3.1497916262596846,-11.300868867780082,0.7371668120768723,0.35,0,1
1789003984.8938155,53.36400103569031,-10.181999510206984,-3.9470554056487783,-1.3091102443998757,0.6594561284336837,0.3269694924961693,2,3,-13.682403697109796,1.999557805744267,-3.1497916262596846,-11.300868867780082,0.7440570871762711,0.35,0,1
1789003984.9444652,53.414650678634644,-10.173038167887947,-3.9793169707386706,-1.2899127977052485,0.6621591602087602,0.3281536605817315,2,3,-13.682403697109796,1.999557805744267,-3.1497916262596846,-11.300868867780082,0.7507195401005422,0.35,0,1
1789003984.9953544,53.46553993225098,-10.163619222398744,-4.011982340826119,-1.2740157610296725,0.672119160276586,0.32935019228218587,2,3,-13.682403697109796,1.999557805744267,-3.1497916262596846,-11.300868867780082,0.7571398528637706,0.35,0,1
1789003985.0461748,53.51636028289795,-10.153318479016571,-4.044910399593755,-1.2550401848780905,0.6847981818563218,0.33022629156823435,2,3,-13.682403697109796,1.999557805744267,-3.1497916262596846,-11.300868867780082,0.7633190006526166,0.35,0,1
1789003985.097204,53.567389488220215,-10.142529776266201,-4.078606927957142,-1.2406317600055532,0.6983047263084101,0.3308877334563582,2,3,-13.682403697109796,1.999557805744267,-3.1497916262596846,-11.300868867780082,0.7698211557185723,0.35,0,1
1789003985.1476161,53.617801666259766,-10.130833222166242,-4.112143814018388,-1.2220947536188853,0.7100115229477577,0.33142733090760346,2,3,-13.682403697109796,1.999557805744267,-3.1497916262596846,-11.300868867780082,0.7756724811283447,0.35,0,1
1789003985.1982696,53.66845512390137,-10.118559648338783,-4.146004402041246,-1.2068162062988843,0.7146165011116953,0.33177385283260524,2,3,-13.682403697109796,1.999557805744267,-3.1497916262596846,-11.300868867780082,0.7817265885110403,0.35,0,1
1789003985.2494383,53.71962380409241,-10.105104742023164,-4.180299509197858,-1.188033338959686,0.7236452096165146,0.33188575373680596,2,3,-13.682403697109796,1.999557805744267,-3.1497916262596846,-11.300868867780082,0.7876735653053207,0.35,0,1
1789003985.3001049,53.77029037475586,-10.091432304397221,-4.214698681925133,-1.1734639700893015,0.7351151859584217,0.33234275785494993,2,3,-13.682403697109796,1.999557805744267,-3.1497916262596846,-11.300868867780082,0.7942652899620661,0.35,0,1
1789003985.3509982,53.82118368148804,-10.076724092299855,-4.24915532431178,-1.15609509603021,0.7395700131851979,0.33231241829428465,2,3,-13.682403697109796,1.999557805744267,-3.1497916262596846,-11.300868867780082,0.8027249854483554,0.35,0,1
1789003985.4019127,53.872098207473755,-10.061765138928573,-4.283591100595546,-1.1420276999747336,0.7408458270271574,0.3320034919131737,2,3,-13.682403697109796,1.999557805744267,-3.1497916262596846,-11.300868867780082,0.8058965882868476,0.35,0,1
1789003985.4531155,53.923300981521606,-10.045818995133716,-4.317895583300878,-1.1247100652602287,0.7419101279590391,0.3317867580301959,2,3,-13.682403697109796,1.999557805744267,-3.1497916262596846,-11.300868867780082,0.8139010999565007,0.34162476933995756,0,1
1789003985.5037763,53.97396183013916,-10.02975844638019,-4.351987846351394,-1.1107944215363723,0.7480146716531556,0.33102474739339766,2,3,-13.682403697109796,1.999557805744267,-3.1497916262596846,-11.300868867780082,0.8173132347198447,0.3330598966546404,0,1
1789003985.554647,54.02483248710632,-10.012690002043833,-4.386306184122379,-1.0946434249598322,0.757082242303213,0.3306813122050653,2,3,-13.682403697109796,1.999557805744267,-3.1497916262596846,-11.300868867780082,0.8254442948677404,0.3126499481052669,0,1
1789003985.6057694,54.07595491409302,-9.995043292380831,-4.420829359236694,-1.0801172708693318,0.7618359932867473,0.3294701998229032,2,3,-13.682403697109796,1.999557805744267,-3.1497916262596846,-11.300868867780082,0.8283527850816873,0.3053492844103396,0,1
1789003985.6309109,54.101096391677856,-9.986021973376136,-4.437670755681493,-1.071855103458426,0.7616055836187806,0.32907010841871226,2,3,-13.682403697109796,1.999557805744267,-3.1497916262596846,-11.300868867780082,0.8363649265067908,0.28523783629874344,0,1
1789003985.656387,54.126572608947754,-9.976914316837277,-4.454825823612227,-1.0650705105034224,0.7644050855958731,0.32849734500549865,2,3,-13.682403697109796,1.999557805744267,-3.1497916262596846,-11.300868867780082,0.8392361907221458,0.2780306143816581,0,1
1789003985.7071657,54.177351236343384,-9.958542151549494,-4.488863107131351,-1.0529002487551902,0.7650486631623113,0.3271093985603268,2,3,-13.682403697109796,1.999557805744267,-3.1497916262596846,-11.300868867780082,0.8392361907221458,0.2780306143816581,0,1
1789003985.7309115,54.20109701156616,-9.94951896593609,-4.504717900117654,-1.045170466850393,0.7696513869234579,0.326468098783221,2,3,-13.682403697109796,1.999557805744267,-3.1497916262596846,-11.300868867780082,0.8439565359356462,0.2661819745744912,0,1
1789003985.7579381,54.22812366485596,-9.939293045132958,-4.522875005272231,-1.0382721501713412,0.773213382354057,0.32562266155965414,2,3,-13.682403697109796,1.999557805744267,-3.1497916262596846,-11.300868867780082,0.8489799193339091,0.25357267211731294,0,1
1789003985.8088884,54.27907395362854,-9.919443546918446,-4.557323387060686,-1.0254637755164275,0.7842226939696887,0.32386934961347175,2,3,-13.682403697109796,1.999557805744267,-3.1497916262596846,-11.300868867780082,0.8489799193339091,0.25357267211731294,0,1
1789003985.830927,54.30111241340637,-9.91045677421559,-4.572140497610813,-1.0183666942600074,0.7876922402964373,0.3230980262172898,2,3,-13.682403697109796,1.999557805744267,-3.1497916262596846,-11.300868867780082,0.8536739989079193,0.24178996225542515,0,1
1789003985.8595116,54.329697132110596,-9.898850012760597,-4.591484809770641,-1.0110859236382934,0.7915086737191996,0.32212721632460967,2,3,-13.682403697109796,1.999557805744267,-3.1497916262596846,-11.300868867780082,0.8589440229553927,0.2285615618123743,0,1
1789003985.9104378,54.38062334060669,-9.877821907344426,-4.626003248349064,-0.9994167226086415,0.7975644405315199,0.32131629850084376,2,3,-13.682403697109796,1.999557805744267,-3.1497916262596846,-11.300868867780082,0.8589440229553927,0.2285615618123743,0,1
1789003985.9308825,54.40106797218323,-9.869025912358376,-4.639643711950308,-0.9929802288005529,0.796082922660422,0.31931641945815287,2,3,-13.682403697109796,1.999557805744267,-3.1497916262596846,-11.300868867780082,0.8635137707809043,0.21709093974024007,0,1
1789003985.9615364,54.431721925735474,-9.856274368132828,-4.660475543598235,-0.9880765448338097,0.7992719625369006,0.3176907272684929,2,3,-13.682403697109796,1.999557805744267,-3.1497916262596846,-11.300868867780082,0.8692922912558108,0.2025861515036329,0,1
1789003986.0121527,54.482338190078735,-9.834224062911684,-4.694898491277174,-0.9766577637179716,0.8108872046352106,0.3164931628809274,2,3,-13.682403697109796,1.999557805744267,-3.1497916262596846,-11.300868867780082,0.8692922912558108,0.2025861515036329,0,1
1789003986.0308378,54.501023292541504,-9.825638519155879,-4.707684734673067,-0.9709066816731219,0.8222249304407618,0.3139231101669092,2,3,-13.682403697109796,1.999557805744267,-3.1497916262596846,-11.300868867780082,0.8716956628788878,0.19655339682222495,0,1
1789003986.0629299,54.53311538696289,-9.81108004189711,-4.7297940294627185,-0.9640517288545835,0.8281027350036643,0.3124528560709587,2,3,-13.682403697109796,1.999557805744267,-3.1497916262596846,-11.300868867780082,0.8782402142146033,0.18012577808480124,0,1
1789003986.1138418,54.58402729034424,-9.787775607898233,-4.764509494186775,-0.9538936677716784,0.8262524179773063,0.3113021555339511,2,3,-13.682403697109796,1.999557805744267,-3.1497916262596846,-11.300868867780082,0.8782402142146033,0.18012577808480124,0,1
1789003986.1308146,54.6010000705719,-9.779818387031476,-4.775594763742663,-0.948786202020949,0.8127048605219663,0.3085800534528312,2,3,-13.682403697109796,1.999557805744267,-3.1497916262596846,-11.300868867780082,0.8801244168179312,0.17539620069992967,0,1
1789003986.1650703,54.63525581359863,-9.764450025357585,-4.798796471756503,-0.9451910104334927,0.8140719622656785,0.3062719378586646,2,3,-13.682403697109796,1.999557805744267,-3.1497916262596846,-11.300868867780082,0.884771191184188,0.16373223265507453,0,1
1789003986.2155952,54.6857807636261,-9.741062476672786,-4.832202354060702,-0.9350483432611091,0.8115712857620669,0.3046585622625664,2,3,-13.682403697109796,1.999557805744267,-3.1497916262596846,-11.300868867780082,0.884771191184188,0.16373223265507453,0,1
1789003986.2308373,54.70102286338806,-9.733661371575781,-4.8422702440510035,-0.9306087492771515,0.8187419589050505,0.3012972424981839,2,3,-13.682403697109796,1.999557805744267,-3.1497916262596846,-11.300868867780082,0.8868147414279208,0.15860267333882228,0,1
1789003986.2662802,54.73646569252014,-9.716818713078336,-4.865993107116118,-0.9244331901474123,0.8237929659605351,0.29930026048435,2,3,-13.682403697109796,1.999557805744267,-3.1497916262596846,-11.300868867780082,0.8926811819735011,0.1438771950462724,0,1
1789003986.3174672,54.78765273094177,-9.691874151761944,-4.9010681946927335,-0.9176904138567767,0.8423112287131722,0.2977508923587857,2,3,-13.682403697109796,1.999557805744267,-3.1497916262596846,-11.300868867780082,0.8926811819735011,0.1438771950462724,0,1
1789003986.330836,54.801021575927734,-9.68497796093813,-4.9100881209016345,-0.913936117846674,0.8464742215730238,0.29357538898568525,2,3,-13.682403697109796,1.999557805744267,-3.1497916262596846,-11.300868867780082,0.892990972726058,0.14309958263094757,0,1
1789003986.3681464,54.83833193778992,-9.66615955258192,-4.935544568246063,-0.9073794983514456,0.8512706019618752,0.29129246622406585,2,3,-13.682403697109796,1.999557805744267,-3.1497916262596846,-11.300868867780082,0.8975535341675253,0.1316469992556044,0,1
1789003986.4189277,54.88911318778992,-9.640271583270064,-4.970024097920188,-0.8991386556572207,0.8535169645717773,0.2896327171183984,2,3,-13.682403697109796,1.999557805744267,-3.1497916262596846,-11.300868867780082,0.8975535341675253,0.1316469992556044,0,1
1789003986.43087,54.901055574417114,-9.633990683773154,-4.977881932729909,-0.8959015747782134,0.8492637508802345,0.2859409367603529,2,3,-13.682403697109796,1.999557805744267,-3.1497916262596846,-11.300868867780082,0.8999603713177011,0.12560554568026416,0,1
1789003986.4697814,54.939966917037964,-9.613940600526615,-5.004242288695107,-0.8900692550795668,0.8538587477046289,0.28576944475544697,2,3,-13.682403697109796,1.999557805744267,-3.1497916262596846,-11.300868867780082,0.9016214469474105,0.12143604409961728,0,1
1789003986.5208304,54.991015911102295,-9.587566078627406,-5.039107798749361,-0.8855814625661186,0.8598212608348125,0.2831123372076807,2,3,-13.682403697109796,1.999557805744267,-3.1497916262596846,-11.300868867780082,0.9016214469474105,0.12143604409961728,0,1
1789003986.5308452,55.001030683517456,-9.582071499853246,-5.045829043902865,-0.8830593763817333,0.8636204205637112,0.2773909059671837,2,3,-13.682403697109796,1.999557805744267,-3.1497916262596846,-11.300868867780082,0.9066963395232442,0.10869744735056086,0,1
1789003986.571434,55.041619539260864,-9.56035504111126,-5.073455111635739,-0.8766907152556996,0.868515072731133,0.27721084682689556,2,3,-13.682403697109796,1.999557805744267,-3.1497916262596846,-11.300868867780082,0.9073697805516655,0.10700702857476685,0,1
1789003986.6223202,55.09250569343567,-9.532817143745522,-5.108043101664352,-0.869664376641695,0.8728034695177092,0.2741214257286522,2,3,-13.682403697109796,1.999557805744267,-3.1497916262596846,-11.300868867780082,0.9073697805516655,0.10700702857476685,0,1
1789003986.6308746,55.10106015205383,-9.52804240436222,-5.113668037287293,-0.8676486849581663,0.8700441049353379,0.26891425776850725,2,3,-13.682403697109796,1.999557805744267,-3.1497916262596846,-11.300868867780082,0.9128176891264299,0.09333211636280747,0,1
1789003986.67318,55.14336562156677,-9.50489392447719,-5.142400602767835,-0.8621051518153126,0.8749169820706731,0.26869521448850675,2,3,-13.682403697109796,1.999557805744267,-3.1497916262596846,-11.300868867780082,0.9135649916383329,0.09145629629244367,0,1
1789003986.680835,55.151020526885986,-9.500613235980246,-5.147356570019862,-0.8602124007180444,0.8699961850383523,0.26595298077940926,2,3,-13.682403697109796,1.999557805744267,-3.1497916262596846,-11.300868867780082,0.9135649916383329,0.09145629629244367,0,1
1789003986.7309132,55.201098680496216,-9.473366996116567,-5.181516057401963,-0.8575347237557711,0.875692218273631,0.25909119281123827,2,3,-13.682403697109796,1.999557805744267,-3.1497916262596846,-11.300868867780082,0.9158128681299575,0.08581385327702973,0,1
1789003986.7748501,55.24503564834595,-9.448712122940663,-5.211178890502021,-0.8510002039657985,0.8805155654638467,0.2589040178003598,2,3,-13.682403697109796,1.999557805744267,-3.1497916262596846,-11.300868867780082,0.9147048198792038,0.08859518896718033,0,1
1789003986.7809083,55.25109386444092,-9.445145588520871,-5.215257006702188,-0.8495985366301592,0.8843423263036007,0.2559186870587742,2,3,-13.682403697109796,1.999557805744267,-3.1497916262596846,-11.300868867780082,0.9147048198792038,0.08859518896718033,0,1
1789003986.8308437,55.301029205322266,-9.416673823895941,-5.249163385718456,-0.8437227804869172,0.8894195002617964,0.25020085443764145,2,3,-13.682403697109796,1.999557805744267,-3.1497916262596846,-11.300868867780082,0.9192628771118178,0.07715391170312935,0,1
1789003986.8764503,55.346635818481445,-9.390792309387871,-5.280539981091713,-0.8418076591933326,0.8945408625697521,0.24983789507093027,2,3,-13.682403697109796,1.999557805744267,-3.1497916262596846,-11.300868867780082,0.9199399711653334,0.07545432339066105,0,1
1789003986.8808334,55.35101890563965,-9.38820654371292,-5.283409405155608,-0.840888371069963,0.8926249794855767,0.24628283815106417,2,3,-13.682403697109796,1.999557805744267,-3.1497916262596846,-11.300868867780082,0.9199399711653334,0.07545432339066105,0,1
1789003986.9308364,55.40102195739746,-9.358831003002408,-5.317064685996669,-0.8327070837874238,0.8943625290273729,0.24059120078101737,2,3,-13.682403697109796,1.999557805744267,-3.1497916262596846,-11.300868867780082,0.9236278542522544,0.06619728892146659,0,1
1789003986.9778805,55.448065996170044,-9.331095571912488,-5.348846418952076,-0.8269119782457863,0.8993638793761303,0.2403751137022142,2,3,-13.682403697109796,1.999557805744267,-3.1497916262596846,-11.300868867780082,0.9236301254573502,0.06619158792082092,0,1
1789003986.9808307,55.45101618766785,-9.329327534533345,-5.350750339446958,-0.8263568092256659,0.8973415421134172,0.23762590347355567,2,3,-13.682403697109796,1.999557805744267,-3.1497916262596846,-11.300868867780082,0.9236301254573502,0.06619158792082092,0,1
1789003987.030911,55.50109648704529,-9.299615139860384,-5.384605211747699,-0.8217053996117346,0.9019284949777632,0.2320713048090477,2,3,-13.682403697109796,1.999557805744267,-3.1497916262596846,-11.300868867780082,0.9293678375014102,0.05178923380212841,0,1
1789003987.079712,55.54989743232727,-9.270745605475074,-5.417987795820964,-0.8202073141991507,0.9069770395423793,0.23169742120577966,2,3,-13.682403697109796,1.999557805744267,-3.1497916262596846,-11.300868867780082,0.9280028902103481,0.055215417285765844,0,1
1789003987.0808523,55.55103778839111,-9.270095425541122,-5.418649593683139,-0.8201076209916659,0.9024503751237604,0.22818611102161526,2,3,-13.682403697109796,1.999557805744267,-3.1497916262596846,-11.300868867780082,0.9280028902103481,0.055215417285765844,0,1
1789003987.1308334,55.60101890563965,-9.239756170967796,-5.451983744095963,-0.8125825858638492,0.9011384835950692,0.22451576868795114,2,3,-13.682403697109796,1.999557805744267,-3.1497916262596846,-11.300868867780082,0.9281279942022961,0.054901391071159766,0,1
1789003987.1807191,55.65090465545654,-9.209381643860128,-5.485269165825276,-0.8066515082038264,0.9057741874016735,0.22425470060227234,2,3,-13.682403697109796,1.999557805744267,-3.1497916262596846,-11.300868867780082,0.930893767517442,0.047958964126258996,0,1
1789003987.1809142,55.65109968185425,-9.209330040445566,-5.485289457634933,-0.8068145739171687,0.9004616154393855,0.22069051612386256,2,3,-13.682403697109796,1.999557805744267,-3.1497916262596846,-11.300868867780082,0.930893767517442,0.047958964126258996,0,1
1789003987.2314568,55.70164227485657,-9.178860606046202,-5.519127648281656,-0.8048553275655932,0.9014149867802074,0.21585501694922962,2,3,-13.682403697109796,1.999557805744267,-3.1497916262596846,-11.300868867780082,0.9332558444391703,0.0420298641607868,0,1
1789003987.2818716,55.75205707550049,-9.147750501590508,-5.552393109646773,-0.7980701685728513,0.9056712413644896,0.2156284178815145,2,3,-13.682403697109796,1.999557805744267,-3.1497916262596846,-11.300868867780082,0.9337908446777208,0.04068694858223898,0,1
1789003987.332477,55.80266261100769,-9.116179342163386,-5.585450772709536,-0.790931444528248,0.9063046196034695,0.20819867112949902,2,3,-13.682403697109796,1.999557805744267,-3.1497916262596846,-11.300868867780082,0.9362715473814336,0.034460083495996496,0,1
1789003987.383258,55.85344362258911,-9.084272694474654,-5.6187515861668285,-0.7849909357806295,0.9104198416061129,0.2079376003756193,2,3,-13.682403697109796,1.999557805744267,-3.1497916262596846,-11.300868867780082,0.9391299879247506,0.027285050553257806,0,1
1789003987.4344156,55.904601097106934,-9.052226075978272,-5.652579822754751,-0.7830154180849008,0.9118697788924119,0.2003317531988838,2,3,-13.682403697109796,1.999557805744267,-3.1497916262596846,-11.300868867780082,0.9414447518912494,0.0214747118519244,0,1
1789003987.485104,55.95528960227966,-9.01982267102585,-5.685673443169503,-0.7766618775310193,0.9158459287532543,0.20011127066548043,2,3,-13.682403697109796,1.999557805744267,-3.1497916262596846,-11.300868867780082,0.9443175039841863,0.014263755181394444,0,1
1789003987.5359426,56.00612807273865,-8.986949401779947,-5.718754708128916,-0.7706208663760954,0.9199391885262198,0.1933504169799222,2,3,-13.682403697109796,1.999557805744267,-3.1497916262596846,-11.300868867780082,0.9444572085980002,0.013913079632549952,0,1
1789003987.5867426,56.0569281578064,-8.953896397777408,-5.751924314500422,-0.7656300401216589,0.9239303026403355,0.1930725916417112,2,3,-13.682403697109796,1.999557805744267,-3.1497916262596846,-11.300868867780082,0.9469670469711342,0.007613080477314793,0,1
1789003987.637919,56.10810446739197,-8.921138218375004,-5.785241460475821,-0.7646785470028671,0.914313878411824,0.18574221326586024,2,3,-13.682403697109796,1.999557805744267,-3.1497916262596846,-11.300868867780082,0.9488786049149408,0.002814837865330655,0,1
1789003987.6886244,56.15880990028381,-8.888062492241625,-5.817840144494901,-0.7591775529972363,0.9176432313022267,0.18551271051789897,2,3,-13.682403697109796,1.999557805744267,-3.1497916262596846,-11.300868867780082,0.9492719668722386,0.0018274515757572551,0,1
1789003987.739397,56.209582567214966,-8.85486030399521,-5.8500950452034495,-0.7538506222531663,0.9168013266315961,0.178877971089641,2,3,-13.682403697109796,1.999557805744267,-3.1497916262596846,-11.300868867780082,0.948743798326307,-0.0031532187760714425,0,1
1789003987.7906296,56.260815143585205,-8.821276591164715,-5.8832796295699605,-0.7527813659225746,0.9243856052172335,0.17402015666350484,2,3,-13.682403697109796,1.999557805744267,-3.1497916262596846,-11.300868867780082,0.9445355068929661,-0.013716541402271298,0,1
1789003987.8412583,56.31144380569458,-8.787338705680787,-5.915718908853367,-0.7470883356274995,0.9301889478637415,0.17122687105835682,2,3,-13.682403697109796,1.999557805744267,-3.1497916262596846,-11.300868867780082,0.9461316507710068,-0.00971002640475993,0,1
1789003987.8920884,56.362273931503296,-8.75292821591804,-5.948406846857876,-0.7427815009378939,0.9361496566307477,0.1673190246640284,2,3,-13.682403697109796,1.999557805744267,-3.1497916262596846,-11.300868867780082,0.9440048020386981,-0.01504867504456342,0,1
1789003987.9429104,56.41309595108032,-8.718227429089051,-5.981021806697592,-0.7378339833588444,0.9382088977003861,0.16495748253014458,2,3,-13.682403697109796,1.999557805744267,-3.1497916262596846,-11.300868867780082,0.9421171227669564,-0.019786979289421303,0,1
1789003987.994258,56.46444344520569,-8.683318543580766,-6.01433592395742,-0.7370245470547219,0.9415341146739472,0.16083512987959117,2,3,-13.682403697109796,1.999557805744267,-3.1497916262596846,-11.300868867780082,0.9402316897531511,-0.02451964515403371,0,1
1789003988.044825,56.515010595321655,-8.648282259819315,-6.046717961772096,-0.7316623806077037,0.9454846193019113,0.158291214277214,2,3,-13.682403697109796,1.999557805744267,-3.1497916262596846,-11.300868867780082,0.939856253659827,-0.02546203534780278,0,1
1789003988.0953906,56.56557607650757,-8.613112760390742,-6.079014164332533,-0.7276171422541966,0.945547012311726,0.15468484333592633,2,3,-13.682403697109796,1.999557805744267,-3.1497916262596846,-11.300868867780082,0.9378077122382201,-0.03060412312673466,0,1
1789003988.146106,56.616291522979736,-8.57792653245089,-6.111537902060857,-0.7252515333094794,0.9445984983881842,0.15193833807667098,2,3,-13.682403697109796,1.999557805744267,-3.1497916262596846,-11.300868867780082,0.9359907511083629,-0.03516491624621443,0,1
1789003988.1965435,56.66672897338867,-8.54265853850346,-6.143406748893748,-0.7210951291797802,0.943418480253428,0.14832862977110528,2,3,-13.682403697109796,1.999557805744267,-3.1497916262596846,-11.300868867780082,0.9351767679157565,-0.03720811292401183,0,1
1789003988.2470996,56.71728515625,-8.50711459642498,-6.175287566647995,-0.7166249041880826,0.9456450265206919,0.14622089284533107,2,3,-13.682403697109796,1.999557805744267,-3.1497916262596846,-11.300868867780082,0.9332972427913703,-0.04192594926862514,0,1
1789003988.297738,56.76792359352112,-8.471321119496109,-6.2072240056066,-0.7132589849633089,0.9488367558421261,0.1431407945084462,2,3,-13.682403697109796,1.999557805744267,-3.1497916262596846,-11.300868867780082,0.9314779281928064,-0.046492649880405024,0,1
1789003988.34858,56.81876540184021,-8.435417937909882,-6.239489474717317,-0.7114536156709617,0.9502988626260038,0.14059021803943794,2,3,-13.682403697109796,1.999557805744267,-3.1497916262596846,-11.300868867780082,0.9299336743956133,-0.05036891447254954,0,1
1789003988.3989985,56.8691840171814,-8.399454834018186,-6.271087218007037,-0.7077478698388054,0.9506952878278467,0.13724638967936117,2,3,-13.682403697109796,1.999557805744267,-3.1497916262596846,-11.300868867780082,0.9293089718123565,-0.05193699383133166,0,1
1789003988.4495747,56.91976022720337,-8.363200290359572,-6.302614961318707,-0.7036299036137087,0.9511856593377521,0.13591587563115262,2,3,-13.682403697109796,1.999557805744267,-3.1497916262596846,-11.300868867780082,0.927605490151983,-0.05621293969947572,0,1
1789003988.5001757,56.97036123275757,-8.32689134611241,-6.334133122232661,-0.7006113025688224,0.9514471586837682,0.13219384264393513,2,3,-13.682403697109796,1.999557805744267,-3.1497916262596846,-11.300868867780082,0.9259013340470003,-0.06049057850550532,0,1
1789003988.5509799,57.02116537094116,-8.290447756525666,-6.365885130801941,-0.6987865731487101,0.9526054677494475,0.13101803754187333,2,3,-13.682403697109796,1.999557805744267,-3.1497916262596846,-11.300868867780082,0.9245123404859591,-0.06397712104739006,0,1
1789003988.6014135,57.07159900665283,-8.25404919289503,-6.397012031777397,-0.6953669017094947,0.9504870231834458,0.12685728379595212,2,3,-13.682403697109796,1.999557805744267,-3.1497916262596846,-11.300868867780082,0.923808791092924,-0.06574311547525136,0,1
1789003988.6519961,57.12218165397644,-8.217484944585602,-6.427999369176651,-0.6915890733777381,0.9484200606780111,0.12571288997221294,2,3,-13.682403697109796,1.999557805744267,-3.1497916262596846,-11.300868867780082,0.9230909494616372,-0.06754498515702412,0,1
1789003988.7027955,57.17298102378845,-8.181067853341446,-6.459335015941084,-0.6910610901863197,0.9466822641481738,0.12185376066816356,2,3,-13.682403697109796,1.999557805744267,-3.1497916262596846,-11.300868867780082,0.9205102917719828,-0.07402274939826159,0,1
1789003988.7531981,57.22338366508484,-8.14460172462657,-6.489923430128312,-0.6873486803436931,0.9451237026418795,0.1205547500274439,2,3,-13.682403697109796,1.999557805744267,-3.1497916262596846,-11.300868867780082,0.920005481546446,-0.07528988437734196,0,1
1789003988.803787,57.273972511291504,-8.108095397052988,-6.520490636836426,-0.6846471419599356,0.9418407269533704,0.1169418882543538,2,3,-13.682403697109796,1.999557805744267,-3.1497916262596846,-11.300868867780082,0.918497392792404,-0.07907537031866174,0,1
1789003988.8543804,57.32456588745117,-8.071661063135787,-6.550836006020205,-0.6818928458938194,0.937771491751172,0.11588484623871682,2,3,-13.682403697109796,1.999557805744267,-3.1497916262596846,-11.300868867780082,0.9169282523491507,-0.08301410341508719,0,1
1789003988.905188,57.37537360191345,-8.035596194953627,-6.581414510088864,-0.6824006285769438,0.9308707487402794,0.11195148983891712,2,3,-13.682403697109796,1.999557805744267,-3.1497916262596846,-11.300868867780082,0.9158540550112175,-0.0857104692026116,0,1
1789003988.955589,57.425774574279785,-7.999472052247016,-6.611207269540115,-0.6791962348604051,0.9294205462485806,0.11061683009033477,2,3,-13.682403697109796,1.999557805744267,-3.1497916262596846,-11.300868867780082,0.9158582691153001,-0.08569989128952982,0,1
1789003989.0061958,57.47638130187988,-7.9631739494497396,-6.641104310859897,-0.6769116661427528,0.9297211256679746,0.10688847153805714,2,3,-13.682403697109796,1.999557805744267,-3.1497916262596846,-11.300868867780082,0.9144693935093146,-0.08918613774989848,0,1
1789003989.0308335,57.50101900100708,-7.9452881405845375,-6.6554791386834795,-0.6743382355356501,0.9314494222337295,0.10592780207098125,2,3,-13.682403697109796,1.999557805744267,-3.1497916262596846,-11.300868867780082,0.913009073648516,-0.09285171796728753,0,1
1789003989.0569987,57.52718424797058,-7.926709087416583,-6.671262577869,-0.6757904888689183,0.9317074046024869,0.1043370552816265,2,3,-13.682403697109796,1.999557805744267,-3.1497916262596846,-11.300868867780082,0.9126906122317645,-0.09365109480285838,0,1
1789003989.1075392,57.57772469520569,-7.890272460749961,-6.700924330637191,-0.6731031937901367,0.9296895541040952,0.10191667562918584,2,3,-13.682403697109796,1.999557805744267,-3.1497916262596846,-11.300868867780082,0.9126906122317645,-0.09365109480285838,0,1
1789003989.130919,57.601104497909546,-7.873335495845585,-6.714422055173801,-0.6707770922248866,0.9267409176241015,0.10097853017528984,2,3,-13.682403697109796,1.999557805744267,-3.1497916262596846,-11.300868867780082,0.9112870800122955,-0.09717413114322582,0,1
1789003989.1581197,57.628305196762085,-7.853850745251369,-6.730392181683189,-0.6704188788704992,0.9261776936838239,0.09979048712514682,2,3,-13.682403697109796,1.999557805744267,-3.1497916262596846,-11.300868867780082,0.9099608278534563,-0.10050318514517043,0,1
1789003989.2087073,57.678892850875854,-7.817463734413956,-6.759811292696298,-0.6684063105481197,0.9249391694200397,0.09775722497200244,2,3,-13.682403697109796,1.999557805744267,-3.1497916262596846,-11.300868867780082,0.9099608278534563,-0.10050318514517043,0,1
1789003989.2308316,57.70101714134216,-7.80134241942771,-6.772546912184391,-0.6662951844483516,0.928238257206774,0.09693202043328218,2,3,-13.682403697109796,1.999557805744267,-3.1497916262596846,-11.300868867780082,0.9088409328099943,-0.1033142577239008,0,1
1789003989.2594569,57.729642391204834,-7.7809752678798345,-6.789633258111227,-0.6683825206047853,0.9286747055911028,0.09533331157711258,2,3,-13.682403697109796,1.999557805744267,-3.1497916262596846,-11.300868867780082,0.9086449176668673,-0.1038062795406568,0,1
1789003989.3098922,57.78007769584656,-7.744261235578996,-6.819127119536293,-0.6662334734902446,0.9337387728562344,0.09418032326210275,2,3,-13.682403697109796,1.999557805744267,-3.1497916262596846,-11.300868867780082,0.9086449176668673,-0.1038062795406568,0,1
1789003989.3308861,57.801071643829346,-7.7288556385499465,-6.831234527713187,-0.6644034713130723,0.9332202233348473,0.09200071645058779,2,3,-13.682403697109796,1.999557805744267,-3.1497916262596846,-11.300868867780082,0.9075124416124213,-0.10664893198501524,0,1
1789003989.360501,57.83068656921387,-7.707371806028083,-6.848615715785074,-0.6642748170908083,0.9331867758560457,0.09076752883380317,2,3,-13.682403697109796,1.999557805744267,-3.1497916262596846,-11.300868867780082,0.9061965822536199,-0.10995189879658163,0,1
1789003989.4111912,57.88137674331665,-7.670546722809985,-6.878043843374088,-0.6627353140515613,0.9304867928336926,0.0898187263722446,2,3,-13.682403697109796,1.999557805744267,-3.1497916262596846,-11.300868867780082,0.9061965822536199,-0.10995189879658163,0,1
1789003989.4309094,57.901094913482666,-7.65612792570042,-6.889294224300476,-0.6611013991048891,0.9287037773487927,0.08784399724398403,2,3,-13.682403697109796,1.999557805744267,-3.1497916262596846,-11.300868867780082,0.9054900404744282,-0.11172540447714374,0,1
1789003989.462133,57.932318449020386,-7.63369686355978,-6.90766806715441,-0.6625557494356933,0.9284834745921572,0.0863117880854543,2,3,-13.682403697109796,1.999557805744267,-3.1497916262596846,-11.300868867780082,0.9051315570106977,-0.11262524151160913,0,1
1789003989.512622,57.982807636260986,-7.5971622768519484,-6.93660097331933,-0.6605322254228138,0.9237096969177249,0.08522786824920718,2,3,-13.682403697109796,1.999557805744267,-3.1497916262596846,-11.300868867780082,0.9051315570106977,-0.11262524151160913,0,1
1789003989.5308948,58.00108027458191,-7.583981353625843,-6.946829445606875,-0.6591088520951361,0.9165053381996505,0.08318052074751502,2,3,-13.682403697109796,1.999557805744267,-3.1497916262596846,-11.300868867780082,0.9040717172620115,-0.11528556800628664,0,1
1789003989.5632844,58.033469915390015,-7.560751450980811,-6.965260380321084,-0.6584753791174383,0.9149671996023545,0.0820661791542964,2,3,-13.682403697109796,1.999557805744267,-3.1497916262596846,-11.300868867780082,0.9025729779846935,-0.11904758562546547,0,1
1789003989.6139727,58.084158182144165,-7.524625098918486,-6.993983442023599,-0.6581634349452521,0.9107844837098027,0.08118304187451365,2,3,-13.682403697109796,1.999557805744267,-3.1497916262596846,-11.300868867780082,0.9025729779846935,-0.11904758562546547,0,1
1789003989.630885,58.101070404052734,-7.512519388372539,-7.003332827393194,-0.6569189211278702,0.9068567975519958,0.07900683242774602,2,3,-13.682403697109796,1.999557805744267,-3.1497916262596846,-11.300868867780082,0.9025296981829357,-0.11915622318453367,0,1
1789003989.6644306,58.1346161365509,-7.48864563069108,-7.0221445954266954,-0.6562138152202942,0.9055034815053483,0.0778718769816011,2,3,-13.682403697109796,1.999557805744267,-3.1497916262596846,-11.300868867780082,0.9016538147056429,-0.1213547970951474,0,1
1789003989.7150283,58.185213804244995,-7.452589301856542,-7.050360849404685,-0.654691097241222,0.9045353180482247,0.07702913833673403,2,3,-13.682403697109796,1.999557805744267,-3.1497916262596846,-11.300868867780082,0.9016538147056429,-0.1213547970951474,0,1
1789003989.7308395,58.20102500915527,-7.44126013882314,-7.05905527418992,-0.6535858370424783,0.9037419545846033,0.07530995037699928,2,3,-13.682403697109796,1.999557805744267,-3.1497916262596846,-11.300868867780082,0.9003625684124951,-0.12459598212248191,0,1
1789003989.7656565,58.23584198951721,-7.416537547275435,-7.078491308014635,-0.6533674072318673,0.9027862906851654,0.0742527063566988,2,3,-13.682403697109796,1.999557805744267,-3.1497916262596846,-11.300868867780082,0.8991107766224672,-0.12773813155494063,0,1
1789003989.8169072,58.28709268569946,-7.380227879686603,-7.107128377256449,-0.653713568378826,0.9018739101595296,0.07342393535147791,2,3,-13.682403697109796,1.999557805744267,-3.1497916262596846,-11.300868867780082,0.8991107766224672,-0.12773813155494063,0,1
1789003989.8308876,58.30107307434082,-7.370247705586626,-7.114766774411467,-0.6528100115125994,0.9002241551012101,0.07125580074164076,2,3,-13.682403697109796,1.999557805744267,-3.1497916262596846,-11.300868867780082,0.8993337348189703,-0.12717847940177474,0,1
1789003989.8676054,58.337790966033936,-7.344203454397341,-7.135082781166709,-0.6521622742243621,0.8990107062420623,0.07010451066760574,2,3,-13.682403697109796,1.999557805744267,-3.1497916262596846,-11.300868867780082,0.8986675695722995,-0.12885063508167716,0,1
1789003989.9182837,58.388469219207764,-7.308290527201562,-7.16294941761872,-0.6509704092181209,0.8967586954597128,0.06927518606506917,2,3,-13.682403697109796,1.999557805744267,-3.1497916262596846,-11.300868867780082,0.8986675695722995,-0.12885063508167716,0,1
1789003989.930833,58.40101861953735,-7.299348697728166,-7.169758481454192,-0.6502084646077494,0.8962107340213272,0.06755987445360977,2,3,-13.682403697109796,1.999557805744267,-3.1497916262596846,-11.300868867780082,0.8974377400500518,-0.1319376565545256,0,1
1789003989.968831,58.439016580581665,-7.272480040984093,-7.19064870045006,-0.649852467927219,0.8951647502586909,0.06651977612351084,2,3,-13.682403697109796,1.999557805744267,-3.1497916262596846,-11.300868867780082,0.8962098974335378,-0.13501969065265784,0,1
1789003990.0196505,58.48983597755432,-7.236517980152008,-7.218755549078744,-0.6503044850820726,0.8969971541171573,0.06572926619689645,2,3,-13.682403697109796,1.999557805744267,-3.1497916262596846,-11.300868867780082,0.8962098974335378,-0.13501969065265784,0,1
1789003990.0309157,58.50110125541687,-7.228402673598654,-7.2249263531820755,-0.6496762132189718,0.900462609442722,0.06364857634702388,2,3,-13.682403697109796,1.999557805744267,-3.1497916262596846,-11.300868867780082,0.8964798170071684,-0.13434215973909158,0,1
1789003990.0700765,58.54026198387146,-7.200511234066718,-7.246486226958349,-0.6489564394681181,0.8999326984718129,0.06358620941889472,2,3,-13.682403697109796,1.999557805744267,-3.1497916262596846,-11.300868867780082,0.8961592812578375,-0.13514674340137933,0,1
1789003990.120647,58.590832471847534,-7.164395234854974,-7.274293667741305,-0.6479580795714043,0.9005733610436809,0.062390013892694864,2,3,-13.682403697109796,1.999557805744267,-3.1497916262596846,-11.300868867780082,0.8961592812578375,-0.13514674340137933,0,1
1789003990.130919,58.601104497909546,-7.157026159704228,-7.2798688063505805,-0.6474461592253844,0.9000896247968018,0.060379213133420956,2,3,-13.682403697109796,1.999557805744267,-3.1497916262596846,-11.300868867780082,0.8941255578511635,-0.14025163616307124,0,1
1789003990.1713665,58.64155197143555,-7.1283306357135165,-7.302261039173625,-0.6483045446055541,0.8995782629151877,0.06025240168990779,2,3,-13.682403697109796,1.999557805744267,-3.1497916262596846,-11.300868867780082,0.8938150584633539,-0.1410310273389499,0,1
1789003990.2218304,58.69201588630676,-7.092269672746504,-7.32983199317527,-0.6467608181944381,0.8991349193533332,0.058852769733784754,2,3,-13.682403697109796,1.999557805744267,-3.1497916262596846,-11.300868867780082,0.8938150584633539,-0.1410310273389499,0,1
1789003990.2308335,58.701019048690796,-7.08579370165254,-7.3347181813893565,-0.6463612739212047,0.8997792913431799,0.05677695441599927,2,3,-13.682403697109796,1.999557805744267,-3.1497916262596846,-11.300868867780082,0.8935164223233998,-0.14178064032183046,0,1
1789003990.2723837,58.74256920814514,-7.05612490950712,-7.357449980478432,-0.6457032202841959,0.899292394373417,0.056708157104629744,2,3,-13.682403697109796,1.999557805744267,-3.1497916262596846,-11.300868867780082,0.8930846746689729,-0.14286437937342822,0,1
1789003990.280825,58.75101041793823,-7.05003366378417,-7.362038987837794,-0.6452863884131892,0.900495192329248,0.05569573855577188,2,3,-13.682403697109796,1.999557805744267,-3.1497916262596846,-11.300868867780082,0.8930846746689729,-0.14286437937342822,0,1
1789003990.3309042,58.80108976364136,-7.014194467680902,-7.389417187959988,-0.644579460459256,0.9006431555058788,0.0537900139235218,2,3,-13.682403697109796,1.999557805744267,-3.1497916262596846,-11.300868867780082,0.8911407504339783,-0.14774386530742267,0,1
1789003990.3736966,58.84388208389282,-6.983672529069646,-7.412937525057549,-0.6450437057925226,0.9002237698956964,0.053680532814478335,2,3,-13.682403697109796,1.999557805744267,-3.1497916262596846,-11.300868867780082,0.891472376102305,-0.14691144460150152,0,1
1789003990.3808336,58.85101914405823,-6.9785220884155805,-7.416809683734568,-0.6447220730622716,0.900854685774326,0.05251646671168239,2,3,-13.682403697109796,1.999557805744267,-3.1497916262596846,-11.300868867780082,0.891472376102305,-0.14691144460150152,0,1
1789003990.430806,58.900991439819336,-6.9426496929476835,-7.444007268204337,-0.6433714423489665,0.9008314979091562,0.05065702513117342,2,3,-13.682403697109796,1.999557805744267,-3.1497916262596846,-11.300868867780082,0.8904877357731912,-0.14938301141951982,0,1
1789003990.4747272,58.94491267204285,-6.91114432821644,-7.467927801430565,-0.6426098992557502,0.9004494396205183,0.05059773810839474,2,3,-13.682403697109796,1.999557805744267,-3.1497916262596846,-11.300868867780082,0.8901459848467578,-0.15024084775307756,0,1
1789003990.4809134,58.951098918914795,-6.9066040666435935,-7.471328008442315,-0.6423490605961999,0.9042529185588075,0.04972387093008522,2,3,-13.682403697109796,1.999557805744267,-3.1497916262596846,-11.300868867780082,0.8901459848467578,-0.15024084775307756,0,1
1789003990.5308337,59.00101923942566,-6.870545273839164,-7.498654516854074,-0.641670988062794,0.9083065742200906,0.04806945850773479,2,3,-13.682403697109796,1.999557805744267,-3.1497916262596846,-11.300868867780082,0.8879348260083767,-0.1557911249992162,0,1
1789003990.5762014,59.04638695716858,-6.83782085023884,-7.523699385800176,-0.6423456267963209,0.9082714231067682,0.0479569144288648,2,3,-13.682403697109796,1.999557805744267,-3.1497916262596846,-11.300868867780082,0.8884072642508998,-0.15460524762932026,0,1
1789003990.5809386,59.05112409591675,-6.834304518359193,-7.526328916178028,-0.6421728629123665,0.9116659587241552,0.046886372308632934,2,3,-13.682403697109796,1.999557805744267,-3.1497916262596846,-11.300868867780082,0.8884072642508998,-0.15460524762932026,0,1
1789003990.6308336,59.10101914405823,-6.797982684600236,-7.553785009703072,-0.6413935498292226,0.9133706631343113,0.0450679936015883,2,3,-13.682403697109796,1.999557805744267,-3.1497916262596846,-11.300868867780082,0.8875508546415146,-0.15675493976623844,0,1
1789003990.6772132,59.147398710250854,-6.764199333454575,-7.579350577762059,-0.6409686040991113,0.9135583642761387,0.045000954477783156,2,3,-13.682403697109796,1.999557805744267,-3.1497916262596846,-11.300868867780082,0.887324538241487,-0.15732302141812937,0,1
1789003990.6808927,59.15107822418213,-6.761491322025126,-7.5813695789093,-0.6408531571473324,0.9142186594475941,0.044128941026304415,2,3,-13.682403697109796,1.999557805744267,-3.1497916262596846,-11.300868867780082,0.887324538241487,-0.15732302141812937,0,1
1789003990.7309103,59.20109581947327,-6.725153738626728,-7.609065097705823,-0.6416585485967242,0.9126231692763045,0.04202120737867166,2,3,-13.682403697109796,1.999557805744267,-3.1497916262596846,-11.300868867780082,0.8864739082171115,-0.15945820609469996,0,1
1789003990.7783923,59.24857783317566,-6.690566748319176,-7.635176737522058,-0.6410134825402612,0.9127605444471183,0.04196647203740224,2,3,-13.682403697109796,1.999557805744267,-3.1497916262596846,-11.300868867780082,0.8863703556075845,-0.15971813572185256,0,1
1789003990.7808633,59.25104880332947,-6.688830942660985,-7.636467353632,-0.6409581049284806,0.9090346934444623,0.04107065314407328,2,3,-13.682403697109796,1.999557805744267,-3.1497916262596846,-11.300868867780082,0.8863703556075845,-0.15971813572185256,0,1
1789003990.8309517,59.3011372089386,-6.652530714907928,-7.663813168739749,-0.6403458801855322,0.9056551237095355,0.03948640691005716,2,3,-13.682403697109796,1.999557805744267,-3.1497916262596846,-11.300868867780082,0.8842110413626865,-0.1651382767414349,0,1
1789003990.8796241,59.349809646606445,-6.617332884388236,-7.6903426505971755,-0.6399323229576739,0.9054625114230859,0.039426653825012356,2,3,-13.682403697109796,1.999557805744267,-3.1497916262596846,-11.300868867780082,0.8847374538033194,-0.16381691757871242,0,1
1789003990.8808067,59.35099220275879,-6.616562134545481,-7.690912461288973,-0.6399287617217629,0.9008035305871736,0.03865867356571864,2,3,-13.682403697109796,1.999557805744267,-3.1497916262596846,-11.300868867780082,0.8847374538033194,-0.16381691757871242,0,1
1789003990.9308336,59.40101909637451,-6.580712744096067,-7.7181495980412835,-0.6407699873033793,0.8990656839008203,0.03738815009113641,2,3,-13.682403697109796,1.999557805744267,-3.1497916262596846,-11.300868867780082,0.8839991041510096,-0.1656702648841052,0,1
1789003990.9808643,59.4510498046875,-6.544789604953169,-7.74520045581176,-0.6402167696172733,0.8985790673784454,0.037321202194444895,2,3,-13.682403697109796,1.999557805744267,-3.1497916262596846,-11.300868867780082,0.8837927433295448,-0.16618825561004924,0,1
1789003991.0314233,59.50160884857178,-6.508637891772923,-7.772395552392056,-0.6398847327376013,0.8943213903329557,0.035070936535566734,2,3,-13.682403697109796,1.999557805744267,-3.1497916262596846,-11.300868867780082,0.8830107185370748,-0.16815123282191735,0,1
1789003991.082376,59.55256152153015,-6.472335903279583,-7.7999122557656175,-0.6405880043345733,0.8936447719075491,0.03493380096860467,2,3,-13.682403697109796,1.999557805744267,-3.1497916262596846,-11.300868867780082,0.8814460502021298,-0.17207874038331794,0,1
1789003991.1328595,59.60304498672485,-6.436536060746758,-7.826770245581947,-0.639949552725383,0.8859880309083964,0.03250497178216845,2,3,-13.682403697109796,1.999557805744267,-3.1497916262596846,-11.300868867780082,0.8819519218525527,-0.17080894109885558,0,1
1789003991.183431,59.653616428375244,-6.400718006200845,-7.853646999857825,-0.6394039624462692,0.8849830650791523,0.03244130406986906,2,3,-13.682403697109796,1.999557805744267,-3.1497916262596846,-11.300868867780082,0.8810481448516527,-0.1730775311416004,0,1
1789003991.2339795,59.70416498184204,-6.365017188252909,-7.880410733968017,-0.6390614960585449,0.8820103432967642,0.03046709219341432,2,3,-13.682403697109796,1.999557805744267,-3.1497916262596846,-11.300868867780082,0.8802170625414805,-0.17516364868130396,0,1
1789003991.28484,59.75502562522888,-6.329225408106708,-7.907408648990931,-0.6395544082123568,0.8809047770309256,0.03035033597300443,2,3,-13.682403697109796,1.999557805744267,-3.1497916262596846,-11.300868867780082,0.8793784981033277,-0.17726854727099928,0,1
1789003991.3353977,59.805583238601685,-6.293716532378407,-7.934047186316444,-0.6393982822598554,0.8780847522342394,0.028202428113562477,2,3,-13.682403697109796,1.999557805744267,-3.1497916262596846,-11.300868867780082,0.878989928086209,-0.17824390520870592,0,1
1789003991.3861046,59.856290102005005,-6.258130219738949,-7.960757579018511,-0.6392642336829755,0.8769016292226949,0.028126556554122047,2,3,-13.682403697109796,1.999557805744267,-3.1497916262596846,-11.300868867780082,0.8781851370248714,-0.18026402852056556,0,1
1789003991.4367082,59.906893730163574,-6.2226279170642025,-7.987407782447185,-0.6393494525964258,0.8768796612320271,0.026191546022474286,2,3,-13.682403697109796,1.999557805744267,-3.1497916262596846,-11.300868867780082,0.8774754682189938,-0.1820453834179102,0,1
1789003991.4877465,59.957931995391846,-6.18699384540503,-8.014440274189278,-0.640754963268159,0.8757452515146581,0.026034381204920496,2,3,-13.682403697109796,1.999557805744267,-3.1497916262596846,-11.300868867780082,0.8760441699751439,-0.18563811585186552,0,1
1789003991.5381668,60.008352279663086,-6.151377318468193,-8.041228202766154,-0.6408424258325082,0.8833026868951247,0.0236903619643063,2,3,-13.682403697109796,1.999557805744267,-3.1497916262596846,-11.300868867780082,0.8766763890573338,-0.18405116916782593,0,1
1789003991.588746,60.05893158912659,-6.115694200705131,-8.0680830565066,-0.6408990652259937,0.8825936914425204,0.023617029838408424,2,3,-13.682403697109796,1.999557805744267,-3.1497916262596846,-11.300868867780082,0.8759925739283849,-0.1857676281959566,0,1
1789003991.6396155,60.109801054000854,-6.079984850796924,-8.095104963208248,-0.6418875960985352,0.8790539852803803,0.02136039678651583,2,3,-13.682403697109796,1.999557805744267,-3.1497916262596846,-11.300868867780082,0.8753253475593165,-0.1874424474219587,0,1
1789003991.6900725,60.160258054733276,-6.044566717037968,-8.121730699755721,-0.6417590167364082,0.8775899372614628,0.019969320649157647,2,3,-13.682403697109796,1.999557805744267,-3.1497916262596846,-11.300868867780082,0.8749677543159837,-0.18834004989510145,0,1
1789003991.740701,60.21088647842407,-6.00908490824935,-8.148466667258408,-0.6419588280145923,0.8773576641047558,0.01918985317597377,2,3,-13.682403697109796,1.999557805744267,-3.1497916262596846,-11.300868867780082,0.8741728618603772,-0.19033532650431595,0,1
1789003991.7912853,60.261470794677734,-5.97362444453394,-8.175192006178156,-0.6422158332797677,0.8776467661975368,0.01810206761224516,2,3,-13.682403697109796,1.999557805744267,-3.1497916262596846,-11.300868867780082,0.873450392609337,-0.19214881207372891,0,1
1789003991.8420336,60.31221914291382,-5.938207833880371,-8.202131894117585,-0.6436316437584516,0.8760512521771668,0.017115154545277858,2,3,-13.682403697109796,1.999557805744267,-3.1497916262596846,-11.300868867780082,0.8727625529897204,-0.19387537306224034,0,1
1789003991.892461,60.36264657974243,-5.903045242541976,-8.228732565810716,-0.6440417112010954,0.87357139055742,0.015823349433132607,2,3,-13.682403697109796,1.999557805744267,-3.1497916262596846,-11.300868867780082,0.8725490100707898,-0.194411391725143,0,1
1789003991.943064,60.413249492645264,-5.867848044454822,-8.25544355882791,-0.6447554036963812,0.8727277719742794,0.014978618663287755,2,3,-13.682403697109796,1.999557805744267,-3.1497916262596846,-11.300868867780082,0.8719024066096623,-0.19603444494740607,0,1
1789003991.993676,60.4638614654541,-5.832672963989549,-8.282154953143989,-0.6454420502820994,0.8722851669783367,0.01377300286964323,2,3,-13.682403697109796,1.999557805744267,-3.1497916262596846,-11.300868867780082,0.8713436759184174,-0.19743692684445824,0,1
1789003992.0445342,60.51471972465515,-5.797447830158035,-8.309110909745206,-0.6469594796375479,0.8718678806282781,0.012739323322371519,2,3,-13.682403697109796,1.999557805744267,-3.1497916262596846,-11.300868867780082,0.8707915122354645,-0.19882292475308494,0,1
1789003992.094978,60.56516361236572,-5.762419428579292,-8.335745304475637,-0.6473277077856602,0.8720674958334309,0.011426198571656145,2,3,-13.682403697109796,1.999557805744267,-3.1497916262596846,-11.300868867780082,0.8706055685127614,-0.1992896660813277,0,1
1789003992.1455343,60.61571979522705,-5.727338366783646,-8.36246278148603,-0.6478023545293949,0.8722400151050512,0.010664708024458312,2,3,-13.682403697109796,1.999557805744267,-3.1497916262596846,-11.300868867780082,0.8698854418581491,-0.20109727144918021,0,1
1789003992.196292,60.66647744178772,-5.6921614364516415,-8.38938844654539,-0.6489103811518899,0.8724963984675775,0.009453256436006845,2,3,-13.682403697109796,1.999557805744267,-3.1497916262596846,-11.300868867780082,0.8691835446185824,-0.2028591187711697,0,1
1789003992.2467334,60.7169189453125,-5.6571818243121355,-8.416090791937673,-0.6493662725850213,0.8722754137713657,0.008694860181460713,2,3,-13.682403697109796,1.999557805744267,-3.1497916262596846,-11.300868867780082,0.8687638260347621,-0.20391266339452396,0,1
1789003992.2973337,60.76751923561096,-5.6221008760503395,-8.442883133792991,-0.6498409765234243,0.8720712043043402,0.007664759113621179,2,3,-13.682403697109796,1.999557805744267,-3.1497916262596846,-11.300868867780082,0.8679976472965131,-0.20583586508567553,0,1
1789003992.347936,60.81812143325806,-5.5870763911491474,-8.469707017087371,-0.6505490707428915,0.8715314360089722,0.0070046159396598496,2,3,-13.682403697109796,1.999557805744267,-3.1497916262596846,-11.300868867780082,0.8672395774451708,-0.207738712485806,0,1
1789003992.3987515,60.86893701553345,-5.551994222149861,-8.496715130905194,-0.6518203601938627,0.8709247947912168,0.005929801890872648,2,3,-13.682403697109796,1.999557805744267,-3.1497916262596846,-11.300868867780082,0.8665507375079468,-0.20946778439300795,0,1
1789003992.4491713,60.91935682296753,-5.5171674936596755,-8.523453979993434,-0.6524017711325084,0.8706709183403182,0.005234611621132018,2,3,-13.682403697109796,1.999557805744267,-3.1497916262596846,-11.300868867780082,0.8661298189272026,-0.21052434115439,0,1
1789003992.4997642,60.96994972229004,-5.4822158526848845,-8.550304299731161,-0.652968482385719,0.8709053983875895,0.004296729882553451,2,3,-13.682403697109796,1.999557805744267,-3.1497916262596846,-11.300868867780082,0.8653553049723329,-0.212468465251634,0,1
1789003992.5504482,61.020633697509766,-5.447239138651265,-8.577269537347188,-0.6538445084887652,0.8711091082805531,0.0039155143046360075,2,3,-13.682403697109796,1.999557805744267,-3.1497916262596846,-11.300868867780082,0.8645620961197921,-0.21445951581266742,0,1
1789003992.6012232,61.07140874862671,-5.412291731178849,-8.60435707083465,-0.6552528247072231,0.8704462001088279,0.0026251459967324,2,3,-13.682403697109796,1.999557805744267,-3.1497916262596846,-11.300868867780082,0.8638544445673778,-0.21623580715880852,0,1
1789003992.6516309,61.12181639671326,-5.377639165611103,-8.631205451052132,-0.656232715361632,0.8693143602264469,0.002193794340196733,2,3,-13.682403697109796,1.999557805744267,-3.1497916262596846,-11.300868867780082,0.863383774541616,-0.21741724608987067,0,1
1789003992.7022245,61.172410011291504,-5.342892613808665,-8.658153182091313,-0.6571632977212937,0.8688552717714463,0.0009243796336454074,2,3,-13.682403697109796,1.999557805744267,-3.1497916262596846,-11.300868867780082,0.8626973130365493,-0.21914034784347958,0,1
1789003992.7529778,61.22316336631775,-5.308062668040189,-8.685498153692464,-0.659436555692102,0.8723077321839644,0.0005186091262237068,2,3,-13.682403697109796,1.999557805744267,-3.1497916262596846,-11.300868867780082,0.8619331642678251,-0.22105845406456837,0,1
1789003992.8034365,61.273622035980225,-5.273115062337259,-8.712755397282846,-0.6603662120262818,0.8784107430974242,-0.0010877049254150331,2,3,-13.682403697109796,1.999557805744267,-3.1497916262596846,-11.300868867780082,0.8617624450617466,-0.22148698000695166,0,1
1789003992.8540444,61.32422995567322,-5.238029600688542,-8.740238785472764,-0.6615948481997169,0.8806613495028439,-0.0015137678879773612,2,3,-13.682403697109796,1.999557805744267,-3.1497916262596846,-11.300868867780082,0.8614333806517002,-0.2223129716435056,0,1
1789003992.904658,61.37484359741211,-5.202876553772571,-8.7678056850344,-0.6627087859921064,0.8826105648553222,-0.00281327421472765,2,3,-13.682403697109796,1.999557805744267,-3.1497916262596846,-11.300868867780082,0.860328958337897,-0.2250852057915136,0,1
1789003992.9555018,61.425687313079834,-5.167672067219834,-8.795661432119319,-0.664670653922932,0.8829707235027142,-0.0032063468830335175,2,3,-13.682403697109796,1.999557805744267,-3.1497916262596846,-11.300868867780082,0.8594990279524034,-0.22716843186036373,0,1
1789003993.0059214,61.47610688209534,-5.1327340603906535,-8.823167336785279,-0.6655523627508863,0.8818875606750228,-0.004662278744234805,2,3,-13.682403697109796,1.999557805744267,-3.1497916262596846,-11.300868867780082,0.8591848330709363,-0.22795709917416784,0,1
1789003993.0309048,61.50109028816223,-5.115439112872759,-8.836744890453012,-0.6656890988473314,0.8802099090547947,-0.0050015170325684805,2,3,-13.682403697109796,1.999557805744267,-3.1497916262596846,-11.300868867780082,0.8584747894931443,-0.22973939479453642,0,1
1789003993.0568774,61.52706289291382,-5.097567489651382,-8.85099764671398,-0.6668971616816661,0.8800536757875531,-0.005464825816875831,2,3,-13.682403697109796,1.999557805744267,-3.1497916262596846,-11.300868867780082,0.857494577006479,-0.23219984719021458,0,1
1789003993.1079035,61.578088998794556,-5.062503647871498,-8.879001796814649,-0.6691197018073752,0.8793927808362109,-0.0064202966973601035,2,3,-13.682403697109796,1.999557805744267,-3.1497916262596846,-11.300868867780082,0.857494577006479,-0.23219984719021458,0,1
1789003993.130837,61.601022481918335,-5.046760860262537,-8.89145214185391,-0.6692901391421735,0.8756931390860168,-0.006843662056548617,2,3,-13.682403697109796,1.999557805744267,-3.1497916262596846,-11.300868867780082,0.8570992329263196,-0.23319220884891423,0,1
1789003993.158346,61.62853145599365,-5.027968622957528,-8.906504462388229,-0.6704068503882509,0.8750710582693358,-0.007356122517365302,2,3,-13.682403697109796,1.999557805744267,-3.1497916262596846,-11.300868867780082,0.8563060567008768,-0.23518317751196915,0,1
1789003993.208892,61.67907762527466,-4.993598361406547,-8.93391020145248,-0.6715392863343795,0.8693764618458528,-0.00815025961711281,2,3,-13.682403697109796,1.999557805744267,-3.1497916262596846,-11.300868867780082,0.8563060567008768,-0.23518317751196915,0,1
1789003993.2308564,61.70104193687439,-4.978727208702521,-8.945730517405234,-0.6717368914797298,0.8654196408678345,-0.008456007527873531,2,3,-13.682403697109796,1.999557805744267,-3.1497916262596846,-11.300868867780082,0.8554300536652863,-0.23738205152843095,0,1
1789003993.2594316,61.72961711883545,-4.959480828358991,-8.961229397727516,-0.672941775980873,0.8644069699220667,-0.0088832710600331,2,3,-13.682403697109796,1.999557805744267,-3.1497916262596846,-11.300868867780082,0.8545950135865223,-0.23947810354800037,0,1
1789003993.3101947,61.78038024902344,-4.925488953666563,-8.988666291011311,-0.6750032519949869,0.8603283755825079,-0.009228890237653085,2,3,-13.682403697109796,1.999557805744267,-3.1497916262596846,-11.300868867780082,0.8545950135865223,-0.23947810354800037,0,1
1789003993.3308625,61.801048040390015,-4.911639189609582,-8.999750660279974,-0.6752483365192576,0.8588789665927298,-0.010116396900564942,2,3,-13.682403697109796,1.999557805744267,-3.1497916262596846,-11.300868867780082,0.854072439197264,-0.2407898287356125,0,1
1789003993.3607066,61.83089208602905,-4.891713243101002,-9.01585621629187,-0.6762921375295142,0.8581403016442224,-0.010568014392523946,2,3,-13.682403697109796,1.999557805744267,-3.1497916262596846,-11.300868867780082,0.8531089578385503,-0.2432082839680112,0,1
1789003993.411415,61.88160061836243,-4.857827851498438,-9.04316467291311,-0.6773708328712275,0.8577067130906539,-0.010897744255468505,2,3,-13.682403697109796,1.999557805744267,-3.1497916262596846,-11.300868867780082,0.8531089578385503,-0.2432082839680112,0,1
1789003993.4308624,61.90104794502258,-4.844818093002288,-9.053628037969528,-0.6776240893735048,0.8581062072560787,-0.011509909710625613,2,3,-13.682403697109796,1.999557805744267,-3.1497916262596846,-11.300868867780082,0.8521354411174551,-0.2456519291788577,0,1
1789003993.4619799,61.9321653842926,-4.8241352181889505,-9.07050671155629,-0.6791278043289727,0.8575969657164061,-0.011929924316370214,2,3,-13.682403697109796,1.999557805744267,-3.1497916262596846,-11.300868867780082,0.850757642275121,-0.24911037161710492,0,1
1789003993.512917,61.983102560043335,-4.790285101374115,-9.098301558284717,-0.6819441372930024,0.8591194514264676,-0.012278952937869975,2,3,-13.682403697109796,1.999557805744267,-3.1497916262596846,-11.300868867780082,0.850757642275121,-0.24911037161710492,0,1
1789003993.5308566,62.00104212760925,-4.778255471469662,-9.108064460653395,-0.6822234227661369,0.8619526447156171,-0.013277172517446626,2,3,-13.682403697109796,1.999557805744267,-3.1497916262596846,-11.300868867780082,0.8509009732491413,-0.24875059346369388,0,1
1789003993.5633945,62.03358006477356,-4.756596885095069,-9.125890453068257,-0.6838049559231597,0.8619997519863439,-0.01383756140485571,2,3,-13.682403697109796,1.999557805744267,-3.1497916262596846,-11.300868867780082,0.8501320996456097,-0.25068055959401625,0,1
1789003993.6139789,62.08416438102722,-4.72283789438543,-9.153584313068993,-0.6853688878432892,0.8627268341746565,-0.014237759581874506,2,3,-13.682403697109796,1.999557805744267,-3.1497916262596846,-11.300868867780082,0.8501320996456097,-0.25068055959401625,0,1
1789003993.6308892,62.10107469558716,-4.71155345159744,-9.162809931540545,-0.6856605939390398,0.8619622204808908,-0.015016543161644356,2,3,-13.682403697109796,1.999557805744267,-3.1497916262596846,-11.300868867780082,0.8491620631517496,-0.2531154690118026,0,1
1789003993.664805,62.13499045372009,-4.689157528907116,-9.181591818012075,-0.6883991878214416,0.8614458074723107,-0.015727252167833338,2,3,-13.682403697109796,1.999557805744267,-3.1497916262596846,-11.300868867780082,0.8481816127286371,-0.25557651865686204,0,1
1789003993.7152622,62.185447692871094,-4.655789527200523,-9.209287960509476,-0.6903781818630504,0.8593497670575092,-0.016212099988310223,2,3,-13.682403697109796,1.999557805744267,-3.1497916262596846,-11.300868867780082,0.8481816127286371,-0.25557651865686204,0,1
1789003993.7308338,62.201019287109375,-4.645530745489777,-9.217761639157795,-0.6906899394362047,0.8563093559606845,-0.01716501161867126,2,3,-13.682403697109796,1.999557805744267,-3.1497916262596846,-11.300868867780082,0.8478648304133957,-0.256371680743703,0,1
1789003993.76584,62.23602557182312,-4.6225233371607715,-9.236947183955126,-0.6921462423275876,0.8552586286277818,-0.017674320435223545,2,3,-13.682403697109796,1.999557805744267,-3.1497916262596846,-11.300868867780082,0.8464082741684749,-0.26002781382811957,0,1
1789003993.8163784,62.286563873291016,-4.58945299526207,-9.264481128336568,-0.6935903055891678,0.851539775169592,-0.01802782534770525,2,3,-13.682403697109796,1.999557805744267,-3.1497916262596846,-11.300868867780082,0.8464082741684749,-0.26002781382811957,0,1
1789003993.8308408,62.301026344299316,-4.580007685436529,-9.272333950548514,-0.6938941379413608,0.850317001479182,-0.01870094887030923,2,3,-13.682403697109796,1.999557805744267,-3.1497916262596846,-11.300868867780082,0.8457573361727321,-0.2616617472587289,0,1
1789003993.867172,62.33735752105713,-4.556439365415841,-9.292285656887765,-0.6962436520035019,0.8494391856421706,-0.019288836707348263,2,3,-13.682403697109796,1.999557805744267,-3.1497916262596846,-11.300868867780082,0.8442821275991891,-0.26536469995345247,0,1
1789003993.9176393,62.38782477378845,-4.5239274585657965,-9.319764937352817,-0.6986588115463648,0.8438387287800586,-0.019701800568539627,2,3,-13.682403697109796,1.999557805744267,-3.1497916262596846,-11.300868867780082,0.8442821275991891,-0.26536469995345247,0,1
1789003993.9309075,62.40109300613403,-4.515492480357825,-9.32685294672377,-0.6989740176545461,0.8367563941618326,-0.02059676673840263,2,3,-13.682403697109796,1.999557805744267,-3.1497916262596846,-11.300868867780082,0.8441139068347746,-0.2657869545038044,0,1
1789003993.9682386,62.4384241104126,-4.491720500023338,-9.347043175643892,-0.7007880991042993,0.8342762451003846,-0.021118995819157865,2,3,-13.682403697109796,1.999557805744267,-3.1497916262596846,-11.300868867780082,0.8426356323953179,-0.26949760289434355,0,1
1789003994.0187984,62.48898386955261,-4.459618017790354,-9.374270582547016,-0.7025299661952875,0.8318894428122175,-0.0214736419526033,2,3,-13.682403697109796,1.999557805744267,-3.1497916262596846,-11.300868867780082,0.8426356323953179,-0.26949760289434355,0,1
1789003994.030872,62.501057624816895,-4.451942944821728,-9.380767404937929,-0.7028326402254894,0.8321968207404071,-0.022176580585808865,2,3,-13.682403697109796,1.999557805744267,-3.1497916262596846,-11.300868867780082,0.8420091527515031,-0.27107014289096354,0,1
1789003994.0695367,62.539722204208374,-4.427641536148851,-9.401827495770455,-0.705954455941809,0.8309565416727536,-0.022250997243452187,2,3,-13.682403697109796,1.999557805744267,-3.1497916262596846,-11.300868867780082,0.8414500363084766,-0.27247359307184016,0,1
1789003994.119984,62.59016942977905,-4.395753768428789,-9.429147259470207,-0.707753419993857,0.831011037593406,-0.022951827403885572,2,3,-13.682403697109796,1.999557805744267,-3.1497916262596846,-11.300868867780082,0.8414500363084766,-0.27247359307184016,0,1
1789003994.1309109,62.601096391677856,-4.388824999006971,-9.435072675984479,-0.7080694842463706,0.8322061477622265,-0.024010467876874452,2,3,-13.682403697109796,1.999557805744267,-3.1497916262596846,-11.300868867780082,0.8404105348904051,-0.27508286788643255,0,1
1789003994.1705296,62.6407151222229,-4.363908785689085,-9.45663388139746,-0.7101444464328056,0.8310565034543463,-0.024052761029153887,2,3,-13.682403697109796,1.999557805744267,-3.1497916262596846,-11.300868867780082,0.8398248034089826,-0.2765531250462785,0,1
1789003994.221212,62.69139742851257,-4.332091625313156,-9.484393351122858,-0.7133368801255928,0.8316557656240964,-0.02470091671088511,2,3,-13.682403697109796,1.999557805744267,-3.1497916262596846,-11.300868867780082,0.8398248034089826,-0.2765531250462785,0,1
1789003994.2308311,62.701016664505005,-4.326014050187169,-9.489647456533756,-0.7136483748095103,0.8327683010992551,-0.026001965218558198,2,3,-13.682403697109796,1.999557805744267,-3.1497916262596846,-11.300868867780082,0.8374316893104558,-0.28256013209521214,0,1
1789003994.2716124,62.74179792404175,-4.300441428639834,-9.511964616224246,-0.7155772731670191,0.8317184254157433,-0.026036047302113653,2,3,-13.682403697109796,1.999557805744267,-3.1497916262596846,-11.300868867780082,0.8371807306174,-0.2831900688955954,0,1
1789003994.3222291,62.79241466522217,-4.268665812189437,-9.539697214932323,-0.7174579277915778,0.8320320156293793,-0.026663196493783868,2,3,-13.682403697109796,1.999557805744267,-3.1497916262596846,-11.300868867780082,0.8371807306174,-0.2831900688955954,0,1
1789003994.3309119,62.80109739303589,-4.263200016018109,-9.544464310211406,-0.7177495022639558,0.8329587257650344,-0.02759221831465898,2,3,-13.682403697109796,1.999557805744267,-3.1497916262596846,-11.300868867780082,0.8345396916008132,-0.28981939760119735,0,1
1789003994.3727868,62.84297227859497,-4.237060109369232,-9.567530434363338,-0.7201074245505802,0.8319902813179316,-0.027638788279664397,2,3,-13.682403697109796,1.999557805744267,-3.1497916262596846,-11.300868867780082,0.8342009292218402,-0.2906697323176478,0,1
1789003994.380864,62.85104942321777,-4.232001929784881,-9.571966901404982,-0.7203625760277288,0.832123142182928,-0.028161490322065517,2,3,-13.682403697109796,1.999557805744267,-3.1497916262596846,-11.300868867780082,0.8342009292218402,-0.2906697323176478,0,1
1789003994.4309103,62.90109586715698,-4.2009671258879635,-9.599690841510242,-0.7240838890695255,0.8307476237644087,-0.029588647444135814,2,3,-13.682403697109796,1.999557805744267,-3.1497916262596846,-11.300868867780082,0.8213822698648877,-0.2951115539170366,0,1
1789003994.4739978,62.944183349609375,-4.174278339501735,-9.623514925017174,-0.7264639390064014,0.829754652964137,-0.02963197464495511,2,3,-13.682403697109796,1.999557805744267,-3.1497916262596846,-11.300868867780082,0.8330242414559554,-0.2933022534476779,0,1
1789003994.480827,62.95101261138916,-4.169966634638939,-9.627341777183839,-0.7267029578074105,0.8332773287066156,-0.0302760558676727,2,3,-13.682403697109796,1.999557805744267,-3.1497916262596846,-11.300868867780082,0.8330242414559554,-0.2933022534476779,0,1
1789003994.5308971,63.0010826587677,-4.138786558862635,-9.655204054760404,-0.7289501920950936,0.8368473139490702,-0.031331006616840025,2,3,-13.682403697109796,1.999557805744267,-3.1497916262596846,-11.300868867780082,0.7818940413605925,-0.3028172325664451,0,1
1789003994.5751927,63.0453782081604,-4.1113140124166145,-9.680073226279356,-0.7319809748559544,0.8361806232349632,-0.0313942496978675,2,3,-13.682403697109796,1.999557805744267,-3.1497916262596846,-11.300868867780082,0.7943829934563795,-0.3006200527198387,0,1
1789003994.5809114,63.05109691619873,-4.107694063063627,-9.683322134353112,-0.7321969629636709,0.8392188689031131,-0.032010574901563435,2,3,-13.682403697109796,1.999557805744267,-3.1497916262596846,-11.300868867780082,0.7943829934563795,-0.3006200527198387,0,1
1789003994.6309266,63.10111212730408,-4.076821220314664,-9.711695089053649,-0.7367822099064851,0.8371926821883001,-0.03376595603426074,2,3,-13.682403697109796,1.999557805744267,-3.1497916262596846,-11.300868867780082,0.7585616933130569,-0.3054611219463538,0,1
1789003994.6764553,63.14664077758789,-4.048738393433978,-9.737450847906812,-0.7396888174491014,0.8365817300543646,-0.03381927169561546,2,3,-13.682403697109796,1.999557805744267,-3.1497916262596846,-11.300868867780082,0.756602389585307,-0.3060804644194267,0,1
1789003994.680833,63.15101861953735,-4.04610822866652,-9.739852739933433,-0.7398798497691367,0.832624486768519,-0.03460402082863571,2,3,-13.682403697109796,1.999557805744267,-3.1497916262596846,-11.300868867780082,0.756602389585307,-0.3060804644194267,0,1
1789003994.730856,63.20104146003723,-4.015491467864534,-9.767984903060517,-0.7425385365141698,0.8297469031464421,-0.03590242859229531,2,3,-13.682403697109796,1.999557805744267,-3.1497916262596846,-11.300868867780082,0.7198725992227368,-0.31356817290051087,0,1
1789003994.7779448,63.248130321502686,-3.987005233866165,-9.79470599169629,-0.74703641168631,0.8288450806723247,-0.036009827448872635,2,3,-13.682403697109796,1.999557805744267,-3.1497916262596846,-11.300868867780082,0.7184630053297146,-0.31402082705071155,0,1
1789003994.7808335,63.25101900100708,-3.985283952786608,-9.7962987070285,-0.747185561880592,0.8268427553577982,-0.03694706982847003,2,3,-13.682403697109796,1.999557805744267,-3.1497916262596846,-11.300868867780082,0.7184630053297146,-0.31402082705071155,0,1
1789003994.8308473,63.30103278160095,-3.9551737104974776,-9.824611634748704,-0.7511962886121039,0.8257661518498517,-0.03875681365937083,2,3,-13.682403697109796,1.999557805744267,-3.1497916262596846,-11.300868867780082,0.6832051455090459,-0.3198471224512537,0,1
1789003994.8790321,63.349217653274536,-3.9262506611961974,-9.851905574113214,-0.7544833860760594,0.8247515017033973,-0.03881195771541492,2,3,-13.682403697109796,1.999557805744267,-3.1497916262596846,-11.300868867780082,0.6813254786725891,-0.3203783369367834,0,1
1789003994.8808775,63.35106301307678,-3.9252481102255548,-9.852852742354205,-0.7546003079383908,0.8188898013085782,-0.03963887512704649,2,3,-13.682403697109796,1.999557805744267,-3.1497916262596846,-11.300868867780082,0.6813254786725891,-0.3203783369367834,0,1
1789003994.93085,63.40103554725647,-3.8956950532027443,-9.88081316566903,-0.7574368122756221,0.8093631309457099,-0.04052254772773713,2,3,-13.682403697109796,1.999557805744267,-3.1497916262596846,-11.300868867780082,0.6627506236716373,-0.3244722545530999,0,1
1789003994.9804764,63.4506618976593,-3.8668746986661695,-9.908740872531194,-0.7627472314890694,0.8076461572981121,-0.04068040851224074,2,3,-13.682403697109796,1.999557805744267,-3.1497916262596846,-11.300868867780082,0.6441644106521802,-0.32945391822059333,0,1
1789003994.9808307,63.45101618766785,-3.866866387159095,-9.908756964637425,-0.76282606580963,0.7968935635682821,-0.04197469289190544,2,3,-13.682403697109796,1.999557805744267,-3.1497916262596846,-11.300868867780082,0.6441644106521802,-0.32945391822059333,0,1
1789003995.0308886,63.50107407569885,-3.8385094228687118,-9.936338995100867,-0.7673616577532184,0.7832648264932122,-0.04345406890474192,2,3,-13.682403697109796,1.999557805744267,-3.1497916262596846,-11.300868867780082,0.6264713718199575,-0.332403403347298,0,1
1789003995.081609,63.55179452896118,-3.8101246341930843,-9.964036993567897,-0.7711838152063912,0.7804272980398909,-0.04354111271207479,2,3,-13.682403697109796,1.999557805744267,-3.1497916262596846,-11.300868867780082,0.6088707913924858,-0.33617367334660286,0,1
1789003995.132387,63.602572441101074,-3.782430559269354,-9.991558357585651,-0.7766039807186484,0.7621342460379573,-0.04656657481138258,2,3,-13.682403697109796,1.999557805744267,-3.1497916262596846,-11.300868867780082,0.5907929192149521,-0.3407545064502707,0,1
1789003995.1827748,63.65296030044556,-3.7552405551046895,-10.018555152122714,-0.7804153983919646,0.7585698299608693,-0.04664889456985075,2,3,-13.682403697109796,1.999557805744267,-3.1497916262596846,-11.300868867780082,0.5564342978693154,-0.3493397439802266,0,1
1789003995.233352,63.703537464141846,-3.7295965072174853,-10.044471263993687,-0.7855552171725476,0.7181208217902755,-0.04963913563285214,2,3,-13.682403697109796,1.999557805744267,-3.1497916262596846,-11.300868867780082,0.5570847263285084,-0.3488933487222309,0,1
1789003995.2839065,63.75409197807312,-3.7041776286310832,-10.070208481965658,-0.7897073590780402,0.7127853763443375,-0.049730587766017936,2,3,-13.682403697109796,1.999557805744267,-3.1497916262596846,-11.300868867780082,0.5405933066372954,-0.35,0,1
1789003995.3346484,63.80483388900757,-3.6802213349519994,-10.094946518336787,-0.7953662990653338,0.6839094996947629,-0.05290775667897036,2,3,-13.682403697109796,1.999557805744267,-3.1497916262596846,-11.300868867780082,0.5249146554563254,-0.35,0,1
1789003995.3850894,63.85527491569519,-3.6563083344679557,-10.119590002848307,-0.7994053529537796,0.6774860670319981,-0.05298505057353979,2,3,-13.682403697109796,1.999557805744267,-3.1497916262596846,-11.300868867780082,0.4941158475302098,-0.35,0,1
1789003995.435625,63.905810594558716,-3.634068989824744,-10.14293469834705,-0.8046798933741771,0.6334352047238971,-0.05605546522679418,2,3,-13.682403697109796,1.999557805744267,-3.1497916262596846,-11.300868867780082,0.4947810934168419,-0.35,0,1
1789003995.486203,63.95638847351074,-3.6121223047016744,-10.165992766052057,-0.8089233113295325,0.6251939671285311,-0.05613352378524708,2,3,-13.682403697109796,1.999557805744267,-3.1497916262596846,-11.300868867780082,0.4658517881995167,-0.35,0,1
1789003995.5369697,64.00715517997742,-3.590978560021845,-10.188613266206401,-0.814524725181383,0.6025503337601334,-0.05928045548700914,2,3,-13.682403697109796,1.999557805744267,-3.1497916262596846,-11.300868867780082,0.4664629932605337,-0.35,0,1
1789003995.5873559,64.05754137039185,-3.570397632304085,-10.210630799578981,-0.8187119116713385,0.5936482314662885,-0.05934758484959035,2,3,-13.682403697109796,1.999557805744267,-3.1497916262596846,-11.300868867780082,0.4396492923639236,-0.35,0,1
1789003995.6379244,64.10810995101929,-3.5513953343160503,-10.231389020700673,-0.8243647007420591,0.5532576800511851,-0.062408757292329,2,3,-13.682403697109796,1.999557805744267,-3.1497916262596846,-11.300868867780082,0.44037618936558554,-0.35,0,1
1789003995.6887138,64.15889930725098,-3.5326803004106453,-10.251999209097225,-0.829871818116649,0.5427758850429301,-0.06253694052977489,2,3,-13.682403697109796,1.999557805744267,-3.1497916262596846,-11.300868867780082,0.41537553123983995,-0.35,0,1
1789003995.7391286,64.2093141078949,-3.5154164870683133,-10.271218844289725,-0.8354311217116377,0.5164289381890389,-0.0660371312174545,2,3,-13.682403697109796,1.999557805744267,-3.1497916262596846,-11.300868867780082,0.4167260729767443,-0.35,0,1
1789003995.7896657,64.2598512172699,-3.4982215299963704,-10.29042348596399,-0.8401151387483031,0.5040850113088433,-0.06808219746967303,2,3,-13.682403697109796,1.999557805744267,-3.1497916262596846,-11.300868867780082,0.40501227405122386,-0.35,0,1
1789003995.8402045,64.31038999557495,-3.4816340667903454,-10.309289833860701,-0.8460327254865951,0.49009723373936237,-0.06946739091286368,2,3,-13.682403697109796,1.999557805744267,-3.1497916262596846,-11.300868867780082,0.39429787142847333,-0.35,0,1
1789003995.8909338,64.3611192703247,-3.465647915809898,-10.3276846139088,-0.8518150395276842,0.47321583530481615,-0.0715932557631798,2,3,-13.682403697109796,1.999557805744267,-3.1497916262596846,-11.300868867780082,0.3837363256495955,-0.35,0,1
1789003995.9413722,64.41155767440796,-3.4503636258531434,-10.345438697843841,-0.8575188083618165,0.4561164150178435,-0.073111257892451,2,3,-13.682403697109796,1.999557805744267,-3.1497916262596846,-11.300868867780082,0.37367564547253695,-0.35,0,1
1789003995.9920745,64.46226000785828,-3.4353517971709593,-10.36293664030415,-0.8623869905363449,0.449884875508406,-0.07508613882772971,2,3,-13.682403697109796,1.999557805744267,-3.1497916262596846,-11.300868867780082,0.36385921420010026,-0.35,0,1
1789003996.0426443,64.51282978057861,-3.4208791424758913,-10.380139347755565,-0.8685764028436777,0.4389455145812289,-0.07648775411481505,2,3,-13.682403697109796,1.999557805744267,-3.1497916262596846,-11.300868867780082,0.35401445798168774,-0.35,0,1
1789003996.0934284,64.56361389160156,-3.406826974073222,-10.397028056991385,-0.8744811562769946,0.4264842739648922,-0.07864665861948869,2,3,-13.682403697109796,1.999557805744267,-3.1497916262596846,-11.300868867780082,0.3447112435750557,-0.35,0,1
1789003996.1438422,64.61402773857117,-3.3933757925979737,-10.413372440493685,-0.8804810874956558,0.4133076222978875,-0.08018929122831188,2,3,-13.682403697109796,1.999557805744267,-3.1497916262596846,-11.300868867780082,0.3357811287283684,-0.35,0,1
1789003996.1944516,64.66463708877563,-3.3803614891384997,-10.429276063079094,-0.8855843377051693,0.39975885995647653,-0.08216706904927892,2,3,-13.682403697109796,1.999557805744267,-3.1497916262596846,-11.300868867780082,0.3270084956076444,-0.35,0,1
1789003996.2452111,64.71539664268494,-3.367784412696639,-10.44506201921171,-0.8931793378289099,0.394410104299849,-0.0839951664828308,2,3,-13.682403697109796,1.999557805744267,-3.1497916262596846,-11.300868867780082,0.3184996663400881,-0.35,0,1
1789003996.295622,64.76580762863159,-3.355499747777783,-10.46040482029092,-0.8980148263785579,0.38427464844595144,-0.08612409699129706,2,3,-13.682403697109796,1.999557805744267,-3.1497916262596846,-11.300868867780082,0.3102656773399535,-0.35,0,1
1789003996.3461847,64.81637024879456,-3.3437101437090373,-10.475411794571524,-0.9041824322494076,0.37073951248298914,-0.08744358065921985,2,3,-13.682403697109796,1.999557805744267,-3.1497916262596846,-11.300868867780082,0.3023037989038426,-0.35,0,1
1789003996.39671,64.8668954372406,-3.3324266132310076,-10.489859955756321,-0.9093195915626381,0.3566395948403958,-0.08911200975001267,2,3,-13.682403697109796,1.999557805744267,-3.1497916262596846,-11.300868867780082,0.2945246577727485,-0.35,0,1
1789003996.4474058,64.91759133338928,-3.321697512001775,-10.503973183588956,-0.9167179811253812,0.3428347549578273,-0.09070538764837295,2,3,-13.682403697109796,1.999557805744267,-3.1497916262596846,-11.300868867780082,0.28702830050836875,-0.35,0,1
1789003996.4987245,64.96890997886658,-3.310990461312855,-10.517965047188579,-0.9216704963600177,0.33805034779189286,-0.0925205668974135,2,3,-13.682403697109796,1.999557805744267,-3.1497916262596846,-11.300868867780082,0.2800243104942632,-0.35,0,1
1789003996.5493517,65.01953721046448,-3.300876727159397,-10.53148184843018,-0.9278668206550372,0.3277918345478827,-0.09317193178356431,2,3,-13.682403697109796,1.999557805744267,-3.1497916262596846,-11.300868867780082,0.27274534554777935,-0.35,0,1
1789003996.5999548,65.07014036178589,-3.2911698116535506,-10.54450708767623,-0.9330400834388517,0.31514601983649704,-0.09510108027227461,2,3,-13.682403697109796,1.999557805744267,-3.1497916262596846,-11.300868867780082,0.26595499538131234,-0.35,0,1
1789003996.6507916,65.12097716331482,-3.281900422898198,-10.55714042308295,-0.9387364144402763,0.30236348049034545,-0.09557964024336982,2,3,-13.682403697109796,1.999557805744267,-3.1497916262596846,-11.300868867780082,0.257148103832271,-0.35,0,1
1789003996.7012084,65.17139387130737,-3.2731661893123074,-10.569155966191927,-0.9441933122677614,0.28881175907545675,-0.09734697093786783,2,3,-13.682403697109796,1.999557805744267,-3.1497916262596846,-11.300868867780082,0.25318336162041294,-0.35,0,1
1789003996.7517598,65.22194528579712,-3.2646685014843273,-10.581064961879036,-0.9507419845985758,0.28398209122971635,-0.09781116308295444,2,3,-13.682403697109796,1.999557805744267,-3.1497916262596846,-11.300868867780082,0.24494870191426893,-0.35,0,1
1789003996.8025727,65.27275824546814,-3.256262397788544,-10.592905385354854,-0.9564699940483221,0.28048910497538826,-0.09960684660764378,2,3,-13.682403697109796,1.999557805744267,-3.1497916262596846,-11.300868867780082,0.24133726939571268,-0.35,0,1
1789003996.852978,65.3231635093689,-3.248173841425063,-10.604522891377307,-0.9629709186389771,0.27563740686798305,-0.10014297347404685,2,3,-13.682403697109796,1.999557805744267,-3.1497916262596846,-11.300868867780082,0.23348566244222752,-0.35,0,1
1789003996.9035704,65.37375593185425,-3.2403167136908313,-10.615868245124023,-0.9684721878403818,0.2672851778895605,-0.10183641945224442,2,3,-13.682403697109796,1.999557805744267,-3.1497916262596846,-11.300868867780082,0.23010161853892122,-0.35,0,1
1789003996.9542851,65.42447066307068,-3.232876898339896,-10.626865054068139,-0.9751873154400129,0.2564965997602232,-0.10226301420483216,2,3,-13.682403697109796,1.999557805744267,-3.1497916262596846,-11.300868867780082,0.22247401388980406,-0.35,0,1
1789003997.005509,65.47569441795349,-3.225493062226011,-10.637801715990443,-0.9809228903827791,0.25289810831764037,-0.10393319284256151,2,3,-13.682403697109796,1.999557805744267,-3.1497916262596846,-11.300868867780082,0.21960415991372134,-0.35,0,1
1789003997.0308328,65.50101828575134,-3.221904623288903,-10.64314847478947,-0.9835767974613889,0.25158298493023984,-0.10437367217255686,2,3,-13.682403697109796,1.999557805744267,-3.1497916262596846,-11.300868867780082,0.21223979522197273,-0.35,0,1
1789003997.0560558,65.52624130249023,-3.218471164669674,-10.64842925268723,-0.9875887845962745,0.24719965624980708,-0.1050311070088307,2,3,-13.682403697109796,1.999557805744267,-3.1497916262596846,-11.300868867780082,0.2095386678447139,-0.35,0,1
1789003997.1068041,65.57698965072632,-3.2116322546039626,-10.6588279600048,-0.9931469458239539,0.24050277120268052,-0.10595397561861467,2,3,-13.682403697109796,1.999557805744267,-3.1497916262596846,-11.300868867780082,0.2095386678447139,-0.35,0,1
1789003997.1308334,65.60101890563965,-3.208483138409561,-10.663653580763881,-0.9957113165355356,0.2373595867835891,-0.10629124236850036,2,3,-13.682403697109796,1.999557805744267,-3.1497916262596846,-11.300868867780082,0.20474313504122632,-0.35,0,1
1789003997.157443,65.6276285648346,-3.205153767970746,-10.668952985117487,-1.0003892846170086,0.23258211339210713,-0.10695340258026037,2,3,-13.682403697109796,1.999557805744267,-3.1497916262596846,-11.300868867780082,0.20017061449712026,-0.35,0,1
1789003997.2081993,65.67838478088379,-3.1989187796441425,-10.678760060657874,-1.0066057177500176,0.2242077038736018,-0.10808802274551592,2,3,-13.682403697109796,1.999557805744267,-3.1497916262596846,-11.300868867780082,0.20017061449712026,-0.35,0,1
1789003997.2308822,65.70106768608093,-3.1961344273179932,-10.68313717117087,-1.0090803545665619,0.22575833860782393,-0.10856015750544024,2,3,-13.682403697109796,1.999557805744267,-3.1497916262596846,-11.300868867780082,0.195825395402135,-0.35,0,1
1789003997.2586327,65.72881817817688,-3.1928814001366077,-10.688437924731614,-1.0136969777394456,0.22166702236490843,-0.10929723095053408,2,3,-13.682403697109796,1.999557805744267,-3.1497916262596846,-11.300868867780082,0.1914155072829489,-0.35,0,1
1789003997.3093178,65.7795033454895,-3.186891063776985,-10.698085436831738,-1.019597982196671,0.2191091523655985,-0.10979629074102915,2,3,-13.682403697109796,1.999557805744267,-3.1497916262596846,-11.300868867780082,0.1914155072829489,-0.35,0,1
1789003997.3308346,65.80102014541626,-3.184316836621512,-10.702242467690331,-1.0220173619811521,0.22294274766620564,-0.11070901239233572,2,3,-13.682403697109796,1.999557805744267,-3.1497916262596846,-11.300868867780082,0.1870617909404621,-0.35,0,1
1789003997.3605103,65.83069586753845,-3.1809988890714536,-10.70791857334909,-1.0283206919234964,0.21919150922263156,-0.1117712195136903,2,3,-13.682403697109796,1.999557805744267,-3.1497916262596846,-11.300868867780082,0.18062173987655752,-0.35,0,1
1789003997.41116,65.88134551048279,-3.1753603344691106,-10.717304059183716,-1.0341255463751526,0.21182258799529785,-0.11244562779604737,2,3,-13.682403697109796,1.999557805744267,-3.1497916262596846,-11.300868867780082,0.18062173987655752,-0.35,0,1
1789003997.430836,65.9010214805603,-3.1732456884829374,-10.720859119206564,-1.0364036415274749,0.2082565010375749,-0.11355441117460743,2,3,-13.682403697109796,1.999557805744267,-3.1497916262596846,-11.300868867780082,0.17881289424107324,-0.35,0,1
1789003997.462004,65.93218946456909,-3.170024325341291,-10.72640689813624,-1.0412632278430822,0.20322074347904232,-0.11424823552868078,2,3,-13.682403697109796,1.999557805744267,-3.1497916262596846,-11.300868867780082,0.1725512656727131,-0.35,0,1
1789003997.512897,65.98308253288269,-3.1647847744995317,-10.735365877104975,-1.0470821937048662,0.19923261309787108,-0.11469646561249469,2,3,-13.682403697109796,1.999557805744267,-3.1497916262596846,-11.300868867780082,0.1725512656727131,-0.35,0,1
1789003997.5308337,66.00101923942566,-3.162939594878022,-10.738542334575731,-1.0491871381875506,0.20074584109994625,-0.11549275687615454,2,3,-13.682403697109796,1.999557805744267,-3.1497916262596846,-11.300868867780082,0.1708716601082764,-0.35,0,1
1789003997.5640826,66.03426814079285,-3.1597365400454644,-10.744325590295944,-1.0556661465659198,0.19641393942074997,-0.11646039639931802,2,3,-13.682403697109796,1.999557805744267,-3.1497916262596846,-11.300868867780082,0.16490958792290536,-0.35,0,1
1789003997.6147172,66.0849027633667,-3.154857332919895,-10.752949732596596,-1.0615009266160549,0.1913092905302628,-0.11704817581679915,2,3,-13.682403697109796,1.999557805744267,-3.1497916262596846,-11.300868867780082,0.16490958792290536,-0.35,0,1
1789003997.6308382,66.10102367401123,-3.1533476312276827,-10.755649449859678,-1.0634417175940645,0.18954660190862002,-0.1180106336196151,2,3,-13.682403697109796,1.999557805744267,-3.1497916262596846,-11.300868867780082,0.16347390812465687,-0.35,0,1
1789003997.6655743,66.13575983047485,-3.1502364199915336,-10.761357132184436,-1.06900250735376,0.18455559408292063,-0.11868613172729714,2,3,-13.682403697109796,1.999557805744267,-3.1497916262596846,-11.300868867780082,0.15767205951761196,-0.35,0,1
1789003997.7166982,66.18688368797302,-3.145927930388173,-10.769446921947301,-1.0777550950567927,0.1754782137089754,-0.11916962986779224,2,3,-13.682403697109796,1.999557805744267,-3.1497916262596846,-11.300868867780082,0.15767205951761196,-0.35,0,1
1789003997.7309182,66.20110368728638,-3.1446990631325393,-10.771714649064162,-1.079533001176623,0.17721198918691566,-0.1208484320730877,2,3,-13.682403697109796,1.999557805744267,-3.1497916262596846,-11.300868867780082,0.15674712345511546,-0.35,0,1
1789003997.7673004,66.23748588562012,-3.1417318146469757,-10.777353624782226,-1.0852695461018529,0.17280654349459007,-0.12175898018945683,2,3,-13.682403697109796,1.999557805744267,-3.1497916262596846,-11.300868867780082,0.1513812669502323,-0.35,0,1
1789003997.8180363,66.28822183609009,-3.137600994854269,-10.78518313745712,-1.0914736930023254,0.16980400147705135,-0.1223175221188144,2,3,-13.682403697109796,1.999557805744267,-3.1497916262596846,-11.300868867780082,0.1513812669502323,-0.35,0,1
1789003997.8308337,66.30101919174194,-3.1365234612429203,-10.787229689851873,-1.093092968983393,0.17362480451641518,-0.12330957234044117,2,3,-13.682403697109796,1.999557805744267,-3.1497916262596846,-11.300868867780082,0.1502166374943089,-0.35,0,1
1789003997.8688245,66.33901000022888,-3.1335714147590736,-10.793049055526646,-1.0994636748384714,0.16964848329859286,-0.12405557028120148,2,3,-13.682403697109796,1.999557805744267,-3.1497916262596846,-11.300868867780082,0.14482639877712083,-0.35,0,1
1789003997.9198973,66.39008283615112,-3.1296905957229755,-10.800883622554503,-1.108710417000729,0.16669813263078256,-0.12457036394822553,2,3,-13.682403697109796,1.999557805744267,-3.1497916262596846,-11.300868867780082,0.14482639877712083,-0.35,0,1
1789003997.930842,66.40102744102478,-3.1288111028401713,-10.802623262825337,-1.1101593474306848,0.17021035438081455,-0.12641464187289903,2,3,-13.682403697109796,1.999557805744267,-3.1497916262596846,-11.300868867780082,0.1439596719395161,-0.35,0,1
1789003997.9705052,66.44069075584412,-3.125894470156189,-10.808599789775677,-1.1165150862075743,0.16505054952290157,-0.12644847973178097,2,3,-13.682403697109796,1.999557805744267,-3.1497916262596846,-11.300868867780082,0.14272075912480015,-0.35,0,1
1789003998.0213284,66.49151396751404,-3.122088801216518,-10.816378104546828,-1.1229862012700285,0.1649949503719458,-0.12747311853367085,2,3,-13.682403697109796,1.999557805744267,-3.1497916262596846,-11.300868867780082,0.14272075912480015,-0.35,0,1
1789003998.030832,66.5010175704956,-3.121349579736473,-10.81789314719256,-1.1242762791130372,0.16839725404866168,-0.12889160725045015,2,3,-13.682403697109796,1.999557805744267,-3.1497916262596846,-11.300868867780082,0.1353961610994376,-0.35,0,1
1789003998.072249,66.54243445396423,-3.1184574771855944,-10.824130126221254,-1.1322389213158957,0.1634472180037016,-0.1289636974722664,2,3,-13.682403697109796,1.999557805744267,-3.1497916262596846,-11.300868867780082,0.13473126736465224,-0.35,0,1
1789003998.122667,66.59285259246826,-3.11495441631558,-10.831786193182888,-1.1415016271443887,0.16227362077247057,-0.13028351671852328,2,3,-13.682403697109796,1.999557805744267,-3.1497916262596846,-11.300868867780082,0.13473126736465224,-0.35,0,1
1789003998.130834,66.60101962089539,-3.1143637949878586,-10.833058342152308,-1.1426905315556761,0.16432434563790016,-0.13259642090014934,2,3,-13.682403697109796,1.999557805744267,-3.1497916262596846,-11.300868867780082,0.12940334245627316,-0.35,0,1
1789003998.173343,66.6435284614563,-3.1115348374294762,-10.839335318360718,-1.1493798057126543,0.15955926286240493,-0.13262652055197593,2,3,-13.682403697109796,1.999557805744267,-3.1497916262596846,-11.300868867780082,0.1288904580994562,-0.35,0,1
1789003998.1809025,66.65108799934387,-3.111006442106084,-10.840498200627703,-1.1504377458354555,0.16146096039993804,-0.13370626073859648,2,3,-13.682403697109796,1.999557805744267,-3.1497916262596846,-11.300868867780082,0.1288904580994562,-0.35,0,1
1789003998.2309163,66.70110177993774,-3.107710426093101,-10.84783414140452,-1.1567936485771395,0.1599796889032407,-0.13508453329433204,2,3,-13.682403697109796,1.999557805744267,-3.1497916262596846,-11.300868867780082,0.12365006185790253,-0.35,0,1
1789003998.2747862,66.74497175216675,-3.104987653957976,-10.854194812909961,-1.164873446337523,0.15534913452561178,-0.13514447698263932,2,3,-13.682403697109796,1.999557805744267,-3.1497916262596846,-11.300868867780082,0.12548256489847545,-0.35,0,1
1789003998.280889,66.75107455253601,-3.1045588755126663,-10.855165824074843,-1.165748318894646,0.15906078113763492,-0.1362867843702428,2,3,-13.682403697109796,1.999557805744267,-3.1497916262596846,-11.300868867780082,0.12548256489847545,-0.35,0,1
1789003998.3308334,66.80101895332336,-3.101509036723165,-10.862462483559593,-1.1751381549586106,0.1573732233820589,-0.1385439844693991,2,3,-13.682403697109796,1.999557805744267,-3.1497916262596846,-11.300868867780082,0.1179412743117477,-0.35,0,1
1789003998.3759482,66.84613370895386,-3.098832822511316,-10.868931605490785,-1.1822073590789317,0.15294923090206375,-0.1385672479459908,2,3,-13.682403697109796,1.999557805744267,-3.1497916262596846,-11.300868867780082,0.11984289662670414,-0.35,0,1
1789003998.3809347,66.85112023353577,-3.098502979410295,-10.869715268873621,-1.1829470905372803,0.15590311606077353,-0.13955688893394877,2,3,-13.682403697109796,1.999557805744267,-3.1497916262596846,-11.300868867780082,0.11984289662670414,-0.35,0,1
1789003998.4308348,66.90102028846741,-3.0955586833407907,-10.876864116373184,-1.1893074902337666,0.15389607695453533,-0.1407569729529327,2,3,-13.682403697109796,1.999557805744267,-3.1497916262596846,-11.300868867780082,0.11482727082463742,-0.35,0,1
1789003998.477573,66.947758436203,-3.0929636124002102,-10.883466220326762,-1.1975688120973036,0.14959178357827121,-0.14080342343671715,2,3,-13.682403697109796,1.999557805744267,-3.1497916262596846,-11.300868867780082,0.11428599999845454,-0.35,0,1
1789003998.4809144,66.95109987258911,-3.0927337146899054,-10.884024972568255,-1.198080003638262,0.15344169167213642,-0.1417842224564643,2,3,-13.682403697109796,1.999557805744267,-3.1497916262596846,-11.300868867780082,0.11428599999845454,-0.35,0,1
1789003998.53083,67.0010154247284,-3.0900237439528646,-10.891136684491368,-1.207664129781423,0.1513628109306268,-0.1438306032491937,2,3,-13.682403697109796,1.999557805744267,-3.1497916262596846,-11.300868867780082,0.10920509047992143,-0.35,0,1
1789003998.5786366,67.04882216453552,-3.0875067274594294,-10.897816953488437,-1.2152595381736735,0.14725950135729615,-0.14385081738872807,2,3,-13.682403697109796,1.999557805744267,-3.1497916262596846,-11.300868867780082,0.10884921612213982,-0.35,0,1
1789003998.5809143,67.05109977722168,-3.0873705542141243,-10.898170425641023,-1.2156286978525614,0.1488527187699119,-0.1447397594004038,2,3,-13.682403697109796,1.999557805744267,-3.1497916262596846,-11.300868867780082,0.10884921612213982,-0.35,0,1
1789003998.6309326,67.10111808776855,-3.0848514812147396,-10.905053007337045,-1.223973306584265,0.14417011023152987,-0.1459923665732761,2,3,-13.682403697109796,1.999557805744267,-3.1497916262596846,-11.300868867780082,0.10619806659988973,-0.35,0,1
1789003998.6801918,67.15037727355957,-3.0824821333098886,-10.911639230264294,-1.231559943642946,0.14000468151533213,-0.1460071905494929,2,3,-13.682403697109796,1.999557805744267,-3.1497916262596846,-11.300868867780082,0.10363336867702332,-0.35,0,1
1789003998.6808343,67.15101981163025,-3.082465919170472,-10.91169402910061,-1.2317048226158789,0.13861564773354276,-0.147062004551607,2,3,-13.682403697109796,1.999557805744267,-3.1497916262596846,-11.300868867780082,0.10363336867702332,-0.35,0,1
1789003998.7309208,67.20110630989075,-3.0802239443321975,-10.918209042874235,-1.2413922427879267,0.13649638296629246,-0.14841125209872208,2,3,-13.682403697109796,1.999557805744267,-3.1497916262596846,-11.300868867780082,0.10110431227233518,-0.35,0,1
1789003998.781472,67.25165748596191,-3.0780375228266252,-10.924641016917311,-1.2493542641870279,0.13226292618318072,-0.14842962433776288,2,3,-13.682403697109796,1.999557805744267,-3.1497916262596846,-11.300868867780082,0.09866257251944238,-0.35,0,1
1789003998.8323357,67.30252122879028,-3.0758126356495974,-10.931317956791785,-1.2578616606343647,0.13666787204701678,-0.1507752727579852,2,3,-13.682403697109796,1.999557805744267,-3.1497916262596846,-11.300868867780082,0.09623950652841978,-0.35,0,1
1789003998.8827837,67.3529691696167,-3.0737281186776335,-10.937789239000338,-1.2658306511143753,0.13285520082959193,-0.15079037901989178,2,3,-13.682403697109796,1.999557805744267,-3.1497916262596846,-11.300868867780082,0.0938199661119615,-0.35,0,1
1789003998.9335153,67.40370082855225,-3.071659021898475,-10.944487407816418,-1.275931794638964,0.13605645477327785,-0.15308010717482556,2,3,-13.682403697109796,1.999557805744267,-3.1497916262596846,-11.300868867780082,0.09131451154098225,-0.35,0,1
1789003998.9844947,67.45468020439148,-3.0696857992206574,-10.951043949552945,-1.284437570128845,0.13254096475447474,-0.1531091193359597,2,3,-13.682403697109796,1.999557805744267,-3.1497916262596846,-11.300868867780082,0.08892198955933081,-0.35,0,1
1789003999.0348973,67.50508284568787,-3.0677477346698736,-10.9577250753181,-1.2943571664790796,0.13631729660658334,-0.15578481042960976,2,3,-13.682403697109796,1.999557805744267,-3.1497916262596846,-11.300868867780082,0.08647305420112669,-0.35,0,1
1789003999.085448,67.55563354492188,-3.065895073932115,-10.964280085534318,-1.302518637342069,0.13317733931458328,-0.15579683989492998,2,3,-13.682403697109796,1.999557805744267,-3.1497916262596846,-11.300868867780082,0.08406348161354708,-0.35,0,1
1789003999.1360066,67.606192111969,-3.064083811234204,-10.97101183132397,-1.3127003399106625,0.13461269447485943,-0.1581964922329397,2,3,-13.682403697109796,1.999557805744267,-3.1497916262596846,-11.300868867780082,0.06,-0.15,0,1
1789003999.1868145,67.65700006484985,-3.0623644603682143,-10.977554627649269,-1.3210429451510386,0.13167220167994653,-0.15820898875330913,2,3,-13.682403697109796,1.999557805744267,-3.1497916262596846,-11.300868867780082,0.06,-0.15,0,1
1789003999.2372148,67.70740032196045,-3.0607898416487567,-10.983907818953382,-1.3312210475492108,0.12942293687309697,-0.16084502017971533,2,3,-13.682403697109796,1.999557805744267,-3.1497916262596846,-11.300868867780082,0.06,-0.15,0,1
1789003999.2877662,67.7579517364502,-3.0592597387459364,-10.990193884440917,-1.3395782416527249,0.1265317004605781,-0.16085448107584654,2,3,-13.682403697109796,1.999557805744267,-3.1497916262596846,-11.300868867780082,0.06,-0.15,0,1
1789003999.3383613,67.80854678153992,-3.0578988408095436,-10.995944573765101,-1.3464727918770132,0.11486998559221615,-0.1624563792430009,2,3,-13.682403697109796,1.999557805744267,-3.1497916262596846,-11.300868867780082,0.06,-0.15,0,1
1789003999.3890924,67.8592779636383,-3.056637809249398,-11.001548184394608,-1.3554623311369662,0.11154664600192597,-0.16248696868601378,2,3,-13.682403697109796,1.999557805744267,-3.1497916262596846,-11.300868867780082,0.06,-0.15,0,1
1789003999.4395225,67.90970802307129,-3.055242621413184,-11.007710376225383,-1.3638550011693678,0.12474990237251711,-0.16388754676360534,2,3,-13.682403697109796,1.999557805744267,-3.1497916262596846,-11.300868867780082,0.06,-0.15,0,1
1789003999.4901197,67.96030521392822,-3.0538677107490972,-11.014051347088445,-1.3707095378994334,0.12863942219477292,-0.16428818686101546,2,3,-13.682403697109796,1.999557805744267,-3.1497916262596846,-11.300868867780082,0.06,-0.15,0,1
1789003999.5409746,68.01116013526917,-3.0526374524502264,-11.01993848832335,-1.3752186642783564,0.10942861073248496,-0.16362072526064994,2,3,-13.682403697109796,1.999557805744267,-3.1497916262596846,-11.300868867780082,0.06,-0.15,0,1
1789003999.591411,68.06159663200378,-3.051833753154207,-11.02419179483142,-1.381078254528541,0.07758937192775126,-0.1626373766453244,2,3,-13.682403697109796,1.999557805744267,-3.1497916262596846,-11.300868867780082,0.0,0.0,0,1
1789003999.641981,68.11216640472412,-3.0511050227178025,-11.027818651800274,-1.3870068770678041,0.06912549961401754,-0.16166210226624875,2,3,-13.682403697109796,1.999557805744267,-3.1497916262596846,-11.300868867780082,0.0,0.0,0,1
1789003999.692612,68.16279745101929,-3.0504002282182805,-11.031254999497817,-1.3916606463108627,0.06764541783548317,-0.16004281572421672,2,3,-13.682403697109796,1.999557805744267,-3.1497916262596846,-11.300868867780082,0.0,0.0,0,1
1789003999.743597,68.21378254890442,-3.0496696651804305,-11.034617340250616,-1.3931144529577781,0.06696974210764242,-0.15755693020496195,2,3,-13.682403697109796,1.999557805744267,-3.1497916262596846,-11.300868867780082,0.0,0.0,0,1
1789003999.7942638,68.26444935798645,-3.0491139112148185,-11.037556166046816,-1.3975600383208375,0.05559890640476987,-0.15438817467400895,2,3,-13.682403697109796,1.999557805744267,-3.1497916262596846,-11.300868867780082,0.0,0.0,0,1
1789003999.8451135,68.31529903411865,-3.0486591186439775,-11.03993562445211,-1.4006554913143356,0.04080126345777946,-0.15187835761667684,3,4,-9.59836782902453,-5.37865549130311,4.098667237441987,-6.995679314713925,0.0,0.0,0,1
1789003999.8959963,68.36618185043335,-3.0481043417640916,-11.042542973889281,-1.4028292348155613,0.05233009499051537,-0.14818058360965564,3,4,-9.59836782902453,-5.37865549130311,4.098667237441987,-6.995679314713925,0.0,0.0,0,1
1789003999.9471517,68.41733717918396,-3.0473627853676284,-11.045721929951226,-1.398421020158755,0.07217961600027736,-0.1431755075053705,3,4,-9.59836782902453,-5.37865549130311,4.098667237441987,-6.995679314713925,0.0,0.35,0,1
1789003999.997711,68.46789646148682,-3.046533223673754,-11.049868067004676,-1.3987217715459697,0.0837886277105243,-0.13676820311138796,3,4,-9.59836782902453,-5.37865549130311,4.098667237441987,-6.995679314713925,0.0,0.35,0,1
1789004000.048362,68.51854753494263,-3.0457825316100604,-11.053767990806591,-1.398554375980483,0.0740041478927695,-0.132112576280938,3,4,-9.59836782902453,-5.37865549130311,4.098667237441987,-6.995679314713925,0.0,0.35,0,1
1789004000.099571,68.56975650787354,-3.045163795286776,-11.056666319419781,-1.3931465798675247,0.054936262321084464,-0.12410252532928485,3,4,-9.59836782902453,-5.37865549130311,4.098667237441987,-6.995679314713925,0.0,0.35,0,1
1789004000.1502118,68.62039732933044,-3.044678535180084,-11.059061364806938,-1.3934876927629638,0.04609338714725635,-0.12049555986389694,3,4,-9.59836782902453,-5.37865549130311,4.098667237441987,-6.995679314713925,0.0,0.35,0,1
1789004000.2016616,68.67184710502625,-3.0442490853611823,-11.061134907046085,-1.392943670866168,0.039226232019322065,-0.1103734428313143,3,4,-9.59836782902453,-5.37865549130311,4.098667237441987,-6.995679314713925,0.0,0.35,0,1
1789004000.2524672,68.72265267372131,-3.043799335119019,-11.06306505284151,-1.3884551146836699,0.03703347730915506,-0.10758556730699613,3,4,-9.59836782902453,-5.37865549130311,4.098667237441987,-6.995679314713925,0.0,0.35,0,1
1789004000.3036938,68.77387928962708,-3.0437144054005425,-11.06308816858888,-1.3778327652025317,-0.004438248990499587,-0.09453426373293843,3,4,-9.59836782902453,-5.37865549130311,4.098667237441987,-6.995679314713925,0.0,0.35,0,1
1789004000.3543537,68.82453918457031,-3.044200680433801,-11.060539514113925,-1.3712188361648685,-0.054407874611085746,-0.08995970540715457,3,4,-9.59836782902453,-5.37865549130311,4.098667237441987,-6.995679314713925,0.0,0.35,0,1
1789004000.4051332,68.87531876564026,-3.044880976500076,-11.057136529183616,-1.3644196410155065,-0.06974501757292521,-0.07476431396232722,3,4,-9.59836782902453,-5.37865549130311,4.098667237441987,-6.995679314713925,0.0,0.35,0,1
1789004000.4562016,68.9263870716095,-3.0455102878268976,-11.054218343839448,-1.3479446745112116,-0.06282323702449828,-0.07043218731991911,3,4,-9.59836782902453,-5.37865549130311,4.098667237441987,-6.995679314713925,0.0,0.35,0,1
1789004000.5067081,68.97689366340637,-3.046132207008584,-11.051589758545056,-1.342292094366657,-0.057715236747735696,-0.05017212360217251,3,4,-9.59836782902453,-5.37865549130311,4.098667237441987,-6.995679314713925,0.0,0.35,0,1
1789004000.530918,69.00110340118408,-3.0462438530707505,-11.051054485450399,-1.3432782123141145,-0.027942201216007836,-0.045639924678665345,3,4,-9.59836782902453,-5.37865549130311,4.098667237441987,-6.995679314713925,0.0,0.35,0,1
1789004000.5574505,69.02763605117798,-3.046430777191012,-11.050411715880356,-1.3359916768559779,-0.026136468721397115,-0.039757899529636646,3,4,-9.59836782902453,-5.37865549130311,4.098667237441987,-6.995679314713925,0.0,0.35,0,1
1789004000.6082804,69.07846593856812,-3.046247552307347,-11.051248252746682,-1.3302276268904825,0.015751757380632583,-0.030363358083942412,3,4,-9.59836782902453,-5.37865549130311,4.098667237441987,-6.995679314713925,0.0,0.35,0,1
1789004000.630833,69.10101842880249,-3.046171288743189,-11.051559655348074,-1.330723108741295,0.013748701016999508,-0.026715486264088227,3,4,-9.59836782902453,-5.37865549130311,4.098667237441987,-6.995679314713925,0.0,0.35,0,1
1789004000.6596234,69.12980890274048,-3.0461079717273503,-11.051935498267834,-1.3197739568804192,0.012476649117096653,-0.01953090804500174,3,4,-9.59836782902453,-5.37865549130311,4.098667237441987,-6.995679314713925,0.0,0.35,0,1
1789004000.710321,69.18050646781921,-3.0461847232718102,-11.05166392550136,-1.3161688238767362,-0.005650704376216317,-0.014748064869659728,3,4,-9.59836782902453,-5.37865549130311,4.098667237441987,-6.995679314713925,0.0,0.35,0,1
1789004000.7309003,69.20108580589294,-3.046260930080101,-11.051368024889104,-1.3159527461671383,-0.012387782272871434,-0.005813368640360929,3,4,-9.59836782902453,-5.37865549130311,4.098667237441987,-6.995679314713925,0.0,0.35,0,1
1789004000.7611592,69.23134469985962,-3.0463733602615846,-11.050966921905866,-1.3117798355255215,-0.014960928413519526,-0.001223595689053095,3,4,-9.59836782902453,-5.37865549130311,4.098667237441987,-6.995679314713925,0.0,0.35,0,1
1789004000.8124132,69.28259873390198,-3.0464936798043527,-11.050565635557515,-1.3053600363799711,-0.010878397384382585,0.0019610585696859984,3,4,-9.59836782902453,-5.37865549130311,4.098667237441987,-6.995679314713925,0.0,0.35,0,1
1789004000.830886,69.30107140541077,-3.0464610942501644,-11.050696527686414,-1.304853984161201,0.00028854573399218764,0.010980593442604198,3,4,-9.59836782902453,-5.37865549130311,4.098667237441987,-6.995679314713925,0.0,0.35,0,1
1789004000.8630178,69.33320331573486,-3.046457536491235,-11.050726435101906,-1.3019033167485157,0.0006835308029384095,0.015147415021132305,3,4,-9.59836782902453,-5.37865549130311,4.098667237441987,-6.995679314713925,0.0,0.35,0,1
1789004000.913793,69.38397860527039,-3.0464085715184526,-11.050916488539189,-1.2990216873887628,0.0019926808614413242,0.017901290607224094,3,4,-9.59836782902453,-5.37865549130311,4.098667237441987,-6.995679314713925,0.0,0.35,0,1
1789004000.9308658,69.40105128288269,-3.046382415997224,-11.051012406456488,-1.2984018791421852,0.003404948080961652,0.023425905490296533,3,4,-9.59836782902453,-5.37865549130311,4.098667237441987,-6.995679314713925,0.0,0.35,0,1
1789004000.9645858,69.43477129936218,-3.04635651642176,-11.051111359042288,-1.2956045289382498,0.002458284862891571,0.02636799539506257,3,4,-9.59836782902453,-5.37865549130311,4.098667237441987,-6.995679314713925,0.0,0.35,0,1
1789004001.0156634,69.485848903656,-3.0463170472384573,-11.051257641649798,-1.2916808328023313,0.0015577005918870554,0.028313402380862464,3,4,-9.59836782902453,-5.37865549130311,4.098667237441987,-6.995679314713925,0.0,0.35,0,1
1789004001.030931,69.50111651420593,-3.046279895257189,-11.051393134287599,-1.290966096854051,0.005290048057815185,0.03404204233262783,3,4,-9.59836782902453,-5.37865549130311,4.098667237441987,-6.995679314713925,0.0,0.35,0,1
1789004001.0663137,69.53649926185608,-3.0462288133689217,-11.051572989786324,-1.288921356830242,0.0049944605518908135,0.03666436504057576,3,4,-9.59836782902453,-5.37865549130311,4.098667237441987,-6.995679314713925,0.0,0.35,0,1
1789004001.1170292,69.58721470832825,-3.046098294901298,-11.052029449541603,-1.2866823175041184,0.007518283118645719,0.03832596980125636,3,4,-9.59836782902453,-5.37865549130311,4.098667237441987,-6.995679314713925,0.0,0.35,0,1
1789004001.1308355,69.60102105140686,-3.046060457589319,-11.052160105055991,-1.2859731338046148,0.007909166518870359,0.04166383003769614,3,4,-9.59836782902453,-5.37865549130311,4.098667237441987,-6.995679314713925,0.0,0.35,0,1
1789004001.1679716,69.63815712928772,-3.0459821393456465,-11.052428260478871,-1.2844629913980226,0.0070543307605032135,0.04385568290154532,3,4,-9.59836782902453,-5.37865549130311,4.098667237441987,-6.995679314713925,0.0,0.35,0,1
1789004001.2186027,69.68878817558289,-3.045931506857668,-11.052596933300538,-1.2824269517191378,0.0031087332328119006,0.04520001298778747,3,4,-9.59836782902453,-5.37865549130311,4.098667237441987,-6.995679314713925,0.0,0.35,0,1
1789004001.2309363,69.70112180709839,-3.045921001992865,-11.052632314807083,-1.2817414769868203,0.002704168122443443,0.047713071480942906,3,4,-9.59836782902453,-5.37865549130311,4.098667237441987,-6.995679314713925,0.0,0.35,0,1
1789004001.269399,69.73958444595337,-3.045899250472743,-11.052706631408508,-1.280625353371122,0.0013220424116360645,0.04769588337288399,3,4,-9.59836782902453,-5.37865549130311,4.098667237441987,-6.995679314713925,0.0,0.35,0,1
1789004001.3201146,69.79030013084412,-3.04585655581323,-11.052854200330591,-1.279187704941179,0.001480566253424578,0.0488719830831602,3,4,-9.59836782902453,-5.37865549130311,4.098667237441987,-6.995679314713925,0.0,0.35,0,1
1789004001.3309312,69.8011167049408,-3.0458350565597123,-11.052929507583698,-1.2785628988123061,0.003409054032883419,0.05058663788731503,3,4,-9.59836782902453,-5.37865549130311,4.098667237441987,-6.995679314713925,0.0,0.35,0,1
1789004001.3711464,69.84133195877075,-3.045803764770143,-11.05303637274364,-1.2783205581039163,0.0021283698204189122,0.05054022560338555,3,4,-9.59836782902453,-5.37865549130311,4.098667237441987,-6.995679314713925,0.0,0.35,0,1
1789004001.4219363,69.8921217918396,-3.045722228710346,-11.053312644406724,-1.2762121478118338,0.0037551252521639553,0.05141601228192534,3,4,-9.59836782902453,-5.37865549130311,4.098667237441987,-6.995679314713925,0.0,0.35,0,1
1789004001.4309173,69.90110278129578,-3.0456914744952006,-11.053418570169537,-1.2756850995259568,0.00633237582998369,0.0526274935085504,3,4,-9.59836782902453,-5.37865549130311,4.098667237441987,-6.995679314713925,0.0,0.35,0,1
1789004001.4728303,69.94301581382751,-3.0456215156551365,-11.053650780701272,-1.2744494000180764,0.005240100027219007,0.05260105634990693,3,4,-9.59836782902453,-5.37865549130311,4.098667237441987,-6.995679314713925,0.0,0.35,0,1
1789004001.480885,69.95107054710388,-3.0455927449859406,-11.05374850516373,-1.2740036893198234,0.007201425534781795,0.053036066240734564,3,4,-9.59836782902453,-5.37865549130311,4.098667237441987,-6.995679314713925,0.0,0.35,0,1
1789004001.5308955,70.00108098983765,-3.045515019885361,-11.054001897975626,-1.2726637984419362,0.0033388282332426685,0.05342210711534394,3,4,-9.59836782902453,-5.37865549130311,4.098667237441987,-6.995679314713925,0.0,0.35,0,1
1789004001.5749369,70.04512238502502,-3.0454805267584066,-11.054118172847014,-1.2719292824720936,0.002168686269602832,0.05337893139986548,3,4,-9.59836782902453,-5.37865549130311,4.098667237441987,-6.995679314713925,0.0,0.35,0,1
1789004001.580887,70.05107259750366,-3.0455214288639003,-11.053976076942618,-1.2716065755133228,-0.003934021359948492,0.053497383305835026,3,4,-9.59836782902453,-5.37865549130311,4.098667237441987,-6.995679314713925,0.0,0.35,0,1
1789004001.6308408,70.1010262966156,-3.045596353214859,-11.053733167966865,-1.2695019806770795,-0.006204725644727557,0.053597852401271524,3,4,-9.59836782902453,-5.37865549130311,4.098667237441987,-6.995679314713925,0.0,0.35,0,1
1789004001.6765087,70.14669418334961,-3.045690674518183,-11.053429762375552,-1.268057415585817,-0.007709945282007379,0.05357051435477704,3,4,-9.59836782902453,-5.37865549130311,4.098667237441987,-6.995679314713925,0.0,0.35,0,1
1789004001.6809344,70.15111994743347,-3.0456914098502557,-11.05342954564782,-1.2678229447743787,-0.00653875039251347,0.05351578999260948,3,4,-9.59836782902453,-5.37865549130311,4.098667237441987,-6.995679314713925,0.0,0.35,0,1
1789004001.7308853,70.20107078552246,-3.0457900735964416,-11.05311449079981,-1.2669415368029275,-0.006720877684930212,0.05303656785738399,3,4,-9.59836782902453,-5.37865549130311,4.098667237441987,-6.995679314713925,0.0,0.35,0,1
1789004001.7784367,70.24862217903137,-3.045895552942221,-11.052776698662736,-1.2652597988349747,-0.0081630891804452,0.05301356972827909,3,4,-9.59836782902453,-5.37865549130311,4.098667237441987,-6.995679314713925,0.0,0.35,0,1
1789004001.7808712,70.25105667114258,-3.0458897697117076,-11.0527977661703,-1.2651420162912006,-0.0065398061365796595,0.05275826358571349,3,4,-9.59836782902453,-5.37865549130311,4.098667237441987,-6.995679314713925,0.0,0.35,0,1
1789004001.8308325,70.30101799964905,-3.045987816751178,-11.052487957788879,-1.2631464656085871,-0.006479026312175317,0.05244012409033572,3,4,-9.59836782902453,-5.37865549130311,4.098667237441987,-6.995679314713925,0.0,0.35,0,1
1789004001.8797376,70.3499231338501,-3.0460928325949848,-11.052154668753127,-1.2616121137012941,-0.007811594371730932,0.0524038228805671,3,4,-9.59836782902453,-5.37865549130311,4.098667237441987,-6.995679314713925,0.0,0.35,0,1
1789004001.8809133,70.35109877586365,-3.0460751492196603,-11.05221476164758,-1.2615706694497197,-0.004983393016198268,0.052005499136114346,3,4,-9.59836782902453,-5.37865549130311,4.098667237441987,-6.995679314713925,0.0,0.35,0,1
1789004001.9309173,70.40110278129578,-3.0461352323964612,-11.052027066233796,-1.2606773847776895,-0.002877054166394849,0.051277635480693404,3,4,-9.59836782902453,-5.37865549130311,4.098667237441987,-6.995679314713925,0.0,0.35,0,1
1789004001.9813912,70.45157670974731,-3.0461872575699562,-11.05186278960491,-1.2588299391734779,-0.003950957527605814,0.0512485441148227,3,4,-9.59836782902453,-5.37865549130311,4.098667237441987,-6.995679314713925,0.0,0.35,0,1
1789004002.0322266,70.50241208076477,-3.0462179011473447,-11.051767164172231,-1.257434879289712,-0.0038031481079996944,0.04992348636989831,3,4,-9.59836782902453,-5.37865549130311,4.098667237441987,-6.995679314713925,0.0,0.35,0,1
1789004002.0834365,70.55362200737,-3.0462853371980643,-11.051556472678477,-1.2559688414234094,-0.00483667110138012,0.04988016432311946,3,4,-9.59836782902453,-5.37865549130311,4.098667237441987,-6.995679314713925,0.0,0.35,0,1
1789004002.133974,70.60415959358215,-3.04639006163334,-11.051236041507433,-1.253643737923767,-0.004924318011158084,0.048467568879681844,3,4,-9.59836782902453,-5.37865549130311,4.098667237441987,-6.995679314713925,0.0,0.35,0,1
1789004002.1847615,70.65494704246521,-3.0464753492011285,-11.050974759907326,-1.2517075069688295,-0.005899252548513445,0.048446222634298465,3,4,-9.59836782902453,-5.37865549130311,4.098667237441987,-6.995679314713925,0.0,0.35,0,1
1789004002.2355742,70.70575976371765,-3.0464438421783995,-11.051080086851442,-1.250237787252333,0.0004081419854209049,0.04725740389980372,3,4,-9.59836782902453,-5.37865549130311,4.098667237441987,-6.995679314713925,0.0,0.35,0,1
1789004002.286925,70.75711059570312,-3.0464421339330445,-11.051084388241406,-1.2482765829065938,-0.0002282588337388624,0.04723886873772007,3,4,-9.59836782902453,-5.37865549130311,4.098667237441987,-6.995679314713925,0.0,0.35,0,1
1789004002.3373692,70.80755472183228,-3.0464003974934974,-11.051214876475777,-1.2455774970211042,0.002145519493160144,0.04618076064135483,3,4,-9.59836782902453,-5.37865549130311,4.098667237441987,-6.995679314713925,0.0,0.35,0,1
1789004002.3879805,70.85816597938538,-3.046369601720631,-11.051306146882878,-1.2433234503273212,0.0016609658360632392,0.046177382782840844,3,4,-9.59836782902453,-5.37865549130311,4.098667237441987,-6.995679314713925,0.0,0.35,0,1
1789004002.438726,70.90891146659851,-3.0461376865861824,-11.052012737175472,-1.2407566806264856,0.014545492657175897,0.045560668138204384,3,4,-9.59836782902453,-5.37865549130311,4.098667237441987,-6.995679314713925,0.0,0.35,0,1
1789004002.4891384,70.95932388305664,-3.045898594008703,-11.052710053656002,-1.2381457477705613,0.014700000022138915,0.04557355735924162,3,4,-9.59836782902453,-5.37865549130311,4.098667237441987,-6.995679314713925,0.0,0.35,0,1
1789004002.5397067,71.0098922252655,-3.0456039277844273,-11.053558758786428,-1.2344971606358583,0.01513191142603798,0.04558354542243207,3,4,-9.59836782902453,-5.37865549130311,4.098667237441987,-6.995679314713925,0.0,0.35,0,1
1789004002.59046,71.06064558029175,-3.045412701507693,-11.054091156910419,-1.2314717426566975,0.009865890726278026,0.04580956571649899,3,4,-9.59836782902453,-5.37865549130311,4.098667237441987,-6.995679314713925,0.0,0.35,0,1
1789004002.641602,71.11178755760193,-3.0452508236292544,-11.05454090980962,-1.2276316486059868,0.008896729830112199,0.04627073129295635,3,4,-9.59836782902453,-5.37865549130311,4.098667237441987,-6.995679314713925,0.0,0.35,0,1
1789004002.6921973,71.16238284111023,-3.0450948555661523,-11.054973880732277,-1.224450910898285,0.00911652235431772,0.04686474138491055,3,4,-9.59836782902453,-5.37865549130311,4.098667237441987,-6.995679314713925,0.0,0.35,0,1
1789004002.7429714,71.21315693855286,-3.0449339696247817,-11.05541205500818,-1.2202747833166627,0.009244896594316815,0.0475192554556862,3,4,-9.59836782902453,-5.37865549130311,4.098667237441987,-6.995679314713925,0.0,0.35,0,1
1789004002.7938325,71.26401805877686,-3.04479703940049,-11.055776967678636,-1.2167940364773806,0.0072550221340532805,0.048389226884376454,3,4,-9.59836782902453,-5.37865549130311,4.098667237441987,-6.995679314713925,0.0,0.35,0,1
1789004002.8449507,71.31513619422913,-3.0446877910011434,-11.0560589794686,-1.2124194548182816,0.004817178937853678,0.04934183776409198,3,4,-9.59836782902453,-5.37865549130311,4.098667237441987,-6.995679314713925,0.0,0.35,0,1
1789004002.89558,71.36576557159424,-3.044640011934435,-11.056176595371124,-1.2089432481191549,0.0019648664259275224,0.050512716683039555,3,4,-9.59836782902453,-5.37865549130311,4.098667237441987,-6.995679314713925,0.0,0.35,0,1
1789004002.9464262,71.41661167144775,-3.044623160288852,-11.056211303036644,-1.2046160404040318,-0.0002488233709286459,0.051441035578164894,3,4,-9.59836782902453,-5.37865549130311,4.098667237441987,-6.995679314713925,0.0,0.35,0,1
1789004002.9975727,71.46775817871094,-3.0446399305451166,-11.056162670550226,-1.2003539944586177,-0.0013376310194775053,0.052873304435277,3,4,-9.59836782902453,-5.37865549130311,4.098667237441987,-6.995679314713925,0.0,0.35,0,1
1789004003.0481746,71.51836013793945,-3.0446699426516624,-11.056082531155099,-1.1960005687917985,-0.0020269858896298674,0.05401206259982128,3,4,-9.59836782902453,-5.37865549130311,4.098667237441987,-6.995679314713925,0.0,0.35,0,1
1789004003.0989406,71.56912612915039,-3.0447150167044654,-11.055967029365595,-1.192280728865704,-0.00273317276811622,0.055418565110000276,3,4,-9.59836782902453,-5.37865549130311,4.098667237441987,-6.995679314713925,0.0,0.35,0,1
1789004003.1496882,71.61987376213074,-3.0446511287210276,-11.056146526303143,-1.187310908303618,0.004084821241061312,0.05597307661561775,3,4,-9.59836782902453,-5.37865549130311,4.098667237441987,-6.995679314713925,0.0,0.35,0,1
1789004003.2009442,71.67112970352173,-3.0443747050505987,-11.056861368947201,-1.1823175963791994,0.01574203125545523,0.05835478503731667,3,4,-9.59836782902453,-5.37865549130311,4.098667237441987,-6.995679314713925,0.0,0.35,0,1
1789004003.2515707,71.72175621986389,-3.044016339786685,-11.057736760363925,-1.1770588157700328,0.019027388426632694,0.05914184857724204,3,4,-9.59836782902453,-5.37865549130311,4.098667237441987,-6.995679314713925,0.0,0.35,0,1
1789004003.302379,71.77256441116333,-3.0437003010371955,-11.058477506228058,-1.172500749238014,0.015475413119932172,0.06177658845339117,3,4,-9.59836782902453,-5.37865549130311,4.098667237441987,-6.995679314713925,0.0,0.35,0,1
1789004003.3534174,71.82360291481018,-3.043497764920582,-11.058916483650323,-1.1647092038609863,0.009399185688585632,0.06253210010155845,3,4,-9.59836782902453,-5.37865549130311,4.098667237441987,-6.995679314713925,0.0,0.35,0,1
1789004003.4039762,71.87416172027588,-3.043394700796679,-11.05913633065816,-1.160179668658385,0.00488547567499688,0.06636827204294427,3,4,-9.59836782902453,-5.37865549130311,4.098667237441987,-6.995679314713925,0.0,0.35,0,1
1789004003.4545586,71.92474412918091,-3.043335503481147,-11.05925657143925,-1.1544315276185644,0.002510883063138524,0.06726278137117828,3,4,-9.59836782902453,-5.37865549130311,4.098667237441987,-6.995679314713925,0.0,0.35,0,1
1789004003.5052962,71.97548174858093,-3.043303807364224,-11.059321544766549,-1.1495167791495742,0.0013490001972205194,0.07028112210907174,3,4,-9.59836782902453,-5.37865549130311,4.098667237441987,-6.995679314713925,0.0,0.35,0,1
1789004003.530835,72.00102043151855,-3.04329559355248,-11.059338199421367,-1.1476841214323508,0.0006591754202652686,0.07100971807416523,3,4,-9.59836782902453,-5.37865549130311,4.098667237441987,-6.995679314713925,0.0,0.35,0,1
1789004003.5566256,72.02681112289429,-3.043286483186737,-11.05934813150226,-1.1416148007226208,0.00038975636512506224,0.07275257985974247,3,4,-9.59836782902453,-5.37865549130311,4.098667237441987,-6.995679314713925,0.0,0.35,0,1
1789004003.6072962,72.07748174667358,-3.0432934292493083,-11.059329518095602,-1.1369487330430401,-0.0006144647687206147,0.07513488693971694,3,4,-9.59836782902453,-5.37865549130311,4.098667237441987,-6.995679314713925,0.0,0.35,0,1
1789004003.630912,72.10109758377075,-3.0432655506696182,-11.05940195382576,-1.1351320048775335,0.0027544730815850056,0.07598501158775017,3,4,-9.59836782902453,-5.37865549130311,4.098667237441987,-6.995679314713925,0.0,0.35,0,1
1789004003.658107,72.12829256057739,-3.0432287854968267,-11.059479259871678,-1.1306850427543373,0.0031534513287850862,0.07724962110144747,3,4,-9.59836782902453,-5.37865549130311,4.098667237441987,-6.995679314713925,0.0,0.35,0,1
1789004003.708989,72.17917442321777,-3.043048720653019,-11.059877993352737,-1.125458570302754,0.008676745272892658,0.07918322811439846,3,4,-9.59836782902453,-5.37865549130311,4.098667237441987,-6.995679314713925,0.0,0.35,0,1
1789004003.7308328,72.20101833343506,-3.042951713550146,-11.060086536029624,-1.1236912550895244,0.010239853463157625,0.07991772081737704,3,4,-9.59836782902453,-5.37865549130311,4.098667237441987,-6.995679314713925,0.0,0.35,0,1
1789004003.7602205,72.2304060459137,-3.042813688563816,-11.060363944764038,-1.1163034227525503,0.010647555920677251,0.08189487814516011,3,4,-9.59836782902453,-5.37865549130311,4.098667237441987,-6.995679314713925,0.0,0.35,0,1
1789004003.8108363,72.2810218334198,-3.04263850079252,-11.060708939895406,-1.111020403180932,0.00796495044861879,0.08316844296977864,3,4,-9.59836782902453,-5.37865549130311,4.098667237441987,-6.995679314713925,0.0,0.35,0,1
1789004003.8308337,72.30101919174194,-3.042615225502872,-11.060740148010176,-1.1092241743454676,0.0035274637560473174,0.08549099779167378,3,4,-9.59836782902453,-5.37865549130311,4.098667237441987,-6.995679314713925,0.0,0.35,0,1
1789004003.861708,72.33189344406128,-3.0425701665904055,-11.060821620692453,-1.103685606547653,0.0027815322550013115,0.08697469418667349,3,4,-9.59836782902453,-5.37865549130311,4.098667237441987,-6.995679314713925,0.0,0.35,0,1
1789004003.9129148,72.38310027122498,-3.0425452904139685,-11.060855252529498,-1.094421790098276,0.0008607643049189722,0.08803441907895385,3,4,-9.59836782902453,-5.37865549130311,4.098667237441987,-6.995679314713925,0.0,0.35,0,1
1789004003.9308398,72.40102529525757,-3.0425504470981166,-11.060841814213632,-1.092666065008159,-0.00021115133945283343,0.09149530386564522,3,4,-9.59836782902453,-5.37865549130311,4.098667237441987,-6.995679314713925,0.0,0.35,0,1
1789004003.9635296,72.43371510505676,-3.0425552487971803,-11.060828921229115,-1.0874950471795188,-0.0005791005393652719,0.09324777134622303,3,4,-9.59836782902453,-5.37865549130311,4.098667237441987,-6.995679314713925,0.0,0.35,0,1
1789004004.0144649,72.48465037345886,-3.0425726889948987,-11.060794841767406,-1.081725760653363,-0.000938681868639888,0.094382700206657,3,4,-9.59836782902453,-5.37865549130311,4.098667237441987,-6.995679314713925,0.0,0.35,0,1
1789004004.0308402,72.5010256767273,-3.042582168736385,-11.060776517207739,-1.080056528029692,-0.001215931232671821,0.09658993169679696,3,4,-9.59836782902453,-5.37865549130311,4.098667237441987,-6.995679314713925,0.0,0.35,0,1
1789004004.0652306,72.53541612625122,-3.042603605013179,-11.060734484822595,-1.0742352966117137,-0.0015175077157788771,0.09801264014503946,3,4,-9.59836782902453,-5.37865549130311,4.098667237441987,-6.995679314713925,0.0,0.35,0,1
1789004004.1167023,72.5868878364563,-3.0426503950999275,-11.060646034806865,-1.065044516790283,-0.0021049524792974583,0.0989895772210366,3,4,-9.59836782902453,-5.37865549130311,4.098667237441987,-6.995679314713925,0.0,0.35,0,1
1789004004.1308632,72.60104870796204,-3.0426144673875,-11.06072873227369,-1.0634845164271107,0.0025271418627799747,0.1022623080050321,3,4,-9.59836782902453,-5.37865549130311,4.098667237441987,-6.995679314713925,0.0,0.35,0,1
1789004004.16739,72.63757562637329,-3.042561897609647,-11.060825940521166,-1.0578583152794527,0.0033453200405509755,0.10393814281768847,3,4,-9.59836782902453,-5.37865549130311,4.098667237441987,-6.995679314713925,0.0,0.35,0,1
1789004004.2179842,72.6881697177887,-3.04229305042539,-11.061325338927311,-1.0519416748712258,0.009826521965143924,0.10497449251588482,3,4,-9.59836782902453,-5.37865549130311,4.098667237441987,-6.995679314713925,0.0,0.35,0,1
1789004004.230891,72.70107650756836,-3.042188150333794,-11.061521160940845,-1.0504789217245973,0.013169432400944517,0.10701296987720552,3,4,-9.59836782902453,-5.37865549130311,4.098667237441987,-6.995679314713925,0.0,0.35,0,1
1789004004.2688596,72.73904514312744,-3.041928137466898,-11.061968277889783,-1.0417336772940378,0.013990084036542188,0.10913625875106205,3,4,-9.59836782902453,-5.37865549130311,4.098667237441987,-6.995679314713925,0.0,0.35,0,1
1789004004.3193164,72.78950190544128,-3.04169070353319,-11.062349952758339,-1.0327212104186498,0.010087836104794898,0.11044676959732755,3,4,-9.59836782902453,-5.37865549130311,4.098667237441987,-6.995679314713925,0.0,0.35,0,1
1789004004.3308651,72.80105066299438,-3.0417089831804143,-11.06229348146877,-1.0312938585003535,0.0033654229270442485,0.11348252484710843,3,4,-9.59836782902453,-5.37865549130311,4.098667237441987,-6.995679314713925,0.0,0.35,0,1
1789004004.369983,72.84016847610474,-3.041640702103018,-11.062403572636393,-1.0249683561901675,0.003255159708077171,0.11352734782891935,3,4,-9.59836782902453,-5.37865549130311,4.098667237441987,-6.995679314713925,0.333321872730448,0.35,0,1
1789004004.4207747,72.89096021652222,-3.0416782673234315,-11.06232750772231,-1.018584442635691,-0.0005593003533011441,0.11525449252383661,3,4,-9.59836782902453,-5.37865549130311,4.098667237441987,-6.995679314713925,0.333321872730448,0.35,0,1
1789004004.4308329,72.90101838111877,-3.041693818263147,-11.062298755249458,-1.017281708892037,-0.001565287900176831,0.1178503481842389,3,4,-9.59836782902453,-5.37865549130311,4.098667237441987,-6.995679314713925,0.3408561352164025,0.35,0,1
1789004004.4718301,72.94201564788818,-3.041728734325196,-11.06223791747902,-1.0086905962440724,-0.0018589459845871465,0.11794749950803379,3,4,-9.59836782902453,-5.37865549130311,4.098667237441987,-6.995679314713925,0.34123415299870435,0.35,0,1
1789004004.5224125,72.99259805679321,-3.0417862542485743,-11.062144269852745,-0.9993742850709558,-0.0023207866013148066,0.12020547232570816,3,4,-9.59836782902453,-5.37865549130311,4.098667237441987,-6.995679314713925,0.34123415299870435,0.35,0,1
1789004004.5308387,73.00102424621582,-3.041717557320399,-11.062276904295553,-0.9981655907005821,0.004247773207822525,0.12388551707652946,3,4,-9.59836782902453,-5.37865549130311,4.098667237441987,-6.995679314713925,0.3488205042988764,0.35,0,1
1789004004.5731828,73.04336833953857,-3.041619910676157,-11.062427168820422,-0.9913763256827922,0.004214970286368938,0.1239275133490044,3,4,-9.59836782902453,-5.37865549130311,4.098667237441987,-6.995679314713925,0.349205327867182,0.35,0,1
1789004004.5809226,73.05110812187195,-3.0414483711065583,-11.062734172226289,-0.9903299247731631,0.015806074088094778,0.12566268649927553,3,4,-9.59836782902453,-5.37865549130311,4.098667237441987,-6.995679314713925,0.349205327867182,0.35,0,1
1789004004.6308355,73.10102105140686,-3.040663411946668,-11.064022964798689,-0.98120373057444,0.043826510496768306,0.1294827150529947,3,4,-9.59836782902453,-5.37865549130311,4.098667237441987,-6.995679314713925,0.3549965117546495,0.35,0,1
1789004004.6750822,73.14526772499084,-3.0395625213903745,-11.06566350865104,-0.974262755026679,0.045475665865707206,0.12951619018747995,3,4,-9.59836782902453,-5.37865549130311,4.098667237441987,-6.995679314713925,0.3529430124484256,0.35,0,1
1789004004.6809103,73.15109586715698,-3.038844422841348,-11.066890780074935,-0.973430355167823,0.08941837070823794,0.13116027547255724,3,4,-9.59836782902453,-5.37865549130311,4.098667237441987,-6.995679314713925,0.3529430124484256,0.35,0,1
1789004004.7309113,73.20109677314758,-3.0361116669131425,-11.070948494577268,-0.966942205971824,0.10560294722772554,0.13339078239958813,3,4,-9.59836782902453,-5.37865549130311,4.098667237441987,-6.995679314713925,0.3605733608396948,0.35,0,1
1789004004.7767732,73.24695873260498,-3.0332955414934246,-11.07500645553678,-0.9591892732452761,0.10979524688976362,0.1334348999954321,3,4,-9.59836782902453,-5.37865549130311,4.098667237441987,-6.995679314713925,0.35841941107054065,0.35,0,1
1789004004.7809327,73.25111818313599,-3.0327512924639213,-11.075867365706841,-0.9585749292387118,0.13218864395348134,0.13466385349615123,3,4,-9.59836782902453,-5.37865549130311,4.098667237441987,-6.995679314713925,0.35841941107054065,0.35,0,1
1789004004.8308835,73.30106902122498,-3.0285574730832696,-11.081834309154388,-0.948147757044864,0.15960615412943113,0.13803951215327764,3,4,-9.59836782902453,-5.37865549130311,4.098667237441987,-6.995679314713925,0.36673641716859395,0.35,0,1
1789004004.8784473,73.3486328125,-3.0240169615737478,-11.088106597270318,-0.9396277370269326,0.16597148112297552,0.13809278137901607,3,4,-9.59836782902453,-5.37865549130311,4.098667237441987,-6.995679314713925,0.3647983695400862,0.35,0,1
1789004004.8809104,73.3510959148407,-3.0233071932987907,-11.089225475134194,-0.9392176331084796,0.20366340149479278,0.1396757161508145,3,4,-9.59836782902453,-5.37865549130311,4.098667237441987,-6.995679314713925,0.3647983695400862,0.35,0,1
1789004004.9309163,73.40110182762146,-3.016752014433003,-11.098285423875229,-0.9317528423243386,0.24391276511949977,0.14198998573388794,3,4,-9.59836782902453,-5.37865549130311,4.098667237441987,-6.995679314713925,0.37285579398906854,0.35,0,1
1789004004.979639,73.4498245716095,-3.0094487913370718,-11.107962547926363,-0.9213380436632281,0.2536896492590279,0.14208323544245868,3,4,-9.59836782902453,-5.37865549130311,4.098667237441987,-6.995679314713925,0.3706646589973123,0.35,0,1
1789004004.9809046,73.45109009742737,-3.0091031761002385,-11.10846616984121,-0.9210887477857231,0.266057672314958,0.14361213431272057,3,4,-9.59836782902453,-5.37865549130311,4.098667237441987,-6.995679314713925,0.3706646589973123,0.35,0,1
1789004005.03088,73.50106549263,-3.000714262349885,-11.119178560848434,-0.9073556984858407,0.2783124079909705,0.14681984271166895,3,4,-9.59836782902453,-5.37865549130311,4.098667237441987,-6.995679314713925,0.37368199794388407,0.35,0,1
1789004005.0810678,73.55125331878662,-2.9918581561937683,-11.130329559964041,-0.8968147833275777,0.28905020095489103,0.1469344648774383,3,4,-9.59836782902453,-5.37865549130311,4.098667237441987,-6.995679314713925,0.37843971262555065,0.35,0,1
1789004005.131688,73.60187363624573,-2.982531087507597,-11.141921306039222,-0.8876467461050989,0.299509895417524,0.1525116310421943,3,4,-9.59836782902453,-5.37865549130311,4.098667237441987,-6.995679314713925,0.3823057895129648,0.35,0,1
1789004005.1828277,73.65301322937012,-2.972427851589517,-11.153816231290863,-0.8721424933349732,0.310433977290205,0.15281254836235708,3,4,-9.59836782902453,-5.37865549130311,4.098667237441987,-6.995679314713925,0.3888566973825306,0.35,0,1
1789004005.233445,73.7036304473877,-2.9620175980977983,-11.165763786434406,-0.8577370863409476,0.3148506622135959,0.16100662228319843,3,4,-9.59836782902453,-5.37865549130311,4.098667237441987,-6.995679314713925,0.3903431768186598,0.35,0,1
1789004005.2842736,73.75445914268494,-2.9512373436766794,-11.1779599861223,-0.845797595228821,0.32539396559257655,0.16116046616022353,3,4,-9.59836782902453,-5.37865549130311,4.098667237441987,-6.995679314713925,0.3998732057021731,0.35,0,1
1789004005.3351083,73.80529379844666,-2.940530432977306,-11.18985961597822,-0.8355195226953434,0.32021522076086234,0.1680720661797406,3,4,-9.59836782902453,-5.37865549130311,4.098667237441987,-6.995679314713925,0.3997513657225022,0.35,0,1
1789004005.3863223,73.85650777816772,-2.929038453747466,-11.201935963748523,-0.818812174546122,0.3300800306982585,0.16839974358710913,3,4,-9.59836782902453,-5.37865549130311,4.098667237441987,-6.995679314713925,0.40716292782770275,0.35,0,1
1789004005.4369404,73.90712594985962,-2.9179320864994316,-11.213255631707042,-0.8036111110258811,0.318113530324285,0.17760649194860126,3,4,-9.59836782902453,-5.37865549130311,4.098667237441987,-6.995679314713925,0.4087436037389845,0.35,0,1
1789004005.4877143,73.95789980888367,-2.906428994571207,-11.224919599005487,-0.7911098784855556,0.3268537146326718,0.17775152417784623,3,4,-9.59836782902453,-5.37865549130311,4.098667237441987,-6.995679314713925,0.4191289630474587,0.35,0,1
1789004005.5388684,74.00905394554138,-2.894910789180192,-11.236025479422313,-0.7753209658343244,0.3191125761922523,0.18679970136141327,3,4,-9.59836782902453,-5.37865549130311,4.098667237441987,-6.995679314713925,0.418630921485388,0.35,0,1
1789004005.5894759,74.05966138839722,-2.883235016957002,-11.247204271215644,-0.7627730704958895,0.3217344146636496,0.1921289975983887,3,4,-9.59836782902453,-5.37865549130311,4.098667237441987,-6.995679314713925,0.4282403379749687,0.35,0,1
1789004005.6403081,74.11049365997314,-2.8710917020587314,-11.258400232496323,-0.7475082414163868,0.3276261798106402,0.19559899562888303,3,4,-9.59836782902453,-5.37865549130311,4.098667237441987,-6.995679314713925,0.4283232502182701,0.35,0,1
1789004005.6910949,74.16128039360046,-2.8586589247082146,-11.269685816507023,-0.734768638437092,0.33396562400499125,0.19995921611684994,3,4,-9.59836782902453,-5.37865549130311,4.098667237441987,-6.995679314713925,0.43316244195147924,0.35,0,1
1789004005.7420526,74.212238073349,-2.845793013557751,-11.280939368045788,-0.7199620870669405,0.3366845032081411,0.20360764317229704,3,4,-9.59836782902453,-5.37865549130311,4.098667237441987,-6.995679314713925,0.4379985680427682,0.35,0,1
1789004005.7925055,74.26269102096558,-2.8328646038373453,-11.292060661683934,-0.7073502834503034,0.3408236865615797,0.2080598438279051,3,4,-9.59836782902453,-5.37865549130311,4.098667237441987,-6.995679314713925,0.4433376565315318,0.35,0,1
1789004005.8430367,74.3132221698761,-2.819463206013663,-11.30313254269422,-0.6917446661611205,0.3467115248712807,0.2111767309777781,3,4,-9.59836782902453,-5.37865549130311,4.098667237441987,-6.995679314713925,0.44736690947989,0.35,0,1
1789004005.8937175,74.3639030456543,-2.8054054854166823,-11.314497448843623,-0.6773199453387937,0.3616901985058072,0.2157723615020003,3,4,-9.59836782902453,-5.37865549130311,4.098667237441987,-6.995679314713925,0.45224549015305326,0.35,0,1
1789004005.9441428,74.4143283367157,-2.790704909959596,-11.32605943221745,-0.6622156917402577,0.3788800788372143,0.21906474718769822,3,4,-9.59836782902453,-5.37865549130311,4.098667237441987,-6.995679314713925,0.4579728858510856,0.35,0,1
1789004005.994679,74.46486449241638,-2.775378062886148,-11.337837216800834,-0.6494411534187732,0.386292943680013,0.22307236374048736,3,4,-9.59836782902453,-5.37865549130311,4.098667237441987,-6.995679314713925,0.4624585596285097,0.35,0,1
1789004006.0452237,74.51540923118591,-2.7595639443973914,-11.34947663430246,-0.6336862865332984,0.39041986867070644,0.22586633575872178,3,4,-9.59836782902453,-5.37865549130311,4.098667237441987,-6.995679314713925,0.4671423736514875,0.35,0,1
1789004006.0960937,74.56627917289734,-2.7434519282766967,-11.36104288740733,-0.6197559346925404,0.39271857840115826,0.22986400010984656,3,4,-9.59836782902453,-5.37865549130311,4.098667237441987,-6.995679314713925,0.47199511207473727,0.35,0,1
1789004006.1466892,74.61687469482422,-2.727022329435625,-11.372439783601353,-0.6041431484325153,0.39742276758267214,0.2327666477649686,3,4,-9.59836782902453,-5.37865549130311,4.098667237441987,-6.995679314713925,0.47753261729508734,0.35,0,1
1789004006.1974397,74.66762518882751,-2.7102871808469637,-11.383821033007688,-0.591011625290677,0.4019915059181402,0.23625929153750092,3,4,-9.59836782902453,-5.37865549130311,4.098667237441987,-6.995679314713925,0.48202681381419626,0.35,0,1
1789004006.2481725,74.71835803985596,-2.6931303651931513,-11.394957127191665,-0.5747075755388593,0.4042034229113647,0.23877666710564094,3,4,-9.59836782902453,-5.37865549130311,4.098667237441987,-6.995679314713925,0.48681451661097463,0.35,0,1
1789004006.299403,74.76958847045898,-2.67562632686253,-11.406053378879818,-0.5605233530046975,0.40747607002467434,0.2423108319508693,3,4,-9.59836782902453,-5.37865549130311,4.098667237441987,-6.995679314713925,0.4918379324987481,0.35,0,1
1789004006.350066,74.82025146484375,-2.6578854258101985,-11.41681516759916,-0.5446900762995536,0.4125321231908206,0.24379753213631863,3,4,-9.59836782902453,-5.37865549130311,4.098667237441987,-6.995679314713925,0.49743846121430235,0.35,0,1
1789004006.4011092,74.87129473686218,-2.639685222696899,-11.42771037318067,-0.5312905667435822,0.4190062839787328,0.24803486994869312,3,4,-9.59836782902453,-5.37865549130311,4.098667237441987,-6.995679314713925,0.5020924021473931,0.35,0,1
1789004006.4522097,74.9223952293396,-2.620793961163723,-11.438261855249905,-0.5131174987387688,0.4264138576346242,0.24912985044993657,3,4,-9.59836782902453,-5.37865549130311,4.098667237441987,-6.995679314713925,0.5095838410801017,0.35,0,1
1789004006.5028343,74.97301983833313,-2.6019762689666113,-11.448787395370735,-0.5004250608076087,0.4287869830465212,0.2538017839551896,3,4,-9.59836782902453,-5.37865549130311,4.098667237441987,-6.995679314713925,0.5128749757461339,0.35,0,1
1789004006.5537193,75.02390480041504,-2.5825674559604606,-11.459096492303404,-0.48488093037547003,0.4349402702076578,0.2548165902158071,3,4,-9.59836782902453,-5.37865549130311,4.098667237441987,-6.995679314713925,0.5211745041931631,0.35,0,1
1789004006.6044466,75.07463216781616,-2.562853813659897,-11.469434044884608,-0.4720611620396574,0.44219417564671465,0.257880290327254,3,4,-9.59836782902453,-5.37865549130311,4.098667237441987,-6.995679314713925,0.5222131815309664,0.35,0,1
1789004006.6555808,75.12576627731323,-2.542508746364123,-11.479322799192095,-0.4544681599649434,0.4452065878237384,0.2586435127601469,3,4,-9.59836782902453,-5.37865549130311,4.098667237441987,-6.995679314713925,0.5295892629301128,0.35,0,1
1789004006.7063496,75.17653512954712,-2.5223216528394197,-11.489139054084063,-0.44185319829943653,0.4451703897145349,0.26213117557676774,3,4,-9.59836782902453,-5.37865549130311,4.098667237441987,-6.995679314713925,0.5324265142136647,0.35,0,1
1789004006.730921,75.20110654830933,-2.512508622703481,-11.493754319970371,-0.4353772541747945,0.4430287814103189,0.2627937904163971,3,4,-9.59836782902453,-5.37865549130311,4.098667237441987,-6.995679314713925,0.5406069219470262,0.35,0,1
1789004006.757214,75.22739958763123,-2.501850098998036,-11.49852359629447,-0.42635135933885554,0.4451223344977181,0.2637966557509302,3,4,-9.59836782902453,-5.37865549130311,4.098667237441987,-6.995679314713925,0.5415949492972979,0.35,0,1
1789004006.8083858,75.2785713672638,-2.480811220973225,-11.50770326528448,-0.4095023343804889,0.451102427529404,0.2659063005783943,3,4,-9.59836782902453,-5.37865549130311,4.098667237441987,-6.995679314713925,0.5415949492972979,0.35,0,1
1789004006.8309128,75.3010983467102,-2.4714164885049588,-11.511793035313213,-0.40346632854057957,0.4558419983391397,0.26685171243110806,3,4,-9.59836782902453,-5.37865549130311,4.098667237441987,-6.995679314713925,0.5474323249283195,0.35,0,1
1789004006.8590062,75.3291916847229,-2.4595460375045173,-11.516742572359915,-0.39456932644383397,0.45923087560396225,0.26796840697018176,3,4,-9.59836782902453,-5.37865549130311,4.098667237441987,-6.995679314713925,0.5524339093223192,0.35,0,1
1789004006.9097855,75.37997102737427,-2.438021237240832,-11.525727994003592,-0.38225284030122936,0.4624982700702094,0.2686973755301548,3,4,-9.59836782902453,-5.37865549130311,4.098667237441987,-6.995679314713925,0.5524339093223192,0.35,0,1
1789004006.930903,75.40108847618103,-2.4288688685415254,-11.529425869697329,-0.37651579974785776,0.46844915466514203,0.2697010841531861,3,4,-9.59836782902453,-5.37865549130311,4.098667237441987,-6.995679314713925,0.5568561444441907,0.35,0,1
1789004006.960743,75.43092846870422,-2.415749834086276,-11.534452909750806,-0.3666359904350421,0.47241284994025606,0.2704499481937841,3,4,-9.59836782902453,-5.37865549130311,4.098667237441987,-6.995679314713925,0.5638373444806205,0.35,0,1
1789004007.0118184,75.48200392723083,-2.39262592959273,-11.543001143354031,-0.34982030677662257,0.48495036691371646,0.27101762446643607,3,4,-9.59836782902453,-5.37865549130311,4.098667237441987,-6.995679314713925,0.5638373444806205,0.35,0,1
1789004007.030833,75.50101852416992,-2.383885846732358,-11.546201374651046,-0.34456584732174145,0.4892969172088693,0.2728635692384575,3,4,-9.59836782902453,-5.37865549130311,4.098667237441987,-6.995679314713925,0.5672747292959084,0.35,0,1
1789004007.062347,75.53253245353699,-2.3692678625764922,-11.551327855997538,-0.33460514165969535,0.49337674398301823,0.27381716515802107,3,4,-9.59836782902453,-5.37865549130311,4.098667237441987,-6.995679314713925,0.5760667798488324,0.35,0,1
1789004007.1129465,75.58313202857971,-2.3456035447927523,-11.559598890070825,-0.32213899357951004,0.49880361584708044,0.2744077673913103,3,4,-9.59836782902453,-5.37865549130311,4.098667237441987,-6.995679314713925,0.5760667798488324,0.35,0,1
1789004007.1308386,75.60102415084839,-2.337210862136132,-11.562379747805885,-0.31718269618317496,0.4969406409517445,0.27517888302950366,3,4,-9.59836782902453,-5.37865549130311,4.098667237441987,-6.995679314713925,0.5766954648403825,0.35,0,1
1789004007.1641483,75.63433384895325,-2.3213381849491617,-11.56730455876183,-0.3050064479236455,0.5002168643458996,0.27615393947695116,3,4,-9.59836782902453,-5.37865549130311,4.098667237441987,-6.995679314713925,0.5844510618834338,0.35,0,1
1789004007.2147603,75.68494582176208,-2.2970636814976584,-11.574991322971833,-0.2923492346661356,0.5062435770905809,0.27671435220785756,3,4,-9.59836782902453,-5.37865549130311,4.098667237441987,-6.995679314713925,0.5844510618834338,0.35,0,1
1789004007.2309484,75.70113396644592,-2.2891748175649056,-11.577372133472315,-0.2878299252606107,0.5094474215130798,0.2774072650283025,3,4,-9.59836782902453,-5.37865549130311,4.098667237441987,-6.995679314713925,0.5864392649404145,0.35,0,1
1789004007.2655554,75.73574090003967,-2.2721444038437597,-11.582248225060715,-0.27642472561905723,0.5137995297785999,0.2780106083225217,3,4,-9.59836782902453,-5.37865549130311,4.098667237441987,-6.995679314713925,0.593927092022215,0.35,0,1
1789004007.3163612,75.78654670715332,-2.2469761361430733,-11.589414825784464,-0.26346994417008857,0.518472833869169,0.27834815896148585,3,4,-9.59836782902453,-5.37865549130311,4.098667237441987,-6.995679314713925,0.593927092022215,0.35,0,1
1789004007.3308904,75.80107593536377,-2.2397550203570313,-11.591349500247153,-0.25940134245225993,0.5174761608487993,0.2787655862193757,3,4,-9.59836782902453,-5.37865549130311,4.098667237441987,-6.995679314713925,0.5958308938731588,0.35,0,1
1789004007.367201,75.83738660812378,-2.2214220867478063,-11.59584424145937,-0.24548337119151856,0.5211727098363707,0.2796921853814774,3,4,-9.59836782902453,-5.37865549130311,4.098667237441987,-6.995679314713925,0.6041537422142774,0.35,0,1
1789004007.417668,75.88785362243652,-2.1960143705475064,-11.602223481421818,-0.2324572992113448,0.5228646416559909,0.28019787179792544,3,4,-9.59836782902453,-5.37865549130311,4.098667237441987,-6.995679314713925,0.6041537422142774,0.35,0,1
1789004007.430835,75.90102052688599,-2.1893887532510945,-11.603776361737637,-0.22873242825869824,0.5210026406635478,0.28084429915561004,3,4,-9.59836782902453,-5.37865549130311,4.098667237441987,-6.995679314713925,0.6060925319195567,0.35,0,1
1789004007.468479,75.93866443634033,-2.170181652474287,-11.608085788325106,-0.2164836263050365,0.5244523990171265,0.28140128831720407,3,4,-9.59836782902453,-5.37865549130311,4.098667237441987,-6.995679314713925,0.6139651612075568,0.35,0,1
1789004007.5192833,75.9894688129425,-2.1441432597852774,-11.613864505459462,-0.20351122287333956,0.5282191598726087,0.28169648744140274,3,4,-9.59836782902453,-5.37865549130311,4.098667237441987,-6.995679314713925,0.6139651612075568,0.35,0,1
1789004007.5308347,76.00102019309998,-2.138204576261467,-11.615081826321672,-0.20023965516221945,0.5276869941306291,0.28201043905234285,3,4,-9.59836782902453,-5.37865549130311,4.098667237441987,-6.995679314713925,0.6156041232864837,0.35,0,1
1789004007.5705352,76.04072070121765,-2.1175124412509105,-11.618950222044774,-0.1857401669751391,0.5318668060409524,0.2820997901697012,3,4,-9.59836782902453,-5.37865549130311,4.098667237441987,-6.995679314713925,0.6173512024539367,0.35,0,1
1789004007.6212933,76.09147882461548,-2.0909705685400204,-11.623997912072692,-0.1727061784589066,0.53558309453371,0.2827921665404626,3,4,-9.59836782902453,-5.37865549130311,4.098667237441987,-6.995679314713925,0.6173512024539367,0.35,0,1
1789004007.630881,76.10106658935547,-2.0859897224393347,-11.624851278628833,-0.16995718731904533,0.5331554435656202,0.28346306643389896,3,4,-9.59836782902453,-5.37865549130311,4.098667237441987,-6.995679314713925,0.630458861284833,0.35,0,1
1789004007.6721418,76.14232730865479,-2.064185426287619,-11.628413501142235,-0.15642208326503496,0.5372990150365144,0.2835205723885083,3,4,-9.59836782902453,-5.37865549130311,4.098667237441987,-6.995679314713925,0.6310737865269339,0.35,0,1
1789004007.7226622,76.19284772872925,-2.0373221531274677,-11.63270867521794,-0.14325478109195006,0.5414373631868932,0.284019023160628,3,4,-9.59836782902453,-5.37865549130311,4.098667237441987,-6.995679314713925,0.6310737865269339,0.35,0,1
1789004007.7308326,76.20101809501648,-2.0328561101820535,-11.633000902514684,-0.13739574254968548,0.5429236929682332,0.28556765562166186,3,4,-9.59836782902453,-5.37865549130311,4.098667237441987,-6.995679314713925,0.6408188187825496,0.35,0,1
1789004007.7733936,76.24357914924622,-2.0098652278670532,-11.636119155664527,-0.12461526895767652,0.5471890282944496,0.28558809546810565,3,4,-9.59836782902453,-5.37865549130311,4.098667237441987,-6.995679314713925,0.6414165016230131,0.35,0,1
1789004007.7808359,76.25102138519287,-2.0058875450241715,-11.636605808652012,-0.1224573601642134,0.5453499927324527,0.28620944658173086,3,4,-9.59836782902453,-5.37865549130311,4.098667237441987,-6.995679314713925,0.6414165016230131,0.35,0,1
1789004007.8308837,76.30106925964355,-1.9786488593699318,-11.640140624030474,-0.11026104771995193,0.5528595114823461,0.2864682890358086,3,4,-9.59836782902453,-5.37865549130311,4.098667237441987,-6.995679314713925,0.6497369120391824,0.35,0,1
1789004007.8748562,76.34504175186157,-1.9543704217876652,-11.64270757153675,-0.09643867469917482,0.5572689194092364,0.2865078279926082,3,4,-9.59836782902453,-5.37865549130311,4.098667237441987,-6.995679314713925,0.6465724740036496,0.35,0,1
1789004007.8809257,76.35111117362976,-1.9508464946887938,-11.643077678209956,-0.09468200859084065,0.5641230225861634,0.28683372180375727,3,4,-9.59836782902453,-5.37865549130311,4.098667237441987,-6.995679314713925,0.6465724740036496,0.35,0,1
1789004007.9309142,76.40109968185425,-1.9226006663913515,-11.645541635184022,-0.078548935791809,0.5698557186707455,0.28787774857089027,3,4,-9.59836782902453,-5.37865549130311,4.098667237441987,-6.995679314713925,0.6601003915314198,0.35,0,1
1789004007.97604,76.44622540473938,-1.8968481279955862,-11.647503843473649,-0.06490665538380826,0.5746717115263008,0.28789915710304337,3,4,-9.59836782902453,-5.37865549130311,4.098667237441987,-6.995679314713925,0.6566510539009307,0.35,0,1
1789004007.9808233,76.4510087966919,-1.8941537296319049,-11.647669902896386,-0.06350619220028976,0.5731476746314427,0.288359742301515,3,4,-9.59836782902453,-5.37865549130311,4.098667237441987,-6.995679314713925,0.6566510539009307,0.35,0,1
1789004008.030838,76.50102353096008,-1.8653622783909736,-11.649701636789473,-0.05121575537827816,0.5815871366077551,0.2884114408012293,3,4,-9.59836782902453,-5.37865549130311,4.098667237441987,-6.995679314713925,0.6652230657784662,0.35,0,1
1789004008.0773041,76.54748964309692,-1.8382456204095479,-11.650973045739082,-0.03666940360019977,0.5865995548184874,0.2884485734323872,3,4,-9.59836782902453,-5.37865549130311,4.098667237441987,-6.995679314713925,0.6660338775502661,0.35,0,1
1789004008.0809145,76.55110001564026,-1.8359586925607756,-11.651089978947224,-0.035616031099435126,0.5939930085628232,0.28871560265577206,3,4,-9.59836782902453,-5.37865549130311,4.098667237441987,-6.995679314713925,0.6660338775502661,0.35,0,1
1789004008.1308315,76.60101699829102,-1.8061707947268002,-11.651773860756478,-0.01772562357191188,0.5989972125843608,0.29001750596131237,3,4,-9.59836782902453,-5.37865549130311,4.098667237441987,-6.995679314713925,0.6758757624261713,0.35,0,1
1789004008.1782782,76.6484637260437,-1.777624714816583,-11.652253106905594,-0.003701752277144089,0.6044035204843249,0.2900262464999244,3,4,-9.59836782902453,-5.37865549130311,4.098667237441987,-6.995679314713925,0.6764745755586667,0.35,0,1
1789004008.1809113,76.6510968208313,-1.7759759666860095,-11.652270921591885,-0.0029139210738833303,0.6070970674619774,0.29049912324899096,3,4,-9.59836782902453,-5.37865549130311,4.098667237441987,-6.995679314713925,0.6764745755586667,0.35,0,1
1789004008.230903,76.70108842849731,-1.7454055585778285,-11.652630484699124,0.009032795555716344,0.6166464563831592,0.29046743557098836,3,4,-9.59836782902453,-5.37865549130311,4.098667237441987,-6.995679314713925,0.6895598979172167,0.35,0,1
1789004008.279633,76.7498185634613,-1.7152088542086454,-11.652192159133618,0.024716635674621568,0.6224883392153385,0.29051682433894,3,4,-9.59836782902453,-5.37865549130311,4.098667237441987,-6.995679314713925,0.6860641747668857,0.35,0,1
1789004008.2808363,76.75102186203003,-1.7144920584101977,-11.652168374703823,0.025078850554452362,0.6212610834392817,0.2908109715167966,3,4,-9.59836782902453,-5.37865549130311,4.098667237441987,-6.995679314713925,0.6860641747668857,0.35,0,1
1789004008.3308752,76.8010606765747,-1.6833551537582059,-11.650956273228704,0.04350524155519953,0.6231253612594394,0.2918044592399924,3,4,-9.59836782902453,-5.37865549130311,4.098667237441987,-6.995679314713925,0.6908037021967064,0.35,0,1
1789004008.3807113,76.85089683532715,-1.6521876309092633,-11.649538532996747,0.0586201927056238,0.6288380144013384,0.29182909523722284,3,4,-9.59836782902453,-5.37865549130311,4.098667237441987,-6.995679314713925,0.6967999756807227,0.35,0,1
1789004008.3809068,76.85109233856201,-1.6521759670444796,-11.649515989318111,0.058718494597783014,0.6242385275597878,0.2925929976778689,3,4,-9.59836782902453,-5.37865549130311,4.098667237441987,-6.995679314713925,0.6967999756807227,0.35,0,1
1789004008.4313412,76.90152668952942,-1.6204813989328695,-11.647932279627472,0.0711275407948433,0.6349398997591096,0.29272755903475367,3,4,-9.59836782902453,-5.37865549130311,4.098667237441987,-6.995679314713925,0.7024047098721599,0.35,0,1
1789004008.4821734,76.95235896110535,-1.5881465750394979,-11.645295972340323,0.08898218035486628,0.640792363707493,0.29286527674819934,3,4,-9.59836782902453,-5.37865549130311,4.098667237441987,-6.995679314713925,0.7067491724624375,0.35,0,1
1789004008.5326,77.00278544425964,-1.5551616848882783,-11.64190824783129,0.1083581239924816,0.6555774279308606,0.29506171551641763,3,4,-9.59836782902453,-5.37865549130311,4.098667237441987,-6.995679314713925,0.7121182913503028,0.35,0,1
1789004008.5831332,77.05331873893738,-1.5220773330927841,-11.638188997256915,0.12435052326196107,0.661812102046064,0.2951148900184697,3,4,-9.59836782902453,-5.37865549130311,4.098667237441987,-6.995679314713925,0.7186061032495067,0.35,0,1
1789004008.6338232,77.10400867462158,-1.4890610553563588,-11.63378812736138,0.14154054313798706,0.6594241691499059,0.29760025477789354,3,4,-9.59836782902453,-5.37865549130311,4.098667237441987,-6.995679314713925,0.724618268179875,0.35,0,1
1789004008.6842482,77.1544337272644,-1.456006912848719,-11.628963394036907,0.1575728221569244,0.6652336459236108,0.2976520853041488,3,4,-9.59836782902453,-5.37865549130311,4.098667237441987,-6.995679314713925,0.7357922941773073,0.35,0,1
1789004008.7349746,77.20516014099121,-1.4233399331520447,-11.623242540179824,0.17691347888365483,0.655808559093391,0.30040793376179914,3,4,-9.59836782902453,-5.37865549130311,4.098667237441987,-6.995679314713925,0.7359251827966081,0.35,0,1
1789004008.785508,77.25569343566895,-1.3905970070490077,-11.617332266483036,0.19258503528030385,0.6609021556000234,0.300432474045059,3,4,-9.59836782902453,-5.37865549130311,4.098667237441987,-6.995679314713925,0.7476347177417831,0.35,0,1
1789004008.836273,77.30645847320557,-1.3579782895571608,-11.610854153924697,0.20882490470611392,0.661620912570731,0.30280740176896553,3,4,-9.59836782902453,-5.37865549130311,4.098667237441987,-6.995679314713925,0.7481297181775516,0.35,0,1
1789004008.8867495,77.35693502426147,-1.3251927850841172,-11.603866256669535,0.22445690800820198,0.6665091303137801,0.3028251122045859,3,4,-9.59836782902453,-5.37865549130311,4.098667237441987,-6.995679314713925,0.7537170246692301,0.35,0,1
1789004008.9373124,77.40749788284302,-1.291733942268705,-11.595901365266972,0.24319446611637438,0.6813314399379534,0.30510409754400275,3,4,-9.59836782902453,-5.37865549130311,4.098667237441987,-6.995679314713925,0.7589805213196984,0.35,0,1
1789004008.9878528,77.45803833007812,-1.2581758369655482,-11.587603070299052,0.25838393336653676,0.68669748602593,0.3050924611000072,3,4,-9.59836782902453,-5.37865549130311,4.098667237441987,-6.995679314713925,0.7651273707919574,0.35,0,1
1789004009.0385756,77.50876116752625,-1.2241574779565307,-11.578662272867247,0.27364964867158875,0.6934960496296954,0.30668762083772283,3,4,-9.59836782902453,-5.37865549130311,4.098667237441987,-6.995679314713925,0.7708631098160842,0.35,0,1
1789004009.0889935,77.5591790676117,-1.190358851579456,-11.569192502747006,0.2889712245251612,0.6989098747916317,0.3066803610398157,3,4,-9.59836782902453,-5.37865549130311,4.098667237441987,-6.995679314713925,0.7761316545363797,0.35,0,1
1789004009.1395228,77.60970830917358,-1.1563556879960282,-11.558784048246062,0.3071093784342241,0.7066741783689933,0.30813219350629445,3,4,-9.59836782902453,-5.37865549130311,4.098667237441987,-6.995679314713925,0.7812741286264213,0.35,0,1
1789004009.1902485,77.66043400764465,-1.121891897290379,-11.547973751173481,0.3213290225357248,0.7160713289024289,0.3088111063881166,3,4,-9.59836782902453,-5.37865549130311,4.098667237441987,-6.995679314713925,0.7926303966574322,0.35,0,1
1789004009.2406797,77.71086525917053,-1.0874574760494065,-11.536275453974245,0.3389673040894863,0.7254509869918394,0.30940504943328495,3,4,-9.59836782902453,-5.37865549130311,4.098667237441987,-6.995679314713925,0.7927078253248746,0.35,0,1
1789004009.2912285,77.76141405105591,-1.0528098494681564,-11.524092337755127,0.35352322465934677,0.7291070880851259,0.3098573882643049,3,4,-9.59836782902453,-5.37865549130311,4.098667237441987,-6.995679314713925,0.7983683849631548,0.35,0,1
1789004009.3418036,77.81198906898499,-1.0180694899604479,-11.511044791114976,0.3710516184907302,0.7377597429236399,0.3103248639834446,3,4,-9.59836782902453,-5.37865549130311,4.098667237441987,-6.995679314713925,0.8037980613762281,0.35,0,1
1789004009.3926961,77.86288166046143,-0.9826590346641312,-11.49754593493416,0.384260521626655,0.7492570734935464,0.31044900968015166,3,4,-9.59836782902453,-5.37865549130311,4.098667237441987,-6.995679314713925,0.8096068197038182,0.35,0,1
1789004009.4431558,77.91334128379822,-0.9474029910950371,-11.483090459021522,0.40159543451180924,0.7602741145118203,0.31069175928939347,3,4,-9.59836782902453,-5.37865549130311,4.098667237441987,-6.995679314713925,0.8146965308266757,0.3396281412447816,0,1
1789004009.4937394,77.96392488479614,-0.9116082016784355,-11.468007705241456,0.41583893375702635,0.7725620221886897,0.3106968348193261,3,4,-9.59836782902453,-5.37865549130311,4.098667237441987,-6.995679314713925,0.820243816416025,0.32570378065613165,0,1
1789004009.5443466,78.0145320892334,-0.8758326266003913,-11.45195407637972,0.4332274624793025,0.7768250982026932,0.310929962063772,3,4,-9.59836782902453,-5.37865549130311,4.098667237441987,-6.995679314713925,0.8255794530231904,0.3123106847191172,0,1
1789004009.5951905,78.0653760433197,-0.839885056745611,-11.435598447667049,0.4461636089520319,0.779794603740844,0.31070846914945366,3,4,-9.59836782902453,-5.37865549130311,4.098667237441987,-6.995679314713925,0.8313955186796176,0.29771165351674933,0,1
1789004009.6456,78.11578559875488,-0.8044278044292233,-11.418412351472536,0.4632162858372851,0.7833523538242477,0.31073851503911193,3,4,-9.59836782902453,-5.37865549130311,4.098667237441987,-6.995679314713925,0.8363968266658686,0.28515776302494533,0,1
1789004009.696207,78.16639256477356,-0.7690720062159957,-11.400823764057012,0.47721737733042957,0.7825096202110662,0.3104560946692716,3,4,-9.59836782902453,-5.37865549130311,4.098667237441987,-6.995679314713925,0.8419849363961239,0.2711309288842231,0,1
1789004009.747002,78.21718740463257,-0.7338890078985518,-11.382383181595728,0.49427915972356656,0.781717923594494,0.31049780055802834,3,4,-9.59836782902453,-5.37865549130311,4.098667237441987,-6.995679314713925,0.8472984522400246,0.2577933587497355,0,1
1789004009.7974358,78.26762127876282,-0.6992873335876237,-11.363887616029357,0.5076585198052039,0.7799979754282846,0.31013991467818003,3,4,-9.59836782902453,-5.37865549130311,4.098667237441987,-6.995679314713925,0.8531240518563943,0.2431703961499413,0,1
1789004009.8481438,78.31832933425903,-0.6643618329073072,-11.344552625068568,0.5231232487689864,0.7938978299562354,0.3098487166116702,3,4,-9.59836782902453,-5.37865549130311,4.098667237441987,-6.995679314713925,0.858280717877293,0.23022653812177452,0,1
1789004009.8990166,78.36920213699341,-0.6284322878435143,-11.324287650114922,0.5356315287964555,0.816162526707371,0.3090198839527613,3,4,-9.59836782902453,-5.37865549130311,4.098667237441987,-6.995679314713925,0.8636037303538824,0.21686513028580123,0,1
1789004009.9500139,78.42019939422607,-0.5923239321136005,-11.303653657084146,0.5454597649134096,0.8190370453292268,0.30843263163427503,3,4,-9.59836782902453,-5.37865549130311,4.098667237441987,-6.995679314713925,0.8683524482970343,0.2049452714811283,0,1
1789004010.0005343,78.47071981430054,-0.5571451068562079,-11.282545302967348,0.5579237804700399,0.8142337628489078,0.3054503917540093,3,4,-9.59836782902453,-5.37865549130311,4.098667237441987,-6.995679314713925,0.871779737388234,0.19634235959228696,0,1
1789004010.0514727,78.52165818214417,-0.5221017519181811,-11.260687700200812,0.5720487321750647,0.8132723458183373,0.3046235264631707,3,4,-9.59836782902453,-5.37865549130311,4.098667237441987,-6.995679314713925,0.8761772244943965,0.18530413284807346,0,1
1789004010.102292,78.57247757911682,-0.48690402820562007,-11.238586305969744,0.5832505129052158,0.8218663283654387,0.302066093827348,3,4,-9.59836782902453,-5.37865549130311,4.098667237441987,-6.995679314713925,0.8809317517564331,0.1733696919474148,0,1
1789004010.1534674,78.62365293502808,-0.45089164149095,-11.215999000993875,0.5914320773681584,0.8345744701450013,0.30106487073888516,3,4,-9.59836782902453,-5.37865549130311,4.098667237441987,-6.995679314713925,0.8869240152340845,0.15832838281322903,0,1
1789004010.2041564,78.67434191703796,-0.4154267147574523,-11.192612372313487,0.6029372731007876,0.8409454848462293,0.29664037221454664,3,4,-9.59836782902453,-5.37865549130311,4.098667237441987,-6.995679314713925,0.8879450428047867,0.15576547959932063,0,1
1789004010.2549236,78.7251091003418,-0.38019178388668134,-11.168523614758982,0.6158503336055282,0.8438439994611673,0.2954647525832468,3,4,-9.59836782902453,-5.37865549130311,4.098667237441987,-6.995679314713925,0.8917952281617608,0.14610104671946655,0,1
1789004010.305696,78.77588152885437,-0.34477593688939545,-11.14468614031244,0.6229265861484158,0.8440682946541138,0.29128926735897837,3,4,-9.59836782902453,-5.37865549130311,4.098667237441987,-6.995679314713925,0.8964697900174219,0.13436732870120804,0,1
1789004010.3308907,78.80107617378235,-0.32736218705571096,-11.132205293518048,0.6301905249993688,0.8516482515431147,0.28990600975383624,3,4,-9.59836782902453,-5.37865549130311,4.098667237441987,-6.995679314713925,0.900907710904204,0.12322760825665413,0,1
1789004010.356227,78.82641243934631,-0.3097225026875309,-11.119705512076305,0.6355397599707447,0.8551799820998778,0.2884375925103526,3,4,-9.59836782902453,-5.37865549130311,4.098667237441987,-6.995679314713925,0.9034482193046917,0.11685062360765652,0,1
1789004010.40722,78.87740540504456,-0.2738458882638533,-11.093934248768235,0.6457214546224735,0.870253224544571,0.28578861272292566,3,4,-9.59836782902453,-5.37865549130311,4.098667237441987,-6.995679314713925,0.9034482193046917,0.11685062360765652,0,1
1789004010.43091,78.9010956287384,-0.2573720383819878,-11.081516371988362,0.6524265183311045,0.8723281466845695,0.2847029468525807,3,4,-9.59836782902453,-5.37865549130311,4.098667237441987,-6.995679314713925,0.9074024258006425,0.10692508503482456,0,1
1789004010.4580448,78.92823028564453,-0.23825044411504345,-11.067513507687904,0.6570247513995123,0.8756041295587842,0.28327376582809205,3,4,-9.59836782902453,-5.37865549130311,4.098667237441987,-6.995679314713925,0.9113963317138221,0.09689989610295657,0,1
1789004010.509312,78.97949743270874,-0.2020226326510851,-11.041159114157837,0.6624875598794406,0.8773607181228267,0.2804965329727662,3,4,-9.59836782902453,-5.37865549130311,4.098667237441987,-6.995679314713925,0.9113963317138221,0.09689989610295657,0,1
1789004010.530885,79.00107049942017,-0.18717682193515484,-11.029545647565753,0.6683805825176053,0.8751971087700681,0.277849246356883,3,4,-9.59836782902453,-5.37865549130311,4.098667237441987,-6.995679314713925,0.9133870949418736,0.09190283860744253,0,1
1789004010.5598462,79.03003168106079,-0.16699008007163083,-11.014186877260926,0.6734684133809874,0.877661453738442,0.2762751422904168,3,4,-9.59836782902453,-5.37865549130311,4.098667237441987,-6.995679314713925,0.9158263948231631,0.08577989963416544,0,1
1789004010.6104305,79.08061599731445,-0.13178572578575107,-10.98694584657038,0.682290740215477,0.8832270249078562,0.2749748199751336,3,4,-9.59836782902453,-5.37865549130311,4.098667237441987,-6.995679314713925,0.9158263948231631,0.08577989963416544,0,1
1789004010.6308753,79.10106086730957,-0.11772035801027013,-10.975526168605658,0.6877246288640206,0.8870241734033276,0.2720824412239641,3,4,-9.59836782902453,-5.37865549130311,4.098667237441987,-6.995679314713925,0.9206306982423667,0.07372051453333062,0,1
1789004010.6614192,79.13160467147827,-0.09605936958247588,-10.959180912216365,0.6890703598838238,0.8907316455089961,0.2697447904692431,3,4,-9.59836782902453,-5.37865549130311,4.098667237441987,-6.995679314713925,0.9239988364148781,0.0652660786347189,0,1
1789004010.7120075,79.18219304084778,-0.06107062008539427,-10.931154317981633,0.6976971931086956,0.8899276796104506,0.26804531241242513,3,4,-9.59836782902453,-5.37865549130311,4.098667237441987,-6.995679314713925,0.9239988364148781,0.0652660786347189,0,1
1789004010.7308364,79.20102190971375,-0.048445903497304314,-10.920510650027921,0.7025283691354166,0.8819304567438188,0.2646582719787646,3,4,-9.59836782902453,-5.37865549130311,4.098667237441987,-6.995679314713925,0.9261617848643118,0.0598368153203509,0,1
1789004010.7627764,79.23296189308167,-0.02650846822958864,-10.90283680139028,0.7065854810772719,0.8834337857647598,0.2626968349832765,3,4,-9.59836782902453,-5.37865549130311,4.098667237441987,-6.995679314713925,0.9307106477639024,0.04841861694890881,0,1
1789004010.8136046,79.28379011154175,0.008017370634793427,-10.874476459768704,0.713684353774494,0.8824723568679024,0.26118989285041266,3,4,-9.59836782902453,-5.37865549130311,4.098667237441987,-6.995679314713925,0.9307106477639024,0.04841861694890881,0,1
1789004010.8308933,79.30107879638672,0.01962764285895373,-10.864441741561214,0.7179797326355137,0.8877843620869513,0.2578489297562614,3,4,-9.59836782902453,-5.37865549130311,4.098667237441987,-6.995679314713925,0.9321955040895066,0.04469144722472018,0,1
1789004010.8647153,79.33490085601807,0.0432293617121966,-10.845782222142857,0.7177141051625552,0.8916154234722481,0.25497553131997197,3,4,-9.59836782902453,-5.37865549130311,4.098667237441987,-6.995679314713925,0.9343420041676433,0.03930347132008549,0,1
1789004010.9152784,79.38546395301819,0.07817212013011005,-10.816340560574858,0.7249846623563654,0.9051382097635384,0.2529826448673112,3,4,-9.59836782902453,-5.37865549130311,4.098667237441987,-6.995679314713925,0.9343420041676433,0.03930347132008549,0,1
1789004010.9309175,79.40110301971436,0.08883047311516634,-10.806903724001916,0.7286947842017867,0.9088297035507864,0.249013473553932,3,4,-9.59836782902453,-5.37865549130311,4.098667237441987,-6.995679314713925,0.9361156497463077,0.03485140549509791,0,1
1789004010.9658613,79.43604683876038,0.11311738901791703,-10.786355240049748,0.7321633228050178,0.912580384235752,0.24667737622718905,3,4,-9.59836782902453,-5.37865549130311,4.098667237441987,-6.995679314713925,0.9399943971200402,0.025115278484109438,0,1
1789004011.0166934,79.48687887191772,0.14858639048293576,-10.756465846504176,0.7349733856394606,0.9157436373877718,0.24484672300043778,3,4,-9.59836782902453,-5.37865549130311,4.098667237441987,-6.995679314713925,0.9399943971200402,0.025115278484109438,0,1
1789004011.0308874,79.50107288360596,0.1581430967190756,-10.747795118712768,0.738183336464326,0.9130871927458551,0.24008324629589675,3,4,-9.59836782902453,-5.37865549130311,4.098667237441987,-6.995679314713925,0.9396240277149236,0.026044950675090495,0,1
1789004011.0671256,79.53731107711792,0.18316575082180236,-10.726082399665433,0.7419945645147974,0.915889150237245,0.23751506485155902,3,4,-9.59836782902453,-5.37865549130311,4.098667237441987,-6.995679314713925,0.9418272177423881,0.020514676112224017,0,1
1789004011.1176684,79.58785390853882,0.21812752706606356,-10.69531280343638,0.7475374202695058,0.9236720530812311,0.2356411932238945,3,4,-9.59836782902453,-5.37865549130311,4.098667237441987,-6.995679314713925,0.9418272177423881,0.020514676112224017,0,1
1789004011.1309183,79.60110378265381,0.22721652174850332,-10.686908589660169,0.7504125374089752,0.9302741750675751,0.23166882837173272,3,4,-9.59836782902453,-5.37865549130311,4.098667237441987,-6.995679314713925,0.9445066199029964,0.01378905125563612,0,1
1789004011.1682508,79.63843631744385,0.2533074532063476,-10.66385727596076,0.7534068129272754,0.935152653718794,0.22923231272435798,3,4,-9.59836782902453,-5.37865549130311,4.098667237441987,-6.995679314713925,0.9475890969215726,0.006051659549089039,0,1
1789004011.2190826,79.68926811218262,0.28915705597501673,-10.632389912865543,0.7551775375379594,0.9411317633059482,0.22736539795008884,3,4,-9.59836782902453,-5.37865549130311,4.098667237441987,-6.995679314713925,0.9475890969215726,0.006051659549089039,0,1
1789004011.2308915,79.70107698440552,0.2972294815897982,-10.624773404673872,0.7575985430247593,0.9414032557399774,0.22245883435968694,3,4,-9.59836782902453,-5.37865549130311,4.098667237441987,-6.995679314713925,0.9470398500602704,0.007430335881102645,0,1
1789004011.2695293,79.73971486091614,0.3242396078788446,-10.600300251551612,0.7615819584402094,0.9455364877028611,0.22230036890387359,3,4,-9.59836782902453,-5.37865549130311,4.098667237441987,-6.995679314713925,0.9479142045484733,0.005235599918812062,0,1
1789004011.3202844,79.79046988487244,0.3594974442025999,-10.567959410768678,0.7665714079004691,0.9467686323153893,0.2194237467447696,3,4,-9.59836782902453,-5.37865549130311,4.098667237441987,-6.995679314713925,0.9479142045484733,0.005235599918812062,0,1
1789004011.3308327,79.80101823806763,0.3666144064479284,-10.561083062699625,0.7685736449949137,0.944083656912913,0.2145357299680318,3,4,-9.59836782902453,-5.37865549130311,4.098667237441987,-6.995679314713925,0.9488221961678558,-0.0029564306717788646,0,1
1789004011.3709013,79.84108686447144,0.3945019206938597,-10.535414122609668,0.7717739532757665,0.948065203487731,0.21433243949875433,3,4,-9.59836782902453,-5.37865549130311,4.098667237441987,-6.995679314713925,0.9476567615141632,-0.005881813203315045,0,1
1789004011.4217024,79.8918879032135,0.42998604439910376,-10.503121053879276,0.7727343749923011,0.9484446247483419,0.21132294380416933,3,4,-9.59836782902453,-5.37865549130311,4.098667237441987,-6.995679314713925,0.9476567615141632,-0.005881813203315045,0,1
1789004011.4308999,79.9010853767395,0.4361016005619298,-10.497113219313631,0.7743391429697406,0.9432407516801907,0.20535706174442286,3,4,-9.59836782902453,-5.37865549130311,4.098667237441987,-6.995679314713925,0.9451354021460078,-0.01221073145536511,0,1
1789004011.4721234,79.94230890274048,0.46449998947756893,-10.470446808682409,0.7781847635040632,0.946912945348633,0.20517376731987746,3,4,-9.59836782902453,-5.37865549130311,4.098667237441987,-6.995679314713925,0.9447109381584244,-0.013276187618529667,0,1
1789004011.5226889,79.99287438392639,0.4988942573288462,-10.437830160064234,0.7824080572618787,0.9426526441755599,0.20211044888594093,3,4,-9.59836782902453,-5.37865549130311,4.098667237441987,-6.995679314713925,0.9447109381584244,-0.013276187618529667,0,1
1789004011.5308952,80.00108075141907,0.5042753798674435,-10.432452402933578,0.7837446729471471,0.9382748691614746,0.1971297463968333,3,4,-9.59836782902453,-5.37865549130311,4.098667237441987,-6.995679314713925,0.9409072898857207,-0.02282380676458773,0,1
1789004011.5736089,80.04379439353943,0.5337736940799558,-10.40521157456378,0.7833287218481094,0.941521451044747,0.19677962832739276,3,4,-9.59836782902453,-5.37865549130311,4.098667237441987,-6.995679314713925,0.9403336609862802,-0.024263684973709343,0,1
1789004011.5808017,80.05098724365234,0.5385324609956318,-10.400454134718304,0.7845737966970062,0.9403645044208379,0.19353776158614816,3,4,-9.59836782902453,-5.37865549130311,4.098667237441987,-6.995679314713925,0.9403336609862802,-0.024263684973709343,0,1
1789004011.6309044,80.10108995437622,0.572345454818185,-10.36751217556486,0.7903099238420452,0.9442851334728217,0.18832718666860582,3,4,-9.59836782902453,-5.37865549130311,4.098667237441987,-6.995679314713925,0.9401475529765841,-0.024730838682258227,0,1
1789004011.6746306,80.14481616020203,0.6020258981465434,-10.338710378677643,0.7936664945512577,0.9475452146864136,0.188129044898475,3,4,-9.59836782902453,-5.37865549130311,4.098667237441987,-6.995679314713925,0.9392626154895869,-0.026952139256907426,0,1
1789004011.6808512,80.15103673934937,0.6060811409401385,-10.334568848222231,0.7946881357492481,0.9442015092882857,0.18563874921676288,3,4,-9.59836782902453,-5.37865549130311,4.098667237441987,-6.995679314713925,0.9392626154895869,-0.026952139256907426,0,1
1789004011.7308345,80.20102000236511,0.6397990398496106,-10.301608509369688,0.7977914022435735,0.942724689275418,0.1807444850795003,3,4,-9.59836782902453,-5.37865549130311,4.098667237441987,-6.995679314713925,0.9365592146863301,-0.033738003621357704,0,1
1789004011.775969,80.24615454673767,0.6706471934880587,-10.272194803385622,0.7970481295534617,0.9457029368851871,0.18039237782382708,3,4,-9.59836782902453,-5.37865549130311,4.098667237441987,-6.995679314713925,0.9359633699593374,-0.0352336462559143,0,1
1789004011.7808805,80.25106596946716,0.6737912206633593,-10.268948086403219,0.7977754113447668,0.9411175930149339,0.1772810157743279,3,4,-9.59836782902453,-5.37865549130311,4.098667237441987,-6.995679314713925,0.9359633699593374,-0.0352336462559143,0,1
1789004011.830911,80.30109643936157,0.7071257847397433,-10.235603019063376,0.8027719123281021,0.9439112112968402,0.1722206208273996,3,4,-9.59836782902453,-5.37865549130311,4.098667237441987,-6.995679314713925,0.9348341255673979,-0.03806818683487179,0,1
1789004011.8771057,80.3472912311554,0.7380250624140059,-10.204748616676545,0.8060543276038025,0.9467282506171647,0.17203090441532778,3,4,-9.59836782902453,-5.37865549130311,4.098667237441987,-6.995679314713925,0.9341104280550238,-0.03988475548941406,0,1
1789004011.8809104,80.3510959148407,0.740554653331886,-10.202113283790291,0.8065697647722395,0.9489592471747088,0.16962560151490091,3,4,-9.59836782902453,-5.37865549130311,4.098667237441987,-6.995679314713925,0.9341104280550238,-0.03988475548941406,0,1
1789004011.9308696,80.40105509757996,0.7740720086274762,-10.16849630820056,0.8092140537635255,0.9515301297869848,0.16489482549040765,3,4,-9.59836782902453,-5.37865549130311,4.098667237441987,-6.995679314713925,0.930240162533355,-0.0495995920215383,0,1
1789004011.9791963,80.4493818283081,0.806816457166712,-10.136101345150587,0.8094293497382036,0.9545438914346953,0.1645873569285714,3,4,-9.59836782902453,-5.37865549130311,4.098667237441987,-6.995679314713925,0.9311204155108465,-0.04739005013471731,0,1
1789004011.9808338,80.45101928710938,0.8078581744866529,-10.13499049295635,0.8095590748751154,0.9529635683910143,0.1617023277138945,3,4,-9.59836782902453,-5.37865549130311,4.098667237441987,-6.995679314713925,0.9311204155108465,-0.04739005013471731,0,1
1789004012.030833,80.50101852416992,0.8410838979593528,-10.100822941520128,0.8145237322730898,0.9534286976979585,0.15869964285074223,3,4,-9.59836782902453,-5.37865549130311,4.098667237441987,-6.995679314713925,0.9311959370711821,-0.04720048184561576,0,1
1789004012.0807128,80.55089831352234,0.8742573127303209,-10.06664955858566,0.8184116246898367,0.9563344164500757,0.15849274926433524,3,4,-9.59836782902453,-5.37865549130311,4.098667237441987,-6.995679314713925,0.9290645512956429,-0.0525505190149852,0,1
1789004012.0809383,80.55112385749817,0.8743269208012826,-10.066553798732201,0.8182772361285907,0.9522693063000611,0.15562156926387624,3,4,-9.59836782902453,-5.37865549130311,4.098667237441987,-6.995679314713925,0.9290645512956429,-0.0525505190149852,0,1
1789004012.1318712,80.60205674171448,0.9083165056275954,-10.032009195999942,0.8188298803462144,0.9505172689646977,0.15173998475343023,3,4,-9.59836782902453,-5.37865549130311,4.098667237441987,-6.995679314713925,0.9272617174880236,-0.05707585083977873,0,1
1789004012.1824396,80.65262508392334,0.9416039506230491,-9.997249298963327,0.8230737530094346,0.9530438562275858,0.15154358529519016,3,4,-9.59836782902453,-5.37865549130311,4.098667237441987,-6.995679314713925,0.9269563967716881,-0.057842242921268716,0,1
1789004012.2331305,80.70331597328186,0.9746339800789608,-9.962410919164654,0.8269038173577259,0.9484695199854581,0.14540288009637334,3,4,-9.59836782902453,-5.37865549130311,4.098667237441987,-6.995679314713925,0.9250920541097017,-0.06252196944123445,0,1
1789004012.2838926,80.75407814979553,1.007782910714028,-9.927420450087924,0.8300991729231751,0.9506666573533838,0.14515919917532472,3,4,-9.59836782902453,-5.37865549130311,4.098667237441987,-6.995679314713925,0.9214573865899242,-0.0716454263734696,0,1
1789004012.3348012,80.80498671531677,1.0411478817758864,-9.892721545177157,0.8297096125097148,0.9457121914442789,0.1386436200508624,3,4,-9.59836782902453,-5.37865549130311,4.098667237441987,-6.995679314713925,0.9217105664980318,-0.07100991405352308,0,1
1789004012.3855155,80.85570096969604,1.0739722036127919,-9.857690128114704,0.8333137671443969,0.9475630801704574,0.138438900935599,3,4,-9.59836782902453,-5.37865549130311,4.098667237441987,-6.995679314713925,0.9201408915629253,-0.07494998878941816,0,1
1789004012.4361885,80.90637397766113,1.1062458367597847,-9.82290561006311,0.8366316497913441,0.9364971587001878,0.1325830872311583,3,4,-9.59836782902453,-5.37865549130311,4.098667237441987,-6.995679314713925,0.9200311194581479,-0.07522553010505373,0,1
1789004012.4872606,80.95744609832764,1.1391207899002473,-9.788119838314415,0.8367829768994841,0.9377368789074362,0.13219119481250952,3,4,-9.59836782902453,-5.37865549130311,4.098667237441987,-6.995679314713925,0.9167108032907971,-0.08355992696237158,0,1
1789004012.537852,81.00803756713867,1.1706995279820243,-9.753700560833835,0.8403491288421329,0.9266220315916828,0.12610920236707512,3,4,-9.59836782902453,-5.37865549130311,4.098667237441987,-6.995679314713925,0.9180789604639987,-0.08012568628469963,0,1
1789004012.588646,81.05883145332336,1.2025224853754835,-9.71900222780174,0.8433259480302331,0.9272694817197414,0.12590244480787316,3,4,-9.59836782902453,-5.37865549130311,4.098667237441987,-6.995679314713925,0.9162504431393433,-0.08471548685670882,0,1
1789004012.6394222,81.1096076965332,1.234290358976542,-9.684309723992305,0.8452006815003497,0.9273149736202443,0.12059639822387651,3,4,-9.59836782902453,-5.37865549130311,4.098667237441987,-6.995679314713925,0.9147246483638166,-0.08854541706248431,0,1
1789004012.6908941,81.16107964515686,1.2666094720845509,-9.649331114468291,0.8450223811623659,0.9246226387853596,0.11659573018164937,3,4,-9.59836782902453,-5.37865549130311,4.098667237441987,-6.995679314713925,0.9119781062786397,-0.09543957128438585,0,1
1789004012.7413955,81.211580991745,1.2978405342939556,-9.61475606644072,0.8481790810071874,0.9208967061515022,0.11427115818331032,3,4,-9.59836782902453,-5.37865549130311,4.098667237441987,-6.995679314713925,0.9133502684755467,-0.09199527751077352,0,1
1789004012.7919493,81.26213479042053,1.3289436117482387,-9.580215789343022,0.8504583115137498,0.9190512463698495,0.11103703007272091,3,4,-9.59836782902453,-5.37865549130311,4.098667237441987,-6.995679314713925,0.9117453057170667,-0.09602392896930612,0,1
1789004012.8427544,81.31293988227844,1.360514799054217,-9.545685836715972,0.8502014327297371,0.9223974257324133,0.10839563110042516,3,4,-9.59836782902453,-5.37865549130311,4.098667237441987,-6.995679314713925,0.9103087807453497,-0.09962978112503285,0,1
1789004012.893285,81.3634705543518,1.391727855315074,-9.510743626642828,0.8527445650466317,0.9285542086643593,0.10500591984208989,3,4,-9.59836782902453,-5.37865549130311,4.098667237441987,-6.995679314713925,0.9100814350606343,-0.10020044640650494,0,1
1789004012.9440987,81.41428422927856,1.4231133591731078,-9.475462519132417,0.8553502217991813,0.9299797793077885,0.10305685771603397,3,4,-9.59836782902453,-5.37865549130311,4.098667237441987,-6.995679314713925,0.9085926461357033,-0.10393748743264752,0,1
1789004012.994931,81.46511650085449,1.4544787479002295,-9.440096569604815,0.8572218828689661,0.9301619990510701,0.10023249020612196,3,4,-9.59836782902453,-5.37865549130311,4.098667237441987,-6.995679314713925,0.9070807348160952,-0.10773256847781754,0,1
1789004013.04609,81.51627540588379,1.4863013329391246,-9.404713946775727,0.8568422573225365,0.9301802270841955,0.09779542094799609,3,4,-9.59836782902453,-5.37865549130311,4.098667237441987,-6.995679314713925,0.9057491711278481,-0.1110749550637008,0,1
1789004013.0968578,81.56704330444336,1.517477982013188,-9.369272300161011,0.8591379367262394,0.9299201699065505,0.09467581204303539,3,4,-9.59836782902453,-5.37865549130311,4.098667237441987,-6.995679314713925,0.9054977711144492,-0.11170599963174688,0,1
1789004013.1477036,81.6178891658783,1.548646496191577,-9.333729178248966,0.861470470715359,0.9296679650713244,0.09287285616766383,3,4,-9.59836782902453,-5.37865549130311,4.098667237441987,-6.995679314713925,0.9040082506628758,-0.11544487687861127,0,1
1789004013.1984143,81.66859984397888,1.5796687998552283,-9.29825172969771,0.8631334353744133,0.9294968950113381,0.09028273466565392,3,4,-9.59836782902453,-5.37865549130311,4.098667237441987,-6.995679314713925,0.9025055948908218,-0.11921672537526506,0,1
1789004013.2494144,81.7195999622345,1.6110834315178486,-9.262753914556782,0.8627623511072954,0.929609798069717,0.08911968191358148,3,4,-9.59836782902453,-5.37865549130311,4.098667237441987,-6.995679314713925,0.9011675193272031,-0.12257545755924737,0,1
1789004013.30008,81.77026557922363,1.6419526040066104,-9.227205871597691,0.8647072834151893,0.929443723912678,0.08513120437404659,3,4,-9.59836782902453,-5.37865549130311,4.098667237441987,-6.995679314713925,0.900847786154699,-0.12337802665622111,0,1
1789004013.3509388,81.82112431526184,1.6727939006198544,-9.191511592805034,0.8668679240108634,0.9275677246418824,0.08407846351431922,3,4,-9.59836782902453,-5.37865549130311,4.098667237441987,-6.995679314713925,0.9005349585945696,-0.12416326182739634,0,1
1789004013.4021714,81.87235689163208,1.7039584138501735,-9.15586466793234,0.8666606979029681,0.9240769302267234,0.08070049665340776,3,4,-9.59836782902453,-5.37865549130311,4.098667237441987,-6.995679314713925,0.8978233031468672,-0.13096984635199316,0,1
1789004013.4528625,81.92304801940918,1.7343608230427154,-9.120452770406546,0.868917358160699,0.9206376386083941,0.07959649242539275,3,4,-9.59836782902453,-5.37865549130311,4.098667237441987,-6.995679314713925,0.897155693134549,-0.13264562856914808,0,1
1789004013.5036314,81.97381687164307,1.764632800565548,-9.085159439342023,0.8704863525261369,0.9156710680750294,0.0766118767731786,3,4,-9.59836782902453,-5.37865549130311,4.098667237441987,-6.995679314713925,0.8955934288592029,-0.13656710164896424,0,1
1789004013.5543334,82.0245189666748,1.794777730367834,-9.049919362952938,0.8720704189176367,0.9144834735876403,0.07576278386684905,3,4,-9.59836782902453,-5.37865549130311,4.098667237441987,-6.995679314713925,0.89385955702525,-0.14091933054390693,0,1
1789004013.6053054,82.07549095153809,1.825341158990284,-9.01463698635195,0.8714145365780415,0.9157703247399454,0.07269963534649697,3,4,-9.59836782902453,-5.37865549130311,4.098667237441987,-6.995679314713925,0.8927127469013071,-0.14379796324368255,0,1
1789004013.6557317,82.1259171962738,1.8553587112360634,-8.979371023313531,0.8732001816328304,0.9182571155583763,0.07167733517972813,3,4,-9.59836782902453,-5.37865549130311,4.098667237441987,-6.995679314713925,0.8920151279427323,-0.1455490715607528,0,1
1789004013.7063398,82.17652535438538,1.8854618644895353,-8.943977716890117,0.8743998572005963,0.9178561763229353,0.0688044545391098,3,4,-9.59836782902453,-5.37865549130311,4.098667237441987,-6.995679314713925,0.8906633799824882,-0.14894212312087962,0,1
1789004013.730907,82.20109248161316,1.8999019290035564,-8.926705944333408,0.8760441876013286,0.9164428800136738,0.06806758938140513,3,4,-9.59836782902453,-5.37865549130311,4.098667237441987,-6.995679314713925,0.8888547483912933,-0.15348200808663215,0,1
1789004013.7571123,82.22729778289795,1.9157027195761591,-8.908627430771071,0.8744948815911756,0.9160032417891879,0.06681805719209673,3,4,-9.59836782902453,-5.37865549130311,4.098667237441987,-6.995679314713925,0.8883857543532068,-0.15465924008506793,0,1
1789004013.80766,82.27784562110901,1.945585048967425,-8.873288427009854,0.8759702104075127,0.9153585714518878,0.0649340816081904,3,4,-9.59836782902453,-5.37865549130311,4.098667237441987,-6.995679314713925,0.8883857543532068,-0.15465924008506793,0,1
1789004013.830904,82.30108952522278,1.959195767814463,-8.856957007771511,0.8774357007587998,0.9146428951564983,0.06420669423544646,3,4,-9.59836782902453,-5.37865549130311,4.098667237441987,-6.995679314713925,0.8867738229697376,-0.15870538363871523,0,1
1789004013.858219,82.3284044265747,1.975384770169017,-8.83793739587811,0.8773928689252789,0.9142648249693478,0.06328798165182446,3,4,-9.59836782902453,-5.37865549130311,4.098667237441987,-6.995679314713925,0.885200733032446,-0.16265403044487237,0,1
1789004013.9087565,82.37894201278687,2.00512628678872,-8.802645512097413,0.8784220740711142,0.9129868847998356,0.06173632656207433,3,4,-9.59836782902453,-5.37865549130311,4.098667237441987,-6.995679314713925,0.885200733032446,-0.16265403044487237,0,1
1789004013.9308624,82.40104794502258,2.017983533074874,-8.787140582959804,0.8797477097521575,0.9113416746250842,0.06111007987046407,3,4,-9.59836782902453,-5.37865549130311,4.098667237441987,-6.995679314713925,0.8837254447021479,-0.16635718333873828,0,1
1789004013.959693,82.42987847328186,2.0351956096272694,-8.767298622389417,0.8778913644725953,0.9107304070604607,0.059895684187088516,3,4,-9.59836782902453,-5.37865549130311,4.098667237441987,-6.995679314713925,0.8829458680889181,-0.16831401532336343,0,1
1789004014.0103338,82.48051929473877,2.064799079413138,-8.732070657930395,0.8790390512399924,0.9085518185023779,0.0590255746988801,3,4,-9.59836782902453,-5.37865549130311,4.098667237441987,-6.995679314713925,0.8829458680889181,-0.16831401532336343,0,1
1789004014.0309348,82.5011203289032,2.076721340791343,-8.717674063230616,0.8801451920414038,0.9077437658768568,0.05738989791822221,3,4,-9.59836782902453,-5.37865549130311,4.098667237441987,-6.995679314713925,0.8813705271207573,-0.17226831249040686,0,1
1789004014.0611765,82.53136205673218,2.0944569322926316,-8.696731431467205,0.8798850613094977,0.9072270211877653,0.05645085972294111,3,4,-9.59836782902453,-5.37865549130311,4.098667237441987,-6.995679314713925,0.8792509300742557,-0.17758875851806255,0,1
1789004014.1120858,82.58227133750916,2.124206239949631,-8.661291225511599,0.8805314309890004,0.9084554484591263,0.05573747727449557,3,4,-9.59836782902453,-5.37865549130311,4.098667237441987,-6.995679314713925,0.8792509300742557,-0.17758875851806255,0,1
1789004014.1308334,82.60101890563965,2.1350908041342747,-8.648112085395255,0.8814744604549232,0.9106986602535726,0.054252059144183185,3,4,-9.59836782902453,-5.37865549130311,4.098667237441987,-6.995679314713925,0.8783762026413826,-0.1797844306167724,0,1
1789004014.1633048,82.63349032402039,2.1543333888915317,-8.625649821761538,0.8799394354623322,0.910736653482427,0.053061805992283474,3,4,-9.59836782902453,-5.37865549130311,4.098667237441987,-6.995679314713925,0.8769026328687388,-0.1834832697221941,0,1
1789004014.213923,82.68410849571228,2.18394885619179,-8.590224225732142,0.8809221655002715,0.9118471253273339,0.052234434940793995,3,4,-9.59836782902453,-5.37865549130311,4.098667237441987,-6.995679314713925,0.8769026328687388,-0.1834832697221941,0,1
1789004014.2308843,82.70106983184814,2.193810864341308,-8.578270517800114,0.8817076442977553,0.9129281095938715,0.05067085634916414,3,4,-9.59836782902453,-5.37865549130311,4.098667237441987,-6.995679314713925,0.8757478679257755,-0.1863818699838834,0,1
1789004014.2648206,82.73500609397888,2.213719415339973,-8.55453171708075,0.8817799207457429,0.9128971889552898,0.04980053246920159,3,4,-9.59836782902453,-5.37865549130311,4.098667237441987,-6.995679314713925,0.8731833825095848,-0.19281903985448323,0,1
1789004014.3157907,82.78597617149353,2.243714579549999,-8.51892540263808,0.8811293934939146,0.9131983699928734,0.04911495799585266,3,4,-9.59836782902453,-5.37865549130311,4.098667237441987,-6.995679314713925,0.8731833825095848,-0.19281903985448323,0,1
1789004014.3308966,82.80108213424683,2.252518607349739,-8.508246876834377,0.8817714111093562,0.9149461176496045,0.04737422312574889,3,4,-9.59836782902453,-5.37865549130311,4.098667237441987,-6.995679314713925,0.8729390062568468,-0.19343245393018182,0,1
1789004014.3662446,82.83643007278442,2.2732914944840514,-8.483450926997028,0.881791447154119,0.9151740825609472,0.0464450863293675,3,4,-9.59836782902453,-5.37865549130311,4.098667237441987,-6.995679314713925,0.8708354423801755,-0.19871265475421518,0,1
1789004014.416864,82.88704943656921,2.3030466366764117,-8.44777271213421,0.8822709469755374,0.9173444604552415,0.045771768421930724,3,4,-9.59836782902453,-5.37865549130311,4.098667237441987,-6.995679314713925,0.8708354423801755,-0.19871265475421518,0,1
1789004014.4308345,82.90102005004883,2.3111044298602614,-8.437974400613744,0.8828227986059629,0.9119765578845823,0.044396842663403796,3,4,-9.59836782902453,-5.37865549130311,4.098667237441987,-6.995679314713925,0.8694302058841697,-0.20223996903568708,0,1
1789004014.4675882,82.93777370452881,2.3326328897320594,-8.412318133941652,0.8823973882723906,0.910662224840117,0.043525110194707325,3,4,-9.59836782902453,-5.37865549130311,4.098667237441987,-6.995679314713925,0.8667674762110896,-0.2089237439235806,0,1
1789004014.5185177,82.98870325088501,2.3621841436247544,-8.377265195963862,0.8812157157764615,0.9017127785945461,0.04285578153171073,3,4,-9.59836782902453,-5.37865549130311,4.098667237441987,-6.995679314713925,0.8667674762110896,-0.2089237439235806,0,1
1789004014.5309308,83.00111627578735,2.369225177779914,-8.368718103015363,0.881650541925029,0.8974371588027277,0.041088600978627564,3,4,-9.59836782902453,-5.37865549130311,4.098667237441987,-6.995679314713925,0.8667446075662392,-0.20898114699972348,0,1
1789004014.5690007,83.03918623924255,2.3911251485397402,-8.34252947375583,0.8816696155641752,0.8960724033145283,0.04015722177062087,3,4,-9.59836782902453,-5.37865549130311,4.098667237441987,-6.995679314713925,0.8644040659708709,-0.21485619068040474,0,1
1789004014.6195395,83.08972501754761,2.4200238119701565,-8.307860379715759,0.8819870131337534,0.8930421641302347,0.03950066117269361,3,4,-9.59836782902453,-5.37865549130311,4.098667237441987,-6.995679314713925,0.8644040659708709,-0.21485619068040474,0,1
1789004014.6308389,83.10102438926697,2.4263906696998814,-8.300123632696971,0.8823513698798903,0.8901942131748896,0.03815868599931206,3,4,-9.59836782902453,-5.37865549130311,4.098667237441987,-6.995679314713925,0.8629740838739816,-0.21844561942563345,0,1
1789004014.6702535,83.1404390335083,2.449027420556426,-8.273335697524482,0.8811042657031845,0.8892861063257408,0.03806433023799523,3,4,-9.59836782902453,-5.37865549130311,4.098667237441987,-6.995679314713925,0.862110342854509,-0.22061371429232512,0,1
1789004014.7206852,83.19087076187134,2.4776935421828146,-8.238958183970444,0.8813674695400984,0.8872471823084622,0.03697000122598502,3,4,-9.59836782902453,-5.37865549130311,4.098667237441987,-6.995679314713925,0.862110342854509,-0.22061371429232512,0,1
1789004014.7308881,83.20107364654541,2.483448257064803,-8.231973182967327,0.8816369498723855,0.8870640450891321,0.0352241583848579,3,4,-9.59836782902453,-5.37865549130311,4.098667237441987,-6.995679314713925,0.8586966521382158,-0.2291824926085272,0,1
1789004014.7712293,83.24141478538513,2.506400966612524,-8.204542518500347,0.8813863544682461,0.8861042015119936,0.03515897247306737,3,4,-9.59836782902453,-5.37865549130311,4.098667237441987,-6.995679314713925,0.8578778697395404,-0.23086137213834135,0,1
1789004014.8217676,83.29195308685303,2.535119278380471,-8.170133260546026,0.8813399322875963,0.8858850201895636,0.03418510463052244,3,4,-9.59836782902453,-5.37865549130311,4.098667237441987,-6.995679314713925,0.8578778697395404,-0.23086137213834135,0,1
1789004014.8308375,83.30102300643921,2.5402311867957734,-8.16393033128106,0.8815438824232817,0.8858667233887558,0.03257750663627625,3,4,-9.59836782902453,-5.37865549130311,4.098667237441987,-6.995679314713925,0.8174713453922507,-0.24099492645878062,0,1
1789004014.8725817,83.34276723861694,2.564172197053563,-8.135766583601507,0.8794977162347124,0.8849195950154586,0.03244436972199886,3,4,-9.59836782902453,-5.37865549130311,4.098667237441987,-6.995679314713925,0.8133529280577753,-0.2422773563625269,0,1
1789004014.8808331,83.35101866722107,2.568825276725688,-8.130139280377763,0.8797030380901295,0.8847620027318613,0.03127272471040027,3,4,-9.59836782902453,-5.37865549130311,4.098667237441987,-6.995679314713925,0.8133529280577753,-0.2422773563625269,0,1
1789004014.9308977,83.40108323097229,2.5972362835876637,-8.09620938196641,0.8794959365955429,0.883118395273406,0.029277453593020922,3,4,-9.59836782902453,-5.37865549130311,4.098667237441987,-6.995679314713925,0.7751927602585652,-0.24813523445617203,0,1
1789004014.9736626,83.44384813308716,2.6215100169682093,-8.067302731847107,0.8790626634496209,0.8821281985198532,0.029209487352295182,3,4,-9.59836782902453,-5.37865549130311,4.098667237441987,-6.995679314713925,0.7881104477272384,-0.24693201855938107,0,1
1789004014.9808915,83.45107698440552,2.6255631295670865,-8.062406982552268,0.8792166758153838,0.8812120895228701,0.02826301674095375,3,4,-9.59836782902453,-5.37865549130311,4.098667237441987,-6.995679314713925,0.7881104477272384,-0.24693201855938107,0,1
1789004015.03092,83.5011055469513,2.6538761376384676,-8.02864170527429,0.8788412431965008,0.8803702618173417,0.026519173354109155,3,4,-9.59836782902453,-5.37865549130311,4.098667237441987,-6.995679314713925,0.731011621673775,-0.26157695242162193,0,1
1789004015.07522,83.545405626297,2.6791240953069866,-7.998942104424862,0.8770282830264148,0.8793278172323125,0.02640163331439226,3,4,-9.59836782902453,-5.37865549130311,4.098667237441987,-6.995679314713925,0.7449502273365722,-0.25812822794018997,0,1
1789004015.0809066,83.55109214782715,2.6822273461361075,-7.995204705441286,0.8771198999108698,0.873866559129485,0.02526833272624739,3,4,-9.59836782902453,-5.37865549130311,4.098667237441987,-6.995679314713925,0.7449502273365722,-0.25812822794018997,0,1
1789004015.1308336,83.60101914405823,2.710175686389416,-7.961969881362548,0.8767477764270436,0.8657557595366708,0.023348458820203474,3,4,-9.59836782902453,-5.37865549130311,4.098667237441987,-6.995679314713925,0.6885855637144361,-0.2713914315557684,0,1
1789004015.176652,83.64683747291565,2.735711378093047,-7.931661349087646,0.8762983024801231,0.8641435207066516,0.02328732667422553,3,4,-9.59836782902453,-5.37865549130311,4.098667237441987,-6.995679314713925,0.702771638483777,-0.26870975899873806,0,1
1789004015.180911,83.65109658241272,2.737833979833393,-7.929107328302572,0.8763455393463494,0.8499978278620447,0.022392657201786712,3,4,-9.59836782902453,-5.37865549130311,4.098667237441987,-6.995679314713925,0.702771638483777,-0.26870975899873806,0,1
1789004015.2308364,83.70102190971375,2.76509935328692,-7.897085056671006,0.8744577811229243,0.8348911574500211,0.020235099654109922,3,4,-9.59836782902453,-5.37865549130311,4.098667237441987,-6.995679314713925,0.6491258460142466,-0.2841316795468497,0,1
1789004015.278424,83.74860954284668,2.790709901297045,-7.866799266538183,0.8739682986341937,0.8319871373169869,0.02017629827869921,3,4,-9.59836782902453,-5.37865549130311,4.098667237441987,-6.995679314713925,0.6619586242228968,-0.2800204994383173,0,1
1789004015.2809033,83.75108885765076,2.791944582215755,-7.865319859558143,0.8739677753855625,0.8263319555331776,0.019240899129672386,3,4,-9.59836782902453,-5.37865549130311,4.098667237441987,-6.995679314713925,0.6619586242228968,-0.2800204994383173,0,1
1789004015.330883,83.80106854438782,2.8184473622949997,-7.8339866519766765,0.8734347390912883,0.8158892231282876,0.018151112705778554,3,4,-9.59836782902453,-5.37865549130311,4.098667237441987,-6.995679314713925,0.6420530470107918,-0.2866645192229095,0,1
1789004015.3800268,83.85021233558655,2.8443763673009346,-7.803516304850504,0.872287931660318,0.8122907392950729,0.018049140927720368,3,4,-9.59836782902453,-5.37865549130311,4.098667237441987,-6.995679314713925,0.622130943669597,-0.2936409572343722,0,1
1789004015.3808532,83.85103869438171,2.844671123721933,-7.803161333895587,0.8722338181453051,0.803777501402012,0.016906586634543048,3,4,-9.59836782902453,-5.37865549130311,4.098667237441987,-6.995679314713925,0.622130943669597,-0.2936409572343722,0,1
1789004015.43132,83.90150547027588,2.8708417153347363,-7.772803117607657,0.8695459607623982,0.7841333327907437,0.0151724950815697,3,4,-9.59836782902453,-5.37865549130311,4.098667237441987,-6.995679314713925,0.6029751930273267,-0.3002182246569022,0,1
1789004015.481921,83.95210647583008,2.8965376743439273,-7.7427296077574335,0.8687278871960357,0.7792573857940489,0.015084292178378172,3,4,-9.59836782902453,-5.37865549130311,4.098667237441987,-6.995679314713925,0.5844375473531037,-0.3052275877947861,0,1
1789004015.5325406,84.00272607803345,2.92115412019321,-7.71394724294364,0.8677689145566801,0.7524452491291455,0.012255646989841483,3,4,-9.59836782902453,-5.37865549130311,4.098667237441987,-6.995679314713925,0.5656549292094984,-0.31244748306999015,0,1
1789004015.5833824,84.05356788635254,2.946105655736979,-7.685142727105107,0.8654702227308598,0.7465136280103573,0.01209063088364838,3,4,-9.59836782902453,-5.37865549130311,4.098667237441987,-6.995679314713925,0.5291417970813832,-0.3279752780534644,0,1
1789004015.6337862,84.10397171974182,2.9696417965092987,-7.6578517030971,0.864099672513442,0.7101441766015296,0.00893808199946492,3,4,-9.59836782902453,-5.37865549130311,4.098667237441987,-6.995679314713925,0.5300826350148508,-0.3260743513682879,0,1
1789004015.6845348,84.15472030639648,2.9930792226024994,-7.63071993707297,0.8629835710019063,0.7027611202630999,0.008847275678401868,3,4,-9.59836782902453,-5.37865549130311,4.098667237441987,-6.995679314713925,0.5128603531515413,-0.3337446773537557,0,1
1789004015.7350674,84.20525288581848,3.0148455879112803,-7.605561464200476,0.8618154136676879,0.6551770314832345,0.00614454792836149,3,4,-9.59836782902453,-5.37865549130311,4.098667237441987,-6.995679314713925,0.49650132443739947,-0.34124589714678955,0,1
1789004015.7859302,84.25611567497253,3.036735228892882,-7.580743321603361,0.85857397769146,0.6458488684538244,0.005944196652823134,3,4,-9.59836782902453,-5.37865549130311,4.098667237441987,-6.995679314713925,0.4804375411107817,-0.34928444930397673,0,1
1789004015.836374,84.3065595626831,3.0578765027239014,-7.5566579705806785,0.8564068169452757,0.6290679467379576,0.002482747645614008,3,4,-9.59836782902453,-5.37865549130311,4.098667237441987,-6.995679314713925,0.4652361538435418,-0.35,0,1
1789004015.8869383,84.35712385177612,3.078728353637442,-7.532958154301413,0.8546333598035379,0.6194312000381915,0.002374224386048129,3,4,-9.59836782902453,-5.37865549130311,4.098667237441987,-6.995679314713925,0.4359970465603124,-0.35,0,1
1789004015.9375143,84.40769982337952,3.098607245980947,-7.510402561112281,0.8528958518237727,0.5876331323402679,-0.0007550963897812357,3,4,-9.59836782902453,-5.37865549130311,4.098667237441987,-6.995679314713925,0.43635535246565665,-0.35,0,1
1789004015.9883206,84.45850610733032,3.118348321611407,-7.488364133370389,0.8496484454740509,0.5768816125560287,-0.0009332558635651769,3,4,-9.59836782902453,-5.37865549130311,4.098667237441987,-6.995679314713925,0.40853615813922345,-0.35,0,1
1789004016.0387466,84.50893211364746,3.1366608588964557,-7.467799056712704,0.8476827341153027,0.5499543715926012,-0.004583559267776831,3,4,-9.59836782902453,-5.37865549130311,4.098667237441987,-6.995679314713925,0.40980253342070017,-0.35,0,1
1789004016.0893264,84.55951189994812,3.15498335263369,-7.447254168877835,0.8461108049948916,0.5384951655322701,-0.004658729552591986,3,4,-9.59836782902453,-5.37865549130311,4.098667237441987,-6.995679314713925,0.3966242046431609,-0.35,0,1
1789004016.1403453,84.61053085327148,3.172574967212523,-7.427756039362577,0.8432479160822042,0.5083278852266377,-0.00809417111872254,3,4,-9.59836782902453,-5.37865549130311,4.098667237441987,-6.995679314713925,0.38448348281184475,-0.35,0,1
1789004016.1909611,84.66114664077759,3.1892905300340573,-7.409151089191905,0.8416030259098531,0.48542230262587993,-0.010217924201031263,3,4,-9.59836782902453,-5.37865549130311,4.098667237441987,-6.995679314713925,0.3608518872297141,-0.35,0,0
1789004016.2416694,84.71185493469238,3.2054395137440097,-7.391298760807863,0.8394767877309931,0.46473327257464087,-0.011448224855991979,3,4,-9.59836782902453,-5.37865549130311,4.098667237441987,-6.995679314713925,0.3616205784592239,-0.35,0,0
1789004016.292215,84.76240062713623,3.221135712210501,-7.373967180974928,0.8376225407328528,0.45708130010306375,-0.013104249515182319,3,4,-9.59836782902453,-5.37865549130311,4.098667237441987,-6.995679314713925,0.3509371345777051,-0.35,0,0
1789004016.342978,84.81316351890564,3.235293954847516,-7.334567984250299,0.8349398014936471,0.4387982095533367,-0.014478398361117707,3,4,-9.59836782902453,-5.37865549130311,4.098667237441987,-6.995679314713925,0.3403814015772036,-0.35,0,0
1789004016.3648589,84.83504438400269,3.2402320075764006,-7.3080583272620885,0.8346649762440919,0.4330764981241014,-0.014478790911101153,3,4,-9.59836782902453,-5.37865549130311,4.098667237441987,-6.995679314713925,0.33054717523397886,-0.35,0,0
1789004016.3933852,84.86357069015503,3.248208080147672,-7.299370555492673,0.8332185608022877,0.4152827291228886,-0.016229353072860515,3,4,-9.59836782902453,-5.37865549130311,4.098667237441987,-6.995679314713925,0.33054717523397886,-0.35,0,0
1789004016.4439375,84.91412305831909,3.262090715737005,-7.284254393741052,0.8309558056114034,0.3967578309872873,-0.01733358261826628,3,4,-9.59836782902453,-5.37865549130311,4.098667237441987,-6.995679314713925,0.31425730095607785,-0.35,0,0
1789004016.4562612,84.92644667625427,3.264226181366723,-7.263227699711508,0.8307809583625873,0.393354911660589,-0.0173337678753889,3,4,-9.59836782902453,-5.37865549130311,4.098667237441987,-6.995679314713925,0.3000375754014404,-0.35,0,0
1789004016.494739,84.96492457389832,3.2742802203120345,-7.2524022785193925,0.8283584507775342,0.3789661033655935,-0.01908070369343838,3,4,-9.59836782902453,-5.37865549130311,4.098667237441987,-6.995679314713925,0.3000375754014404,-0.35,0,0
1789004016.5451455,85.01533102989197,3.287134112685172,-7.238500089601058,0.8262558693220307,0.37231108848260747,-0.02023300011787751,3,4,-9.59836782902453,-5.37865549130311,4.098667237441987,-6.995679314713925,0.2914658472920951,-0.35,0,0
1789004016.5661569,85.03634238243103,3.2912575723178397,-7.217318863763726,0.8258635946636306,0.366584293777742,-0.02023315828547391,3,4,-9.59836782902453,-5.37865549130311,4.098667237441987,-6.995679314713925,0.2789377670066876,-0.35,0,0
1789004016.5956914,85.0658769607544,3.2987700226247774,-7.209242742024558,0.8244249462679701,0.36563640271824666,-0.021733504328747596,3,4,-9.59836782902453,-5.37865549130311,4.098667237441987,-6.995679314713925,0.2789377670066876,-0.35,0,0
1789004016.6462693,85.11645483970642,3.3112117580936773,-7.1958917629730035,0.8222042659479057,0.35613820446622263,-0.022680032470535634,3,4,-9.59836782902453,-5.37865549130311,4.098667237441987,-6.995679314713925,0.2710576554458439,-0.35,0,0
1789004016.6615477,85.13173317909241,3.313955755992181,-7.1779260122783,0.8218891740933835,0.35213798574284455,-0.022680108431490147,3,4,-9.59836782902453,-5.37865549130311,4.098667237441987,-6.995679314713925,0.25988552321674513,-0.35,0,0
1789004016.697083,85.16726851463318,3.3224735123324955,-7.168867997304387,0.8199051482747742,0.344598061418075,-0.024133677541307706,3,4,-9.59836782902453,-5.37865549130311,4.098667237441987,-6.995679314713925,0.25988552321674513,-0.35,0,0
1789004016.7475126,85.217698097229,3.3341393287992203,-7.156444169211892,0.8177958382322067,0.3312591912216401,-0.025088140351504966,3,4,-9.59836782902453,-5.37865549130311,4.098667237441987,-6.995679314713925,0.25252469595801136,-0.35,0,0
1789004016.7674649,85.2376503944397,3.3377296734111983,-7.139059027937341,0.8173218312865044,0.32606544179376984,-0.025088244276987526,3,4,-9.59836782902453,-5.37865549130311,4.098667237441987,-6.995679314713925,0.24272988717651361,-0.35,0,0
1789004016.7981327,85.26831817626953,3.344787374590041,-7.131574809007198,0.8159860048097554,0.32713713881311113,-0.026301844318320097,3,4,-9.59836782902453,-5.37865549130311,4.098667237441987,-6.995679314713925,0.24272988717651361,-0.35,0,0
1789004016.84883,85.31901550292969,3.355950086609426,-7.119774986256067,0.8138351955068909,0.313576607786555,-0.02705809676284969,3,4,-9.59836782902453,-5.37865549130311,4.098667237441987,-6.995679314713925,0.2358232939305819,-0.35,0,0
1789004016.8620598,85.33224534988403,3.3580488533292834,-7.105253629016778,0.8135027005544326,0.3102387776994166,-0.02705815694568937,3,4,-9.59836782902453,-5.37865549130311,4.098667237441987,-6.995679314713925,0.2270640595711702,-0.35,0,0
1789004016.9000072,85.37019276618958,3.3659056518151567,-7.096999946514464,0.8117985486080783,0.2962611412494854,-0.028175224283283264,3,4,-9.59836782902453,-5.37865549130311,4.098667237441987,-6.995679314713925,0.2270640595711702,-0.35,0,0
1789004016.9508922,85.42107772827148,3.375986758078423,-7.086420730912139,0.8098422350801325,0.2801238173484352,-0.028634791913286283,3,4,-9.59836782902453,-5.37865549130311,4.098667237441987,-6.995679314713925,0.22082697752550617,-0.35,0,0
1789004016.9635618,85.43374729156494,3.377738234855963,-7.073363538838433,0.8094712160410121,0.27622226047703013,-0.029095589493025497,3,4,-9.59836782902453,-5.37865549130311,4.098667237441987,-6.995679314713925,0.21328178287235255,-0.35,0,0
1789004017.001686,85.47187161445618,3.3847845148924356,-7.065986342637042,0.8081732558949312,0.2630028596267099,-0.029795937824922174,3,4,-9.59836782902453,-5.37865549130311,4.098667237441987,-6.995679314713925,0.21328178287235255,-0.35,0,0
1789004017.0527754,85.52296090126038,3.3940868597319596,-7.056323128463659,0.8057153640474627,0.2569435405884259,-0.03008562911522221,3,4,-9.59836782902453,-5.37865549130311,4.098667237441987,-6.995679314713925,0.20623290710302444,-0.35,0,0
1789004017.0615792,85.53176474571228,3.3950854135082538,-7.045012738368635,0.8054428018648476,0.255372808040983,-0.03055984807294025,3,4,-9.59836782902453,-5.37865549130311,4.098667237441987,-6.995679314713925,0.20117980996832904,-0.35,0,0
1789004017.1033168,85.5735023021698,3.4023973945299675,-7.037408975461546,0.8040632917231036,0.24716687546282018,-0.031245705101354437,3,4,-9.59836782902453,-5.37865549130311,4.098667237441987,-6.995679314713925,0.20117980996832904,-0.35,0,0
1789004017.153858,85.62404346466064,3.410865434070877,-7.028648668155591,0.8021276607107276,0.23471832636373122,-0.03150297503596093,3,4,-9.59836782902453,-5.37865549130311,4.098667237441987,-6.995679314713925,0.19464493585937032,-0.35,0,0
1789004017.164078,85.63426351547241,3.4119818903708206,-7.018048932147558,0.8018054432923006,0.2320132216285852,-0.03179449333555631,3,4,-9.59836782902453,-5.37865549130311,4.098667237441987,-6.995679314713925,0.19064376849421996,-0.35,0,0
1789004017.204477,85.67466259002686,3.4184150356749265,-7.011402596933825,0.8005172960311139,0.22357290742859925,-0.032228786994697375,3,4,-9.59836782902453,-5.37865549130311,4.098667237441987,-6.995679314713925,0.19064376849421996,-0.35,0,0
1789004017.2555733,85.72575879096985,3.426216385724054,-7.003376152567688,0.7987200521783021,0.2129010507490994,-0.032393658392013434,3,4,-9.59836782902453,-5.37865549130311,4.098667237441987,-6.995679314713925,0.18464778062069284,-0.35,0,0
1789004017.2693787,85.73956418037415,3.4277382905989406,-6.993099171985108,0.7982733504305789,0.20962232356653368,-0.03263779522396837,3,4,-9.59836782902453,-5.37865549130311,4.098667237441987,-6.995679314713925,0.18124014424813703,-0.35,0,0
1789004017.3061802,85.77636575698853,3.433297439007815,-6.987378143742611,0.7972959094020725,0.20993187708131836,-0.032943526370463896,3,4,-9.59836782902453,-5.37865549130311,4.098667237441987,-6.995679314713925,0.18124014424813703,-0.35,0,0
1789004017.3308415,85.80102705955505,3.436891499378772,-6.983696465591,0.7964781214212443,0.20599531558606313,-0.033042212477268455,3,4,-9.59836782902453,-5.37865549130311,4.098667237441987,-6.995679314713925,0.17569658011909556,-0.35,0,0
1789004017.3614566,85.8316421508789,3.44081235239099,-6.971632407021249,0.795349352859847,0.19897457669447471,-0.03317350845637463,3,4,-9.59836782902453,-5.37865549130311,4.098667237441987,-6.995679314713925,0.17283605654610193,-0.35,0,0
1789004017.4078555,85.87804102897644,3.4470797414745027,-6.965231640403005,0.7940183769094845,0.1875374347607223,-0.03333177719217338,3,4,-9.59836782902453,-5.37865549130311,4.098667237441987,-6.995679314713925,0.17283605654610193,-0.35,0,0
1789004017.4309037,85.90108919143677,3.450077911672289,-6.962180874540747,0.7932473105874994,0.1829469879418018,-0.033382950829924124,3,4,-9.59836782902453,-5.37865549130311,4.098667237441987,-6.995679314713925,0.16866945929147165,-0.35,0,0
1789004017.4609714,85.931156873703,3.453492457681944,-6.951242744280779,0.7919548016493803,0.1759429054448935,-0.03353065016283615,3,4,-9.59836782902453,-5.37865549130311,4.098667237441987,-6.995679314713925,0.1655107770392846,-0.35,0,0
1789004017.50984,85.98002552986145,3.459376892044635,-6.945274775709991,0.7905032860243213,0.16570745259444042,-0.033622342971746974,3,4,-9.59836782902453,-5.37865549130311,4.098667237441987,-6.995679314713925,0.1655107770392846,-0.35,0,0
1789004017.5308328,86.00101828575134,3.461895525678997,-6.942726606406362,0.7897903432780414,0.16830077132349347,-0.0337394489471673,3,4,-9.59836782902453,-5.37865549130311,4.098667237441987,-6.995679314713925,0.16186600961217207,-0.35,0,0
1789004017.5633132,86.03349876403809,3.465320207529313,-6.932302877337611,0.7886080885438951,0.1620922770955026,-0.0338134039227616,3,4,-9.59836782902453,-5.37865549130311,4.098667237441987,-6.995679314713925,0.15759190479861915,-0.35,0,0
1789004017.6116965,86.08188199996948,3.4708729459412564,-6.926718187618637,0.7869197538793605,0.15695448174004428,-0.033864091143410865,3,4,-9.59836782902453,-5.37865549130311,4.098667237441987,-6.995679314713925,0.15759190479861915,-0.35,0,0
1789004017.630809,86.10099458694458,3.4730554356628858,-6.924526242280446,0.7862648615100191,0.15850898266430324,-0.0340047875698771,3,4,-9.59836782902453,-5.37865549130311,4.098667237441987,-6.995679314713925,0.1558183362535245,-0.35,0,0
1789004017.6658657,86.13605117797852,3.4765641460955616,-6.91449544564966,0.7851092598914203,0.1519196582712351,-0.034059683677339754,3,4,-9.59836782902453,-5.37865549130311,4.098667237441987,-6.995679314713925,0.1519005148256937,-0.35,0,0
1789004017.7132165,86.1834020614624,3.481631072959697,-6.909418588725699,0.7838381867440499,0.14592691481393544,-0.034088190332590994,3,4,-9.59836782902453,-5.37865549130311,4.098667237441987,-6.995679314713925,0.1519005148256937,-0.35,0,0
1789004017.7308354,86.20102095603943,3.4835024921222812,-6.907550932182528,0.7832384827865467,0.14680768668481403,-0.034073144022747796,3,4,-9.59836782902453,-5.37865549130311,4.098667237441987,-6.995679314713925,0.15026535165360136,-0.35,0,0
1789004017.7676086,86.2377941608429,3.486925730585227,-6.898043894124599,0.7819743225497293,0.14013488647689348,-0.034078904125136734,3,4,-9.59836782902453,-5.37865549130311,4.098667237441987,-6.995679314713925,0.14678120496781583,-0.35,0,0
1789004017.81491,86.28509545326233,3.4917304786539605,-6.8932506675678145,0.7808961908603266,0.13758445096989683,-0.034069111460599995,3,4,-9.59836782902453,-5.37865549130311,4.098667237441987,-6.995679314713925,0.14678120496781583,-0.35,0,0
1789004017.8308346,86.30102014541626,3.493383669325312,-6.891609278126012,0.7803600361827355,0.14155620125385604,-0.03394483736166331,3,4,-9.59836782902453,-5.37865549130311,4.098667237441987,-6.995679314713925,0.14546456677730618,-0.35,0,0
1789004017.8655303,86.33571577072144,3.496531029146699,-6.882770603287767,0.7790987550589605,0.13632677527784828,-0.033919770410724866,3,4,-9.59836782902453,-5.37865549130311,4.098667237441987,-6.995679314713925,0.1419965358525268,-0.35,0,0
1789004017.916664,86.38684940338135,3.501502730674073,-6.877853855948853,0.777606199041717,0.1315255563696026,-0.03389586415744055,3,4,-9.59836782902453,-5.37865549130311,4.098667237441987,-6.995679314713925,0.1419965358525268,-0.35,0,0
1789004017.9309037,86.40108919143677,3.5029033373912597,-6.876472849059174,0.7771283783412111,0.13380204424481842,-0.03380913484495231,3,4,-9.59836782902453,-5.37865549130311,4.098667237441987,-6.995679314713925,0.14085110146381916,-0.35,0,0
1789004017.967527,86.43771243095398,3.506059622601788,-6.867996213467654,0.7754562242825591,0.12837910283623427,-0.03385836636372801,3,4,-9.59836782902453,-5.37865549130311,4.098667237441987,-6.995679314713925,0.13774051136815216,-0.35,0,0
1789004018.0180144,86.48819994926453,3.5106450581904878,-6.863498133941356,0.7738816318323651,0.1223781877111886,-0.033878889899540056,3,4,-9.59836782902453,-5.37865549130311,4.098667237441987,-6.995679314713925,0.13774051136815216,-0.35,0,0
1789004018.0308497,86.50103521347046,3.511860673258289,-6.862307376855581,0.7734467167723869,0.12685790562445223,-0.03388023184210111,3,4,-9.59836782902453,-5.37865549130311,4.098667237441987,-6.995679314713925,0.13684983916628132,-0.35,0,0
1789004018.0688787,86.53906416893005,3.5150032096663835,-6.854165945006712,0.7719593543211457,0.12209881453664416,-0.03391794235886563,3,4,-9.59836782902453,-5.37865549130311,4.098667237441987,-6.995679314713925,0.13390347664078148,-0.35,0,0
1789004018.1196532,86.58983874320984,3.519547258894047,-6.8497376169239725,0.7703912416605632,0.11969052695026328,-0.03393437910394811,3,4,-9.59836782902453,-5.37865549130311,4.098667237441987,-6.995679314713925,0.13390347664078148,-0.35,0,0
1789004018.1309037,86.60108923912048,3.5206249762017134,-6.84868861138277,0.7700097316503172,0.12549052004768013,-0.03392935523188824,3,4,-9.59836782902453,-5.37865549130311,4.098667237441987,-6.995679314713925,0.13301068988657383,-0.35,0,0
1789004018.1708248,86.64101028442383,3.5237928555164477,-6.8408404524982265,0.7679638940470498,0.11929315064526835,-0.03394656420045679,3,4,-9.59836782902453,-5.37865549130311,4.098667237441987,-6.995679314713925,0.1322964040642856,-0.35,0,0
1789004018.2214592,86.6916446685791,3.5283035230154125,-6.836482405007282,0.7662856003628273,0.11813530510157612,-0.03407187963880331,3,4,-9.59836782902453,-5.37865549130311,4.098667237441987,-6.995679314713925,0.1322964040642856,-0.35,0,0
1789004018.2308846,86.70107007026672,3.529176641852366,-6.835640027210044,0.7659567219096061,0.12140334109386097,-0.03421590604765088,3,4,-9.59836782902453,-5.37865549130311,4.098667237441987,-6.995679314713925,0.12828712424260783,-0.35,0,0
1789004018.2722993,86.74248480796814,3.532387960588838,-6.828024538007597,0.7640407222879624,0.11542191987824113,-0.03423038686803083,3,4,-9.59836782902453,-5.37865549130311,4.098667237441987,-6.995679314713925,0.12795577579420583,-0.35,0,0
1789004018.2808826,86.75106811523438,3.533228052487149,-6.827216722360572,0.763739553324041,0.12085218153992067,-0.0343698130809993,3,4,-9.59836782902453,-5.37865549130311,4.098667237441987,-6.995679314713925,0.12795577579420583,-0.35,0,0
1789004018.3308866,86.8010721206665,3.5375493844562245,-6.8231012261095145,0.76128365026223,0.11818809252906796,-0.03481230663056983,3,4,-9.59836782902453,-5.37865549130311,4.098667237441987,-6.995679314713925,0.1263163500562008,-0.35,0,0
1789004018.3737133,86.84389877319336,3.5410999535723455,-6.819505846941485,0.7595336478835516,0.11245611945400986,-0.03481997068601913,3,4,-9.59836782902453,-5.37865549130311,4.098667237441987,-6.995679314713925,0.12602504990436078,-0.35,0,0
1789004018.3808663,86.85105180740356,3.5417520453962488,-6.818884892484879,0.7592746357511713,0.11529100318738424,-0.03501656900686319,3,4,-9.59836782902453,-5.37865549130311,4.098667237441987,-6.995679314713925,0.12602504990436078,-0.35,0,0
1789004018.4309232,86.90110874176025,3.5458644613913948,-6.814979065519999,0.757613486255882,0.11156993540564351,-0.03524279672601958,3,4,-9.59836782902453,-5.37865549130311,4.098667237441987,-6.995679314713925,0.12359574519318138,-0.35,0,0
1789004018.4754872,86.94567275047302,3.5493486444992457,-6.811472626227937,0.7557662645991391,0.1058901019358343,-0.035251009894635116,3,4,-9.59836782902453,-5.37865549130311,4.098667237441987,-6.995679314713925,0.1232122227206385,-0.35,0,0
1789004018.480834,86.95101952552795,3.549814898403121,-6.811031934778983,0.7555704211290508,0.10789915713142657,-0.03538955779122014,3,4,-9.59836782902453,-5.37865549130311,4.098667237441987,-6.995679314713925,0.1232122227206385,-0.35,0,0
1789004018.530917,87.00110244750977,3.553711476144924,-6.807375185861198,0.753268345513816,0.10602793278182074,-0.03578856552669143,3,4,-9.59836782902453,-5.37865549130311,4.098667237441987,-6.995679314713925,0.12076843376679915,-0.35,0,0
1789004018.5772815,87.04746699333191,3.557154159174931,-6.803935003923415,0.7513581699080794,0.1004368700319464,-0.035796118227295545,3,4,-9.59836782902453,-5.37865549130311,4.098667237441987,-6.995679314713925,0.1206098031731377,-0.35,0,0
1789004018.5808356,87.05102109909058,3.557539779635618,-6.8035716167539615,0.7512218463953892,0.1063595951244515,-0.03598152749338697,3,4,-9.59836782902453,-5.37865549130311,4.098667237441987,-6.995679314713925,0.1206098031731377,-0.35,0,0
1789004018.6308587,87.10104417800903,3.5614058951626877,-6.799955961666033,0.7495331371456968,0.10606447376952964,-0.03619681953329108,3,4,-9.59836782902453,-5.37865549130311,4.098667237441987,-6.995679314713925,0.1183301339584642,-0.35,0,0
1789004018.678643,87.14882850646973,3.56496934648539,-6.796437677873611,0.7471929420120774,0.10084796206966429,-0.036214896552530886,3,4,-9.59836782902453,-5.37865549130311,4.098667237441987,-6.995679314713925,0.11810733084389222,-0.35,0,0
1789004018.6809134,87.15109896659851,3.5651976724616663,-6.796224579117957,0.7471009769982144,0.10357617038236681,-0.0364065047959913,3,4,-9.59836782902453,-5.37865549130311,4.098667237441987,-6.995679314713925,0.11810733084389222,-0.35,0,0
1789004018.730842,87.20102763175964,3.568924109286352,-6.792805756688758,0.7440507186870692,0.09910923091030421,-0.03689832578415119,3,4,-9.59836782902453,-5.37865549130311,4.098667237441987,-6.995679314713925,0.11691595254540811,-0.35,0,0
1789004018.7801185,87.25030398368835,3.5723561977499223,-6.789444860572724,0.7415967833681033,0.09391228671268145,-0.03692339218885536,3,4,-9.59836782902453,-5.37865549130311,4.098667237441987,-6.995679314713925,0.11585665573930058,-0.35,0,0
1789004018.780925,87.25111055374146,3.5724861043179796,-6.789323668357367,0.7415425693345977,0.09738990403550558,-0.03739556430129033,3,4,-9.59836782902453,-5.37865549130311,4.098667237441987,-6.995679314713925,0.11585665573930058,-0.35,0,0
1789004018.830909,87.30109453201294,3.5760475243879286,-6.786064239924069,0.7394585877985232,0.09649310976890056,-0.03780550754510015,3,4,-9.59836782902453,-5.37865549130311,4.098667237441987,-6.995679314713925,0.11478614367415521,-0.35,0,0
1789004018.8817375,87.3519229888916,3.579517235083623,-6.782731522807735,0.7355833950852487,0.09151374954438031,-0.03788864919637692,3,4,-9.59836782902453,-5.37865549130311,4.098667237441987,-6.995679314713925,0.11373175329393205,-0.35,0,0
1789004018.932141,87.4023265838623,3.583119544251613,-6.779505391146112,0.731979815822709,0.0908334608798741,-0.03959549586037648,3,4,-9.59836782902453,-5.37865549130311,4.098667237441987,-6.995679314713925,0.11274353561179179,-0.35,0,0
1789004018.9827425,87.45292806625366,3.5863643477680878,-6.776396784894196,0.7289862681399876,0.08607552135123564,-0.0396392776789725,3,4,-9.59836782902453,-5.37865549130311,4.098667237441987,-6.995679314713925,0.11191123985538014,-0.35,0,0
1789004019.0333142,87.50349974632263,3.589436885104807,-6.773662373565767,0.7264144351055148,0.08136313243839138,-0.04122060818910276,3,4,-9.59836782902453,-5.37865549130311,4.098667237441987,-6.995679314713925,0.1110353831235062,-0.35,0,0
1789004019.0842972,87.55448269844055,3.592367853869068,-6.770895520491572,0.7219373802910206,0.0765754116810223,-0.041324217203133624,3,4,-9.59836782902453,-5.37865549130311,4.098667237441987,-6.995679314713925,0.10934112023801607,-0.35,0,0
1789004019.1349146,87.60510015487671,3.5956700937937343,-6.7680164406488466,0.7178292276551109,0.0843053361144213,-0.04378762544635213,3,4,-9.59836782902453,-5.37865549130311,4.098667237441987,-6.995679314713925,0.10946611577337635,-0.35,0,0
1789004019.1857903,87.65597581863403,3.5987182299935765,-6.765165073388628,0.7144390225898838,0.08012825648303394,-0.04383963050358218,3,4,-9.59836782902453,-5.37865549130311,4.098667237441987,-6.995679314713925,0.10879368718765757,-0.35,0,0
1789004019.2369843,87.70716977119446,3.601983898851619,-6.762374847540974,0.7097316867079129,0.08063546797190055,-0.046594383391343,3,4,-9.59836782902453,-5.37865549130311,4.098667237441987,-6.995679314713925,0.10803242945911758,-0.35,0,0
1789004019.287592,87.75777745246887,3.605015160035245,-6.759793327684324,0.7062131978666258,0.07670377913823313,-0.046643671631820524,3,4,-9.59836782902453,-5.37865549130311,4.098667237441987,-6.995679314713925,0.10741305134962027,-0.35,0,0
1789004019.338449,87.80863451957703,3.6080374609411687,-6.757034542268771,0.7014953080544079,0.07990797357135947,-0.04949420551190146,3,4,-9.59836782902453,-5.37865549130311,4.098667237441987,-6.995679314713925,0.10668410693948137,-0.35,0,0
1789004019.3649447,87.83513021469116,3.6094999028595485,-6.755585240956007,0.7001841289075736,0.07802821506336224,-0.049494206092155144,3,4,-9.59836782902453,-5.37865549130311,4.098667237441987,-6.995679314713925,0.10601960783301032,-0.35,0,0
1789004019.3893244,87.85950994491577,3.61109365138645,-6.754263248513079,0.6975766024580669,0.08114042198291373,-0.05120712042338881,3,4,-9.59836782902453,-5.37865549130311,4.098667237441987,-6.995679314713925,0.10601960783301032,-0.35,0,0
1789004019.4405541,87.91073966026306,3.614282655697998,-6.751630600408344,0.6926462607177722,0.08058503737221463,-0.05276501927749011,3,4,-9.59836782902453,-5.37865549130311,4.098667237441987,-6.995679314713925,0.1053933954480175,-0.35,0,0
1789004019.4609144,87.9310998916626,3.6153899514970513,-6.750499876131985,0.69157213158595,0.0792921012461384,-0.05276502032394944,3,4,-9.59836782902453,-5.37865549130311,4.098667237441987,-6.995679314713925,0.10481404319204268,-0.35,0,0
1789004019.4911704,87.96135592460632,3.6173083524103533,-6.748929412261052,0.6888256255519849,0.08007930119842056,-0.054637150047702684,3,4,-9.59836782902453,-5.37865549130311,4.098667237441987,-6.995679314713925,0.10481404319204268,-0.35,0,0
1789004019.5420227,88.0122082233429,3.620456198831307,-6.746373456041805,0.683912994688941,0.07962757323431995,-0.05598433834348438,3,4,-9.59836782902453,-5.37865549130311,4.098667237441987,-6.995679314713925,0.10414192850490737,-0.35,0,0
1789004019.5637147,88.0339002609253,3.6216291730743273,-6.745207314741739,0.6826987796265992,0.0783625269421907,-0.05598433865842631,3,4,-9.59836782902453,-5.37865549130311,4.098667237441987,-6.995679314713925,0.10353184828343978,-0.35,0,0
1789004019.59317,88.06335544586182,3.6237477499406587,-6.743512506121829,0.6789673737372129,0.08680518493840343,-0.05807320025924848,3,4,-9.59836782902453,-5.37865549130311,4.098667237441987,-6.995679314713925,0.10353184828343978,-0.35,0,0
1789004019.6437578,88.11394333839417,3.627326963796323,-6.7406509986487455,0.6738962603477764,0.095093943956012,-0.05968046964050099,3,4,-9.59836782902453,-5.37865549130311,4.098667237441987,-6.995679314713925,0.10288604761187692,-0.35,0,0
1789004019.6603441,88.1305296421051,3.6283892927349366,-6.739595045093851,0.6729065685120251,0.09446199603529677,-0.05968047014289162,3,4,-9.59836782902453,-5.37865549130311,4.098667237441987,-6.995679314713925,0.10210562918312364,-0.35,0,0
1789004019.6944246,88.1646101474762,3.6310637812397135,-6.737483701980482,0.6695384495526053,0.0980921242711232,-0.061696598320835065,3,4,-9.59836782902453,-5.37865549130311,4.098667237441987,-6.995679314713925,0.10210562918312364,-0.35,0,0
1789004019.7449796,88.21516513824463,3.6349564669043426,-6.734452072843613,0.6638535383328785,0.0971125956576726,-0.06323138938657046,3,4,-9.59836782902453,-5.37865549130311,4.098667237441987,-6.995679314713925,0.10138798368070281,-0.35,0,0
1789004019.7626858,88.2328712940216,3.6361282842862352,-6.733330329404282,0.6627341743491227,0.09653459140505677,-0.06323138942837078,3,4,-9.59836782902453,-5.37865549130311,4.098667237441987,-6.995679314713925,0.10066055887746313,-0.35,0,0
1789004019.7958922,88.26607775688171,3.63870528000985,-6.731369544095605,0.658136723212187,0.0966752603287235,-0.06564273330427878,3,4,-9.59836782902453,-5.37865549130311,4.098667237441987,-6.995679314713925,0.10066055887746313,-0.35,0,0
1789004019.8463647,88.31655025482178,3.642683327975176,-6.728335147999841,0.6523414332855727,0.10184138498048469,-0.06751941501849296,3,4,-9.59836782902453,-5.37865549130311,4.098667237441987,-6.995679314713925,0.09998445108040675,-0.35,0,0
1789004019.8615215,88.33170700073242,3.643716994109563,-6.727343601501701,0.6513182663270491,0.10146339934137213,-0.06751941552079545,3,4,-9.59836782902453,-5.37865549130311,4.098667237441987,-6.995679314713925,0.09917538284946852,-0.35,0,0
1789004019.8969116,88.36709713935852,3.646938263767634,-6.724908153542229,0.6473694392082289,0.11090848926339185,-0.0698670005288266,3,4,-9.59836782902453,-5.37865549130311,4.098667237441987,-6.995679314713925,0.09917538284946852,-0.35,0,0
1789004019.947498,88.4176836013794,3.6515046572799013,-6.721516154413928,0.6408131829635463,0.11409821154682989,-0.07166985091489364,3,4,-9.59836782902453,-5.37865549130311,4.098667237441987,-6.995679314713925,0.09831149968966185,-0.35,0,0
1789004019.962678,88.43286347389221,3.652686872530142,-6.720435844217108,0.639725487742815,0.11392894727550298,-0.07166985099847764,3,4,-9.59836782902453,-5.37865549130311,4.098667237441987,-6.995679314713925,0.09747537652321825,-0.35,0,0
1789004019.9982963,88.46848177909851,3.6560672238697776,-6.7179868117389825,0.6341936165824232,0.1163178830654728,-0.07450293809387804,3,4,-9.59836782902453,-5.37865549130311,4.098667237441987,-6.995679314713925,0.09747537652321825,-0.35,0,0
1789004020.0487058,88.51889133453369,3.6608327588475476,-6.714544138222241,0.6276056981803068,0.11690980629157446,-0.07669355121372207,3,4,-9.59836782902453,-5.37865549130311,4.098667237441987,-6.995679314713925,0.09671761834037527,-0.35,0,0
1789004020.0536594,88.52384495735168,3.661082776853486,-6.714168229794175,0.6272260106455323,0.11687277491565469,-0.07669355201119353,3,4,-9.59836782902453,-5.37865549130311,4.098667237441987,-6.995679314713925,0.09583843030833754,-0.35,0,0
1789004020.099259,88.56944441795349,3.6657002764921165,-6.710854383660136,0.6219478543960487,0.12477575783240329,-0.0794177252744475,3,4,-9.59836782902453,-5.37865549130311,4.098667237441987,-6.995679314713925,0.09583843030833754,-0.35,0,0
1789004020.1499734,88.62015891075134,3.6712374117353335,-6.707048348441746,0.6113138072024272,0.13382850827366471,-0.08055276820784289,3,4,-9.59836782902453,-5.37865549130311,4.098667237441987,-6.995679314713925,0.09489667176518907,-0.35,0,0
1789004020.1637208,88.63390636444092,3.672600305904249,-6.701739368085578,0.6100915908223211,0.13541745545571165,-0.08274777870217706,3,4,-9.59836782902453,-5.37865549130311,4.098667237441987,-6.995679314713925,0.09398173471650824,-0.35,0,0
1789004020.200396,88.67058157920837,3.6764997518604265,-6.699068429583674,0.6052170945947073,0.1305270390762918,-0.08604701877141024,3,4,-9.59836782902453,-5.37865549130311,4.098667237441987,-6.995679314713925,0.09398173471650824,-0.35,0,0
1789004020.250971,88.72115659713745,3.6816506656069743,-6.695636003214553,0.5966663943832918,0.12102718353209124,-0.08737493363704096,3,4,-9.59836782902453,-5.37865549130311,4.098667237441987,-6.995679314713925,0.09304628317412728,-0.35,0,0
1789004020.2685213,88.7387068271637,3.6833550486036963,-6.6942684214084975,0.5950228992062027,0.12009830118659287,-0.08909985187307091,3,4,-9.59836782902453,-5.37865549130311,4.098667237441987,-6.995679314713925,0.09245701855353593,-0.35,0,0
1789004020.3015375,88.77172303199768,3.6865363805014337,-6.692192717424434,0.5893290293605343,0.11644243039271968,-0.09205869764206409,3,4,-9.59836782902453,-5.37865549130311,4.098667237441987,-6.995679314713925,0.09245701855353593,-0.35,0,0
1789004020.3524768,88.82266235351562,3.691753417237599,-6.688943724918579,0.5757034570348578,0.12095613160851058,-0.09345774680985394,3,4,-9.59836782902453,-5.37865549130311,4.098667237441987,-6.995679314713925,0.0914709331565422,-0.35,0,0
1789004020.369952,88.84013748168945,3.6933261326578806,-6.683815772883274,0.5739117620799705,0.12177432127988455,-0.09635401400813727,3,4,-9.59836782902453,-5.37865549130311,4.098667237441987,-6.995679314713925,0.0911084274896707,-0.35,0,0
1789004020.403074,88.87325954437256,3.6970636539885553,-6.68144762743523,0.568146163338081,0.13040945365707815,-0.10075332221357272,3,4,-9.59836782902453,-5.37865549130311,4.098667237441987,-6.995679314713925,0.0911084274896707,-0.35,0,0
1789004020.4538965,88.92408204078674,3.7027327256361042,-6.677981609296169,0.557533048452613,0.13082191205165053,-0.10251469811217034,3,4,-9.59836782902453,-5.37865549130311,4.098667237441987,-6.995679314713925,0.09037997814277896,-0.35,0,0
1789004020.4618127,88.93199825286865,3.7034016700912797,-6.67368721965513,0.5566019623777425,0.13120934354787625,-0.10484760711924522,3,4,-9.59836782902453,-5.37865549130311,4.098667237441987,-6.995679314713925,0.08978266032513317,-0.35,0,0
1789004020.5047495,88.97493505477905,3.7081345737986404,-6.670846329618586,0.548412000995334,0.12896944769985397,-0.10880254739243732,3,4,-9.59836782902453,-5.37865549130311,4.098667237441987,-6.995679314713925,0.08978266032513317,-0.35,0,0
1789004020.555982,89.02616763114929,3.713821706893541,-6.667567979008868,0.5360446282420429,0.127999553761523,-0.11052790366636933,3,4,-9.59836782902453,-5.37865549130311,4.098667237441987,-6.995679314713925,0.08890443896182497,-0.35,0,0
1789004020.5623865,89.03257203102112,3.71428991539535,-6.6636280465607,0.5352012931314587,0.12814279225929323,-0.11363021420595139,3,4,-9.59836782902453,-5.37865549130311,4.098667237441987,-6.995679314713925,0.08873576612315809,-0.35,0,0
1789004020.6066287,89.0768141746521,3.7191897145196506,-6.66082099713791,0.5264985384274398,0.12781342281296926,-0.118456184237133,3,4,-9.59836782902453,-5.37865549130311,4.098667237441987,-6.995679314713925,0.08873576612315809,-0.35,0,0
1789004020.6309094,89.10109496116638,3.721862116001787,-6.659268873110249,0.5235301103916008,0.12725064870969877,-0.12026901349450465,3,4,-9.59836782902453,-5.37865549130311,4.098667237441987,-6.995679314713925,0.08796335799862011,-0.35,0,0
1789004020.6593752,89.12956070899963,3.724828196174495,-6.654257541510007,0.5138205558714533,0.12746048813149508,-0.12312512713473846,3,4,-9.59836782902453,-5.37865549130311,4.098667237441987,-6.995679314713925,0.08765779448123033,-0.35,0,0
1789004020.7086823,89.17886781692505,3.730362273556076,-6.651319138550155,0.5008674676629213,0.1270801194553119,-0.12870399004331448,3,4,-9.59836782902453,-5.37865549130311,4.098667237441987,-6.995679314713925,0.08765779448123033,-0.35,0,0
1789004020.7308955,89.20108103752136,3.7328104054076015,-6.649981689915941,0.49789722196578623,0.12557105455843165,-0.13110640111820251,3,4,-9.59836782902453,-5.37865549130311,4.098667237441987,-6.995679314713925,0.08750853971683578,-0.35,0,0
1789004020.7637954,89.23398089408875,3.7362133590567117,-6.644989655091346,0.4884792318394818,0.12555223645402394,-0.13429247073086367,3,4,-9.59836782902453,-5.37865549130311,4.098667237441987,-6.995679314713925,0.08700148211289557,-0.35,0,0
1789004020.8101752,89.28036069869995,3.7413097517562117,-6.642370519398336,0.47907819699783444,0.12369811705184065,-0.13646933671370276,3,4,-9.59836782902453,-5.37865549130311,4.098667237441987,-6.995679314713925,0.08700148211289557,-0.35,0,0
1789004020.830833,89.3010184764862,3.743561801808977,-6.641202171898531,0.47599715814249954,0.12291037977218883,-0.14082766007784042,3,4,-9.59836782902453,-5.37865549130311,4.098667237441987,-6.995679314713925,0.08668268033269706,-0.35,0,0
1789004020.8607254,89.3309109210968,3.7465891394468134,-6.6366730673225565,0.4666017124925387,0.12289608685820712,-0.14358835501498138,3,4,-9.59836782902453,-5.37865549130311,4.098667237441987,-6.995679314713925,0.08592834870277105,-0.35,0,0
1789004020.9117208,89.38190627098083,3.751980958092498,-6.6340957280255415,0.4545704425611645,0.11703416045857784,-0.14549288847476352,3,4,-9.59836782902453,-5.37865549130311,4.098667237441987,-6.995679314713925,0.08592834870277105,-0.35,0,0
1789004020.9309204,89.4011058807373,3.753842854472715,-6.633200829437073,0.4514928336809843,0.10903225468321967,-0.1508905106056626,3,4,-9.59836782902453,-5.37865549130311,4.098667237441987,-6.995679314713925,0.08625728907435068,-0.35,0,0
1789004020.9623632,89.4325487613678,3.756907199899525,-6.631648595061183,0.44330593700832266,0.10741583566138195,-0.15367136649312713,3,4,-9.59836782902453,-5.37865549130311,4.098667237441987,-6.995679314713925,0.08576829810272446,-0.35,0,0
1789004021.0131986,89.48338413238525,3.7618292276683136,-6.629355562779377,0.43396563130313975,0.10637916843023124,-0.15549953775172212,3,4,-9.59836782902453,-5.37865549130311,4.098667237441987,-6.995679314713925,0.08576829810272446,-0.35,0,0
1789004021.030879,89.50106453895569,3.7635735305526623,-6.628542332680711,0.43100970260457594,0.108289829785427,-0.1590724930117666,3,4,-9.59836782902453,-5.37865549130311,4.098667237441987,-6.995679314713925,0.08539543971418397,-0.35,0,0
1789004021.0643415,89.53452706336975,3.766876737961285,-6.6270000345632845,0.4201482094777936,0.10818781193576554,-0.16219911413582852,3,4,-9.59836782902453,-5.37865549130311,4.098667237441987,-6.995679314713925,0.08491408123955883,-0.35,0,0
1789004021.1148713,89.5850567817688,3.771921113334504,-6.62476644503447,0.41128156655599923,0.1087013849205853,-0.16413891253660498,3,4,-9.59836782902453,-5.37865549130311,4.098667237441987,-6.995679314713925,0.08491408123955883,-0.35,0,0
1789004021.130913,89.60109853744507,3.77354216754101,-6.624056492572928,0.4084593234872944,0.10964929718101099,-0.16759397101444298,3,4,-9.59836782902453,-5.37865549130311,4.098667237441987,-6.995679314713925,0.08470876289892429,-0.35,0,0
1789004021.1655195,89.63570499420166,3.7769850256715265,-6.622462628160037,0.40054094408061947,0.10943824423086362,-0.169492210223928,3,4,-9.59836782902453,-5.37865549130311,4.098667237441987,-6.995679314713925,0.08396003844639993,-0.35,0,0
1789004021.2163494,89.6865348815918,3.782140039190644,-6.620290248961273,0.3917811375521791,0.10966750304321152,-0.17068617887211127,3,4,-9.59836782902453,-5.37865549130311,4.098667237441987,-6.995679314713925,0.08396003844639993,-0.35,0,0
1789004021.2309113,89.70109677314758,3.7836416324550126,-6.619666950001295,0.38916568810045954,0.11080577453380745,-0.17302597927387622,3,4,-9.59836782902453,-5.37865549130311,4.098667237441987,-6.995679314713925,0.08376302773083938,-0.35,0,0
1789004021.268554,89.73873949050903,3.7874606484040214,-6.61803233607216,0.3790367100770125,0.1107092203519,-0.17522367482961906,3,4,-9.59836782902453,-5.37865549130311,4.098667237441987,-6.995679314713925,0.08309577014056926,-0.35,0,0
1789004021.3180077,89.7881932258606,3.792600365780424,-6.615985486840364,0.3705750763804576,0.11143820255372239,-0.1765327455935211,3,4,-9.59836782902453,-5.37865549130311,4.098667237441987,-6.995679314713925,0.08309577014056926,-0.35,0,0
1789004021.3308456,89.8010311126709,3.7939526103517,-6.615457894062716,0.3681897923384554,0.11220322904563225,-0.17882999353607285,3,4,-9.59836782902453,-5.37865549130311,4.098667237441987,-6.995679314713925,0.08289716004301252,-0.35,0,0
1789004021.3686447,89.83883023262024,3.7978403188014744,-6.613852975447914,0.35945278697298955,0.11211950743880936,-0.18024454547892355,3,4,-9.59836782902453,-5.37865549130311,4.098667237441987,-6.995679314713925,0.08205078550681418,-0.35,0,0
1789004021.419546,89.88973140716553,3.8032702988433735,-6.611881406705295,0.34745837275710484,0.11304815502534213,-0.18116485660025136,3,4,-9.59836782902453,-5.37865549130311,4.098667237441987,-6.995679314713925,0.08205078550681418,-0.35,0,0
1789004021.4308577,89.901043176651,3.8045102594244486,-6.611427605311434,0.34527382281803926,0.11477847711632211,-0.18411010992406496,3,4,-9.59836782902453,-5.37865549130311,4.098667237441987,-6.995679314713925,0.0820608120838232,-0.35,0,0
1789004021.4700477,89.94023323059082,3.8086526742258,-6.60982041669808,0.33705053692917997,0.11461027806315903,-0.18413616796968127,3,4,-9.59836782902453,-5.37865549130311,4.098667237441987,-6.995679314713925,0.0818543413966692,-0.35,0,0
1789004021.5207586,89.99094414710999,3.8142909801149596,-6.607830128822183,0.328444363827082,0.1169194501606209,-0.18560933847638253,3,4,-9.59836782902453,-5.37865549130311,4.098667237441987,-6.995679314713925,0.0818543413966692,-0.35,0,0
1789004021.5309057,90.00109124183655,3.8154616829120416,-6.6074260801578575,0.3264512191889111,0.11906795888575013,-0.1875588060056786,3,4,-9.59836782902453,-5.37865549130311,4.098667237441987,-6.995679314713925,0.08103569240982852,-0.35,0,0
1789004021.571381,90.0415666103363,3.819925099778198,-6.605804770781747,0.3176548376145992,0.11907558981679907,-0.18759269068911896,3,4,-9.59836782902453,-5.37865549130311,4.098667237441987,-6.995679314713925,0.08078223363764639,-0.35,0,0
1789004021.6225328,90.09271836280823,3.8257969354821824,-6.603909391119773,0.30673821562451004,0.12020506393744446,-0.18871487255388777,3,4,-9.59836782902453,-5.37865549130311,4.098667237441987,-6.995679314713925,0.08078223363764639,-0.35,0,0
1789004021.6308343,90.10101985931396,3.826725347022994,-6.603617350211471,0.3050544521602601,0.11906832810158845,-0.19107852511547818,3,4,-9.59836782902453,-5.37865549130311,4.098667237441987,-6.995679314713925,0.07995620082852646,-0.35,0,0
1789004021.6730678,90.14325332641602,3.8313976294756484,-6.602017370223942,0.29680907666415873,0.11907299551378635,-0.19108375981434458,3,4,-9.59836782902453,-5.37865549130311,4.098667237441987,-6.995679314713925,0.07979176989241228,-0.35,0,0
1789004021.6808896,90.1510751247406,3.832216559879952,-6.601772610460171,0.295263642313028,0.116561787467924,-0.1920635318393036,3,4,-9.59836782902453,-5.37865549130311,4.098667237441987,-6.995679314713925,0.07979176989241228,-0.35,0,0
1789004021.730869,90.20105457305908,3.8377835804588507,-6.600047197557241,0.287266628113748,0.1167652475934827,-0.19299025711608037,3,4,-9.59836782902453,-5.37865549130311,4.098667237441987,-6.995679314713925,0.07888148335540172,-0.35,0,0
1789004021.7745292,90.24471473693848,3.842532041420974,-6.598522453430569,0.27847032300111696,0.11667702048241349,-0.1930011775715875,3,4,-9.59836782902453,-5.37865549130311,4.098667237441987,-6.995679314713925,0.07872999878423718,-0.35,0,0
1789004021.7809172,90.25110268592834,3.8432946157995347,-6.598300563611644,0.2772088944184135,0.1183010543254888,-0.19353253502219098,3,4,-9.59836782902453,-5.37865549130311,4.098667237441987,-6.995679314713925,0.07872999878423718,-0.35,0,0
1789004021.8308415,90.30102705955505,3.8489899973564774,-6.59668482906243,0.2674672586010991,0.1188848613208724,-0.19461608889152265,3,4,-9.59836782902453,-5.37865549130311,4.098667237441987,-6.995679314713925,0.07731653585014849,-0.35,0,0
1789004021.8763866,90.34657216072083,3.8540556299041397,-6.595167408823113,0.2588643216034843,0.11889197041814675,-0.194608060764034,3,4,-9.59836782902453,-5.37865549130311,4.098667237441987,-6.995679314713925,0.07762282815999,-0.35,0,0
1789004021.8808343,90.35101985931396,3.8545365350419645,-6.595042395622405,0.2579780233232421,0.11787527311667023,-0.1950160842992377,3,4,-9.59836782902453,-5.37865549130311,4.098667237441987,-6.995679314713925,0.07762282815999,-0.35,0,0
1789004021.9309096,90.40109515190125,3.8602016879864216,-6.593507700346456,0.2502724510003383,0.11645283763130147,-0.19503610214695793,3,4,-9.59836782902453,-5.37865549130311,4.098667237441987,-6.995679314713925,0.07653877686917326,-0.35,0,0
1789004021.9781995,90.44838500022888,3.865358593816337,-6.592054904085096,0.2415905471435847,0.1163499497350453,-0.19501989266328418,3,4,-9.59836782902453,-5.37865549130311,4.098667237441987,-6.995679314713925,0.07647591948383217,-0.35,0,0
1789004021.9808974,90.45108294487,3.8656171385180005,-6.591995083096824,0.24106193251225072,0.11467898130333232,-0.19507591297927737,3,4,-9.59836782902453,-5.37865549130311,4.098667237441987,-6.995679314713925,0.07647591948383217,-0.35,0,0
1789004022.0308328,90.50101828575134,3.871157907527197,-6.590659680933082,0.23027884789556738,0.11343752481986197,-0.1955191432457868,3,4,-9.59836782902453,-5.37865549130311,4.098667237441987,-6.995679314713925,0.07541074439081742,-0.35,0,0
1789004022.079695,90.54988050460815,3.876356182951538,-6.589304001607713,0.2216739782771367,0.11320242050721538,-0.19548982184394764,3,4,-9.59836782902453,-5.37865549130311,4.098667237441987,-6.995679314713925,0.07540613973596036,-0.35,0,0
1789004022.0808756,90.55106115341187,3.87647257177221,-6.58927892604442,0.22144171358510967,0.1127109191123593,-0.19551884306200143,3,4,-9.59836782902453,-5.37865549130311,4.098667237441987,-6.995679314713925,0.07540613973596036,-0.35,0,0
1789004022.1309192,90.60110473632812,3.881913201129319,-6.5880010740430395,0.21437073817978375,0.11043782522094228,-0.19503018704128017,3,4,-9.59836782902453,-5.37865549130311,4.098667237441987,-6.995679314713925,0.07491590701352506,-0.35,0,0
1789004022.181473,90.65165853500366,3.887144435266956,-6.586700264074854,0.20673080601755034,0.1100729084669117,-0.19494377951370515,3,4,-9.59836782902453,-5.37865549130311,4.098667237441987,-6.995679314713925,0.07438024700532679,-0.35,0,0
1789004022.2318752,90.70206069946289,3.892312201143552,-6.58563823235665,0.19648180308780908,0.10478751617141278,-0.1938010295740377,3,4,-9.59836782902453,-5.37865549130311,4.098667237441987,-6.995679314713925,0.07374819694962828,-0.35,0,0
1789004022.282526,90.75271153450012,3.897496611692762,-6.584578652060548,0.1880351667639282,0.10418732730626556,-0.19374488717929436,3,4,-9.59836782902453,-5.37865549130311,4.098667237441987,-6.995679314713925,0.07330816436188939,-0.35,0,0
1789004022.3339055,90.80409097671509,3.902366149183048,-6.583489541227454,0.18058612737253554,0.10136418347859356,-0.19213554352869477,3,4,-9.59836782902453,-5.37865549130311,4.098667237441987,-6.995679314713925,0.0728874782899842,-0.35,0,0
1789004022.3848443,90.85502982139587,3.90742337170865,-6.582544652053814,0.17193452697374803,0.10065659309414195,-0.19208752915242921,3,4,-9.59836782902453,-5.37865549130311,4.098667237441987,-6.995679314713925,0.07192472906950888,-0.35,0,0
1789004022.4354644,90.9056499004364,3.9124485807486664,-6.581554753456973,0.16164192497791732,0.10598039639279375,-0.19067523560234415,3,4,-9.59836782902453,-5.37865549130311,4.098667237441987,-6.995679314713925,0.07189423916322621,-0.35,0,0
1789004022.4863718,90.95655727386475,3.9175113417166076,-6.580603937231327,0.15320221265542333,0.10556242504734592,-0.19061918896232288,3,4,-9.59836782902453,-5.37865549130311,4.098667237441987,-6.995679314713925,0.071027323234713,-0.35,0,0
1789004022.5372853,91.00747084617615,3.9223252180748673,-6.579856779877577,0.14511184745956787,0.0946060284982746,-0.18900521064702794,3,4,-9.59836782902453,-5.37865549130311,4.098667237441987,-6.995679314713925,0.07114924549679043,-0.35,0,0
1789004022.587719,91.05790448188782,3.9267601787186357,-6.579102568188831,0.13597411875062318,0.0936869284413597,-0.1889871793678599,3,4,-9.59836782902453,-5.37865549130311,4.098667237441987,-6.995679314713925,0.07075336511248786,-0.35,0,0
1789004022.6383848,91.10857033729553,3.9313026055019997,-6.578504487478251,0.12528881822964033,0.0921545742812633,-0.18795204260730372,3,4,-9.59836782902453,-5.37865549130311,4.098667237441987,-6.995679314713925,0.07038862120341235,-0.35,0,0
1789004022.6891127,91.15929818153381,3.935639876256883,-6.577849951415128,0.11656089488509426,0.09120435125181593,-0.18791573071084902,3,4,-9.59836782902453,-5.37865549130311,4.098667237441987,-6.995679314713925,0.07014880644065269,-0.35,0,0
1789004022.689475,91.15966057777405,3.9357843782464523,-6.577814859752671,0.11709088796250057,0.09442190064538092,-0.18711286032551544,3,4,-9.59836782902453,-5.37865549130311,4.098667237441987,-6.995679314713925,0.07014880644065269,-0.35,0,0
1789004022.7400904,91.210275888443,3.940565424241366,-6.577269609542123,0.10631475642752308,0.09594952575403105,-0.18701266789115364,3,4,-9.59836782902453,-5.37865549130311,4.098667237441987,-6.995679314713925,0.06983104213191485,-0.35,0,0
1789004022.757427,91.22761249542236,3.9419281340227927,-6.5770247302945695,0.10307275244683069,0.09571783899295726,-0.1870126688122939,3,4,-9.59836782902453,-5.37865549130311,4.098667237441987,-6.995679314713925,0.0695630906565647,-0.35,0,0
1789004022.7910662,91.26125168800354,3.9452221300022488,-6.576671616894656,0.0974123342375255,0.09771660798917753,-0.18672132348129364,3,4,-9.59836782902453,-5.37865549130311,4.098667237441987,-6.995679314713925,0.0695630906565647,-0.35,0,0
1789004022.8424053,91.31259083747864,3.9502257460905175,-6.576198958748122,0.08676057317616115,0.09813672363727531,-0.18673031375866125,3,4,-9.59836782902453,-5.37865549130311,4.098667237441987,-6.995679314713925,0.06924570974144773,-0.35,0,0
1789004022.861623,91.33180856704712,3.951798598136962,-6.575968400874061,0.08317221286910038,0.09794375853774512,-0.18673031419483896,3,4,-9.59836782902453,-5.37865549130311,4.098667237441987,-6.995679314713925,0.06895160979304936,-0.35,0,0
1789004022.893322,91.36350750923157,3.954899607211473,-6.575684196385335,0.07889011023338723,0.09798063970061238,-0.18636542308858609,3,4,-9.59836782902453,-5.37865549130311,4.098667237441987,-6.995679314713925,0.06895160979304936,-0.35,0,0
1789004022.9437737,91.41395926475525,3.959816372900126,-6.575314585258845,0.06841141719181465,0.09745225272600865,-0.18628789185435551,3,4,-9.59836782902453,-5.37865549130311,4.098667237441987,-6.995679314713925,0.06857705220459037,-0.35,0,0
1789004022.9626715,91.43285703659058,3.961333388666818,-6.575122520190037,0.06489114198526648,0.09726823800012338,-0.18628789252232283,3,4,-9.59836782902453,-5.37865549130311,4.098667237441987,-6.995679314713925,0.06826557802282907,-0.35,0,0
1789004022.9943886,91.46457409858704,3.9643600908223964,-6.574918630368415,0.0598071058240124,0.09591131990307285,-0.1860115669607111,3,4,-9.59836782902453,-5.37865549130311,4.098667237441987,-6.995679314713925,0.06826557802282907,-0.35,0,0
1789004023.0449276,91.51511311531067,3.969158858620304,-6.574658484503538,0.049036024383085415,0.09418307852028948,-0.1860936308953591,3,4,-9.59836782902453,-5.37865549130311,4.098667237441987,-6.995679314713925,0.06793026487207741,-0.35,0,0
1789004023.0602214,91.5304069519043,3.970264011928919,-6.574522325735399,0.04619009173638312,0.09400109713043121,-0.18609363136627313,3,4,-9.59836782902453,-5.37865549130311,4.098667237441987,-6.995679314713925,0.06768423216900431,-0.35,0,0
1789004023.0956972,91.5658826828003,3.9735778798257377,-6.574353681102354,0.04078204154129273,0.09338881117695733,-0.1859032359854973,3,4,-9.59836782902453,-5.37865549130311,4.098667237441987,-6.995679314713925,0.06768423216900431,-0.35,0,0
1789004023.1461022,91.61628770828247,3.9782521145607346,-6.574183687430655,0.030305261962272127,0.09215325977611578,-0.18595435003853836,3,4,-9.59836782902453,-5.37865549130311,4.098667237441987,-6.995679314713925,0.06736598085762649,-0.35,0,0
1789004023.1637647,91.63395023345947,3.9795306879487704,-6.5740692564558865,0.027020969602781,0.09192911566418581,-0.18595435072074626,3,4,-9.59836782902453,-5.37865549130311,4.098667237441987,-6.995679314713925,0.06711461076844347,-0.35,0,0
1789004023.196673,91.66685843467712,3.982501245433627,-6.573982648334045,0.021691828063581393,0.09049560801072541,-0.18583244423752784,3,4,-9.59836782902453,-5.37865549130311,4.098667237441987,-6.995679314713925,0.06711461076844347,-0.35,0,0
1789004023.2474566,91.71764206886292,3.9870854450268935,-6.5738641333721155,0.013342746977170531,0.09013390203485665,-0.18547145797472245,3,4,-9.59836782902453,-5.37865549130311,4.098667237441987,-6.995679314713925,0.06682856067730429,-0.35,0,0
1789004023.268491,91.73867654800415,3.988617824563052,-6.573773931581372,0.009441563070037075,0.08985300206557782,-0.18547145884012722,3,4,-9.59836782902453,-5.37865549130311,4.098667237441987,-6.995679314713925,0.06653592118458465,-0.35,0,0
1789004023.297983,91.76816844940186,3.9913028339062215,-6.5737435111326565,0.004369856566462716,0.09034968473827634,-0.18503971207080672,3,4,-9.59836782902453,-5.37865549130311,4.098667237441987,-6.995679314713925,0.06653592118458465,-0.35,0,0
1789004023.3485978,91.81878328323364,3.9958758704981663,-6.5737389329942655,-0.006024097498228631,0.09034284733563097,-0.18503704042476507,3,4,-9.59836782902453,-5.37865549130311,4.098667237441987,-6.995679314713925,0.06619560184148018,-0.35,0,0
1789004023.3637543,91.83393979072571,3.9968705549497825,-6.573682192055966,-0.008828501213217876,0.09016254439261455,-0.18503704091257986,3,4,-9.59836782902453,-5.37865549130311,4.098667237441987,-6.995679314713925,0.06598754603307636,-0.35,0,0
1789004023.3991945,91.86937999725342,3.9999320601421147,-6.573706201989353,-0.014463928252770764,0.08707798095284297,-0.1848319734582491,3,4,-9.59836782902453,-5.37865549130311,4.098667237441987,-6.995679314713925,0.06598754603307636,-0.35,0,0
1789004023.450035,91.92022061347961,4.004191970468759,-6.573764889202963,-0.022589823015557012,0.08291390645835905,-0.184685878641909,3,4,-9.59836782902453,-5.37865549130311,4.098667237441987,-6.995679314713925,0.06574378992120242,-0.35,0,0
1789004023.4607165,91.93090200424194,4.004676678173215,-6.573720594782695,-0.0245455258013938,0.08229266310831364,-0.18436354971330007,3,4,-9.59836782902453,-5.37865549130311,4.098667237441987,-6.995679314713925,0.06551434856117172,-0.35,0,0
1789004023.5004783,91.97066378593445,4.00783161718268,-6.573802558401503,-0.031396441904031576,0.07931529138569904,-0.18384850753133086,3,4,-9.59836782902453,-5.37865549130311,4.098667237441987,-6.995679314713925,0.06551434856117172,-0.35,0,0
1789004023.5510602,92.02124571800232,4.011755140520117,-6.57395834876333,-0.04195601594003141,0.07690669347543998,-0.1836783806384023,3,4,-9.59836782902453,-5.37865549130311,4.098667237441987,-6.995679314713925,0.06512628731907169,-0.35,0,0
1789004023.5624573,92.03264284133911,4.012224570810947,-6.573929673281864,-0.044049465963006636,0.07643350631406254,-0.1836806451860576,3,4,-9.59836782902453,-5.37865549130311,4.098667237441987,-6.995679314713925,0.06516789397337117,-0.35,0,0
1789004023.6016314,92.07181692123413,4.0152115610883845,-6.574055010670168,-0.050539097037146444,0.07581777539898994,-0.18355429712916652,3,4,-9.59836782902453,-5.37865549130311,4.098667237441987,-6.995679314713925,0.06516789397337117,-0.35,0,0
1789004023.652447,92.12263250350952,4.019112975655506,-6.574238044119728,-0.05868421625617382,0.07654582873809061,-0.1834434810542513,3,4,-9.59836782902453,-5.37865549130311,4.098667237441987,-6.995679314713925,0.06496674177889879,-0.35,0,0
1789004023.6532733,92.12345886230469,4.01877215907432,-6.574175362718316,-0.05882390319182163,0.07670424580543031,-0.18315056349303088,3,4,-9.59836782902453,-5.37865549130311,4.098667237441987,-6.995679314713925,0.06483282760208874,-0.35,0,0
1789004023.7028534,92.17303895950317,4.022652360276431,-6.574398025002663,-0.06734726023484017,0.07824638412200181,-0.18265688915960596,3,4,-9.59836782902453,-5.37865549130311,4.098667237441987,-6.995679314713925,0.06483282760208874,-0.35,0,0
1789004023.7534263,92.22361183166504,4.026644956431882,-6.5746964213624395,-0.07815551911253717,0.07887690906692865,-0.18249680518106,3,4,-9.59836782902453,-5.37865549130311,4.098667237441987,-6.995679314713925,0.06456502725359319,-0.35,0,0
1789004023.762556,92.23274159431458,4.026946530668332,-6.574685363413781,-0.07982411947577406,0.0789102243265996,-0.18254247101716922,3,4,-9.59836782902453,-5.37865549130311,4.098667237441987,-6.995679314713925,0.06449414663934344,-0.35,0,0
1789004023.8041673,92.27435278892517,4.03026799633047,-6.574942806660897,-0.08669132578843719,0.07957847826878972,-0.18244612669402394,3,4,-9.59836782902453,-5.37865549130311,4.098667237441987,-6.995679314713925,0.06449414663934344,-0.35,0,0
1789004023.8545616,92.32474708557129,4.034281157612147,-6.575317631655113,-0.09715272398295352,0.07967279871153751,-0.1823951546506117,3,4,-9.59836782902453,-5.37865549130311,4.098667237441987,-6.995679314713925,0.06425545452282666,-0.35,0,0
1789004023.8591611,92.32934665679932,4.034215923846084,-6.575284918075654,-0.09799701874170676,0.07972541278101279,-0.18250559019353002,3,4,-9.59836782902453,-5.37865549130311,4.098667237441987,-6.995679314713925,0.06418878447481723,-0.35,0,0
1789004023.9051497,92.37533521652222,4.038062422973518,-6.575650084433252,-0.10580441327805669,0.08374835094411112,-0.1825461224091799,3,4,-9.59836782902453,-5.37865549130311,4.098667237441987,-6.995679314713925,0.06418878447481723,-0.35,0,0
1789004023.9557605,92.42594599723816,4.042500309360473,-6.576143128740725,-0.11663060604038833,0.08833608431934054,-0.18256477071512212,3,4,-9.59836782902453,-5.37865549130311,4.098667237441987,-6.995679314713925,0.06387793315122078,-0.35,0,0
1789004023.9624999,92.43268537521362,4.042665525664619,-6.576143037715186,-0.11787175946656618,0.0890619365736569,-0.1827680335022733,3,4,-9.59836782902453,-5.37865549130311,4.098667237441987,-6.995679314713925,0.063732816475168,-0.35,0,0
1789004024.0066154,92.4768009185791,4.046541198978861,-6.5765978171993655,-0.12512550495286504,0.08847442494087497,-0.18290661365400043,3,4,-9.59836782902453,-5.37865549130311,4.098667237441987,-6.995679314713925,0.063732816475168,-0.35,0,0
1789004024.0308323,92.50101780891418,4.0486124779405674,-6.576864492929662,-0.12955531065680018,0.08607067423242644,-0.1829145410107142,3,4,-9.59836782902453,-5.37865549130311,4.098667237441987,-6.995679314713925,0.06339380109368437,-0.35,0,0
1789004024.0607536,92.53093910217285,4.0506948580109725,-6.577157926801534,-0.13698514220834568,0.08562654452752524,-0.18325926476581073,3,4,-9.59836782902453,-5.37865549130311,4.098667237441987,-6.995679314713925,0.0633302855863353,-0.35,0,0
1789004024.1075964,92.57778191566467,4.05462606445499,-6.577709512696104,-0.14555749558625447,0.08462512510954615,-0.18365209466631438,3,4,-9.59836782902453,-5.37865549130311,4.098667237441987,-6.995679314713925,0.0633302855863353,-0.35,0,0
1789004024.130832,92.60101747512817,4.0566313855456135,-6.577996264925074,-0.14983149185803105,0.08715924083895032,-0.18378117957205187,3,4,-9.59836782902453,-5.37865549130311,4.098667237441987,-6.995679314713925,0.06315992479052832,-0.35,0,0
1789004024.1629167,92.63310217857361,4.0589269022564824,-6.57839135256259,-0.15874838131932026,0.08747890808219279,-0.18448486712148776,3,4,-9.59836782902453,-5.37865549130311,4.098667237441987,-6.995679314713925,0.06296008943750094,-0.35,0,0
1789004024.208792,92.67897748947144,4.063095697841943,-6.579046895218672,-0.1667279257182117,0.0917720270205512,-0.18521873393243413,3,4,-9.59836782902453,-5.37865549130311,4.098667237441987,-6.995679314713925,0.06296008943750094,-0.35,0,0
1789004024.2308333,92.70101881027222,4.065073462184622,-6.579381738891315,-0.1708212787755792,0.0910297203357638,-0.18543416723379308,3,4,-9.59836782902453,-5.37865549130311,4.098667237441987,-6.995679314713925,0.06276411053408339,-0.35,0,0
1789004024.2694108,92.73959636688232,4.068040147420358,-6.579944036176216,-0.18016753917629247,0.09100623875995276,-0.1860150818012482,3,4,-9.59836782902453,-5.37865549130311,4.098667237441987,-6.995679314713925,0.06251291867743557,-0.35,0,0
1789004024.3100204,92.78020596504211,4.071548459963845,-6.58059543695746,-0.18777668529492386,0.08862751010157956,-0.1863814995433516,3,4,-9.59836782902453,-5.37865549130311,4.098667237441987,-6.995679314713925,0.06251291867743557,-0.35,0,0
1789004024.3308585,92.80104398727417,4.073334439774801,-6.5809375622853805,-0.1916980785993525,0.08755258406006058,-0.18699453076996217,3,4,-9.59836782902453,-5.37865549130311,4.098667237441987,-6.995679314713925,0.062328309020425084,-0.35,0,0
1789004024.3696897,92.83987522125244,4.076154333520146,-6.581583884366306,-0.20326712724349202,0.08735542382494929,-0.18811729206157116,3,4,-9.59836782902453,-5.37865549130311,4.098667237441987,-6.995679314713925,0.06202846115382621,-0.35,0,0
1789004024.4112456,92.88143110275269,4.079825114706978,-6.582338083208323,-0.21100262495429156,0.08940519577391577,-0.18879961485378327,3,4,-9.59836782902453,-5.37865549130311,4.098667237441987,-6.995679314713925,0.06202846115382621,-0.35,0,0
1789004024.430933,92.901118516922,4.081630697246161,-6.5827152671745175,-0.2147806638392695,0.09283586546969194,-0.1898482827744654,3,4,-9.59836782902453,-5.37865549130311,4.098667237441987,-6.995679314713925,0.06202097160883539,-0.35,0,0
1789004024.461796,92.93198156356812,4.0839225532439345,-6.583287743822483,-0.2231579002786495,0.0934807577001279,-0.19070885045915872,3,4,-9.59836782902453,-5.37865549130311,4.098667237441987,-6.995679314713925,0.06157956659163712,-0.35,0,0
1789004024.5123193,92.98250484466553,4.088535189252772,-6.584349281899774,-0.23307111865663102,0.09373216494803194,-0.1912538218942214,3,4,-9.59836782902453,-5.37865549130311,4.098667237441987,-6.995679314713925,0.06157956659163712,-0.35,0,0
1789004024.530914,93.00109958648682,4.0902162074678206,-6.584750438247607,-0.23668606611392654,0.09300780590723479,-0.1922450138386189,3,4,-9.59836782902453,-5.37865549130311,4.098667237441987,-6.995679314713925,0.06159333517192638,-0.35,0,0
1789004024.5630822,93.03326773643494,4.092580301991877,-6.585453008077131,-0.24776550434487188,0.09301397436235458,-0.19371088846112686,3,4,-9.59836782902453,-5.37865549130311,4.098667237441987,-6.995679314713925,0.06121747578465517,-0.35,0,0
1789004024.6134765,93.08366203308105,4.097100075979686,-6.586608650289465,-0.25761585315460606,0.09265659414454049,-0.19459521537630015,3,4,-9.59836782902453,-5.37865549130311,4.098667237441987,-6.995679314713925,0.06121747578465517,-0.35,0,0
1789004024.6308014,93.10098695755005,4.098568886219377,-6.587006142687818,-0.2610682064675873,0.08889706500198011,-0.19603640927942217,3,4,-9.59836782902453,-5.37865549130311,4.098667237441987,-6.995679314713925,0.06127518051264695,-0.35,0,0
1789004024.6641185,93.13430404663086,4.100867242031037,-6.587715361110584,-0.26963969181578135,0.08821208433547231,-0.19699465271437078,3,4,-9.59836782902453,-5.37865549130311,4.098667237441987,-6.995679314713925,0.06085900251646545,-0.35,0,0
1789004024.7148726,93.18505811691284,4.104891077813829,-6.588906184257029,-0.28283647344411117,0.08305746565670181,-0.19766824627090535,3,4,-9.59836782902453,-5.37865549130311,4.098667237441987,-6.995679314713925,0.06085900251646545,-0.35,0,0
1789004024.7308853,93.20107078552246,4.106078437349515,-6.589261105869063,-0.28611195669338946,0.07938523009545982,-0.19985105346911367,3,4,-9.59836782902453,-5.37865549130311,4.098667237441987,-6.995679314713925,0.06107209297344666,-0.35,0,0
1789004024.7652652,93.2354507446289,4.1081202864747315,-6.589957960919495,-0.29434883514013915,0.07845867120614844,-0.20095360210044233,3,4,-9.59836782902453,-5.37865549130311,4.098667237441987,-6.995679314713925,0.060912935758305954,-0.35,0,0
1789004024.8158305,93.28601598739624,4.1118013649424885,-6.5910757307429995,-0.30382953482495584,0.07601321062610626,-0.20162707820659603,3,4,-9.59836782902453,-5.37865549130311,4.098667237441987,-6.995679314713925,0.060912935758305954,-0.35,0,0
1789004024.8309228,93.30110836029053,4.112878101331129,-6.591414817498535,-0.3069309633512907,0.07526310748800617,-0.20267370517990957,3,4,-9.59836782902453,-5.37865549130311,4.098667237441987,-6.995679314713925,0.060881183793744194,-0.35,0,0
1789004024.8664086,93.33659410476685,4.114842120749543,-6.592146210686251,-0.315485955912167,0.07464385560502436,-0.20339507005118843,3,4,-9.59836782902453,-5.37865549130311,4.098667237441987,-6.995679314713925,0.0606001014723613,-0.35,0,0
1789004024.91719,93.38737559318542,4.1184322041047565,-6.593359300498291,-0.3279374571700564,0.07419017064986452,-0.20388762527769905,3,4,-9.59836782902453,-5.37865549130311,4.098667237441987,-6.995679314713925,0.0606001014723613,-0.35,0,0
1789004024.930835,93.40102052688599,4.119395880466365,-6.593685939641442,-0.33080055078077253,0.07431275631731046,-0.2055521962296959,3,4,-9.59836782902453,-5.37865549130311,4.098667237441987,-6.995679314713925,0.06075514986792003,-0.35,0,0
1789004024.9676025,93.43778800964355,4.121390576653225,-6.594485808383385,-0.33926966624292026,0.07379805602368418,-0.20639927700867544,3,4,-9.59836782902453,-5.37865549130311,4.098667237441987,-6.995679314713925,0.06062803025070062,-0.35,0,0
1789004025.0181975,93.48838305473328,4.124930127820883,-6.595723175052018,-0.3485693706679195,0.07367817556736161,-0.20689035486074706,3,4,-9.59836782902453,-5.37865549130311,4.098667237441987,-6.995679314713925,0.06062803025070062,-0.35,0,0
1789004025.030831,93.50101661682129,4.125818033854588,-6.596043954527156,-0.35121948922445473,0.07414419917798304,-0.2075659695031742,3,4,-9.59836782902453,-5.37865549130311,4.098667237441987,-6.995679314713925,0.06058020382623954,-0.35,0,0
1789004025.0687592,93.53894472122192,4.127858829112997,-6.5969239998584435,-0.36013038704256584,0.07373005960955091,-0.20808799375099485,3,4,-9.59836782902453,-5.37865549130311,4.098667237441987,-6.995679314713925,0.06028606906334244,-0.35,0,0
1789004025.1195257,93.58971118927002,4.131371142226201,-6.598281308202548,-0.3725667263564799,0.0736984448762599,-0.20844383728761523,3,4,-9.59836782902453,-5.37865549130311,4.098667237441987,-6.995679314713925,0.06028606906334244,-0.35,0,0
1789004025.1308384,93.60102391242981,4.13215703359284,-6.598586909511979,-0.37498682690558477,0.07400114521561298,-0.20977076782378049,3,4,-9.59836782902453,-5.37865549130311,4.098667237441987,-6.995679314713925,0.060432025427762034,-0.35,0,0
1789004025.1699657,93.64015126228333,4.134239431701049,-6.5995526835908445,-0.3840918285789284,0.07355242695016864,-0.20979391168571215,3,4,-9.59836782902453,-5.37865549130311,4.098667237441987,-6.995679314713925,0.06036873646056444,-0.35,0,0
1789004025.220642,93.69082760810852,4.137707830975319,-6.600942546775202,-0.3935854342850825,0.0733326822386526,-0.21049890722906672,3,4,-9.59836782902453,-5.37865549130311,4.098667237441987,-6.995679314713925,0.06036873646056444,-0.35,0,0
1789004025.2308943,93.70107984542847,4.138314170560203,-6.601206001296132,-0.395785437682088,0.06927950124830866,-0.21124060680407758,3,4,-9.59836782902453,-5.37865549130311,4.098667237441987,-6.995679314713925,0.06016491346462232,-0.35,0,0
1789004025.2713687,93.7415542602539,4.140271191746517,-6.602196007138524,-0.40616079919182996,0.06867307277262436,-0.21129075786625795,3,4,-9.59836782902453,-5.37865549130311,4.098667237441987,-6.995679314713925,0.06015247436408905,-0.35,0,0
1789004025.3217804,93.7919659614563,4.142977220195957,-6.603428869677138,-0.4199026880026056,0.060788590234478496,-0.21216411118459713,3,4,-9.59836782902453,-5.37865549130311,4.098667237441987,-6.995679314713925,0.06015247436408905,-0.35,0,0
1789004025.3308969,93.8010823726654,4.143439642701942,-6.603640473547784,-0.4219369489165371,0.0588497610816701,-0.2139883902304756,3,4,-9.59836782902453,-5.37865549130311,4.098667237441987,-6.995679314713925,0.06036583194671456,-0.35,0,0
1789004025.372388,93.84257340431213,4.145027080188092,-6.604525537689635,-0.4314394307395895,0.057882209450902174,-0.21400628477629413,3,4,-9.59836782902453,-5.37865549130311,4.098667237441987,-6.995679314713925,0.060387425870239604,-0.35,0,0
1789004025.3808506,93.85103607177734,4.145566401363727,-6.604762142604404,-0.43329331349965144,0.06140130811491527,-0.21482361632612793,3,4,-9.59836782902453,-5.37865549130311,4.098667237441987,-6.995679314713925,0.060387425870239604,-0.35,0,0
1789004025.4309247,93.90111017227173,4.148450589001077,-6.606064997791411,-0.4425458083231996,0.06540932502410474,-0.21551055766442323,3,4,-9.59836782902453,-5.37865549130311,4.098667237441987,-6.995679314713925,0.060454148188473486,-0.35,0,0
1789004025.4743667,93.94455218315125,4.150362092894647,-6.607196354878366,-0.45483507672813606,0.06476427044116001,-0.21559669566419157,3,4,-9.59836782902453,-5.37865549130311,4.098667237441987,-6.995679314713925,0.06040185997906998,-0.35,0,0
1789004025.480885,93.95107054710388,4.15065593034951,-6.60734907923625,-0.4562854819595357,0.061821411966606066,-0.2165593744718344,3,4,-9.59836782902453,-5.37865549130311,4.098667237441987,-6.995679314713925,0.06040185997906998,-0.35,0,0
1789004025.5308337,94.00101923942566,4.153252596407413,-6.608693824650631,-0.4707659550519687,0.05474355533996031,-0.21888246593920435,3,4,-9.59836782902453,-5.37865549130311,4.098667237441987,-6.995679314713925,0.0606064953127399,-0.35,0,0
1789004025.5753984,94.04558396339417,4.154763474598514,-6.609680305117736,-0.48151691035367566,0.05368926146120179,-0.21891229998585537,3,4,-9.59836782902453,-5.37865549130311,4.098667237441987,-6.995679314713925,0.06066636584277924,-0.35,0,0
1789004025.5808542,94.05103969573975,4.15494101324146,-6.609782987821055,-0.4827641306834441,0.050537654472461294,-0.21992388337349375,3,4,-9.59836782902453,-5.37865549130311,4.098667237441987,-6.995679314713925,0.06066636584277924,-0.35,0,0
1789004025.6309116,94.1010971069336,4.15719322934825,-6.610944176551514,-0.4925362386409105,0.05094464248064518,-0.22095121730249484,3,4,-9.59836782902453,-5.37865549130311,4.098667237441987,-6.995679314713925,0.06092711798480664,-0.35,0,0
1789004025.6766715,94.14685702323914,4.158556674237478,-6.6119588734954995,-0.5073920062966086,0.04980513783201317,-0.22109234777285858,3,4,-9.59836782902453,-5.37865549130311,4.098667237441987,-6.995679314713925,0.06091680342705503,-0.35,0,0
1789004025.6808326,94.1510181427002,4.15886133658252,-6.612112824606678,-0.5083772445467042,0.054007832134262565,-0.22253602008639148,3,4,-9.59836782902453,-5.37865549130311,4.098667237441987,-6.995679314713925,0.06091680342705503,-0.35,0,0
1789004025.730883,94.20106840133667,4.1611529266643945,-6.613451000533674,-0.5242665677721755,0.051789166643417414,-0.22579387779860519,3,4,-9.59836782902453,-5.37865549130311,4.098667237441987,-6.995679314713925,0.06141398723725834,-0.35,0,0
1789004025.7776313,94.24781680107117,4.16256608668606,-6.614541258542056,-0.5366529292586273,0.05076712837717571,-0.2258498501289451,3,4,-9.59836782902453,-5.37865549130311,4.098667237441987,-6.995679314713925,0.06140462098500513,-0.35,0,0
1789004025.7808347,94.25102019309998,4.16259245094094,-6.614571715532652,-0.5374524783255602,0.04659221506186717,-0.2273272565936923,3,4,-9.59836782902453,-5.37865549130311,4.098667237441987,-6.995679314713925,0.06140462098500513,-0.35,0,0
1789004025.8308456,94.3010311126709,4.164532918916241,-6.615773953044727,-0.5526469666104741,0.044570377341068876,-0.23091207570499328,3,4,-9.59836782902453,-5.37865549130311,4.098667237441987,-6.995679314713925,0.06205979967723484,-0.35,0,0
1789004025.8787923,94.34897780418396,4.165657348819407,-6.616764797646811,-0.5656200563260554,0.043296765639742954,-0.2309713006231603,3,4,-9.59836782902453,-5.37865549130311,4.098667237441987,-6.995679314713925,0.062004129952763276,-0.35,0,0
1789004025.8808317,94.3510172367096,4.165897961859469,-6.616893962333361,-0.5661691727290644,0.04934233825024861,-0.23257042677791825,3,4,-9.59836782902453,-5.37865549130311,4.098667237441987,-6.995679314713925,0.062004129952763276,-0.35,0,0
1789004025.9308794,94.4010648727417,4.1681408801676145,-6.618284598638574,-0.577357304600953,0.05688189732159586,-0.2339188401694164,3,4,-9.59836782902453,-5.37865549130311,4.098667237441987,-6.995679314713925,0.06217096058297908,-0.35,0,0
1789004025.9798682,94.45005369186401,4.169778905540846,-6.619690459055299,-0.5920441107459513,0.05627569319689487,-0.23404627253933352,3,4,-9.59836782902453,-5.37865549130311,4.098667237441987,-6.995679314713925,0.06230042321652874,-0.35,0,0
1789004025.9808908,94.45107626914978,4.169933575105076,-6.619778783594271,-0.5923804787730155,0.06013459811383372,-0.23579170340543748,3,4,-9.59836782902453,-5.37865549130311,4.098667237441987,-6.995679314713925,0.06230042321652874,-0.35,0,0
1789004026.0308824,94.5010678768158,4.172426326034046,-6.621514375163795,-0.6097277033894404,0.06146627805994918,-0.23880017701404588,3,4,-9.59836782902453,-5.37865549130311,4.098667237441987,-6.995679314713925,0.062337790771922745,-0.35,0,0
1789004026.0814729,94.55165839195251,4.174276724722224,-6.623173157051747,-0.6242716616270162,0.061116153495325336,-0.23890899574424052,3,4,-9.59836782902453,-5.37865549130311,4.098667237441987,-6.995679314713925,0.0626158465819467,-0.35,0,0
1789004026.1322184,94.60240387916565,4.176851765498701,-6.6250208345178345,-0.6366070174271057,0.06206662907329969,-0.24342171395913545,3,4,-9.59836782902453,-5.37865549130311,4.098667237441987,-6.995679314713925,0.06269581396134248,-0.35,0,0
1789004026.1829865,94.6531720161438,4.1786753280256494,-6.626770791462026,-0.6518428138011921,0.061777057686648776,-0.24354931156595275,3,4,-9.59836782902453,-5.37865549130311,4.098667237441987,-6.995679314713925,0.06273389404433431,-0.35,0,0
1789004026.2341158,94.70430135726929,4.1812201224694165,-6.628771431134384,-0.669792768749617,0.06419043464842558,-0.24884618828322363,3,4,-9.59836782902453,-5.37865549130311,4.098667237441987,-6.995679314713925,0.06270349256063724,-0.35,0,0
1789004026.2848039,94.75498938560486,4.183752432209875,-6.630810276702412,-0.6848581866059975,0.0640326627635463,-0.24895163173583335,3,4,-9.59836782902453,-5.37865549130311,4.098667237441987,-6.995679314713925,0.0628755185874337,-0.35,0,0
1789004026.3353379,94.80552339553833,4.185775900793311,-6.632846055822087,-0.6975575260567984,0.06834843596692401,-0.2536610117492879,3,4,-9.59836782902453,-5.37865549130311,4.098667237441987,-6.995679314713925,0.06288780264534405,-0.35,0,0
1789004026.3864799,94.85666537284851,4.1877198187325995,-6.634975390439364,-0.7147866459061843,0.06840124133173121,-0.2538499574606128,3,4,-9.59836782902453,-5.37865549130311,4.098667237441987,-6.995679314713925,0.06269764594374641,-0.35,0,0
1789004026.4371989,94.90738439559937,4.190277338027846,-6.637264440622811,-0.7324507213504373,0.06741182114210274,-0.2596882323743411,3,4,-9.59836782902453,-5.37865549130311,4.098667237441987,-6.995679314713925,0.06281226603136238,-0.35,0,0
1789004026.4879973,94.95818281173706,4.192098817071273,-6.6394035621591385,-0.7469655548395082,0.06741353522369652,-0.25974895804056064,3,4,-9.59836782902453,-5.37865549130311,4.098667237441987,-6.995679314713925,0.06287142626982312,-0.35,0,0
1789004026.5388546,95.0090401172638,4.194403438604511,-6.641542146358903,-0.7590792617726372,0.06194793862338211,-0.2637978616226767,3,4,-9.59836782902453,-5.37865549130311,4.098667237441987,-6.995679314713925,0.06285138463910504,-0.35,0,0
1789004026.5664737,95.03665924072266,4.194927601407511,-6.642540255602409,-0.7663654631153167,0.06180580696468959,-0.26379786236960684,3,4,-9.59836782902453,-5.37865549130311,4.098667237441987,-6.995679314713925,0.06276891183567211,-0.35,0,0
1789004026.5907924,95.06097793579102,4.195942650222288,-6.6435869626166335,-0.7766298452205636,0.06053872571528108,-0.2665396436071518,3,4,-9.59836782902453,-5.37865549130311,4.098667237441987,-6.995679314713925,0.06276891183567211,-0.35,0,0
1789004026.6417334,95.11191892623901,4.198122837223478,-6.645784889447266,-0.794104781161808,0.06099069461666332,-0.26889515702821326,3,4,-9.59836782902453,-5.37865549130311,4.098667237441987,-6.995679314713925,0.06271573837993119,-0.35,0,0
1789004026.6618772,95.13206267356873,4.198260700819015,-6.646475689827601,-0.7995216453091555,0.06087961808101014,-0.26889515657396146,3,4,-9.59836782902453,-5.37865549130311,4.098667237441987,-6.995679314713925,0.062806705562544,-0.35,0,0
1789004026.6925783,95.16276383399963,4.199601328092346,-6.647862915087797,-0.8086403424505131,0.062195985444753285,-0.2716105014910441,3,4,-9.59836782902453,-5.37865549130311,4.098667237441987,-6.995679314713925,0.062806705562544,-0.35,0,0
1789004026.7437356,95.21392107009888,4.201752433289544,-6.650148086276485,-0.8239871494620974,0.06033774227087459,-0.2735021311362108,3,4,-9.59836782902453,-5.37865549130311,4.098667237441987,-6.995679314713925,0.06276251667494025,-0.35,0,0
1789004026.7662756,95.23646116256714,4.201945150358188,-6.650952912332362,-0.8301522138748624,0.06020989018849565,-0.27350213006367463,3,4,-9.59836782902453,-5.37865549130311,4.098667237441987,-6.995679314713925,0.06280035793560979,-0.35,0,0
1789004026.7943184,95.26450395584106,4.202974030804715,-6.652112780361071,-0.8386564138228564,0.05688608550924079,-0.2757685725099542,3,4,-9.59836782902453,-5.37865549130311,4.098667237441987,-6.995679314713925,0.06280035793560979,-0.35,0,0
1789004026.8448658,95.31505131721497,4.2048471230384505,-6.654263782274502,-0.8566050071093186,0.05582596417164379,-0.27764708918045883,3,4,-9.59836782902453,-5.37865549130311,4.098667237441987,-6.995679314713925,0.0627032443983698,-0.35,0,0
1789004026.8632104,95.33339595794678,4.204780581866575,-6.654837700107716,-0.8616986788636884,0.0556546618592759,-0.2776470888844149,3,4,-9.59836782902453,-5.37865549130311,4.098667237441987,-6.995679314713925,0.06277982708328837,-0.35,0,0
1789004026.8954175,95.36560297012329,4.206017258212657,-6.656279657708819,-0.8713853611056432,0.05788930127439903,-0.27986764579378126,3,4,-9.59836782902453,-5.37865549130311,4.098667237441987,-6.995679314713925,0.06277982708328837,-0.35,0,0
1789004026.946229,95.41641449928284,4.207956349251152,-6.658581247280764,-0.8866441979165396,0.06073729859363417,-0.2814648657592129,3,4,-9.59836782902453,-5.37865549130311,4.098667237441987,-6.995679314713925,0.0627455182552103,-0.35,0,0
1789004026.963775,95.43396043777466,4.207886513877625,-6.659200558984991,-0.8915830773630573,0.060670518357475285,-0.2814648644001176,3,4,-9.59836782902453,-5.37865549130311,4.098667237441987,-6.995679314713925,0.06271009870000911,-0.35,0,0
1789004026.996702,95.46688747406006,4.2090608432360215,-6.660684040226919,-0.9013712735301166,0.05824277257058814,-0.28336544346256815,3,4,-9.59836782902453,-5.37865549130311,4.098667237441987,-6.995679314713925,0.06271009870000911,-0.35,0,0
1789004027.0472739,95.51745939254761,4.210780371468006,-6.662942676336714,-0.9191761609992929,0.05369711215235886,-0.2849750638299945,3,4,-9.59836782902453,-5.37865549130311,4.098667237441987,-6.995679314713925,0.06261523545057912,-0.35,0,0
1789004027.0633998,95.5335853099823,4.210555735633162,-6.663416864691557,-0.9237720052402368,0.05353381934793556,-0.28497506344064477,3,4,-9.59836782902453,-5.37865549130311,4.098667237441987,-6.995679314713925,0.06269356750012098,-0.35,0,0
1789004027.098036,95.56822156906128,4.21160731527356,-6.664831167152433,-0.9338900405186591,0.051305173653009635,-0.28700980582378877,3,4,-9.59836782902453,-5.37865549130311,4.098667237441987,-6.995679314713925,0.06269356750012098,-0.35,0,0
1789004027.1485238,95.6187093257904,4.213106962386647,-6.666915451838405,-0.95170544472288,0.05031583597446085,-0.28872574850492005,3,4,-9.59836782902453,-5.37865549130311,4.098667237441987,-6.995679314713925,0.06,-0.15,0,0
1789004027.166579,95.63676452636719,4.212878413712373,-6.667433514168843,-0.9569187812928146,0.050093454490177686,-0.2887257475427082,3,4,-9.59836782902453,-5.37865549130311,4.098667237441987,-6.995679314713925,0.06,-0.15,0,0
1789004027.1991453,95.66933083534241,4.213805037007167,-6.6687581258290125,-0.9665576855812827,0.0495016978913902,-0.29063977400679236,3,4,-9.59836782902453,-5.37865549130311,4.098667237441987,-6.995679314713925,0.06,-0.15,0,0
1789004027.2497275,95.71991300582886,4.215248523455221,-6.670898707591307,-0.984200692869667,0.05106331325416141,-0.2913550819819652,3,4,-9.59836782902453,-5.37865549130311,4.098667237441987,-6.995679314713925,0.06,-0.15,0,0
1789004027.2637043,95.73388981819153,4.214889134954056,-6.671271901048634,-0.9883378945482267,0.051156858260199244,-0.2923643811555035,3,4,-9.59836782902453,-5.37865549130311,4.098667237441987,-6.995679314713925,0.06,-0.15,0,0
1789004027.300637,95.77082252502441,4.216019624328209,-6.672956970292663,-0.9983649373130636,0.05402489693674334,-0.29390128676233374,3,4,-9.59836782902453,-5.37865549130311,4.098667237441987,-6.995679314713925,0.06,-0.15,0,0
1789004027.3510563,95.82124185562134,4.217491826325249,-6.675299728613787,-1.0159190185689262,0.05484738277823761,-0.29455896808950083,3,4,-9.59836782902453,-5.37865549130311,4.098667237441987,-6.995679314713925,0.06,-0.15,0,0
1789004027.3668766,95.83706212043762,4.217187280705983,-6.675806618907803,-1.0206371608291025,0.05491371975819366,-0.29549919871278324,3,4,-9.59836782902453,-5.37865549130311,4.098667237441987,-6.995679314713925,0.06,-0.15,0,0
1789004027.4016185,95.87180399894714,4.217795632303194,-6.67691327724645,-1.0305378615413219,0.04058400846910248,-0.2968117380866526,3,4,-9.59836782902453,-5.37865549130311,4.098667237441987,-6.995679314713925,0.06,-0.15,0,0
1789004027.452166,95.92235159873962,4.21839570553996,-6.678062212785203,-1.0457278678691826,0.02277700954254901,-0.2972777661729216,3,4,-9.59836782902453,-5.37865549130311,4.098667237441987,-6.995679314713925,0.06,-0.15,0,0
1789004027.46236,95.93254542350769,4.21770106115136,-6.6779690033459,-1.0487874047793806,0.020184369837834334,-0.29777609987798664,3,4,-9.59836782902453,-5.37865549130311,4.098667237441987,-6.995679314713925,0.06,-0.15,0,0
1789004027.5029125,95.97309803962708,4.218762945472698,-6.679540211393709,-1.0561611049840638,0.042851095352141925,-0.29784578592895333,3,4,-9.59836782902453,-5.37865549130311,4.098667237441987,-6.995679314713925,0.06,-0.15,0,0
1789004027.5533192,96.0235047340393,4.220686497556772,-6.682654022780563,-1.0693862542582044,0.07626437794219165,-0.29766027839217735,3,4,-9.59836782902453,-5.37865549130311,4.098667237441987,-6.995679314713925,0.06,-0.15,0,0
1789004027.5622756,96.03246116638184,4.220320910683703,-6.683110878205128,-1.0720357858567435,0.08091497122432662,-0.2973491066086816,3,4,-9.59836782902453,-5.37865549130311,4.098667237441987,-6.995679314713925,0.06,-0.15,0,0
1789004027.6039243,96.07410979270935,4.222280349412822,-6.6865320618347965,-1.080048858499084,0.09416232180384496,-0.296262088964796,3,4,-9.59836782902453,-5.37865549130311,4.098667237441987,-6.995679314713925,0.06,-0.15,0,0
1789004027.654744,96.12492942810059,4.224387258142511,-6.690427040629373,-1.0889280021645176,0.08715548222609618,-0.29556124352559066,3,4,-9.59836782902453,-5.37865549130311,4.098667237441987,-6.995679314713925,0.06,-0.15,0,0
1789004027.6605353,96.13072085380554,4.22382745877702,-6.690597446534462,-1.0905743026326624,0.08646592254788743,-0.29411893968060787,3,4,-9.59836782902453,-5.37865549130311,4.098667237441987,-6.995679314713925,0.06,-0.15,0,0
1789004027.705184,96.17536950111389,4.225258868184841,-6.693377872335577,-1.0987230959230831,0.0710575588858075,-0.29139196776655796,3,4,-9.59836782902453,-5.37865549130311,4.098667237441987,-6.995679314713925,0.06,-0.15,0,0
1789004027.7557611,96.22594666481018,4.226810197415785,-6.696375531852697,-1.1094122004830798,0.06658166036853505,-0.2901576714818637,3,4,-9.59836782902453,-5.37865549130311,4.098667237441987,-6.995679314713925,0.06,-0.15,0,0
1789004027.762231,96.23241662979126,4.22620671083522,-6.696479033112217,-1.1112071547624416,0.06602727474348818,-0.2885986310492999,3,4,-9.59836782902453,-5.37865549130311,4.098667237441987,-6.995679314713925,0.06,-0.15,0,0
1789004027.806359,96.27654457092285,4.22752747838441,-6.699005991044071,-1.1176730032386164,0.06484238742056499,-0.2854292015285269,3,4,-9.59836782902453,-5.37865549130311,4.098667237441987,-6.995679314713925,0.06,-0.15,0,0
1789004027.8309143,96.30109977722168,4.228218931691661,-6.700429952174209,-1.124608300546516,0.06445492587089692,-0.2840655087284501,3,4,-9.59836782902453,-5.37865549130311,4.098667237441987,-6.995679314713925,0.06,-0.15,0,0
1789004027.8587534,96.32893896102905,4.228291790255934,-6.701723085192796,-1.1243798291758968,0.0644973172168656,-0.28106952862080925,3,4,-9.59836782902453,-5.37865549130311,4.098667237441987,-6.995679314713925,0.06,-0.15,0,0
1789004027.9076223,96.37780785560608,4.229764388393522,-6.704648899212062,-1.1324704218981625,0.06733746476830295,-0.27638511064729676,3,4,-9.59836782902453,-5.37865549130311,4.098667237441987,-6.995679314713925,0.06,-0.15,0,0
1789004027.9309106,96.40109610557556,4.230469967067404,-6.706127853961118,-1.1388131638748,0.07058836504788452,-0.274559576786397,3,4,-9.59836782902453,-5.37865549130311,4.098667237441987,-6.995679314713925,0.06,-0.15,0,0
1789004027.9646838,96.4348692893982,4.230727706955809,-6.707995016933934,-1.1435801463246629,0.0713997121673807,-0.2720840533603898,3,4,-9.59836782902453,-5.37865549130311,4.098667237441987,-6.995679314713925,0.06,-0.15,0,0
1789004028.0087688,96.47895431518555,4.2321210025739715,-6.710873922186461,-1.1490536035077517,0.07274841673915433,-0.2677046124459817,3,4,-9.59836782902453,-5.37865549130311,4.098667237441987,-6.995679314713925,0.06,-0.15,0,0
1789004028.0309167,96.50110220909119,4.2327799332144265,-6.712343636622909,-1.1548869918564684,0.0728274212022192,-0.26590917009441106,3,4,-9.59836782902453,-5.37865549130311,4.098667237441987,-6.995679314713925,0.06,-0.15,0,0
1789004028.0595598,96.52974534034729,4.232912423270252,-6.713913571076365,-1.1548105597902234,0.07316951193572731,-0.26228285483725877,3,4,-9.59836782902453,-5.37865549130311,4.098667237441987,-6.995679314713925,0.05950478408770686,-0.15,0,0
1789004028.1099782,96.5801637172699,4.234447693881767,-6.717257825989825,-1.1628230292107156,0.07324330404670316,-0.25979530152123176,3,4,-9.59836782902453,-5.37865549130311,4.098667237441987,-6.995679314713925,0.05950478408770686,-0.15,0,0
1789004028.1309254,96.60111093521118,4.2350275764916105,-6.718620752851673,-1.1679634669022299,0.07090063453808193,-0.2547096384622828,3,4,-9.59836782902453,-5.37865549130311,4.098667237441987,-6.995679314713925,0.05892706078553309,-0.15,0,0
1789004028.1605241,96.63070964813232,4.23508575362201,-6.72021636325085,-1.171436484168248,0.0707590922466685,-0.2519482842693012,3,4,-9.59836782902453,-5.37865549130311,4.098667237441987,-6.995679314713925,0.058092050205709796,-0.15,0,0
1789004028.211246,96.68143153190613,4.236488539243044,-6.723340188687951,-1.1766507959996266,0.06777760809725202,-0.24993196286338257,3,4,-9.59836782902453,-5.37865549130311,4.098667237441987,-6.995679314713925,0.058092050205709796,-0.15,0,0
1789004028.2308896,96.70107507705688,4.237007925617611,-6.724582611576609,-1.1812375794487568,0.06885619309714108,-0.24394807393236903,3,4,-9.59836782902453,-5.37865549130311,4.098667237441987,-6.995679314713925,0.05781437960036093,-0.15,0,0
1789004028.2705913,96.74077677726746,4.237278116460131,-6.726780429370465,-1.187088738062288,0.06928222236862851,-0.24093803762936647,3,4,-9.59836782902453,-5.37865549130311,4.098667237441987,-6.995679314713925,0.056861268704198886,-0.15,0,0
1789004028.3122241,96.78240966796875,4.2384932053731434,-6.729592432570411,-1.191566877381679,0.07266675425870636,-0.23882475391252966,3,4,-9.59836782902453,-5.37865549130311,4.098667237441987,-6.995679314713925,0.056861268704198886,-0.15,0,0
1789004028.3309274,96.80111289024353,4.23901480341092,-6.730890597566646,-1.1957489946522395,0.07416525732287396,-0.23405659991725827,3,4,-9.59836782902453,-5.37865549130311,4.098667237441987,-6.995679314713925,0.05664548293202563,-0.15,0,0
1789004028.3697355,96.83992099761963,4.2393027177576945,-6.73322573913263,-1.2006592028463312,0.07470504481138655,-0.23130537344078095,3,4,-9.59836782902453,-5.37865549130311,4.098667237441987,-6.995679314713925,0.0,0.0,0,0
1789004028.413552,96.88373756408691,4.2404923166532775,-6.736066899745317,-1.20346011352685,0.07150667409285799,-0.22934528624624304,3,4,-9.59836782902453,-5.37865549130311,4.098667237441987,-6.995679314713925,0.0,0.0,0,0
1789004028.4309297,96.90111517906189,4.240878824253735,-6.737115216612489,-1.207128325688302,0.06625579788525225,-0.22328549556969876,3,4,-9.59836782902453,-5.37865549130311,4.098667237441987,-6.995679314713925,0.0,0.0,0,0
1789004028.4640083,96.9341938495636,4.240867039851209,-6.7387886693187085,-1.2109603530275426,0.06542438060999138,-0.22022407270904348,3,4,-9.59836782902453,-5.37865549130311,4.098667237441987,-6.995679314713925,0.0,0.0,0,0
1789004028.5145457,96.98473119735718,4.24200407419473,-6.741679194705369,-1.2169600243086092,0.061818421273979275,-0.21813591706612384,3,4,-9.59836782902453,-5.37865549130311,4.098667237441987,-6.995679314713925,0.0,0.0,0,0
1789004028.5308824,97.0010678768158,4.2423148793555745,-6.742548779809371,-1.2202499092616743,0.05823862453163072,-0.2133851607239682,3,4,-9.59836782902453,-5.37865549130311,4.098667237441987,-6.995679314713925,0.0,0.0,0,0
1789004028.5650804,97.03526592254639,4.242207315090594,-6.744034974793441,-1.2236794374911637,0.05737393786791409,-0.2106320739178738,3,4,-9.59836782902453,-5.37865549130311,4.098667237441987,-6.995679314713925,0.0,0.0,0,0
1789004028.6158054,97.08599090576172,4.243271690738348,-6.746692119323129,-1.2256498412318628,0.05631287215790179,-0.20867675735722968,3,4,-9.59836782902453,-5.37865549130311,4.098667237441987,-6.995679314713925,0.0,0.0,0,0
1789004028.6308336,97.10101914405823,4.243413496529175,-6.7471972392689,-1.228460592866429,0.04175372738440943,-0.20218867446738056,4,5,-6.293926489992586,-0.9178479625128503,-0.4591836528852582,-3.829342548851855,0.0,0.0,0,0
1789004028.6663365,97.13652205467224,4.243070230932012,-6.7481513481747015,-1.2331482345172677,0.03808137169595132,-0.19911093418227316,4,5,-6.293926489992586,-0.9178479625128503,-0.4591836528852582,-3.829342548851855,0.0,0.0,0,0
1789004028.7169445,97.18712997436523,4.243315915367599,-6.748883608443908,-1.2392103178760523,0.017715462126508055,-0.19707344619782513,4,5,-6.293926489992586,-0.9178479625128503,-0.4591836528852582,-3.829342548851855,0.0,0.0,0,0
1789004028.7308362,97.20102167129517,4.243397993655955,-6.749110363236078,-1.2416964360024687,0.01891094516700676,-0.1925581399401955,4,5,-6.293926489992586,-0.9178479625128503,-0.4591836528852582,-3.829342548851855,0.0,-0.35,0,0
1789004028.767664,97.23784947395325,4.2428634564897285,-6.749363320510355,-1.2387548779129114,0.017949101055406595,-0.18807724968764078,4,5,-6.293926489992586,-0.9178479625128503,-0.4591836528852582,-3.829342548851855,0.0,-0.35,0,0
1789004028.8181672,97.28835272789001,4.243491898075396,-6.750976716242455,-1.2427975737118195,0.030562432114170247,-0.18529289382558617,4,5,-6.293926489992586,-0.9178479625128503,-0.4591836528852582,-3.829342548851855,0.0,-0.35,0,0
1789004028.8308325,97.30101799964905,4.243698427032018,-6.751528240317842,-1.244832496905514,0.038440078403651434,-0.179382120188114,4,5,-6.293926489992586,-0.9178479625128503,-0.4591836528852582,-3.829342548851855,0.0,-0.35,0,0
1789004028.8689413,97.33912682533264,4.243381073233318,-6.752540022490251,-1.2450219539240064,0.03867311815117091,-0.17566612491255437,4,5,-6.293926489992586,-0.9178479625128503,-0.4591836528852582,-3.829342548851855,0.0,-0.35,0,0
1789004028.919705,97.38989043235779,4.243618472288653,-6.7532255263101675,-1.246640818264453,0.018157060765360323,-0.17326637653961802,4,5,-6.293926489992586,-0.9178479625128503,-0.4591836528852582,-3.829342548851855,0.0,-0.35,0,0
1789004028.9308848,97.40107035636902,4.2433947628796105,-6.75276128305242,-1.2482590154837387,-0.013023966040288581,-0.1673421733895582,4,5,-6.293926489992586,-0.9178479625128503,-0.4591836528852582,-3.829342548851855,0.0,-0.35,0,0
1789004028.9707742,97.44095969200134,4.242454252330338,-6.751821996493218,-1.238642924943029,-0.01569370286480895,-0.1669280162830479,4,5,-6.293926489992586,-0.9178479625128503,-0.4591836528852582,-3.829342548851855,0.0,-0.35,0,0
1789004029.021362,97.49154758453369,4.242091097327498,-6.7507241546496415,-1.2391918297346691,-0.02309885361181957,-0.16018349286445915,4,5,-6.293926489992586,-0.9178479625128503,-0.4591836528852582,-3.829342548851855,0.0,-0.35,0,0
1789004029.030912,97.5010974407196,4.242107767825812,-6.750721961664423,-1.2401448161611295,-0.01353941147996322,-0.1495851326350815,4,5,-6.293926489992586,-0.9178479625128503,-0.4591836528852582,-3.829342548851855,0.0,-0.35,0,0
1789004029.0720534,97.54223895072937,4.2410893792476045,-6.749775329845349,-1.2377313955674927,-0.01603567232326251,-0.14933034491699548,4,5,-6.293926489992586,-0.9178479625128503,-0.4591836528852582,-3.829342548851855,0.0,-0.35,0,0
1789004029.1226497,97.59283518791199,4.2410297067709894,-6.749541079895947,-1.2361974778471057,-0.010106293117228998,-0.14337557408292184,4,5,-6.293926489992586,-0.9178479625128503,-0.4591836528852582,-3.829342548851855,0.0,-0.35,0,0
1789004029.1308746,97.60106015205383,4.2411307312376225,-6.749759565520902,-1.23207315601344,0.0033698721420958046,-0.1300730858489663,4,5,-6.293926489992586,-0.9178479625128503,-0.4591836528852582,-3.829342548851855,0.0,-0.35,0,0
1789004029.1742303,97.64441585540771,4.240335358622552,-6.7494956200196645,-1.2323964845081208,0.0016922360358305076,-0.1299104546370656,4,5,-6.293926489992586,-0.9178479625128503,-0.4591836528852582,-3.829342548851855,0.0,-0.35,0,0
1789004029.1808956,97.65108108520508,4.240574813415927,-6.750086083905121,-1.2329584298696703,0.022727942160422895,-0.12401841666116818,4,5,-6.293926489992586,-0.9178479625128503,-0.4591836528852582,-3.829342548851855,0.0,-0.35,0,0
1789004029.2309039,97.70108938217163,4.240928659152512,-6.751083420634187,-1.2328945050324052,0.019024242652394132,-0.1142464333889111,4,5,-6.293926489992586,-0.9178479625128503,-0.4591836528852582,-3.829342548851855,0.0,-0.35,0,0
1789004029.2755234,97.74570894241333,4.2403751172543025,-6.7514914059402305,-1.2326008773645347,0.01809756054400836,-0.11408777242160098,4,5,-6.293926489992586,-0.9178479625128503,-0.4591836528852582,-3.829342548851855,0.0,-0.35,0,0
1789004029.2808626,97.75104808807373,4.2402539553287095,-6.75120375078284,-1.2329559388223978,0.0032956488754924173,-0.10925301718604775,4,5,-6.293926489992586,-0.9178479625128503,-0.4591836528852582,-3.829342548851855,0.0,-0.35,0,0
1789004029.3308642,97.80104970932007,4.240270380170104,-6.751223272407768,-1.228755938658854,-0.0025563937653997775,-0.09778470362720529,4,5,-6.293926489992586,-0.9178479625128503,-0.4591836528852582,-3.829342548851855,0.0,-0.35,0,0
1789004029.376692,97.84687757492065,4.2393847347497635,-6.75070280273709,-1.229143939145931,-0.004343260807949487,-0.09766184161373678,4,5,-6.293926489992586,-0.9178479625128503,-0.4591836528852582,-3.829342548851855,0.0,-0.35,0,0
1789004029.3809004,97.85108590126038,4.239343550329365,-6.750598386451528,-1.229308626272713,-0.007788281231202032,-0.09265828645244137,4,5,-6.293926489992586,-0.9178479625128503,-0.4591836528852582,-3.829342548851855,0.0,-0.35,0,0
1789004029.4309342,97.90111970901489,4.239176548053665,-6.750130598990108,-1.229143661851236,-0.012242122595069975,-0.08431785840955332,4,5,-6.293926489992586,-0.9178479625128503,-0.4591836528852582,-3.829342548851855,0.0,-0.35,0,0
1789004029.4778492,97.94803476333618,4.238131097121412,-6.7491749469806726,-1.2288057959654863,-0.01432742641266973,-0.08418894743505598,4,5,-6.293926489992586,-0.9178479625128503,-0.4591836528852582,-3.829342548851855,0.0,-0.35,0,0
1789004029.4808338,97.95101928710938,4.2381603068906,-6.7492460102257255,-1.2288424526029726,-0.010567375833699955,-0.08005288995130969,4,5,-6.293926489992586,-0.9178479625128503,-0.4591836528852582,-3.829342548851855,0.0,-0.35,0,0
1789004029.5309138,98.00109934806824,4.238009155644339,-6.748819353443173,-1.2252196668470998,-0.007007432941762978,-0.07022120698451527,4,5,-6.293926489992586,-0.9178479625128503,-0.4591836528852582,-3.829342548851855,0.0,-0.35,0,0
1789004029.5790792,98.04926466941833,4.2370424425435935,-6.748096756355945,-1.2254189546696115,-0.008705157771053015,-0.07012341149153087,4,5,-6.293926489992586,-0.9178479625128503,-0.4591836528852582,-3.829342548851855,0.0,-0.35,0,0
1789004029.5808847,98.05107021331787,4.237090866322599,-6.7482193809670346,-1.2253393667313344,-0.003930860288782599,-0.06587398842089057,4,5,-6.293926489992586,-0.9178479625128503,-0.4591836528852582,-3.829342548851855,0.0,-0.35,0,0
1789004029.6309175,98.10110306739807,4.237036135694628,-6.7480675442510645,-1.2250681673338182,-0.002244467481853599,-0.061141306156105156,4,5,-6.293926489992586,-0.9178479625128503,-0.4591836528852582,-3.829342548851855,0.0,-0.35,0,0
1789004029.6804385,98.15062403678894,4.236146679880553,-6.747565623532362,-1.2226034598995394,-0.0036037464931534995,-0.06092548143193244,4,5,-6.293926489992586,-0.9178479625128503,-0.4591836528852582,-3.829342548851855,0.0,-0.35,0,0
1789004029.6809146,98.1511001586914,4.2361788822903765,-6.74764853709683,-1.2223524300105464,-0.0007767466452858167,-0.05491076771751895,4,5,-6.293926489992586,-0.9178479625128503,-0.4591836528852582,-3.829342548851855,0.0,-0.35,0,0
1789004029.73086,98.20104551315308,4.236153443541006,-6.74758271929343,-1.222558769530447,-0.0020525987651225934,-0.04968877505772261,4,5,-6.293926489992586,-0.9178479625128503,-0.4591836528852582,-3.829342548851855,0.0,-0.35,0,0
1789004029.7814827,98.25166821479797,4.2352689431112465,-6.747088649941662,-1.2226790319096952,-0.00330465543264501,-0.04958487205849046,4,5,-6.293926489992586,-0.9178479625128503,-0.4591836528852582,-3.829342548851855,0.0,-0.35,0,0
1789004029.8322127,98.30239820480347,4.235167373966463,-6.7468153041486385,-1.222065553631907,-0.005481954281843283,-0.04078816889616647,4,5,-6.293926489992586,-0.9178479625128503,-0.4591836528852582,-3.829342548851855,0.0,-0.35,0,0
1789004029.8830369,98.3532223701477,4.234221555072981,-6.746156929462525,-1.2206326947813528,-0.006781968064743701,-0.04063577772959008,4,5,-6.293926489992586,-0.9178479625128503,-0.4591836528852582,-3.829342548851855,0.0,-0.35,0,0
1789004029.933438,98.40362358093262,4.2340967492057615,-6.74581868121053,-1.2205617169508964,-0.007881470940496106,-0.031714653499680494,4,5,-6.293926489992586,-0.9178479625128503,-0.4591836528852582,-3.829342548851855,0.0,-0.35,0,0
1789004029.9840088,98.45419430732727,4.233110865749072,-6.7450488873891,-1.2206785778653564,-0.009166264678691624,-0.03164829990807838,4,5,-6.293926489992586,-0.9178479625128503,-0.4591836528852582,-3.829342548851855,0.0,-0.35,0,0
1789004030.034534,98.50471949577332,4.232929578443751,-6.744558862744744,-1.2202439229833753,-0.011006709227282255,-0.02505555739130563,4,5,-6.293926489992586,-0.9178479625128503,-0.4591836528852582,-3.829342548851855,0.0,-0.35,0,0
1789004030.0858366,98.55602216720581,4.231885156187068,-6.743633399028687,-1.2197469319410958,-0.012337370813400835,-0.024977462721359776,4,5,-6.293926489992586,-0.9178479625128503,-0.4591836528852582,-3.829342548851855,0.0,-0.35,0,0
1789004030.136411,98.60659646987915,4.231688633365425,-6.743097649568309,-1.2198741376904347,-0.011837452933151273,-0.01864536107848571,4,5,-6.293926489992586,-0.9178479625128503,-0.4591836528852582,-3.829342548851855,0.0,-0.35,0,0
1789004030.186978,98.65716361999512,4.230635021375163,-6.742144649917111,-1.2201216815526197,-0.013062414294960197,-0.018614323012792724,4,5,-6.293926489992586,-0.9178479625128503,-0.4591836528852582,-3.829342548851855,0.0,-0.35,0,0
1789004030.2376993,98.70788478851318,4.23046026643231,-6.741668197581244,-1.219499930916575,-0.009811781481216912,-0.013573707540276482,4,5,-6.293926489992586,-0.9178479625128503,-0.4591836528852582,-3.829342548851855,0.0,-0.35,0,0
1789004030.288138,98.75832343101501,4.229444381166724,-6.74081939284033,-1.219660147315207,-0.01081873073598239,-0.013550095037437326,4,5,-6.293926489992586,-0.9178479625128503,-0.4591836528852582,-3.829342548851855,0.0,-0.35,0,0
1789004030.3386946,98.8088800907135,4.229385955050925,-6.740655041760884,-1.219682024651022,-0.00555153266179888,-0.009685813563014385,4,5,-6.293926489992586,-0.9178479625128503,-0.4591836528852582,-3.829342548851855,0.0,-0.35,0,0
1789004030.389284,98.85946941375732,4.229282628710648,-6.740374610328947,-1.2198083139286386,-0.006263632284257107,-0.009670781637935468,4,5,-6.293926489992586,-0.9178479625128503,-0.4591836528852582,-3.829342548851855,0.0,-0.35,0,0
1789004030.4400592,98.91024470329285,4.228394398819682,-6.739871127927048,-1.2197380994009106,-0.0034290149200591324,-0.006418624416631736,4,5,-6.293926489992586,-0.9178479625128503,-0.4591836528852582,-3.829342548851855,0.0,-0.35,0,0
1789004030.4596915,98.92987704277039,4.227534817097968,-6.739446675909619,-1.2198640529216374,-0.0036402801497054274,-0.006418625000933188,4,5,-6.293926489992586,-0.9178479625128503,-0.4591836528852582,-3.829342548851855,0.0,-0.35,0,0
1789004030.4904704,98.96065592765808,4.227457874015758,-6.739238639599154,-1.219979919940302,-0.006503952526911205,-0.004859033892654882,4,5,-6.293926489992586,-0.9178479625128503,-0.4591836528852582,-3.829342548851855,0.0,-0.35,0,0
1789004030.541145,99.01133060455322,4.2273085031539255,-6.738831748298031,-1.2207011066652107,-0.010822598715586091,-0.00417070128621794,4,5,-6.293926489992586,-0.9178479625128503,-0.4591836528852582,-3.829342548851855,0.0,-0.35,0,0
1789004030.5623157,99.03250122070312,4.226393104695597,-6.738254977868092,-1.2207893365116684,-0.011177224272760234,-0.004170701420557242,4,5,-6.293926489992586,-0.9178479625128503,-0.4591836528852582,-3.829342548851855,0.0,-0.35,0,0
1789004030.5920897,99.06227517127991,4.226258834593223,-6.737885293363384,-1.2215302965752655,-0.012911870135724748,-0.003254286927867396,4,5,-6.293926489992586,-0.9178479625128503,-0.4591836528852582,-3.829342548851855,0.0,-0.35,0,0
1789004030.6426165,99.112802028656,4.226031611773256,-6.737258228128623,-1.2222756448502254,-0.01347345880651088,-0.002863900169016658,4,5,-6.293926489992586,-0.9178479625128503,-0.4591836528852582,-3.829342548851855,0.0,-0.35,0,0
1789004030.660691,99.1308765411377,4.225112510625566,-6.736670623532256,-1.2223273288249856,-0.01379194053155071,-0.0028639001257492634,4,5,-6.293926489992586,-0.9178479625128503,-0.4591836528852582,-3.829342548851855,0.0,-0.35,0,0
1789004030.6932611,99.16344666481018,4.224968622267499,-6.736271157544429,-1.2228936415403242,-0.013578792648406777,-0.0024269293101674455,4,5,-6.293926489992586,-0.9178479625128503,-0.4591836528852582,-3.829342548851855,0.0,-0.35,0,0
1789004030.744059,99.21424460411072,4.224723526605986,-6.735591480276919,-1.2237277345333473,-0.01488643793008468,-0.0023237990743791874,4,5,-6.293926489992586,-0.9178479625128503,-0.4591836528852582,-3.829342548851855,0.0,-0.35,0,0
1789004030.7626336,99.23281908035278,4.223794049309907,-6.7349748032493615,-1.2237707923213654,-0.01520773377022847,-0.00232379884764852,4,5,-6.293926489992586,-0.9178479625128503,-0.4591836528852582,-3.829342548851855,0.0,-0.35,0,0
1789004030.7951856,99.26537108421326,4.223608636979455,-6.734456593552845,-1.2247980500781572,-0.016788742333835444,-0.002255907963779902,4,5,-6.293926489992586,-0.9178479625128503,-0.4591836528852582,-3.829342548851855,0.0,-0.35,0,0
1789004030.8457992,99.31598472595215,4.223316599513598,-6.733640946750642,-1.2256728667629497,-0.017439001411579017,-0.0023637555740948905,4,5,-6.293926489992586,-0.9178479625128503,-0.4591836528852582,-3.829342548851855,0.0,-0.35,0,0
1789004030.8548777,99.32506322860718,4.222429308701761,-6.733139955461369,-1.2256942172232839,-0.01760263574323856,-0.0023637556493338006,4,5,-6.293926489992586,-0.9178479625128503,-0.4591836528852582,-3.829342548851855,0.0,-0.35,0,0
1789004030.896603,99.36678862571716,4.222178452325613,-6.732437126335911,-1.2264334851373764,-0.0182608066379857,-0.0025407178089696773,4,5,-6.293926489992586,-0.9178479625128503,-0.4591836528852582,-3.829342548851855,0.0,-0.35,0,0
1789004030.947396,99.41758155822754,4.2218595110754915,-6.731540728176049,-1.2274379935953088,-0.0192032159181942,-0.0027900262586054866,4,5,-6.293926489992586,-0.9178479625128503,-0.4591836528852582,-3.829342548851855,0.0,-0.35,0,0
1789004030.9637527,99.4339382648468,4.220920166255528,-6.7308944362285885,-1.2274834850015441,-0.01949707986452614,-0.0027900260691146746,4,5,-6.293926489992586,-0.9178479625128503,-0.4591836528852582,-3.829342548851855,0.0,-0.35,0,0
1789004030.9985304,99.46871590614319,4.220682725512794,-6.7302202139013545,-1.2287450413173835,-0.02066125459667215,-0.003254325416489886,4,5,-6.293926489992586,-0.9178479625128503,-0.4591836528852582,-3.829342548851855,0.0,-0.35,0,0
1789004031.0491533,99.51933884620667,4.220321404091684,-6.729197666365746,-1.2298082150339067,-0.022182625578648696,-0.0036979466160110223,4,5,-6.293926489992586,-0.9178479625128503,-0.4591836528852582,-3.829342548851855,0.0,-0.35,0,0
1789004031.0597305,99.52991604804993,4.2194108853251535,-6.728630540887212,-1.2298471838242997,-0.022384199405772583,-0.0036979467982068003,4,5,-6.293926489992586,-0.9178479625128503,-0.4591836528852582,-3.829342548851855,0.0,-0.35,0,0
1789004031.0998385,99.57002401351929,4.219113457417754,-6.727784496786569,-1.2307492673724785,-0.02280325124865629,-0.004285889228239462,4,5,-6.293926489992586,-0.9178479625128503,-0.4591836528852582,-3.829342548851855,0.0,-0.35,0,0
1789004031.1510808,99.62126636505127,4.218792636219809,-6.72685765326072,-1.2324422153470627,-0.01901006239076215,-0.00454213757488484,4,5,-6.293926489992586,-0.9178479625128503,-0.4591836528852582,-3.829342548851855,0.0,-0.35,0,0
1789004031.1635842,99.63376975059509,4.217889728732028,-6.7263104753119185,-1.2325236635744037,-0.01859220287041103,-0.00500541450446678,4,5,-6.293926489992586,-0.9178479625128503,-0.4591836528852582,-3.829342548851855,0.0,-0.35,0,0
1789004031.2017326,99.67191815376282,4.21776284989707,-6.725935509348843,-1.2335264926695038,-0.012247859825643942,-0.005760129139210296,4,5,-6.293926489992586,-0.9178479625128503,-0.4591836528852582,-3.829342548851855,0.0,-0.35,0,0
1789004031.2525384,99.72272396087646,4.217539644687379,-6.7252845643217745,-1.235449189622414,-0.013846520282200916,-0.006092829330516349,4,5,-6.293926489992586,-0.9178479625128503,-0.4591836528852582,-3.829342548851855,0.0,-0.35,0,0
1789004031.2704117,99.74059724807739,4.216626388079471,-6.724707293613319,-1.2355899135149409,-0.014062925616287683,-0.006590919054173186,4,5,-6.293926489992586,-0.9178479625128503,-0.4591836528852582,-3.829342548851855,0.0,-0.35,0,0
1789004031.3033922,99.77357769012451,4.216409207617253,-6.72407551967948,-1.2371434206892988,-0.01848768609649627,-0.007513815472788821,4,5,-6.293926489992586,-0.9178479625128503,-0.4591836528852582,-3.829342548851855,0.0,-0.35,0,0
1789004031.3546896,99.82487511634827,4.216086399813922,-6.723119703771981,-1.2400301287153037,-0.020047781955027322,-0.007954853147715733,4,5,-6.293926489992586,-0.9178479625128503,-0.4591836528852582,-3.829342548851855,0.0,-0.35,0,0
1789004031.3676488,99.83783435821533,4.215171273888653,-6.722533716818286,-1.2401776676886658,-0.020299863782382452,-0.00881319504103616,4,5,-6.293926489992586,-0.9178479625128503,-0.4591836528852582,-3.829342548851855,0.0,-0.35,0,0
1789004031.4053397,99.87552523612976,4.2149447043835355,-6.721858909025228,-1.2418474714406826,-0.019491693743344658,-0.010193150008023769,4,5,-6.293926489992586,-0.9178479625128503,-0.4591836528852582,-3.829342548851855,0.0,-0.35,0,0
1789004031.4309113,99.9010968208313,4.2147963085323905,-6.721422218834443,-1.2421351825640812,-0.018101225084526638,-0.01072239920601001,4,5,-6.293926489992586,-0.9178479625128503,-0.4591836528852582,-3.829342548851855,0.0,-0.35,0,0
1789004031.4598317,99.9300172328949,4.213806091313269,-6.720593549299579,-1.2443460130441641,-0.018110638602090716,-0.011546405621023171,4,5,-6.293926489992586,-0.9178479625128503,-0.4591836528852582,-3.829342548851855,0.0,-0.35,0,0
1789004031.507473,99.97765851020813,4.213542286037769,-6.719787423947862,-1.2473962307687432,-0.018009958172781417,-0.013235694867998499,4,5,-6.293926489992586,-0.9178479625128503,-0.4591836528852582,-3.829342548851855,0.0,-0.35,0,0
1789004031.5308807,100.00106620788574,4.213407301411681,-6.719384762590277,-1.2477406719831383,-0.01825263245944665,-0.013979907316037309,4,5,-6.293926489992586,-0.9178479625128503,-0.4591836528852582,-3.829342548851855,0.0,-0.35,0,0
1789004031.5635655,100.03375101089478,4.2123951551873615,-6.718482925737139,-1.250051823220637,-0.018503203738785935,-0.01499680562602096,4,5,-6.293926489992586,-0.9178479625128503,-0.4591836528852582,-3.829342548851855,0.0,-0.35,0,0
1789004031.6090221,100.0792076587677,4.212136262768408,-6.717687547705117,-1.2522410061222549,-0.018604810051823115,-0.016587631192455776,4,5,-6.293926489992586,-0.9178479625128503,-0.4591836528852582,-3.829342548851855,0.0,-0.35,0,0
1789004031.6308334,100.10101890563965,4.2120428424297565,-6.717398134274394,-1.2526339496518502,-0.014459461969090464,-0.01719519007431153,4,5,-6.293926489992586,-0.9178479625128503,-0.4591836528852582,-3.829342548851855,0.0,-0.35,0,0
1789004031.6598873,100.13007283210754,4.211097165586098,-6.716681285139828,-1.2556739452596044,-0.013848866901309187,-0.01825527063477956,4,5,-6.293926489992586,-0.9178479625128503,-0.4591836528852582,-3.829342548851855,0.0,-0.35,0,0
1789004031.7110124,100.18119788169861,4.210982159372302,-6.716288632379887,-1.2597809866201448,-0.00829995333529422,-0.019012406055306113,4,5,-6.293926489992586,-0.9178479625128503,-0.4591836528852582,-3.829342548851855,0.0,-0.35,0,0
1789004031.7308383,100.20102381706238,4.210916770525715,-6.716089788135895,-1.260283914250082,-0.010870816894168146,-0.02139463020904467,4,5,-6.293926489992586,-0.9178479625128503,-0.4591836528852582,-3.829342548851855,0.0,-0.35,0,0
1789004031.761626,100.2318115234375,4.209990929048243,-6.715431755912747,-1.2634512007955059,-0.011347142216922065,-0.022772249650078562,4,5,-6.293926489992586,-0.9178479625128503,-0.4591836528852582,-3.829342548851855,0.0,-0.35,0,0
1789004031.8123882,100.28257369995117,4.209701916735661,-6.7145148307632025,-1.2665613609552842,-0.018360263089304753,-0.023696640495074747,4,5,-6.293926489992586,-0.9178479625128503,-0.4591836528852582,-3.829342548851855,0.0,-0.35,0,0
1789004031.8308027,100.30098819732666,4.209572055685396,-6.71410697577556,-1.2671136052753893,-0.02160658642516876,-0.025692818798515434,4,5,-6.293926489992586,-0.9178479625128503,-0.4591836528852582,-3.829342548851855,0.0,-0.35,0,0
1789004031.8635144,100.33369994163513,4.208546827066268,-6.713091748332207,-1.2733958700549797,-0.022301884046109863,-0.02781531244032052,4,5,-6.293926489992586,-0.9178479625128503,-0.4591836528852582,-3.829342548851855,0.0,-0.35,0,0
1789004031.9141958,100.38438129425049,4.208281623260351,-6.712199121223474,-1.2766093393706837,-0.019076424734539354,-0.029144561198664744,4,5,-6.293926489992586,-0.9178479625128503,-0.4591836528852582,-3.829342548851855,0.0,-0.35,0,0
1789004031.9308717,100.40105724334717,4.208237154328121,-6.712039142679981,-1.2772362585669648,-0.013068198394554096,-0.031714421193544874,4,5,-6.293926489992586,-0.9178479625128503,-0.4591836528852582,-3.829342548851855,0.0,-0.35,0,0
1789004031.9649227,100.43510818481445,4.207298996355965,-6.711310508809688,-1.2813084216542618,-0.012077464183054472,-0.0333171364199507,4,5,-6.293926489992586,-0.9178479625128503,-0.4591836528852582,-3.829342548851855,0.0,-0.35,0,0
1789004032.0155466,100.48573207855225,4.2072013176466925,-6.7109519588610915,-1.2851941057620466,-0.00792769649338304,-0.03435707853173031,4,5,-6.293926489992586,-0.9178479625128503,-0.4591836528852582,-3.829342548851855,0.0,-0.35,0,0
1789004032.030834,100.50101947784424,4.207201036455847,-6.710940871456497,-1.2858496474722536,-0.003627346223826776,-0.03669602950154502,4,5,-6.293926489992586,-0.9178479625128503,-0.4591836528852582,-3.829342548851855,0.0,-0.35,0,0
1789004032.0663953,100.53658080101013,4.206358907763123,-6.710516770274622,-1.292310210665098,-0.002549571728178357,-0.039024474669009525,4,5,-6.293926489992586,-0.9178479625128503,-0.4591836528852582,-3.829342548851855,0.0,-0.35,0,0
1789004032.1168127,100.58699822425842,4.206342384781547,-6.710446885393415,-1.2958553499993093,-0.0013625131147084705,-0.04044312612796901,4,5,-6.293926489992586,-0.9178479625128503,-0.4591836528852582,-3.829342548851855,0.0,-0.35,0,0
1789004032.130836,100.60102152824402,4.206338376187126,-6.7104330477629,-1.2965674676239365,-0.001237556297615939,-0.04319331115888309,4,5,-6.293926489992586,-0.9178479625128503,-0.4591836528852582,-3.829342548851855,0.0,-0.35,0,0
1789004032.1673417,100.63752722740173,4.205507463891056,-6.71007721372286,-1.3007937307719724,-0.0007735428993649358,-0.04485235804510674,4,5,-6.293926489992586,-0.9178479625128503,-0.4591836528852582,-3.829342548851855,0.0,-0.35,0,0
1789004032.2178802,100.68806576728821,4.20549005069744,-6.7100085058099666,-1.3048534078943967,-0.0010485942166270315,-0.045898205157555244,4,5,-6.293926489992586,-0.9178479625128503,-0.4591836528852582,-3.829342548851855,0.0,-0.35,0,0
1789004032.2308977,100.70108318328857,4.205450081460699,-6.7098781438104504,-1.3055761222595936,-0.00625356963241266,-0.04823528185195779,4,5,-6.293926489992586,-0.9178479625128503,-0.4591836528852582,-3.829342548851855,0.0,-0.35,0,0
1789004032.2694993,100.73968482017517,4.204562568971607,-6.709308344913829,-1.312590118154316,-0.007059726145489122,-0.050626231600061675,4,5,-6.293926489992586,-0.9178479625128503,-0.4591836528852582,-3.829342548851855,0.0,-0.35,0,0
1789004032.319184,100.78936958312988,4.204361637586139,-6.708562100092594,-1.3165768472707673,-0.013982857240001575,-0.052046876757278794,4,5,-6.293926489992586,-0.9178479625128503,-0.4591836528852582,-3.829342548851855,0.0,-0.35,0,0
1789004032.3309822,100.80116772651672,4.204293783164538,-6.708313259221633,-1.3173310323611944,-0.01753573597182885,-0.054837491737572984,4,5,-6.293926489992586,-0.9178479625128503,-0.4591836528852582,-3.829342548851855,0.0,-0.35,0,0
1789004032.3697708,100.83995628356934,4.204126674037737,-6.707647667455072,-1.322323280855223,-0.017843001600357254,-0.05490505958290232,4,5,-6.293926489992586,-0.9178479625128503,-0.4591836528852582,-3.829342548851855,0.0,-0.35,0,0
1789004032.4205244,100.89070987701416,4.20316416670556,-6.706726216127803,-1.3304138950588924,-0.013752027798983633,-0.056852300671669236,4,5,-6.293926489992586,-0.9178479625128503,-0.4591836528852582,-3.829342548851855,0.0,-0.35,0,0
1789004032.430892,100.90107750892639,4.203174079570085,-6.706739874966076,-1.331228265063102,-0.0073736619808609,-0.06150737646214592,4,5,-6.293926489992586,-0.9178479625128503,-0.4591836528852582,-3.829342548851855,0.0,-0.35,0,0
1789004032.4709227,100.94110822677612,4.202285470413219,-6.706139327291092,-1.3361251691366598,-0.007272164661426839,-0.06157528603584959,4,5,-6.293926489992586,-0.9178479625128503,-0.4591836528852582,-3.829342548851855,0.0,-0.35,0,0
1789004032.5215192,100.99170470237732,4.202246702923164,-6.705955106315372,-1.340955026219943,-0.00463052164798308,-0.063856621072386,4,5,-6.293926489992586,-0.9178479625128503,-0.4591836528852582,-3.829342548851855,0.0,-0.35,0,0
1789004032.5308619,101.001047372818,4.202234032692171,-6.705903497282142,-1.341746219269768,-0.005097144254785762,-0.06728775196919928,4,5,-6.293926489992586,-0.9178479625128503,-0.4591836528852582,-3.829342548851855,0.0,-0.35,0,0
1789004032.5721118,101.04229736328125,4.201367868780931,-6.70538748250516,-1.3473329479996008,-0.004916528027858325,-0.06736681903387194,4,5,-6.293926489992586,-0.9178479625128503,-0.4591836528852582,-3.829342548851855,0.0,-0.35,0,0
1789004032.6226604,101.09284591674805,4.2013049414020065,-6.70510289150174,-1.3525494321031866,-0.005379470656720608,-0.06932837489070126,4,5,-6.293926489992586,-0.9178479625128503,-0.4591836528852582,-3.829342548851855,0.0,-0.35,0,0
1789004032.6308334,101.10101890563965,4.201292570778806,-6.70503215848649,-1.3565286104246266,-0.00650396706172521,-0.07414791388073516,4,5,-6.293926489992586,-0.9178479625128503,-0.4591836528852582,-3.829342548851855,0.0,-0.35,0,0
1789004032.6733239,101.14350938796997,4.200414355083516,-6.704450941666024,-1.3618641194353243,-0.006393158145614668,-0.07421262170643578,4,5,-6.293926489992586,-0.9178479625128503,-0.4591836528852582,-3.829342548851855,0.0,-0.35,0,0
1789004032.6808817,101.15106725692749,4.200389477363339,-6.704344366956848,-1.362538739125779,-0.008207180431758205,-0.07640602646115176,4,5,-6.293926489992586,-0.9178479625128503,-0.4591836528852582,-3.829342548851855,0.0,-0.35,0,0
1789004032.730833,101.20101857185364,4.2003007703653426,-6.703920921385095,-1.367700353205157,-0.009123298173097306,-0.07976606450083402,4,5,-6.293926489992586,-0.9178479625128503,-0.4591836528852582,-3.829342548851855,0.0,-0.35,0,0
1789004032.7744038,101.24458932876587,4.19940157085541,-6.7032194086992485,-1.3738118497601797,-0.009128291355144114,-0.07984159044406393,4,5,-6.293926489992586,-0.9178479625128503,-0.4591836528852582,-3.829342548851855,0.0,-0.35,0,0
1789004032.7808514,101.25103688240051,4.199383473667098,-6.703134563894762,-1.3744239651764774,-0.010040575798008614,-0.08167979507180642,4,5,-6.293926489992586,-0.9178479625128503,-0.4591836528852582,-3.829342548851855,0.0,-0.35,0,0
1789004032.8308249,101.30101037025452,4.199291107056399,-6.702633748257337,-1.3832427802414913,-0.010333845765851384,-0.08639198963697396,4,5,-6.293926489992586,-0.9178479625128503,-0.4591836528852582,-3.829342548851855,0.0,-0.35,0,0
1789004032.8756335,101.34581899642944,4.198385721332443,-6.701867436590158,-1.3891740039542282,-0.010389384187162138,-0.08645322192208482,4,5,-6.293926489992586,-0.9178479625128503,-0.4591836528852582,-3.829342548851855,0.0,-0.35,0,0
1789004032.880929,101.35111451148987,4.198404893055837,-6.701941564861902,-1.3897379337001745,-0.0063110559697061065,-0.08856278073124257,4,5,-6.293926489992586,-0.9178479625128503,-0.4591836528852582,-3.829342548851855,0.0,-0.35,0,0
1789004032.930862,101.40104746818542,4.198377383589981,-6.701749667939544,-1.3952667627931579,-0.0012600580934825402,-0.09176699415929582,4,5,-6.293926489992586,-0.9178479625128503,-0.4591836528852582,-3.829342548851855,0.0,-0.35,0,0
1789004032.9768546,101.44704008102417,4.197551630405508,-6.70139043069169,-1.4039138941541882,-0.0009146791976595151,-0.09189567713492734,4,5,-6.293926489992586,-0.9178479625128503,-0.4591836528852582,-3.829342548851855,0.0,-0.35,0,0
1789004032.9808373,101.45102286338806,4.1975605437896135,-6.701431038673054,-1.4043903298095357,0.0005736340982339273,-0.09439721832655174,4,5,-6.293926489992586,-0.9178479625128503,-0.4591836528852582,-3.829342548851855,0.0,-0.35,0,0
1789004033.030832,101.5010175704956,4.197564626450961,-6.70144634084928,-1.4125489391682327,-2.6674313764828852e-05,-0.0986655805252548,4,5,-6.293926489992586,-0.9178479625128503,-0.4591836528852582,-3.829342548851855,0.0,-0.35,0,0
1789004033.077853,101.54803848266602,4.19674465717392,-6.7011445497718105,-1.4190463979234638,0.0003451311031042431,-0.09872108262520152,4,5,-6.293926489992586,-0.9178479625128503,-0.4591836528852582,-3.829342548851855,0.0,-0.35,0,0
1789004033.08091,101.55109548568726,4.1967376417868225,-6.701110335174028,-1.4194470581457048,-0.0007729099660828227,-0.10067123873641488,4,5,-6.293926489992586,-0.9178479625128503,-0.4591836528852582,-3.829342548851855,0.0,-0.35,0,0
1789004033.1308901,101.60107564926147,4.196730360702833,-6.701066367903052,-1.4252109792020153,-0.0010524095981871763,-0.1036176864828852,4,5,-6.293926489992586,-0.9178479625128503,-0.4591836528852582,-3.829342548851855,0.0,-0.35,0,0
1789004033.179311,101.64949655532837,4.195903355849074,-6.700714039823876,-1.4337641937594923,-0.000752532593668834,-0.10372043789625246,4,5,-6.293926489992586,-0.9178479625128503,-0.4591836528852582,-3.829342548851855,0.0,-0.35,0,0
1789004033.1808918,101.65107727050781,4.19589850740916,-6.70068858129479,-1.4340234472562254,-0.001544861252465004,-0.10595653763778487,4,5,-6.293926489992586,-0.9178479625128503,-0.4591836528852582,-3.829342548851855,0.0,-0.35,0,0
1789004033.2308424,101.70102787017822,4.195868059884391,-6.700509014016122,-1.4423601860694995,-0.006069518182144588,-0.10857980911875834,4,5,-6.293926489992586,-0.9178479625128503,-0.4591836528852582,-3.829342548851855,0.0,-0.35,0,0
1789004033.2802706,101.75045609474182,4.1950085536145165,-6.699904263855974,-1.4492221285645908,-0.006030411924309621,-0.10863744940388786,4,5,-6.293926489992586,-0.9178479625128503,-0.4591836528852582,-3.829342548851855,0.0,-0.35,0,0
1789004033.280919,101.75110459327698,4.194974572321144,-6.69971226987446,-1.4494191718441827,-0.012339883970043859,-0.1110149739239792,4,5,-6.293926489992586,-0.9178479625128503,-0.4591836528852582,-3.829342548851855,0.0,-0.35,0,0
1789004033.3309636,101.80114912986755,4.194892140535929,-6.699042326493917,-1.457923003730701,-0.014834485551049463,-0.11404035993810588,4,5,-6.293926489992586,-0.9178479625128503,-0.4591836528852582,-3.829342548851855,0.0,-0.35,0,0
1789004033.3813171,101.85150265693665,4.193987818081133,-6.6979849924144785,-1.465062622951222,-0.01521098225101903,-0.11410027605598547,4,5,-6.293926489992586,-0.9178479625128503,-0.4591836528852582,-3.829342548851855,0.0,-0.35,0,0
1789004033.431931,101.90211653709412,4.193949405848359,-6.697482247544391,-1.474278234382743,-0.009388137580919253,-0.11921291450986561,4,5,-6.293926489992586,-0.9178479625128503,-0.4591836528852582,-3.829342548851855,0.0,-0.35,0,0
1789004033.4825478,101.95273327827454,4.193084837632103,-6.69670342498287,-1.4817072062151957,-0.009469033196924548,-0.11927336363901374,4,5,-6.293926489992586,-0.9178479625128503,-0.4591836528852582,-3.829342548851855,0.0,-0.35,0,0
1789004033.53331,102.00349545478821,4.193077074759297,-6.696487565192821,-1.490371237669789,-0.0049008326587105825,-0.12427403611549494,4,5,-6.293926489992586,-0.9178479625128503,-0.4591836528852582,-3.829342548851855,0.0,-0.35,0,0
1789004033.583715,102.05390048027039,4.192237912677226,-6.695942245781398,-1.4975950773503226,-0.004760866445113776,-0.12431680842211322,4,5,-6.293926489992586,-0.9178479625128503,-0.4591836528852582,-3.829342548851855,0.0,-0.35,0,0
1789004033.634294,102.10447955131531,4.19221793861256,-6.695685243816043,-1.5066857228430945,-0.006976414086078973,-0.128787726243472,4,5,-6.293926489992586,-0.9178479625128503,-0.4591836528852582,-3.829342548851855,0.0,-0.35,0,0
1789004033.6848314,102.15501689910889,4.191375696798559,-6.695032457071069,-1.5139854073770402,-0.006952022946601753,-0.12882240160907946,4,5,-6.293926489992586,-0.9178479625128503,-0.4591836528852582,-3.829342548851855,0.0,-0.35,0,0
1789004033.7356863,102.20587182044983,4.191318246062275,-6.694232022990655,-1.5222045006104137,-0.014359668675113336,-0.13292131607328228,4,5,-6.293926489992586,-0.9178479625128503,-0.4591836528852582,-3.829342548851855,0.0,-0.35,0,0
1789004033.7861168,102.25630235671997,4.190463909722639,-6.693201337622728,-1.5295280727335685,-0.014687888103323506,-0.13294911642307972,4,5,-6.293926489992586,-0.9178479625128503,-0.4591836528852582,-3.829342548851855,0.0,-0.35,0,0
1789004033.836703,102.30688858032227,4.190418519961347,-6.692260673119563,-1.5357648281509375,-0.017668018053938094,-0.13593069796012874,4,5,-6.293926489992586,-0.9178479625128503,-0.4591836528852582,-3.829342548851855,0.0,-0.35,0,0
1789004033.8874454,102.35763096809387,4.189572678472241,-6.691056984369611,-1.5448794095785945,-0.01812392867943033,-0.1360282428883548,4,5,-6.293926489992586,-0.9178479625128503,-0.4591836528852582,-3.829342548851855,0.0,-0.35,0,0
1789004033.9378388,102.40802431106567,4.189577261975684,-6.6904817588245615,-1.5543845312419953,-0.011553248850703818,-0.1396122890111512,4,5,-6.293926489992586,-0.9178479625128503,-0.4591836528852582,-3.829342548851855,0.0,-0.35,0,0
1789004033.9884174,102.45860290527344,4.188749703206648,-6.689601055635685,-1.5622022942199119,-0.011671244712470242,-0.13964610467697752,4,5,-6.293926489992586,-0.9178479625128503,-0.4591836528852582,-3.829342548851855,0.0,-0.35,0,0
1789004034.0389647,102.50915026664734,4.188733240677965,-6.688844323725184,-1.5687480941644814,-0.015885453621045098,-0.14220371989743974,4,5,-6.293926489992586,-0.9178479625128503,-0.4591836528852582,-3.829342548851855,0.0,-0.35,0,0
1789004034.0593858,102.52957129478455,4.187912157162121,-6.688227826854873,-1.571651900246668,-0.016012952055056675,-0.14220371976192672,4,5,-6.293926489992586,-0.9178479625128503,-0.4591836528852582,-3.829342548851855,0.0,-0.35,0,0
1789004034.0896714,102.55985689163208,4.187915027365538,-6.687689732056351,-1.5778352582822526,-0.01742873419908336,-0.14387712851157378,4,5,-6.293926489992586,-0.9178479625128503,-0.4591836528852582,-3.829342548851855,0.0,-0.35,0,0
1789004034.1400878,102.61027336120605,4.187927817850693,-6.686800862943667,-1.5877091915127044,-0.017831631261085872,-0.14537780282322182,4,5,-6.293926489992586,-0.9178479625128503,-0.4591836528852582,-3.829342548851855,0.0,-0.35,0,0
1789004034.1626103,102.63279581069946,4.1871142334423075,-6.686109955486803,-1.5909833072489994,-0.017999717251691895,-0.14537780278905896,4,5,-6.293926489992586,-0.9178479625128503,-0.4591836528852582,-3.829342548851855,0.0,-0.35,0,0
1789004034.1906226,102.66080808639526,4.187129058896956,-6.685660481216211,-1.5959920783693466,-0.01681287507872848,-0.14717624078815736,4,5,-6.293926489992586,-0.9178479625128503,-0.4591836528852582,-3.829342548851855,0.0,-0.35,0,0
1789004034.2412596,102.71144509315491,4.187154729257911,-6.684895968971035,-1.6027442484243986,-0.013089738855026995,-0.14794904231345885,4,5,-6.293926489992586,-0.9178479625128503,-0.4591836528852582,-3.829342548851855,0.0,-0.35,0,0
1789004034.2704654,102.74065089225769,4.1863463946786945,-6.684228339444212,-1.6070650444913699,-0.013154520261561236,-0.1479490421370394,4,5,-6.293926489992586,-0.9178479625128503,-0.4591836528852582,-3.829342548851855,0.0,-0.35,0,0
1789004034.2920527,102.76223826408386,4.186366189232686,-6.684138271966334,-1.6124524821484796,-0.008422587850011353,-0.14947582920039615,4,5,-6.293926489992586,-0.9178479625128503,-0.4591836528852582,-3.829342548851855,0.0,-0.35,0,0
1789004034.3425028,102.81268835067749,4.186390940224512,-6.683745692569787,-1.6224544529785838,-0.00708623876882926,-0.15092089864635436,4,5,-6.293926489992586,-0.9178479625128503,-0.4591836528852582,-3.829342548851855,0.0,-0.35,0,0
1789004034.3686812,102.83886671066284,4.1855799925056125,-6.683278360785106,-1.6264051845714558,-0.0069925923845820855,-0.15092089930105038,4,5,-6.293926489992586,-0.9178479625128503,-0.4591836528852582,-3.829342548851855,0.0,-0.35,0,0
1789004034.3931062,102.86329174041748,4.185590925490936,-6.68312558684183,-1.6308348386501756,-0.006500218773094765,-0.15264684905673745,4,5,-6.293926489992586,-0.9178479625128503,-0.4591836528852582,-3.829342548851855,0.0,-0.35,0,0
1789004034.4438229,102.91400837898254,4.18561528561382,-6.682863373195612,-1.6401462963546984,-0.003745434123927604,-0.15402600022087976,4,5,-6.293926489992586,-0.9178479625128503,-0.4591836528852582,-3.829342548851855,0.0,-0.35,0,0
1789004034.4536004,102.9237859249115,4.184797864593989,-6.682544875859717,-1.6416522021319853,-0.003682559057126187,-0.15402600127095858,4,5,-6.293926489992586,-0.9178479625128503,-0.4591836528852582,-3.829342548851855,0.0,-0.35,0,0
1789004034.4942396,102.9644250869751,4.184806603414077,-6.682569808471861,-1.6488806471941218,0.0005727529093609,-0.1557120705523714,4,5,-6.293926489992586,-0.9178479625128503,-0.4591836528852582,-3.829342548851855,0.0,-0.35,0,0
1789004034.5447915,103.014976978302,4.184805195710936,-6.6824960758113106,-1.6600041104287644,-0.0036851242713923137,-0.15719160747159447,4,5,-6.293926489992586,-0.9178479625128503,-0.4591836528852582,-3.829342548851855,0.0,-0.35,0,0
1789004034.563458,103.0336434841156,4.183991174508661,-6.6821464506037,-1.66293826272171,-0.003579109075135843,-0.1571916082599159,4,5,-6.293926489992586,-0.9178479625128503,-0.4591836528852582,-3.829342548851855,0.0,-0.35,0,0
1789004034.5953336,103.06551909446716,4.184018781112758,-6.681628438935266,-1.6692160543008967,-0.012499248094465606,-0.15903699682828917,4,5,-6.293926489992586,-0.9178479625128503,-0.4591836528852582,-3.829342548851855,0.0,-0.35,0,0
1789004034.6460898,103.11627531051636,4.184084773441406,-6.680933302184846,-1.6795273441658805,-0.015090676972902605,-0.16069860327732718,4,5,-6.293926489992586,-0.9178479625128503,-0.4591836528852582,-3.829342548851855,0.0,-0.35,0,0
1789004034.659398,103.12958359718323,4.183286648145317,-6.680453768876108,-1.6816658905722168,-0.01516347458391651,-0.1606986036029999,4,5,-6.293926489992586,-0.9178479625128503,-0.4591836528852582,-3.829342548851855,0.0,-0.35,0,0
1789004034.6965415,103.16672706604004,4.183347399785543,-6.6799710469304605,-1.68883061845728,-0.013594999116319936,-0.16271633925370288,4,5,-6.293926489992586,-0.9178479625128503,-0.4591836528852582,-3.829342548851855,0.0,-0.35,0,0
1789004034.7473264,103.21751189231873,4.18343332107253,-6.679358751218419,-1.7001413065099313,-0.010640144065215693,-0.16432663249625845,4,5,-6.293926489992586,-0.9178479625128503,-0.4591836528852582,-3.829342548851855,0.0,-0.35,0,0
1789004034.7626085,103.23279404640198,4.1826341328843295,-6.678920352391519,-1.7026524632326638,-0.010651274272438373,-0.16432663239583914,4,5,-6.293926489992586,-0.9178479625128503,-0.4591836528852582,-3.829342548851855,0.0,-0.35,0,0
1789004034.7982414,103.2684268951416,4.182695129444239,-6.678432214200459,-1.7095082237611232,-0.013073655684093117,-0.16628595875445482,4,5,-6.293926489992586,-0.9178479625128503,-0.4591836528852582,-3.829342548851855,0.0,-0.35,0,0
1789004034.8492424,103.31942796707153,4.182796303226863,-6.677658819265557,-1.7200699662207406,-0.017580789169026226,-0.167985193726919,4,5,-6.293926489992586,-0.9178479625128503,-0.4591836528852582,-3.829342548851855,0.0,-0.35,0,0
1789004034.8615456,103.33173108100891,4.18200825850372,-6.677170105187817,-1.7221365993665916,-0.017669823794503114,-0.16798519404286744,4,5,-6.293926489992586,-0.9178479625128503,-0.4591836528852582,-3.829342548851855,0.0,-0.35,0,0
1789004034.8996677,103.36985325813293,4.1821238055980245,-6.676402961823342,-1.7298084234065199,-0.020004018108999173,-0.170055703523558,4,5,-6.293926489992586,-0.9178479625128503,-0.4591836528852582,-3.829342548851855,0.0,-0.35,0,0
1789004034.9502766,103.42046213150024,4.182281039602522,-6.675547785915286,-1.741860777083089,-0.016892632507831403,-0.170873152163672,4,5,-6.293926489992586,-0.9178479625128503,-0.4591836528852582,-3.829342548851855,0.0,-0.35,0,0
1789004034.9625483,103.43273377418518,4.181494533009809,-6.675085503273079,-1.7440283627331925,-0.01657700684143484,-0.17203955088103423,4,5,-6.293926489992586,-0.9178479625128503,-0.4591836528852582,-3.829342548851855,0.0,-0.35,0,0
1789004035.0010817,103.47126722335815,4.181580719612464,-6.674715191556727,-1.7527290182884334,-0.0111042867634863,-0.17430003794663448,4,5,-6.293926489992586,-0.9178479625128503,-0.4591836528852582,-3.829342548851855,0.0,-0.35,0,0
1789004035.051521,103.52170658111572,4.181669442383233,-6.674328451435202,-1.7643440568398738,-0.007395480276973301,-0.17535544477853884,4,5,-6.293926489992586,-0.9178479625128503,-0.4591836528852582,-3.829342548851855,0.0,-0.35,0,0
1789004035.059573,103.52975845336914,4.1808587270106194,-6.67401520884004,-1.765823998966828,-0.0068823956049894365,-0.1766449397194024,4,5,-6.293926489992586,-0.9178479625128503,-0.4591836528852582,-3.829342548851855,0.0,-0.35,0,0
1789004035.1020925,103.57227802276611,4.180895106330003,-6.673889098689902,-1.7741844704873446,-0.0032120105482673703,-0.17863143221239067,4,5,-6.293926489992586,-0.9178479625128503,-0.4591836528852582,-3.829342548851855,0.0,-0.35,0,0
1789004035.1526704,103.62285590171814,4.180927296264507,-6.673772683921487,-1.7865828955702108,-0.00210551820350293,-0.17945719012128913,4,5,-6.293926489992586,-0.9178479625128503,-0.4591836528852582,-3.829342548851855,0.0,-0.35,0,0
1789004035.1654472,103.63563275337219,4.180111398930428,-6.673483698335586,-1.7889475443938396,-0.0018391027371047206,-0.1806682270382397,4,5,-6.293926489992586,-0.9178479625128503,-0.4591836528852582,-3.829342548851855,0.0,-0.35,0,0
1789004035.2036521,103.67383766174316,4.1800799577825964,-6.673714434694029,-1.7975320479733408,0.004804137094742419,-0.18297369514812187,4,5,-6.293926489992586,-0.9178479625128503,-0.4591836528852582,-3.829342548851855,0.0,-0.35,0,0
1789004035.2542856,103.72447109222412,4.179967899624254,-6.674288847866825,-1.810256696591941,0.012534773732955643,-0.18404355976778397,4,5,-6.293926489992586,-0.9178479625128503,-0.4591836528852582,-3.829342548851855,0.0,-0.35,0,0
1789004035.269693,103.7398784160614,4.179095104099661,-6.674246126267769,-1.8131772986815389,0.01392713134684637,-0.18546937853603446,4,5,-6.293926489992586,-0.9178479625128503,-0.4591836528852582,-3.829342548851855,0.0,-0.35,0,0
1789004035.3051276,103.77531313896179,4.178974502795854,-6.674728620769274,-1.8210464806927371,0.014598088167519995,-0.1877027273470094,4,5,-6.293926489992586,-0.9178479625128503,-0.4591836528852582,-3.829342548851855,0.0,-0.35,0,0
1789004035.3308897,103.80107522010803,4.17888770794627,-6.675036801566411,-1.825926767631423,0.012448461231023271,-0.1885481290614062,4,5,-6.293926489992586,-0.9178479625128503,-0.4591836528852582,-3.829342548851855,0.0,-0.35,0,0
1789004035.36592,103.83610558509827,4.177953087083393,-6.675189753223802,-1.8362202115191957,0.0129046672118785,-0.19001350490256003,4,5,-6.293926489992586,-0.9178479625128503,-0.4591836528852582,-3.829342548851855,0.0,-0.35,0,0
1789004035.4070113,103.87719678878784,4.177825185418264,-6.675630556162313,-1.8459505505378015,0.011959347086624949,-0.19260896376666872,4,5,-6.293926489992586,-0.9178479625128503,-0.4591836528852582,-3.829342548851855,0.0,-0.35,0,0
1789004035.430891,103.90107655525208,4.177732394129671,-6.676001065006602,-1.8506015627145074,0.01631440732471496,-0.19369939194343264,4,5,-6.293926489992586,-0.9178479625128503,-0.4591836528852582,-3.829342548851855,0.0,-0.35,0,0
1789004035.4656994,103.93588495254517,4.176743906337269,-6.676301863276819,-1.8610711352822098,0.017766884333927205,-0.19538650731037574,4,5,-6.293926489992586,-0.9178479625128503,-0.4591836528852582,-3.829342548851855,0.0,-0.35,0,0
1789004035.508296,103.97848153114319,4.176442070895459,-6.677364776841461,-1.8708271129448633,0.025553756409511783,-0.19785282064770024,4,5,-6.293926489992586,-0.9178479625128503,-0.4591836528852582,-3.829342548851855,0.0,-0.35,0,0
1789004035.5309038,104.00108933448792,4.176279951437599,-6.67786166714079,-1.8753478872479317,0.023475997978456592,-0.19876935335073345,4,5,-6.293926489992586,-0.9178479625128503,-0.4591836528852582,-3.829342548851855,0.0,-0.35,0,0
1789004035.5653868,104.03557229042053,4.175195330499944,-6.678356944373175,-1.8901533782885598,0.024153025076777808,-0.2014512467651293,4,5,-6.293926489992586,-0.9178479625128503,-0.4591836528852582,-3.829342548851855,0.0,-0.35,0,0
1789004035.6096902,104.07987570762634,4.174926147970927,-6.6791013890216835,-1.900283473825961,0.01958424728514178,-0.20317633489346437,4,5,-6.293926489992586,-0.9178479625128503,-0.4591836528852582,-3.829342548851855,0.0,-0.35,0,0
1789004035.6309135,104.10109901428223,4.174809075791306,-6.67941300657577,-1.9047728434889253,0.016743922039318213,-0.20617160147001662,4,5,-6.293926489992586,-0.9178479625128503,-0.4591836528852582,-3.829342548851855,0.0,-0.35,0,0
1789004035.6614196,104.13160514831543,4.173815141414043,-6.679611290814931,-1.9145626617407983,0.01695298880714698,-0.20800290667176904,4,5,-6.293926489992586,-0.9178479625128503,-0.4591836528852582,-3.829342548851855,0.0,-0.35,0,0
1789004035.7108736,104.18105912208557,4.173561987778503,-6.680281426596133,-1.925795825413804,0.015047118059073383,-0.20921956839733477,4,5,-6.293926489992586,-0.9178479625128503,-0.4591836528852582,-3.829342548851855,0.0,-0.35,0,0
1789004035.7308395,104.20102500915527,4.173473837738003,-6.680492721532045,-1.9301131656246209,0.012302770806242262,-0.21155704226520144,4,5,-6.293926489992586,-0.9178479625128503,-0.4591836528852582,-3.829342548851855,0.0,-0.35,0,0
1789004035.7657418,104.23592734336853,4.17248710473931,-6.680599709473838,-1.9451388215027352,0.012279686216850948,-0.21431587567474805,4,5,-6.293926489992586,-0.9178479625128503,-0.4591836528852582,-3.829342548851855,0.0,-0.35,0,0
1789004035.8121774,104.28236293792725,4.172342917339473,-6.68092386471564,-1.9560212116302258,0.008610835409525541,-0.21605077327433886,4,5,-6.293926489992586,-0.9178479625128503,-0.4591836528852582,-3.829342548851855,0.0,-0.35,0,0
1789004035.8308535,104.30103898048401,4.1723144369249905,-6.680952265238423,-1.9602290672439686,0.003667148066523752,-0.2190826695462106,4,5,-6.293926489992586,-0.9178479625128503,-0.4591836528852582,-3.829342548851855,0.0,-0.35,0,0
1789004035.8632202,104.33340573310852,4.17145237891513,-6.6807596412886285,-1.9707056996909789,0.002916951714161103,-0.2209496914594177,4,5,-6.293926489992586,-0.9178479625128503,-0.4591836528852582,-3.829342548851855,0.0,-0.35,0,0
1789004035.9135551,104.38374066352844,4.171412648288455,-6.680817560136602,-1.9870022823246454,0.0014972373885467215,-0.22226103297576974,4,5,-6.293926489992586,-0.9178479625128503,-0.4591836528852582,-3.829342548851855,0.0,-0.35,0,0
1789004035.9308856,104.40107107162476,4.171422635356095,-6.680771942114022,-1.991063514809512,-0.0014708503979885764,-0.22635028118586223,4,5,-6.293926489992586,-0.9178479625128503,-0.4591836528852582,-3.829342548851855,0.0,-0.35,0,0
1789004035.9664755,104.43666100502014,4.1706326252499935,-6.6804240262571195,-2.001266885409056,-0.002174395494223761,-0.22835353979640402,4,5,-6.293926489992586,-0.9178479625128503,-0.4591836528852582,-3.829342548851855,0.0,-0.35,0,0
1789004036.0145683,104.48475384712219,4.170741511130312,-6.6801665617629515,-2.0119900300691445,-0.005398695569877269,-0.22962271324363445,4,5,-6.293926489992586,-0.9178479625128503,-0.4591836528852582,-3.829342548851855,0.0,-0.35,0,0
1789004036.030859,104.50104451179504,4.170767254337962,-6.680129859713611,-2.015855291732998,-0.003129917670246595,-0.2318258430549196,4,5,-6.293926489992586,-0.9178479625128503,-0.4591836528852582,-3.829342548851855,0.0,-0.35,0,0
1789004036.065187,104.53537249565125,4.169998098990546,-6.679753307393162,-2.0264866611778034,-0.00288880533998377,-0.2332985529724061,4,5,-6.293926489992586,-0.9178479625128503,-0.4591836528852582,-3.829342548851855,0.0,-0.35,0,0
1789004036.1159537,104.58613920211792,4.169947909463428,-6.679888872673067,-2.0416571292817394,0.002162627334128899,-0.23429317410816905,4,5,-6.293926489992586,-0.9178479625128503,-0.4591836528852582,-3.829342548851855,0.0,-0.35,0,0
1789004036.1309137,104.6010992527008,4.169910323613807,-6.679981161011618,-2.045317162035129,0.0047321682710090626,-0.23744023567460656,4,5,-6.293926489992586,-0.9178479625128503,-0.4591836528852582,-3.829342548851855,0.0,-0.35,0,0
1789004036.1663494,104.63653492927551,4.169018113896811,-6.679852355569297,-2.0547512074453955,0.005134066572453516,-0.23891814210359769,4,5,-6.293926489992586,-0.9178479625128503,-0.4591836528852582,-3.829342548851855,0.0,-0.35,0,0
1789004036.216905,104.68709063529968,4.1689583017286616,-6.6799493566397,-2.0654788334267145,0.0026898326003771517,-0.23981276108583832,4,5,-6.293926489992586,-0.9178479625128503,-0.4591836528852582,-3.829342548851855,0.0,-0.35,0,0
1789004036.2308886,104.70107412338257,4.168977628240849,-6.679883658202597,-2.068908173155317,-0.0017162238792976059,-0.24120912654164167,4,5,-6.293926489992586,-0.9178479625128503,-0.4591836528852582,-3.829342548851855,0.0,-0.35,0,0
1789004036.2675078,104.73769330978394,4.168201838083671,-6.679525560896673,-2.079308481177464,-0.0026651823801294655,-0.24217339332820076,4,5,-6.293926489992586,-0.9178479625128503,-0.4591836528852582,-3.829342548851855,0.0,-0.35,0,0
1789004036.3184314,104.78861689567566,4.16830675353129,-6.679329037311669,-2.093454075597181,-0.0042484965518120345,-0.24280456309751547,4,5,-6.293926489992586,-0.9178479625128503,-0.4591836528852582,-3.829342548851855,0.0,-0.35,0,0
1789004036.3308597,104.80104517936707,4.168341372900282,-6.679264106462818,-2.0965685107957763,-0.005060024094298943,-0.2448577302197607,4,5,-6.293926489992586,-0.9178479625128503,-0.4591836528852582,-3.829342548851855,0.0,-0.35,0,0
1789004036.3692951,104.83948063850403,4.167630324676071,-6.678804622596498,-2.1064640752058854,-0.005493424400048682,-0.24581975433985584,4,5,-6.293926489992586,-0.9178479625128503,-0.4591836528852582,-3.829342548851855,0.0,-0.35,0,0
1789004036.4193938,104.88957929611206,4.167770472547338,-6.67856950698759,-2.116897921975235,-0.005643825892332792,-0.24636476494746398,4,5,-6.293926489992586,-0.9178479625128503,-0.4591836528852582,-3.829342548851855,0.0,-0.35,0,0
1789004036.4308326,104.9010181427002,4.167799608982524,-6.67852505533804,-2.119751789096543,-0.005150160273932474,-0.2470501796903561,4,5,-6.293926489992586,-0.9178479625128503,-0.4591836528852582,-3.829342548851855,0.0,-0.35,0,0
1789004036.4701269,104.94031238555908,4.167095698824982,-6.678066550172156,-2.130541813440532,-0.005361179852808128,-0.24707709823500096,4,5,-6.293926489992586,-0.9178479625128503,-0.4591836528852582,-3.829342548851855,0.0,-0.35,0,0
1789004036.5205293,104.99071478843689,4.167209684310138,-6.677889502437206,-2.1412708744302376,-0.004655112395039577,-0.24777640680584595,4,5,-6.293926489992586,-0.9178479625128503,-0.4591836528852582,-3.829342548851855,0.0,-0.35,0,0
1789004036.530912,105.0010974407196,4.1672246190954105,-6.677873041540267,-2.143876194804626,-0.00356049308005392,-0.24837716339446964,4,5,-6.293926489992586,-0.9178479625128503,-0.4591836528852582,-3.829342548851855,0.0,-0.35,0,0
1789004036.5710905,105.04127597808838,4.166491791722902,-6.677468945852211,-2.1549042134953202,-0.00369465260805055,-0.24840681284963345,4,5,-6.293926489992586,-0.9178479625128503,-0.4591836528852582,-3.829342548851855,0.3339708945615209,-0.35,0,0
1789004036.621716,105.09190154075623,4.166539377608998,-6.677405202360986,-2.1660082863231,-0.002213164905899044,-0.24882821697610003,4,5,-6.293926489992586,-0.9178479625128503,-0.4591836528852582,-3.829342548851855,0.3339708945615209,-0.35,0,0
1789004036.6308517,105.10103726387024,4.166544618098846,-6.677400674206527,-2.1683002047048916,-0.0016725882165108516,-0.2491519897865761,4,5,-6.293926489992586,-0.9178479625128503,-0.4591836528852582,-3.829342548851855,0.34625152140193094,-0.35,0,0
1789004036.672537,105.14272260665894,4.165772708715015,-6.677060825980445,-2.179732191524557,-0.0017248739660459644,-0.24918181016035817,4,5,-6.293926489992586,-0.9178479625128503,-0.4591836528852582,-3.829342548851855,0.3470014648769414,-0.35,0,0
1789004036.6809022,105.1510877609253,4.165788617774814,-6.677034944308838,-2.181837556360129,-0.002272318175193989,-0.24962964207179664,4,5,-6.293926489992586,-0.9178479625128503,-0.4591836528852582,-3.829342548851855,0.3470014648769414,-0.35,0,0
1789004036.7308517,105.20103716850281,4.165864509877689,-6.676920563098118,-2.1924628223836273,-0.0032643573503756806,-0.24968617703316232,4,5,-6.293926489992586,-0.9178479625128503,-0.4591836528852582,-3.829342548851855,0.3559591163707112,-0.35,0,0
1789004036.773633,105.24381852149963,4.165135470253959,-6.676524315708865,-2.203853807750049,-0.003377997624826098,-0.24970713377122664,4,5,-6.293926489992586,-0.9178479625128503,-0.4591836528852582,-3.829342548851855,0.3525099308773403,-0.35,0,0
1789004036.7808783,105.25106382369995,4.164920368248832,-6.676904202418221,-2.2056734312646333,0.01233870312372904,-0.24990395031170443,4,5,-6.293926489992586,-0.9178479625128503,-0.4591836528852582,-3.829342548851855,0.3525099308773403,-0.35,0,0
1789004036.8308587,105.30104422569275,4.1643215473134605,-6.677814448623776,-2.2163291125414495,0.032286204478767976,-0.2496787639727941,4,5,-6.293926489992586,-0.9178479625128503,-0.4591836528852582,-3.829342548851855,0.36525582201970935,-0.35,0,0
1789004036.8751497,105.34533524513245,4.162630686927909,-6.678694075189315,-2.2279512695049846,0.03367890904374901,-0.24969525128817607,4,5,-6.293926489992586,-0.9178479625128503,-0.4591836528852582,-3.829342548851855,0.36181416008567996,-0.35,0,0
1789004036.8808599,105.35104537010193,4.162353114093405,-6.67910832121061,-2.2293807651659994,0.0440353758332787,-0.2497763676727682,4,5,-6.293926489992586,-0.9178479625128503,-0.4591836528852582,-3.829342548851855,0.36181416008567996,-0.35,0,0
1789004036.9308817,105.40106725692749,4.160600438935713,-6.681535098403942,-2.2398311724776985,0.07771231849438773,-0.2492893069958011,4,5,-6.293926489992586,-0.9178479625128503,-0.4591836528852582,-3.829342548851855,0.37039490339237513,-0.35,0,0
1789004036.9761286,105.4463140964508,4.157568673659939,-6.684052872373073,-2.25087673694724,0.08097426719761257,-0.24928229143834715,4,5,-6.293926489992586,-0.9178479625128503,-0.4591836528852582,-3.829342548851855,0.3707488145372668,-0.35,0,0
1789004036.9810767,105.45126223564148,4.156480143125427,-6.6856744155266705,-2.252101018316249,0.13464535002758465,-0.24910444073191257,4,5,-6.293926489992586,-0.9178479625128503,-0.4591836528852582,-3.829342548851855,0.3707488145372668,-0.35,0,0
1789004037.0309181,105.50110363960266,4.151755170198136,-6.691636716980364,-2.26478655825275,0.17224178331932008,-0.248950069836895,4,5,-6.293926489992586,-0.9178479625128503,-0.4591836528852582,-3.829342548851855,0.37865309558190097,-0.35,0,0
1789004037.077292,105.54747748374939,4.149844005727183,-6.695246780707497,-2.276762753519452,0.17939893137943613,-0.2489635032470592,4,5,-6.293926489992586,-0.9178479625128503,-0.4591836528852582,-3.829342548851855,0.3792092584188184,-0.35,0,0
1789004037.0808852,105.55107069015503,4.148867340153914,-6.696551917462,-2.2776580941549116,0.21227690073206917,-0.2489787542260072,4,5,-6.293926489992586,-0.9178479625128503,-0.4591836528852582,-3.829342548851855,0.3792092584188184,-0.35,0,0
1789004037.1308312,105.60101675987244,4.14178111723977,-6.704922281959113,-2.288125734827815,0.22708537298400053,-0.24842825071572266,4,5,-6.293926489992586,-0.9178479625128503,-0.4591836528852582,-3.829342548851855,0.3876433100630229,-0.35,0,0
1789004037.1784496,105.64863514900208,4.137324414209508,-6.710745684997865,-2.3012089287552895,0.23618596349936502,-0.24846671188174807,4,5,-6.293926489992586,-0.9178479625128503,-0.4591836528852582,-3.829342548851855,0.38783612758049807,-0.35,0,0
1789004037.1808357,105.65102124214172,4.136657021992885,-6.711567582262333,-2.301802718518268,0.2529461107953181,-0.24848441815342068,4,5,-6.293926489992586,-0.9178479625128503,-0.4591836528852582,-3.829342548851855,0.38783612758049807,-0.35,0,0
1789004037.2308896,105.70107507705688,4.127731117305167,-6.7214902068179585,-2.3166111458482193,0.28252209204778433,-0.24922081101134672,4,5,-6.293926489992586,-0.9178479625128503,-0.4591836528852582,-3.829342548851855,0.39656862679687493,-0.35,0,0
1789004037.2797039,105.7498893737793,4.118160924383839,-6.731791474310769,-2.329949587718195,0.2935328693872811,-0.24925450960508336,4,5,-6.293926489992586,-0.9178479625128503,-0.4591836528852582,-3.829342548851855,0.39674517430151274,-0.35,0,0
1789004037.280858,105.75104355812073,4.119979177949518,-6.7301449845424495,-2.3302553154661627,0.3037845085016052,-0.24967114698251908,4,5,-6.293926489992586,-0.9178479625128503,-0.4591836528852582,-3.829342548851855,0.39674517430151274,-0.35,0,0
1789004037.3308923,105.8010778427124,4.109334752967982,-6.741429719604709,-2.3414265873786886,0.31651805743524875,-0.24975671835099464,4,5,-6.293926489992586,-0.9178479625128503,-0.4591836528852582,-3.829342548851855,0.40140715197906046,-0.35,0,0
1789004037.3809645,105.85115003585815,4.100037911064132,-6.750715394317739,-2.3564760215065403,0.32833957221074966,-0.24985556807517867,4,5,-6.293926489992586,-0.9178479625128503,-0.4591836528852582,-3.829342548851855,0.4054632107791921,-0.35,0,0
1789004037.431838,105.90202355384827,4.088346415085135,-6.7620781328638575,-2.3734293712197516,0.3274896053251067,-0.25183641149324154,4,5,-6.293926489992586,-0.9178479625128503,-0.4591836528852582,-3.829342548851855,0.40956382178263356,-0.35,0,0
1789004037.4824123,105.9525978565216,4.077795516414501,-6.77167759720856,-2.3879817313500116,0.3388175131715519,-0.2519172198224337,4,5,-6.293926489992586,-0.9178479625128503,-0.4591836528852582,-3.829342548851855,0.419541717136529,-0.35,0,0
1789004037.5329523,106.00313782691956,4.065409988373847,-6.783317180053164,-2.40007277712591,0.34085426477171293,-0.2539296847723138,4,5,-6.293926489992586,-0.9178479625128503,-0.4591836528852582,-3.829342548851855,0.42023401507227176,-0.35,0,0
1789004037.5837522,106.05393767356873,4.0535543481389364,-6.793098309716948,-2.41771357575771,0.3517845415983456,-0.2541439450388488,4,5,-6.293926489992586,-0.9178479625128503,-0.4591836528852582,-3.829342548851855,0.4244609672241388,-0.35,0,0
1789004037.6341887,106.10437417030334,4.04038022562401,-6.804317292617272,-2.4359355586743026,0.34695900063068047,-0.25805654101158765,4,5,-6.293926489992586,-0.9178479625128503,-0.4591836528852582,-3.829342548851855,0.42942375509132225,-0.35,0,0
1789004037.684761,106.15494656562805,4.027717506345035,-6.813994983515567,-2.451025339261913,0.35708818406939735,-0.25815146691108193,4,5,-6.293926489992586,-0.9178479625128503,-0.4591836528852582,-3.829342548851855,0.43539291439929284,-0.35,0,0
1789004037.735325,106.20551061630249,4.013984560803995,-6.825367806363471,-2.4635528271030664,0.3590642873743803,-0.26132781623602674,4,5,-6.293926489992586,-0.9178479625128503,-0.4591836528852582,-3.829342548851855,0.4408619125316506,-0.35,0,0
1789004037.7860577,106.25624322891235,3.9999175160609766,-6.835023855706622,-2.4818684965960562,0.36883631002117123,-0.2615590417888896,4,5,-6.293926489992586,-0.9178479625128503,-0.4591836528852582,-3.829342548851855,0.4451638417718777,-0.35,0,0
1789004037.8364925,106.30667805671692,3.9852303750242055,-6.8459866029139365,-2.5006418457588864,0.36783617420994963,-0.2664544483220134,4,5,-6.293926489992586,-0.9178479625128503,-0.4591836528852582,-3.829342548851855,0.4504056071639048,-0.35,0,0
1789004037.887093,106.35727858543396,3.9701222967205747,-6.855554581416524,-2.516127965192967,0.3770696114232094,-0.2665484913173314,4,5,-6.293926489992586,-0.9178479625128503,-0.4591836528852582,-3.829342548851855,0.4564118961836872,-0.35,0,0
1789004037.9377823,106.40796780586243,3.954825529105139,-6.866270657081554,-2.5339006445209975,0.37716822090650926,-0.2716646363125543,4,5,-6.293926489992586,-0.9178479625128503,-0.4591836528852582,-3.829342548851855,0.4620260055347258,-0.35,0,0
1789004037.9882016,106.45838713645935,3.9386599844066517,-6.875583607913253,-2.5495895442041427,0.3859392772621039,-0.27176012764303986,4,5,-6.293926489992586,-0.9178479625128503,-0.4591836528852582,-3.829342548851855,0.4677461038395916,-0.35,0,0
1789004038.038749,106.50893449783325,3.921984682437003,-6.886391072541699,-2.5691158108538796,0.3942643089165923,-0.27704126487370606,4,5,-6.293926489992586,-0.9178479625128503,-0.4591836528852582,-3.829342548851855,0.4727872467049022,-0.35,0,0
1789004038.0893,106.55948543548584,3.9042515818903123,-6.8957825914715976,-2.584967797754428,0.40303105790998245,-0.2771273424311205,4,5,-6.293926489992586,-0.9178479625128503,-0.4591836528852582,-3.829342548851855,0.47858526188770056,-0.35,0,0
1789004038.140063,106.61024856567383,3.8870861792059404,-6.906152800784535,-2.6027990683027147,0.3990505425103622,-0.282605832576479,4,5,-6.293926489992586,-0.9178479625128503,-0.4591836528852582,-3.829342548851855,0.48439467023277294,-0.35,0,0
1789004038.1675768,106.63776230812073,3.8766487846530304,-6.9103992509389105,-2.6105843180265826,0.403489914537283,-0.28260580765451987,4,5,-6.293926489992586,-0.9178479625128503,-0.4591836528852582,-3.829342548851855,0.49514092291973116,-0.35,0,0
1789004038.1904826,106.66066813468933,3.8685903502205323,-6.914990759733345,-2.6188435224221047,0.4067424483346733,-0.2855836484545959,4,5,-6.293926489992586,-0.9178479625128503,-0.4591836528852582,-3.829342548851855,0.49514092291973116,-0.35,0,0
1789004038.241056,106.71124148368835,3.850369097224575,-6.925121925036756,-2.638281333004183,0.4175215710027588,-0.2879182130365715,4,5,-6.293926489992586,-0.9178479625128503,-0.4591836528852582,-3.829342548851855,0.4950482855844813,-0.35,0,0
1789004038.2675033,106.73768877983093,3.839363727028177,-6.9291045392084545,-2.645908250188948,0.42184504771406117,-0.28791822084565827,4,5,-6.293926489992586,-0.9178479625128503,-0.4591836528852582,-3.829342548851855,0.5008562807868864,-0.35,0,0
1789004038.2916121,106.76179766654968,3.8302783527567197,-6.933900546964228,-2.6543175323457224,0.42712524127049983,-0.2907870441686692,4,5,-6.293926489992586,-0.9178479625128503,-0.4591836528852582,-3.829342548851855,0.5008562807868864,-0.35,0,0
1789004038.342346,106.81253147125244,3.8108487959518564,-6.943996805699006,-2.6716378032762886,0.43573504942046776,-0.2929742618327249,4,5,-6.293926489992586,-0.9178479625128503,-0.4591836528852582,-3.829342548851855,0.5065210490442525,-0.35,0,0
1789004038.3695502,106.83973574638367,3.798654430732187,-6.948043959629612,-2.6796204791591425,0.4402242924300286,-0.2929742242414828,4,5,-6.293926489992586,-0.9178479625128503,-0.4591836528852582,-3.829342548851855,0.5120844198865714,-0.35,0,0
1789004038.3928044,106.86298990249634,3.7895817872643867,-6.952422160490097,-2.687839663626677,0.43849006457613676,-0.295680563498294,4,5,-6.293926489992586,-0.9178479625128503,-0.4591836528852582,-3.829342548851855,0.5120844198865714,-0.35,0,0
1789004038.4433398,106.91352534294128,3.7693156410203987,-6.961914201466195,-2.7077272208792262,0.44635766464744686,-0.29787523141344613,4,5,-6.293926489992586,-0.9178479625128503,-0.4591836528852582,-3.829342548851855,0.51690179066718,-0.35,0,0
1789004038.4603853,106.93057084083557,3.7604790719244607,-6.96385305351386,-2.712819109689053,0.4490754814923036,-0.2978752177928124,4,5,-6.293926489992586,-0.9178479625128503,-0.4591836528852582,-3.829342548851855,0.5226972486829714,-0.35,0,0
1789004038.4940386,106.96422410011292,3.74650992049377,-6.970046219009969,-2.724953289212082,0.4561457417177103,-0.30091655532074113,4,5,-6.293926489992586,-0.9178479625128503,-0.4591836528852582,-3.829342548851855,0.5226972486829714,-0.35,0,0
1789004038.5444584,107.014643907547,3.725235043404859,-6.979072704533928,-2.744792383712944,0.4588904801558153,-0.30335215270256977,4,5,-6.293926489992586,-0.9178479625128503,-0.4591836528852582,-3.829342548851855,0.5289800121298052,-0.35,0,0
1789004038.5631437,107.03332924842834,3.7151471024043805,-6.981122999360538,-2.7504754929912236,0.4618037870913929,-0.30335211895387243,4,5,-6.293926489992586,-0.9178479625128503,-0.4591836528852582,-3.829342548851855,0.5345173077916862,-0.35,0,0
1789004038.594993,107.0651786327362,3.701766763261864,-6.986477756508033,-2.7614282934505128,0.4574632955795209,-0.30626228066302946,4,5,-6.293926489992586,-0.9178479625128503,-0.4591836528852582,-3.829342548851855,0.5345173077916862,-0.35,0,0
1789004038.645539,107.11572456359863,3.6800836126527825,-6.99468951529341,-2.782154949988189,0.45782632171095944,-0.3085900069770879,4,5,-6.293926489992586,-0.9178479625128503,-0.4591836528852582,-3.829342548851855,0.5402631715324933,-0.35,0,0
1789004038.6576529,107.1278383731842,3.6724476660628147,-6.995400777676692,-2.785910020981741,0.45952364318346395,-0.30858998345487193,4,5,-6.293926489992586,-0.9178479625128503,-0.4591836528852582,-3.829342548851855,0.5462876525083836,-0.35,0,0
1789004038.6962597,107.16644525527954,3.6556881012404294,-7.001402178732735,-2.799968045814423,0.46360042592977496,-0.31180101454755227,4,5,-6.293926489992586,-0.9178479625128503,-0.4591836528852582,-3.829342548851855,0.5462876525083836,-0.35,0,0
1789004038.7468674,107.21705293655396,3.6332454211045637,-7.009019353241833,-2.82032604967712,0.4724805209305697,-0.3143053260125204,4,5,-6.293926489992586,-0.9178479625128503,-0.4591836528852582,-3.829342548851855,0.5528690701051497,-0.35,0,0
1789004038.7629614,107.23314690589905,3.6233765405689464,-7.010158010436549,-2.825401229945198,0.47474377508455456,-0.3143052716166736,4,5,-6.293926489992586,-0.9178479625128503,-0.4591836528852582,-3.829342548851855,0.5585485681940864,-0.35,0,0
1789004038.79745,107.26763558387756,3.6076386391074626,-7.015191618654612,-2.8373112389857993,0.481016221752117,-0.3172598123802668,4,5,-6.293926489992586,-0.9178479625128503,-0.4591836528852582,-3.829342548851855,0.5585485681940864,-0.35,0,0
1789004038.848007,107.31819248199463,3.5841155304721006,-7.0221698917660635,-2.858279363866089,0.4887543945610156,-0.3195450845182769,4,5,-6.293926489992586,-0.9178479625128503,-0.4591836528852582,-3.829342548851855,0.5643627783309445,-0.35,0,0
1789004038.862386,107.33257150650024,3.5744917053554346,-7.022869097048215,-2.862893231455208,0.49080425796069854,-0.31954505571048714,4,5,-6.293926489992586,-0.9178479625128503,-0.4591836528852582,-3.829342548851855,0.5704799902950011,-0.35,0,0
1789004038.8988037,107.36898922920227,3.5573527434788894,-7.02758890195903,-2.876013463938492,0.4913977705777267,-0.3225970876086072,4,5,-6.293926489992586,-0.9178479625128503,-0.4591836528852582,-3.829342548851855,0.5704799902950011,-0.35,0,0
1789004038.9492342,107.41941976547241,3.533119023082783,-7.033812901394319,-2.896768658995294,0.5002414332344468,-0.32497884175374003,4,5,-6.293926489992586,-0.9178479625128503,-0.4591836528852582,-3.829342548851855,0.576964866577292,-0.35,0,0
1789004038.956353,107.42653846740723,3.5265398647379165,-7.033415834380302,-2.8990996106319034,0.5012378972525682,-0.32497875363414214,4,5,-6.293926489992586,-0.9178479625128503,-0.4591836528852582,-3.829342548851855,0.5827182803575903,-0.35,0,0
1789004038.9998052,107.46999073028564,3.5050320131650614,-7.0386140369432235,-2.914104029615881,0.5122474369577196,-0.3277558328051474,4,5,-6.293926489992586,-0.9178479625128503,-0.4591836528852582,-3.829342548851855,0.5827182803575903,-0.35,0,0
1789004039.0505936,107.52077913284302,3.4792885174431,-7.043786424380267,-2.9383567933011054,0.5198161062932806,-0.3289206939364893,4,5,-6.293926489992586,-0.9178479625128503,-0.4591836528852582,-3.829342548851855,0.5886119940560652,-0.35,0,0
1789004039.0604677,107.53065323829651,3.470966934270616,-7.043532064124751,-2.9417342725913604,0.5212253642994674,-0.3310033444027123,4,5,-6.293926489992586,-0.9178479625128503,-0.4591836528852582,-3.829342548851855,0.5960418402050904,-0.35,0,0
1789004039.1010318,107.57121729850769,3.450174163331649,-7.0476820918741305,-2.955165084876695,0.5257116991449222,-0.33388654211669067,4,5,-6.293926489992586,-0.9178479625128503,-0.4591836528852582,-3.829342548851855,0.5960418402050904,-0.35,0,0
1789004039.1516237,107.62180924415588,3.423953899001423,-7.052183338426627,-2.9755980918549017,0.5281754017049772,-0.3349896990173785,4,5,-6.293926489992586,-0.9178479625128503,-0.4591836528852582,-3.829342548851855,0.6062510140402232,-0.35,0,0
1789004039.1626172,107.63280272483826,3.414786474410181,-7.051821913751654,-2.9793832296156393,0.5290437266294944,-0.3363389434031376,4,5,-6.293926489992586,-0.9178479625128503,-0.4591836528852582,-3.829342548851855,0.6078066134660327,-0.35,0,0
1789004039.202282,107.67246747016907,3.39421478388946,-7.055127839945641,-2.9925031180136585,0.5285298720233387,-0.33829336167710733,4,5,-6.293926489992586,-0.9178479625128503,-0.4591836528852582,-3.829342548851855,0.6078066134660327,-0.35,0,0
1789004039.2533572,107.7235426902771,3.367543464401783,-7.058997466879956,-3.009840572003003,0.5301720186183725,-0.3390031289894916,4,5,-6.293926489992586,-0.9178479625128503,-0.4591836528852582,-3.829342548851855,0.616631960346617,-0.35,0,0
1789004039.269469,107.73965454101562,3.355527741726693,-7.058764348090228,-3.0153718640428284,0.5314236639687612,-0.339866419109014,4,5,-6.293926489992586,-0.9178479625128503,-0.4591836528852582,-3.829342548851855,0.6189471598590884,-0.35,0,0
1789004039.3041174,107.77430295944214,3.337180850847845,-7.061020877353754,-3.027470442319387,0.5356051424949424,-0.3411644559841721,4,5,-6.293926489992586,-0.9178479625128503,-0.4591836528852582,-3.829342548851855,0.6189471598590884,-0.35,0,0
1789004039.35504,107.82522559165955,3.309773596222536,-7.063678999221642,-3.0487549008192554,0.5437596482111466,-0.341754263559641,4,5,-6.293926489992586,-0.9178479625128503,-0.4591836528852582,-3.829342548851855,0.6267959824795029,-0.35,0,0
1789004039.3695512,107.83973670005798,3.2981903538428954,-7.063042025869886,-3.0537972309790646,0.5456910403021338,-0.3427231986766108,4,5,-6.293926489992586,-0.9178479625128503,-0.4591836528852582,-3.829342548851855,0.6302165116453521,-0.35,0,0
1789004039.4058084,107.87599396705627,3.2785593995776914,-7.064712507608389,-3.066219452150662,0.5465167090600036,-0.3441316035527412,4,5,-6.293926489992586,-0.9178479625128503,-0.4591836528852582,-3.829342548851855,0.6302165116453521,-0.35,0,0
1789004039.4308338,107.90101933479309,3.264914412529531,-7.065737037996469,-3.0748608738153105,0.5480290832355806,-0.3446420527014771,4,5,-6.293926489992586,-0.9178479625128503,-0.4591836528852582,-3.829342548851855,0.6397862303148659,-0.35,0,0
1789004039.459681,107.9298665523529,3.245152287404379,-7.065385712409246,-3.0850459137930493,0.5511697707240439,-0.34531656513757114,4,5,-6.293926489992586,-0.9178479625128503,-0.4591836528852582,-3.829342548851855,0.6417315220768406,-0.35,0,0
1789004039.5080605,107.97824597358704,3.218428007176549,-7.066760076089757,-3.102060085062971,0.5558437116667148,-0.34630869241625345,4,5,-6.293926489992586,-0.9178479625128503,-0.4591836528852582,-3.829342548851855,0.6417315220768406,-0.35,0,0
1789004039.5308292,108.00101470947266,3.205717914581076,-7.067268662269823,-3.109965027313981,0.5602577375258146,-0.346672579293405,4,5,-6.293926489992586,-0.9178479625128503,-0.4591836528852582,-3.829342548851855,0.6471113912728352,-0.35,0,0
1789004039.5659318,108.03611731529236,3.181945757694258,-7.066057415558686,-3.125977873699297,0.5646486369573598,-0.3476294183645385,4,5,-6.293926489992586,-0.9178479625128503,-0.4591836528852582,-3.829342548851855,0.6532498856455522,-0.35,0,0
1789004039.609939,108.08012461662292,3.1568549460986013,-7.066411140884714,-3.140909968945546,0.5725883345259475,-0.3482323280769447,4,5,-6.293926489992586,-0.9178479625128503,-0.4591836528852582,-3.829342548851855,0.6532498856455522,-0.35,0,0
1789004039.6308334,108.10101890563965,3.144911057458693,-7.066411169347975,3.1349343191282006,0.5726713895824573,-0.3493508671975114,4,5,-6.293926489992586,-0.9178479625128503,-0.4591836528852582,-3.829342548851855,0.6599258829015905,-0.35,0,0
1789004039.6607423,108.1309278011322,3.1235607379029546,-7.0645400004610295,3.1211819077768093,0.5757717823488424,-0.3503149735151717,4,5,-6.293926489992586,-0.9178479625128503,-0.4591836528852582,-3.829342548851855,0.6686747550954582,-0.35,0,0
1789004039.7117205,108.18190598487854,3.093958013995208,-7.0638648274991525,3.1037642704978694,0.5840855072849049,-0.35091508687807144,4,5,-6.293926489992586,-0.9178479625128503,-0.4591836528852582,-3.829342548851855,0.6686747550954582,-0.35,0,0
1789004039.7308152,108.2010006904602,3.082710859689868,-7.063452541811345,3.097005741729606,0.5903097837625911,-0.35183202508039385,4,5,-6.293926489992586,-0.9178479625128503,-0.4591836528852582,-3.829342548851855,0.6712231556316107,-0.35,0,0
1789004039.7655716,108.23575711250305,3.057915706115703,-7.060712147551568,3.0814041247885813,0.5952705772043897,-0.3527408372235131,4,5,-6.293926489992586,-0.9178479625128503,-0.4591836528852582,-3.829342548851855,0.6807249812141627,-0.35,0,0
1789004039.8138652,108.2840507030487,3.028877678118039,-7.059003755953158,3.065638035535761,0.6052406954920715,-0.35327013328840823,4,5,-6.293926489992586,-0.9178479625128503,-0.4591836528852582,-3.829342548851855,0.6807249812141627,-0.35,0,0
1789004039.8308597,108.30104517936707,3.0185138549610997,-7.058229577187607,3.0595880064390526,0.6114880037541881,-0.3541135463579208,4,5,-6.293926489992586,-0.9178479625128503,-0.4591836528852582,-3.829342548851855,0.6835402430285998,-0.35,0,0
1789004039.8643906,108.33457612991333,2.9936066073988474,-7.054757609619578,3.0452646751930335,0.6166529569547514,-0.35484992779137037,4,5,-6.293926489992586,-0.9178479625128503,-0.4591836528852582,-3.829342548851855,0.6925458256359984,-0.35,0,0
1789004039.9149835,108.38516902923584,2.9625445155840207,-7.051757185527238,3.0285369272100215,0.6206818104721121,-0.3552663334104154,4,5,-6.293926489992586,-0.9178479625128503,-0.4591836528852582,-3.829342548851855,0.6925458256359984,-0.35,0,0
1789004039.9308417,108.4010272026062,2.952865574976624,-7.050639239469693,3.0228716833500258,0.6172678274849098,-0.3557778257130598,4,5,-6.293926489992586,-0.9178479625128503,-0.4591836528852582,-3.829342548851855,0.6945036400601335,-0.35,0,0
1789004039.9659617,108.43614721298218,2.9269433777099376,-7.046231172393055,3.0075206178480665,0.620817362324463,-0.3565396167072322,4,5,-6.293926489992586,-0.9178479625128503,-0.4591836528852582,-3.829342548851855,0.7041557084072496,-0.35,0,0
1789004040.016444,108.48662948608398,2.8960323017253686,-7.042153637648159,2.9916088040561046,0.6215745969157697,-0.3569305821925641,4,5,-6.293926489992586,-0.9178479625128503,-0.4591836528852582,-3.829342548851855,0.7041557084072496,-0.35,0,0
1789004040.0309024,108.50108790397644,2.8871283967488446,-7.0408111437518865,2.9864309640494193,0.6242163744906947,-0.3572270605322983,4,5,-6.293926489992586,-0.9178479625128503,-0.4591836528852582,-3.829342548851855,0.7059775582348964,-0.35,0,0
1789004040.067254,108.53743958473206,2.8601935389247353,-7.0356282217126145,2.9726737389845788,0.6289325098809941,-0.3574895160284186,4,5,-6.293926489992586,-0.9178479625128503,-0.4591836528852582,-3.829342548851855,0.7148011214219104,-0.35,0,0
1789004040.1181123,108.5882978439331,2.8282119144516886,-7.030390693157135,2.9573208298779523,0.640012410456223,-0.357565271330564,4,5,-6.293926489992586,-0.9178479625128503,-0.4591836528852582,-3.829342548851855,0.7148011214219104,-0.35,0,0
1789004040.1308312,108.60101675987244,2.8202154145249616,-7.028896318108786,2.9527900465981602,0.6404741557218578,-0.3572789430279071,4,5,-6.293926489992586,-0.9178479625128503,-0.4591836528852582,-3.829342548851855,0.7163534142660267,-0.35,0,0
1789004040.169072,108.63925743103027,2.7916370907589196,-7.022612208989169,2.938479713517726,0.6448605335431845,-0.35730977921648155,4,5,-6.293926489992586,-0.9178479625128503,-0.4591836528852582,-3.829342548851855,0.724978027543614,-0.35,0,0
1789004040.2194927,108.68967819213867,2.7597769258417126,-7.016270374040623,2.9234153140289,0.6483046277119714,-0.3572280489236427,4,5,-6.293926489992586,-0.9178479625128503,-0.4591836528852582,-3.829342548851855,0.724978027543614,-0.35,0,0
1789004040.2308846,108.70107007026672,2.7526352033063644,-7.014674695810509,2.9193789643625934,0.6461538381297875,-0.35663350879473493,4,5,-6.293926489992586,-0.9178479625128503,-0.4591836528852582,-3.829342548851855,0.726465075685191,-0.35,0,0
1789004040.270202,108.74038743972778,2.723826303366301,-7.007577236288996,2.905096899365537,0.6508829878337619,-0.3566409073969197,4,5,-6.293926489992586,-0.9178479625128503,-0.4591836528852582,-3.829342548851855,0.7284450551231754,-0.35,0,0
1789004040.321039,108.7912244796753,2.691260859498013,-6.999701404363358,2.887526859271654,0.66124039869862,-0.3564242720495945,4,5,-6.293926489992586,-0.9178479625128503,-0.4591836528852582,-3.829342548851855,0.7284450551231754,-0.35,0,0
1789004040.3308349,108.80102038383484,2.6848471853417375,-6.998057750593196,2.884055906451229,0.6690448269206926,-0.3560329755067307,4,5,-6.293926489992586,-0.9178479625128503,-0.4591836528852582,-3.829342548851855,0.7415577575837558,-0.35,0,0
1789004040.3714745,108.8416600227356,2.6544558474915907,-6.989693554822772,2.870252344218084,0.674356406327312,-0.356009707229197,4,5,-6.293926489992586,-0.9178479625128503,-0.4591836528852582,-3.829342548851855,0.7426036461357026,-0.35,0,0
1789004040.4220226,108.89220809936523,2.621409758832049,-6.980863674574193,2.8561768896100084,0.6805333481053417,-0.3556211949354737,4,5,-6.293926489992586,-0.9178479625128503,-0.4591836528852582,-3.829342548851855,0.7426036461357026,-0.35,0,0
1789004040.430916,108.90110158920288,2.6155386581775484,-6.979149882626415,2.853085599629811,0.6845217767483124,-0.35445981153528494,4,5,-6.293926489992586,-0.9178479625128503,-0.4591836528852582,-3.829342548851855,0.75108835895072,-0.35,0,0
1789004040.4726489,108.94283437728882,2.583954461781565,-6.969484152321333,2.838881401992592,0.6900761352299688,-0.35443830727602554,4,5,-6.293926489992586,-0.9178479625128503,-0.4591836528852582,-3.829342548851855,0.7518308447539468,-0.35,0,0
1789004040.4808338,108.95101928710938,2.578397990284787,-6.967767709817314,2.836011113480726,0.6967945777204642,-0.3539254817665861,4,5,-6.293926489992586,-0.9178479625128503,-0.4591836528852582,-3.829342548851855,0.7518308447539468,-0.35,0,0
1789004040.530886,109.00107145309448,2.5449310232433024,-6.957271928099448,2.819439496100813,0.7050781658369926,-0.352866325113848,4,5,-6.293926489992586,-0.9178479625128503,-0.4591836528852582,-3.829342548851855,0.760497256153926,-0.35,0,0
1789004040.574091,109.04427647590637,2.511849758386942,-6.946084934512624,2.8047199524027775,0.7111232190235569,-0.3528464286859413,4,5,-6.293926489992586,-0.9178479625128503,-0.4591836528852582,-3.829342548851855,0.7573634974408401,-0.35,0,0
1789004040.5808337,109.05101919174194,2.5073289295743666,-6.944500345005968,2.802366056466715,0.7117900831927622,-0.352401785996464,4,5,-6.293926489992586,-0.9178479625128503,-0.4591836528852582,-3.829342548851855,0.7573634974408401,-0.35,0,0
1789004040.6309097,109.10109519958496,2.4735189840053002,-6.932985691341289,2.7885717503370735,0.7148977777114953,-0.3508184107057148,4,5,-6.293926489992586,-0.9178479625128503,-0.4591836528852582,-3.829342548851855,0.7703139427155455,-0.35,0,0
1789004040.675266,109.14545154571533,2.439542155827908,-6.920375597690988,2.7730764850645446,0.7209255078782694,-0.35081575518937314,4,5,-6.293926489992586,-0.9178479625128503,-0.4591836528852582,-3.829342548851855,0.766871528606071,-0.35,0,0
1789004040.6808007,109.1509861946106,2.435723376677854,-6.91891224854723,2.7711675882925304,0.7250051361844022,-0.35026816293125346,4,5,-6.293926489992586,-0.9178479625128503,-0.4591836528852582,-3.829342548851855,0.766871528606071,-0.35,0,0
1789004040.7309225,109.2011079788208,2.401567851284051,-6.905635573649505,2.7538865417004503,0.7383373838230207,-0.349357436722,4,5,-6.293926489992586,-0.9178479625128503,-0.4591836528852582,-3.829342548851855,0.7804573975484062,-0.35,0,0
1789004040.7765203,109.24670577049255,2.3661508677667182,-6.8912372220845475,2.7380963366694484,0.7449649676974291,-0.3493519305102095,4,5,-6.293926489992586,-0.9178479625128503,-0.4591836528852582,-3.829342548851855,0.7769022678339915,-0.35,0,0
1789004040.7808342,109.25101971626282,2.36327133717825,-6.889997798445606,2.736609271394756,0.7428483251686404,-0.34899676413043973,4,5,-6.293926489992586,-0.9178479625128503,-0.4591836528852582,-3.829342548851855,0.7769022678339915,-0.35,0,0
1789004040.8308907,109.30107617378235,2.328934255150306,-6.875684942478305,2.7226027639283767,0.7430841099401062,-0.3476191475804143,4,5,-6.293926489992586,-0.9178479625128503,-0.4591836528852582,-3.829342548851855,0.7863041708913387,-0.35,0,0
1789004040.8777828,109.34796833992004,2.293008603653436,-6.859633810373364,2.704587014993013,0.749461946470482,-0.34768449346915303,4,5,-6.293926489992586,-0.9178479625128503,-0.4591836528852582,-3.829342548851855,0.786748981273175,-0.35,0,0
1789004040.8808384,109.35102391242981,2.291174330704977,-6.858744357008147,2.7035388261954783,0.7410452086770897,-0.34739991315895846,4,5,-6.293926489992586,-0.9178479625128503,-0.4591836528852582,-3.829342548851855,0.786748981273175,-0.35,0,0
1789004040.930834,109.40101957321167,2.2578218758743835,-6.84249752733958,2.6821657696295045,0.740595065184953,-0.34805479304490583,4,5,-6.293926489992586,-0.9178479625128503,-0.4591836528852582,-3.829342548851855,0.8034260671291965,-0.35,0,0
1789004040.9787898,109.44897532463074,2.2219068222748524,-6.825108836562948,2.665265060350018,0.7463906055293891,-0.34806303074729883,4,5,-6.293926489992586,-0.9178479625128503,-0.4591836528852582,-3.829342548851855,0.7990354160530027,-0.35,0,0
1789004040.9808898,109.45107531547546,2.2207415178542953,-6.824474351569397,2.6645235546860953,0.7377470286016927,-0.3482493692036897,4,5,-6.293926489992586,-0.9178479625128503,-0.4591836528852582,-3.829342548851855,0.7990354160530027,-0.35,0,0
1789004041.0308332,109.5010187625885,2.18778871765551,-6.807873749945436,2.65032112317059,0.7400959595388436,-0.3478242813173383,4,5,-6.293926489992586,-0.9178479625128503,-0.4591836528852582,-3.829342548851855,0.8052429769496302,-0.35,0,0
1789004041.0800548,109.55024027824402,2.1516734424894763,-6.78885358542883,2.631602496194544,0.7454664574468525,-0.3479016321211404,4,5,-6.293926489992586,-0.9178479625128503,-0.4591836528852582,-3.829342548851855,0.8097734816899159,-0.35,0,0
1789004041.0808904,109.55107593536377,2.151160687035242,-6.788562211176451,2.6313128594568482,0.7444068478191961,-0.3478807089745796,4,5,-6.293926489992586,-0.9178479625128503,-0.4591836528852582,-3.829342548851855,0.8097734816899159,-0.35,0,0
1789004041.1308334,109.60101890563965,2.1189093586428025,-6.7698824030642175,2.6097733868272233,0.7460319693524831,-0.34867776317193144,4,5,-6.293926489992586,-0.9178479625128503,-0.4591836528852582,-3.829342548851855,0.8154098933492617,-0.33783751466986933,0,0
1789004041.1810236,109.65120911598206,2.082627338110983,-6.7492387355537895,2.5919814920172946,0.751272054122473,-0.3486940763618615,4,5,-6.293926489992586,-0.9178479625128503,-0.4591836528852582,-3.829342548851855,0.8227665554813891,-0.31937139919651303,0,0
1789004041.2316296,109.70181512832642,2.049394043786204,-6.729412813140351,2.5774227581936273,0.7701908680974298,-0.3489178431825351,4,5,-6.293926489992586,-0.9178479625128503,-0.4591836528852582,-3.829342548851855,0.8287890982616378,-0.3042540853351601,0,0
1789004041.2826872,109.7528727054596,2.0123396794113027,-6.706499545365347,2.557239677344434,0.7761838593622887,-0.34904891815742195,4,5,-6.293926489992586,-0.9178479625128503,-0.4591836528852582,-3.829342548851855,0.8394363785785464,-0.2775281185477785,0,0
1789004041.333215,109.80340051651001,1.9798798692132777,-6.684333763837261,2.5351902190471325,0.7780118651915636,-0.35044278040855803,4,5,-6.293926489992586,-0.9178479625128503,-0.4591836528852582,-3.829342548851855,0.8398376478807283,-0.27652088386213913,0,0
1789004041.384599,109.85478448867798,1.9430713338332188,-6.659842035722797,2.5168095310077554,0.7838429774300897,-0.35046517852297027,4,5,-6.293926489992586,-0.9178479625128503,-0.4591836528852582,-3.829342548851855,0.8536645400068654,-0.24181370524592483,0,0
1789004041.4357631,109.90594863891602,1.9108902780850086,-6.6365009957146786,2.4981966005187175,0.7808657232773522,-0.35184993681695537,4,5,-6.293926489992586,-0.9178479625128503,-0.4591836528852582,-3.829342548851855,0.85395418736401,-0.2410866551996511,0,0
1789004041.4862812,109.95646667480469,1.8753836878242371,-6.61114234696408,2.480201269614983,0.7861840178218613,-0.35186396868213626,4,5,-6.293926489992586,-0.9178479625128503,-0.4591836528852582,-3.829342548851855,0.8662595720005333,-0.21019864518084752,0,0
1789004041.5370471,110.00723266601562,1.843941724574616,-6.586221228342458,2.459344357796459,0.800359395988038,-0.35334846358333205,4,5,-6.293926489992586,-0.9178479625128503,-0.4591836528852582,-3.829342548851855,0.866219429137899,-0.21029940864171115,0,0
1789004041.5875838,110.05776929855347,1.808549121265546,-6.5591558520731725,2.442501691491805,0.806116090305786,-0.3532905948209737,4,5,-6.293926489992586,-0.9178479625128503,-0.4591836528852582,-3.829342548851855,0.8793047305871494,-0.17745371269622412,0,0
1789004041.6383061,110.10849165916443,1.7757475453582867,-6.532132151297192,2.4270408084554775,0.8324304078776884,-0.35362319277740084,4,5,-6.293926489992586,-0.9178479625128503,-0.4591836528852582,-3.829342548851855,0.8793937771247188,-0.17723019507155602,0,0
1789004041.688712,110.15889739990234,1.739927449443406,-6.50306563792762,2.4107575485986334,0.8391379086639149,-0.3535339572800842,4,5,-6.293926489992586,-0.9178479625128503,-0.4591836528852582,-3.829342548851855,0.890611337764719,-0.14907275540839748,0,0
1789004041.739396,110.20958161354065,1.7085151724284828,-6.475675748624406,2.3975558803798744,0.824375582917225,-0.35224074221179885,4,5,-6.293926489992586,-0.9178479625128503,-0.4591836528852582,-3.829342548851855,0.8900041788138898,-0.15059679811898086,0,0
1789004041.7628503,110.23303580284119,1.6904401721071791,-6.461141764126951,2.389323960459032,0.8270211247080246,-0.35224058515833123,4,5,-6.293926489992586,-0.9178479625128503,-0.4591836528852582,-3.829342548851855,0.8945358887269766,-0.13922165582702206,0,0
1789004041.7904232,110.2606086730957,1.6731767006965723,-6.445630932038888,2.383104952392655,0.840139954339844,-0.35074261900594045,4,5,-6.293926489992586,-0.9178479625128503,-0.4591836528852582,-3.829342548851855,0.8945358887269766,-0.13922165582702206,0,0
1789004041.8409178,110.31110334396362,1.6419970897108884,-6.416111737852128,2.3651549564942353,0.8636817494233616,-0.35006024621365117,4,5,-6.293926489992586,-0.9178479625128503,-0.4591836528852582,-3.829342548851855,0.8991027392086315,-0.12775830643987218,0,0
1789004041.8608081,110.33099365234375,1.6259068193890627,-6.402610387711216,2.358222042451928,0.8664527300493486,-0.35006019517282894,4,5,-6.293926489992586,-0.9178479625128503,-0.4591836528852582,-3.829342548851855,0.9051523630643552,-0.11257301578987766,0,0
1789004041.89162,110.36180543899536,1.6065902180118572,-6.383910762305095,2.350531527562641,0.8744492138081315,-0.348754822840695,4,5,-6.293926489992586,-0.9178479625128503,-0.4591836528852582,-3.829342548851855,0.9051523630643552,-0.11257301578987766,0,0
1789004041.9423003,110.4124858379364,1.574837996065921,-6.352998812854811,2.338844031260093,0.8742712180190158,-0.3470851117274306,4,5,-6.293926489992586,-0.9178479625128503,-0.4591836528852582,-3.829342548851855,0.9108050479114593,-0.09838409026273354,0,0
1789004041.9609675,110.43115305900574,1.5597121166957668,-6.3398075862256675,2.332401241626048,0.8768061246504765,-0.34708499235579365,4,5,-6.293926489992586,-0.9178479625128503,-0.4591836528852582,-3.829342548851855,0.9147432465767463,-0.08849873328913871,0,0
1789004041.9932506,110.46343612670898,1.5399131444987777,-6.320225601116129,2.327505689873937,0.8688373861488787,-0.3442744166703602,4,5,-6.293926489992586,-0.9178479625128503,-0.4591836528852582,-3.829342548851855,0.9147432465767463,-0.08849873328913871,0,0
1789004042.0437896,110.51397514343262,1.509420928808491,-6.288336266272768,2.312006907348331,0.8780826743748875,-0.3425188984376591,4,5,-6.293926489992586,-0.9178479625128503,-0.4591836528852582,-3.829342548851855,0.9184855615131781,-0.07910506826651664,0,0
1789004042.0599952,110.53018069267273,1.4960626881548567,-6.276384106278101,2.3064916514888667,0.880137107940607,-0.3425189135289132,4,5,-6.293926489992586,-0.9178479625128503,-0.4591836528852582,-3.829342548851855,0.9235716630768416,-0.06633833559659186,0,0
1789004042.0946279,110.56481337547302,1.474841866174165,-6.253931827799759,2.2995699219984385,0.8933745227656722,-0.3397238331919181,4,5,-6.293926489992586,-0.9178479625128503,-0.4591836528852582,-3.829342548851855,0.9235716630768416,-0.06633833559659186,0,0
1789004042.145475,110.61566042900085,1.443692098066642,-6.220718966778058,2.2897217058864445,0.8986918998244521,-0.3371397848911302,4,5,-6.293926489992586,-0.9178479625128503,-0.4591836528852582,-3.829342548851855,0.928482028746814,-0.05401272136427249,0,0
1789004042.1659493,110.63613486289978,1.4279088592596951,-6.2054714792844,2.2828619194977025,0.9014326990159062,-0.33713968906753966,4,5,-6.293926489992586,-0.9178479625128503,-0.4591836528852582,-3.829342548851855,0.9317648988205338,-0.045772318750076924,0,0
1789004042.196737,110.6669225692749,1.4089911832618685,-6.18581873690093,2.282795570656559,0.8936149577000063,-0.3325944710582596,4,5,-6.293926489992586,-0.9178479625128503,-0.4591836528852582,-3.829342548851855,0.9317648988205338,-0.045772318750076924,0,0
1789004042.2473545,110.71754002571106,1.3791108455593204,-6.152046519139406,2.269980743728853,0.8870409539732261,-0.32958798965246555,4,5,-6.293926489992586,-0.9178479625128503,-0.4591836528852582,-3.829342548851855,0.9340110247654533,-0.04013426981950996,0,0
1789004042.2677326,110.73791813850403,1.3638712164917552,-6.136838899052473,2.2633058301789237,0.8892840767756691,-0.32958802647384006,4,5,-6.293926489992586,-0.9178479625128503,-0.4591836528852582,-3.829342548851855,0.9381060602499333,-0.02985523338073426,0,0
1789004042.2980664,110.76825189590454,1.3458126680453277,-6.116549429589447,2.2599890941933607,0.8962428631567937,-0.32512655814066477,4,5,-6.293926489992586,-0.9178479625128503,-0.4591836528852582,-3.829342548851855,0.9381060602499333,-0.02985523338073426,0,0
1789004042.349074,110.81925940513611,1.315034960140725,-6.082260215058691,2.255758637378346,0.9125818369858314,-0.3207018569238403,4,5,-6.293926489992586,-0.9178479625128503,-0.4591836528852582,-3.829342548851855,0.9421512723413348,-0.01970125971000991,0,0
1789004042.3708224,110.84100794792175,1.2989293712058878,-6.06554336960988,2.2488240018330896,0.9152737931270654,-0.32070202668769554,4,5,-6.293926489992586,-0.9178479625128503,-0.4591836528852582,-3.829342548851855,0.9430956510395406,-0.017330754475646692,0,0
1789004042.3996797,110.86986517906189,1.281606803065754,-6.045475685456835,2.2460536865142116,0.9202506190581876,-0.3150300211464294,4,5,-6.293926489992586,-0.9178479625128503,-0.4591836528852582,-3.829342548851855,0.9430956510395406,-0.017330754475646692,0,0
1789004042.4503396,110.92052507400513,1.2519737916530087,-6.009699275641947,2.2362790434248954,0.9191195041035745,-0.3127287879450203,4,5,-6.293926489992586,-0.9178479625128503,-0.4591836528852582,-3.829342548851855,0.9466566866816981,-0.008392122499381038,0,0
1789004042.4592364,110.92942190170288,1.2433623008839871,-6.001838605845301,2.2336966002841203,0.9192648419187669,-0.3103922243909624,4,5,-6.293926489992586,-0.9178479625128503,-0.4591836528852582,-3.829342548851855,0.9499514164598095,-0.00012195058671293779,0,0
1789004042.5009732,110.97115874290466,1.2190919922664163,-5.972617451627599,2.229037938286627,0.9133055549341085,-0.30585851520489993,4,5,-6.293926489992586,-0.9178479625128503,-0.4591836528852582,-3.829342548851855,0.9499514164598095,-0.00012195058671293779,0,0
1789004042.5519664,111.02215194702148,1.1887386467627796,-5.93698641311695,2.2278415545661354,0.9212060138752362,-0.30347049794431413,4,5,-6.293926489992586,-0.9178479625128503,-0.4591836528852582,-3.829342548851855,0.9470575832399424,0.007385823446298456,0,0
1789004042.5569575,111.0271430015564,1.1823761621959308,-5.931874933817928,2.2265490637782284,0.9219380005993278,-0.30002571340214523,4,5,-6.293926489992586,-0.9178479625128503,-0.4591836528852582,-3.829342548851855,0.9474131845126195,0.006493221061441012,0,0
1789004042.6025982,111.07278370857239,1.1556841050964437,-5.898809545555964,2.2200654936627053,0.9342407833098685,-0.29409209730302965,4,5,-6.293926489992586,-0.9178479625128503,-0.4591836528852582,-3.829342548851855,0.9474131845126195,0.006493221061441012,0,0
1789004042.6534553,111.12364077568054,1.1261408793517975,-5.86149531018553,2.212187045220263,0.938840036266456,-0.2915021749019506,4,5,-6.293926489992586,-0.9178479625128503,-0.4591836528852582,-3.829342548851855,0.9473877210752298,0.006557137382014133,0,0
1789004042.661283,111.1314685344696,1.1182725968225116,-5.85419790910921,2.210126032331615,0.9395260801913005,-0.28874550490345235,4,5,-6.293926489992586,-0.9178479625128503,-0.4591836528852582,-3.829342548851855,0.9416847803773571,0.02087221119853666,0,0
1789004042.7045705,111.17475605010986,1.0922798195670937,-5.823056343958075,2.212307274314732,0.9394072541957842,-0.2823830991443974,4,5,-6.293926489992586,-0.9178479625128503,-0.4591836528852582,-3.829342548851855,0.9416847803773571,0.02087221119853666,0,0
1789004042.7551844,111.22536993026733,1.063207274511475,-5.785560829082839,2.204436103732409,0.939761257828739,-0.2793029352151759,4,5,-6.293926489992586,-0.9178479625128503,-0.4591836528852582,-3.829342548851855,0.9423639093799229,0.019167514916792694,0,0
1789004042.762905,111.2330904006958,1.0555091659379745,-5.778342845741947,2.20251332009183,0.9397605187127361,-0.2761912039152099,4,5,-6.293926489992586,-0.9178479625128503,-0.4591836528852582,-3.829342548851855,0.9391751532597202,0.027171680076815363,0,0
1789004042.8060536,111.27623915672302,1.0305161232305595,-5.746234742543269,2.198870409107992,0.9452111959111515,-0.270558426274571,4,5,-6.293926489992586,-0.9178479625128503,-0.4591836528852582,-3.829342548851855,0.9391751532597202,0.027171680076815363,0,0
1789004042.8309314,111.30111694335938,1.01663624411689,-5.72713359567416,2.1922822935865858,0.9508264424150121,-0.2682872274960638,4,5,-6.293926489992586,-0.9178479625128503,-0.4591836528852582,-3.829342548851855,0.9366086427636139,0.0336139331439651,0,0
1789004042.8604858,111.3306713104248,0.9958453169772581,-5.703587776940025,2.1918967913033054,0.9543357196307126,-0.2652151283583787,4,5,-6.293926489992586,-0.9178479625128503,-0.4591836528852582,-3.829342548851855,0.9345694544512636,0.03873254348265798,0,0
1789004042.908471,111.37865662574768,0.9672883389091601,-5.667750246317291,2.1940192572990456,0.95694434125828,-0.2587210857820978,4,5,-6.293926489992586,-0.9178479625128503,-0.4591836528852582,-3.829342548851855,0.9345694544512636,0.03873254348265798,0,0
1789004042.9308753,111.40106081962585,0.9548655090929699,-5.650435366143923,2.1883828444457465,0.9520176610806802,-0.2558495997088965,4,5,-6.293926489992586,-0.9178479625128503,-0.4591836528852582,-3.829342548851855,0.9354893148432876,0.03642358217474362,0,0
1789004042.965535,111.43572044372559,0.9316419728345432,-5.622745863974768,2.185519237350599,0.9541811982162672,-0.2524786308408831,4,5,-6.293926489992586,-0.9178479625128503,-0.4591836528852582,-3.829342548851855,0.9327025719874837,0.04341864521360339,0,0
1789004043.0098116,111.47999715805054,0.9065737628418613,-5.589200380242065,2.1818390429838512,0.9495384024916617,-0.24985979760280083,4,5,-6.293926489992586,-0.9178479625128503,-0.4591836528852582,-3.829342548851855,0.9327025719874837,0.04341864521360339,0,0
1789004043.0308325,111.50101804733276,0.8952202943424784,-5.572967763646469,2.1769468795556666,0.94468734132627,-0.24471748201766433,4,5,-6.293926489992586,-0.9178479625128503,-0.4591836528852582,-3.829342548851855,0.9305888801431376,0.04872426846661826,0,0
1789004043.0607553,111.5309407711029,0.8741922546093472,-5.549491053511264,2.1812414651625596,0.9460390999088688,-0.24075990333565464,4,5,-6.293926489992586,-0.9178479625128503,-0.4591836528852582,-3.829342548851855,0.9305033378920963,0.048938989906478714,0,0
1789004043.1111817,111.5813672542572,0.8461481798544193,-5.5110052479770255,2.1755786761339313,0.9464069787625714,-0.23793074038703546,4,5,-6.293926489992586,-0.9178479625128503,-0.4591836528852582,-3.829342548851855,0.9305033378920963,0.048938989906478714,0,0
1789004043.1308925,111.60107803344727,0.8356005849472136,-5.495724862027004,2.1712404464088455,0.9437910891732423,-0.23264762547893544,4,5,-6.293926489992586,-0.9178479625128503,-0.4591836528852582,-3.829342548851855,0.9281639826875885,0.05481105560200472,0,0
1789004043.1646144,111.63479995727539,0.8135501262682369,-5.468717515142041,2.169664361064939,0.945380129833394,-0.2296974970400299,4,5,-6.293926489992586,-0.9178479625128503,-0.4591836528852582,-3.829342548851855,0.9252556054495273,0.062111435713736896,0,0
1789004043.212326,111.68251156806946,0.7873433608655189,-5.432318303875493,2.166144429777286,0.9425003227333973,-0.227443869697093,4,5,-6.293926489992586,-0.9178479625128503,-0.4591836528852582,-3.829342548851855,0.9252556054495273,0.062111435713736896,0,0
1789004043.2309206,111.70110607147217,0.7776335839950502,-5.417955813690206,2.162235661431444,0.9353158824699648,-0.22278241548533206,4,5,-6.293926489992586,-0.9178479625128503,-0.4591836528852582,-3.829342548851855,0.9239152000754014,0.06547601600506514,0,0
1789004043.2633939,111.73357939720154,0.7590871632432641,-5.393860258950505,2.1664223188424305,0.9355581891761202,-0.21897656646917715,4,5,-6.293926489992586,-0.9178479625128503,-0.4591836528852582,-3.829342548851855,0.901531474863437,0.06550073514751631,0,0
1789004043.3140144,111.78419995307922,0.7285653756164859,-5.353766342858402,2.1615937685219375,0.936416823269964,-0.216315809061304,4,5,-6.293926489992586,-0.9178479625128503,-0.4591836528852582,-3.829342548851855,0.901531474863437,0.06550073514751631,0,0
1789004043.3308368,111.80102229118347,0.7198093615515161,-5.340700827678959,2.1582826835870303,0.9363490087198182,-0.21125474407700703,4,5,-6.293926489992586,-0.9178479625128503,-0.4591836528852582,-3.829342548851855,0.889334888312495,0.07153063677688154,0,0
1789004043.370514,111.8406994342804,0.695297542693879,-5.309095451904339,2.1560486217695587,0.9379474637250901,-0.20835908975819345,4,5,-6.293926489992586,-0.9178479625128503,-0.4591836528852582,-3.829342548851855,0.8473660814881718,0.07805120069390092,0,0
1789004043.415551,111.8857364654541,0.6710439573068884,-5.274529060273897,2.153782148471242,0.9390815929954406,-0.20620592736278895,4,5,-6.293926489992586,-0.9178479625128503,-0.4591836528852582,-3.829342548851855,0.8473660814881718,0.07805120069390092,0,0
1789004043.430832,111.90101742744446,0.6632277143330959,-5.262656466524963,2.150931195463821,0.9336157040659111,-0.20168244225797108,4,5,-6.293926489992586,-0.9178479625128503,-0.4591836528852582,-3.829342548851855,0.8362696598633288,0.080631136259389,0,0
1789004043.4664674,111.93665289878845,0.6403254453844468,-5.234515935093841,2.154860206098399,0.9337006140725017,-0.19792067076380704,4,5,-6.293926489992586,-0.9178479625128503,-0.4591836528852582,-3.829342548851855,0.7974101132063737,0.08101609393237341,0,0
1789004043.5168757,111.98706126213074,0.6138521031345637,-5.196023955738186,2.1507548567263837,0.9289431580425366,-0.19536669029102205,4,5,-6.293926489992586,-0.9178479625128503,-0.4591836528852582,-3.829342548851855,0.7974101132063737,0.08101609393237341,0,0
1789004043.5309165,112.00110197067261,0.6068086178758516,-5.185244414876695,2.1483197024477696,0.9223818054357377,-0.19044858822498828,4,5,-6.293926489992586,-0.9178479625128503,-0.4591836528852582,-3.829342548851855,0.7865402438771781,0.08514739109410074,0,0
1789004043.5674362,112.03762173652649,0.5846406875474981,-5.1562959355789575,2.147097376268127,0.9218603397814485,-0.1876347808585704,4,5,-6.293926489992586,-0.9178479625128503,-0.4591836528852582,-3.829342548851855,0.7453373147721105,0.09304073142385905,0,0
1789004043.618199,112.0883846282959,0.5579492786850896,-5.118113027191223,2.1475142095921895,0.9188494189843522,-0.18547237123561883,4,5,-6.293926489992586,-0.9178479625128503,-0.4591836528852582,-3.829342548851855,0.7453373147721105,0.09304073142385905,0,0
1789004043.6309125,112.10109806060791,0.5516369695145189,-5.108380989659028,2.145457896631278,0.9158807919412445,-0.1800649432708259,4,5,-6.293926489992586,-0.9178479625128503,-0.4591836528852582,-3.829342548851855,0.7373520252613158,0.09048664145353946,0,0
1789004043.6687188,112.13890433311462,0.5292181946395726,-5.0784485133932,2.1434510691800845,0.915649948076003,-0.17722290625609366,4,5,-6.293926489992586,-0.9178479625128503,-0.4591836528852582,-3.829342548851855,0.6973351637283294,0.09471704801795067,0,0
1789004043.7195778,112.18976330757141,0.5035821975398103,-5.04024045266499,2.1402317563773763,0.9070532740298439,-0.175185336453605,4,5,-6.293926489992586,-0.9178479625128503,-0.4591836528852582,-3.829342548851855,0.6973351637283294,0.09471704801795067,0,0
1789004043.7308803,112.2010657787323,0.49824679308968106,-5.031867707815421,2.1385132972129064,0.8928498809809371,-0.17100071451908153,4,5,-6.293926489992586,-0.9178479625128503,-0.4591836528852582,-3.829342548851855,0.6872978794627638,0.10204797058505033,0,0
1789004043.7704403,112.24062585830688,0.4759107757295097,-5.0017896048178665,2.1370543999193887,0.8927713257356513,-0.17081259808477572,4,5,-6.293926489992586,-0.9178479625128503,-0.4591836528852582,-3.829342548851855,0.6778322417801461,0.10520362146538842,0,0
1789004043.8214061,112.29159164428711,0.45100828611246047,-4.965326502743026,2.137853193848567,0.871858775552994,-0.1679341429562249,4,5,-6.293926489992586,-0.9178479625128503,-0.4591836528852582,-3.829342548851855,0.6778322417801461,0.10520362146538842,0,0
1789004043.8308337,112.30101919174194,0.44684451803042446,-4.958725585705253,2.1366067636342656,0.8537469117905713,-0.16195645423272084,4,5,-6.293926489992586,-0.9178479625128503,-0.4591836528852582,-3.829342548851855,0.6232179003647477,0.11079029352466119,0,0
1789004043.8718565,112.34204196929932,0.42492499306142073,-4.928785220405784,2.1343558003657552,0.852154056673386,-0.16177994923685146,4,5,-6.293926489992586,-0.9178479625128503,-0.4591836528852582,-3.829342548851855,0.6192299512097947,0.1120667699889002,0,0
1789004043.9224095,112.39259505271912,0.40158515029963177,-4.893287192899437,2.131688705527914,0.8420304907001817,-0.15868516759516332,4,5,-6.293926489992586,-0.9178479625128503,-0.4591836528852582,-3.829342548851855,0.6192299512097947,0.1120667699889002,0,0
1789004043.9308364,112.40102195739746,0.3980715790598252,-4.887642986607428,2.130682188252566,0.8219597137521101,-0.15364629791499984,4,5,-6.293926489992586,-0.9178479625128503,-0.4591836528852582,-3.829342548851855,0.5775381380225226,0.12343163326804829,0,0
1789004043.97318,112.44336557388306,0.375954918555796,-4.8581368299716186,2.1327568444855434,0.8191819445435474,-0.1532913983951211,4,5,-6.293926489992586,-0.9178479625128503,-0.4591836528852582,-3.829342548851855,0.5741293448842211,0.125163191221505,0,0
1789004043.980881,112.45106649398804,0.37308880318905907,-4.853516222703147,2.131759661412572,0.7879461537455129,-0.14993985871942941,4,5,-6.293926489992586,-0.9178479625128503,-0.4591836528852582,-3.829342548851855,0.5741293448842211,0.125163191221505,0,0
1789004044.0309007,112.50108623504639,0.3520540145242676,-4.8209956814925805,2.128309401041525,0.7587009007197011,-0.1444584890756155,4,5,-6.293926489992586,-0.9178479625128503,-0.4591836528852582,-3.829342548851855,0.5538803029338601,0.12490211291200382,0,0
1789004044.0741832,112.54436874389648,0.3316765291109458,-4.792791168959659,2.1266171680917987,0.753539958599478,-0.14426420282796953,4,5,-6.293926489992586,-0.9178479625128503,-0.4591836528852582,-3.829342548851855,0.5512744306871435,0.12769252854788027,0,0
1789004044.0809107,112.551096200943,0.3294525024914738,-4.7891547718478495,2.1258110902280447,0.7247367757658377,-0.14164683751737223,4,5,-6.293926489992586,-0.9178479625128503,-0.4591836528852582,-3.829342548851855,0.5512744306871435,0.12769252854788027,0,0
1789004044.1309452,112.60113072395325,0.3099025167569765,-4.758998420368122,2.1241866749503875,0.7119069279242338,-0.13661071194181754,4,5,-6.293926489992586,-0.9178479625128503,-0.4591836528852582,-3.829342548851855,0.5147379531421549,0.13612751265462464,0,0
1789004044.1754234,112.64560890197754,0.28993737416123866,-4.732050887083464,2.126065093808043,0.7051581451527368,-0.13628362230345153,4,5,-6.293926489992586,-0.9178479625128503,-0.4591836528852582,-3.829342548851855,0.5124608848205989,0.13793404644607277,0,0
1789004044.180837,112.65102243423462,0.2881206517750449,-4.729087165549013,2.1255006981777522,0.6913995591476887,-0.13303070499785116,4,5,-6.293926489992586,-0.9178479625128503,-0.4591836528852582,-3.829342548851855,0.5124608848205989,0.13793404644607277,0,0
1789004044.230833,112.70101857185364,0.26982220210390784,-4.700412576949367,2.1227549077366223,0.6678145072377097,-0.12762077168616315,4,5,-6.293926489992586,-0.9178479625128503,-0.4591836528852582,-3.829342548851855,0.47874282108221294,0.14274058854479366,0,0
1789004044.276354,112.74653959274292,0.25109059107305665,-4.674264369014442,2.1212248434835375,0.6596585671818979,-0.12744297036382768,4,5,-6.293926489992586,-0.9178479625128503,-0.4591836528852582,-3.829342548851855,0.4771584170031688,0.14450965298664764,0,0
1789004044.28091,112.75109553337097,0.24974653075757985,-4.672042603479349,2.1208006780659074,0.6431468016781048,-0.12484582278826675,4,5,-6.293926489992586,-0.9178479625128503,-0.4591836528852582,-3.829342548851855,0.4771584170031688,0.14450965298664764,0,0
1789004044.3309124,112.80109786987305,0.23269877038083359,-4.64536306767609,2.1196086362664706,0.6220833953263375,-0.11984103224342224,4,5,-6.293926489992586,-0.9178479625128503,-0.4591836528852582,-3.829342548851855,0.4456792980665421,0.15312665975583162,0,0
1789004044.378304,112.84848952293396,0.21419945736932264,-4.6202245073233525,2.1219974569610818,0.6123517924664632,-0.11951206587549185,4,5,-6.293926489992586,-0.9178479625128503,-0.4591836528852582,-3.829342548851855,0.4433504112720392,0.15456540827059229,0,0
1789004044.3808985,112.85108399391174,0.21335767849230441,-4.61884067872697,2.121859600704566,0.6130122469362791,-0.11613711086139641,4,5,-6.293926489992586,-0.9178479625128503,-0.4591836528852582,-3.829342548851855,0.4433504112720392,0.15456540827059229,0,0
1789004044.4308782,112.9010636806488,0.197201098486774,-4.593405245254518,2.120311606176384,0.5911972924817788,-0.11037532054430944,4,5,-6.293926489992586,-0.9178479625128503,-0.4591836528852582,-3.829342548851855,0.41345436546891534,0.15936273733998263,0,0
1789004044.4797087,112.9498941898346,0.17948017293017307,-4.568511046217982,2.119132308692018,0.5806800076337887,-0.1101982810400266,4,5,-6.293926489992586,-0.9178479625128503,-0.4591836528852582,-3.829342548851855,0.41242715749027986,0.15998480479835298,0,0
1789004044.4809353,112.95112085342407,0.17944889245106002,-4.568424997052816,2.1191582819350625,0.559058344186163,-0.10745792282184181,4,5,-6.293926489992586,-0.9178479625128503,-0.4591836528852582,-3.829342548851855,0.41242715749027986,0.15998480479835298,0,0
1789004044.5309038,113.00108933448792,0.16451348561952203,-4.545517629333683,2.12131477594237,0.5331449461288729,-0.1030670340203981,4,5,-6.293926489992586,-0.9178479625128503,-0.4591836528852582,-3.829342548851855,0.397891349453828,0.1654387035800471,0,0
1789004044.5811539,113.05133938789368,0.1480333037871046,-4.522450616925989,2.1195896999477295,0.5205956225257583,-0.10288437883689498,4,5,-6.293926489992586,-0.9178479625128503,-0.4591836528852582,-3.829342548851855,0.3839222974172971,0.16550659067171436,0,0
1789004044.6317527,113.10193824768066,0.13454462208061913,-4.501114258328189,2.118900265051609,0.5008116871041531,-0.09505195835276693,4,5,-6.293926489992586,-0.9178479625128503,-0.4591836528852582,-3.829342548851855,0.37051790630443243,0.1714326781136899,0,0
1789004044.6824286,113.1526141166687,0.11886732564962,-4.479215046467925,2.1179079596616006,0.4878307392860976,-0.0948354924920574,4,5,-6.293926489992586,-0.9178479625128503,-0.4591836528852582,-3.829342548851855,0.3436364221527028,0.18182613464072261,0,0
1789004044.7331889,113.20337438583374,0.10578577094679649,-4.458921730685334,2.120275676532892,0.4673877913231605,-0.08632454877296651,4,5,-6.293926489992586,-0.9178479625128503,-0.4591836528852582,-3.829342548851855,0.3443327722300728,0.18096879162394242,0,0
1789004044.7835555,113.25374102592468,0.09116423306115848,-4.438600372472235,2.1189543952505563,0.45413071403570976,-0.08614826233539732,4,5,-6.293926489992586,-0.9178479625128503,-0.4591836528852582,-3.829342548851855,0.3319467291533951,0.18166389173614217,0,0
1789004044.8340933,113.30427885055542,0.07936562951050152,-4.419816094796846,2.1186079824948347,0.4327702264294667,-0.07832203169971697,4,5,-6.293926489992586,-0.9178479625128503,-0.4591836528852582,-3.829342548851855,0.3204003886764629,0.1873264309886089,0,0
1789004044.8847272,113.35491275787354,0.06563892099661289,-4.40088698063734,2.118091366372693,0.41905952603924973,-0.07812423367685459,4,5,-6.293926489992586,-0.9178479625128503,-0.4591836528852582,-3.829342548851855,0.3084263081854027,0.1917116777148391,0,0
1789004044.9356883,113.40587377548218,0.05397790175099278,-4.382689548762412,2.1206199411232163,0.4125888631097775,-0.0699582892706787,4,5,-6.293926489992586,-0.9178479625128503,-0.4591836528852582,-3.829342548851855,0.29756543665903706,0.1968396906033556,0,0
1789004044.9861248,113.4563102722168,0.0408906952355046,-4.364712923838618,2.119801986698786,0.39927499371231334,-0.06980267632812877,4,5,-6.293926489992586,-0.9178479625128503,-0.4591836528852582,-3.829342548851855,0.28680134621125425,0.197633406054182,0,0
1789004045.036802,113.50698757171631,0.030532325234863333,-4.348192854681057,2.119818741639312,0.3785839472130493,-0.06239141413484781,4,5,-6.293926489992586,-0.9178479625128503,-0.4591836528852582,-3.829342548851855,0.27656966088951834,0.2033189148868928,0,0
1789004045.0878732,113.5580587387085,0.01810926532159893,-4.331575683790757,2.1218518293251662,0.3647514738993288,-0.062098763513893325,4,5,-6.293926489992586,-0.9178479625128503,-0.4591836528852582,-3.829342548851855,0.256269706309435,0.21338783860624666,0,0
1789004045.1383743,113.60855984687805,0.008538877930326098,-4.316330266556545,2.121917824235201,0.3552913147129102,-0.054186643628379584,4,5,-6.293926489992586,-0.9178479625128503,-0.4591836528852582,-3.829342548851855,0.25704128705950713,0.20986852285180602,0,0
1789004045.1891282,113.65931367874146,-0.0030269308395744093,-4.3007618185595655,2.1218613656900125,0.3417580403680795,-0.05403671888232237,4,5,-6.293926489992586,-0.9178479625128503,-0.4591836528852582,-3.829342548851855,0.23849800924702286,0.21686710973524415,0,0
1789004045.2399123,113.7100977897644,-0.012072147571852753,-4.286379516814297,2.122439093003379,0.3239747096690915,-0.04717433646582493,4,5,-6.293926489992586,-0.9178479625128503,-0.4591836528852582,-3.829342548851855,0.23879940849011952,0.2193050302986994,0,0
1789004045.2625523,113.73273777961731,-0.018003738698875827,-4.2796127548992455,2.121390163775347,0.31784506657566053,-0.04717440719339857,4,5,-6.293926489992586,-0.9178479625128503,-0.4591836528852582,-3.829342548851855,0.22155107869117818,0.22842516476122876,0,0
1789004045.291109,113.76129460334778,-0.022951481128660113,-4.272166172405082,2.1252802359752843,0.3092408835578963,-0.04279245034146093,4,5,-6.293926489992586,-0.9178479625128503,-0.4591836528852582,-3.829342548851855,0.22155107869117818,0.22842516476122876,0,0
1789004045.3415344,113.81171989440918,-0.031113504605671072,-4.259258968030634,2.12563987507137,0.2965313350177202,-0.03985779143202845,4,5,-6.293926489992586,-0.9178479625128503,-0.4591836528852582,-3.829342548851855,0.22211844259389646,0.22501425439914646,0,0
1789004045.3654802,113.83566570281982,-0.03689855279476599,-4.2527326443753575,2.1247016113285726,0.2900512208974637,-0.03985788393088927,4,5,-6.293926489992586,-0.9178479625128503,-0.4591836528852582,-3.829342548851855,0.21422498575173168,0.22813269245708812,0,0
1789004045.3922172,113.86240267753601,-0.04126032938312381,-4.245945306707476,2.1262636897283347,0.2927974072043968,-0.035928571018331835,4,5,-6.293926489992586,-0.9178479625128503,-0.4591836528852582,-3.829342548851855,0.21422498575173168,0.22813269245708812,0,0
1789004045.4430869,113.91327238082886,-0.0491517732409379,-4.233690495342074,2.1288123744657614,0.2802367229214104,-0.03269242276099843,4,5,-6.293926489992586,-0.9178479625128503,-0.4591836528852582,-3.829342548851855,0.20690144857454223,0.2331591235895054,0,0
1789004045.4612947,113.93148016929626,-0.05389040522935457,-4.228841580795901,2.128230484829677,0.27549854034248594,-0.032692544770784975,4,5,-6.293926489992586,-0.9178479625128503,-0.4591836528852582,-3.829342548851855,0.19942729252717364,0.23392132696418466,0,0
1789004045.4935176,113.96370315551758,-0.058557190095647804,-4.221553181049221,2.1294185898885907,0.26493013347791433,-0.028649724068349522,4,5,-6.293926489992586,-0.9178479625128503,-0.4591836528852582,-3.829342548851855,0.19942729252717364,0.23392132696418466,0,0
1789004045.5440755,114.01426100730896,-0.06557531854245344,-4.21053772608764,2.1302641277785037,0.2517195118029734,-0.026266052065438014,4,5,-6.293926489992586,-0.9178479625128503,-0.4591836528852582,-3.829342548851855,0.1928446810541748,0.23893158091454225,0,0
1789004045.5633714,114.03355693817139,-0.07014828198167375,-4.205929826160208,2.1297710675507386,0.2466587669845533,-0.02626610724623295,4,5,-6.293926489992586,-0.9178479625128503,-0.4591836528852582,-3.829342548851855,0.18588161904062223,0.2417868208650935,0,0
1789004045.5947866,114.0649721622467,-0.07430209340058302,-4.199482119106403,2.131199742727374,0.23951001573613295,-0.023039585945690857,4,5,-6.293926489992586,-0.9178479625128503,-0.4591836528852582,-3.829342548851855,0.18588161904062223,0.2417868208650935,0,0
1789004045.6456082,114.11579370498657,-0.08084046083175492,-4.189387596151108,2.1336679610942264,0.2344709695560732,-0.02024503889760512,4,5,-6.293926489992586,-0.9178479625128503,-0.4591836528852582,-3.829342548851855,0.17980825008022283,0.2463178047549861,0,0
1789004045.6614075,114.1315929889679,-0.08479270854701021,-4.185756913727328,2.133359286502033,0.23046991468836148,-0.02024513710118768,4,5,-6.293926489992586,-0.9178479625128503,-0.4591836528852582,-3.829342548851855,0.1734716833343426,0.24699727084987622,0,0
1789004045.696063,114.16624855995178,-0.08915529434489101,-4.1789742782053025,2.1344801085457537,0.22689363267336143,-0.016787202848441273,4,5,-6.293926489992586,-0.9178479625128503,-0.4591836528852582,-3.829342548851855,0.1734716833343426,0.24699727084987622,0,0
1789004045.7468796,114.21706509590149,-0.09523947723369675,-4.169511732294711,2.135686370137682,0.21598888260417423,-0.014690988257236718,4,5,-6.293926489992586,-0.9178479625128503,-0.4591836528852582,-3.829342548851855,0.16796082273293078,0.25174310554717927,0,0
1789004045.7633405,114.23352599143982,-0.09908046383614551,-4.166036094749226,2.1354559940131104,0.21193048934595338,-0.01469103583651431,4,5,-6.293926489992586,-0.9178479625128503,-0.4591836528852582,-3.829342548851855,0.16202704275829363,0.2541805952249012,0,0
1789004045.7974727,114.26765823364258,-0.10301233085954252,-4.1599696405449516,2.1368830299254378,0.20658712988592728,-0.011885735320831804,4,5,-6.293926489992586,-0.9178479625128503,-0.4591836528852582,-3.829342548851855,0.16202704275829363,0.2541805952249012,0,0
1789004045.848364,114.31854963302612,-0.10861135490872594,-4.151369650784394,2.1390743872678226,0.19684121861393084,-0.009484769766608427,4,5,-6.293926489992586,-0.9178479625128503,-0.4591836528852582,-3.829342548851855,0.156945759690916,0.2582760084295228,0,0
1789004045.8606622,114.33084774017334,-0.11183070561364607,-4.14885523073942,2.1389669960555775,0.1938774306656151,-0.00948485303806756,4,5,-6.293926489992586,-0.9178479625128503,-0.4591836528852582,-3.829342548851855,0.15153641422688563,0.2589795505017176,0,0
1789004045.898832,114.36901760101318,-0.11599171685587299,-4.1424146588899315,2.1398781193725758,0.19443341459446362,-0.006582927065595215,4,5,-6.293926489992586,-0.9178479625128503,-0.4591836528852582,-3.829342548851855,0.15153641422688563,0.2589795505017176,0,0
1789004045.9494295,114.4196150302887,-0.1213266068391591,-4.134170964923132,2.1409745204749377,0.18946432069089705,-0.005530129108200307,4,5,-6.293926489992586,-0.9178479625128503,-0.4591836528852582,-3.829342548851855,0.1466590272556174,0.26389994867305955,0,0
1789004045.965513,114.43569850921631,-0.12486023203348129,-4.131144102175685,2.1409708339193703,0.1866909661794187,-0.00440739042552484,4,5,-6.293926489992586,-0.9178479625128503,-0.4591836528852582,-3.829342548851855,0.14142031142448958,0.2664382981686382,0,0
1789004046.000177,114.47036242485046,-0.12850020206586044,-4.125602521887618,2.1428793945800018,0.18555093176002135,-0.002146212989896745,4,5,-6.293926489992586,-0.9178479625128503,-0.4591836528852582,-3.829342548851855,0.14142031142448958,0.2664382981686382,0,0
1789004046.0505857,114.52077126502991,-0.1335424399088176,-4.117848967006202,2.1440019971620723,0.1786770952066665,-0.0010960646788339824,4,5,-6.293926489992586,-0.9178479625128503,-0.4591836528852582,-3.829342548851855,0.13545160319224134,0.27015127647119197,0,0
1789004046.0613258,114.5315113067627,-0.13644730868970115,-4.1157818610912855,2.144061170902333,0.17700747896303184,-8.425892275574161e-06,4,5,-6.293926489992586,-0.9178479625128503,-0.4591836528852582,-3.829342548851855,0.13201022111756627,0.2724117583193131,0,0
1789004046.1011443,114.57132983207703,-0.14029962958994685,-4.1098779810348995,2.145155285176789,0.17245039538241694,0.0017787308938238845,4,5,-6.293926489992586,-0.9178479625128503,-0.4591836528852582,-3.829342548851855,0.13201022111756627,0.2724117583193131,0,0
1789004046.1516864,114.62187194824219,-0.14508924326510972,-4.102537297731935,2.1462554921520134,0.16929370699264806,0.0025117933850050686,4,5,-6.293926489992586,-0.9178479625128503,-0.4591836528852582,-3.829342548851855,0.1262961158950153,0.2775696476435012,0,0
1789004046.158134,114.62831950187683,-0.14752902314206298,-4.101166116737408,2.1463262592267576,0.1690926406020368,0.003353162233408164,4,5,-6.293926489992586,-0.9178479625128503,-0.4591836528852582,-3.829342548851855,0.12303408572284237,0.2793636293449975,0,0
1789004046.2024887,114.67267417907715,-0.1516519394512972,-4.094888388964124,2.1478048822484244,0.1650543834125627,0.005053532900277887,4,5,-6.293926489992586,-0.9178479625128503,-0.4591836528852582,-3.829342548851855,0.12303408572284237,0.2793636293449975,0,0
1789004046.2529223,114.72310781478882,-0.15613945424056574,-4.088031471007999,2.1487316775860905,0.15790568903959928,0.005830751884046397,4,5,-6.293926489992586,-0.9178479625128503,-0.4591836528852582,-3.829342548851855,0.11766013611720372,0.28377651161167705,0,0
1789004046.3034377,114.77362322807312,-0.16052304459852235,-4.081336580667031,2.1496370039253865,0.1544843635300674,0.007909630056843442,4,5,-6.293926489992586,-0.9178479625128503,-0.4591836528852582,-3.829342548851855,0.114692115590065,0.28597382014397166,0,0
1789004046.353984,114.8241696357727,-0.16662669625097126,-4.07439605151031,2.1507974627548148,0.1503954994829102,0.008418342517491474,4,5,-6.293926489992586,-0.9178479625128503,-0.4591836528852582,-3.829342548851855,0.10937186245100453,0.29236534229532163,0,0
1789004046.3656826,114.83586812019348,-0.16936439340815554,-4.07253194435185,2.1509398040033165,0.1492699924249334,0.009035476367188116,4,5,-6.293926489992586,-0.9178479625128503,-0.4591836528852582,-3.829342548851855,0.10731753502400412,0.2956494262240943,0,0
1789004046.4048235,114.875009059906,-0.17271868560711878,-4.067457933865461,2.152177247668522,0.15059770945514936,0.010272094880304106,4,5,-6.293926489992586,-0.9178479625128503,-0.4591836528852582,-3.829342548851855,0.10731753502400412,0.2956494262240943,0,0
1789004046.455243,114.92542862892151,-0.17688026354727082,-4.061150633873926,2.15319735670149,0.14589370643989819,0.0108302713086516,4,5,-6.293926489992586,-0.9178479625128503,-0.4591836528852582,-3.829342548851855,0.10159734571720336,0.29908084672653823,0,0
1789004046.465589,114.93577456474304,-0.1794553876083713,-4.059517550201504,2.153349065984997,0.1450721954497524,0.011430229061485435,4,5,-6.293926489992586,-0.9178479625128503,-0.4591836528852582,-3.829342548851855,0.09903794846443394,0.3007493793960103,0,0
1789004046.5058506,114.97603607177734,-0.1826849964716549,-4.054630145605011,2.1541469888342943,0.14184347906588285,0.012359929284434796,4,5,-6.293926489992586,-0.9178479625128503,-0.4591836528852582,-3.829342548851855,0.09903794846443394,0.3007493793960103,0,0
1789004046.5309286,115.00111413002014,-0.1846328897078744,-4.051678185216645,2.15447583840151,0.13915228318580228,0.01271241050389051,4,5,-6.293926489992586,-0.9178479625128503,-0.4591836528852582,-3.829342548851855,0.09418661703841145,0.3074943152942957,0,0
1789004046.5656369,115.03582239151001,-0.18897199662884506,-4.047391150953313,2.155623861628428,0.1340834595644422,0.01333110266424987,4,5,-6.293926489992586,-0.9178479625128503,-0.4591836528852582,-3.829342548851855,0.06,0.15,0,0
1789004046.6070282,115.07721376419067,-0.19199484928878036,-4.042831904257408,2.1563471975188326,0.12885594389817825,0.014194633556140241,4,5,-6.293926489992586,-0.9178479625128503,-0.4591836528852582,-3.829342548851855,0.06,0.15,0,0
1789004046.6309133,115.10109877586365,-0.19372737750075467,-4.040217704108372,2.1567022160249816,0.12984720262859353,0.014503758306649057,4,5,-6.293926489992586,-0.9178479625128503,-0.4591836528852582,-3.829342548851855,0.06,0.15,0,0
1789004046.6591551,115.12934064865112,-0.1974262037566263,-4.036878072416384,2.157653239811774,0.12653217088462224,0.014921957738549206,4,5,-6.293926489992586,-0.9178479625128503,-0.4591836528852582,-3.829342548851855,0.06,0.15,0,0
1789004046.708344,115.1785295009613,-0.20080797560069022,-4.031807221168759,2.158709875087202,0.12044582242188757,0.015571220254588174,4,5,-6.293926489992586,-0.9178479625128503,-0.4591836528852582,-3.829342548851855,0.06,0.15,0,0
1789004046.730835,115.20102047920227,-0.2022832093406128,-4.029594071829299,2.159073237624167,0.116500544042804,0.015820932862642828,4,5,-6.293926489992586,-0.9178479625128503,-0.4591836528852582,-3.829342548851855,0.06,0.15,0,0
1789004046.7627802,115.23296570777893,-0.20441205404312396,-4.026563437226709,2.16072760558871,0.11190919703495972,0.016405626972261923,4,5,-6.293926489992586,-0.9178479625128503,-0.4591836528852582,-3.829342548851855,0.06,0.15,0,0
1789004046.8099833,115.28016877174377,-0.20708861844183135,-4.022579621168692,2.1617858445085716,0.0985648466296296,0.016791034045110037,4,5,-6.293926489992586,-0.9178479625128503,-0.4591836528852582,-3.829342548851855,0.06,0.15,0,0
1789004046.8308332,115.30101871490479,-0.208113060681362,-4.021055478785127,2.1621776091483462,0.08716077910796587,0.01749719021536861,4,5,-6.293926489992586,-0.9178479625128503,-0.4591836528852582,-3.829342548851855,0.06,0.15,0,0
1789004046.8633862,115.33357167243958,-0.20970274888439397,-4.018779422705843,2.16228281809612,0.08077786259281718,0.0177227684833399,4,5,-6.293926489992586,-0.9178479625128503,-0.4591836528852582,-3.829342548851855,0.06,0.15,0,0
1789004046.9118865,115.38207197189331,-0.21181092117870093,-4.015566473789962,2.161114667664361,0.07492179981541368,0.01783519357837837,4,5,-6.293926489992586,-0.9178479625128503,-0.4591836528852582,-3.829342548851855,0.06,0.15,0,0
1789004046.930836,115.4010214805603,-0.21271705940511831,-4.014211050210333,2.16144563558267,0.08233713496909408,0.0177031348813778,4,5,-6.293926489992586,-0.9178479625128503,-0.4591836528852582,-3.829342548851855,0.06,0.15,0,0
1789004046.9631393,115.43332481384277,-0.21422447289845203,-4.0120228148155554,2.160515426400241,0.07923771219335499,0.0174188488870023,4,5,-6.293926489992586,-0.9178479625128503,-0.4591836528852582,-3.829342548851855,0.06,0.15,0,0
1789004047.0132513,115.48343682289124,-0.21667170868962154,-4.00831674641723,2.1599187787125977,0.08396794717105022,0.017218845337850036,4,5,-6.293926489992586,-0.9178479625128503,-0.4591836528852582,-3.829342548851855,0.06,0.15,0,0
1789004047.0308821,115.50106763839722,-0.2175798805380378,-4.006956352058882,2.1601888264900797,0.08799434628752152,0.016637991011327558,4,5,-6.293926489992586,-0.9178479625128503,-0.4591836528852582,-3.829342548851855,0.06,0.15,0,0
1789004047.0638986,115.53408408164978,-0.2192192757258306,-4.004568391934508,2.1591994322128,0.08470915398837141,0.016166334353116943,4,5,-6.293926489992586,-0.9178479625128503,-0.4591836528852582,-3.829342548851855,0.0,0.0,0,0
1789004047.1149955,115.58518099784851,-0.22152269177665448,-4.00104304364595,2.15764270768379,0.07884392896111488,0.01582407920070737,4,5,-6.293926489992586,-0.9178479625128503,-0.4591836528852582,-3.829342548851855,0.0,0.0,0,0
1789004047.130833,115.60101842880249,-0.22226466673419223,-3.9999270128169617,2.1578337627314026,0.0812260958134089,0.01464751951545852,4,5,-6.293926489992586,-0.9178479625128503,-0.4591836528852582,-3.829342548851855,0.0,0.0,0,0
1789004047.1657014,115.63588690757751,-0.22386165767608232,-3.9976169049017702,2.15754288849555,0.07794060894254172,0.014064282098999315,4,5,-6.293926489992586,-0.9178479625128503,-0.4591836528852582,-3.829342548851855,0.0,0.0,0,0
1789004047.2167773,115.68696284294128,-0.2258958029024411,-3.9945358145830294,2.157434063128377,0.06924042778082498,0.01368328387242477,4,5,-6.293926489992586,-0.9178479625128503,-0.4591836528852582,-3.829342548851855,0.0,0.0,0,0
1789004047.2308364,115.70102190971375,-0.2263812064724037,-3.9938063054525905,2.157582037895367,0.0634889062409588,0.012872043653351997,4,5,-6.293926489992586,-0.9178479625128503,-0.4591836528852582,-3.829342548851855,0.0,0.0,0,0
1789004047.2685955,115.7387809753418,-0.22770838651030778,-3.9919002281824847,2.1571357341694597,0.05811290714464249,0.012366741737177465,4,5,-6.293926489992586,-0.9178479625128503,-0.4591836528852582,-3.829342548851855,0.0,0.0,0,0
1789004047.3187358,115.78892135620117,-0.2290831383581192,-3.9897947930388975,2.1562817702284853,0.047452206646639745,0.01202745075971002,4,5,-6.293926489992586,-0.9178479625128503,-0.4591836528852582,-3.829342548851855,0.0,0.0,0,0
1789004047.3308315,115.80101704597473,-0.22934690455862572,-3.9893978269686454,2.15637602439772,0.04198697896155527,0.010930494341192596,5,0,,,,,0.0,0.0,0,0
1789004047.3693085,115.83949398994446,-0.23023936454656213,-3.9881490198609617,2.1559530878615885,0.03652108283311044,0.010909806980776027,5,0,,,,,0.0,0.0,0,0
1789004047.419969,115.89015460014343,-0.23125248826300263,-3.9866036090148045,2.155629508689498,0.03209612837209331,0.010265835781000461,5,0,,,,,0.0,0.0,0,0
1789004047.4308383,115.9010238647461,-0.23140726830363126,-3.9863703907519317,2.155681018979747,0.027748584900943476,0.009194607494555312,5,0,,,,,0.0,0.0,0,0
1789004047.4708412,115.94102668762207,-0.23200156146628484,-3.9855429991760873,2.1534090006376534,0.022058326545737902,0.009121534145507298,5,0,,,,,0.0,0.0,0,0
1789004047.521337,115.99152255058289,-0.23224627903341682,-3.9851569425505384,2.1527390538710502,0.008041367596858322,0.008041269958489387,5,0,,,,,0.0,0.0,0,0
1789004047.5308993,116.00108480453491,-0.2322845860529661,-3.9850993049826755,2.1527269469022325,0.006710162188101087,0.006436007336313839,5,0,,,,,0.0,0.0,0,0
1789004047.5721378,116.04232335090637,-0.2324296298768281,-3.984989421701369,2.1523085643014,0.0005842151674813476,0.00641611843123686,5,0,,,,,0.0,0.0,0,0
1789004047.580947,116.05113244056702,-0.23248034530594264,-3.984912512777074,2.152325172669893,0.0023317852356294685,0.005672412355658361,5,0,,,,,0.0,0.0,0,0
1789004047.6309063,116.10109186172485,-0.23250860183167074,-3.9848642651112023,2.1519147623294503,0.00016099984213830068,0.004461595281761548,5,0,,,,,0.0,0.0,0,0
1789004047.6738605,116.14404606819153,-0.2325069366424896,-3.984984792077036,2.1518902056517426,-0.005878553613653146,0.004455376923366942,5,0,,,,,0.0,0.0,0,0
1789004047.680833,116.15101861953735,-0.23258658648890962,-3.984863762799037,2.1518901911860784,-0.0007734857333469051,0.0037865849084850853,5,0,,,,,0.0,0.0,0,0
1789004047.7308323,116.2010178565979,-0.23253262768500696,-3.9849456512887973,2.1519224088731033,-0.002956105016072255,0.002862461709037084,5,0,,,,,0.0,0.0,0,0
1789004047.775276,116.24546146392822,-0.23245638191618948,-3.98518100418008,2.1517114096866434,-0.0087453104411107,0.0028525487885788007,5,0,,,,,0.0,0.0,0,0
1789004047.7809532,116.25113868713379,-0.23253324736749073,-3.9850640943125537,2.151704785467923,-0.0029871448819666986,0.002413347188324124,5,0,,,,,0.0,0.0,0,0
